restart,round,in_round,phase,loss_before,loss_after,gain,factor,factor_renewed,n_iter,func_evals,early_stop,wall_s
0,1,0,train,4.799033203152151e-07,6.347613729167441e-10,0.9986773140629662,2083753.0345553134,1,200,206,0,235.66
1,1,1,train,6.347613729167441e-10,3.507109564313889e-10,0.44749165372199096,1575395168.4315248,1,200,213,0,246.93
2,1,2,train,3.507109564313889e-10,1.897864397649445e-10,0.45885226485054725,1575395168.4315248,0,200,208,0,242.17
3,1,3,train,1.897864397649445e-10,1.2648758282085003e-10,0.33352676314752394,1575395168.4315248,0,200,208,0,244.96
4,1,4,train,1.2648758282085003e-10,9.93514030476457e-11,0.21453631390551994,1575395168.4315248,0,200,210,0,245.17
5,1,5,train,9.93514030476457e-11,8.212308836699959e-11,0.17340786493356283,1575395168.4315248,0,200,207,0,238.59
6,1,6,train,8.212308836699959e-11,7.022575083755237e-11,0.14487201791875193,1575395168.4315248,0,200,210,0,242.4
7,1,7,train,7.022575083755237e-11,6.138809453166923e-11,0.12584637687002573,1575395168.4315248,0,200,212,0,237.43
8,1,8,train,6.138809453166923e-11,5.7372198419611626e-11,0.06541815872759928,16289803546.257889,1,200,210,0,219.02
9,1,9,train,5.7372198419611626e-11,5.221162438770411e-11,0.08994903758374143,16289803546.257889,0,200,216,0,231.06
10,1,10,train,5.221162438770411e-11,4.6941443192000673e-11,0.100938847574805,16289803546.257889,0,200,209,0,227.21
11,1,11,train,4.6941443192000673e-11,4.2436202492889025e-11,0.09597576028253409,16289803546.257889,0,200,215,0,228.97
12,1,12,train,4.2436202492889025e-11,3.8880370674935287e-11,0.08379241329498284,16289803546.257889,0,200,214,0,228.27
13,1,13,train,3.8880370674935287e-11,3.594326857052967e-11,0.07554202939477266,16289803546.257889,0,200,216,0,244.93
14,1,14,train,3.594326857052967e-11,3.356597415424725e-11,0.06614018454158047,16289803546.257889,0,200,216,0,247.52
15,1,15,train,3.356597415424725e-11,3.148428316431252e-11,0.062017892892625014,16289803546.257889,0,200,218,0,243.06
16,1,16,train,3.148428316431252e-11,2.948009066613045e-11,0.06365692011224905,16289803546.257889,0,200,215,0,240.91
17,1,17,train,2.948009066613045e-11,2.7782073163594984e-11,0.05759878834044132,16289803546.257889,0,200,216,0,244.32
18,1,18,train,2.7782073163594984e-11,2.6339439827793733e-11,0.05192677045036531,16289803546.257889,0,200,216,0,244.81
19,1,19,train,2.6339439827793733e-11,2.5196676999406316e-11,0.0433859959003972,16289803546.257889,0,200,212,0,243.72
20,1,20,train,2.5196676999406316e-11,2.4098362735991418e-11,0.04358964729518802,16289803546.257889,0,200,218,0,249.39
21,1,21,train,2.4098362735991418e-11,2.3056252005692874e-11,0.04324404698009336,16289803546.257889,0,200,219,0,248.87
22,1,22,train,2.3056252005692874e-11,2.212103859459515e-11,0.040562247969306076,16289803546.257889,0,200,219,0,255.3
23,1,23,train,2.212103859459515e-11,2.1181888135430588e-11,0.0424550798168231,16289803546.257889,0,200,215,0,247.79
24,1,24,train,2.1181888135430588e-11,2.0321701602341526e-11,0.04060953053803745,16289803546.257889,0,200,217,0,249.56
25,2,0,train,3.126661060515539e-11,2.498595980972345e-11,0.2008740529872578,31982999776.608826,1,200,217,0,256.84
26,2,1,train,2.498595980972345e-11,2.179247276794034e-11,0.12781126144853333,31982999776.608826,0,200,215,0,251.22
27,2,2,train,2.179247276794034e-11,2.012950795781953e-11,0.07630913792248738,31982999776.608826,0,200,215,0,244.37
28,2,3,train,2.012950795781953e-11,1.8631608806158782e-11,0.0744131031319557,31982999776.608826,0,200,220,0,248.23
29,2,4,train,1.8631608806158782e-11,1.7314308881793666e-11,0.07070242500635131,31982999776.608826,0,200,221,0,253.06
30,2,5,train,1.7314308881793666e-11,1.629372342684345e-11,0.05894462562253253,31982999776.608826,0,200,218,0,249.34
31,2,6,train,1.629372342684345e-11,1.532121591176032e-11,0.05968602078276044,31982999776.608826,0,200,221,0,257.45
32,2,7,train,1.532121591176032e-11,1.4348149170565567e-11,0.06351106510076938,31982999776.608826,0,200,217,0,255.85
33,2,8,train,1.4348149170565567e-11,1.3597106227900891e-11,0.052344238531154844,31982999776.608826,0,200,228,0,259.34
34,2,9,train,1.3597106227900891e-11,1.2890884297769034e-11,0.05193913456987699,31982999776.608826,0,200,219,0,250.59
35,2,10,train,1.2890884297769034e-11,1.2341826321423014e-11,0.04259273170584918,31982999776.608826,0,200,216,0,241.0
36,2,11,train,1.2341826321423014e-11,1.1737316171596637e-11,0.04898060741440386,31982999776.608826,0,200,220,0,247.17
37,2,12,train,1.1737316171596637e-11,1.1079357551664067e-11,0.05605699039826301,31982999776.608826,0,200,222,0,251.79
38,2,13,train,1.1079357551664067e-11,1.0582927842896658e-11,0.04480672335489773,31982999776.608826,0,200,222,0,255.7
39,2,14,train,1.0582927842896658e-11,1.0205663155069519e-11,0.0356484229532343,31982999776.608826,0,200,218,0,245.24
40,2,15,train,1.0205663155069519e-11,9.809846282834498e-12,0.03878404237145573,31982999776.608826,0,200,216,0,242.34
41,2,16,train,9.809846282834498e-12,9.459726543721175e-12,0.03569064478879457,31982999776.608826,0,200,222,0,248.53
42,2,17,train,9.459726543721175e-12,9.113013112571605e-12,0.03665152787949233,31982999776.608826,0,200,217,0,228.69
43,2,18,train,9.113013112571605e-12,8.766039591780911e-12,0.03807451130647842,31982999776.608826,0,200,226,0,241.5
44,2,19,train,8.766039591780911e-12,8.488674622790547e-12,0.03164085287162328,31982999776.608826,0,200,222,0,232.88
45,2,20,train,8.488674622790547e-12,8.221879323434614e-12,0.031429558937226286,31982999776.608826,0,200,219,0,234.15
46,2,21,train,8.221879323434614e-12,7.93191220716934e-12,0.03526774169973382,31982999776.608826,0,200,221,0,244.45
47,2,22,train,7.93191220716934e-12,7.701596589861254e-12,0.029036581758924714,31982999776.608826,0,200,218,0,237.09
48,2,23,train,7.701596589861254e-12,7.468134382294081e-12,0.03031348173630827,31982999776.608826,0,200,214,0,232.66
49,2,24,train,7.468134382294081e-12,7.2672906934175554e-12,0.026893421917085276,31982999776.608826,0,200,221,0,237.95
50,3,0,train,3.521203889390843e-11,2.638274889323475e-11,0.25074634352403613,28399377923.355545,1,200,219,0,240.2
51,3,1,train,2.638274889323475e-11,2.3417497753747535e-11,0.11239356260740459,28399377923.355545,0,200,217,0,241.63
52,3,2,train,2.3417497753747535e-11,2.1907612293244716e-11,0.06447680603540101,28399377923.355545,0,200,213,0,239.88
53,3,3,train,2.1907612293244716e-11,2.0644046237653457e-11,0.057677032014159,28399377923.355545,0,200,215,0,245.0
54,3,4,train,2.0644046237653457e-11,1.9747360142492127e-11,0.04343557870577867,28399377923.355545,0,200,212,0,242.23
55,3,5,train,1.9747360142492127e-11,1.8962256609392854e-11,0.03975739174422085,28399377923.355545,0,200,219,0,244.93
56,3,6,train,1.8962256609392854e-11,1.828860649527974e-11,0.035525841042538364,28399377923.355545,0,200,218,0,246.27
57,3,7,train,1.828860649527974e-11,1.7681077901493332e-11,0.03321896580492406,28399377923.355545,0,200,212,0,241.14
58,3,8,train,1.7681077901493332e-11,1.7124927032732185e-11,0.03145457940175549,28399377923.355545,0,200,220,0,253.91
59,3,9,train,1.7124927032732185e-11,1.657118016837993e-11,0.03233572109789649,28399377923.355545,0,200,215,0,243.83
60,3,10,train,1.657118016837993e-11,1.6090047638804275e-11,0.029034294762766557,28399377923.355545,0,200,220,0,247.9
61,3,11,train,1.6090047638804275e-11,1.5621018895578035e-11,0.029150239561447043,28399377923.355545,0,200,214,0,240.35
62,3,12,train,1.5621018895578035e-11,1.518807940662746e-11,0.027715188864737318,28399377923.355545,0,200,226,0,256.0
63,3,13,train,1.518807940662746e-11,1.47586287891708e-11,0.028275505148416914,28399377923.355545,0,200,224,0,255.83
64,3,14,train,1.47586287891708e-11,1.4220602592414118e-11,0.03645502603544445,28399377923.355545,0,200,223,0,251.37
65,3,15,train,1.4220602592414118e-11,1.3705688095789808e-11,0.03620904903839922,28399377923.355545,0,200,217,0,245.43
66,3,16,train,1.3705688095789808e-11,1.3184878043340824e-11,0.03799955528018832,28399377923.355545,0,200,214,0,242.85
67,3,17,train,1.3184878043340824e-11,1.266426215603389e-11,0.0394858326027428,28399377923.355545,0,200,216,0,244.04
68,3,18,train,1.266426215603389e-11,1.2218690054517801e-11,0.03518342371835659,28399377923.355545,0,200,220,0,250.35
69,3,19,train,1.2218690054517801e-11,1.1811253399284953e-11,0.033345362998401,28399377923.355545,0,200,223,0,251.69
70,3,20,train,1.1811253399284953e-11,1.1391432224866046e-11,0.03554416794108596,28399377923.355545,0,200,223,0,252.3
71,3,21,train,1.1391432224866046e-11,1.0926029070548237e-11,0.04085554345852077,28399377923.355545,0,200,226,0,248.55
72,3,22,train,1.0926029070548237e-11,1.0526721467661475e-11,0.0365464525408522,28399377923.355545,0,200,220,0,242.55
73,3,23,train,1.0526721467661475e-11,1.013790526463037e-11,0.036936115791185706,28399377923.355545,0,200,219,0,240.18
74,3,24,train,1.013790526463037e-11,9.78890832198702e-12,0.03442495599766036,28399377923.355545,0,200,227,0,252.83
75,4,0,train,2.976675804536571e-11,1.7208158126870343e-11,0.4219001578658841,33594521730.447117,1,200,220,0,238.96
76,4,1,train,1.7208158126870343e-11,1.3248292870570237e-11,0.23011557815224987,33594521730.447117,0,200,214,0,234.77
77,4,2,train,1.3248292870570237e-11,1.1789222332101476e-11,0.11013272070018472,33594521730.447117,0,200,211,0,231.18
78,4,3,train,1.1789222332101476e-11,1.0851504324823084e-11,0.07954027677678387,33594521730.447117,0,200,217,0,239.22
79,4,4,train,1.0851504324823084e-11,1.0129370107846221e-11,0.0665469224690776,33594521730.447117,0,200,213,0,233.26
80,4,5,train,1.0129370107846221e-11,9.441004241840059e-12,0.06795742071591933,33594521730.447117,0,200,218,0,237.68
81,4,6,train,9.441004241840059e-12,8.937394264348156e-12,0.05334283987078785,33594521730.447117,0,200,222,0,245.08
82,4,7,train,8.937394264348156e-12,8.526875406027849e-12,0.04593272336187439,33594521730.447117,0,200,217,0,236.16
83,4,8,train,8.526875406027849e-12,8.160382578988398e-12,0.04298090561759218,33594521730.447117,0,200,213,0,225.36
84,4,9,train,8.160382578988398e-12,7.828886627770365e-12,0.040622599248174796,33594521730.447117,0,200,218,0,228.15
85,4,10,train,7.828886627770365e-12,7.545359258178941e-12,0.03621554163087574,33594521730.447117,0,200,214,0,217.2
86,4,11,train,7.545359258178941e-12,7.300849794206443e-12,0.03240527794716436,33594521730.447117,0,200,212,0,217.45
87,4,12,train,7.300849794206443e-12,7.086679134006858e-12,0.029335031706793795,33594521730.447117,0,200,221,0,223.4
88,4,13,train,7.086679134006858e-12,6.908788757906793e-12,0.025102078524540748,33594521730.447117,0,200,216,0,219.88
89,4,14,train,6.908788757906793e-12,6.728732068350494e-12,0.026061976399297502,33594521730.447117,0,200,219,0,223.81
90,4,15,train,6.728732068350494e-12,6.566980216604816e-12,0.024038979424741865,33594521730.447117,0,200,220,0,223.72
91,4,16,train,6.566980216604816e-12,6.4239250686888095e-12,0.02178400774747076,33594521730.447117,0,200,214,0,218.37
92,4,17,train,6.4239250686888095e-12,6.275836441624701e-12,0.02305267036595969,33594521730.447117,0,200,216,0,220.05
93,4,18,train,6.275836441624701e-12,6.142684502025987e-12,0.021216604485671343,33594521730.447117,0,200,216,0,222.58
94,4,19,train,6.142684502025987e-12,6.018345244592661e-12,0.020241843349160554,33594521730.447117,0,200,224,0,228.68
95,4,20,train,6.018345244592661e-12,5.905838801524672e-12,0.018693916433104727,33594521730.447117,0,200,214,0,216.56
96,4,21,train,5.905838801524672e-12,5.7765179298638855e-12,0.021897121815685323,33594521730.447117,0,200,217,0,219.26
97,4,22,train,5.7765179298638855e-12,5.669435046159695e-12,0.018537618164497487,33594521730.447117,0,200,216,0,222.69
98,4,23,train,5.669435046159695e-12,5.556887686929468e-12,0.019851600435296136,33594521730.447117,0,200,212,0,216.66
99,4,24,train,5.556887686929468e-12,5.452142998534479e-12,0.018849524103458602,33594521730.447117,0,200,217,0,220.89
100,5,0,train,2.0587791520374975e-11,1.2027086843081833e-11,0.4158146185238436,48572475537.76407,1,200,212,0,214.32
101,5,1,train,1.2027086843081833e-11,9.60178377660121e-12,0.20165340935204898,48572475537.76407,0,200,216,0,219.01
102,5,2,train,9.60178377660121e-12,8.76243581572598e-12,0.08741583651577896,48572475537.76407,0,200,220,0,223.99
103,5,3,train,8.76243581572598e-12,8.159195350046497e-12,0.06884392403729163,48572475537.76407,0,200,216,0,221.2
104,5,4,train,8.159195350046497e-12,7.71697995957592e-12,0.05419840701179646,48572475537.76407,0,200,209,0,212.51
105,5,5,train,7.71697995957592e-12,7.354111497047415e-12,0.04702208175080518,48572475537.76407,0,200,214,0,222.57
106,5,6,train,7.354111497047415e-12,7.076642292745039e-12,0.037729806573340206,48572475537.76407,0,200,215,0,223.9
107,5,7,train,7.076642292745039e-12,6.815287954306284e-12,0.036931969658363976,48572475537.76407,0,200,220,0,233.17
108,5,8,train,6.815287954306284e-12,6.592638093384132e-12,0.032669178824860805,48572475537.76407,0,200,218,0,228.68
109,5,9,train,6.592638093384132e-12,6.411700779580972e-12,0.027445358176832853,48572475537.76407,0,200,216,0,231.86
110,5,10,train,6.411700779580972e-12,6.229684495218064e-12,0.028388143898194076,48572475537.76407,0,200,216,0,227.23
111,5,11,train,6.229684495218064e-12,6.062611791839684e-12,0.026818806555392375,48572475537.76407,0,200,212,0,219.93
112,5,12,train,6.062611791839684e-12,5.914893382806994e-12,0.024365473842728948,48572475537.76407,0,200,211,0,217.88
113,5,13,train,5.914893382806994e-12,5.762800251270763e-12,0.025713588004531853,48572475537.76407,0,200,215,0,223.88
114,5,14,train,5.762800251270763e-12,5.619246292634451e-12,0.024910451929104564,48572475537.76407,0,200,217,0,227.56
115,5,15,train,5.619246292634451e-12,5.483103889580344e-12,0.024227876117934033,48572475537.76407,0,200,219,0,229.22
116,5,16,train,5.483103889580344e-12,5.356846733645525e-12,0.02302658466397982,48572475537.76407,0,200,213,0,219.19
117,5,17,train,5.356846733645525e-12,5.244816248773434e-12,0.020913513199555336,48572475537.76407,0,200,216,0,221.28
118,5,18,train,5.244816248773434e-12,5.1337982175277774e-12,0.02116719175273677,48572475537.76407,0,200,213,0,220.75
119,5,19,train,5.1337982175277774e-12,5.023782919188116e-12,0.021429610919269818,48572475537.76407,0,200,212,0,220.07
120,5,20,train,5.023782919188116e-12,4.906474881517494e-12,0.023350538738958926,48572475537.76407,0,200,217,0,224.31
121,5,21,train,4.906474881517494e-12,4.792326739435862e-12,0.023264796995420074,48572475537.76407,0,200,223,0,232.94
122,5,22,train,4.792326739435862e-12,4.680744852847661e-12,0.02328344719695297,48572475537.76407,0,200,214,0,223.51
123,5,23,train,4.680744852847661e-12,4.579483670598033e-12,0.021633561630265603,48572475537.76407,0,200,218,0,226.97
124,5,24,train,4.579483670598033e-12,4.487045103475785e-12,0.020185368869363503,48572475537.76407,0,200,211,0,221.18
125,6,0,train,3.839692423273356e-11,1.5725892109602236e-11,0.590438754565767,26043752721.93014,1,200,212,0,221.42
126,6,1,train,1.5725892109602236e-11,1.2751963556179295e-11,0.1891103240881997,26043752721.93014,0,200,211,0,224.28
127,6,2,train,1.2751963556179295e-11,1.13503466918972e-11,0.1099138072428779,26043752721.93014,0,200,213,0,221.51
128,6,3,train,1.13503466918972e-11,1.044364082565998e-11,0.07988353931818674,26043752721.93014,0,200,221,0,225.44
129,6,4,train,1.044364082565998e-11,9.844353528889769e-12,0.057382986141936675,26043752721.93014,0,200,218,0,224.08
130,6,5,train,9.844353528889769e-12,9.311963893465335e-12,0.05408071072031839,26043752721.93014,0,200,211,0,222.42
131,6,6,train,9.311963893465335e-12,8.882990991634969e-12,0.0460668562226061,26043752721.93014,0,200,217,0,229.03
132,6,7,train,8.882990991634969e-12,8.48310270986336e-12,0.045017301283788246,26043752721.93014,0,200,218,0,227.41
133,6,8,train,8.48310270986336e-12,8.169508417133717e-12,0.036966933379814604,26043752721.93014,0,200,213,0,222.06
134,6,9,train,8.169508417133717e-12,7.850982871950754e-12,0.038989560805755046,26043752721.93014,0,200,214,0,221.24
135,6,10,train,7.850982871950754e-12,7.582840326169858e-12,0.034154009778685164,26043752721.93014,0,200,218,0,226.04
136,6,11,train,7.582840326169858e-12,7.30784801782078e-12,0.03626507964304969,26043752721.93014,0,200,218,0,224.29
137,6,12,train,7.30784801782078e-12,7.059788039590953e-12,0.033944326376918646,26043752721.93014,0,200,219,0,225.7
138,6,13,train,7.059788039590953e-12,6.845421161857471e-12,0.030364492040174974,26043752721.93014,0,200,217,0,226.55
139,6,14,train,6.845421161857471e-12,6.657422987603963e-12,0.027463346638338212,26043752721.93014,0,200,218,0,227.03
140,6,15,train,6.657422987603963e-12,6.476338748854619e-12,0.02720035050897629,26043752721.93014,0,200,214,0,222.62
141,6,16,train,6.476338748854619e-12,6.324580017502411e-12,0.02343279702270787,26043752721.93014,0,200,216,0,225.43
142,6,17,train,6.324580017502411e-12,6.175441726209222e-12,0.023580742259639256,26043752721.93014,0,200,216,0,228.3
143,6,18,train,6.175441726209222e-12,6.037073935880787e-12,0.022406136510233352,26043752721.93014,0,200,220,0,232.04
144,6,19,train,6.037073935880787e-12,5.895893426868398e-12,0.023385585552182148,26043752721.93014,0,200,220,0,230.86
145,6,20,train,5.895893426868398e-12,5.760359854330946e-12,0.02298779213338671,26043752721.93014,0,200,222,0,232.55
146,6,21,train,5.760359854330946e-12,5.622830783970034e-12,0.023875083126536082,26043752721.93014,0,200,223,0,237.68
147,6,22,train,5.622830783970034e-12,5.496832987535022e-12,0.022408249736807908,26043752721.93014,0,200,221,0,232.4
148,6,23,train,5.496832987535022e-12,5.3836224638133215e-12,0.020595590948173936,26043752721.93014,0,200,218,0,229.21
149,6,24,train,5.3836224638133215e-12,5.272434428689742e-12,0.020653014930178206,26043752721.93014,0,200,217,0,228.22
150,7,0,train,2.267082193301763e-11,1.3627219998108316e-11,0.3989093100210131,44109560868.792625,1,200,221,0,233.76
151,7,1,train,1.3627219998108316e-11,1.083243269393912e-11,0.205088587735221,44109560868.792625,0,200,220,0,230.57
152,7,2,train,1.083243269393912e-11,9.661447985038684e-12,0.10809988319203838,44109560868.792625,0,200,213,0,220.87
153,7,3,train,9.661447985038684e-12,8.854914676165652e-12,0.08347954779883876,44109560868.792625,0,200,222,0,228.86
154,7,4,train,8.854914676165652e-12,8.257811618368393e-12,0.06743182510888027,44109560868.792625,0,200,218,0,228.31
155,7,5,train,8.257811618368393e-12,7.733739748721491e-12,0.06346377150105653,44109560868.792625,0,200,219,0,229.2
156,7,6,train,7.733739748721491e-12,7.336696488127483e-12,0.05133910287835141,44109560868.792625,0,200,218,0,227.52
157,7,7,train,7.336696488127483e-12,7.0306296204998245e-12,0.04171725900382379,44109560868.792625,0,200,216,0,228.18
158,7,8,train,7.0306296204998245e-12,6.767516682946839e-12,0.037423808642373116,44109560868.792625,0,200,218,0,235.27
159,7,9,train,6.767516682946839e-12,6.509601772707111e-12,0.03811071657786024,44109560868.792625,0,200,217,0,230.9
160,7,10,train,6.509601772707111e-12,6.292871962714252e-12,0.033293866131956784,44109560868.792625,0,200,217,0,231.6
161,7,11,train,6.292871962714252e-12,6.084473539039999e-12,0.033116584114380454,44109560868.792625,0,200,215,0,230.95
162,7,12,train,6.084473539039999e-12,5.9070740932146275e-12,0.02915608798150206,44109560868.792625,0,200,226,0,242.63
163,7,13,train,5.9070740932146275e-12,5.7454998508898836e-12,0.027352668982151745,44109560868.792625,0,200,217,0,229.87
164,7,14,train,5.7454998508898836e-12,5.609368250455252e-12,0.02369360438039998,44109560868.792625,0,200,223,0,237.01
165,7,15,train,5.609368250455252e-12,5.5007801885356225e-12,0.0193583407384274,44109560868.792625,0,200,225,0,239.85
166,7,16,train,5.5007801885356225e-12,5.3716506056727735e-12,0.023474776020313018,44109560868.792625,0,200,217,0,230.6
167,7,17,train,5.3716506056727735e-12,5.257062005660842e-12,0.0213321022575294,44109560868.792625,0,200,221,0,237.38
168,7,18,train,5.257062005660842e-12,5.152709287478748e-12,0.019850007108481223,44109560868.792625,0,200,219,0,235.81
169,7,19,train,5.152709287478748e-12,5.054959367605868e-12,0.01897058700952053,44109560868.792625,0,200,223,0,234.43
170,7,20,train,5.054959367605868e-12,4.9554499232383075e-12,0.019685508256555986,44109560868.792625,0,200,219,0,229.34
171,7,21,train,4.9554499232383075e-12,4.8539968671252445e-12,0.02047302620036668,44109560868.792625,0,200,221,0,237.6
172,7,22,train,4.8539968671252445e-12,4.74932263800731e-12,0.02156454402079734,44109560868.792625,0,200,221,0,235.21
173,7,23,train,4.74932263800731e-12,4.653838459562683e-12,0.020104799299272242,44109560868.792625,0,200,225,0,237.93
174,7,24,train,4.653838459562683e-12,4.563210308389315e-12,0.019473849803949533,44109560868.792625,0,200,220,0,232.37
175,8,0,train,3.6478132045666174e-11,1.834843103792992e-11,0.4970019019899396,27413684416.409313,1,200,228,0,238.53
176,8,1,train,1.834843103792992e-11,1.3070387524391951e-11,0.28765639430571394,27413684416.409313,0,200,222,0,234.32
177,8,2,train,1.3070387524391951e-11,1.0655539777131623e-11,0.18475716521440086,27413684416.409313,0,200,212,0,225.2
178,8,3,train,1.0655539777131623e-11,9.196548258994688e-12,0.13692328578868884,27413684416.409313,0,200,215,0,230.97
179,8,4,train,9.196548258994688e-12,8.233475768746732e-12,0.10472108264163381,27413684416.409313,0,200,211,0,225.82
180,8,5,train,8.233475768746732e-12,7.618036196846496e-12,0.07474845243807841,27413684416.409313,0,200,223,0,236.8
181,8,6,train,7.618036196846496e-12,7.1061737257866786e-12,0.06719086885826349,27413684416.409313,0,200,218,0,231.46
182,8,7,train,7.1061737257866786e-12,6.6954533261519185e-12,0.05779768627726476,27413684416.409313,0,200,216,0,227.13
183,8,8,train,6.6954533261519185e-12,6.3790481425447525e-12,0.047256723061799566,27413684416.409313,0,200,218,0,231.29
184,8,9,train,6.3790481425447525e-12,6.107370321099244e-12,0.04258908466822286,27413684416.409313,0,200,219,0,227.26
185,8,10,train,6.107370321099244e-12,5.843879030048827e-12,0.04314316591219775,27413684416.409313,0,200,221,0,230.25
186,8,11,train,5.843879030048827e-12,5.6313598185981e-12,0.03636612092036261,27413684416.409313,0,200,221,0,231.87
187,8,12,train,5.6313598185981e-12,5.451143987660324e-12,0.03200218717024549,27413684416.409313,0,200,220,0,233.02
188,8,13,train,5.451143987660324e-12,5.2428571661444945e-12,0.038209744961300855,27413684416.409313,0,200,218,0,232.51
189,8,14,train,5.2428571661444945e-12,5.098081581197997e-12,0.027613871665506943,27413684416.409313,0,200,215,0,225.94
190,8,15,train,5.098081581197997e-12,4.9554546969847705e-12,0.027976579413566512,27413684416.409313,0,200,221,0,233.2
191,8,16,train,4.9554546969847705e-12,4.8262917378687705e-12,0.026064804748309245,27413684416.409313,0,200,221,0,233.4
192,8,17,train,4.8262917378687705e-12,4.6921158743532955e-12,0.027801026295755055,27413684416.409313,0,200,215,0,226.92
193,8,18,train,4.6921158743532955e-12,4.5637138864968145e-12,0.02736547674756186,27413684416.409313,0,200,217,0,225.17
194,8,19,train,4.5637138864968145e-12,4.448145893467748e-12,0.02532323364332955,27413684416.409313,0,200,216,0,224.38
195,8,20,train,4.448145893467748e-12,4.34719724193193e-12,0.022694545986916646,27413684416.409313,0,200,215,0,224.34
196,8,21,train,4.34719724193193e-12,4.24202665409567e-12,0.024192734302877213,27413684416.409313,0,200,217,0,227.79
197,8,22,train,4.24202665409567e-12,4.1438611091489454e-12,0.023141190037536872,27413684416.409313,0,200,214,0,226.9
198,8,23,train,4.1438611091489454e-12,4.044292938654849e-12,0.02402787349080465,27413684416.409313,0,200,214,0,227.05
199,8,24,train,4.044292938654849e-12,3.951735856460532e-12,0.022885850159286916,27413684416.409313,0,200,220,0,231.35
200,9,0,train,2.6182584023786014e-11,1.2195263602547206e-11,0.534222306267853,38193327254.92384,1,200,215,0,222.08
201,9,1,train,1.2195263602547206e-11,1.0205836190494391e-11,0.1631311529532897,38193327254.92384,0,200,209,0,217.71
202,9,2,train,1.0205836190494391e-11,9.178315085945485e-12,0.10067975669704834,38193327254.92384,0,200,212,0,223.62
203,9,3,train,9.178315085945485e-12,8.51368601437194e-12,0.07241297180909316,38193327254.92384,0,200,212,0,221.58
204,9,4,train,8.51368601437194e-12,7.988525436176085e-12,0.061684278385335384,38193327254.92384,0,200,211,0,217.27
205,9,5,train,7.988525436176085e-12,7.51640341584647e-12,0.059100020911444694,38193327254.92384,0,200,215,0,217.21
206,9,6,train,7.51640341584647e-12,7.149830704611029e-12,0.04876969621702504,38193327254.92384,0,200,212,0,217.37
207,9,7,train,7.149830704611029e-12,6.85768477456612e-12,0.04086053811826613,38193327254.92384,0,200,219,0,226.87
208,9,8,train,6.85768477456612e-12,6.6252304114017286e-12,0.033896915767624915,38193327254.92384,0,200,217,0,227.67
209,9,9,train,6.6252304114017286e-12,6.3958210353187905e-12,0.03462662606996048,38193327254.92384,0,200,215,0,228.57
210,9,10,train,6.3958210353187905e-12,6.1802807349107114e-12,0.03370017691518095,38193327254.92384,0,200,218,0,229.36
211,9,11,train,6.1802807349107114e-12,6.0170454428259606e-12,0.026412277869948438,38193327254.92384,0,200,216,0,223.97
212,9,12,train,6.0170454428259606e-12,5.839697343919413e-12,0.029474282784085874,38193327254.92384,0,200,217,0,224.98
213,9,13,train,5.839697343919413e-12,5.67725328937777e-12,0.02781720438145445,38193327254.92384,0,200,217,0,225.94
214,9,14,train,5.67725328937777e-12,5.523222337817686e-12,0.027131245288681837,38193327254.92384,0,200,219,0,228.39
215,9,15,train,5.523222337817686e-12,5.380246222407322e-12,0.025886358843713705,38193327254.92384,0,200,215,0,226.36
216,9,16,train,5.380246222407322e-12,5.240960722321418e-12,0.02588831334629563,38193327254.92384,0,200,218,0,230.57
217,9,17,train,5.240960722321418e-12,5.11963274315824e-12,0.023149950093393754,38193327254.92384,0,200,219,0,235.56
218,9,18,train,5.11963274315824e-12,5.000870271079514e-12,0.023197459278194808,38193327254.92384,0,200,217,0,235.12
219,9,19,train,5.000870271079514e-12,4.884112044464618e-12,0.02334758157797447,38193327254.92384,0,200,219,0,241.7
220,9,20,train,4.884112044464618e-12,4.785272243198756e-12,0.02023700528694489,38193327254.92384,0,200,219,0,243.67
221,9,21,train,4.785272243198756e-12,4.683037998438905e-12,0.02136435286522205,38193327254.92384,0,200,220,0,238.22
222,9,22,train,4.683037998438905e-12,4.585113064352835e-12,0.020910557232017665,38193327254.92384,0,200,220,0,238.38
223,9,23,train,4.585113064352835e-12,4.47687398587161e-12,0.023606632369163258,38193327254.92384,0,200,214,0,234.66
224,9,24,train,4.47687398587161e-12,4.377559287389512e-12,0.022183938792005597,38193327254.92384,0,200,211,0,231.27
225,10,0,train,2.7988407602479878e-11,1.492219888699532e-11,0.46684359114188556,35729078059.85348,1,200,211,0,230.62
226,10,1,train,1.492219888699532e-11,1.214801050823614e-11,0.18591015974039066,35729078059.85348,0,200,213,0,235.05
227,10,2,train,1.214801050823614e-11,1.0736452455440926e-11,0.11619664403798483,35729078059.85348,0,200,212,0,225.55
228,10,3,train,1.0736452455440926e-11,9.805055694936986e-12,0.08675088576692158,35729078059.85348,0,200,213,0,223.8
229,10,4,train,9.805055694936986e-12,9.180059348824867e-12,0.06374225354322538,35729078059.85348,0,200,212,0,219.34
230,10,5,train,9.180059348824867e-12,8.656158952907622e-12,0.05706939094945053,35729078059.85348,0,200,218,0,224.46
231,10,6,train,8.656158952907622e-12,8.218177617264442e-12,0.05059765399710705,35729078059.85348,0,200,214,0,220.28
232,10,7,train,8.218177617264442e-12,7.850032708153873e-12,0.04479641670644638,35729078059.85348,0,200,217,0,224.66
233,10,8,train,7.850032708153873e-12,7.52592090756309e-12,0.04128795543159035,35729078059.85348,0,200,215,0,219.83
234,10,9,train,7.52592090756309e-12,7.250766440631402e-12,0.036560903351399034,35729078059.85348,0,200,210,0,216.27
235,10,10,train,7.250766440631402e-12,6.995782622193208e-12,0.03516646419740279,35729078059.85348,0,200,223,0,228.36
236,10,11,train,6.995782622193208e-12,6.7609088124206555e-12,0.03357362892143708,35729078059.85348,0,200,224,0,227.33
237,10,12,train,6.7609088124206555e-12,6.545948817618039e-12,0.031794541350373975,35729078059.85348,0,200,219,0,221.35
238,10,13,train,6.545948817618039e-12,6.339751769979728e-12,0.03149994804165648,35729078059.85348,0,200,219,0,225.85
239,10,14,train,6.339751769979728e-12,6.16113321772505e-12,0.028174376337647883,35729078059.85348,0,200,222,0,229.19
240,10,15,train,6.16113321772505e-12,5.998230191401215e-12,0.026440432395647168,35729078059.85348,0,200,223,0,229.2
241,10,16,train,5.998230191401215e-12,5.820127636172805e-12,0.029692517550214927,35729078059.85348,0,200,210,0,215.31
242,10,17,train,5.820127636172805e-12,5.663565110588599e-12,0.026900187654159212,35729078059.85348,0,200,225,0,229.28
243,10,18,train,5.663565110588599e-12,5.514597337650952e-12,0.02630282693477588,35729078059.85348,0,200,221,0,227.22
244,10,19,train,5.514597337650952e-12,5.376562735467714e-12,0.025030767204126652,35729078059.85348,0,200,221,0,229.91
245,10,20,train,5.376562735467714e-12,5.235265563640904e-12,0.0262802051754575,35729078059.85348,0,200,216,0,223.14
246,10,21,train,5.235265563640904e-12,5.112560537416934e-12,0.023438166551886217,35729078059.85348,0,200,217,0,223.1
247,10,22,train,5.112560537416934e-12,4.99536518423558e-12,0.02292302503288604,35729078059.85348,0,200,218,0,221.81
248,10,23,train,4.99536518423558e-12,4.881764207950641e-12,0.022741275581501443,35729078059.85348,0,200,222,0,225.77
249,10,24,train,4.881764207950641e-12,4.759266314198798e-12,0.025092955852381815,35729078059.85348,0,200,218,0,221.31
250,11,0,train,3.470335712540842e-11,1.6985188693464972e-11,0.5105606459892293,28815655972.022366,1,200,219,0,226.44
251,11,1,train,1.6985188693464972e-11,1.41127778163213e-11,0.16911268570415278,28815655972.022366,0,200,210,0,218.53
252,11,2,train,1.41127778163213e-11,1.2662452291518473e-11,0.10276683610263736,28815655972.022366,0,200,214,0,222.21
253,11,3,train,1.2662452291518473e-11,1.1533883480498119e-11,0.08912719156117087,28815655972.022366,0,200,225,0,233.13
254,11,4,train,1.1533883480498119e-11,1.0655629065127572e-11,0.07614559457406776,28815655972.022366,0,200,223,0,230.95
255,11,5,train,1.0655629065127572e-11,1.0020410854731695e-11,0.059613393682663,28815655972.022366,0,200,217,0,226.83
256,11,6,train,1.0020410854731695e-11,9.490005588605454e-12,0.052932486882589364,28815655972.022366,0,200,213,0,221.61
257,11,7,train,9.490005588605454e-12,8.980758115619746e-12,0.05366145132697876,28815655972.022366,0,200,220,0,227.69
258,11,8,train,8.980758115619746e-12,8.511519561616772e-12,0.0522493254981283,28815655972.022366,0,200,218,0,228.76
259,11,9,train,8.511519561616772e-12,8.076123827075075e-12,0.05115370192005922,28815655972.022366,0,200,224,0,233.08
260,11,10,train,8.076123827075075e-12,7.682895931141711e-12,0.048690176668053774,28815655972.022366,0,200,217,0,227.5
261,11,11,train,7.682895931141711e-12,7.400392054246855e-12,0.036770493760010424,28815655972.022366,0,200,219,0,231.5
262,11,12,train,7.400392054246855e-12,7.150435059293126e-12,0.03377618281862331,28815655972.022366,0,200,216,0,229.43
263,11,13,train,7.150435059293126e-12,6.919325689462848e-12,0.032321022135557306,28815655972.022366,0,200,211,0,220.87
264,11,14,train,6.919325689462848e-12,6.695911445407262e-12,0.032288441689601995,28815655972.022366,0,200,219,0,229.38
265,11,15,train,6.695911445407262e-12,6.494425505236662e-12,0.03009089080901739,28815655972.022366,0,200,221,0,227.24
266,11,16,train,6.494425505236662e-12,6.300582983638798e-12,0.02984752407146139,28815655972.022366,0,200,218,0,224.06
267,11,17,train,6.300582983638798e-12,6.079756635619683e-12,0.03504855798146796,28815655972.022366,0,200,225,0,235.56
268,11,18,train,6.079756635619683e-12,5.89920164257675e-12,0.029697733620636903,28815655972.022366,0,200,219,0,229.47
269,11,19,train,5.89920164257675e-12,5.71610966298352e-12,0.03103673864473226,28815655972.022366,0,200,219,0,232.49
270,11,20,train,5.71610966298352e-12,5.530903936063039e-12,0.03240066021123417,28815655972.022366,0,200,222,0,238.63
271,11,21,train,5.530903936063039e-12,5.362291107822329e-12,0.03048558249969007,28815655972.022366,0,200,220,0,234.26
272,11,22,train,5.362291107822329e-12,5.217382618096151e-12,0.02702361487141018,28815655972.022366,0,200,227,0,243.41
273,11,23,train,5.217382618096151e-12,5.077043043006998e-12,0.026898463341061826,28815655972.022366,0,200,219,0,235.02
274,11,24,train,5.077043043006998e-12,4.921324741499622e-12,0.03067106191306749,28815655972.022366,0,200,215,0,232.78
275,12,0,train,2.1675506049421528e-11,1.0608152708209315e-11,0.5105926161990381,46135024378.20536,1,200,217,0,235.3
276,12,1,train,1.0608152708209315e-11,8.074354030500298e-12,0.23885390297484965,46135024378.20536,0,200,217,0,237.12
277,12,2,train,8.074354030500298e-12,7.052201774676481e-12,0.12659244962045388,46135024378.20536,0,200,212,0,231.51
278,12,3,train,7.052201774676481e-12,6.431420230389374e-12,0.0880266282958963,46135024378.20536,0,200,218,0,234.6
279,12,4,train,6.431420230389374e-12,6.007274951788345e-12,0.06594892938217316,46135024378.20536,0,200,219,0,234.11
280,12,5,train,6.007274951788345e-12,5.697380284339103e-12,0.05158656294847763,46135024378.20536,0,200,217,0,231.86
281,12,6,train,5.697380284339103e-12,5.390948444382899e-12,0.05378469132533071,46135024378.20536,0,200,215,0,224.92
282,12,7,train,5.390948444382899e-12,5.096414149644695e-12,0.05463496781259225,46135024378.20536,0,200,222,0,230.6
283,12,8,train,5.096414149644695e-12,4.880700285854257e-12,0.04232659620205254,46135024378.20536,0,200,225,0,234.96
284,12,9,train,4.880700285854257e-12,4.665872468861601e-12,0.04401577732918611,46135024378.20536,0,200,224,0,233.37
285,12,10,train,4.665872468861601e-12,4.483305100938823e-12,0.039128237889305646,46135024378.20536,0,200,221,0,232.07
286,12,11,train,4.483305100938823e-12,4.331968413991312e-12,0.03375560742359926,46135024378.20536,0,200,223,0,236.59
287,12,12,train,4.331968413991312e-12,4.198658630563731e-12,0.0307734892519113,46135024378.20536,0,200,226,0,241.35
288,12,13,train,4.198658630563731e-12,4.0745186588628294e-12,0.029566578906233657,46135024378.20536,0,200,225,0,241.41
289,12,14,train,4.0745186588628294e-12,3.9666879528906186e-12,0.026464648956180184,46135024378.20536,0,200,219,0,229.67
290,12,15,train,3.9666879528906186e-12,3.86163839940152e-12,0.0264829385968075,46135024378.20536,0,200,221,0,230.49
291,12,16,train,3.86163839940152e-12,3.770728481056315e-12,0.023541799863833562,46135024378.20536,0,200,216,0,226.48
292,12,17,train,3.770728481056315e-12,3.6856894607930925e-12,0.02255241147445337,46135024378.20536,0,200,216,0,226.88
293,12,18,train,3.6856894607930925e-12,3.610750381977741e-12,0.020332445153755856,46135024378.20536,0,200,217,0,227.25
294,12,19,train,3.610750381977741e-12,3.5298934551935096e-12,0.022393385925488167,46135024378.20536,0,200,216,0,224.76
295,12,20,train,3.5298934551935096e-12,3.46227950164402e-12,0.019154672629002327,46135024378.20536,0,200,224,0,228.45
296,12,21,train,3.46227950164402e-12,3.386728589616154e-12,0.02182114759712259,46135024378.20536,0,200,219,0,223.8
297,12,22,train,3.386728589616154e-12,3.3189356564823135e-12,0.020017232364499545,46135024378.20536,0,200,218,0,226.76
298,12,23,train,3.3189356564823135e-12,3.254406114385067e-12,0.019442842156705255,46135024378.20536,0,200,219,0,226.73
299,12,24,train,3.254406114385067e-12,3.194624457489093e-12,0.018369451996703194,46135024378.20536,0,200,220,0,228.72
300,13,0,train,1.882644332369218e-11,1.1966004180700979e-11,0.3644044190947988,53116777439.39811,1,200,222,0,226.15
301,13,1,train,1.1966004180700979e-11,1.0538098976597328e-11,0.11933016089085158,53116777439.39811,0,200,210,0,219.28
302,13,2,train,1.0538098976597328e-11,9.817705198739131e-12,0.068360885531444,53116777439.39811,0,200,214,0,222.33
303,13,3,train,9.817705198739131e-12,9.292859794779855e-12,0.05345907147697625,53116777439.39811,0,200,213,0,222.66
304,13,4,train,9.292859794779855e-12,8.850632961428076e-12,0.04758780860980963,53116777439.39811,0,200,218,0,226.46
305,13,5,train,8.850632961428076e-12,8.495097081433881e-12,0.04017067271274892,53116777439.39811,0,200,223,0,231.45
306,13,6,train,8.495097081433881e-12,8.223207446022646e-12,0.032005477136388766,53116777439.39811,0,200,222,0,230.26
307,13,7,train,8.223207446022646e-12,7.97605655337271e-12,0.030055290988612485,53116777439.39811,0,200,214,0,221.65
308,13,8,train,7.97605655337271e-12,7.703094063682827e-12,0.034222737497323845,53116777439.39811,0,200,214,0,221.57
309,13,9,train,7.703094063682827e-12,7.439634550771433e-12,0.03420177797821601,53116777439.39811,0,200,220,0,229.8
310,13,10,train,7.439634550771433e-12,7.2186641724155015e-12,0.02970177860860362,53116777439.39811,0,200,222,0,236.07
311,13,11,train,7.2186641724155015e-12,7.018130537652601e-12,0.027779881425873013,53116777439.39811,0,200,224,0,241.86
312,13,12,train,7.018130537652601e-12,6.827574525349124e-12,0.0271519618053747,53116777439.39811,0,200,215,0,230.84
313,13,13,train,6.827574525349124e-12,6.662687715156944e-12,0.02415012968075194,53116777439.39811,0,200,215,0,223.16
314,13,14,train,6.662687715156944e-12,6.4915078165314546e-12,0.025692319067584776,53116777439.39811,0,200,218,0,223.86
315,13,15,train,6.4915078165314546e-12,6.330201345769416e-12,0.024848844878727707,53116777439.39811,0,200,220,0,222.14
316,13,16,train,6.330201345769416e-12,6.181280074225867e-12,0.023525518922565682,53116777439.39811,0,200,215,0,216.98
317,13,17,train,6.181280074225867e-12,6.025429905262417e-12,0.025213251477359738,53116777439.39811,0,200,217,0,220.19
318,13,18,train,6.025429905262417e-12,5.8858096119138845e-12,0.023171839278487483,53116777439.39811,0,200,223,0,227.62
319,13,19,train,5.8858096119138845e-12,5.7586599598073005e-12,0.021602746349323184,53116777439.39811,0,200,223,0,224.68
320,13,20,train,5.7586599598073005e-12,5.638403854937519e-12,0.020882654247535302,53116777439.39811,0,200,218,0,220.65
321,13,21,train,5.638403854937519e-12,5.536127795776261e-12,0.01813918651316467,53116777439.39811,0,200,218,0,222.54
322,13,22,train,5.536127795776261e-12,5.4404559598521736e-12,0.017281363337941585,53116777439.39811,0,200,216,0,219.32
323,13,23,train,5.4404559598521736e-12,5.3295194591200546e-12,0.020391030007553507,53116777439.39811,0,200,225,0,228.66
324,13,24,train,5.3295194591200546e-12,5.230698686489317e-12,0.018542154389103917,53116777439.39811,0,200,220,0,224.72
325,14,0,train,1.7405385385292043e-11,1.0430158812807713e-11,0.40075105595642596,57453482233.43697,1,200,212,0,213.96
326,14,1,train,1.0430158812807713e-11,8.840704392113382e-12,0.1523902415313716,57453482233.43697,0,200,213,0,216.36
327,14,2,train,8.840704392113382e-12,8.07326885152062e-12,0.08680705818841487,57453482233.43697,0,200,213,0,217.15
328,14,3,train,8.07326885152062e-12,7.482182927406627e-12,0.07321519139086526,57453482233.43697,0,200,221,0,223.98
329,14,4,train,7.482182927406627e-12,6.98519022828543e-12,0.06642348950073826,57453482233.43697,0,200,220,0,222.85
330,14,5,train,6.98519022828543e-12,6.595498064360701e-12,0.05578833949957897,57453482233.43697,0,200,220,0,222.46
331,14,6,train,6.595498064360701e-12,6.289990128302957e-12,0.046320677085568474,57453482233.43697,0,200,220,0,221.82
332,14,7,train,6.289990128302957e-12,6.038454122089818e-12,0.039989888868236366,57453482233.43697,0,200,218,0,219.58
333,14,8,train,6.038454122089818e-12,5.8214104039778976e-12,0.03594358982010532,57453482233.43697,0,200,220,0,223.24
334,14,9,train,5.8214104039778976e-12,5.6144064700801895e-12,0.03555906894251224,57453482233.43697,0,200,220,0,227.16
335,14,10,train,5.6144064700801895e-12,5.410611386555922e-12,0.03629859801037111,57453482233.43697,0,200,219,0,228.34
336,14,11,train,5.410611386555922e-12,5.2286948574831585e-12,0.03362217614164321,57453482233.43697,0,200,215,0,222.95
337,14,12,train,5.2286948574831585e-12,5.0595757634954e-12,0.032344418367753924,57453482233.43697,0,200,220,0,224.53
338,14,13,train,5.0595757634954e-12,4.908877948463012e-12,0.029784674066878358,57453482233.43697,0,200,216,0,221.16
339,14,14,train,4.908877948463012e-12,4.7850215246871704e-12,0.025231106797964177,57453482233.43697,0,200,219,0,232.29
340,14,15,train,4.7850215246871704e-12,4.661005152442538e-12,0.025917620559238873,57453482233.43697,0,200,217,0,225.6
341,14,16,train,4.661005152442538e-12,4.545726041150943e-12,0.024732671928325126,57453482233.43697,0,200,220,0,228.95
342,14,17,train,4.545726041150943e-12,4.434679595798835e-12,0.024428758870825476,57453482233.43697,0,200,222,0,235.41
343,14,18,train,4.434679595798835e-12,4.3288965460200995e-12,0.02385359471718053,57453482233.43697,0,200,217,0,234.4
344,14,19,train,4.3288965460200995e-12,4.235443852190545e-12,0.021588109772563813,57453482233.43697,0,200,222,0,238.31
345,14,20,train,4.235443852190545e-12,4.140581710982806e-12,0.022397213732080788,57453482233.43697,0,200,223,0,236.31
346,14,21,train,4.140581710982806e-12,4.054591504824787e-12,0.020767663135334773,57453482233.43697,0,200,222,0,238.32
347,14,22,train,4.054591504824787e-12,3.968953577993075e-12,0.021121221886300147,57453482233.43697,0,200,228,0,243.62
348,14,23,train,3.968953577993075e-12,3.893579004104485e-12,0.018991044467369073,57453482233.43697,0,200,219,0,233.38
349,14,24,train,3.893579004104485e-12,3.816706030968829e-12,0.019743524673473692,57453482233.43697,0,200,225,0,240.26
350,15,0,train,1.3477349612308039e-11,8.834956062625114e-12,0.3444589391257841,74198564908.24881,1,200,219,0,225.15
351,15,1,train,8.834956062625114e-12,7.323692939740663e-12,0.17105496758242084,74198564908.24881,0,200,214,0,218.06
352,15,2,train,7.323692939740663e-12,6.634026594265017e-12,0.09416920550195362,74198564908.24881,0,200,211,0,216.62
353,15,3,train,6.634026594265017e-12,6.081440338741235e-12,0.08329575525088817,74198564908.24881,0,200,217,0,223.54
354,15,4,train,6.081440338741235e-12,5.657258250438839e-12,0.06975026715302701,74198564908.24881,0,200,216,0,223.68
355,15,5,train,5.657258250438839e-12,5.296296313597007e-12,0.06380510149308306,74198564908.24881,0,200,217,0,222.6
356,15,6,train,5.296296313597007e-12,4.997351174395869e-12,0.05644418693751454,74198564908.24881,0,200,217,0,220.53
357,15,7,train,4.997351174395869e-12,4.755554042766524e-12,0.04838505904251875,74198564908.24881,0,200,218,0,222.05
358,15,8,train,4.755554042766524e-12,4.566548443663476e-12,0.03974418067870273,74198564908.24881,0,200,217,0,220.53
359,15,9,train,4.566548443663476e-12,4.3926964023906824e-12,0.03807077564545061,74198564908.24881,0,200,217,0,220.21
360,15,10,train,4.3926964023906824e-12,4.24418742126266e-12,0.03380815961858824,74198564908.24881,0,200,219,0,221.83
361,15,11,train,4.24418742126266e-12,4.119686516588662e-12,0.029334450229570253,74198564908.24881,0,200,216,0,218.43
362,15,12,train,4.119686516588662e-12,4.00845694196461e-12,0.026999523914299293,74198564908.24881,0,200,210,0,217.64
363,15,13,train,4.00845694196461e-12,3.896784638119344e-12,0.02785917510455631,74198564908.24881,0,200,213,0,217.43
364,15,14,train,3.896784638119344e-12,3.78709516580482e-12,0.02814871297774918,74198564908.24881,0,200,224,0,228.96
365,15,15,train,3.78709516580482e-12,3.698748710393759e-12,0.023328290297211465,74198564908.24881,0,200,214,0,217.63
366,15,16,train,3.698748710393759e-12,3.615137378344122e-12,0.022605302116005678,74198564908.24881,0,200,218,0,222.19
367,15,17,train,3.615137378344122e-12,3.5215647658565056e-12,0.02588355647233423,74198564908.24881,0,200,222,0,226.22
368,15,18,train,3.5215647658565056e-12,3.433529531015698e-12,0.02499889699441489,74198564908.24881,0,200,215,0,218.3
369,15,19,train,3.433529531015702e-12,3.387758166293957e-12,0.01333070367046035,291245492711.45526,1,200,218,0,218.29
370,15,20,train,3.387758166293957e-12,3.339086570915645e-12,0.014366903713069994,291245492711.45526,0,200,213,0,223.55
371,15,21,train,3.339086570915645e-12,3.297479569456924e-12,0.012460593810633535,291245492711.45526,0,200,217,0,213.5
372,15,22,train,3.297479569456924e-12,3.2615000036320246e-12,0.010911232372191807,291245492711.45526,0,200,216,0,212.59
373,15,23,train,3.2615000036320246e-12,3.2202318323666764e-12,0.01265312623620781,291245492711.45526,0,200,213,0,218.19
374,15,24,train,3.2202318323666764e-12,3.1806182109979705e-12,0.012301481207206224,291245492711.45526,0,200,222,0,229.63
375,16,0,train,1.5169133628705773e-11,9.150423916916e-12,0.39677346505802313,65923343051.551704,1,200,219,0,222.22
376,16,1,train,9.150423916916e-12,7.1819001697364264e-12,0.21512924046507256,65923343051.551704,0,200,214,0,221.04
377,16,2,train,7.1819001697364264e-12,6.376613614321106e-12,0.11212722766722528,65923343051.551704,0,200,214,0,221.38
378,16,3,train,6.376613614321106e-12,5.870241193638918e-12,0.07941086779116373,65923343051.551704,0,200,218,0,214.81
379,16,4,train,5.870241193638918e-12,5.495726867589172e-12,0.06379879696520407,65923343051.551704,0,200,214,0,222.97
380,16,5,train,5.495726867589172e-12,5.2108948219600694e-12,0.05182791148317209,65923343051.551704,0,200,224,0,229.84
381,16,6,train,5.2108948219600694e-12,4.987716353434986e-12,0.04282920230601304,65923343051.551704,0,200,217,0,228.78
382,16,7,train,4.987716353434986e-12,4.787287466752691e-12,0.04018449977498451,65923343051.551704,0,200,218,0,217.88
383,16,8,train,4.787287466752691e-12,4.602150183062902e-12,0.03867268990541134,65923343051.551704,0,200,218,0,221.2
384,16,9,train,4.602150183062902e-12,4.424842507244459e-12,0.03852713813447051,65923343051.551704,0,200,211,0,212.89
385,16,10,train,4.424842507244459e-12,4.2506405861962495e-12,0.03936906698102854,65923343051.551704,0,200,219,0,216.56
386,16,11,train,4.2506405861962495e-12,4.09696021739286e-12,0.03615463732747937,65923343051.551704,0,200,222,0,224.29
387,16,12,train,4.09696021739286e-12,3.962839448055546e-12,0.032736654060718,65923343051.551704,0,200,216,0,218.22
388,16,13,train,3.962839448055546e-12,3.8481889971679176e-12,0.028931389320827505,65923343051.551704,0,200,215,0,221.25
389,16,14,train,3.8481889971679176e-12,3.746031466978557e-12,0.026546910836381284,65923343051.551704,0,200,217,0,201.18
390,16,15,train,3.746031466978557e-12,3.639565720981323e-12,0.02842094278591496,65923343051.551704,0,200,215,0,207.25
391,16,16,train,3.639565720981323e-12,3.5458714429200676e-12,0.025743257642286143,65923343051.551704,0,200,217,0,223.81
392,16,17,train,3.5458714429200676e-12,3.4660109121090104e-12,0.02252211680446348,65923343051.551704,0,200,214,0,205.71
393,16,18,train,3.4660109121090104e-12,3.3864185531542493e-12,0.022963678122504938,65923343051.551704,0,200,221,0,214.91
394,16,19,train,3.3864185531542493e-12,3.3178214805572374e-12,0.02025652515195376,65923343051.551704,0,200,220,0,221.03
395,16,20,train,3.3178214805572374e-12,3.245382167293531e-12,0.021833396910655927,65923343051.551704,0,200,219,0,226.17
396,16,21,train,3.245382167293531e-12,3.1876604634044986e-12,0.017785795605443046,65923343051.551704,0,200,217,0,217.09
397,16,22,train,3.1876604634044986e-12,3.1282021859526205e-12,0.01865263823875872,65923343051.551704,0,200,214,0,226.06
398,16,23,train,3.1282021859526205e-12,3.069524220923535e-12,0.018757727774944537,65923343051.551704,0,200,214,0,219.59
399,16,24,train,3.069524220923535e-12,3.014171695245529e-12,0.018032933345400265,65923343051.551704,0,200,216,0,217.29
400,17,0,train,2.1798968380125403e-11,1.0841401963920427e-11,0.5026644483871645,45873730470.27867,1,200,220,0,226.47
401,17,1,train,1.0841401963920427e-11,8.665727240526665e-12,0.20068204560944092,45873730470.27867,0,200,208,0,214.58
402,17,2,train,8.665727240526665e-12,7.624733679250884e-12,0.12012766296259675,45873730470.27867,0,200,211,0,206.68
403,17,3,train,7.624733679250884e-12,6.887739799069463e-12,0.0966583111206882,45873730470.27867,0,200,211,0,216.4
404,17,4,train,6.887739799069463e-12,6.3399047152884375e-12,0.07953771480377904,45873730470.27867,0,200,217,0,218.13
405,17,5,train,6.3399047152884375e-12,5.918605937519334e-12,0.06645191003472936,45873730470.27867,0,200,216,0,228.3
406,17,6,train,5.918605937519334e-12,5.557370236096486e-12,0.06103391664123064,45873730470.27867,0,200,216,0,210.29
407,17,7,train,5.557370236096486e-12,5.257376633589064e-12,0.05398121589216605,45873730470.27867,0,200,214,0,212.81
408,17,8,train,5.257376633589064e-12,5.0123951777023655e-12,0.0465976613357937,45873730470.27867,0,200,217,0,197.33
409,17,9,train,5.0123951777023655e-12,4.779281376536554e-12,0.04650746657063633,45873730470.27867,0,200,213,0,218.28
410,17,10,train,4.779281376536554e-12,4.553460429855868e-12,0.047249979419360655,45873730470.27867,0,200,224,0,209.41
411,17,11,train,4.553460429855868e-12,4.37358297578401e-12,0.03950346266159419,45873730470.27867,0,200,222,0,222.41
412,17,12,train,4.37358297578401e-12,4.212322921417014e-12,0.036871383316578965,45873730470.27867,0,200,215,0,216.29
413,17,13,train,4.212322921417014e-12,4.07241089515432e-12,0.033214933629928715,45873730470.27867,0,200,215,0,230.71
414,17,14,train,4.07241089515432e-12,3.941351986033957e-12,0.03218214283738116,45873730470.27867,0,200,224,0,245.56
415,17,15,train,3.941351986033957e-12,3.802987266774453e-12,0.03510590268258064,45873730470.27867,0,200,220,0,264.63
416,17,16,train,3.802987266774453e-12,3.66420431355607e-12,0.03649314170228428,45873730470.27867,0,200,230,0,279.55
417,17,17,train,3.66420431355607e-12,3.5434666440182064e-12,0.03295058332069069,45873730470.27867,0,200,229,0,262.42
418,17,18,train,3.5434666440182064e-12,3.444931960294745e-12,0.02780742522010185,45873730470.27867,0,200,220,0,266.28
419,17,19,train,3.444931960294745e-12,3.3479072863244254e-12,0.028164467423042554,45873730470.27867,0,200,222,0,247.41
420,17,20,train,3.3479072863244254e-12,3.2584864448390535e-12,0.026709473661543515,45873730470.27867,0,200,225,0,267.59
421,17,21,train,3.2584864448390535e-12,3.176188541380247e-12,0.02525648175985325,45873730470.27867,0,200,225,0,307.31
422,17,22,train,3.176188541380247e-12,3.1076096024376137e-12,0.02159158313468112,45873730470.27867,0,200,220,0,296.96
423,17,23,train,3.1076096024376137e-12,3.0406494855982387e-12,0.021547145686141318,45873730470.27867,0,200,217,0,265.26
424,17,24,train,3.0406494855982387e-12,2.9750529004683712e-12,0.0215732150123057,45873730470.27867,0,200,220,0,264.0
425,18,0,train,1.5450454420531472e-11,8.079321925508013e-12,0.47708192227849716,64723015439.024315,1,200,222,0,232.49
426,18,1,train,8.079321925508013e-12,6.759155538314357e-12,0.16340064170801638,64723015439.024315,0,200,217,0,212.63
427,18,2,train,6.759155538314357e-12,6.167753911472865e-12,0.08749637783730897,64723015439.024315,0,200,211,0,221.17
428,18,3,train,6.167753911472865e-12,5.712341636400075e-12,0.07383762089237395,64723015439.024315,0,200,217,0,215.9
429,18,4,train,5.712341636400075e-12,5.31854233453409e-12,0.06893833158658172,64723015439.024315,0,200,214,0,176.98
430,18,5,train,5.31854233453409e-12,5.048260114967198e-12,0.05081885271682603,64723015439.024315,0,200,220,0,182.53
431,18,6,train,5.048260114967198e-12,4.795640061522014e-12,0.05004101367443613,64723015439.024315,0,200,218,0,162.72
432,18,7,train,4.795640061522014e-12,4.595572365709036e-12,0.041718663879349034,64723015439.024315,0,200,221,0,157.66
433,18,8,train,4.595572365709036e-12,4.4085776430067086e-12,0.04069019217228159,64723015439.024315,0,200,209,0,148.66
434,18,9,train,4.4085776430067086e-12,4.2570459238749164e-12,0.03437202004872608,64723015439.024315,0,200,214,0,150.46
435,18,10,train,4.2570459238749164e-12,4.130490238523856e-12,0.029728522457625948,64723015439.024315,0,200,208,0,149.28
436,18,11,train,4.130490238523856e-12,4.0120116355418374e-12,0.028683908238543644,64723015439.024315,0,200,226,0,157.19
437,18,12,train,4.0120116355418374e-12,3.905722790808849e-12,0.026492656150692694,64723015439.024315,0,200,219,0,153.16
438,18,13,train,3.905722790808849e-12,3.80890082231561e-12,0.02478976969924394,64723015439.024315,0,200,218,0,151.39
439,18,14,train,3.80890082231561e-12,3.710200345971244e-12,0.025913112719055047,64723015439.024315,0,200,222,0,156.56
440,18,15,train,3.710200345971244e-12,3.6278143540964126e-12,0.022205267692428192,64723015439.024315,0,200,214,0,150.69
441,18,16,train,3.6278143540964126e-12,3.5503103244949774e-12,0.021363835642229084,64723015439.024315,0,200,216,0,148.55
442,18,17,train,3.5503103244949774e-12,3.4622336993865587e-12,0.02480814831896345,64723015439.024315,0,200,217,0,158.54
443,18,18,train,3.4622336993865587e-12,3.383682934781534e-12,0.02268788632579668,64723015439.024315,0,200,217,0,262.58
444,18,19,train,3.383682934781534e-12,3.290862463612522e-12,0.02743178748070399,64723015439.024315,0,200,221,0,371.97
445,18,20,train,3.290862463612522e-12,3.2074032019888383e-12,0.02536090843859424,64723015439.024315,0,200,218,0,348.4
446,18,21,train,3.2074032019888383e-12,3.1305615168126293e-12,0.023957600693471033,64723015439.024315,0,200,218,0,348.14
447,18,22,train,3.1305615168126293e-12,3.055886400152051e-12,0.023853585454090803,64723015439.024315,0,200,223,0,345.6
448,18,23,train,3.055886400152051e-12,2.9838716504354747e-12,0.023565911911186635,64723015439.024315,0,200,222,0,355.22
449,18,24,train,2.9838716504354747e-12,2.920391161518599e-12,0.021274537364102432,64723015439.024315,0,200,216,0,318.18
450,19,0,train,3.758567395212238e-11,1.5717572638775435e-11,0.5818201195807505,26605881838.751286,1,200,215,0,334.73
451,19,1,train,1.5717572638775435e-11,1.1482131781014702e-11,0.26947168975137104,26605881838.751286,0,200,222,0,275.31
452,19,2,train,1.1482131781014702e-11,9.689630863289726e-12,0.15611220563491646,26605881838.751286,0,200,218,0,254.51
453,19,3,train,9.689630863289726e-12,8.717436751562803e-12,0.10033345185627156,26605881838.751286,0,200,210,0,310.29
454,19,4,train,8.717436751562803e-12,7.926325183184637e-12,0.09075047986282679,26605881838.751286,0,200,214,0,334.49
455,19,5,train,7.926325183184637e-12,7.213516174002433e-12,0.08992931689131271,26605881838.751286,0,200,223,0,338.87
456,19,6,train,7.213516174002433e-12,6.67006223684839e-12,0.07533828497018631,26605881838.751286,0,200,220,0,325.79
457,19,7,train,6.67006223684839e-12,6.226124259722018e-12,0.06655679682775088,26605881838.751286,0,200,218,0,323.52
458,19,8,train,6.226124259722018e-12,5.891659787500321e-12,0.05371953052485811,26605881838.751286,0,200,221,0,321.91
459,19,9,train,5.891659787500321e-12,5.580381014758717e-12,0.052833799636905404,26605881838.751286,0,200,219,0,309.43
460,19,10,train,5.580381014758717e-12,5.306974914577291e-12,0.04899416356308555,26605881838.751286,0,200,217,0,266.82
461,19,11,train,5.306974914577291e-12,5.076106258929638e-12,0.04350287298579433,26605881838.751286,0,200,217,0,246.32
462,19,12,train,5.076106258929638e-12,4.841514424242166e-12,0.04621491803383546,26605881838.751286,0,200,224,0,252.87
463,19,13,train,4.841514424242166e-12,4.653611570759026e-12,0.0388107598197545,26605881838.751286,0,200,219,0,238.4
464,19,14,train,4.653611570759026e-12,4.48216408668891e-12,0.03684181231356017,26605881838.751286,0,200,215,0,241.3
465,19,15,train,4.48216408668891e-12,4.318262967248467e-12,0.0365674072324115,26605881838.751286,0,200,229,0,242.55
466,19,16,train,4.318262967248467e-12,4.191851788004833e-12,0.02927361770285632,26605881838.751286,0,200,219,0,247.18
467,19,17,train,4.191851788004833e-12,4.071636437459572e-12,0.02867833993779626,26605881838.751286,0,200,216,0,235.28
468,19,18,train,4.071636437459572e-12,3.958275022614902e-12,0.02784173306873142,26605881838.751286,0,200,222,0,226.3
469,19,19,train,3.958275022614902e-12,3.858323482804925e-12,0.025251287300382484,26605881838.751286,0,200,216,0,219.4
470,19,20,train,3.858323482804925e-12,3.766693452101997e-12,0.02374866470146628,26605881838.751286,0,200,216,0,224.0
471,19,21,train,3.766693452101997e-12,3.677660919259477e-12,0.02363678753651573,26605881838.751286,0,200,219,0,233.13
472,19,22,train,3.677660919259477e-12,3.6291217867759884e-12,0.013198370798486386,271911963053.23248,1,200,221,0,233.99
473,19,23,train,3.6291217867759884e-12,3.5734679390127204e-12,0.015335348614109005,271911963053.23248,0,200,214,0,226.94
474,19,24,train,3.5734679390127204e-12,3.5272516121986684e-12,0.012933186362047135,271911963053.23248,0,200,213,0,223.66
475,20,0,train,2.2782036547471324e-11,1.0962595492954351e-11,0.5188052889779453,43894232103.274994,1,200,221,0,196.98
476,20,1,train,1.0962595492954351e-11,9.083304325635882e-12,0.17142757557061078,43894232103.274994,0,200,210,0,202.88
477,20,2,train,9.083304325635882e-12,8.151437051460914e-12,0.10259122019560123,43894232103.274994,0,200,216,0,231.0
478,20,3,train,8.151437051460914e-12,7.431996015288828e-12,0.0882594113933746,43894232103.274994,0,200,222,0,216.61
479,20,4,train,7.431996015288828e-12,6.92487902130536e-12,0.06823429304055682,43894232103.274994,0,200,223,0,230.32
480,20,5,train,6.92487902130536e-12,6.506943442301115e-12,0.060352762513021165,43894232103.274994,0,200,219,0,212.53
481,20,6,train,6.506943442301115e-12,6.1161021694242205e-12,0.060065263566925604,43894232103.274994,0,200,218,0,212.7
482,20,7,train,6.1161021694242205e-12,5.770906366921143e-12,0.056440489864408964,43894232103.274994,0,200,222,0,224.26
483,20,8,train,5.770906366921143e-12,5.493160525435299e-12,0.04812863419130908,43894232103.274994,0,200,216,0,209.0
484,20,9,train,5.493160525435299e-12,5.23094350492093e-12,0.04773518256024198,43894232103.274994,0,200,208,0,202.57
485,20,10,train,5.23094350492093e-12,5.028542751810009e-12,0.0386929724858461,43894232103.274994,0,200,213,0,209.76
486,20,11,train,5.028542751810009e-12,4.855060600973153e-12,0.034499488102077244,43894232103.274994,0,200,215,0,218.94
487,20,12,train,4.855060600973153e-12,4.693265627790598e-12,0.033325016200647324,43894232103.274994,0,200,217,0,204.82
488,20,13,train,4.693265627790598e-12,4.557712211668366e-12,0.028882536568901947,43894232103.274994,0,200,214,0,202.73
489,20,14,train,4.557712211668366e-12,4.446264817865278e-12,0.024452485946297235,43894232103.274994,0,200,217,0,228.57
490,20,15,train,4.446264817865278e-12,4.318932843949104e-12,0.02863796447853228,43894232103.274994,0,200,218,0,217.45
491,20,16,train,4.318932843949104e-12,4.1897346031415374e-12,0.029914389844837585,43894232103.274994,0,200,211,0,207.91
492,20,17,train,4.1897346031415374e-12,4.07357066964218e-12,0.027725845310644683,43894232103.274994,0,200,219,0,224.31
493,20,18,train,4.07357066964218e-12,3.972549017957437e-12,0.024799287867421946,43894232103.274994,0,200,217,0,214.6
494,20,19,train,3.972549017957437e-12,3.861802015085649e-12,0.027878070823335096,43894232103.274994,0,200,216,0,227.5
495,20,20,train,3.861802015085649e-12,3.76611036211177e-12,0.024779015754839755,43894232103.274994,0,200,218,0,225.23
496,20,21,train,3.76611036211177e-12,3.659707878377207e-12,0.028252619680242192,43894232103.274994,0,200,218,0,221.63
497,20,22,train,3.659707878377207e-12,3.572235633117026e-12,0.02390142824704571,43894232103.274994,0,200,222,0,217.4
498,20,23,train,3.572235633117026e-12,3.4863833711696273e-12,0.02403320238774019,43894232103.274994,0,200,224,0,219.76
499,20,24,train,3.4863833711696273e-12,3.40820900803637e-12,0.022422767323787146,43894232103.274994,0,200,218,0,208.72
500,21,0,train,3.171863540836067e-11,9.927541047847299e-12,0.6870123534623903,31527207495.704918,1,200,216,0,216.49
501,21,1,train,9.927541047847299e-12,8.186423966409338e-12,0.1753825114443125,31527207495.704918,0,200,216,0,210.18
502,21,2,train,8.186423966409338e-12,7.274845606726041e-12,0.1113524493018807,31527207495.704918,0,200,212,0,212.15
503,21,3,train,7.274845606726041e-12,6.6153617505298124e-12,0.09065262575284004,31527207495.704918,0,200,213,0,194.88
504,21,4,train,6.6153617505298124e-12,6.169723609970123e-12,0.06736413780002269,31527207495.704918,0,200,211,0,212.03
505,21,5,train,6.169723609970123e-12,5.8109635122094986e-12,0.058148487750873744,31527207495.704918,0,200,219,0,226.75
506,21,6,train,5.8109635122094986e-12,5.457157576280259e-12,0.060885933147894186,31527207495.704918,0,200,216,0,218.4
507,21,7,train,5.457157576280259e-12,5.142835911161948e-12,0.05759805553068908,31527207495.704918,0,200,217,0,214.86
508,21,8,train,5.142835911161948e-12,4.90959865408908e-12,0.04535187610529286,31527207495.704918,0,200,218,0,213.86
509,21,9,train,4.90959865408908e-12,4.649664234099092e-12,0.05294412808539757,31527207495.704918,0,200,222,0,215.66
510,21,10,train,4.649664234099092e-12,4.436197520724268e-12,0.04591013514681993,31527207495.704918,0,200,218,0,214.09
511,21,11,train,4.436197520724268e-12,4.267256400202947e-12,0.03808241624321067,31527207495.704918,0,200,221,0,219.32
512,21,12,train,4.267256400202947e-12,4.109351526289063e-12,0.03700384019726926,31527207495.704918,0,200,217,0,204.53
513,21,13,train,4.109351526289063e-12,3.973629297486638e-12,0.0330276511839298,31527207495.704918,0,200,219,0,232.27
514,21,14,train,3.973629297486638e-12,3.854005947802533e-12,0.03010430534115707,31527207495.704918,0,200,222,0,206.49
515,21,15,train,3.854005947802533e-12,3.737985064114113e-12,0.030103971104292748,31527207495.704918,0,200,220,0,221.6
516,21,16,train,3.737985064114113e-12,3.629801995649614e-12,0.028941546477296597,31527207495.704918,0,200,217,0,210.31
517,21,17,train,3.629801995649614e-12,3.535482880946021e-12,0.025984644566462982,31527207495.704918,0,200,214,0,213.32
518,21,18,train,3.535482880946021e-12,3.434797527691688e-12,0.028478529424357277,31527207495.704918,0,200,217,0,221.27
519,21,19,train,3.434797527691688e-12,3.3502150893925337e-12,0.02462515988707986,31527207495.704918,0,200,220,0,214.01
520,21,20,train,3.3502150893925337e-12,3.2726759677188507e-12,0.023144520457563367,31527207495.704918,0,200,220,0,222.93
521,21,21,train,3.2726759677188507e-12,3.1948039215877086e-12,0.023794609334764405,31527207495.704918,0,200,226,0,232.63
522,21,22,train,3.1948039215877086e-12,3.1149516300587635e-12,0.024994426415146407,31527207495.704918,0,200,219,0,221.66
523,21,23,train,3.1149516300587635e-12,3.0706899504817258e-12,0.014209427571818421,321032272331.3476,1,200,217,0,213.2
524,21,24,train,3.0706899504817258e-12,3.031558343849188e-12,0.01274358768341264,321032272331.3476,0,200,217,0,213.32
525,22,0,train,1.4246279307901733e-11,6.519361851943513e-12,0.5423814379149836,70193766273.08911,1,200,215,0,204.53
526,22,1,train,6.519361851943513e-12,5.3669759300038505e-12,0.17676360786694487,70193766273.08911,0,200,216,0,205.16
527,22,2,train,5.3669759300038505e-12,4.752243590695604e-12,0.11453979807727685,70193766273.08911,0,200,218,0,225.86
528,22,3,train,4.752243590695604e-12,4.355318009177797e-12,0.08352382910146824,70193766273.08911,0,200,215,0,219.69
529,22,4,train,4.355318009177797e-12,4.061098367287188e-12,0.06755411229917335,70193766273.08911,0,200,213,0,208.19
530,22,5,train,4.061098367287188e-12,3.8372485356853976e-12,0.055120514539844026,70193766273.08911,0,200,218,0,215.79
531,22,6,train,3.8372485356853976e-12,3.6085547642867403e-12,0.059598373488677,70193766273.08911,0,200,222,0,217.14
532,22,7,train,3.6085547642867403e-12,3.4400990135060355e-12,0.046682331787751455,70193766273.08911,0,200,220,0,201.65
533,22,8,train,3.4400990135060355e-12,3.2891709772271248e-12,0.04387316634967719,70193766273.08911,0,200,218,0,210.95
534,22,9,train,3.2891709772271248e-12,3.16857485137499e-12,0.03666459624236415,70193766273.08911,0,200,218,0,224.39
535,22,10,train,3.16857485137499e-12,3.0573553760587613e-12,0.0351007883774516,70193766273.08911,0,200,218,0,218.37
536,22,11,train,3.0573553760587613e-12,2.9650389693255554e-12,0.030194856461930503,70193766273.08911,0,200,223,0,231.69
537,22,12,train,2.9650389693255554e-12,2.888354901195039e-12,0.02586275220118257,70193766273.08911,0,200,222,0,222.2
538,22,13,train,2.888354901195039e-12,2.827800042319964e-12,0.020965172545112376,70193766273.08911,0,200,221,0,227.84
539,22,14,train,2.827800042319964e-12,2.7613726403697928e-12,0.02349084127450297,70193766273.08911,0,200,217,0,221.96
540,22,15,train,2.7613726403697928e-12,2.699051747266459e-12,0.022568809508805736,70193766273.08911,0,200,215,0,222.91
541,22,16,train,2.699051747266459e-12,2.6459202757299956e-12,0.019685236339123082,70193766273.08911,0,200,213,0,219.87
542,22,17,train,2.6459202757299956e-12,2.592482460872815e-12,0.020196305741841506,70193766273.08911,0,200,216,0,210.82
543,22,18,train,2.592482460872815e-12,2.542585897009613e-12,0.019246635075171707,70193766273.08911,0,200,215,0,223.28
544,22,19,train,2.542585897009613e-12,2.4975206559722436e-12,0.017724176434067138,70193766273.08911,0,200,224,0,221.13
545,22,20,train,2.4975206559722436e-12,2.4546003791317416e-12,0.017185153899675714,70193766273.08911,0,200,219,0,222.45
546,22,21,train,2.4546003791317416e-12,2.412571453485702e-12,0.017122512488532367,70193766273.08911,0,200,218,0,218.18
547,22,22,train,2.412571453485702e-12,2.3704529305198646e-12,0.01745793804572473,70193766273.08911,0,200,224,0,224.12
548,22,23,train,2.3704529305198646e-12,2.3268840071934192e-12,0.01837999935180753,70193766273.08911,0,200,224,0,224.42
549,22,24,train,2.3268840071934192e-12,2.2879638558465886e-12,0.01672629629431953,70193766273.08911,0,200,224,0,228.38
550,23,0,train,3.277847364067712e-11,1.0346533234412021e-11,0.6843497550303171,30507826903.783268,1,200,220,0,226.74
551,23,1,train,1.0346533234412021e-11,7.570324721459543e-12,0.268322582072124,30507826903.783268,0,200,212,0,206.81
552,23,2,train,7.570324721459543e-12,6.629882940984421e-12,0.12422740306096228,30507826903.783268,0,200,219,0,215.48
553,23,3,train,6.629882940984421e-12,6.1341588885055684e-12,0.0747711621595006,30507826903.783268,0,200,221,0,228.65
554,23,4,train,6.1341588885055684e-12,5.729494065356318e-12,0.06596908076631793,30507826903.783268,0,200,214,0,218.5
555,23,5,train,5.729494065356318e-12,5.405639005588659e-12,0.05652419848479561,30507826903.783268,0,200,218,0,223.1
556,23,6,train,5.405639005588659e-12,5.125708346260258e-12,0.05178493403628925,30507826903.783268,0,200,217,0,210.85
557,23,7,train,5.125708346260258e-12,4.849322794309896e-12,0.05392143549330382,30507826903.783268,0,200,214,0,210.33
558,23,8,train,4.849322794309896e-12,4.6155707117699286e-12,0.04820303627018765,30507826903.783268,0,200,220,0,220.64
559,23,9,train,4.6155707117699286e-12,4.437670640792855e-12,0.038543461271954835,30507826903.783268,0,200,220,0,228.98
560,23,10,train,4.437670640792855e-12,4.265029614600173e-12,0.0389035239807337,30507826903.783268,0,200,220,0,224.99
561,23,11,train,4.265029614600173e-12,4.120315067970093e-12,0.03393049045537428,30507826903.783268,0,200,215,0,226.88
562,23,12,train,4.120315067970093e-12,3.994906612456554e-12,0.030436617939346624,30507826903.783268,0,200,216,0,219.26
563,23,13,train,3.994906612456554e-12,3.882371304930225e-12,0.02816969667712171,30507826903.783268,0,200,216,0,216.34
564,23,14,train,3.882371304930225e-12,3.764767129598327e-12,0.030291841273026296,30507826903.783268,0,200,213,0,214.66
565,23,15,train,3.764767129598327e-12,3.658200455366772e-12,0.028306312333035183,30507826903.783268,0,200,218,0,215.09
566,23,16,train,3.658200455366772e-12,3.553931119015849e-12,0.028502903988750723,30507826903.783268,0,200,219,0,220.56
567,23,17,train,3.553931119015849e-12,3.4543482894513735e-12,0.02802047260613531,30507826903.783268,0,200,227,0,234.25
568,23,18,train,3.4543482894513735e-12,3.3687659043787743e-12,0.024775262336442505,30507826903.783268,0,200,220,0,215.05
569,23,19,train,3.3687659043787743e-12,3.291148707316266e-12,0.02304024656673833,30507826903.783268,0,200,220,0,228.09
570,23,20,train,3.291148707316266e-12,3.224454227147617e-12,0.020264802991243277,30507826903.783268,0,200,218,0,218.52
571,23,21,train,3.224454227147617e-12,3.185022925411329e-12,0.012228829736302155,310130003267.1295,1,200,221,0,220.2
572,23,22,train,3.185022925411329e-12,3.142839703711597e-12,0.01324424429198862,310130003267.1295,0,200,214,0,212.87
573,23,23,train,3.142839703711597e-12,3.107146554870621e-12,0.01135697401264967,310130003267.1295,0,200,216,0,212.22
574,23,24,train,3.107146554870621e-12,3.069606980208037e-12,0.012081687812162742,310130003267.1295,0,200,210,0,209.73
575,24,0,train,2.5752051410193977e-11,1.0684629585270593e-11,0.585095982643112,38831857861.395424,1,200,221,0,204.43
576,24,1,train,1.0684629585270593e-11,8.624397188564813e-12,0.192822070270544,38831857861.395424,0,200,213,0,210.75
577,24,2,train,8.624397188564813e-12,7.547935622431002e-12,0.12481586163043415,38831857861.395424,0,200,217,0,209.14
578,24,3,train,7.547935622431002e-12,6.828286299744178e-12,0.09534386071711655,38831857861.395424,0,200,215,0,220.68
579,24,4,train,6.828286299744178e-12,6.386168369597142e-12,0.06474800714838219,38831857861.395424,0,200,215,0,227.45
580,24,5,train,6.386168369597142e-12,5.9758415806526504e-12,0.06425242261039484,38831857861.395424,0,200,219,0,214.77
581,24,6,train,5.9758415806526504e-12,5.607994121500059e-12,0.06155575816191847,38831857861.395424,0,200,216,0,215.94
582,24,7,train,5.607994121500059e-12,5.311544680503543e-12,0.052861938613662444,38831857861.395424,0,200,220,0,214.04
583,24,8,train,5.311544680503543e-12,5.0702455487838744e-12,0.045429182325318083,38831857861.395424,0,200,219,0,223.38
584,24,9,train,5.0702455487838744e-12,4.829778256886021e-12,0.04742714915563233,38831857861.395424,0,200,218,0,228.22
585,24,10,train,4.829778256886021e-12,4.638976389629768e-12,0.039505305856271565,38831857861.395424,0,200,219,0,221.26
586,24,11,train,4.638976389629768e-12,4.474297361691179e-12,0.035499001095742284,38831857861.395424,0,200,222,0,215.83
587,24,12,train,4.474297361691179e-12,4.3325326273690075e-12,0.031684245114318325,38831857861.395424,0,200,216,0,230.04
588,24,13,train,4.3325326273690075e-12,4.18552161972872e-12,0.03393188702414047,38831857861.395424,0,200,222,0,227.07
589,24,14,train,4.18552161972872e-12,4.061984286971266e-12,0.029515397119239152,38831857861.395424,0,200,222,0,236.57
590,24,15,train,4.061984286971266e-12,3.949643459227672e-12,0.0276566376940266,38831857861.395424,0,200,218,0,223.92
591,24,16,train,3.949643459227672e-12,3.8437857046562094e-12,0.026801850765578412,38831857861.395424,0,200,220,0,233.94
592,24,17,train,3.8437857046562094e-12,3.7466228225962645e-12,0.025277913371248992,38831857861.395424,0,200,221,0,233.0
593,24,18,train,3.7466228225962645e-12,3.654685832135259e-12,0.02453862980456007,38831857861.395424,0,200,225,0,231.32
594,24,19,train,3.654685832135259e-12,3.564747519392821e-12,0.024609040796782063,38831857861.395424,0,200,224,0,243.28
595,24,20,train,3.564747519392821e-12,3.48493210707341e-12,0.022390200676261605,38831857861.395424,0,200,216,0,236.99
596,24,21,train,3.48493210707341e-12,3.4118580652749115e-12,0.02096856970331761,38831857861.395424,0,200,226,0,238.05
597,24,22,train,3.4118580652749115e-12,3.338487338203457e-12,0.02150462465546403,38831857861.395424,0,200,222,0,239.08
598,24,23,train,3.338487338203457e-12,3.2722801489053165e-12,0.01983149330551857,38831857861.395424,0,200,220,0,231.73
599,24,24,train,3.2722801489053165e-12,3.212825542825387e-12,0.01816916748396949,38831857861.395424,0,200,223,0,232.12
600,25,0,train,2.3770002981051167e-11,9.288823264956393e-12,0.6092207782909744,42069830651.56425,1,200,221,0,245.46
601,25,1,train,9.288823264956393e-12,6.899866015844848e-12,0.257186209810265,42069830651.56425,0,200,218,0,241.83
602,25,2,train,6.899866015844848e-12,5.940929903237642e-12,0.13897894689623036,42069830651.56425,0,200,216,0,236.79
603,25,3,train,5.940929903237642e-12,5.3758384896000886e-12,0.09511834390262613,42069830651.56425,0,200,219,0,238.56
604,25,4,train,5.3758384896000886e-12,4.9173359859400955e-12,0.08528948638375132,42069830651.56425,0,200,221,0,233.26
605,25,5,train,4.9173359859400955e-12,4.57884012313089e-12,0.06883724516222828,42069830651.56425,0,200,214,0,227.96
606,25,6,train,4.57884012313089e-12,4.321738068711842e-12,0.056150039640005645,42069830651.56425,0,200,219,0,227.57
607,25,7,train,4.321738068711842e-12,4.047806185932496e-12,0.06338465645628441,42069830651.56425,0,200,219,0,240.04
608,25,8,train,4.047806185932496e-12,3.8392589593917305e-12,0.05152105040639985,42069830651.56425,0,200,220,0,240.15
609,25,9,train,3.8392589593917305e-12,3.684948033515932e-12,0.040192893344252634,42069830651.56425,0,200,215,0,227.8
610,25,10,train,3.684948033515932e-12,3.523364331890937e-12,0.043849655451130745,42069830651.56425,0,200,220,0,223.2
611,25,11,train,3.523364331890937e-12,3.378583138950111e-12,0.04109174621266709,42069830651.56425,0,200,219,0,226.07
612,25,12,train,3.378583138950111e-12,3.2465548123225206e-12,0.039078016197232945,42069830651.56425,0,200,215,0,227.62
613,25,13,train,3.2465548123225206e-12,3.1453189488197142e-12,0.031182551767972227,42069830651.56425,0,200,224,0,240.77
614,25,14,train,3.1453189488197142e-12,3.050084283299206e-12,0.03027822204048501,42069830651.56425,0,200,218,0,232.3
615,25,15,train,3.050084283299206e-12,2.958274945946039e-12,0.030100590287249086,42069830651.56425,0,200,220,0,239.77
616,25,16,train,2.958274945946039e-12,2.8728659676131008e-12,0.028871210382246857,42069830651.56425,0,200,226,0,247.14
617,25,17,train,2.8728659676131008e-12,2.7983472012167125e-12,0.025938824587177542,42069830651.56425,0,200,223,0,243.01
618,25,18,train,2.7983472012167125e-12,2.7279063027563242e-12,0.025172322587333252,42069830651.56425,0,200,223,0,226.1
619,25,19,train,2.7279063027563242e-12,2.6581308946415795e-12,0.02557837417078527,42069830651.56425,0,200,221,0,238.54
620,25,20,train,2.6581308946415795e-12,2.5970489085390124e-12,0.02297929956184621,42069830651.56425,0,200,210,0,226.92
621,25,21,train,2.5970489085390124e-12,2.5426861994761283e-12,0.020932493371280506,42069830651.56425,0,200,218,0,233.57
622,25,22,train,2.5426861994761283e-12,2.4896743368058076e-12,0.020848763280833783,42069830651.56425,0,200,219,0,238.25
623,25,23,train,2.4896743368058076e-12,2.4406337280177152e-12,0.01969759982785952,42069830651.56425,0,200,215,0,238.22
624,25,24,train,2.4406337280177152e-12,2.388572313124009e-12,0.02133110523552029,42069830651.56425,0,200,221,0,239.87
625,26,0,train,4.102488173696983e-11,1.5795619372892058e-11,0.6149746518669977,24375451132.59507,1,200,218,0,232.53
626,26,1,train,1.5795619372892058e-11,1.2276321353187933e-11,0.2228021539784526,24375451132.59507,0,200,205,0,220.89
627,26,2,train,1.2276321353187933e-11,1.0601005088373742e-11,0.13646728662565863,24375451132.59507,0,200,220,0,240.58
628,26,3,train,1.0601005088373742e-11,9.39925258455564e-12,0.11336212876042087,24375451132.59507,0,200,215,0,237.58
629,26,4,train,9.39925258455564e-12,8.552613305895919e-12,0.09007517045034784,24375451132.59507,0,200,224,0,243.19
630,26,5,train,8.552613305895919e-12,7.903749173956054e-12,0.07586735290517072,24375451132.59507,0,200,215,0,238.57
631,26,6,train,7.903749173956054e-12,7.415308635299611e-12,0.06179858797466936,24375451132.59507,0,200,218,0,239.12
632,26,7,train,7.415308635299611e-12,6.838542978790031e-12,0.07778039794108671,24375451132.59507,0,200,216,0,233.24
633,26,8,train,6.838542978790031e-12,6.356147285812966e-12,0.07054071232325823,24375451132.59507,0,200,214,0,231.68
634,26,9,train,6.356147285812966e-12,5.967816035546973e-12,0.06109538259642836,24375451132.59507,0,200,219,0,234.63
635,26,10,train,5.967816035546973e-12,5.660990288908611e-12,0.05141340564299755,24375451132.59507,0,200,220,0,234.71
636,26,11,train,5.660990288908611e-12,5.3544492808598275e-12,0.05414971452068713,24375451132.59507,0,200,223,0,245.16
637,26,12,train,5.3544492808598275e-12,5.130187126720309e-12,0.04188332774785504,24375451132.59507,0,200,223,0,243.13
638,26,13,train,5.130187126720309e-12,4.904722377132609e-12,0.04394864047227014,24375451132.59507,0,200,217,0,241.9
639,26,14,train,4.904722377132609e-12,4.71661106013819e-12,0.03835310187411516,24375451132.59507,0,200,217,0,232.54
640,26,15,train,4.71661106013819e-12,4.5316855441415134e-12,0.03920728540870158,24375451132.59507,0,200,222,0,240.11
641,26,16,train,4.5316855441415134e-12,4.3597402917077595e-12,0.03794289139413962,24375451132.59507,0,200,221,0,236.66
642,26,17,train,4.3597402917077595e-12,4.190742626780992e-12,0.03876324129861624,24375451132.59507,0,200,219,0,240.14
643,26,18,train,4.190742626780992e-12,4.04393499395227e-12,0.03503141230638842,24375451132.59507,0,200,217,0,235.79
644,26,19,train,4.04393499395227e-12,3.955912976817225e-12,0.021766427320588106,247283895882.47742,1,200,220,0,233.99
645,26,20,train,3.955912976817225e-12,3.8628754843101125e-12,0.02351858927441998,247283895882.47742,0,200,211,0,224.14
646,26,21,train,3.8628754843101125e-12,3.783814535327361e-12,0.020466864465053154,247283895882.47742,0,200,213,0,224.8
647,26,22,train,3.783814535327361e-12,3.712637765981586e-12,0.018810850447673156,247283895882.47742,0,200,219,0,241.53
648,26,23,train,3.712637765981586e-12,3.64393152816804e-12,0.018506043989287728,247283895882.47742,0,200,217,0,240.2
649,26,24,train,3.64393152816804e-12,3.5543576077273275e-12,0.024581669482067633,247283895882.47742,0,200,214,0,235.24
650,27,0,train,2.4197872834065525e-11,9.455600130709872e-12,0.6092383741516993,41325946576.27136,1,200,216,0,238.6
651,27,1,train,9.455600130709872e-12,7.784512620610506e-12,0.17672992586393466,41325946576.27136,0,200,218,0,233.37
652,27,2,train,7.784512620610506e-12,7.099848475227686e-12,0.08795208881415165,41325946576.27136,0,200,219,0,241.21
653,27,3,train,7.099848475227686e-12,6.559396581986867e-12,0.07612160951413649,41325946576.27136,0,200,222,0,242.03
654,27,4,train,6.559396581986867e-12,6.085071759100922e-12,0.07231226484895205,41325946576.27136,0,200,215,0,224.87
655,27,5,train,6.085071759100922e-12,5.691764562233651e-12,0.06463476725299662,41325946576.27136,0,200,218,0,225.17
656,27,6,train,5.691764562233651e-12,5.3846605376366796e-12,0.05395585520783606,41325946576.27136,0,200,225,0,242.32
657,27,7,train,5.3846605376366796e-12,5.0687388075230095e-12,0.0586706864630556,41325946576.27136,0,200,219,0,239.01
658,27,8,train,5.0687388075230095e-12,4.783726218535179e-12,0.05622948820420884,41325946576.27136,0,200,214,0,229.07
659,27,9,train,4.783726218535179e-12,4.520414611795289e-12,0.05504320161961911,41325946576.27136,0,200,218,0,238.64
660,27,10,train,4.520414611795289e-12,4.295816843975798e-12,0.049685214102582365,41325946576.27136,0,200,216,0,226.82
661,27,11,train,4.295816843975798e-12,4.1171598815929766e-12,0.0415885892885214,41325946576.27136,0,200,215,0,229.9
662,27,12,train,4.1171598815929766e-12,3.948886516852605e-12,0.040871224237049766,41325946576.27136,0,200,215,0,233.24
663,27,13,train,3.948886516852605e-12,3.81730547257007e-12,0.03332104979998486,41325946576.27136,0,200,214,0,225.71
664,27,14,train,3.81730547257007e-12,3.668227890633452e-12,0.039053092032545485,41325946576.27136,0,200,217,0,239.12
665,27,15,train,3.668227890633452e-12,3.5573749354901234e-12,0.030219756909428457,41325946576.27136,0,200,218,0,239.85
666,27,16,train,3.5573749354901234e-12,3.44878063652601e-12,0.030526526141712904,41325946576.27136,0,200,213,0,234.22
667,27,17,train,3.44878063652601e-12,3.3430717980362555e-12,0.030651076316711157,41325946576.27136,0,200,216,0,235.33
668,27,18,train,3.3430717980362555e-12,3.231459940364342e-12,0.033386018732076056,41325946576.27136,0,200,215,0,229.39
669,27,19,train,3.231459940364342e-12,3.1257828410851252e-12,0.03270258682745785,41325946576.27136,0,200,222,0,234.2
670,27,20,train,3.1257828410851252e-12,3.0241951154962344e-12,0.03249993065853045,41325946576.27136,0,200,218,0,232.66
671,27,21,train,3.0241951154962344e-12,2.937936687300624e-12,0.028522772143111653,41325946576.27136,0,200,221,0,232.56
672,27,22,train,2.937936687300624e-12,2.851042030134171e-12,0.02957676301945493,41325946576.27136,0,200,219,0,231.13
673,27,23,train,2.851042030134171e-12,2.7743209774463636e-12,0.026909828714169064,41325946576.27136,0,200,220,0,232.78
674,27,24,train,2.7743209774463636e-12,2.700393505859335e-12,0.02664705064338859,41325946576.27136,0,200,218,0,230.02
675,28,0,train,5.287861810205735e-11,8.399571290894552e-12,0.8411537291938469,18911235502.977203,1,200,211,0,232.85
676,28,1,train,8.399571290894552e-12,6.981009934419855e-12,0.16888497130948463,18911235502.977203,0,200,211,0,233.89
677,28,2,train,6.981009934419855e-12,6.224227541490264e-12,0.10840586104859656,18911235502.977203,0,200,215,0,240.42
678,28,3,train,6.224227541490264e-12,5.6774084384136214e-12,0.08785332789194877,18911235502.977203,0,200,212,0,231.44
679,28,4,train,5.6774084384136214e-12,5.28092136270715e-12,0.06983592602283478,18911235502.977203,0,200,213,0,224.91
680,28,5,train,5.28092136270715e-12,5.087507718626205e-12,0.03662498090708081,189360895820.53003,1,200,214,0,226.57
681,28,6,train,5.087507718626205e-12,4.888487453757344e-12,0.039119403031117835,189360895820.53003,0,200,211,0,234.18
682,28,7,train,4.888487453757344e-12,4.684471301257818e-12,0.041734003498917996,189360895820.53003,0,200,214,0,236.85
683,28,8,train,4.684471301257818e-12,4.462785982319351e-12,0.04732344477784351,189360895820.53003,0,200,214,0,233.88
684,28,9,train,4.462785982319351e-12,4.23645414519284e-12,0.05071536883534011,189360895820.53003,0,200,212,0,239.09
685,28,10,train,4.23645414519284e-12,4.063141873405524e-12,0.04090974806937905,189360895820.53003,0,200,219,0,240.4
686,28,11,train,4.063141873405524e-12,3.931297761810201e-12,0.032448808262955785,189360895820.53003,0,200,220,0,237.07
687,28,12,train,3.931297761810201e-12,3.817656628880307e-12,0.028906773237539464,189360895820.53003,0,200,219,0,244.31
688,28,13,train,3.817656628880307e-12,3.721416472694399e-12,0.025209222709517098,189360895820.53003,0,200,223,0,249.53
689,28,14,train,3.721416472694399e-12,3.617964846216788e-12,0.027798991925972107,189360895820.53003,0,200,216,0,242.05
690,28,15,train,3.617964846216788e-12,3.5393686248300206e-12,0.02172387646854933,189360895820.53003,0,200,217,0,241.33
691,28,16,train,3.5393686248300206e-12,3.4694914669390874e-12,0.019742831362836364,189360895820.53003,0,200,223,0,249.36
692,28,17,train,3.4694914669390874e-12,3.398580832932113e-12,0.020438336477459122,189360895820.53003,0,200,214,0,238.42
693,28,18,train,3.398580832932113e-12,3.3313209375267486e-12,0.0197905828084531,189360895820.53003,0,200,222,0,243.18
694,28,19,train,3.3313209375267486e-12,3.2619520363322756e-12,0.020823241739648793,189360895820.53003,0,200,221,0,247.35
695,28,20,train,3.2619520363322756e-12,3.200643924504525e-12,0.018794915174989855,189360895820.53003,0,200,218,0,246.63
696,28,21,train,3.200643924504525e-12,3.1439186299454704e-12,0.017723088196334145,189360895820.53003,0,200,221,0,248.5
697,28,22,train,3.1439186299454704e-12,3.0878113953830506e-12,0.01784627440036288,189360895820.53003,0,200,220,0,247.22
698,28,23,train,3.0878113953830506e-12,3.036540586561732e-12,0.016604255330484145,189360895820.53003,0,200,218,0,234.12
699,28,24,train,3.036540586561732e-12,2.9843278448192725e-12,0.017194811086513318,189360895820.53003,0,200,218,0,235.92
700,29,0,train,1.6774064203588113e-11,8.14868513370599e-12,0.5142092557411985,59615844309.57952,1,200,217,0,245.83
701,29,1,train,8.14868513370599e-12,6.334952036072791e-12,0.22257984789851862,59615844309.57952,0,200,212,0,242.53
702,29,2,train,6.334952036072791e-12,5.575983352204172e-12,0.1198065398990968,59615844309.57952,0,200,213,0,237.92
703,29,3,train,5.575983352204172e-12,5.103542746216823e-12,0.08472776479875871,59615844309.57952,0,200,218,0,251.71
704,29,4,train,5.103542746216823e-12,4.738626751818435e-12,0.07150248612474042,59615844309.57952,0,200,218,0,258.38
705,29,5,train,4.738626751818435e-12,4.4289771392138745e-12,0.06534585415188757,59615844309.57952,0,200,223,0,281.92
706,29,6,train,4.4289771392138745e-12,4.231870785811405e-12,0.04450380916562034,59615844309.57952,0,200,220,0,279.89
707,29,7,train,4.231870785811405e-12,4.029590794301925e-12,0.04779918899879535,59615844309.57952,0,200,216,0,319.22
708,29,8,train,4.029590794301925e-12,3.8661095115261294e-12,0.04057019462297953,59615844309.57952,0,200,217,0,317.13
709,29,9,train,3.8661095115261294e-12,3.702587546565926e-12,0.042296257897685374,59615844309.57952,0,200,229,0,346.59
710,29,10,train,3.702587546565926e-12,3.5702111201138068e-12,0.035752409574999915,59615844309.57952,0,200,212,0,317.05
711,29,11,train,3.5702111201138068e-12,3.438994919544801e-12,0.036753064778091656,59615844309.57952,0,200,227,0,316.63
712,29,12,train,3.438994919544801e-12,3.336112212251982e-12,0.029916504589206215,59615844309.57952,0,200,222,0,328.55
713,29,13,train,3.336112212251982e-12,3.258890793441527e-12,0.02314712872272606,59615844309.57952,0,200,217,0,306.37
714,29,14,train,3.258890793441527e-12,3.1825097460880506e-12,0.02343774375845676,59615844309.57952,0,200,226,0,316.62
715,29,15,train,3.1825097460880506e-12,3.103836496098487e-12,0.024720505596650268,59615844309.57952,0,200,226,0,331.21
716,29,16,train,3.103836496098487e-12,3.032074878656055e-12,0.023120295651087284,59615844309.57952,0,200,217,0,313.04
717,29,17,train,3.032074878656055e-12,2.96001674258513e-12,0.023765289102248194,59615844309.57952,0,200,217,0,295.74
718,29,18,train,2.96001674258513e-12,2.8982145928446145e-12,0.020878986544697865,59615844309.57952,0,200,215,0,295.38
719,29,19,train,2.8982145928446145e-12,2.844406849848899e-12,0.01856582432804009,59615844309.57952,0,200,215,0,282.26
720,29,20,train,2.844406849848899e-12,2.790248346233574e-12,0.019040350580720244,59615844309.57952,0,200,221,0,307.28
721,29,21,train,2.790248346233574e-12,2.7388309980454083e-12,0.01842751676838072,59615844309.57952,0,200,218,0,310.1
722,29,22,train,2.7388309980454083e-12,2.6932811078594972e-12,0.016631143074697985,59615844309.57952,0,200,215,0,309.75
723,29,23,train,2.6932811078594972e-12,2.642323381917574e-12,0.018920314627841484,59615844309.57952,0,200,216,0,296.61
724,29,24,train,2.642323381917574e-12,2.6031400035056954e-12,0.014829138128975983,59615844309.57952,0,200,220,0,312.53
725,30,0,train,1.3908396616312036e-11,9.353486470361815e-12,0.3274935473588763,71899013781.8748,1,200,217,0,302.35
726,30,1,train,9.353486470361815e-12,7.626985762032556e-12,0.1845836537851403,71899013781.8748,0,200,213,0,288.28
727,30,2,train,7.626985762032556e-12,6.551616435008806e-12,0.14099532378531268,71899013781.8748,0,200,211,0,288.88
728,30,3,train,6.551616435008806e-12,5.899623427196821e-12,0.09951635818117131,71899013781.8748,0,200,215,0,285.51
729,30,4,train,5.899623427196821e-12,5.29845524437713e-12,0.10189941616414887,71899013781.8748,0,200,216,0,305.65
730,30,5,train,5.29845524437713e-12,4.820240537526609e-12,0.09025549613880678,71899013781.8748,0,200,229,0,310.77
731,30,6,train,4.8202405375266156e-12,4.5626052622882476e-12,0.05344863461327741,207458526647.12137,1,200,217,0,199.58
732,30,7,train,4.5626052622882476e-12,4.321147504882875e-12,0.05292102724755031,207458526647.12137,0,200,212,0,198.38
733,30,8,train,4.321147504882875e-12,4.109174790925721e-12,0.04905472764297585,207458526647.12137,0,200,210,0,197.99
734,30,9,train,4.109174790925721e-12,3.8835845142672945e-12,0.05489916787102769,207458526647.12137,0,200,221,0,215.73
735,30,10,train,3.8835845142672945e-12,3.676428008776581e-12,0.05334157264498136,207458526647.12137,0,200,216,0,208.62
736,30,11,train,3.676428008776581e-12,3.507234342566116e-12,0.046021210209082314,207458526647.12137,0,200,221,0,210.41
737,30,12,train,3.507234342566116e-12,3.3842829681318393e-12,0.03505650390738294,207458526647.12137,0,200,219,0,215.27
738,30,13,train,3.3842829681318393e-12,3.2785230009593645e-12,0.03125033224714524,207458526647.12137,0,200,223,0,212.66
739,30,14,train,3.2785230009593645e-12,3.176745126145848e-12,0.03104381905624394,207458526647.12137,0,200,217,0,205.62
740,30,15,train,3.176745126145848e-12,3.0835153485812725e-12,0.029347578689035606,207458526647.12137,0,200,217,0,207.41
741,30,16,train,3.0835153485812725e-12,2.9872941014406253e-12,0.03120504886895361,207458526647.12137,0,200,217,0,200.91
742,30,17,train,2.9872941014406253e-12,2.9123199687570694e-12,0.02509767372666774,207458526647.12137,0,200,221,0,215.48
743,30,18,train,2.9123199687570694e-12,2.828559654736696e-12,0.028760683894263537,207458526647.12137,0,200,219,0,212.06
744,30,19,train,2.828559654736696e-12,2.7571440756177642e-12,0.025248037105860374,207458526647.12137,0,200,229,0,225.59
745,30,20,train,2.7571440756177642e-12,2.683013996174703e-12,0.026886545428878837,207458526647.12137,0,200,219,0,214.14
746,30,21,train,2.683013996174703e-12,2.622802311839037e-12,0.0224418077660097,207458526647.12137,0,200,220,0,207.46
747,30,22,train,2.622802311839037e-12,2.5647798608101046e-12,0.02212231198936551,207458526647.12137,0,200,224,0,215.07
748,30,23,train,2.5647798608101046e-12,2.5112374013948905e-12,0.02087604485411949,207458526647.12137,0,200,221,0,212.03
749,30,24,train,2.5112374013948905e-12,2.4551934457483572e-12,0.022317267023580934,207458526647.12137,0,200,218,0,207.76
750,31,0,train,2.1214692706562365e-11,9.968429288648106e-12,0.5301167249259962,47137142820.39394,1,200,216,0,205.28
751,31,1,train,9.968429288648106e-12,7.657674091518312e-12,0.23180735201294417,47137142820.39394,0,200,214,0,209.34
752,31,2,train,7.657674091518312e-12,6.6317945001650356e-12,0.13396751795555614,47137142820.39394,0,200,218,0,201.22
753,31,3,train,6.6317945001650356e-12,6.091765081443915e-12,0.08143036077304289,47137142820.39394,0,200,213,0,192.98
754,31,4,train,6.091765081443915e-12,5.640965199548024e-12,0.07400152104831971,47137142820.39394,0,200,215,0,203.4
755,31,5,train,5.640965199548024e-12,5.343758422574847e-12,0.052687220441812045,47137142820.39394,0,200,218,0,205.97
756,31,6,train,5.343758422574847e-12,5.035070707008233e-12,0.057766031163114545,47137142820.39394,0,200,218,0,200.15
757,31,7,train,5.035070707008233e-12,4.791619965952585e-12,0.0483510074082559,47137142820.39394,0,200,220,0,202.11
758,31,8,train,4.791619965952585e-12,4.5577243214313e-12,0.04881347982170078,47137142820.39394,0,200,218,0,209.84
759,31,9,train,4.5577243214313e-12,4.3532414529214446e-12,0.04486512436663572,47137142820.39394,0,200,217,0,204.33
760,31,10,train,4.3532414529214446e-12,4.187700488589247e-12,0.03802705779646183,47137142820.39394,0,200,224,0,210.48
761,31,11,train,4.187700488589247e-12,4.046466974744443e-12,0.0337257915721625,47137142820.39394,0,200,214,0,199.01
762,31,12,train,4.046466974744443e-12,3.915946746282408e-12,0.03225535492484244,47137142820.39394,0,200,219,0,205.23
763,31,13,train,3.915946746282408e-12,3.800312236496567e-12,0.029529132360039807,47137142820.39394,0,200,223,0,211.07
764,31,14,train,3.800312236496567e-12,3.675984979896916e-12,0.032715010994535075,47137142820.39394,0,200,220,0,208.19
765,31,15,train,3.675984979896916e-12,3.5699815409753252e-12,0.028836744301540478,47137142820.39394,0,200,224,0,214.75
766,31,16,train,3.5699815409753252e-12,3.480335123903935e-12,0.025111171036166967,47137142820.39394,0,200,215,0,206.24
767,31,17,train,3.480335123903935e-12,3.393691857746842e-12,0.024895092878269687,47137142820.39394,0,200,217,0,208.47
768,31,18,train,3.393691857746842e-12,3.3087237572139752e-12,0.025037069979971446,47137142820.39394,0,200,221,0,210.38
769,31,19,train,3.3087237572139752e-12,3.22455316230839e-12,0.025438991309585445,47137142820.39394,0,200,221,0,212.78
770,31,20,train,3.22455316230839e-12,3.1570684518082272e-12,0.020928391347051593,47137142820.39394,0,200,219,0,208.22
771,31,21,train,3.1570684518082272e-12,3.088829612014902e-12,0.021614621550014614,47137142820.39394,0,200,220,0,210.57
772,31,22,train,3.088829612014902e-12,3.0203302169503347e-12,0.022176488725088227,47137142820.39394,0,200,220,0,215.53
773,31,23,train,3.0203302169503347e-12,2.9505570012992715e-12,0.02310118783022146,47137142820.39394,0,200,220,0,212.75
774,31,24,train,2.9505570012992715e-12,2.889377736140959e-12,0.02073481892787439,47137142820.39394,0,200,216,0,209.02
775,32,0,train,3.4187424059217213e-11,1.4083219564690255e-11,0.5880584761140172,29250522012.65195,1,200,213,0,203.13
776,32,1,train,1.4083219564690255e-11,1.0973555056791338e-11,0.22080636417084154,29250522012.65195,0,200,216,0,204.15
777,32,2,train,1.0973555056791338e-11,9.43299285775065e-12,0.14038861527261037,29250522012.65195,0,200,222,0,209.58
778,32,3,train,9.43299285775065e-12,8.570126109282402e-12,0.09147327486411391,29250522012.65195,0,200,223,0,203.1
779,32,4,train,8.570126109282402e-12,7.771367955327653e-12,0.09320261379696677,29250522012.65195,0,200,221,0,208.86
780,32,5,train,7.771367955327653e-12,7.166447065979873e-12,0.07783969216553145,29250522012.65195,0,200,217,0,199.86
781,32,6,train,7.166447065979873e-12,6.720658795632124e-12,0.06220492054758462,29250522012.65195,0,200,216,0,203.64
782,32,7,train,6.720658795632124e-12,6.27850322017561e-12,0.06579051085644742,29250522012.65195,0,200,221,0,197.47
783,32,8,train,6.27850322017561e-12,5.953014947150909e-12,0.05184169882700118,29250522012.65195,0,200,220,0,197.42
784,32,9,train,5.953014947150909e-12,5.6674509222850924e-12,0.04796964687657743,29250522012.65195,0,200,217,0,197.69
785,32,10,train,5.6674509222850924e-12,5.4444297399095e-12,0.039351233108812056,29250522012.65195,0,200,219,0,212.02
786,32,11,train,5.4444297399095e-12,5.230710646717041e-12,0.039254633341270946,29250522012.65195,0,200,215,0,206.5
787,32,12,train,5.230710646717041e-12,5.00938303058652e-12,0.04231310639777664,29250522012.65195,0,200,210,0,197.27
788,32,13,train,5.00938303058652e-12,4.800239121038734e-12,0.041750432791979646,29250522012.65195,0,200,212,0,203.53
789,32,14,train,4.800239121038734e-12,4.605284715719366e-12,0.040613477871323606,29250522012.65195,0,200,214,0,200.69
790,32,15,train,4.605284715719366e-12,4.443400289850618e-12,0.035151882209623786,29250522012.65195,0,200,216,0,209.98
791,32,16,train,4.443400289850618e-12,4.304994317714315e-12,0.031148661634749074,29250522012.65195,0,200,219,0,211.39
792,32,17,train,4.304994317714315e-12,4.1716586480162396e-12,0.03097232187959505,29250522012.65195,0,200,222,0,211.82
793,32,18,train,4.1716586480162396e-12,4.02462650380234e-12,0.035245487855009076,29250522012.65195,0,200,216,0,209.04
794,32,19,train,4.02462650380234e-12,3.890272116298432e-12,0.03338306980212305,29250522012.65195,0,200,226,0,215.22
795,32,20,train,3.890272116298432e-12,3.7543423794258106e-12,0.034940932872828796,29250522012.65195,0,200,222,0,210.01
796,32,21,train,3.7543423794258106e-12,3.6202230089744e-12,0.03572379844374307,29250522012.65195,0,200,216,0,209.6
797,32,22,train,3.6202230089744e-12,3.504103897657487e-12,0.03207512659553243,29250522012.65195,0,200,221,0,209.96
798,32,23,train,3.504103897657487e-12,3.4034565425596923e-12,0.028722708583235203,29250522012.65195,0,200,222,0,209.57
799,32,24,train,3.4034565425596923e-12,3.3447231134118144e-12,0.017256994004014887,293818941859.5937,1,200,220,0,208.71
800,33,0,train,4.634186053603791e-11,1.1244850742975492e-11,0.7573500370311871,21578762450.03902,1,200,213,0,200.03
801,33,1,train,1.1244850742975492e-11,8.068305630329317e-12,0.28248886403676987,21578762450.03902,0,200,218,0,208.73
802,33,2,train,8.068305630329317e-12,6.526637682751594e-12,0.1910770387505509,21578762450.03902,0,200,215,0,195.77
803,33,3,train,6.526637682751594e-12,5.757703594444271e-12,0.11781473488859964,21578762450.03902,0,200,216,0,197.35
804,33,4,train,5.757703594444271e-12,5.310216135900015e-12,0.07771978032631723,21578762450.03902,0,200,223,0,198.6
805,33,5,train,5.310216135900015e-12,4.9128266089551395e-12,0.07483490629661971,21578762450.03902,0,200,216,0,197.03
806,33,6,train,4.9128266089551395e-12,4.5845645936381945e-12,0.06681734191851721,21578762450.03902,0,200,217,0,205.5
807,33,7,train,4.5845645936381945e-12,4.393564708488828e-12,0.04166151032410123,218123221862.25873,1,200,220,0,201.79
808,33,8,train,4.393564708488828e-12,4.202834014544305e-12,0.043411377002371576,218123221862.25873,0,200,213,0,194.12
809,33,9,train,4.202834014544305e-12,4.051295340762608e-12,0.03605630706739375,218123221862.25873,0,200,212,0,200.7
810,33,10,train,4.051295340762608e-12,3.87564253780502e-12,0.04335719521364832,218123221862.25873,0,200,213,0,203.35
811,33,11,train,3.87564253780502e-12,3.679484599942282e-12,0.05061301086189247,218123221862.25873,0,200,217,0,205.82
812,33,12,train,3.679484599942282e-12,3.508199604962103e-12,0.04655135531287874,218123221862.25873,0,200,220,0,212.31
813,33,13,train,3.508199604962103e-12,3.367447028091494e-12,0.04012102865285218,218123221862.25873,0,200,218,0,213.09
814,33,14,train,3.367447028091494e-12,3.253824134272098e-12,0.03374155342951061,218123221862.25873,0,200,225,0,213.25
815,33,15,train,3.253824134272098e-12,3.1661098643549457e-12,0.026957286656420533,218123221862.25873,0,200,217,0,206.14
816,33,16,train,3.1661098643549457e-12,3.082789379949111e-12,0.02631635918383086,218123221862.25873,0,200,216,0,204.5
817,33,17,train,3.082789379949111e-12,3.0035232073196323e-12,0.025712484007190627,218123221862.25873,0,200,217,0,212.89
818,33,18,train,3.0035232073196323e-12,2.9251734785979103e-12,0.026085940847995637,218123221862.25873,0,200,222,0,208.94
819,33,19,train,2.9251734785979103e-12,2.849120497590002e-12,0.025999477147031182,218123221862.25873,0,200,215,0,210.79
820,33,20,train,2.849120497590002e-12,2.768762056575986e-12,0.028204648094732825,218123221862.25873,0,200,223,0,220.26
821,33,21,train,2.768762056575986e-12,2.7023428857050843e-12,0.023988760866305574,218123221862.25873,0,200,217,0,211.05
822,33,22,train,2.7023428857050843e-12,2.642337499628227e-12,0.02220494904413317,218123221862.25873,0,200,219,0,207.63
823,33,23,train,2.642337499628227e-12,2.5895442753688603e-12,0.019979743036911364,218123221862.25873,0,200,219,0,206.82
824,33,24,train,2.5895442753688603e-12,2.5259200923288872e-12,0.02456964480011075,218123221862.25873,0,200,218,0,200.97
825,34,0,train,2.1044586582009856e-11,8.383069046592024e-12,0.6016519966346898,47518158463.36742,1,200,213,0,193.98
826,34,1,train,8.383069046592024e-12,6.259591304843152e-12,0.2533055292693947,47518158463.36742,0,200,210,0,191.99
827,34,2,train,6.259591304843152e-12,5.4207942430262806e-12,0.13400188941534882,47518158463.36742,0,200,216,0,205.32
828,34,3,train,5.4207942430262806e-12,4.828568613959651e-12,0.10925071170677858,47518158463.36742,0,200,217,0,204.56
829,34,4,train,4.828568613959651e-12,4.452853823293042e-12,0.07781080082001897,47518158463.36742,0,200,212,0,196.65
830,34,5,train,4.452853823293042e-12,4.0919279103132494e-12,0.08105496549017076,47518158463.36742,0,200,222,0,206.34
831,34,6,train,4.0919279103132494e-12,3.8170002859225465e-12,0.06718779763880453,47518158463.36742,0,200,220,0,208.99
832,34,7,train,3.8170002859225465e-12,3.5914285682729534e-12,0.05909659438107004,47518158463.36742,0,200,222,0,212.93
833,34,8,train,3.5914285682729534e-12,3.371409567824164e-12,0.06126225157099315,47518158463.36742,0,200,216,0,208.33
834,34,9,train,3.371409567824164e-12,3.1942554967902448e-12,0.052545995219516056,47518158463.36742,0,200,218,0,214.33
835,34,10,train,3.1942554967902448e-12,3.0523407380105307e-12,0.04442811757616679,47518158463.36742,0,200,219,0,211.31
836,34,11,train,3.0523407380105307e-12,2.8992137523500963e-12,0.05016706809746287,47518158463.36742,0,200,209,0,201.06
837,34,12,train,2.8992137523500963e-12,2.7913566681643862e-12,0.037202184246774274,47518158463.36742,0,200,216,0,212.74
838,34,13,train,2.7913566681643862e-12,2.689312479365481e-12,0.03655720172299233,47518158463.36742,0,200,216,0,204.99
839,34,14,train,2.689312479365481e-12,2.5977826805474393e-12,0.03403464622290279,47518158463.36742,0,200,219,0,211.33
840,34,15,train,2.5977826805474393e-12,2.5081678601763226e-12,0.03449665787756806,47518158463.36742,0,200,221,0,218.87
841,34,16,train,2.5081678601763226e-12,2.4326853730407984e-12,0.03009467122755404,47518158463.36742,0,200,218,0,215.29
842,34,17,train,2.4326853730407984e-12,2.358614692675893e-12,0.030448113506893394,47518158463.36742,0,200,212,0,203.25
843,34,18,train,2.358614692675893e-12,2.2874008210755137e-12,0.030193092505323857,47518158463.36742,0,200,213,0,206.03
844,34,19,train,2.2874008210755137e-12,2.2226755229014943e-12,0.02829643916258899,47518158463.36742,0,200,218,0,211.64
845,34,20,train,2.2226755229014943e-12,2.1648072945178298e-12,0.026035391935266813,47518158463.36742,0,200,225,0,206.73
846,34,21,train,2.1648072945178298e-12,2.1046853486234294e-12,0.027772423922745235,47518158463.36742,0,200,222,0,199.31
847,34,22,train,2.1046853486234294e-12,2.0488732090776353e-12,0.02651804441091305,47518158463.36742,0,200,222,0,200.64
848,34,23,train,2.0488732090776353e-12,2.0211339977622727e-12,0.013538764230242596,488073149460.6157,1,200,223,0,210.93
849,34,24,train,2.0211339977622727e-12,1.9938279947731595e-12,0.013510238816102953,488073149460.6157,0,200,219,0,214.11
850,35,0,train,2.0073772946029953e-11,1.13102182770632e-11,0.4365673903221041,49816245440.68447,1,200,220,0,205.49
851,35,1,train,1.13102182770632e-11,9.367787046833552e-12,0.1717412681741822,49816245440.68447,0,200,209,0,200.46
852,35,2,train,9.367787046833552e-12,8.476243331981506e-12,0.09517121924258526,49816245440.68447,0,200,208,0,196.41
853,35,3,train,8.476243331981506e-12,7.67019995548632e-12,0.09509441210281477,49816245440.68447,0,200,218,0,204.81
854,35,4,train,7.67019995548632e-12,6.775994377433498e-12,0.11658178186257297,49816245440.68447,0,200,218,0,202.91
855,35,5,train,6.775994377433498e-12,6.175551976768541e-12,0.08861317870402115,49816245440.68447,0,200,220,0,202.51
856,35,6,train,6.175551976768541e-12,5.825635604292298e-12,0.05666155410764472,49816245440.68447,0,200,223,0,214.91
857,35,7,train,5.825635604292298e-12,5.4861013685038035e-12,0.05828277957143888,49816245440.68447,0,200,218,0,213.4
858,35,8,train,5.4861013685038035e-12,5.182876720355503e-12,0.05527142642480878,49816245440.68447,0,200,221,0,212.8
859,35,9,train,5.182876720355503e-12,4.942883303672699e-12,0.04630505984065591,49816245440.68447,0,200,221,0,220.14
860,35,10,train,4.942883303672699e-12,4.714686261604567e-12,0.04616678728760911,49816245440.68447,0,200,224,0,214.47
861,35,11,train,4.714686261604567e-12,4.517286499197885e-12,0.041869119481876126,49816245440.68447,0,200,216,0,206.23
862,35,12,train,4.517286499197885e-12,4.350651690003286e-12,0.03688825342917431,49816245440.68447,0,200,223,0,208.43
863,35,13,train,4.350651690003286e-12,4.2152201341470605e-12,0.031129027443730674,49816245440.68447,0,200,220,0,212.36
864,35,14,train,4.2152201341470605e-12,4.083410391060416e-12,0.031269954804701135,49816245440.68447,0,200,228,0,220.23
865,35,15,train,4.083410391060416e-12,3.982738903597721e-12,0.024653776579275317,49816245440.68447,0,200,217,0,206.72
866,35,16,train,3.982738903597721e-12,3.870350209641261e-12,0.028218945975829943,49816245440.68447,0,200,219,0,205.38
867,35,17,train,3.870350209641261e-12,3.7724981609004816e-12,0.025282479217778306,49816245440.68447,0,200,220,0,206.11
868,35,18,train,3.7724981609004816e-12,3.672800196724332e-12,0.0264275713132096,49816245440.68447,0,200,223,0,215.07
869,35,19,train,3.672800196724332e-12,3.5867352130170725e-12,0.02343306989147368,49816245440.68447,0,200,219,0,211.91
870,35,20,train,3.5867352130170725e-12,3.4960098499250494e-12,0.0252946921653877,49816245440.68447,0,200,218,0,205.33
871,35,21,train,3.4960098499250494e-12,3.408823116403366e-12,0.02493892673773571,49816245440.68447,0,200,222,0,200.12
872,35,22,train,3.408823116403366e-12,3.333462043688997e-12,0.022107651274637635,49816245440.68447,0,200,223,0,199.54
873,35,23,train,3.333462043688997e-12,3.2510513771339187e-12,0.024722245363825415,49816245440.68447,0,200,218,0,205.54
874,35,24,train,3.2510513771339187e-12,3.1760143608734014e-12,0.023080846026699485,49816245440.68447,0,200,216,0,202.0
875,36,0,train,2.5014920875136557e-11,9.037407282697276e-12,0.638719333640589,39976140839.76354,1,200,223,0,204.21
876,36,1,train,9.037407282697276e-12,6.820537166761543e-12,0.24529934820798438,39976140839.76354,0,200,217,0,192.25
877,36,2,train,6.820537166761543e-12,5.832197549818223e-12,0.14490641906619695,39976140839.76354,0,200,216,0,190.64
878,36,3,train,5.832197549818223e-12,5.203800720709541e-12,0.10774614949870283,39976140839.76354,0,200,219,0,192.58
879,36,4,train,5.203800720709541e-12,4.736248302591937e-12,0.08984825576753692,39976140839.76354,0,200,220,0,204.44
880,36,5,train,4.736248302591937e-12,4.415352186935029e-12,0.06775322895999676,39976140839.76354,0,200,220,0,201.17
881,36,6,train,4.415352186935029e-12,4.128256989386611e-12,0.06502203796968435,39976140839.76354,0,200,217,0,203.65
882,36,7,train,4.128256989386611e-12,3.911842355081645e-12,0.052422762163632085,39976140839.76354,0,200,222,0,208.56
883,36,8,train,3.911842355081645e-12,3.736811635681551e-12,0.044743807012755016,39976140839.76354,0,200,216,0,198.37
884,36,9,train,3.736811635681551e-12,3.5754940694368336e-12,0.0431698415580679,39976140839.76354,0,200,221,0,200.16
885,36,10,train,3.5754940694368336e-12,3.440797483960849e-12,0.03767216022741168,39976140839.76354,0,200,216,0,197.13
886,36,11,train,3.440797483960849e-12,3.2920531201114002e-12,0.04322961887260589,39976140839.76354,0,200,220,0,201.06
887,36,12,train,3.2920531201114002e-12,3.167917619365056e-12,0.03770762384968546,39976140839.76354,0,200,217,0,203.89
888,36,13,train,3.167917619365056e-12,3.0501476315922604e-12,0.03717583659779647,39976140839.76354,0,200,223,0,209.25
889,36,14,train,3.0501476315922604e-12,2.941781143891386e-12,0.03552827626389481,39976140839.76354,0,200,221,0,204.98
890,36,15,train,2.941781143891386e-12,2.8528732978692813e-12,0.0302224542456947,39976140839.76354,0,200,222,0,208.37
891,36,16,train,2.8528732978692813e-12,2.7717082036567832e-12,0.028450297555491753,39976140839.76354,0,200,216,0,205.75
892,36,17,train,2.7717082036567832e-12,2.698343461136763e-12,0.026469143621694443,39976140839.76354,0,200,219,0,198.65
893,36,18,train,2.698343461136763e-12,2.6229905030377095e-12,0.027925636296614643,39976140839.76354,0,200,216,0,200.53
894,36,19,train,2.6229905030377095e-12,2.5557840127791352e-12,0.025622086767276453,39976140839.76354,0,200,222,0,203.14
895,36,20,train,2.5557840127791352e-12,2.4881314656553356e-12,0.026470369477831913,39976140839.76354,0,200,223,0,211.29
896,36,21,train,2.4881314656553356e-12,2.451727282355064e-12,0.014631133363639758,401908023672.9434,1,200,219,0,204.31
897,36,22,train,2.451727282355064e-12,2.4147830359358464e-12,0.015068660647986074,401908023672.9434,0,200,210,0,196.42
898,36,23,train,2.4147830359358464e-12,2.380661580459909e-12,0.014130236533947587,401908023672.9434,0,200,215,0,200.49
899,36,24,train,2.380661580459909e-12,2.3491052858510308e-12,0.013255262683233546,401908023672.9434,0,200,217,0,198.73
900,37,0,train,2.4649382367873768e-11,9.024581019317378e-12,0.6338820630621818,40568967817.35708,1,200,217,0,205.94
901,37,1,train,9.024581019317378e-12,7.004228177068421e-12,0.2238722039199751,40568967817.35708,0,200,214,0,209.71
902,37,2,train,7.004228177068421e-12,6.170049678458778e-12,0.11909641969413731,40568967817.35708,0,200,210,0,195.87
903,37,3,train,6.170049678458778e-12,5.562450407146553e-12,0.09847558820045,40568967817.35708,0,200,219,0,199.98
904,37,4,train,5.562450407146553e-12,5.174051354074171e-12,0.0698251713980897,40568967817.35708,0,200,225,0,207.04
905,37,5,train,5.174051354074171e-12,4.888055636397421e-12,0.05527500562041191,40568967817.35708,0,200,224,0,210.28
906,37,6,train,4.888055636397421e-12,4.656239128203112e-12,0.04742509607872671,40568967817.35708,0,200,218,0,202.18
907,37,7,train,4.656239128203112e-12,4.448565021576593e-12,0.04460125455512469,40568967817.35708,0,200,216,0,197.91
908,37,8,train,4.448565021576593e-12,4.260767994827033e-12,0.04221519205377466,40568967817.35708,0,200,223,0,210.98
909,37,9,train,4.260767994827033e-12,4.1048475514574325e-12,0.03659444578040913,40568967817.35708,0,200,218,0,204.92
910,37,10,train,4.1048475514574325e-12,3.976903400635389e-12,0.031169038366995288,40568967817.35708,0,200,218,0,206.72
911,37,11,train,3.976903400635389e-12,3.858083975998819e-12,0.02987737258531008,40568967817.35708,0,200,216,0,201.48
912,37,12,train,3.858083975998819e-12,3.7475631309995786e-12,0.02864656282413542,40568967817.35708,0,200,217,0,202.85
913,37,13,train,3.7475631309995786e-12,3.654243375835888e-12,0.024901449795936986,40568967817.35708,0,200,220,0,196.0
914,37,14,train,3.654243375835888e-12,3.564034888488096e-12,0.02468595494878811,40568967817.35708,0,200,222,0,197.05
915,37,15,train,3.564034888488096e-12,3.481364549395773e-12,0.023195715440202287,40568967817.35708,0,200,224,0,200.01
916,37,16,train,3.481364549395773e-12,3.4047382283865534e-12,0.022010427210939147,40568967817.35708,0,200,224,0,209.29
917,37,17,train,3.4047382283865534e-12,3.330830487244987e-12,0.021707319677433782,40568967817.35708,0,200,216,0,204.77
918,37,18,train,3.330830487244987e-12,3.257700256422441e-12,0.021955554658992515,40568967817.35708,0,200,217,0,206.06
919,37,19,train,3.257700256422441e-12,3.1866046565002737e-12,0.02182386172024417,40568967817.35708,0,200,221,0,203.17
920,37,20,train,3.1866046565002737e-12,3.1159412507176576e-12,0.022175140439361245,40568967817.35708,0,200,226,0,208.73
921,37,21,train,3.1159412507176576e-12,3.055024993153344e-12,0.019549873589652343,40568967817.35708,0,200,214,0,196.88
922,37,22,train,3.055024993153344e-12,2.9998247426788905e-12,0.01806867393823738,40568967817.35708,0,200,217,0,207.44
923,37,23,train,2.9998247426788905e-12,2.946244897329233e-12,0.017860991873081815,40568967817.35708,0,200,219,0,202.56
924,37,24,train,2.946244897329233e-12,2.8917169310627714e-12,0.01850761500372601,40568967817.35708,0,200,216,0,204.35
925,38,0,train,2.7447284561307615e-11,1.1140299115799731e-11,0.5941201727654986,36433476607.361664,1,200,217,0,204.44
926,38,1,train,1.1140299115799731e-11,7.951593138857146e-12,0.2862316302100185,36433476607.361664,0,200,221,0,205.71
927,38,2,train,7.951593138857146e-12,6.726034790933872e-12,0.15412739642504136,36433476607.361664,0,200,215,0,200.71
928,38,3,train,6.726034790933872e-12,5.9968079232132125e-12,0.10841853936045585,36433476607.361664,0,200,216,0,209.24
929,38,4,train,5.9968079232132125e-12,5.530625130423437e-12,0.07773849000319244,36433476607.361664,0,200,216,0,204.02
930,38,5,train,5.530625130423437e-12,5.1764874672348566e-12,0.06403212201826936,36433476607.361664,0,200,220,0,213.64
931,38,6,train,5.1764874672348566e-12,4.898457288329835e-12,0.053710200336588125,36433476607.361664,0,200,219,0,202.98
932,38,7,train,4.898457288329835e-12,4.659676452019436e-12,0.04874613010901905,36433476607.361664,0,200,220,0,202.93
933,38,8,train,4.659676452019436e-12,4.438995129085399e-12,0.04735979530046481,36433476607.361664,0,200,219,0,200.69
934,38,9,train,4.438995129085399e-12,4.2282741806191745e-12,0.04747041669082465,36433476607.361664,0,200,217,0,198.12
935,38,10,train,4.2282741806191745e-12,4.067886684512292e-12,0.03793214187529248,36433476607.361664,0,200,223,0,200.7
936,38,11,train,4.067886684512292e-12,3.892621046906331e-12,0.04308518186439461,36433476607.361664,0,200,222,0,195.22
937,38,12,train,3.892621046906331e-12,3.759708341352259e-12,0.03414478418332157,36433476607.361664,0,200,226,0,191.59
938,38,13,train,3.759708341352259e-12,3.636008725600347e-12,0.03290138609725788,36433476607.361664,0,200,223,0,186.11
939,38,14,train,3.636008725600347e-12,3.5277258685663108e-12,0.02978069229362409,36433476607.361664,0,200,223,0,184.45
940,38,15,train,3.5277258685663108e-12,3.415468399216669e-12,0.03182148316849347,36433476607.361664,0,200,223,0,185.18
941,38,16,train,3.415468399216669e-12,3.326241118249012e-12,0.026124463920708833,36433476607.361664,0,200,221,0,182.76
942,38,17,train,3.326241118249012e-12,3.2337225191160623e-12,0.027814760218481376,36433476607.361664,0,200,220,0,182.21
943,38,18,train,3.2337225191160623e-12,3.158397522399407e-12,0.023293586964055736,36433476607.361664,0,200,222,0,182.49
944,38,19,train,3.158397522399407e-12,3.090332204422317e-12,0.021550586173643277,36433476607.361664,0,200,216,0,179.05
945,38,20,train,3.090332204422317e-12,3.0227394841296027e-12,0.02187231527924021,36433476607.361664,0,200,218,0,180.5
946,38,21,train,3.0227394841296027e-12,2.9595702600699096e-12,0.02089800473754115,36433476607.361664,0,200,215,0,178.68
947,38,22,train,2.9595702600699096e-12,2.8859030771509344e-12,0.02489117555777679,36433476607.361664,0,200,216,0,178.28
948,38,23,train,2.8859030771509344e-12,2.8205741943211813e-12,0.0226372407815747,36433476607.361664,0,200,217,0,180.81
949,38,24,train,2.8205741943211813e-12,2.7657073959583604e-12,0.019452350685646644,36433476607.361664,0,200,216,0,177.84
950,39,0,train,3.483221375510705e-11,7.919121113374782e-12,0.7726495028696333,28709056709.13269,1,200,221,0,183.14
951,39,1,train,7.919121113374782e-12,6.445260710238602e-12,0.1861141384296982,28709056709.13269,0,200,209,0,172.61
952,39,2,train,6.445260710238602e-12,5.745181306883321e-12,0.10861925294087353,28709056709.13269,0,200,215,0,178.28
953,39,3,train,5.745181306883321e-12,5.268194693181736e-12,0.08302377039521903,28709056709.13269,0,200,217,0,180.5
954,39,4,train,5.268194693181736e-12,4.72293460632514e-12,0.1035003675096307,28709056709.13269,0,200,214,0,176.54
955,39,5,train,4.72293460632514e-12,4.325617795491962e-12,0.08412498667694365,28709056709.13269,0,200,223,0,184.06
956,39,6,train,4.325617795491962e-12,4.032170189315345e-12,0.06783946711205967,28709056709.13269,0,200,220,0,183.02
957,39,7,train,4.032170189315345e-12,3.8024641862636755e-12,0.056968330270472246,28709056709.13269,0,200,215,0,177.58
958,39,8,train,3.8024641862636755e-12,3.6285879994202123e-12,0.04572723852905372,28709056709.13269,0,200,221,0,183.08
959,39,9,train,3.6285879994202123e-12,3.4883155229589327e-12,0.038657592563193385,28709056709.13269,0,200,224,0,185.95
960,39,10,train,3.4883155229589327e-12,3.35235381084419e-12,0.03897632287557929,28709056709.13269,0,200,220,0,182.75
961,39,11,train,3.35235381084419e-12,3.2750810615878957e-12,0.023050296483125576,298297869623.7853,1,200,214,0,175.66
962,39,12,train,3.2750810615878957e-12,3.20300096742589e-12,0.022008644307282603,298297869623.7853,0,200,212,0,176.1
963,39,13,train,3.20300096742589e-12,3.1281500232411105e-12,0.023369004551045795,298297869623.7853,0,200,219,0,182.59
964,39,14,train,3.1281500232411105e-12,3.050759412108682e-12,0.024740057400521712,298297869623.7853,0,200,213,0,182.67
965,39,15,train,3.050759412108682e-12,2.960659586560424e-12,0.029533572916515614,298297869623.7853,0,200,218,0,187.16
966,39,16,train,2.960659586560424e-12,2.868455150703936e-12,0.031143207505192234,298297869623.7853,0,200,218,0,189.55
967,39,17,train,2.868455150703936e-12,2.7692482617712005e-12,0.03458547675336307,298297869623.7853,0,200,215,0,187.5
968,39,18,train,2.7692482617712005e-12,2.669115497779538e-12,0.03615882525737077,298297869623.7853,0,200,222,0,192.44
969,39,19,train,2.669115497779538e-12,2.581151203449796e-12,0.03295634617644694,298297869623.7853,0,200,221,0,190.78
970,39,20,train,2.581151203449796e-12,2.502878151857765e-12,0.030324861049370704,298297869623.7853,0,200,219,0,192.49
971,39,21,train,2.502878151857765e-12,2.4274141248978783e-12,0.030150899237293395,298297869623.7853,0,200,218,0,190.9
972,39,22,train,2.4274141248978783e-12,2.370921283270931e-12,0.02327284868597526,298297869623.7853,0,200,224,0,195.6
973,39,23,train,2.370921283270931e-12,2.3117469729703742e-12,0.024958361426035903,298297869623.7853,0,200,225,0,195.43
974,39,24,train,2.3117469729703742e-12,2.258019514571175e-12,0.02324106358844485,298297869623.7853,0,200,223,0,194.19
975,40,0,train,1.213988484039827e-11,5.494763218288563e-12,0.5473792963831526,82373104287.79927,1,200,215,0,185.6
976,40,1,train,5.494763218288563e-12,4.476266750946975e-12,0.1853576627199626,82373104287.79927,0,200,213,0,183.56
977,40,2,train,4.476266750946975e-12,3.846402980153471e-12,0.1407118489219288,82373104287.79927,0,200,216,0,184.67
978,40,3,train,3.846402980153471e-12,3.4755369112664893e-12,0.0964189323897062,82373104287.79927,0,200,220,0,190.65
979,40,4,train,3.4755369112664893e-12,3.206788165955785e-12,0.07732582106652754,82373104287.79927,0,200,217,0,188.83
980,40,5,train,3.206788165955785e-12,3.0196931082033693e-12,0.05834344149659537,82373104287.79927,0,200,219,0,189.54
981,40,6,train,3.0196931082033693e-12,2.8624314951178237e-12,0.052078674040856976,82373104287.79927,0,200,223,0,193.42
982,40,7,train,2.8624314951178237e-12,2.7308382354424968e-12,0.045972544635486653,82373104287.79927,0,200,219,0,187.71
983,40,8,train,2.7308382354424968e-12,2.6178282064901735e-12,0.04138290854639782,82373104287.79927,0,200,217,0,188.76
984,40,9,train,2.6178282064901735e-12,2.520837583160328e-12,0.03705003372237505,82373104287.79927,0,200,220,0,189.78
985,40,10,train,2.520837583160328e-12,2.4220762460842614e-12,0.03917798502204623,82373104287.79927,0,200,220,0,190.02
986,40,11,train,2.4220762460842614e-12,2.342329294522762e-12,0.03292503763679006,82373104287.79927,0,200,223,0,193.18
987,40,12,train,2.342329294522762e-12,2.2688019375496778e-12,0.03139070033620743,82373104287.79927,0,200,220,0,189.83
988,40,13,train,2.2688019375496778e-12,2.1930605060487463e-12,0.0333838887596917,82373104287.79927,0,200,222,0,191.96
989,40,14,train,2.1930605060487463e-12,2.124150477103501e-12,0.031421854871391985,82373104287.79927,0,200,223,0,194.27
990,40,15,train,2.124150477103501e-12,2.058497255655339e-12,0.030907989879176076,82373104287.79927,0,200,216,0,188.3
991,40,16,train,2.058497255655339e-12,1.9999838368170105e-12,0.028425308159908354,82373104287.79927,0,200,215,0,184.42
992,40,17,train,1.9999838368170105e-12,1.955655157191209e-12,0.022164518937488383,82373104287.79927,0,200,217,0,189.77
993,40,18,train,1.955655157191209e-12,1.91601190435863e-12,0.02027108546555649,82373104287.79927,0,200,213,0,182.62
994,40,19,train,1.91601190435863e-12,1.872250873406659e-12,0.022839644603679793,82373104287.79927,0,200,219,0,188.71
995,40,20,train,1.872250873406659e-12,1.8329262610483172e-12,0.02100392256022218,82373104287.79927,0,200,224,0,193.53
996,40,21,train,1.8329262610483172e-12,1.7972049503125627e-12,0.01948867856545643,82373104287.79927,0,200,218,0,188.5
997,40,22,train,1.7972049503125627e-12,1.7599741726416491e-12,0.020715933185271127,82373104287.79927,0,200,214,0,184.57
998,40,23,train,1.7599741726416491e-12,1.724881152565601e-12,0.01993950855731878,82373104287.79927,0,200,219,0,189.52
999,40,24,train,1.724881152565601e-12,1.690588450776817e-12,0.019881196880015013,82373104287.79927,0,200,218,0,188.74
