restart,round,in_round,phase,loss_before,loss_after,gain,factor,factor_renewed,n_iter,func_evals,early_stop,wall_s
0,1,0,train,7.978595767673488e-05,1.3033105808083882e-07,0.9983664912739546,12533.533833756239,1,200,204,0,166.24
1,1,1,train,1.3033105808083882e-07,6.355588753760254e-08,0.5123504061619639,7672768.215997621,1,200,205,0,148.21
2,1,2,train,6.355588753760254e-08,4.497980985484218e-08,0.2922794158412139,7672768.215997621,0,200,207,0,157.86
3,1,3,train,4.497980985484218e-08,3.410470198685477e-08,0.24177754203682303,7672768.215997621,0,200,206,0,170.82
4,1,4,train,3.410470198685477e-08,2.72799647237692e-08,0.20011132968457185,7672768.215997621,0,200,206,0,156.34
5,1,5,train,2.72799647237692e-08,2.198036316258702e-08,0.19426717060834778,7672768.215997621,0,200,216,0,165.69
6,1,6,train,2.198036316258702e-08,1.761610851029875e-08,0.19855243609972326,7672768.215997621,0,200,212,0,173.69
7,1,7,train,1.761610851029875e-08,1.4580942806832621e-08,0.17229490279829432,7672768.215997621,0,200,209,0,148.98
8,1,8,train,1.4580942806832621e-08,1.2341833900734597e-08,0.15356406891938287,7672768.215997621,0,200,211,0,159.28
9,1,9,train,1.2341833900734597e-08,1.1241734789018816e-08,0.08913578975084911,81025235.63702142,1,200,212,0,157.5
10,1,10,train,1.1241734789018816e-08,1.0014901799332681e-08,0.10913199899401052,81025235.63702142,0,200,208,0,149.82
11,1,11,train,1.0014901799332681e-08,8.913033686479525e-09,0.11002285743097112,81025235.63702142,0,200,207,0,156.17
12,1,12,train,8.913033686479525e-09,8.17143827590373e-09,0.08320347893453439,81025235.63702142,0,200,215,0,157.28
13,1,13,train,8.17143827590373e-09,7.509825888790437e-09,0.08096645471388841,81025235.63702142,0,200,216,0,162.76
14,1,14,train,7.509825888790437e-09,6.927825245982263e-09,0.07749855341878154,81025235.63702142,0,200,216,0,152.01
15,1,15,train,6.927825245982263e-09,6.425130281028656e-09,0.07256172710839386,81025235.63702142,0,200,212,0,144.5
16,1,16,train,6.425130281028656e-09,5.986442508439774e-09,0.06827686807910908,81025235.63702142,0,200,218,0,156.9
17,1,17,train,5.986442508439774e-09,5.573827302467562e-09,0.0689249425498534,81025235.63702142,0,200,217,0,157.66
18,1,18,train,5.573827302467562e-09,5.212980277118159e-09,0.06473954174892614,81025235.63702142,0,200,212,0,144.8
19,1,19,train,5.212980277118159e-09,4.8915995285655085e-09,0.06165009868986426,81025235.63702142,0,200,221,0,147.9
20,1,20,train,4.8915995285655085e-09,4.61016449017333e-09,0.05753435798427085,81025235.63702142,0,200,218,0,161.63
21,1,21,train,4.61016449017333e-09,4.336282548720677e-09,0.05940827969076553,81025235.63702142,0,200,217,0,148.37
22,1,22,train,4.336282548720677e-09,4.088999225634391e-09,0.057026570641537606,81025235.63702142,0,200,223,0,136.05
23,1,23,train,4.088999225634391e-09,3.842554487969513e-09,0.06027018447934365,81025235.63702142,0,200,223,0,150.28
24,1,24,train,3.842554487969513e-09,3.590907364393517e-09,0.06548953941027168,81025235.63702142,0,200,215,0,141.29
25,2,0,train,1.3474448066081556e-08,6.4727763387553755e-09,0.5196258646727862,74214542.5991319,1,200,212,0,153.71
26,2,1,train,6.4727763387553755e-09,5.4100918403467796e-09,0.1641775403308521,74214542.5991319,0,200,216,0,169.4
27,2,2,train,5.4100918403467796e-09,4.834569239145392e-09,0.1063794512524389,74214542.5991319,0,200,217,0,152.07
28,2,3,train,4.834569239145392e-09,4.424763866412442e-09,0.0847656435271969,74214542.5991319,0,200,217,0,156.56
29,2,4,train,4.424763866412442e-09,4.119393707155936e-09,0.06901388830588535,74214542.5991319,0,200,213,0,153.92
30,2,5,train,4.119393707155936e-09,3.852841883882189e-09,0.0647065666024375,74214542.5991319,0,200,217,0,166.76
31,2,6,train,3.852841883882189e-09,3.63241859622013e-09,0.05721057191164992,74214542.5991319,0,200,218,0,162.96
32,2,7,train,3.63241859622013e-09,3.426530468149119e-09,0.05668072734933606,74214542.5991319,0,200,221,0,170.69
33,2,8,train,3.426530468149119e-09,3.2613618363310312e-09,0.048202878495723814,74214542.5991319,0,200,220,0,170.04
34,2,9,train,3.2613618363310312e-09,3.1082505334293477e-09,0.046947045616358464,74214542.5991319,0,200,214,0,141.82
35,2,10,train,3.1082505334293477e-09,2.9510899279197627e-09,0.05056239959402146,74214542.5991319,0,200,217,0,169.77
36,2,11,train,2.9510899279197627e-09,2.82234577595534e-09,0.043625967052510324,74214542.5991319,0,200,223,0,142.85
37,2,12,train,2.82234577595534e-09,2.705406339444204e-09,0.041433419500682196,74214542.5991319,0,200,216,0,154.24
38,2,13,train,2.705406339444204e-09,2.5973154666665264e-09,0.03995365546451839,74214542.5991319,0,200,219,0,161.73
39,2,14,train,2.5973154666665264e-09,2.4893716065234285e-09,0.04155978029177807,74214542.5991319,0,200,217,0,170.07
40,2,15,train,2.4893716065234285e-09,2.3981559256075355e-09,0.03664205081991827,74214542.5991319,0,200,221,0,157.1
41,2,16,train,2.3981559256075355e-09,2.3053038624396697e-09,0.03871810926737101,74214542.5991319,0,200,215,0,139.12
42,2,17,train,2.3053038624396697e-09,2.2227941375681558e-09,0.03579125781023724,74214542.5991319,0,200,214,0,144.08
43,2,18,train,2.2227941375681558e-09,2.1459424450571294e-09,0.03457436350588266,74214542.5991319,0,200,219,0,153.38
44,2,19,train,2.1459424450571294e-09,2.0758868307420026e-09,0.032645616603786294,74214542.5991319,0,200,217,0,145.37
45,2,20,train,2.0758868307420026e-09,2.0056847784001337e-09,0.033817861023173405,74214542.5991319,0,200,215,0,156.34
46,2,21,train,2.0056847784001337e-09,1.9441398141707212e-09,0.03068526265553293,74214542.5991319,0,200,218,0,150.37
47,2,22,train,1.9441398141707212e-09,1.887188037142553e-09,0.029294074743519038,74214542.5991319,0,200,220,0,155.38
48,2,23,train,1.887188037142553e-09,1.8333319323869922e-09,0.028537752304272645,74214542.5991319,0,200,222,0,143.13
49,2,24,train,1.8333319323869922e-09,1.7830338761470228e-09,0.027435324368392754,74214542.5991319,0,200,219,0,159.16
50,3,0,train,1.838673497617413e-08,6.3620332580586094e-09,0.6539878740677642,54387035.07152403,1,200,213,0,146.76
51,3,1,train,6.3620332580586094e-09,5.179226330860135e-09,0.1859164954380341,54387035.07152403,0,200,215,0,156.49
52,3,2,train,5.179226330860135e-09,4.491783832760077e-09,0.13273073122986906,54387035.07152403,0,200,209,0,155.31
53,3,3,train,4.491783832760077e-09,4.051412902129468e-09,0.0980392082581617,54387035.07152403,0,200,217,0,159.09
54,3,4,train,4.051412902129468e-09,3.672053678402251e-09,0.09363627773605156,54387035.07152403,0,200,216,0,155.57
55,3,5,train,3.672053678402251e-09,3.3811168476215313e-09,0.07923000485856437,54387035.07152403,0,200,220,0,168.31
56,3,6,train,3.3811168476215313e-09,3.1456730819617937e-09,0.06963490949014735,54387035.07152403,0,200,217,0,150.12
57,3,7,train,3.1456730819617937e-09,2.952218730461141e-09,0.06149855578126546,54387035.07152403,0,200,206,0,133.79
58,3,8,train,2.952218730461141e-09,2.78712639126602e-09,0.05592144562043792,54387035.07152403,0,200,214,0,141.66
59,3,9,train,2.78712639126602e-09,2.6349571718973288e-09,0.054597172143158616,54387035.07152403,0,200,217,0,141.58
60,3,10,train,2.6349571718973288e-09,2.49593168259222e-09,0.05276195407950483,54387035.07152403,0,200,214,0,156.66
61,3,11,train,2.49593168259222e-09,2.3787818593836888e-09,0.04693631000623461,54387035.07152403,0,200,224,0,149.03
62,3,12,train,2.3787818593836888e-09,2.2634259158526342e-09,0.04849370406790548,54387035.07152403,0,200,213,0,147.64
63,3,13,train,2.2634259158526342e-09,2.165267502944699e-09,0.043367186096284954,54387035.07152403,0,200,217,0,152.87
64,3,14,train,2.165267502944699e-09,2.0797585074218534e-09,0.03949119238456944,54387035.07152403,0,200,222,0,165.37
65,3,15,train,2.0797585074218534e-09,2.0018153607254155e-09,0.03747701784523972,54387035.07152403,0,200,219,0,149.96
66,3,16,train,2.0018153607254155e-09,1.9286994776110055e-09,0.036524788723728406,54387035.07152403,0,200,219,0,141.21
67,3,17,train,1.9286994776110055e-09,1.8642073005710165e-09,0.03343816794095502,54387035.07152403,0,200,214,0,123.93
68,3,18,train,1.8642073005710165e-09,1.8031760672223716e-09,0.032738437045038246,54387035.07152403,0,200,224,0,136.22
69,3,19,train,1.8031760672223716e-09,1.7671316648171504e-09,0.019989397075763252,554577014.5121818,1,200,216,0,158.67
70,3,20,train,1.7671316648171504e-09,1.732959337452856e-09,0.019337736991901094,554577014.5121818,0,200,213,0,157.67
71,3,21,train,1.732959337452856e-09,1.701072607973076e-09,0.018400160229176444,554577014.5121818,0,200,211,0,152.82
72,3,22,train,1.701072607973076e-09,1.6686003517619813e-09,0.01908928287886977,554577014.5121818,0,200,217,0,175.41
73,3,23,train,1.6686003517619813e-09,1.6351014756525034e-09,0.02007603322994887,554577014.5121818,0,200,212,0,154.63
74,3,24,train,1.6351014756525034e-09,1.5991179381476095e-09,0.02200691396877018,554577014.5121818,0,200,220,0,152.33
75,4,0,train,2.1729153003729603e-08,9.971416595722855e-09,0.5411042209509337,46021121.93827157,1,200,225,0,154.33
76,4,1,train,9.971416595722855e-09,7.730958261846378e-09,0.22468806837711505,46021121.93827157,0,200,218,0,146.44
77,4,2,train,7.730958261846378e-09,6.262782366448658e-09,0.18990865629729542,46021121.93827157,0,200,212,0,165.38
78,4,3,train,6.262782366448658e-09,5.312949392497376e-09,0.15166309770554745,46021121.93827157,0,200,213,0,146.5
79,4,4,train,5.312949392497376e-09,4.543370375172979e-09,0.14484967961696554,46021121.93827157,0,200,215,0,150.21
80,4,5,train,4.543370375172979e-09,3.801929721033008e-09,0.16319177018706998,46021121.93827157,0,200,210,0,139.95
81,4,6,train,3.801929721033008e-09,3.288419904183983e-09,0.13506557315044251,46021121.93827157,0,200,219,0,158.41
82,4,7,train,3.288419904183983e-09,2.8888865827127616e-09,0.12149705120166675,46021121.93827157,0,200,211,0,136.14
83,4,8,train,2.8888865827127616e-09,2.6090252438300774e-09,0.09687515617864272,46021121.93827157,0,200,214,0,140.0
84,4,9,train,2.6090252438300774e-09,2.374338665202435e-09,0.08995182364855918,46021121.93827157,0,200,218,0,133.98
85,4,10,train,2.374338665202435e-09,2.1922862535442155e-09,0.07667499768517558,46021121.93827157,0,200,222,0,143.02
86,4,11,train,2.1922862535442155e-09,2.04592415680368e-09,0.06676231103667025,46021121.93827157,0,200,217,0,145.76
87,4,12,train,2.04592415680368e-09,1.9620664907646068e-09,0.04098767090666888,488776671.74245924,1,200,222,0,140.38
88,4,13,train,1.9620664907646068e-09,1.8887264238219757e-09,0.03737899163348476,488776671.74245924,0,200,215,0,168.66
89,4,14,train,1.8887264238219757e-09,1.8122726844664497e-09,0.040478990705713896,488776671.74245924,0,200,210,0,148.9
90,4,15,train,1.8122726844664497e-09,1.7437330144416291e-09,0.037819733538057135,488776671.74245924,0,200,215,0,173.17
91,4,16,train,1.7437330144416291e-09,1.662246942031516e-09,0.04673081930275102,488776671.74245924,0,200,211,0,140.18
92,4,17,train,1.662246942031516e-09,1.5894548801239133e-09,0.04379136460834147,488776671.74245924,0,200,213,0,151.05
93,4,18,train,1.5894548801239133e-09,1.5155355042573356e-09,0.04650611778348496,488776671.74245924,0,200,218,0,132.84
94,4,19,train,1.5155355042573356e-09,1.4422265898452364e-09,0.04837162455525785,488776671.74245924,0,200,214,0,145.45
95,4,20,train,1.4422265898452364e-09,1.3845699218359484e-09,0.03997753779832545,488776671.74245924,0,200,223,0,162.93
96,4,21,train,1.3845699218359484e-09,1.336597117215501e-09,0.034648163204957595,488776671.74245924,0,200,220,0,144.7
97,4,22,train,1.336597117215501e-09,1.2939595076447689e-09,0.031900120852840136,488776671.74245924,0,200,217,0,153.03
98,4,23,train,1.2939595076447689e-09,1.255345434382391e-09,0.02984179414753263,488776671.74245924,0,200,215,0,150.56
99,4,24,train,1.255345434382391e-09,1.2204434494457003e-09,0.02780269396834338,488776671.74245924,0,200,211,0,150.95
100,5,0,train,2.2927452011991824e-06,5.9974043845838884e-09,0.9973841819049727,436158.3657342153,1,200,213,0,143.5
101,5,1,train,5.9974043845838884e-09,4.61065396472659e-09,0.23122509854794696,166738798.29922158,1,200,218,0,149.5
102,5,2,train,4.61065396472659e-09,3.903780839909523e-09,0.1533129855818585,166738798.29922158,0,200,215,0,147.8
103,5,3,train,3.903780839909523e-09,3.4477080349484525e-09,0.11682848593817093,166738798.29922158,0,200,209,0,148.77
104,5,4,train,3.4477080349484525e-09,3.133288923470473e-09,0.09119655965377607,166738798.29922158,0,200,217,0,165.7
105,5,5,train,3.133288923470473e-09,2.8588234611575052e-09,0.08759660185086475,166738798.29922158,0,200,218,0,148.43
106,5,6,train,2.8588234611575052e-09,2.6378735775249742e-09,0.07728699817758979,166738798.29922158,0,200,211,0,155.84
107,5,7,train,2.6378735775249742e-09,2.4535799585125497e-09,0.06986446226332835,166738798.29922158,0,200,213,0,148.79
108,5,8,train,2.4535799585125497e-09,2.292199023978983e-09,0.06577366022805378,166738798.29922158,0,200,215,0,155.21
109,5,9,train,2.292199023978983e-09,2.1649494110219177e-09,0.05551420780913483,166738798.29922158,0,200,217,0,163.3
110,5,10,train,2.1649494110219177e-09,2.0447845687312244e-09,0.0555046883215493,166738798.29922158,0,200,216,0,135.95
111,5,11,train,2.0447845687312244e-09,1.9465849467688402e-09,0.04802443419421753,166738798.29922158,0,200,218,0,138.81
112,5,12,train,1.9465849467688402e-09,1.8494422654861202e-09,0.04990415724932443,166738798.29922158,0,200,218,0,142.3
113,5,13,train,1.8494422654861202e-09,1.7653501121556744e-09,0.045468925902557134,166738798.29922158,0,200,222,0,153.51
114,5,14,train,1.7653501121556744e-09,1.688843155973809e-09,0.04333812066799747,166738798.29922158,0,200,222,0,152.28
115,5,15,train,1.688843155973809e-09,1.6278346599483112e-09,0.0361244297966317,166738798.29922158,0,200,215,0,167.98
116,5,16,train,1.6278346599483112e-09,1.5657119160311372e-09,0.03816280943369676,166738798.29922158,0,200,221,0,163.49
117,5,17,train,1.5657119160311372e-09,1.5130475925251825e-09,0.03363602394970044,166738798.29922158,0,200,215,0,147.2
118,5,18,train,1.5130475925251825e-09,1.4646075744859677e-09,0.03201486739645214,166738798.29922158,0,200,217,0,166.49
119,5,19,train,1.4646075744859677e-09,1.4178772410020395e-09,0.03190638523109443,166738798.29922158,0,200,215,0,153.84
120,5,20,train,1.4178772410020395e-09,1.374765834881494e-09,0.03040559850588899,166738798.29922158,0,200,216,0,143.34
121,5,21,train,1.374765834881494e-09,1.3284095543918102e-09,0.03371940101615898,166738798.29922158,0,200,215,0,133.38
122,5,22,train,1.3284095543918102e-09,1.291676950037177e-09,0.027651565914437234,166738798.29922158,0,200,220,0,143.32
123,5,23,train,1.291676950037177e-09,1.256768053974971e-09,0.027026026949850908,166738798.29922158,0,200,215,0,150.28
124,5,24,train,1.256768053974971e-09,1.224126715516519e-09,0.025972444442084762,166738798.29922158,0,200,215,0,144.8
125,6,0,train,1.8740777234908664e-08,4.59170187146177e-09,0.7549887171750405,53359579.886435464,1,200,215,0,149.49
126,6,1,train,4.59170187146177e-09,3.333855319393772e-09,0.2739390725442639,53359579.886435464,0,200,214,0,164.29
127,6,2,train,3.333855319393772e-09,2.7719170048349124e-09,0.16855509934397583,53359579.886435464,0,200,214,0,136.41
128,6,3,train,2.7719170048349124e-09,2.4212458930765723e-09,0.12650851780435074,53359579.886435464,0,200,219,0,139.56
129,6,4,train,2.4212458930765723e-09,2.178211333347831e-09,0.10037582734727026,53359579.886435464,0,200,214,0,138.45
130,6,5,train,2.178211333347831e-09,1.9993147373452873e-09,0.08213004553951443,53359579.886435464,0,200,218,0,144.42
131,6,6,train,1.9993147373452873e-09,1.8731803969108965e-09,0.06308878641182496,53359579.886435464,0,200,218,0,157.17
132,6,7,train,1.8731803969108965e-09,1.798621550066062e-09,0.0398033456723075,533851412.09523773,1,200,217,0,155.8
133,6,8,train,1.798621550066062e-09,1.7270268651165555e-09,0.039805308096568084,533851412.09523773,0,200,208,0,162.14
134,6,9,train,1.7270268651165555e-09,1.6568802098708263e-09,0.04061700293295383,533851412.09523773,0,200,208,0,146.8
135,6,10,train,1.6568802098708263e-09,1.5877949276727344e-09,0.04169600299799463,533851412.09523773,0,200,210,0,140.0
136,6,11,train,1.5877949276727344e-09,1.5153598886576498e-09,0.04561989571364495,533851412.09523773,0,200,215,0,145.04
137,6,12,train,1.5153598886576498e-09,1.4476706076225149e-09,0.044668782341266866,533851412.09523773,0,200,221,0,165.59
138,6,13,train,1.4476706076225149e-09,1.3863410769669188e-09,0.04236428530956812,533851412.09523773,0,200,218,0,160.69
139,6,14,train,1.3863410769669188e-09,1.32875825317276e-09,0.04153582747482343,533851412.09523773,0,200,215,0,170.7
140,6,15,train,1.32875825317276e-09,1.2817755115860317e-09,0.03535838176323238,533851412.09523773,0,200,220,0,156.83
141,6,16,train,1.2817755115860317e-09,1.239657598144083e-09,0.032859040495970424,533851412.09523773,0,200,220,0,144.96
142,6,17,train,1.239657598144083e-09,1.201753782211177e-09,0.03057603647140359,533851412.09523773,0,200,212,0,144.42
143,6,18,train,1.201753782211177e-09,1.1680545388163236e-09,0.028041720270560056,533851412.09523773,0,200,221,0,170.28
144,6,19,train,1.1680545388163236e-09,1.1342447166780372e-09,0.028945413946636796,533851412.09523773,0,200,221,0,148.64
145,6,20,train,1.1342447166780372e-09,1.101160323294792e-09,0.029168655490979384,533851412.09523773,0,200,222,0,152.51
146,6,21,train,1.101160323294792e-09,1.0735463419044195e-09,0.025077167062965453,533851412.09523773,0,200,221,0,160.53
147,6,22,train,1.0735463419044195e-09,1.0474027979797255e-09,0.024352506179022147,533851412.09523773,0,200,216,0,151.78
148,6,23,train,1.0474027979797255e-09,1.0209357278645044e-09,0.025269237552421928,533851412.09523773,0,200,221,0,156.48
149,6,24,train,1.0209357278645044e-09,9.957185464592802e-10,0.02470006751352617,533851412.09523773,0,200,219,0,150.15
150,7,0,train,1.2571958772741841e-08,3.6610084310076935e-09,0.7087957018324473,79542099.84908408,1,200,213,0,146.07
151,7,1,train,3.6610084310076935e-09,2.806660704360444e-09,0.23336404238000902,79542099.84908408,0,200,209,0,155.88
152,7,2,train,2.806660704360444e-09,2.4102469589901416e-09,0.14124035183676872,79542099.84908408,0,200,215,0,151.59
153,7,3,train,2.4102469589901416e-09,2.1423348320396928e-09,0.11115546726493959,79542099.84908408,0,200,215,0,152.59
154,7,4,train,2.1423348320396928e-09,1.9342442953800046e-09,0.09713259269633752,79542099.84908408,0,200,216,0,151.99
155,7,5,train,1.9342442953800046e-09,1.7754385018006872e-09,0.0821022421824531,79542099.84908408,0,200,215,0,151.46
156,7,6,train,1.7754385018006872e-09,1.6369667822452899e-09,0.07799296873136206,79542099.84908408,0,200,220,0,154.41
157,7,7,train,1.6369667822452899e-09,1.5175457041057752e-09,0.07295265819365916,79542099.84908408,0,200,220,0,168.87
158,7,8,train,1.5175457041057752e-09,1.4242886762874752e-09,0.06145253323573032,79542099.84908408,0,200,212,0,162.36
159,7,9,train,1.4242886762874752e-09,1.338036134569147e-09,0.06055832862699756,79542099.84908408,0,200,222,0,166.64
160,7,10,train,1.338036134569147e-09,1.267574207896273e-09,0.052660705381893845,79542099.84908408,0,200,218,0,170.08
161,7,11,train,1.267574207896273e-09,1.206906391809093e-09,0.047861352581374535,79542099.84908408,0,200,221,0,151.04
162,7,12,train,1.206906391809093e-09,1.1691184280487924e-09,0.031309771840431024,828564673.1069586,1,200,216,0,140.57
163,7,13,train,1.1691184280487924e-09,1.1296019731877067e-09,0.03380021554106962,828564673.1069586,0,200,218,0,156.68
164,7,14,train,1.1296019731877067e-09,1.0937004400094319e-09,0.031782463230797746,828564673.1069586,0,200,215,0,139.43
165,7,15,train,1.0937004400094319e-09,1.0580523237840331e-09,0.03259404030695218,828564673.1069586,0,200,217,0,139.91
166,7,16,train,1.0580523237840331e-09,1.017982306869368e-09,0.037871488974532075,828564673.1069586,0,200,219,0,131.98
167,7,17,train,1.017982306869368e-09,9.75992839546029e-10,0.04124773784376534,828564673.1069586,0,200,217,0,142.87
168,7,18,train,9.75992839546029e-10,9.375927099645945e-10,0.03934468371642533,828564673.1069586,0,200,213,0,162.83
169,7,19,train,9.375927099645945e-10,9.020044884898082e-10,0.03795701597992396,828564673.1069586,0,200,217,0,181.8
170,7,20,train,9.020044884898082e-10,8.64671676303955e-10,0.04138872107871451,828564673.1069586,0,200,214,0,145.03
171,7,21,train,8.64671676303955e-10,8.324996363338299e-10,0.03720723235395512,828564673.1069586,0,200,224,0,152.2
172,7,22,train,8.324996363338299e-10,8.025014330890054e-10,0.036033893512471465,828564673.1069586,0,200,219,0,138.91
173,7,23,train,8.025014330890054e-10,7.782179253355069e-10,0.030259768708481814,828564673.1069586,0,200,220,0,148.5
174,7,24,train,7.782179253355069e-10,7.537251966968575e-10,0.031472840500416516,828564673.1069586,0,200,221,0,152.47
175,8,0,train,2.1687433971130702e-08,7.125824535979916e-09,0.6714307213354295,46109650.46999812,1,200,219,0,164.7
176,8,1,train,7.125824535979916e-09,5.479663933035948e-09,0.231013350754306,46109650.46999812,0,200,213,0,140.67
177,8,2,train,5.479663933035948e-09,4.7605993763157496e-09,0.13122420745277505,46109650.46999812,0,200,212,0,130.24
178,8,3,train,4.7605993763157496e-09,4.145857920977574e-09,0.12913110445641554,46109650.46999812,0,200,220,0,138.15
179,8,4,train,4.145857920977574e-09,3.6621733642353555e-09,0.1166669398617905,46109650.46999812,0,200,211,0,160.59
180,8,5,train,3.6621733642353555e-09,3.2505632637059172e-09,0.11239503420269686,46109650.46999812,0,200,220,0,143.27
181,8,6,train,3.2505632637059172e-09,2.9726932773966696e-09,0.08548364199269648,46109650.46999812,0,200,215,0,143.09
182,8,7,train,2.9726932773966696e-09,2.7061882202861975e-09,0.08965104443734045,46109650.46999812,0,200,216,0,146.3
183,8,8,train,2.7061882202861975e-09,2.5028986281353695e-09,0.07512027087655006,46109650.46999812,0,200,215,0,157.71
184,8,9,train,2.5028986281353695e-09,2.3406935979235087e-09,0.06480687167610207,46109650.46999812,0,200,216,0,152.03
185,8,10,train,2.3406935979235087e-09,2.196036690934766e-09,0.06180087266315921,46109650.46999812,0,200,221,0,136.55
186,8,11,train,2.196036690934766e-09,2.0640006450058326e-09,0.06012469940688048,46109650.46999812,0,200,221,0,150.53
187,8,12,train,2.0640006450058326e-09,1.988336403763054e-09,0.036659020153825904,484495972.6246472,1,200,226,0,135.91
188,8,13,train,1.988336403763054e-09,1.919530680279957e-09,0.03460466918619913,484495972.6246472,0,200,210,0,116.88
189,8,14,train,1.919530680279957e-09,1.8507279421416118e-09,0.03584352094247872,484495972.6246472,0,200,215,0,134.26
190,8,15,train,1.8507279421416118e-09,1.7818683657192824e-09,0.037206752464463776,484495972.6246472,0,200,214,0,123.29
191,8,16,train,1.7818683657192824e-09,1.7142598782656117e-09,0.03794247024884993,484495972.6246472,0,200,216,0,131.4
192,8,17,train,1.7142598782656117e-09,1.6475333612006935e-09,0.03892438825111405,484495972.6246472,0,200,215,0,145.18
193,8,18,train,1.6475333612006935e-09,1.5766148511387588e-09,0.04304526495915721,484495972.6246472,0,200,213,0,126.12
194,8,19,train,1.5766148511387588e-09,1.5137618603474849e-09,0.03986578633702223,484495972.6246472,0,200,217,0,122.67
195,8,20,train,1.5137618603474849e-09,1.4546914589358271e-09,0.03902225505806978,484495972.6246472,0,200,217,0,131.18
196,8,21,train,1.4546914589358271e-09,1.3971620091599216e-09,0.039547527018541064,484495972.6246472,0,200,214,0,125.46
197,8,22,train,1.3971620091599216e-09,1.3412944820390425e-09,0.03998643446830537,484495972.6246472,0,200,215,0,164.05
198,8,23,train,1.3412944820390425e-09,1.2965053417195956e-09,0.03339247340476511,484495972.6246472,0,200,218,0,207.91
199,8,24,train,1.2965053417195956e-09,1.25512001462146e-09,0.03192067611788229,484495972.6246472,0,200,216,0,198.54
200,9,0,train,2.016637868583334e-08,4.433167107691189e-09,0.7801703926741472,49587484.97083857,1,200,219,0,199.9
201,9,1,train,4.433167107691189e-09,3.313098368968824e-09,0.2526565571550723,49587484.97083857,0,200,218,0,199.81
202,9,2,train,3.313098368968824e-09,2.7476236071981497e-09,0.1706785307273185,49587484.97083857,0,200,213,0,195.96
203,9,3,train,2.7476236071981497e-09,2.436892410365878e-09,0.11309088916626948,49587484.97083857,0,200,214,0,196.3
204,9,4,train,2.436892410365878e-09,2.1907670207637253e-09,0.10099969475681497,49587484.97083857,0,200,214,0,196.98
205,9,5,train,2.1907670207637253e-09,2.013142832118775e-09,0.08107853868597516,49587484.97083857,0,200,216,0,198.8
206,9,6,train,2.013142832118775e-09,1.9135384618122867e-09,0.049477050866608224,496735742.76273715,1,200,216,0,197.41
207,9,7,train,1.9135384618122867e-09,1.8185401155764874e-09,0.049645381125931295,496735742.76273715,0,200,219,0,201.01
208,9,8,train,1.8185401155764874e-09,1.7187068242988742e-09,0.054897491907108936,496735742.76273715,0,200,213,0,187.02
209,9,9,train,1.7187068242988742e-09,1.6193485632950386e-09,0.05780989497401202,496735742.76273715,0,200,212,0,118.1
210,9,10,train,1.6193485632950386e-09,1.5198949961254436e-09,0.061415787449261475,496735742.76273715,0,200,218,0,122.37
211,9,11,train,1.5198949961254436e-09,1.4650517031310893e-09,0.036083606521609884,657940188.3348694,1,200,218,0,123.04
212,9,12,train,1.4650517031310893e-09,1.4233389690752482e-09,0.028471851175418034,657940188.3348694,0,200,219,0,123.71
213,9,13,train,1.4233389690752482e-09,1.3818368462630212e-09,0.029158284648941466,657940188.3348694,0,200,214,0,121.42
214,9,14,train,1.3818368462630212e-09,1.344472425447718e-09,0.02703967615015465,657940188.3348694,0,200,215,0,122.36
215,9,15,train,1.344472425447718e-09,1.293672584702302e-09,0.03778421913599261,657940188.3348694,0,200,219,0,124.8
216,9,16,train,1.293672584702302e-09,1.220777263745277e-09,0.056347581156942925,657940188.3348694,0,200,216,0,122.64
217,9,17,train,1.220777263745277e-09,1.1650494872755762e-09,0.0456494219909789,657940188.3348694,0,200,217,0,121.84
218,9,18,train,1.1650494872755762e-09,1.1198081000452148e-09,0.03883215925544646,657940188.3348694,0,200,219,0,123.73
219,9,19,train,1.1198081000452148e-09,1.0812974067942812e-09,0.03439043997750924,657940188.3348694,0,200,215,0,121.22
220,9,20,train,1.0812974067942812e-09,1.0531335830497821e-09,0.026046325060555053,657940188.3348694,0,200,214,0,120.93
221,9,21,train,1.0531335830497821e-09,1.0283144368619206e-09,0.023566949708305217,657940188.3348694,0,200,216,0,121.26
222,9,22,train,1.0283144368619206e-09,1.0026579270311175e-09,0.024950062851493593,657940188.3348694,0,200,224,0,126.64
223,9,23,train,1.0026579270311175e-09,9.758925737280417e-10,0.026694401531665257,657940188.3348694,0,200,216,0,118.68
224,9,24,train,9.758925737280417e-10,9.505409869108996e-10,0.025977845819950916,657940188.3348694,0,200,213,0,114.1
225,10,0,train,1.2638618605370274e-08,3.967544081358187e-09,0.6860777110821006,79122571.16257073,1,200,211,0,112.33
226,10,1,train,3.967544081358187e-09,3.085577472284954e-09,0.2222953522349559,79122571.16257073,0,200,211,0,115.37
227,10,2,train,3.085577472284954e-09,2.6604162081048325e-09,0.13778985230446286,79122571.16257073,0,200,216,0,121.51
228,10,3,train,2.6604162081048325e-09,2.3825765663729405e-09,0.10443465232449971,79122571.16257073,0,200,215,0,116.91
229,10,4,train,2.3825765663729405e-09,2.152530901943122e-09,0.09655331445655209,79122571.16257073,0,200,211,0,112.21
230,10,5,train,2.152530901943122e-09,1.9629059293901694e-09,0.0880939606403676,79122571.16257073,0,200,211,0,116.63
231,10,6,train,1.9629059293901694e-09,1.8164004048904694e-09,0.07463705840718307,79122571.16257073,0,200,210,0,118.14
232,10,7,train,1.8164004048904694e-09,1.6908769610344576e-09,0.0691056022218741,79122571.16257073,0,200,212,0,120.58
233,10,8,train,1.6908769610344576e-09,1.5877563425095673e-09,0.06098647086763922,79122571.16257073,0,200,214,0,122.17
234,10,9,train,1.5877563425095673e-09,1.4919963645296077e-09,0.06031150713503296,79122571.16257073,0,200,222,0,127.3
235,10,10,train,1.4919963645296077e-09,1.4106898536070852e-09,0.05449511329617518,79122571.16257073,0,200,217,0,118.58
236,10,11,train,1.4106898536070852e-09,1.3326463167242757e-09,0.05532295896454834,79122571.16257073,0,200,216,0,120.92
237,10,12,train,1.3326463167242757e-09,1.2666519429686252e-09,0.04952129678178127,79122571.16257073,0,200,217,0,128.02
238,10,13,train,1.2666519429686252e-09,1.2086361756069145e-09,0.04580245400779978,79122571.16257073,0,200,217,0,130.47
239,10,14,train,1.2086361756069145e-09,1.1741046028474881e-09,0.028570692700047987,827378842.5188017,1,200,216,0,128.79
240,10,15,train,1.1741046028474881e-09,1.1400334959383876e-09,0.029018800221436686,827378842.5188017,0,200,219,0,128.76
241,10,16,train,1.1400334959383876e-09,1.1067777450391055e-09,0.029170854205391998,827378842.5188017,0,200,218,0,130.07
242,10,17,train,1.1067777450391055e-09,1.070748703215237e-09,0.03255309567378002,827378842.5188017,0,200,220,0,131.85
243,10,18,train,1.070748703215237e-09,1.038300946099162e-09,0.030303802394195004,827378842.5188017,0,200,214,0,128.73
244,10,19,train,1.038300946099162e-09,1.0047974061283838e-09,0.03226765813577372,827378842.5188017,0,200,218,0,132.19
245,10,20,train,1.0047974061283838e-09,9.688330926702773e-10,0.035792601810828356,827378842.5188017,0,200,214,0,127.28
246,10,21,train,9.688330926702773e-10,9.301369302741326e-10,0.03994099983671195,827378842.5188017,0,200,218,0,127.79
247,10,22,train,9.301369302741326e-10,8.920175420753748e-10,0.04098255531851976,827378842.5188017,0,200,216,0,126.71
248,10,23,train,8.920175420753748e-10,8.58518490637003e-10,0.03755425185970295,827378842.5188017,0,200,215,0,128.25
249,10,24,train,8.58518490637003e-10,8.286681833466169e-10,0.03476955664430459,827378842.5188017,0,200,215,0,126.33
250,11,0,train,1.1020476965310246e-08,3.534268196762878e-09,0.6792998880277246,90740174.23635605,1,200,216,0,126.54
251,11,1,train,3.534268196762878e-09,2.62972066215879e-09,0.25593630257957933,90740174.23635605,0,200,214,0,125.53
252,11,2,train,2.62972066215879e-09,2.216665918231846e-09,0.15707171863184097,90740174.23635605,0,200,211,0,123.52
253,11,3,train,2.216665918231846e-09,1.946823706805688e-09,0.12173336956495512,90740174.23635605,0,200,219,0,130.97
254,11,4,train,1.946823706805688e-09,1.7590833863080593e-09,0.09643416599116186,90740174.23635605,0,200,213,0,121.38
255,11,5,train,1.7590833863080593e-09,1.6119243415915828e-09,0.08365666224915691,90740174.23635605,0,200,218,0,114.43
256,11,6,train,1.6119243415915828e-09,1.49483002486806e-09,0.07264256373714545,90740174.23635605,0,200,217,0,105.47
257,11,7,train,1.49483002486806e-09,1.370147154122112e-09,0.08340939683557198,90740174.23635605,0,200,217,0,100.82
258,11,8,train,1.370147154122112e-09,1.282520054571794e-09,0.06395451706533156,90740174.23635605,0,200,223,0,102.33
259,11,9,train,1.282520054571794e-09,1.2085936726789943e-09,0.05764150168979788,90740174.23635605,0,200,219,0,97.82
260,11,10,train,1.2085936726789943e-09,1.1393407334534125e-09,0.05730043172580426,90740174.23635605,0,200,218,0,96.38
261,11,11,train,1.1393407334534125e-09,1.0833358417673727e-09,0.04915552480624961,90740174.23635605,0,200,222,0,97.76
262,11,12,train,1.0833358417673727e-09,1.0509022079868786e-09,0.029938669551984237,923074785.7179569,1,200,216,0,97.51
263,11,13,train,1.0509022079868786e-09,1.0194686864744364e-09,0.029910986268319516,923074785.7179569,0,200,212,0,109.45
264,11,14,train,1.0194686864744364e-09,9.887443886511436e-10,0.030137559133419495,923074785.7179569,0,200,215,0,112.17
265,11,15,train,9.887443886511436e-10,9.567105380861276e-10,0.03239851566562813,923074785.7179569,0,200,219,0,114.71
266,11,16,train,9.567105380861276e-10,9.232004365747796e-10,0.03502637441245716,923074785.7179569,0,200,218,0,111.2
267,11,17,train,9.232004365747796e-10,8.867271619036929e-10,0.03950742788468381,923074785.7179569,0,200,216,0,105.04
268,11,18,train,8.867271619036929e-10,8.532532707792227e-10,0.03774993319546671,923074785.7179569,0,200,219,0,112.6
269,11,19,train,8.532532707792227e-10,8.184415092902326e-10,0.0407988608789025,923074785.7179569,0,200,218,0,110.09
270,11,20,train,8.184415092902326e-10,7.880368544522734e-10,0.03714945355634111,923074785.7179569,0,200,214,0,112.43
271,11,21,train,7.880368544522734e-10,7.5833681325539e-10,0.037688644927052886,923074785.7179569,0,200,217,0,113.63
272,11,22,train,7.5833681325539e-10,7.320668444731845e-10,0.03464155810850552,923074785.7179569,0,200,219,0,114.55
273,11,23,train,7.320668444731845e-10,7.08765847031512e-10,0.031829057165456795,923074785.7179569,0,200,215,0,113.22
274,11,24,train,7.08765847031512e-10,6.878891584114323e-10,0.0294549867315369,923074785.7179569,0,200,217,0,114.41
275,12,0,train,2.1534207746855432e-08,4.938306762936537e-09,0.7706761808473004,46437742.765160546,1,200,215,0,112.71
276,12,1,train,4.938306762936537e-09,3.2577035990221777e-09,0.34031971778824804,46437742.765160546,0,200,216,0,114.09
277,12,2,train,3.2577035990221777e-09,2.480035411518176e-09,0.2387166799758653,46437742.765160546,0,200,211,0,111.27
278,12,3,train,2.480035411518176e-09,2.1003061552824934e-09,0.15311444928249143,46437742.765160546,0,200,211,0,102.73
279,12,4,train,2.1003061552824934e-09,1.9172392641590595e-09,0.0871620028646782,476121063.3435005,1,200,219,0,102.75
280,12,5,train,1.9172392641590595e-09,1.7399440084060134e-09,0.09247424620776865,476121063.3435005,0,200,217,0,104.59
281,12,6,train,1.7399440084060134e-09,1.5728661377538357e-09,0.09602485473382566,476121063.3435005,0,200,212,0,112.15
282,12,7,train,1.5728661377538357e-09,1.4342134921689461e-09,0.08815285818467382,476121063.3435005,0,200,217,0,113.22
283,12,8,train,1.4342134921689461e-09,1.3349756039625958e-09,0.06919324685495316,476121063.3435005,0,200,214,0,111.88
284,12,9,train,1.3349756039625958e-09,1.2608452920535726e-09,0.05552933828077674,476121063.3435005,0,200,218,0,115.05
285,12,10,train,1.2608452920535726e-09,1.200126834506107e-09,0.048156945130494073,476121063.3435005,0,200,218,0,115.72
286,12,11,train,1.200126834506107e-09,1.1372275800011895e-09,0.052410505870242166,476121063.3435005,0,200,215,0,113.3
287,12,12,train,1.1372275800011895e-09,1.0850232959959335e-09,0.0459048698108442,476121063.3435005,0,200,221,0,115.69
288,12,13,train,1.0850232959959335e-09,1.03912471976411e-09,0.04230192697355275,476121063.3435005,0,200,224,0,120.43
289,12,14,train,1.03912471976411e-09,9.995867254365854e-10,0.03804932514405015,476121063.3435005,0,200,217,0,115.79
290,12,15,train,9.995867254365854e-10,9.644802282954698e-10,0.03512101176191813,476121063.3435005,0,200,217,0,115.82
291,12,16,train,9.644802282954698e-10,9.34111711884099e-10,0.03148692479164783,476121063.3435005,0,200,221,0,115.99
292,12,17,train,9.34111711884099e-10,9.031219648420843e-10,0.03317563268691761,476121063.3435005,0,200,219,0,115.13
293,12,18,train,9.031219648420843e-10,8.732621362519207e-10,0.03306289709760825,476121063.3435005,0,200,218,0,116.82
294,12,19,train,8.732621362519207e-10,8.455006582116382e-10,0.031790543626952654,476121063.3435005,0,200,215,0,113.95
295,12,20,train,8.455006582116382e-10,8.215808843514223e-10,0.02829066261262264,476121063.3435005,0,200,217,0,114.89
296,12,21,train,8.215808843514223e-10,7.977576059418053e-10,0.02899687524792369,476121063.3435005,0,200,219,0,115.94
297,12,22,train,7.977576059418053e-10,7.736672848526486e-10,0.030197544855390644,476121063.3435005,0,200,220,0,117.47
298,12,23,train,7.736672848526486e-10,7.526884148055801e-10,0.027116139531561216,476121063.3435005,0,200,220,0,115.94
299,12,24,train,7.526884148055801e-10,7.315453291324046e-10,0.028090090477394636,476121063.3435005,0,200,221,0,116.06
300,13,0,train,2.0552961766137227e-08,4.616653770670814e-09,0.775377688957844,48654788.12146608,1,200,216,0,112.88
301,13,1,train,4.616653770670814e-09,3.331167465650974e-09,0.2784454648053572,48654788.12146608,0,200,213,0,111.89
302,13,2,train,3.331167465650974e-09,2.6460103466152784e-09,0.20568077891628989,48654788.12146608,0,200,213,0,112.67
303,13,3,train,2.6460103466152784e-09,2.2720033434238887e-09,0.14134752105932302,48654788.12146608,0,200,214,0,113.3
304,13,4,train,2.2720033434238887e-09,1.9948659961582342e-09,0.12197928672411679,48654788.12146608,0,200,210,0,110.4
305,13,5,train,1.9948659961582342e-09,1.8510270905625581e-09,0.07210454530413817,501286804.1892671,1,200,225,0,118.3
306,13,6,train,1.8510270905625581e-09,1.7143513630834661e-09,0.07383777805086254,501286804.1892671,0,200,207,0,108.82
307,13,7,train,1.7143513630834661e-09,1.5651054238387606e-09,0.08705679737452934,501286804.1892671,0,200,209,0,110.56
308,13,8,train,1.5651054238387606e-09,1.4169916653007337e-09,0.0946350043147546,501286804.1892671,0,200,215,0,113.85
309,13,9,train,1.4169916653007337e-09,1.3048873213085332e-09,0.07911432843072376,501286804.1892671,0,200,214,0,112.31
310,13,10,train,1.3048873213085332e-09,1.2318993184873254e-09,0.055934333661864274,501286804.1892671,0,200,214,0,113.02
311,13,11,train,1.2318993184873254e-09,1.1695067410959965e-09,0.050647464817126495,501286804.1892671,0,200,215,0,113.84
312,13,12,train,1.1695067410959965e-09,1.107368593780629e-09,0.05313192744586929,501286804.1892671,0,200,214,0,112.82
313,13,13,train,1.107368593780629e-09,1.054418802768499e-09,0.04781586845564752,501286804.1892671,0,200,211,0,111.23
314,13,14,train,1.054418802768499e-09,1.0062853618088697e-09,0.045649262734360756,501286804.1892671,0,200,219,0,115.46
315,13,15,train,1.0062853618088697e-09,9.59364930444396e-10,0.04662736152708295,501286804.1892671,0,200,223,0,118.24
316,13,16,train,9.59364930444396e-10,9.204652138247104e-10,0.04054736147345581,501286804.1892671,0,200,213,0,112.38
317,13,17,train,9.204652138247104e-10,8.847197121507805e-10,0.03883416900178162,501286804.1892671,0,200,215,0,113.45
318,13,18,train,8.847197121507805e-10,8.513156608780537e-10,0.03775664859045648,501286804.1892671,0,200,220,0,116.01
319,13,19,train,8.513156608780537e-10,8.229338562325456e-10,0.03333875546966309,501286804.1892671,0,200,219,0,115.15
320,13,20,train,8.229338562325456e-10,7.92112204298517e-10,0.037453376964137204,501286804.1892671,0,200,214,0,112.93
321,13,21,train,7.92112204298517e-10,7.665106457033964e-10,0.032320621316260324,501286804.1892671,0,200,217,0,114.21
322,13,22,train,7.665106457033964e-10,7.403106705530772e-10,0.03418083662266227,501286804.1892671,0,200,220,0,115.66
323,13,23,train,7.403106705530772e-10,7.151038716600406e-10,0.034048947145669244,501286804.1892671,0,200,221,0,116.49
324,13,24,train,7.151038716600406e-10,6.931205555579175e-10,0.03074143068347688,501286804.1892671,0,200,221,0,116.5
325,14,0,train,2.0303679287539186e-08,3.048635804152474e-09,0.8498481107301824,49252157.00258435,1,200,217,0,114.4
326,14,1,train,3.048635804152474e-09,2.1952785866412972e-09,0.27991445103047047,49252157.00258435,0,200,211,0,110.55
327,14,2,train,2.1952785866412972e-09,1.780616435275973e-09,0.18888816840314715,49252157.00258435,0,200,218,0,114.62
328,14,3,train,1.780616435275973e-09,1.6120230549976506e-09,0.09468259246534054,561603262.8863232,1,200,213,0,112.01
329,14,4,train,1.6120230549976506e-09,1.450583656133732e-09,0.10014707814718818,561603262.8863232,0,200,212,0,111.4
330,14,5,train,1.450583656133732e-09,1.2931770892790523e-09,0.10851257436211459,561603262.8863232,0,200,216,0,112.58
331,14,6,train,1.2931770892790523e-09,1.1859357365316883e-09,0.08292859008749615,561603262.8863232,0,200,216,0,113.12
332,14,7,train,1.1859357365316883e-09,1.097137653644765e-09,0.07487596515694557,561603262.8863232,0,200,224,0,118.24
333,14,8,train,1.097137653644765e-09,1.024541755771513e-09,0.06616844990424281,561603262.8863232,0,200,217,0,113.19
334,14,9,train,1.024541755771513e-09,9.61544667137698e-10,0.06148806359422235,561603262.8863232,0,200,217,0,114.13
335,14,10,train,9.61544667137698e-10,9.085740216564688e-10,0.055089115765064575,561603262.8863232,0,200,216,0,113.05
336,14,11,train,9.085740216564688e-10,8.608685427375758e-10,0.05250588040357861,561603262.8863232,0,200,214,0,110.61
337,14,12,train,8.608685427375758e-10,8.198992600760183e-10,0.04759063739426994,561603262.8863232,0,200,219,0,115.29
338,14,13,train,8.198992600760183e-10,7.815631301143785e-10,0.04675712228119993,561603262.8863232,0,200,214,0,112.6
339,14,14,train,7.815631301143785e-10,7.481074250286501e-10,0.04280614552637901,561603262.8863232,0,200,220,0,114.99
340,14,15,train,7.481074250286501e-10,7.152302374420847e-10,0.04394714781143406,561603262.8863232,0,200,218,0,114.4
341,14,16,train,7.152302374420847e-10,6.84772130331922e-10,0.04258503837742045,561603262.8863232,0,200,216,0,113.53
342,14,17,train,6.84772130331922e-10,6.59190465078213e-10,0.037357924075135905,561603262.8863232,0,200,220,0,115.7
343,14,18,train,6.59190465078213e-10,6.365226792717095e-10,0.034387308384101076,561603262.8863232,0,200,213,0,111.41
344,14,19,train,6.365226792717095e-10,6.136594171106383e-10,0.03591900635375735,561603262.8863232,0,200,214,0,111.93
345,14,20,train,6.136594171106383e-10,5.943346115818322e-10,0.03149109259953228,561603262.8863232,0,200,221,0,115.95
346,14,21,train,5.943346115818322e-10,5.769044408313654e-10,0.029327201227732774,561603262.8863232,0,200,221,0,115.65
347,14,22,train,5.769044408313654e-10,5.606324582759814e-10,0.028205680878335294,561603262.8863232,0,200,225,0,117.87
348,14,23,train,5.606324582759814e-10,5.450348328714693e-10,0.027821481211553194,561603262.8863232,0,200,225,0,117.9
349,14,24,train,5.450348328714693e-10,5.299270674183212e-10,0.02771889894367708,561603262.8863232,0,200,219,0,114.55
350,15,0,train,1.4276054396108515e-08,3.152759552131981e-09,0.7791574993584092,70047365.48724473,1,200,215,0,110.96
351,15,1,train,3.152759552131981e-09,2.3015336797160056e-09,0.26999390798462686,70047365.48724473,0,200,211,0,109.64
352,15,2,train,2.3015336797160056e-09,1.9055452333536648e-09,0.17205416103717555,70047365.48724473,0,200,212,0,110.44
353,15,3,train,1.9055452333536648e-09,1.6476808143450314e-09,0.13532316866328323,70047365.48724473,0,200,216,0,112.4
354,15,4,train,1.6476808143450314e-09,1.4589357669294378e-09,0.11455194827319846,70047365.48724473,0,200,217,0,113.26
355,15,5,train,1.4589357669294378e-09,1.3155138269000507e-09,0.09830586327405035,70047365.48724473,0,200,216,0,112.12
356,15,6,train,1.3155138269000507e-09,1.2462276143479753e-09,0.052668555157147474,760159246.9434206,1,200,214,0,111.25
357,15,7,train,1.2462276143479753e-09,1.1741661415877424e-09,0.05782368479929351,760159246.9434206,0,200,213,0,110.93
358,15,8,train,1.1741661415877424e-09,1.1086150327961619e-09,0.055827796825192386,760159246.9434206,0,200,208,0,108.18
359,15,9,train,1.1086150327961619e-09,1.0450551529470144e-09,0.05733268805568695,760159246.9434206,0,200,216,0,110.91
360,15,10,train,1.0450551529470144e-09,9.798263062697323e-10,0.06241665475103331,760159246.9434206,0,200,218,0,111.88
361,15,11,train,9.798263062697323e-10,9.126178085240219e-10,0.06859225692926929,760159246.9434206,0,200,221,0,109.37
362,15,12,train,9.126178085240219e-10,8.630930499964062e-10,0.05426670186034627,760159246.9434206,0,200,219,0,114.22
363,15,13,train,8.630930499964062e-10,8.232935186420746e-10,0.04611267736948797,760159246.9434206,0,200,216,0,112.03
364,15,14,train,8.232935186420746e-10,7.908696271023056e-10,0.03938314927250771,760159246.9434206,0,200,218,0,113.82
365,15,15,train,7.908696271023056e-10,7.624971579755779e-10,0.03587502687476143,760159246.9434206,0,200,218,0,113.06
366,15,16,train,7.624971579755779e-10,7.359966084401183e-10,0.03475494860311115,760159246.9434206,0,200,219,0,114.43
367,15,17,train,7.359966084401183e-10,7.114951743760434e-10,0.03329014533912548,760159246.9434206,0,200,217,0,112.59
368,15,18,train,7.114951743760434e-10,6.883732823464687e-10,0.03249760906650105,760159246.9434206,0,200,218,0,113.15
369,15,19,train,6.883732823464687e-10,6.667561141119198e-10,0.03140326446265047,760159246.9434206,0,200,216,0,110.69
370,15,20,train,6.667561141119198e-10,6.474444426454722e-10,0.028963621116800148,760159246.9434206,0,200,215,0,112.13
371,15,21,train,6.474444426454722e-10,6.272246660838064e-10,0.03123013378421684,760159246.9434206,0,200,217,0,111.11
372,15,22,train,6.272246660838064e-10,6.09312977352801e-10,0.028557054114023286,760159246.9434206,0,200,217,0,112.82
373,15,23,train,6.09312977352801e-10,5.922298212772429e-10,0.028036750751275465,760159246.9434206,0,200,222,0,114.19
374,15,24,train,5.922298212772429e-10,5.754441168380208e-10,0.028343227301558232,760159246.9434206,0,200,220,0,114.4
375,16,0,train,1.0374115812048251e-08,2.946711972953422e-09,0.7159553617541863,96393757.12758324,1,200,218,0,113.16
376,16,1,train,2.946711972953422e-09,2.07638848570177e-09,0.2953541083214002,96393757.12758324,0,200,211,0,109.58
377,16,2,train,2.07638848570177e-09,1.7440818826370763e-09,0.1600406693414994,96393757.12758324,0,200,211,0,105.15
378,16,3,train,1.7440818826370763e-09,1.5678048048213217e-09,0.10107156067077612,96393757.12758324,0,200,217,0,112.18
379,16,4,train,1.5678048048213217e-09,1.4320207275058519e-09,0.0866077696011046,96393757.12758324,0,200,222,0,114.48
380,16,5,train,1.4320207275058519e-09,1.3161576882979706e-09,0.08090877246566096,96393757.12758324,0,200,215,0,111.26
381,16,6,train,1.3161576882979706e-09,1.221640875006485e-09,0.0718126818175661,96393757.12758324,0,200,218,0,111.55
382,16,7,train,1.221640875006485e-09,1.1436748769239098e-09,0.06382071824681002,96393757.12758324,0,200,218,0,112.9
383,16,8,train,1.1436748769239098e-09,1.0804929226690677e-09,0.05524468144721315,96393757.12758324,0,200,220,0,113.23
384,16,9,train,1.0804929226690677e-09,1.024125600986842e-09,0.05216815445952689,96393757.12758324,0,200,219,0,111.2
385,16,10,train,1.024125600986842e-09,9.91713449428588e-10,0.031648609825808464,976442732.2551113,1,200,214,0,107.9
386,16,11,train,9.91713449428588e-10,9.612925012570406e-10,0.030675139264346438,976442732.2551113,0,200,208,0,108.2
387,16,12,train,9.612925012570406e-10,9.291071039431577e-10,0.033481377699082694,976442732.2551113,0,200,212,0,109.28
388,16,13,train,9.291071039431577e-10,8.983625755809059e-10,0.03309040285212668,976442732.2551113,0,200,213,0,108.58
389,16,14,train,8.983625755809059e-10,8.624103948693592e-10,0.04001967767668756,976442732.2551113,0,200,212,0,102.2
390,16,15,train,8.624103948693592e-10,8.29816261233436e-10,0.037794226310155506,976442732.2551113,0,200,217,0,109.67
391,16,16,train,8.29816261233436e-10,7.952253566458382e-10,0.041685016555571004,976442732.2551113,0,200,216,0,108.56
392,16,17,train,7.952253566458382e-10,7.608570483237537e-10,0.04321832551598421,976442732.2551113,0,200,215,0,104.43
393,16,18,train,7.608570483237537e-10,7.306987493843094e-10,0.0396372735271181,976442732.2551113,0,200,215,0,109.23
394,16,19,train,7.306987493843094e-10,7.023219179994229e-10,0.03883519905952615,976442732.2551113,0,200,213,0,105.89
395,16,20,train,7.023219179994229e-10,6.790417074367516e-10,0.03314749257574856,976442732.2551113,0,200,211,0,107.44
396,16,21,train,6.790417074367516e-10,6.574215144474835e-10,0.03183927106757557,976442732.2551113,0,200,220,0,105.45
397,16,22,train,6.574215144474835e-10,6.360002810729215e-10,0.0325837121295993,976442732.2551113,0,200,218,0,106.6
398,16,23,train,6.360002810729215e-10,6.175436277504471e-10,0.029019882336118307,976442732.2551113,0,200,222,0,112.95
399,16,24,train,6.175436277504471e-10,6.014860087788468e-10,0.026002404121785106,976442732.2551113,0,200,218,0,104.78
400,17,0,train,3.1160707799975846e-08,3.2021495274834663e-09,0.8972375868982684,32091697.223924264,1,200,218,0,93.37
401,17,1,train,3.2021495274834663e-09,2.2611403913811226e-09,0.29386795589207615,32091697.223924264,0,200,211,0,90.65
402,17,2,train,2.2611403913811226e-09,1.901940861342963e-09,0.15885768588599555,442254715.28072256,1,200,221,0,94.3
403,17,3,train,1.901940861342963e-09,1.6002494322479484e-09,0.15862292841323677,442254715.28072256,0,200,215,0,109.22
404,17,4,train,1.6002494322479484e-09,1.4161193318583146e-09,0.11506337492085673,442254715.28072256,0,200,212,0,103.64
405,17,5,train,1.4161193318583146e-09,1.2868246244981726e-09,0.09130212719465802,442254715.28072256,0,200,218,0,94.66
406,17,6,train,1.2868246244981726e-09,1.1794267342970817e-09,0.08345961691786338,442254715.28072256,0,200,222,0,111.43
407,17,7,train,1.1794267342970817e-09,1.0997204858969611e-09,0.06758049998554946,442254715.28072256,0,200,213,0,96.09
408,17,8,train,1.0997204858969611e-09,1.0319548997589774e-09,0.06162073636621613,442254715.28072256,0,200,220,0,101.85
409,17,9,train,1.0319548997589774e-09,9.655763045281368e-10,0.06432315525256384,442254715.28072256,0,200,213,0,103.4
410,17,10,train,9.655763045281368e-10,9.163870897083806e-10,0.050942856187625896,442254715.28072256,0,200,214,0,96.97
411,17,11,train,9.163870897083806e-10,8.718285683115447e-10,0.04862412608957168,442254715.28072256,0,200,217,0,104.4
412,17,12,train,8.718285683115447e-10,8.290207275770659e-10,0.04910121357617814,442254715.28072256,0,200,217,0,103.76
413,17,13,train,8.290207275770659e-10,7.932151396693478e-10,0.043190220360792606,442254715.28072256,0,200,219,0,103.42
414,17,14,train,7.932151396693478e-10,7.631222829117689e-10,0.03793782449755455,442254715.28072256,0,200,215,0,101.84
415,17,15,train,7.631222829117689e-10,7.351062389748559e-10,0.03671239140077917,442254715.28072256,0,200,217,0,104.2
416,17,16,train,7.351062389748559e-10,7.118230986679522e-10,0.03167316378564993,442254715.28072256,0,200,215,0,97.59
417,17,17,train,7.118230986679522e-10,6.913462002474831e-10,0.02876683611249468,442254715.28072256,0,200,219,0,103.6
418,17,18,train,6.913462002474831e-10,6.71390861601689e-10,0.028864465644926725,442254715.28072256,0,200,220,0,102.14
419,17,19,train,6.71390861601689e-10,6.516801261798596e-10,0.02935806331174488,442254715.28072256,0,200,219,0,100.03
420,17,20,train,6.516801261798596e-10,6.318044685107907e-10,0.030499100510521498,442254715.28072256,0,200,218,0,102.67
421,17,21,train,6.318044685107907e-10,6.150861447634189e-10,0.02646123061898909,442254715.28072256,0,200,216,0,99.57
422,17,22,train,6.150861447634189e-10,5.99256251519217e-10,0.025736058890239798,442254715.28072256,0,200,220,0,104.6
423,17,23,train,5.99256251519217e-10,5.83560946837457e-10,0.026191307378053533,442254715.28072256,0,200,221,0,101.91
424,17,24,train,5.83560946837457e-10,5.699920386239163e-10,0.02325191273863661,442254715.28072256,0,200,216,0,102.19
425,18,0,train,2.7174498102323885e-08,3.0623631741505595e-09,0.8873074614802664,36799207.7069671,1,200,214,0,100.61
426,18,1,train,3.0623631741505595e-09,2.3260121009942307e-09,0.24045190961407717,36799207.7069671,0,200,215,0,101.64
427,18,2,train,2.3260121009942307e-09,2.0240663492611678e-09,0.1298126315009278,429920377.27256876,1,200,214,0,98.53
428,18,3,train,2.0240663492611678e-09,1.7437741995538107e-09,0.13847972415018428,429920377.27256876,0,200,212,0,99.01
429,18,4,train,1.7437741995538107e-09,1.5670076573620386e-09,0.10137008692811393,429920377.27256876,0,200,220,0,103.74
430,18,5,train,1.5670076573620386e-09,1.4393596458488346e-09,0.0814597241522684,429920377.27256876,0,200,214,0,99.79
431,18,6,train,1.4393596458488346e-09,1.3281092134933048e-09,0.07729161552943359,429920377.27256876,0,200,219,0,102.21
432,18,7,train,1.3281092134933048e-09,1.2471667545605424e-09,0.06094563467401956,429920377.27256876,0,200,217,0,104.28
433,18,8,train,1.2471667545605424e-09,1.176343885924336e-09,0.05678700813441893,429920377.27256876,0,200,220,0,97.05
434,18,9,train,1.176343885924336e-09,1.1131656367852999e-09,0.053707295880908626,429920377.27256876,0,200,214,0,101.65
435,18,10,train,1.1131656367852999e-09,1.052876180083498e-09,0.05416036455806449,429920377.27256876,0,200,218,0,100.95
436,18,11,train,1.052876180083498e-09,1.004042952510003e-09,0.04638078864090398,429920377.27256876,0,200,224,0,97.89
437,18,12,train,1.004042952510003e-09,9.562359151297754e-10,0.04761453408015552,429920377.27256876,0,200,218,0,102.98
438,18,13,train,9.562359151297754e-10,9.198981903053924e-10,0.03800079483466323,429920377.27256876,0,200,215,0,99.25
439,18,14,train,9.198981903053924e-10,8.860866649009415e-10,0.03675572553656829,429920377.27256876,0,200,214,0,98.3
440,18,15,train,8.860866649009415e-10,8.557275751993937e-10,0.03426198689599032,429920377.27256876,0,200,220,0,107.02
441,18,16,train,8.557275751993937e-10,8.273292982686751e-10,0.033186118752923835,429920377.27256876,0,200,217,0,96.0
442,18,17,train,8.273292982686751e-10,8.00081435025576e-10,0.03293472538700102,429920377.27256876,0,200,218,0,99.16
443,18,18,train,8.00081435025576e-10,7.754049537766232e-10,0.030842461990339694,429920377.27256876,0,200,217,0,102.8
444,18,19,train,7.754049537766232e-10,7.523857136627821e-10,0.02968673336651456,429920377.27256876,0,200,216,0,96.26
445,18,20,train,7.523857136627821e-10,7.2977176741821e-10,0.03005632062640099,429920377.27256876,0,200,223,0,106.11
446,18,21,train,7.2977176741821e-10,7.099242100069209e-10,0.02719693786114228,429920377.27256876,0,200,223,0,100.94
447,18,22,train,7.099242100069209e-10,6.895970452335641e-10,0.028632865997285324,429920377.27256876,0,200,219,0,102.66
448,18,23,train,6.895970452335641e-10,6.712367006762736e-10,0.026624743658917337,429920377.27256876,0,200,217,0,103.54
449,18,24,train,6.712367006762736e-10,6.549438613410095e-10,0.024272867259565817,429920377.27256876,0,200,217,0,104.34
450,19,0,train,9.368575155527637e-09,3.1752898110023645e-09,0.6610701458557566,106739817.25065002,1,200,223,0,102.57
451,19,1,train,3.1752898110023645e-09,2.358830046242152e-09,0.25712921130259775,106739817.25065002,0,200,213,0,98.29
452,19,2,train,2.358830046242152e-09,1.958849945014729e-09,0.1695671554907614,106739817.25065002,0,200,213,0,99.9
453,19,3,train,1.958849945014729e-09,1.7487196165998206e-09,0.10727229461842638,106739817.25065002,0,200,211,0,95.06
454,19,4,train,1.7487196165998206e-09,1.5684300805530173e-09,0.10309802345407158,106739817.25065002,0,200,219,0,101.65
455,19,5,train,1.5684300805530173e-09,1.4406000300158317e-09,0.08150191208530863,106739817.25065002,0,200,216,0,102.11
456,19,6,train,1.4406000300158317e-09,1.3374235015650878e-09,0.0716205236019675,106739817.25065002,0,200,224,0,104.75
457,19,7,train,1.3374235015650878e-09,1.2521833025087393e-09,0.0637346352569685,106739817.25065002,0,200,220,0,105.56
458,19,8,train,1.2521833025087393e-09,1.1759496768242424e-09,0.06088056399711083,106739817.25065002,0,200,217,0,99.87
459,19,9,train,1.1759496768242424e-09,1.1142567903099258e-09,0.05246218246423927,106739817.25065002,0,200,223,0,105.04
460,19,10,train,1.1142567903099258e-09,1.0586465979833612e-09,0.049907878336641634,106739817.25065002,0,200,220,0,103.37
461,19,11,train,1.0586465979833612e-09,1.011571127824671e-09,0.0444675968811171,106739817.25065002,0,200,217,0,101.39
462,19,12,train,1.011571127824671e-09,9.700059785685471e-10,0.0410896951413664,106739817.25065002,0,200,218,0,99.8
463,19,13,train,9.700059785685471e-10,9.337477930996394e-10,0.03737934226180181,106739817.25065002,0,200,213,0,101.4
464,19,14,train,9.337477930996394e-10,9.124172488895913e-10,0.022844010307365676,1070952999.7178701,1,200,219,0,102.47
465,19,15,train,9.124172488895913e-10,8.913841303950523e-10,0.023052083375381376,1070952999.7178701,0,200,213,0,98.31
466,19,16,train,8.913841303950523e-10,8.69684907285099e-10,0.024343290810367502,1070952999.7178701,0,200,217,0,102.56
467,19,17,train,8.69684907285099e-10,8.469884262238754e-10,0.026097361091473155,1070952999.7178701,0,200,216,0,99.98
468,19,18,train,8.469884262238754e-10,8.24271669236567e-10,0.026820622672008028,1070952999.7178701,0,200,217,0,100.4
469,19,19,train,8.24271669236567e-10,7.995615083783865e-10,0.029978175619048968,1070952999.7178701,0,200,221,0,103.86
470,19,20,train,7.995615083783865e-10,7.770790713482468e-10,0.028118458423213782,1070952999.7178701,0,200,218,0,101.24
471,19,21,train,7.770790713482468e-10,7.517503170142296e-10,0.032594822416297055,1070952999.7178701,0,200,219,0,100.35
472,19,22,train,7.517503170142296e-10,7.258700781453712e-10,0.034426641776020166,1070952999.7178701,0,200,219,0,103.62
473,19,23,train,7.258700781453712e-10,7.037248250336713e-10,0.030508563141605015,1070952999.7178701,0,200,222,0,104.98
474,19,24,train,7.037248250336713e-10,6.80672894329576e-10,0.03275702360363995,1070952999.7178701,0,200,218,0,102.06
475,20,0,train,2.6773735159501148e-08,3.4227822866422118e-09,0.8721589548021066,37350037.04349155,1,200,214,0,99.32
476,20,1,train,3.4227822866422118e-09,2.394519551779325e-09,0.30041721872752364,37350037.04349155,0,200,214,0,100.5
477,20,2,train,2.394519551779325e-09,2.000634644415736e-09,0.16449433752624823,417620311.0377268,1,200,216,0,97.82
478,20,3,train,2.000634644415736e-09,1.596491135888407e-09,0.20200765274928792,417620311.0377268,0,200,217,0,99.98
479,20,4,train,1.596491135888407e-09,1.4200801829559619e-09,0.11049917470057039,417620311.0377268,0,200,216,0,103.35
480,20,5,train,1.4200801829559619e-09,1.2832587515921976e-09,0.09634768022673497,417620311.0377268,0,200,219,0,102.83
481,20,6,train,1.2832587515921976e-09,1.174033431677481e-09,0.0851155854415142,417620311.0377268,0,200,219,0,102.46
482,20,7,train,1.174033431677481e-09,1.0906897171352809e-09,0.07098921742212833,417620311.0377268,0,200,218,0,101.36
483,20,8,train,1.0906897171352809e-09,1.0265868897792047e-09,0.05877274384179912,417620311.0377268,0,200,219,0,100.9
484,20,9,train,1.0265868897792047e-09,9.728567337417246e-10,0.05233863453003592,417620311.0377268,0,200,213,0,95.1
485,20,10,train,9.728567337417246e-10,9.31334961825084e-10,0.042680253398609785,417620311.0377268,0,200,215,0,99.82
486,20,11,train,9.31334961825084e-10,8.930256157367827e-10,0.041133800038203924,417620311.0377268,0,200,214,0,100.58
487,20,12,train,8.930256157367827e-10,8.558147094974478e-10,0.04166835260221996,417620311.0377268,0,200,217,0,100.46
488,20,13,train,8.558147094974478e-10,8.214330285360958e-10,0.0401742112863912,417620311.0377268,0,200,214,0,102.11
489,20,14,train,8.214330285360958e-10,7.88125358558292e-10,0.04054824778249132,417620311.0377268,0,200,217,0,98.81
490,20,15,train,7.88125358558292e-10,7.605674117625368e-10,0.03496645108103938,417620311.0377268,0,200,220,0,99.87
491,20,16,train,7.605674117625368e-10,7.378702178020687e-10,0.029842448689551,417620311.0377268,0,200,222,0,101.2
492,20,17,train,7.378702178020687e-10,7.139133510175973e-10,0.03246758875271179,417620311.0377268,0,200,217,0,99.45
493,20,18,train,7.139133510175973e-10,6.949959788889558e-10,0.026498134684940514,417620311.0377268,0,200,214,0,99.11
494,20,19,train,6.949959788889558e-10,6.753367935551962e-10,0.028286761263262943,417620311.0377268,0,200,217,0,102.12
495,20,20,train,6.753367935551962e-10,6.558679788626049e-10,0.02882830445251029,417620311.0377268,0,200,215,0,101.6
496,20,21,train,6.558679788626049e-10,6.382195697668446e-10,0.02690847802383314,417620311.0377268,0,200,217,0,98.6
497,20,22,train,6.382195697668446e-10,6.201870116259245e-10,0.028254473844335035,417620311.0377268,0,200,216,0,101.72
498,20,23,train,6.201870116259245e-10,6.047004870247892e-10,0.02497073352203037,417620311.0377268,0,200,212,0,96.64
499,20,24,train,6.047004870247892e-10,5.894949261920332e-10,0.025145607055105015,417620311.0377268,0,200,213,0,97.29
500,21,0,train,7.816405937229903e-09,2.3513069132703395e-09,0.6991831115025697,127936037.1033129,1,200,225,0,107.3
501,21,1,train,2.3513069132703395e-09,1.828434743984784e-09,0.22237512522697994,127936037.1033129,0,200,210,0,98.56
502,21,2,train,1.828434743984784e-09,1.55632096367832e-09,0.14882334805858874,127936037.1033129,0,200,212,0,98.17
503,21,3,train,1.55632096367832e-09,1.4017071856800133e-09,0.09934568871505879,127936037.1033129,0,200,215,0,101.57
504,21,4,train,1.4017071856800133e-09,1.2676207983580774e-09,0.09565934218770969,127936037.1033129,0,200,213,0,99.43
505,21,5,train,1.2676207983580774e-09,1.1644299713231384e-09,0.08140512302149022,127936037.1033129,0,200,210,0,97.68
506,21,6,train,1.1644299713231384e-09,1.0842546463638946e-09,0.06885371120097568,127936037.1033129,0,200,207,0,97.81
507,21,7,train,1.0842546463638946e-09,1.0058658753984036e-09,0.07229738071990005,127936037.1033129,0,200,211,0,99.09
508,21,8,train,1.0058658753984036e-09,9.48317677833361e-10,0.05721259560798691,127936037.1033129,0,200,217,0,101.83
509,21,9,train,9.48317677833361e-10,8.938535158679202e-10,0.05743240186123709,127936037.1033129,0,200,218,0,101.62
510,21,10,train,8.938535158679202e-10,8.462482738388946e-10,0.05325843796989664,127936037.1033129,0,200,217,0,92.32
511,21,11,train,8.462482738388946e-10,8.042236379080265e-10,0.04965993695943242,127936037.1033129,0,200,213,0,89.98
512,21,12,train,8.042236379080265e-10,7.643484694317649e-10,0.0495821890786327,127936037.1033129,0,200,221,0,92.81
513,21,13,train,7.643484694317649e-10,7.415539098625803e-10,0.029822208692496813,1308303790.734904,1,200,217,0,90.9
514,21,14,train,7.415539098625803e-10,7.216472503716853e-10,0.02684452097971408,1308303790.734904,0,200,211,0,88.62
515,21,15,train,7.216472503716853e-10,7.034012892357183e-10,0.025283767279054042,1308303790.734904,0,200,211,0,88.86
516,21,16,train,7.034012892357183e-10,6.837296148338342e-10,0.027966503193729432,1308303790.734904,0,200,214,0,89.73
517,21,17,train,6.837296148338342e-10,6.63712119488001e-10,0.02927691723679116,1308303790.734904,0,200,215,0,90.05
518,21,18,train,6.63712119488001e-10,6.415226562880928e-10,0.033432361031806225,1308303790.734904,0,200,218,0,91.21
519,21,19,train,6.415226562880928e-10,6.17976012581537e-10,0.03670430572600317,1308303790.734904,0,200,226,0,94.47
520,21,20,train,6.17976012581537e-10,5.994831711863114e-10,0.02992485309902811,1308303790.734904,0,200,219,0,91.75
521,21,21,train,5.994831711863114e-10,5.809226061098948e-10,0.03096094430755612,1308303790.734904,0,200,215,0,90.05
522,21,22,train,5.809226061098948e-10,5.646564584364002e-10,0.028000541728647316,1308303790.734904,0,200,211,0,88.49
523,21,23,train,5.646564584364002e-10,5.468865862868723e-10,0.03147023625433189,1308303790.734904,0,200,210,0,88.07
524,21,24,train,5.468865862868723e-10,5.318770295094427e-10,0.027445465209410425,1308303790.734904,0,200,220,0,92.31
525,22,0,train,8.417649491100687e-09,2.3020125644816925e-09,0.7265254906473086,118798008.99968818,1,200,216,0,90.24
526,22,1,train,2.3020125644816925e-09,1.8059530075250602e-09,0.2154895088803836,118798008.99968818,0,200,216,0,90.64
527,22,2,train,1.8059530075250602e-09,1.519846973452283e-09,0.15842385315710222,118798008.99968818,0,200,218,0,91.43
528,22,3,train,1.519846973452283e-09,1.3598753658132472e-09,0.1052550753025257,118798008.99968818,0,200,218,0,91.11
529,22,4,train,1.3598753658132472e-09,1.2326093290394994e-09,0.09358654474753186,118798008.99968818,0,200,220,0,107.12
530,22,5,train,1.2326093290394994e-09,1.1296130909380446e-09,0.08355951531026766,118798008.99968818,0,200,222,0,107.57
531,22,6,train,1.1296130909380446e-09,1.0499645000311787e-09,0.07050962098954147,118798008.99968818,0,200,214,0,104.6
532,22,7,train,1.0499645000311787e-09,9.75696851041868e-10,0.07073348573890384,118798008.99968818,0,200,216,0,105.45
533,22,8,train,9.75696851041868e-10,9.162481931048841e-10,0.06092943507351026,118798008.99968818,0,200,215,0,104.91
534,22,9,train,9.162481931048841e-10,8.660356241932553e-10,0.05480236609414071,118798008.99968818,0,200,216,0,104.73
535,22,10,train,8.660356241932553e-10,8.207678732335185e-10,0.05227007953847791,118798008.99968818,0,200,214,0,104.27
536,22,11,train,8.207678732335185e-10,7.933200091772729e-10,0.03344168911986196,1218371274.7678268,1,200,219,0,106.22
537,22,12,train,7.933200091772729e-10,7.673728485924064e-10,0.03270705425894334,1218371274.7678268,0,200,213,0,103.8
538,22,13,train,7.673728485924064e-10,7.449813535379338e-10,0.029179420532724477,1218371274.7678268,0,200,214,0,104.3
539,22,14,train,7.449813535379338e-10,7.208170294612231e-10,0.03243614616923465,1218371274.7678268,0,200,216,0,105.39
540,22,15,train,7.208170294612231e-10,6.966938904908216e-10,0.033466383262937646,1218371274.7678268,0,200,216,0,105.8
541,22,16,train,6.966938904908216e-10,6.725291029147093e-10,0.034684942563638965,1218371274.7678268,0,200,219,0,107.25
542,22,17,train,6.725291029147093e-10,6.485065802717666e-10,0.03571967746649213,1218371274.7678268,0,200,215,0,104.11
543,22,18,train,6.485065802717666e-10,6.264981889416227e-10,0.033937036260944305,1218371274.7678268,0,200,223,0,108.55
544,22,19,train,6.264981889416227e-10,6.057816242421301e-10,0.033067237966785096,1218371274.7678268,0,200,220,0,107.45
545,22,20,train,6.057816242421301e-10,5.873367200734599e-10,0.030448107751280797,1218371274.7678268,0,200,217,0,105.96
546,22,21,train,5.873367200734599e-10,5.688185656393492e-10,0.03152902551673346,1218371274.7678268,0,200,213,0,103.78
547,22,22,train,5.688185656393492e-10,5.523959120693429e-10,0.028871514683328478,1218371274.7678268,0,200,215,0,104.48
548,22,23,train,5.523959120693429e-10,5.369823900697235e-10,0.027903034151499154,1218371274.7678268,0,200,214,0,104.06
549,22,24,train,5.369823900697235e-10,5.23064041172131e-10,0.025919563015437602,1218371274.7678268,0,200,215,0,104.69
550,23,0,train,5.995040000836933e-08,3.778759151571791e-09,0.9369685748377949,16680455.841168627,1,200,212,0,102.19
551,23,1,train,3.778759151571791e-09,2.5951471198814564e-09,0.31322769835648456,264637136.13079727,1,200,220,0,105.96
552,23,2,train,2.5951471198814564e-09,2.036543290023716e-09,0.2152493882054967,264637136.13079727,0,200,217,0,105.42
553,23,3,train,2.036543290023716e-09,1.6748475711544325e-09,0.17760276476375397,264637136.13079727,0,200,211,0,102.81
554,23,4,train,1.6748475711544325e-09,1.4567135724327347e-09,0.13024110520776722,264637136.13079727,0,200,217,0,105.58
555,23,5,train,1.4567135724327347e-09,1.304591932769876e-09,0.10442796891691836,264637136.13079727,0,200,209,0,100.99
556,23,6,train,1.304591932769876e-09,1.1907115210507674e-09,0.08729197909212931,264637136.13079727,0,200,214,0,102.4
557,23,7,train,1.1907115210507674e-09,1.0897064375126828e-09,0.08482750166803678,264637136.13079727,0,200,223,0,108.05
558,23,8,train,1.0897064375126828e-09,1.0073715374623354e-09,0.07555695480544418,264637136.13079727,0,200,216,0,104.54
559,23,9,train,1.0073715374623354e-09,9.370855807290388e-10,0.0697716325302913,264637136.13079727,0,200,219,0,105.21
560,23,10,train,9.370855807290388e-10,8.815549077224173e-10,0.059258913111670614,264637136.13079727,0,200,216,0,104.14
561,23,11,train,8.815549077224173e-10,8.283301674022642e-10,0.06037597868709548,264637136.13079727,0,200,219,0,105.08
562,23,12,train,8.283301674022642e-10,7.805955075425677e-10,0.05762757622289396,264637136.13079727,0,200,217,0,104.18
563,23,13,train,7.805955075425677e-10,7.459296454929484e-10,0.04440950750376813,264637136.13079727,0,200,213,0,102.38
564,23,14,train,7.459296454929484e-10,7.133760688084742e-10,0.04364161805495894,264637136.13079727,0,200,216,0,104.12
565,23,15,train,7.133760688084742e-10,6.857214775850847e-10,0.03876579609627205,264637136.13079727,0,200,210,0,101.27
566,23,16,train,6.857214775850847e-10,6.577274155214538e-10,0.04082424567219051,264637136.13079727,0,200,221,0,105.78
567,23,17,train,6.577274155214538e-10,6.326168204021088e-10,0.03817781428410891,264637136.13079727,0,200,222,0,106.96
568,23,18,train,6.326168204021088e-10,6.082946852362876e-10,0.03844686764787779,264637136.13079727,0,200,216,0,103.91
569,23,19,train,6.082946852362876e-10,5.855718379635248e-10,0.03735499885871324,264637136.13079727,0,200,222,0,106.01
570,23,20,train,5.855718379635248e-10,5.649359916794114e-10,0.035240503293122456,264637136.13079727,0,200,219,0,105.46
571,23,21,train,5.649359916794114e-10,5.431335052101203e-10,0.038592843774173165,264637136.13079727,0,200,216,0,103.3
572,23,22,train,5.431335052101203e-10,5.265465766698888e-10,0.030539321145018568,264637136.13079727,0,200,222,0,106.57
573,23,23,train,5.265465766698888e-10,5.102650928446644e-10,0.03092126042903108,264637136.13079727,0,200,219,0,105.32
574,23,24,train,5.102650928446644e-10,4.955365376059287e-10,0.028864516592004796,264637136.13079727,0,200,217,0,104.62
575,24,0,train,8.800246728682696e-09,2.2266974765471096e-09,0.7469732900454232,113633177.66315506,1,200,218,0,104.8
576,24,1,train,2.2266974765471096e-09,1.5939190514764427e-09,0.2841779953206317,113633177.66315506,0,200,214,0,102.8
577,24,2,train,1.5939190514764427e-09,1.2842272945123792e-09,0.19429578727802826,113633177.66315506,0,200,217,0,103.86
578,24,3,train,1.2842272945123792e-09,1.101381466906598e-09,0.1423780886663118,113633177.66315506,0,200,223,0,107.46
579,24,4,train,1.101381466906598e-09,9.704280204785575e-10,0.11889926457165081,113633177.66315506,0,200,212,0,101.7
580,24,5,train,9.704280204785575e-10,8.792007591762893e-10,0.09400724152346746,113633177.66315506,0,200,213,0,102.45
581,24,6,train,8.792007591762893e-10,8.318455677556203e-10,0.053861636180836975,1137396652.087614,1,200,221,0,105.34
582,24,7,train,8.318455677556203e-10,7.860190738947377e-10,0.055090146100707,1137396652.087614,0,200,213,0,103.47
583,24,8,train,7.860190738947377e-10,7.43060912334111e-10,0.054652823305887804,1137396652.087614,0,200,214,0,103.2
584,24,9,train,7.43060912334111e-10,7.003784931250811e-10,0.057441346329139276,1137396652.087614,0,200,218,0,104.37
585,24,10,train,7.003784931250811e-10,6.559636264449859e-10,0.06341552048795301,1137396652.087614,0,200,215,0,106.48
586,24,11,train,6.559636264449859e-10,6.17702384869147e-10,0.058328297535637494,1137396652.087614,0,200,213,0,108.16
587,24,12,train,6.17702384869147e-10,5.847561150655358e-10,0.0533368020111991,1137396652.087614,0,200,214,0,108.49
588,24,13,train,5.847561150655358e-10,5.596803522835407e-10,0.042882429334124554,1137396652.087614,0,200,214,0,109.14
589,24,14,train,5.596803522835407e-10,5.403199719391028e-10,0.0345918527699714,1137396652.087614,0,200,217,0,110.12
590,24,15,train,5.403199719391028e-10,5.222256672842295e-10,0.033488128506404036,1137396652.087614,0,200,217,0,109.51
591,24,16,train,5.222256672842295e-10,5.054955836856676e-10,0.032036118955172346,1137396652.087614,0,200,216,0,107.97
592,24,17,train,5.054955836856676e-10,4.898923952272738e-10,0.03086711132989113,1137396652.087614,0,200,219,0,108.3
593,24,18,train,4.898923952272738e-10,4.739102676247257e-10,0.03262375117118043,1137396652.087614,0,200,218,0,109.72
594,24,19,train,4.739102676247257e-10,4.59761982676959e-10,0.029854354113657288,1137396652.087614,0,200,218,0,110.89
595,24,20,train,4.59761982676959e-10,4.467370077712301e-10,0.028329821508710114,1137396652.087614,0,200,214,0,108.73
596,24,21,train,4.467370077712301e-10,4.358161543367572e-10,0.024445822138078513,1137396652.087614,0,200,218,0,110.17
597,24,22,train,4.358161543367572e-10,4.2586253058957563e-10,0.02283904267460991,1137396652.087614,0,200,221,0,111.36
598,24,23,train,4.2586253058957563e-10,4.1662717643590015e-10,0.02168623320978675,1137396652.087614,0,200,214,0,108.26
599,24,24,train,4.1662717643590015e-10,4.0682816327622263e-10,0.02351986071457137,1137396652.087614,0,200,218,0,110.85
600,25,0,train,3.513522584233505e-08,2.9283111140185766e-09,0.9166559757674817,28461464.98352894,1,200,218,0,110.2
601,25,1,train,2.9283111140185766e-09,2.0604237882849183e-09,0.29637811418973176,341493769.296829,1,200,217,0,109.54
602,25,2,train,2.0604237882849183e-09,1.6751096432248588e-09,0.1870072298965215,341493769.296829,0,200,214,0,108.82
603,25,3,train,1.6751096432248588e-09,1.4769758502715288e-09,0.11828108909449665,341493769.296829,0,200,214,0,107.47
604,25,4,train,1.4769758502715288e-09,1.343690266717102e-09,0.09024222266729913,341493769.296829,0,200,218,0,110.15
605,25,5,train,1.343690266717102e-09,1.232847870138954e-09,0.082491031842448,341493769.296829,0,200,216,0,109.57
606,25,6,train,1.232847870138954e-09,1.1439970317478425e-09,0.07206958826241651,341493769.296829,0,200,213,0,108.36
607,25,7,train,1.1439970317478425e-09,1.0626091771588765e-09,0.07114341412636231,341493769.296829,0,200,213,0,107.6
608,25,8,train,1.0626091771588765e-09,9.909068867613158e-10,0.06747757495307244,341493769.296829,0,200,215,0,108.84
609,25,9,train,9.909068867613158e-10,9.335779094338197e-10,0.05785505993895188,341493769.296829,0,200,208,0,105.53
610,25,10,train,9.335779094338197e-10,8.847563170109842e-10,0.052295145300132434,341493769.296829,0,200,215,0,109.12
611,25,11,train,8.847563170109842e-10,8.421453331854443e-10,0.048161265431248525,341493769.296829,0,200,218,0,110.17
612,25,12,train,8.421453331854443e-10,8.02412094656466e-10,0.047180975733352226,341493769.296829,0,200,214,0,108.77
613,25,13,train,8.02412094656466e-10,7.67779554352459e-10,0.043160541241385623,341493769.296829,0,200,218,0,110.72
614,25,14,train,7.67779554352459e-10,7.362631377492447e-10,0.04104878337089232,341493769.296829,0,200,218,0,110.52
615,25,15,train,7.362631377492447e-10,7.073996390936667e-10,0.03920269422127212,341493769.296829,0,200,215,0,109.2
616,25,16,train,7.073996390936667e-10,6.804330550709001e-10,0.0381207206400567,341493769.296829,0,200,214,0,107.85
617,25,17,train,6.804330550709001e-10,6.538511052546318e-10,0.039066223514815174,341493769.296829,0,200,215,0,108.71
618,25,18,train,6.538511052546318e-10,6.314606360774875e-10,0.0342439876559124,341493769.296829,0,200,213,0,107.96
619,25,19,train,6.314606360774875e-10,6.104407142259035e-10,0.03328777860510152,341493769.296829,0,200,216,0,110.19
620,25,20,train,6.104407142259035e-10,5.90690608209592e-10,0.03235384789390472,341493769.296829,0,200,215,0,108.51
621,25,21,train,5.90690608209592e-10,5.716646483332821e-10,0.032209687460544506,341493769.296829,0,200,218,0,110.5
622,25,22,train,5.716646483332821e-10,5.531030421989089e-10,0.03246939650456012,341493769.296829,0,200,214,0,108.88
623,25,23,train,5.531030421989089e-10,5.353251566555812e-10,0.0321420859893487,341493769.296829,0,200,219,0,111.88
624,25,24,train,5.353251566555812e-10,5.186163434242531e-10,0.031212456623028257,341493769.296829,0,200,216,0,109.3
625,26,0,train,1.426211607811711e-08,2.3196735883892632e-09,0.837354178322218,70115822.54153273,1,200,220,0,110.6
626,26,1,train,2.3196735883892632e-09,1.6114558489031737e-09,0.3053092223970452,70115822.54153273,0,200,219,0,110.74
627,26,2,train,1.6114558489031737e-09,1.3288151428189414e-09,0.17539463229886795,70115822.54153273,0,200,209,0,105.88
628,26,3,train,1.3288151428189414e-09,1.2076249466814328e-09,0.09120169708513132,752550123.6226171,1,200,214,0,107.77
629,26,4,train,1.2076249466814328e-09,1.070806892423251e-09,0.11329515395832075,752550123.6226171,0,200,214,0,108.53
630,26,5,train,1.070806892423251e-09,9.516690415968564e-10,0.11125988417648673,752550123.6226171,0,200,216,0,109.48
631,26,6,train,9.516690415968564e-10,8.81301956081538e-10,0.07394071094006137,752550123.6226171,0,200,218,0,110.21
632,26,7,train,8.81301956081538e-10,8.175106904116254e-10,0.0723829843219032,752550123.6226171,0,200,217,0,110.04
633,26,8,train,8.175106904116254e-10,7.644749681754908e-10,0.06487465284329258,752550123.6226171,0,200,215,0,108.89
634,26,9,train,7.644749681754908e-10,7.207523851972577e-10,0.057192955686413395,752550123.6226171,0,200,212,0,107.77
635,26,10,train,7.207523851972577e-10,6.862441154516489e-10,0.047878120772592944,752550123.6226171,0,200,209,0,106.33
636,26,11,train,6.862441154516489e-10,6.560038104603117e-10,0.04406639606874401,752550123.6226171,0,200,212,0,107.96
637,26,12,train,6.560038104603117e-10,6.250030682890816e-10,0.047256954421464645,752550123.6226171,0,200,225,0,114.19
638,26,13,train,6.250030682890816e-10,5.978583367480093e-10,0.04343135724978084,752550123.6226171,0,200,216,0,108.75
639,26,14,train,5.978583367480093e-10,5.773352362814328e-10,0.034327698060061945,752550123.6226171,0,200,218,0,109.58
640,26,15,train,5.773352362814328e-10,5.581591735701659e-10,0.033214779743530466,752550123.6226171,0,200,218,0,110.15
641,26,16,train,5.581591735701659e-10,5.39878541030774e-10,0.03275164756759817,752550123.6226171,0,200,215,0,109.46
642,26,17,train,5.39878541030774e-10,5.233076470536001e-10,0.03069374445877312,752550123.6226171,0,200,214,0,108.8
643,26,18,train,5.233076470536001e-10,5.071112498709373e-10,0.03095004874064819,752550123.6226171,0,200,217,0,110.03
644,26,19,train,5.071112498709373e-10,4.929372318098201e-10,0.027950510000960407,752550123.6226171,0,200,219,0,110.91
645,26,20,train,4.929372318098201e-10,4.80825606011966e-10,0.024570320552550425,752550123.6226171,0,200,216,0,109.6
646,26,21,train,4.80825606011966e-10,4.686695540796464e-10,0.02528162348329075,752550123.6226171,0,200,215,0,109.25
647,26,22,train,4.686695540796464e-10,4.5688019893186895e-10,0.0251549413550638,752550123.6226171,0,200,218,0,110.88
648,26,23,train,4.5688019893186895e-10,4.452579300482381e-10,0.025438329152373748,752550123.6226171,0,200,216,0,109.91
649,26,24,train,4.452579300482381e-10,4.344339188010499e-10,0.0243095305366387,752550123.6226171,0,200,222,0,112.81
650,27,0,train,1.175556684792084e-08,2.8367004770665864e-09,0.7586930078519947,85066080.85656592,1,200,220,0,111.03
651,27,1,train,2.8367004770665864e-09,2.027066010238281e-09,0.28541415400527,85066080.85656592,0,200,217,0,110.17
652,27,2,train,2.027066010238281e-09,1.7074155161726994e-09,0.15769121106618855,85066080.85656592,0,200,215,0,109.35
653,27,3,train,1.7074155161726994e-09,1.5196355561679967e-09,0.10997906381079729,85066080.85656592,0,200,212,0,106.91
654,27,4,train,1.5196355561679967e-09,1.3669027010592533e-09,0.10050623946565428,85066080.85656592,0,200,216,0,109.57
655,27,5,train,1.3669027010592533e-09,1.2351950334236797e-09,0.09635482286596511,85066080.85656592,0,200,215,0,108.98
656,27,6,train,1.2351950334236797e-09,1.1331405487221853e-09,0.08262216244395233,85066080.85656592,0,200,213,0,107.83
657,28,0,train,1.8876376811113278e-08,4.265160586239367e-09,0.7740477090005802,52976268.16875472,1,200,217,0,120.68
658,28,1,train,4.265160586239367e-09,2.9725594055444255e-09,0.30306037828100635,52976268.16875472,0,200,218,0,121.37
659,28,2,train,2.9725594055444255e-09,2.3040280503273544e-09,0.22490092341640833,52976268.16875472,0,200,219,0,119.44
660,28,3,train,2.3040280503273544e-09,1.938318785894751e-09,0.15872604692492503,52976268.16875472,0,200,215,0,119.73
661,28,4,train,1.938318785894751e-09,1.682819456717197e-09,0.1318149166364359,52976268.16875472,0,200,221,0,122.6
662,28,5,train,1.682819456717197e-09,1.5631226439339362e-09,0.07112873119304332,594240811.7569401,1,200,221,0,120.66
663,28,6,train,1.5631226439339362e-09,1.443121267037994e-09,0.07677028885841793,594240811.7569401,0,200,217,0,120.59
664,28,7,train,1.443121267037994e-09,1.3169893220336803e-09,0.08740218018074078,594240811.7569401,0,200,211,0,115.58
665,28,8,train,1.3169893220336803e-09,1.1982847832148926e-09,0.09013325835891021,594240811.7569401,0,200,216,0,117.16
666,28,9,train,1.1982847832148926e-09,1.0875633591747587e-09,0.09239992495196178,594240811.7569401,0,200,219,0,121.53
667,28,10,train,1.0875633591747587e-09,1.008119090772046e-09,0.0730479449611054,594240811.7569401,0,200,214,0,119.14
668,28,11,train,1.008119090772046e-09,9.461540963627522e-10,0.061465946807771815,594240811.7569401,0,200,216,0,119.79
669,28,12,train,9.461540963627522e-10,8.964273349301685e-10,0.05255672582695095,594240811.7569401,0,200,214,0,117.28
670,28,13,train,8.964273349301685e-10,8.479409020877993e-10,0.05408852558712558,594240811.7569401,0,200,214,0,119.39
671,28,14,train,8.479409020877993e-10,8.089973022043819e-10,0.0459272571797521,594240811.7569401,0,200,213,0,121.48
672,28,15,train,8.089973022043819e-10,7.68555006930496e-10,0.04999064293995474,594240811.7569401,0,200,219,0,120.65
673,28,16,train,7.68555006930496e-10,7.352390580036689e-10,0.04334881514842575,594240811.7569401,0,200,216,0,121.69
674,28,17,train,7.352390580036689e-10,7.018806613579129e-10,0.04537081685558313,594240811.7569401,0,200,216,0,121.05
675,28,18,train,7.018806613579129e-10,6.729263778338256e-10,0.04125243095894695,594240811.7569401,0,200,227,0,123.63
676,28,19,train,6.729263778338256e-10,6.472365093212179e-10,0.03817634344384651,594240811.7569401,0,200,220,0,123.29
677,28,20,train,6.472365093212179e-10,6.253394703678195e-10,0.033831588048644966,594240811.7569401,0,200,217,0,120.15
678,28,21,train,6.253394703678195e-10,6.048505348822028e-10,0.03276450065364535,594240811.7569401,0,200,222,0,120.46
679,28,22,train,6.048505348822028e-10,5.840160044707114e-10,0.03444575016462371,594240811.7569401,0,200,221,0,122.89
680,28,23,train,5.840160044707114e-10,5.653841662663374e-10,0.031902958243858186,594240811.7569401,0,200,221,0,122.44
681,28,24,train,5.653841662663374e-10,5.476330523617562e-10,0.03139655293462737,594240811.7569401,0,200,219,0,119.89
682,29,0,train,1.4763123934432499e-08,3.004898889417433e-09,0.7964591435550431,67736341.19995894,1,200,222,0,125.41
683,29,1,train,3.004898889417433e-09,2.157128962096764e-09,0.2821292690766803,67736341.19995894,0,200,213,0,120.17
684,29,2,train,2.157128962096764e-09,1.7235089227706648e-09,0.20101720710504659,67736341.19995894,0,200,213,0,116.5
685,29,3,train,1.7235089227706648e-09,1.4989303083709156e-09,0.1303031341658057,67736341.19995894,0,200,213,0,117.91
686,29,4,train,1.4989303083709156e-09,1.3306991691992168e-09,0.11223413005407683,67736341.19995894,0,200,212,0,117.38
687,29,5,train,1.3306991691992168e-09,1.2414407827178108e-09,0.06707630736338364,751484650.4351366,1,200,220,0,120.63
688,29,6,train,1.2414407827178108e-09,1.1547852099094004e-09,0.0698024215208241,751484650.4351366,0,200,213,0,117.36
689,29,7,train,1.1547852099094004e-09,1.0663941610711102e-09,0.07654328101866237,751484650.4351366,0,200,214,0,119.76
690,29,8,train,1.0663941610711102e-09,9.844254638190006e-10,0.07686529075682336,751484650.4351366,0,200,224,0,122.95
691,29,9,train,9.844254638190006e-10,9.077871669938479e-10,0.07785078671963688,751484650.4351366,0,200,218,0,119.89
692,29,10,train,9.077871669938479e-10,8.458419142974368e-10,0.06823763867641336,751484650.4351366,0,200,217,0,119.95
693,29,11,train,8.458419142974368e-10,7.985151742256581e-10,0.05595222850961307,751484650.4351366,0,200,217,0,119.06
694,29,12,train,7.985151742256581e-10,7.562763445554768e-10,0.05289671509516576,751484650.4351366,0,200,218,0,120.53
695,29,13,train,7.562763445554768e-10,7.222873961202742e-10,0.04494249843974764,751484650.4351366,0,200,223,0,125.75
696,29,14,train,7.222873961202742e-10,6.91141139116915e-10,0.04312169528453581,751484650.4351366,0,200,213,0,116.13
697,29,15,train,6.91141139116915e-10,6.604007682196716e-10,0.04447770383994354,751484650.4351366,0,200,221,0,121.03
698,29,16,train,6.604007682196716e-10,6.345262916435214e-10,0.03917996135271522,751484650.4351366,0,200,221,0,121.38
699,29,17,train,6.345262916435214e-10,6.122971155954801e-10,0.03503271076516675,751484650.4351366,0,200,216,0,117.15
700,29,18,train,6.122971155954801e-10,5.899895269322739e-10,0.036432620855173146,751484650.4351366,0,200,218,0,121.5
701,29,19,train,5.899895269322739e-10,5.706402463761096e-10,0.032795972933237126,751484650.4351366,0,200,225,0,124.96
702,29,20,train,5.706402463761096e-10,5.510950453625376e-10,0.03425135387434585,751484650.4351366,0,200,218,0,120.52
703,29,21,train,5.510950453625376e-10,5.351472174647066e-10,0.028938434544153298,751484650.4351366,0,200,215,0,117.12
704,29,22,train,5.351472174647066e-10,5.201522657560227e-10,0.028020236711167906,751484650.4351366,0,200,220,0,122.31
705,29,23,train,5.201522657560227e-10,5.052831885649058e-10,0.02858600869402189,751484650.4351366,0,200,219,0,118.57
706,29,24,train,5.052831885649058e-10,4.903968423704586e-10,0.029461392208054885,751484650.4351366,0,200,222,0,120.03
707,30,0,train,5.2772875378743234e-08,2.9742592956985126e-09,0.9436403782368749,18949128.55938104,1,200,221,0,124.67
708,30,1,train,2.9742592956985126e-09,2.0072132122096287e-09,0.32513845880467207,336218164.1144194,1,200,219,0,123.17
709,30,2,train,2.0072132122096287e-09,1.5750887905182448e-09,0.21528575990972199,336218164.1144194,0,200,214,0,117.17
710,30,3,train,1.5750887905182448e-09,1.3496709548390182e-09,0.1431143672891344,336218164.1144194,0,200,210,0,116.39
711,30,4,train,1.3496709548390182e-09,1.1967626299116863e-09,0.11329303959539531,336218164.1144194,0,200,219,0,120.32
712,30,5,train,1.1967626299116863e-09,1.0790181553633075e-09,0.09838582155349192,336218164.1144194,0,200,217,0,119.85
713,30,6,train,1.0790181553633075e-09,9.867559043710862e-10,0.08550574476771099,336218164.1144194,0,200,219,0,121.38
714,30,7,train,9.867559043710862e-10,9.147248433879065e-10,0.07299785150927379,336218164.1144194,0,200,214,0,117.68
715,30,8,train,9.147248433879065e-10,8.464243592880128e-10,0.0746677917338794,336218164.1144194,0,200,218,0,121.62
716,30,9,train,8.464243592880128e-10,7.963847457843864e-10,0.05911882491864754,336218164.1144194,0,200,219,0,118.2
717,30,10,train,7.963847457843864e-10,7.522735041064868e-10,0.055389360370599425,336218164.1144194,0,200,221,0,120.91
718,30,11,train,7.522735041064868e-10,7.125726619129724e-10,0.05277447893192654,336218164.1144194,0,200,219,0,119.63
719,30,12,train,7.125726619129724e-10,6.770706831283273e-10,0.04982225768995472,336218164.1144194,0,200,220,0,122.22
720,30,13,train,6.770706831283273e-10,6.450788133100626e-10,0.04725041360593255,336218164.1144194,0,200,221,0,122.47
721,30,14,train,6.450788133100626e-10,6.18484598092506e-10,0.0412263039319101,336218164.1144194,0,200,215,0,117.2
722,30,15,train,6.18484598092506e-10,5.936393984818554e-10,0.04017108863709256,336218164.1144194,0,200,214,0,118.57
723,30,16,train,5.936393984818554e-10,5.698760676368618e-10,0.04002990857036241,336218164.1144194,0,200,218,0,121.07
724,30,17,train,5.698760676368618e-10,5.484848006634363e-10,0.03753669997431177,336218164.1144194,0,200,213,0,117.13
725,30,18,train,5.484848006634363e-10,5.271303213209911e-10,0.038933584516134746,336218164.1144194,0,200,219,0,120.39
726,30,19,train,5.271303213209911e-10,5.098888386101804e-10,0.03270819760017491,336218164.1144194,0,200,216,0,119.7
727,30,20,train,5.098888386101804e-10,4.930939766014238e-10,0.032938281321346304,336218164.1144194,0,200,216,0,119.2
728,30,21,train,4.930939766014238e-10,4.765992450176791e-10,0.03345149680682,336218164.1144194,0,200,213,0,118.32
729,30,22,train,4.765992450176791e-10,4.6252062046620617e-10,0.02953975420366151,336218164.1144194,0,200,218,0,121.36
730,30,23,train,4.6252062046620617e-10,4.497256021683604e-10,0.027663671048760583,336218164.1144194,0,200,215,0,120.09
731,30,24,train,4.497256021683604e-10,4.36365288242433e-10,0.029707701455088113,336218164.1144194,0,200,217,0,118.69
732,31,0,train,2.541748620113252e-08,3.2395696996918716e-09,0.8725456296481621,39342993.720419265,1,200,218,0,121.76
733,31,1,train,3.2395696996918716e-09,2.2996534217621043e-09,0.2901361492605535,39342993.720419265,0,200,214,0,119.47
734,31,2,train,2.2996534217621043e-09,2.01213733045661e-09,0.12502583588669022,434848134.30440843,1,200,209,0,116.98
735,31,3,train,2.01213733045661e-09,1.6979040250064124e-09,0.1561689158557031,434848134.30440843,0,200,209,0,115.88
736,31,4,train,1.6979040250064124e-09,1.494723258198843e-09,0.11966563705319098,434848134.30440843,0,200,214,0,116.89
737,31,5,train,1.494723258198843e-09,1.3656557438762784e-09,0.08634876965659333,434848134.30440843,0,200,219,0,120.84
738,31,6,train,1.3656557438762784e-09,1.2668530497070775e-09,0.07234817018288903,434848134.30440843,0,200,209,0,115.78
739,31,7,train,1.2668530497070775e-09,1.1795122778989369e-09,0.06894309630334446,434848134.30440843,0,200,215,0,118.76
740,31,8,train,1.1795122778989369e-09,1.1069240822004164e-09,0.06154085638499815,434848134.30440843,0,200,221,0,121.95
741,31,9,train,1.1069240822004164e-09,1.0427108214541289e-09,0.05801053728873633,434848134.30440843,0,200,217,0,120.15
742,31,10,train,1.0427108214541289e-09,9.811876041197026e-10,0.05900314456181446,434848134.30440843,0,200,218,0,119.51
743,31,11,train,9.811876041197026e-10,9.269880080589609e-10,0.0552387696635938,434848134.30440843,0,200,218,0,118.94
744,31,12,train,9.269880080589609e-10,8.796759712578892e-10,0.05103845615019267,434848134.30440843,0,200,218,0,119.46
745,31,13,train,8.796759712578892e-10,8.354298339522636e-10,0.05029822201731386,434848134.30440843,0,200,212,0,116.99
746,31,14,train,8.354298339522636e-10,7.952921139957828e-10,0.048044393826105876,434848134.30440843,0,200,218,0,123.13
747,31,15,train,7.952921139957828e-10,7.608850241291623e-10,0.04326346164021317,434848134.30440843,0,200,224,0,125.68
748,31,16,train,7.608850241291623e-10,7.305080019934955e-10,0.039923275097224334,434848134.30440843,0,200,215,0,117.63
749,31,17,train,7.305080019934955e-10,7.044976581691553e-10,0.03560583012555675,434848134.30440843,0,200,216,0,117.79
750,31,18,train,7.044976581691553e-10,6.810590078218733e-10,0.03327001882191369,434848134.30440843,0,200,218,0,119.19
751,31,19,train,6.810590078218733e-10,6.584329472127622e-10,0.03322187996818753,434848134.30440843,0,200,216,0,117.95
752,31,20,train,6.584329472127622e-10,6.372566434822711e-10,0.0321616708582602,434848134.30440843,0,200,225,0,124.61
753,31,21,train,6.372566434822711e-10,6.192947055872607e-10,0.02818634859082501,434848134.30440843,0,200,216,0,119.93
754,31,22,train,6.192947055872607e-10,6.015112170761141e-10,0.02871571216531392,434848134.30440843,0,200,222,0,121.41
755,31,23,train,6.015112170761141e-10,5.86157773085667e-10,0.025524784167914122,434848134.30440843,0,200,219,0,120.11
756,31,24,train,5.86157773085667e-10,5.710721704613258e-10,0.025736419982843782,434848134.30440843,0,200,214,0,118.49
757,32,0,train,2.5828482648540215e-08,3.786350748367166e-09,0.8534040578422766,38716947.240279265,1,200,212,0,115.31
758,32,1,train,3.786350748367166e-09,2.7787910947104794e-09,0.2661030952008841,38716947.240279265,0,200,209,0,114.87
759,32,2,train,2.7787910947104794e-09,2.3461717004506204e-09,0.15568618853117974,38716947.240279265,0,200,217,0,121.14
760,32,3,train,2.3461717004506204e-09,2.117496846183118e-09,0.09746722894304005,426226264.6028565,1,200,221,0,122.36
761,32,4,train,2.117496846183118e-09,1.829875055972023e-09,0.13583103593733623,426226264.6028565,0,200,212,0,115.73
762,32,5,train,1.829875055972023e-09,1.5988335204045036e-09,0.1262608257397065,426226264.6028565,0,200,221,0,122.31
763,32,6,train,1.5988335204045036e-09,1.4439032611401256e-09,0.09690205846145934,426226264.6028565,0,200,219,0,120.57
764,32,7,train,1.4439032611401256e-09,1.3297577018930323e-09,0.07905346730567146,426226264.6028565,0,200,212,0,115.83
765,32,8,train,1.3297577018930323e-09,1.2303352072589584e-09,0.0747673764119108,426226264.6028565,0,200,220,0,119.03
766,32,9,train,1.2303352072589584e-09,1.1387106507964177e-09,0.0744712139601934,426226264.6028565,0,200,214,0,116.84
767,32,10,train,1.1387106507964177e-09,1.056559307532825e-09,0.0721441774573161,426226264.6028565,0,200,218,0,118.62
768,32,11,train,1.056559307532825e-09,9.870878880200353e-10,0.06575250344915574,426226264.6028565,0,200,222,0,119.63
769,32,12,train,9.870878880200353e-10,9.21947562018306e-10,0.06599242761694907,426226264.6028565,0,200,219,0,119.52
770,32,13,train,9.21947562018306e-10,8.657204535386603e-10,0.060987317279254646,426226264.6028565,0,200,215,0,118.9
771,32,14,train,8.657204535386603e-10,8.124676837396365e-10,0.061512662177902085,426226264.6028565,0,200,220,0,120.93
772,32,15,train,8.124676837396365e-10,7.66574395290323e-10,0.056486294000119806,426226264.6028565,0,200,215,0,116.7
773,32,16,train,7.66574395290323e-10,7.2900934432085e-10,0.04900379036955193,426226264.6028565,0,200,214,0,117.69
774,32,17,train,7.2900934432085e-10,6.958838006639727e-10,0.04543912079444924,426226264.6028565,0,200,214,0,117.34
775,32,18,train,6.958838006639727e-10,6.662809533047866e-10,0.0425399288371718,426226264.6028565,0,200,220,0,118.94
776,32,19,train,6.662809533047866e-10,6.391202324039486e-10,0.04076466656613769,426226264.6028565,0,200,215,0,117.82
777,32,20,train,6.391202324039486e-10,6.140091538375306e-10,0.03929006983860722,426226264.6028565,0,200,217,0,117.65
778,32,21,train,6.140091538375306e-10,5.893835875838854e-10,0.04010618750508274,426226264.6028565,0,200,211,0,113.99
779,32,22,train,5.893835875838854e-10,5.687020244622193e-10,0.03509015784855486,426226264.6028565,0,200,215,0,115.8
780,32,23,train,5.687020244622193e-10,5.488714766526913e-10,0.034869838608857326,426226264.6028565,0,200,220,0,120.35
781,32,24,train,5.488714766526913e-10,5.30582521321879e-10,0.03332101613723498,426226264.6028565,0,200,215,0,118.3
782,33,0,train,3.077736055156131e-08,2.4231263374739045e-09,0.9212691961217908,32491415.185675196,1,200,217,0,116.3
783,33,1,train,2.4231263374739045e-09,1.6513886950242737e-09,0.3184884050470777,412689996.6109462,1,200,217,0,117.22
784,33,2,train,1.6513886950242737e-09,1.2968402878900065e-09,0.21469712624443982,412689996.6109462,0,200,214,0,117.59
785,33,3,train,1.2968402878900065e-09,1.1205324738315805e-09,0.1359518328546713,412689996.6109462,0,200,212,0,115.34
786,33,4,train,1.1205324738315805e-09,1.005063507104208e-09,0.1030483001822649,412689996.6109462,0,200,213,0,116.51
787,33,5,train,1.005063507104208e-09,9.174387354520604e-10,0.08718331830056415,412689996.6109462,0,200,213,0,117.44
788,33,6,train,9.174387354520604e-10,8.437706155383168e-10,0.08029759052787795,412689996.6109462,0,200,220,0,119.58
789,33,7,train,8.437706155383168e-10,7.842907389128263e-10,0.07049294622276335,412689996.6109462,0,200,213,0,114.55
790,33,8,train,7.842907389128263e-10,7.373725647514894e-10,0.05982242532453497,412689996.6109462,0,200,210,0,113.01
791,33,9,train,7.373725647514894e-10,6.987377936321027e-10,0.05239518388158017,412689996.6109462,0,200,214,0,116.56
792,33,10,train,6.987377936321027e-10,6.644799080863515e-10,0.0490282418640554,412689996.6109462,0,200,213,0,116.18
793,33,11,train,6.644799080863515e-10,6.319289263253809e-10,0.04898715727118795,412689996.6109462,0,200,217,0,122.21
794,33,12,train,6.319289263253809e-10,6.070657303160232e-10,0.03934492467995628,412689996.6109462,0,200,214,0,118.62
795,33,13,train,6.070657303160232e-10,5.819450082772564e-10,0.04138056356053822,412689996.6109462,0,200,214,0,117.16
796,33,14,train,5.819450082772564e-10,5.618268437363665e-10,0.03457055951119192,412689996.6109462,0,200,221,0,119.97
797,33,15,train,5.618268437363665e-10,5.419574633356395e-10,0.03536566581366568,412689996.6109462,0,200,217,0,117.65
798,33,16,train,5.419574633356395e-10,5.243912575398785e-10,0.032412517557456506,412689996.6109462,0,200,213,0,116.75
799,33,17,train,5.243912575398785e-10,5.07596546369053e-10,0.03202706172031932,412689996.6109462,0,200,215,0,117.85
800,33,18,train,5.07596546369053e-10,4.928980291441087e-10,0.028957086745538204,412689996.6109462,0,200,217,0,116.37
801,33,19,train,4.928980291441087e-10,4.795826509355765e-10,0.027014468350895417,412689996.6109462,0,200,218,0,119.01
802,33,20,train,4.795826509355765e-10,4.675736334635477e-10,0.025040558595273172,412689996.6109462,0,200,223,0,120.54
803,33,21,train,4.675736334635477e-10,4.5548178789336446e-10,0.025860837106260696,412689996.6109462,0,200,224,0,121.13
804,33,22,train,4.5548178789336446e-10,4.456361566303052e-10,0.0216158615443133,412689996.6109462,0,200,216,0,116.38
805,33,23,train,4.456361566303052e-10,4.368391116008285e-10,0.01974042029263493,412689996.6109462,0,200,216,0,118.56
806,33,24,train,4.368391116008285e-10,4.2666260656801983e-10,0.023295773575575995,412689996.6109462,0,200,217,0,119.28
807,34,0,train,4.0591420024535604e-08,2.8105782803394383e-09,0.9307593013833816,24635748.130899265,1,200,213,0,116.01
808,34,1,train,2.8105782803394383e-09,1.950013847777879e-09,0.3061876762449141,355798664.9918992,1,200,210,0,113.69
809,34,2,train,1.950013847777879e-09,1.5333663001135391e-09,0.21366389174062883,355798664.9918992,0,200,215,0,117.18
810,34,3,train,1.5333663001135391e-09,1.2858615127094912e-09,0.16141269531339075,355798664.9918992,0,200,210,0,112.83
811,34,4,train,1.2858615127094912e-09,1.122073359847215e-09,0.12737619972554537,355798664.9918992,0,200,222,0,119.06
812,34,5,train,1.122073359847215e-09,1.0141065177424106e-09,0.09622084078308887,355798664.9918992,0,200,216,0,118.34
813,34,6,train,1.0141065177424106e-09,9.311028700998093e-10,0.081849042669978,355798664.9918992,0,200,216,0,118.41
814,34,7,train,9.311028700998093e-10,8.657879418409012e-10,0.07014791851292075,355798664.9918992,0,200,216,0,117.2
815,34,8,train,8.657879418409012e-10,8.044406132698117e-10,0.07085722219767625,355798664.9918992,0,200,216,0,116.4
816,34,9,train,8.044406132698117e-10,7.534476829138269e-10,0.06338930371592467,355798664.9918992,0,200,216,0,116.62
817,34,10,train,7.534476829138269e-10,7.131652950493872e-10,0.0534640808883433,355798664.9918992,0,200,219,0,117.25
818,34,11,train,7.131652950493872e-10,6.80020329212479e-10,0.04647585358821041,355798664.9918992,0,200,217,0,117.23
819,34,12,train,6.80020329212479e-10,6.52465872559466e-10,0.040520048400499116,355798664.9918992,0,200,219,0,118.2
820,34,13,train,6.52465872559466e-10,6.270648371545553e-10,0.03893082607565139,355798664.9918992,0,200,214,0,114.59
821,34,14,train,6.270648371545553e-10,6.053112371516621e-10,0.034691149485601806,355798664.9918992,0,200,215,0,116.14
822,34,15,train,6.053112371516621e-10,5.857714707257408e-10,0.03228052814262477,355798664.9918992,0,200,212,0,116.29
823,34,16,train,5.857714707257408e-10,5.653292148006355e-10,0.034898005359971604,355798664.9918992,0,200,218,0,117.14
824,34,17,train,5.653292148006355e-10,5.479162272136371e-10,0.03080149960609961,355798664.9918992,0,200,217,0,120.42
825,34,18,train,5.479162272136371e-10,5.31490057655483e-10,0.029979344911333403,355798664.9918992,0,200,221,0,123.47
826,34,19,train,5.31490057655483e-10,5.169127730976663e-10,0.027427200843831684,355798664.9918992,0,200,219,0,116.23
827,34,20,train,5.169127730976663e-10,5.03786383405048e-10,0.02539381956835143,355798664.9918992,0,200,217,0,116.35
828,34,21,train,5.03786383405048e-10,4.914118541942788e-10,0.024563048185484652,355798664.9918992,0,200,217,0,119.39
829,34,22,train,4.914118541942788e-10,4.790531795685605e-10,0.02514932132840309,355798664.9918992,0,200,220,0,120.75
830,34,23,train,4.790531795685605e-10,4.680660944079471e-10,0.0229350010170237,355798664.9918992,0,200,221,0,118.72
831,34,24,train,4.680660944079471e-10,4.578915991320384e-10,0.021737304618866606,355798664.9918992,0,200,217,0,119.47
832,35,0,train,2.0685707540876498e-08,2.4904767319816054e-09,0.8796039861309923,48342557.19916399,1,200,219,0,120.04
833,35,1,train,2.4904767319816054e-09,1.7308077900948063e-09,0.30502952793393534,48342557.19916399,0,200,212,0,114.12
834,35,2,train,1.7308077900948063e-09,1.4330582713643233e-09,0.17202922267536913,577764905.914379,1,200,220,0,118.78
835,35,3,train,1.4330582713643233e-09,1.1088411346850494e-09,0.22624141889960098,577764905.914379,0,200,216,0,117.85
836,35,4,train,1.1088411346850494e-09,9.572194802648846e-10,0.13673884353436325,577764905.914379,0,200,213,0,113.7
837,35,5,train,9.572194802648846e-10,8.549241530145704e-10,0.10686715989315929,577764905.914379,0,200,215,0,116.22
838,35,6,train,8.549241530145704e-10,7.738026106269334e-10,0.09488741439997005,577764905.914379,0,200,209,0,114.1
839,35,7,train,7.738026106269334e-10,7.136719037440215e-10,0.07770806928939433,577764905.914379,0,200,218,0,116.29
840,35,8,train,7.136719037440215e-10,6.650353113678262e-10,0.0681497928124128,577764905.914379,0,200,220,0,117.15
841,35,9,train,6.650353113678262e-10,6.253223388057636e-10,0.05971558484673846,577764905.914379,0,200,219,0,117.83
842,35,10,train,6.253223388057636e-10,5.940150758450716e-10,0.05006579969697302,577764905.914379,0,200,219,0,116.37
843,35,11,train,5.940150758450716e-10,5.676271853829638e-10,0.04442293055368529,577764905.914379,0,200,218,0,116.88
844,35,12,train,5.676271853829638e-10,5.437749478713925e-10,0.04202095693404622,577764905.914379,0,200,219,0,119.05
845,35,13,train,5.437749478713925e-10,5.226825829802108e-10,0.03878877644832251,577764905.914379,0,200,221,0,119.0
846,35,14,train,5.226825829802108e-10,5.036142883018825e-10,0.036481595712651076,577764905.914379,0,200,217,0,119.16
847,35,15,train,5.036142883018825e-10,4.849999728177833e-10,0.0369614522790133,577764905.914379,0,200,219,0,119.44
848,35,16,train,4.849999728177833e-10,4.697799064084201e-10,0.031381581984297253,577764905.914379,0,200,217,0,117.46
849,35,17,train,4.697799064084201e-10,4.5382819309652635e-10,0.03395571648401988,577764905.914379,0,200,215,0,116.48
850,35,18,train,4.5382819309652635e-10,4.4022452217155464e-10,0.029975376435192727,577764905.914379,0,200,213,0,116.85
851,35,19,train,4.4022452217155464e-10,4.286515079331444e-10,0.026288890453722295,577764905.914379,0,200,215,0,118.23
852,35,20,train,4.286515079331444e-10,4.1695828060335977e-10,0.027279099952701877,577764905.914379,0,200,221,0,118.87
853,35,21,train,4.1695828060335977e-10,4.0705056720598325e-10,0.023761881843525342,577764905.914379,0,200,225,0,122.34
854,35,22,train,4.0705056720598325e-10,3.9755784325847626e-10,0.02332074860542649,577764905.914379,0,200,214,0,116.97
855,35,23,train,3.9755784325847626e-10,3.876522791622414e-10,0.02491603238171968,577764905.914379,0,200,219,0,117.21
856,35,24,train,3.876522791622414e-10,3.789597191223234e-10,0.022423601013525758,577764905.914379,0,200,220,0,119.45
857,36,0,train,2.8434052501009257e-08,2.66612817842171e-09,0.9062346748383096,35169098.74048046,1,200,215,0,116.34
858,36,1,train,2.66612817842171e-09,1.9644465303448506e-09,0.2631837635399209,375075740.2039006,1,200,222,0,119.63
859,36,2,train,1.9644465303448506e-09,1.6083392039549306e-09,0.18127616144757414,375075740.2039006,0,200,213,0,113.76
860,36,3,train,1.6083392039549306e-09,1.4068637140412163e-09,0.12526927741255264,375075740.2039006,0,200,214,0,115.52
861,36,4,train,1.4068637140412163e-09,1.263014464513613e-09,0.10224817662998528,375075740.2039006,0,200,219,0,118.73
862,36,5,train,1.263014464513613e-09,1.1514075139826196e-09,0.088365536315511,375075740.2039006,0,200,214,0,113.87
863,36,6,train,1.1514075139826196e-09,1.068713414952525e-09,0.07182000987996238,375075740.2039006,0,200,221,0,119.1
864,36,7,train,1.068713414952525e-09,1.0008362081296482e-09,0.06351301094680471,375075740.2039006,0,200,215,0,115.85
865,36,8,train,1.0008362081296482e-09,9.43962706695698e-10,0.05682598308491931,375075740.2039006,0,200,214,0,114.51
866,36,9,train,9.43962706695698e-10,8.935036176489038e-10,0.053454536592260245,375075740.2039006,0,200,214,0,115.76
867,36,10,train,8.935036176489038e-10,8.529263504749536e-10,0.04541365739595107,375075740.2039006,0,200,212,0,116.12
868,36,11,train,8.529263504749536e-10,8.150350398919223e-10,0.044425067371797675,375075740.2039006,0,200,211,0,114.31
869,36,12,train,8.150350398919223e-10,7.824560346034667e-10,0.039972521049862736,375075740.2039006,0,200,216,0,115.2
870,36,13,train,7.824560346034667e-10,7.530605199651914e-10,0.03756826369570059,375075740.2039006,0,200,219,0,118.01
871,36,14,train,7.530605199651914e-10,7.262159001355641e-10,0.03564736049483538,375075740.2039006,0,200,220,0,119.31
872,36,15,train,7.262159001355641e-10,7.025625100922161e-10,0.03257074106878214,375075740.2039006,0,200,215,0,115.76
873,36,16,train,7.025625100922161e-10,6.814499794882183e-10,0.03005075036131184,375075740.2039006,0,200,219,0,118.82
874,36,17,train,6.814499794882183e-10,6.636276977436477e-10,0.026153470219421507,375075740.2039006,0,200,214,0,116.34
875,36,18,train,6.636276977436477e-10,6.445226446215329e-10,0.028788812141314433,375075740.2039006,0,200,219,0,117.72
876,36,19,train,6.445226446215329e-10,6.267246450263927e-10,0.02761423472652573,375075740.2039006,0,200,219,0,117.34
877,36,20,train,6.267246450263927e-10,6.106116103602264e-10,0.02570991071443796,375075740.2039006,0,200,218,0,118.78
878,36,21,train,6.106116103602264e-10,5.940796752570799e-10,0.027074387094267006,375075740.2039006,0,200,219,0,117.93
879,36,22,train,5.940796752570799e-10,5.787484850786473e-10,0.02580662294463824,375075740.2039006,0,200,210,0,112.06
880,36,23,train,5.787484850786473e-10,5.644319029990475e-10,0.024737139618869586,375075740.2039006,0,200,218,0,117.88
881,36,24,train,5.644319029990475e-10,5.488655921257722e-10,0.02757872258914749,375075740.2039006,0,200,218,0,119.16
882,37,0,train,1.2500990256313726e-08,2.7594377139802807e-09,0.7792624698202124,79993662.86162347,1,200,213,0,113.47
883,37,1,train,2.7594377139802807e-09,1.872141899980157e-09,0.3215494988362199,79993662.86162347,0,200,215,0,116.69
884,37,2,train,1.872141899980157e-09,1.5169320353230528e-09,0.18973447721076545,79993662.86162347,0,200,211,0,114.67
885,37,3,train,1.5169320353230528e-09,1.2863737102244432e-09,0.15198988466843794,79993662.86162347,0,200,220,0,117.91
886,37,4,train,1.2863737102244432e-09,1.1442718336437946e-09,0.11046702482426747,79993662.86162347,0,200,212,0,114.83
887,37,5,train,1.1442718336437946e-09,1.0700006013799232e-09,0.06490698283410831,873918216.4570297,1,200,218,0,117.44
888,37,6,train,1.0700006013799232e-09,9.934909892395393e-10,0.07150427022350596,873918216.4570297,0,200,205,0,109.79
889,37,7,train,9.934909892395393e-10,9.203548645081157e-10,0.07361528742943618,873918216.4570297,0,200,207,0,111.55
890,37,8,train,9.203548645081157e-10,8.551844410747276e-10,0.07081010373995085,873918216.4570297,0,200,219,0,119.24
891,37,9,train,8.551844410747276e-10,8.007654772911519e-10,0.06363418365655288,873918216.4570297,0,200,212,0,114.5
892,37,10,train,8.007654772911519e-10,7.605378197560254e-10,0.050236503290838064,873918216.4570297,0,200,215,0,117.02
893,37,11,train,7.605378197560254e-10,7.249013763380215e-10,0.04685689848985527,873918216.4570297,0,200,220,0,119.03
894,37,12,train,7.249013763380215e-10,6.936243790671251e-10,0.04314655523058612,873918216.4570297,0,200,216,0,116.16
895,37,13,train,6.936243790671251e-10,6.66832946287826e-10,0.038625275563889096,873918216.4570297,0,200,217,0,118.77
896,37,14,train,6.66832946287826e-10,6.414266709679882e-10,0.038099910121824704,873918216.4570297,0,200,219,0,118.41
897,37,15,train,6.414266709679882e-10,6.178981907295822e-10,0.036681480991270284,873918216.4570297,0,200,221,0,117.36
898,37,16,train,6.178981907295822e-10,5.97676525504419e-10,0.03272653250738047,873918216.4570297,0,200,218,0,118.3
899,37,17,train,5.97676525504419e-10,5.78723972916639e-10,0.031710384763371194,873918216.4570297,0,200,219,0,118.83
900,37,18,train,5.78723972916639e-10,5.600265661253671e-10,0.032307987341601126,873918216.4570297,0,200,222,0,121.04
901,37,19,train,5.600265661253671e-10,5.444203178335056e-10,0.027866978525386495,873918216.4570297,0,200,222,0,118.85
902,37,20,train,5.444203178335056e-10,5.285286036607537e-10,0.029190156304217674,873918216.4570297,0,200,220,0,117.51
903,37,21,train,5.285286036607537e-10,5.147305728177729e-10,0.026106497827007556,873918216.4570297,0,200,221,0,118.48
904,37,22,train,5.147305728177729e-10,5.011861299137717e-10,0.026313655374801685,873918216.4570297,0,200,214,0,117.78
905,37,23,train,5.011861299137717e-10,4.881422896420837e-10,0.02602594025084492,873918216.4570297,0,200,217,0,119.12
906,37,24,train,4.881422896420837e-10,4.774261430008875e-10,0.021952915919359228,873918216.4570297,0,200,211,0,113.88
907,38,0,train,6.09644951658188e-07,3.0645251951594595e-09,0.994973262409827,1640298.992520279,1,200,216,0,117.24
908,38,1,train,3.0645251951594595e-09,2.130514994016215e-09,0.3047813744910797,326314824.0972338,1,200,218,0,118.87
909,38,2,train,2.130514994016215e-09,1.682256243055357e-09,0.21039924723357586,326314824.0972338,0,200,209,0,113.0
910,38,3,train,1.682256243055357e-09,1.4411419501206915e-09,0.14332792280012438,326314824.0972338,0,200,212,0,114.86
911,38,4,train,1.4411419501206915e-09,1.2855441935726906e-09,0.10796837642188545,326314824.0972338,0,200,210,0,115.25
912,38,5,train,1.2855441935726906e-09,1.1545418028965913e-09,0.10190422961036218,326314824.0972338,0,200,210,0,114.87
913,38,6,train,1.1545418028965913e-09,1.0647096538200957e-09,0.07780761930933876,326314824.0972338,0,200,216,0,116.37
914,38,7,train,1.0647096538200957e-09,9.856625360406481e-10,0.07424288630786113,326314824.0972338,0,200,217,0,117.54
915,38,8,train,9.856625360406481e-10,9.17783428228751e-10,0.06886647846489503,326314824.0972338,0,200,217,0,118.35
916,38,9,train,9.17783428228751e-10,8.650512056386877e-10,0.057456063127912786,326314824.0972338,0,200,217,0,116.26
917,38,10,train,8.650512056386877e-10,8.167562510710746e-10,0.0558290124940705,326314824.0972338,0,200,218,0,120.33
918,38,11,train,8.167562510710746e-10,7.70633762502765e-10,0.056470322091597996,326314824.0972338,0,200,214,0,116.19
919,38,12,train,7.70633762502765e-10,7.37220624715835e-10,0.043357998848136514,326314824.0972338,0,200,220,0,118.46
920,38,13,train,7.37220624715835e-10,7.044267160355358e-10,0.04448316769886864,326314824.0972338,0,200,214,0,116.36
921,38,14,train,7.044267160355358e-10,6.773633352360503e-10,0.03841901532610284,326314824.0972338,0,200,219,0,120.34
922,38,15,train,6.773633352360503e-10,6.54203903486651e-10,0.034190559991453505,326314824.0972338,0,200,216,0,117.92
923,38,16,train,6.54203903486651e-10,6.31323374567996e-10,0.03497461387300007,326314824.0972338,0,200,221,0,119.7
924,38,17,train,6.31323374567996e-10,6.124196505718345e-10,0.029943012975081083,326314824.0972338,0,200,218,0,119.69
925,38,18,train,6.124196505718345e-10,5.921801809878991e-10,0.03304836734914896,326314824.0972338,0,200,213,0,116.3
926,38,19,train,5.921801809878991e-10,5.755705672609957e-10,0.028048243187056,326314824.0972338,0,200,218,0,117.89
927,38,20,train,5.755705672609957e-10,5.61020753340604e-10,0.025278940147392917,326314824.0972338,0,200,214,0,116.62
928,38,21,train,5.61020753340604e-10,5.470971333098996e-10,0.02481836892449356,326314824.0972338,0,200,219,0,118.1
929,38,22,train,5.470971333098996e-10,5.337974864707816e-10,0.024309480034479414,326314824.0972338,0,200,219,0,118.65
930,38,23,train,5.337974864707816e-10,5.205176543620745e-10,0.02487803417079986,326314824.0972338,0,200,214,0,114.94
931,38,24,train,5.205176543620745e-10,5.090329986638329e-10,0.022063911957638967,326314824.0972338,0,200,213,0,116.58
932,39,0,train,2.3515159142262317e-08,2.679702418608722e-09,0.8860436196754178,42525759.402697936,1,200,225,0,122.87
933,39,1,train,2.679702418608722e-09,1.8597832173633858e-09,0.3059739751517003,42525759.402697936,0,200,217,0,115.99
934,39,2,train,1.8597832173633858e-09,1.564693967582392e-09,0.15866862708834517,537697077.0914364,1,200,216,0,117.65
935,39,3,train,1.564693967582392e-09,1.2941824155677214e-09,0.17288463918132047,537697077.0914364,0,200,220,0,118.56
936,39,4,train,1.2941824155677214e-09,1.1124744152577823e-09,0.14040370053260923,537697077.0914364,0,200,212,0,113.84
937,39,5,train,1.1124744152577823e-09,9.966274036543478e-10,0.10413454009779673,537697077.0914364,0,200,210,0,113.03
938,39,6,train,9.966274036543478e-10,9.04441710686311e-10,0.09249765020509988,537697077.0914364,0,200,211,0,115.58
939,39,7,train,9.04441710686311e-10,8.391035197903631e-10,0.07224146136113942,537697077.0914364,0,200,214,0,117.08
940,39,8,train,8.391035197903631e-10,7.804576948006583e-10,0.06989104872823851,537697077.0914364,0,200,218,0,116.48
941,39,9,train,7.804576948006583e-10,7.379072191002032e-10,0.054519900289179996,537697077.0914364,0,200,218,0,119.58
942,39,10,train,7.379072191002032e-10,7.006184678852367e-10,0.05053311615576283,537697077.0914364,0,200,217,0,118.11
943,39,11,train,7.006184678852367e-10,6.637099116991017e-10,0.05267996474249484,537697077.0914364,0,200,217,0,115.32
944,39,12,train,6.637099116991017e-10,6.33250686649967e-10,0.04589237634128259,537697077.0914364,0,200,221,0,119.97
945,39,13,train,6.33250686649967e-10,6.07144199989495e-10,0.041226148207720005,537697077.0914364,0,200,221,0,120.1
946,39,14,train,6.07144199989495e-10,5.853746119208016e-10,0.035855712809362505,537697077.0914364,0,200,215,0,116.7
947,39,15,train,5.853746119208016e-10,5.643568749082415e-10,0.03590476352159195,537697077.0914364,0,200,225,0,121.89
948,39,16,train,5.643568749082415e-10,5.45096658330569e-10,0.034127725618304926,537697077.0914364,0,200,217,0,119.12
949,39,17,train,5.45096658330569e-10,5.25871756346538e-10,0.03526879442429504,537697077.0914364,0,200,217,0,118.43
950,39,18,train,5.25871756346538e-10,5.106748436402746e-10,0.028898514747859746,537697077.0914364,0,200,216,0,115.57
951,39,19,train,5.106748436402746e-10,4.946283888244396e-10,0.031422058508796175,537697077.0914364,0,200,223,0,122.45
952,39,20,train,4.946283888244396e-10,4.808813201081115e-10,0.027792720812083112,537697077.0914364,0,200,217,0,118.91
953,39,21,train,4.808813201081115e-10,4.684298742240994e-10,0.025892970600756023,537697077.0914364,0,200,212,0,113.86
954,39,22,train,4.684298742240994e-10,4.567187433097133e-10,0.02500081988533343,537697077.0914364,0,200,219,0,120.61
955,39,23,train,4.567187433097133e-10,4.4586476396128136e-10,0.023765127898575295,537697077.0914364,0,200,218,0,118.5
956,39,24,train,4.4586476396128136e-10,4.3640512966968017e-10,0.02121637558338802,537697077.0914364,0,200,215,0,116.06
957,40,0,train,1.7476047627526823e-08,2.8869515473569734e-09,0.834805236922696,57221176.16713763,1,200,217,0,115.93
958,40,1,train,2.8869515473569734e-09,1.952306625559638e-09,0.3237480458073534,57221176.16713763,0,200,209,0,114.35
959,40,2,train,1.952306625559638e-09,1.6005636422381373e-09,0.1801678992000921,57221176.16713763,0,200,217,0,119.11
960,40,3,train,1.6005636422381373e-09,1.4543483006283753e-09,0.09135240720906465,624779904.7850773,1,200,217,0,116.37
961,40,4,train,1.4543483006283753e-09,1.3001158504471523e-09,0.1060491837578277,624779904.7850773,0,200,216,0,118.6
962,40,5,train,1.3001158504471523e-09,1.16774909083021e-09,0.10181151131371638,624779904.7850773,0,200,215,0,114.93
963,40,6,train,1.16774909083021e-09,1.086800365014938e-09,0.06932030729111655,624779904.7850773,0,200,218,0,117.32
964,40,7,train,1.086800365014938e-09,1.0158439483894238e-09,0.06528928302719039,624779904.7850773,0,200,215,0,117.98
965,40,8,train,1.0158439483894238e-09,9.589609996830375e-10,0.05599575485641447,624779904.7850773,0,200,216,0,118.42
966,40,9,train,9.589609996830375e-10,9.11577098939605e-10,0.049411707837017524,624779904.7850773,0,200,218,0,117.93
967,40,10,train,9.11577098939605e-10,8.659280022162487e-10,0.050077055222709915,624779904.7850773,0,200,222,0,121.79
968,40,11,train,8.659280022162487e-10,8.247442036714568e-10,0.04756030344253377,624779904.7850773,0,200,213,0,116.79
969,40,12,train,8.247442036714568e-10,7.872948828433785e-10,0.04540719493555437,624779904.7850773,0,200,216,0,118.29
970,40,13,train,7.872948828433785e-10,7.536880612871598e-10,0.042686447338314906,624779904.7850773,0,200,220,0,119.04
971,40,14,train,7.536880612871598e-10,7.245457875513914e-10,0.038666227094003226,624779904.7850773,0,200,220,0,121.36
972,40,15,train,7.245457875513914e-10,6.989649242906985e-10,0.03530606857455304,624779904.7850773,0,200,215,0,117.15
973,40,16,train,6.989649242906985e-10,6.768130998693876e-10,0.03169232625484076,624779904.7850773,0,200,218,0,119.33
974,40,17,train,6.768130998693876e-10,6.534057159864491e-10,0.03458470866987599,624779904.7850773,0,200,218,0,119.21
975,40,18,train,6.534057159864491e-10,6.319240531093489e-10,0.03287645386552709,624779904.7850773,0,200,212,0,115.38
976,40,19,train,6.319240531093489e-10,6.136093781171681e-10,0.02898239891655402,624779904.7850773,0,200,217,0,116.22
977,40,20,train,6.136093781171681e-10,5.928295787040885e-10,0.0338648660762674,624779904.7850773,0,200,218,0,119.91
978,40,21,train,5.928295787040885e-10,5.746350451959957e-10,0.030691001531781836,624779904.7850773,0,200,218,0,120.18
979,40,22,train,5.746350451959957e-10,5.595939775598614e-10,0.026174991869846936,624779904.7850773,0,200,223,0,121.56
980,40,23,train,5.595939775598614e-10,5.444596673994825e-10,0.02704516268451081,624779904.7850773,0,200,212,0,113.91
981,40,24,train,5.444596673994825e-10,5.31251886833421e-10,0.024258510514003954,624779904.7850773,0,200,219,0,119.97
982,41,0,train,9.674473552239307e-08,3.0153800015511216e-09,0.9688315856643883,10336479.75365579,1,200,218,0,118.89
983,41,1,train,3.0153800015511216e-09,2.125659845702327e-09,0.2950607072379334,331633160.4924078,1,200,217,0,115.61
984,41,2,train,2.125659845702327e-09,1.682774985532132e-09,0.20835170832512198,331633160.4924078,0,200,218,0,120.14
985,41,3,train,1.682774985532132e-09,1.4279675516343776e-09,0.1514209779016762,331633160.4924078,0,200,213,0,116.29
986,41,4,train,1.4279675516343776e-09,1.2566637923927357e-09,0.11996334163586313,331633160.4924078,0,200,225,0,121.7
987,41,5,train,1.2566637923927357e-09,1.1272472999522756e-09,0.10298418178663858,331633160.4924078,0,200,211,0,111.77
988,41,6,train,1.1272472999522756e-09,1.032467114059535e-09,0.0840810937375971,331633160.4924078,0,200,218,0,119.1
989,41,7,train,1.032467114059535e-09,9.525324889017374e-10,0.07742098907490089,331633160.4924078,0,200,218,0,119.04
990,41,8,train,9.525324889017374e-10,8.903278281770503e-10,0.06530450294289548,331633160.4924078,0,200,215,0,116.03
991,41,9,train,8.903278281770503e-10,8.359073199769311e-10,0.06112412358439408,331633160.4924078,0,200,221,0,120.93
992,41,10,train,8.359073199769311e-10,7.867474397129754e-10,0.05881020430029533,331633160.4924078,0,200,217,0,119.12
993,41,11,train,7.867474397129754e-10,7.458755245504131e-10,0.05195049020747165,331633160.4924078,0,200,216,0,117.42
994,41,12,train,7.458755245504131e-10,7.127812525091476e-10,0.04436969836383023,331633160.4924078,0,200,223,0,119.9
995,41,13,train,7.127812525091476e-10,6.81550332472331e-10,0.04381557445131574,331633160.4924078,0,200,221,0,118.66
996,41,14,train,6.81550332472331e-10,6.557675399143445e-10,0.0378296236236275,331633160.4924078,0,200,213,0,114.93
997,41,15,train,6.557675399143445e-10,6.312420676400211e-10,0.03739964359554433,331633160.4924078,0,200,218,0,117.52
998,41,16,train,6.312420676400211e-10,6.08065142237224e-10,0.036716382812455775,331633160.4924078,0,200,220,0,120.13
999,41,17,train,6.08065142237224e-10,5.892264016373754e-10,0.030981451313811817,331633160.4924078,0,200,219,0,118.7
1000,41,18,train,5.892264016373754e-10,5.693484008309933e-10,0.03373576056867785,331633160.4924078,0,200,217,0,116.48
1001,41,19,train,5.693484008309933e-10,5.524873609141927e-10,0.029614625934122285,331633160.4924078,0,200,215,0,116.02
1002,41,20,train,5.524873609141927e-10,5.364703621043039e-10,0.02899070629124569,331633160.4924078,0,200,213,0,111.05
1003,41,21,train,5.364703621043039e-10,5.21480308969746e-10,0.027941996787594094,331633160.4924078,0,200,216,0,114.55
1004,41,22,train,5.21480308969746e-10,5.068412903065631e-10,0.028072044929374696,331633160.4924078,0,200,224,0,122.31
1005,41,23,train,5.068412903065631e-10,4.941572010142857e-10,0.02502576158427315,331633160.4924078,0,200,215,0,116.98
1006,41,24,train,4.941572010142857e-10,4.811544712365127e-10,0.026312942017406898,331633160.4924078,0,200,220,0,120.54
1007,42,0,train,1.95792651077193e-08,3.4273035132380697e-09,0.8249523925243331,51074439.94952299,1,200,213,0,114.58
1008,42,1,train,3.4273035132380697e-09,2.493796715977568e-09,0.2723735419564686,51074439.94952299,0,200,215,0,118.69
1009,42,2,train,2.493796715977568e-09,2.1207117517438323e-09,0.14960520311996897,51074439.94952299,0,200,211,0,116.8
1010,42,3,train,2.1207117517438323e-09,1.8807727960234346e-09,0.11314076772720251,51074439.94952299,0,200,216,0,116.72
1011,42,4,train,1.8807727960234346e-09,1.7554934296673906e-09,0.06661057976855334,531696333.6104846,1,200,222,0,119.12
1012,42,5,train,1.7554934296673906e-09,1.6250397091656634e-09,0.0743117110534808,531696333.6104846,0,200,214,0,117.73
1013,42,6,train,1.6250397091656634e-09,1.480608300345085e-09,0.08887869509030834,531696333.6104846,0,200,211,0,115.75
1014,42,7,train,1.480608300345085e-09,1.3739289779174978e-09,0.07205100930659619,531696333.6104846,0,200,216,0,117.05
1015,42,8,train,1.3739289779174978e-09,1.293625232579388e-09,0.05844825069475449,531696333.6104846,0,200,222,0,122.25
1016,42,9,train,1.293625232579388e-09,1.2233509214050321e-09,0.05432354704015353,531696333.6104846,0,200,220,0,120.33
1017,42,10,train,1.2233509214050321e-09,1.157033467827324e-09,0.054209673134133794,531696333.6104846,0,200,222,0,117.83
1018,42,11,train,1.157033467827324e-09,1.1028486576382432e-09,0.04683080627808362,531696333.6104846,0,200,218,0,119.74
1019,42,12,train,1.1028486576382432e-09,1.0515360182498975e-09,0.046527362601349154,531696333.6104846,0,200,218,0,118.66
1020,42,13,train,1.0515360182498975e-09,1.0075037246336972e-09,0.041874260940185946,531696333.6104846,0,200,220,0,118.59
1021,42,14,train,1.0075037246336972e-09,9.616495866747094e-10,0.04551262376291375,531696333.6104846,0,200,217,0,117.32
1022,42,15,train,9.616495866747094e-10,9.262522749828701e-10,0.036808950143929035,531696333.6104846,0,200,218,0,117.41
1023,42,16,train,9.262522749828701e-10,8.922546676927422e-10,0.03670447912341874,531696333.6104846,0,200,213,0,116.12
1024,42,17,train,8.922546676927422e-10,8.612448959034671e-10,0.03475439570348502,531696333.6104846,0,200,222,0,122.42
1025,42,18,train,8.612448959034671e-10,8.328005753487219e-10,0.03302698302195038,531696333.6104846,0,200,218,0,117.77
1026,42,19,train,8.328005753487219e-10,8.042825743960379e-10,0.034243493336616054,531696333.6104846,0,200,218,0,120.22
1027,42,20,train,8.042825743960379e-10,7.76143453234737e-10,0.03498661049871875,531696333.6104846,0,200,220,0,121.71
1028,42,21,train,7.76143453234737e-10,7.508244422805581e-10,0.0326215609352327,531696333.6104846,0,200,217,0,116.75
1029,42,22,train,7.508244422805581e-10,7.274685417200463e-10,0.031107006172535437,531696333.6104846,0,200,212,0,117.04
1030,42,23,train,7.274685417200463e-10,7.051601760665628e-10,0.030665746178847805,531696333.6104846,0,200,215,0,119.09
1031,42,24,train,7.051601760665628e-10,6.820542044402181e-10,0.03276698317711525,531696333.6104846,0,200,219,0,120.57
1032,43,0,train,6.760044067807014e-08,2.8868701826820657e-09,0.9572950981720659,14792802.97538658,1,200,215,0,115.35
1033,43,1,train,2.8868701826820657e-09,2.1053818071135107e-09,0.27070437051745366,346395901.69272643,1,200,220,0,117.61
1034,43,2,train,2.1053818071135107e-09,1.7051703613076418e-09,0.19008972360911622,346395901.69272643,0,200,214,0,117.44
1035,43,3,train,1.7051703613076418e-09,1.500708828961858e-09,0.1199068063727009,346395901.69272643,0,200,215,0,115.86
1036,43,4,train,1.500708828961858e-09,1.3568510447349905e-09,0.09585989064006752,346395901.69272643,0,200,211,0,115.52
1037,43,5,train,1.3568510447349905e-09,1.239714255130769e-09,0.08632988127823542,346395901.69272643,0,200,215,0,117.82
1038,43,6,train,1.239714255130769e-09,1.1580885679634875e-09,0.0658423397403553,346395901.69272643,0,200,219,0,117.69
1039,43,7,train,1.1580885679634875e-09,1.0812383296948712e-09,0.06635955176015454,346395901.69272643,0,200,218,0,116.12
1040,43,8,train,1.0812383296948712e-09,1.013689827091594e-09,0.06247327785941473,346395901.69272643,0,200,217,0,117.27
1041,43,9,train,1.013689827091594e-09,9.568582065039845e-10,0.05606411258034102,346395901.69272643,0,200,219,0,119.68
1042,43,10,train,9.568582065039845e-10,9.061787478991016e-10,0.05296443951716453,346395901.69272643,0,200,213,0,113.91
1043,43,11,train,9.061787478991016e-10,8.613456224441517e-10,0.049474924852179275,346395901.69272643,0,200,216,0,118.58
1044,43,12,train,8.613456224441517e-10,8.246418030578917e-10,0.042612185433890414,346395901.69272643,0,200,222,0,122.47
1045,43,13,train,8.246418030578917e-10,7.916585033598704e-10,0.03999712308509518,346395901.69272643,0,200,217,0,119.58
1046,43,14,train,7.916585033598704e-10,7.632025608411895e-10,0.03594471909025336,346395901.69272643,0,200,212,0,114.85
1047,43,15,train,7.632025608411895e-10,7.330940707239167e-10,0.03945019535061272,346395901.69272643,0,200,219,0,119.53
1048,43,16,train,7.330940707239167e-10,7.071788371829097e-10,0.03535048853336947,346395901.69272643,0,200,217,0,119.47
1049,43,17,train,7.071788371829097e-10,6.850582661177176e-10,0.03128002409307205,346395901.69272643,0,200,218,0,118.76
1050,43,18,train,6.850582661177176e-10,6.656822476517437e-10,0.028283752527765948,346395901.69272643,0,200,218,0,116.79
1051,43,19,train,6.656822476517437e-10,6.468322910542916e-10,0.028316748214252382,346395901.69272643,0,200,216,0,117.17
1052,43,20,train,6.468322910542916e-10,6.300534301668072e-10,0.025940048324019336,346395901.69272643,0,200,223,0,121.25
1053,43,21,train,6.300534301668072e-10,6.120180654109711e-10,0.02862513541281913,346395901.69272643,0,200,225,0,120.93
1054,43,22,train,6.120180654109711e-10,5.962003385636453e-10,0.025845195985684244,346395901.69272643,0,200,222,0,120.07
1055,43,23,train,5.962003385636453e-10,5.828787805792002e-10,0.022344096644659858,346395901.69272643,0,200,217,0,117.57
1056,43,24,train,5.828787805792002e-10,5.701129768388431e-10,0.021901301206525132,346395901.69272643,0,200,215,0,118.26
1057,44,0,train,1.801695386570152e-08,4.432374001908751e-09,0.7539887133558928,55503278.04877594,1,200,215,0,114.59
1058,44,1,train,4.432374001908751e-09,3.1042757935187316e-09,0.2996358628171019,55503278.04877594,0,200,215,0,118.36
1059,44,2,train,3.1042757935187316e-09,2.577952972096891e-09,0.16954770014981432,55503278.04877594,0,200,211,0,115.61
1060,44,3,train,2.577952972096891e-09,2.1933107674309905e-09,0.14920450792903128,55503278.04877594,0,200,213,0,115.88
1061,44,4,train,2.1933107674309905e-09,1.891263010899851e-09,0.13771315994811173,55503278.04877594,0,200,219,0,117.64
1062,44,5,train,1.891263010899851e-09,1.6715974728704224e-09,0.11614753567506879,55503278.04877594,0,200,216,0,115.03
1063,44,6,train,1.6715974728704224e-09,1.5570801642066496e-09,0.06850770626443144,598230145.8513376,1,200,220,0,116.0
1064,44,7,train,1.5570801642066496e-09,1.4458541156682707e-09,0.07143244843469564,598230145.8513376,0,200,215,0,115.53
1065,44,8,train,1.4458541156682707e-09,1.3192474426395804e-09,0.08756531634602219,598230145.8513376,0,200,213,0,116.37
1066,44,9,train,1.3192474426395804e-09,1.2102025285731948e-09,0.0826569076747316,598230145.8513376,0,200,213,0,115.04
1067,44,10,train,1.2102025285731948e-09,1.1287527463180877e-09,0.06730260459060093,598230145.8513376,0,200,214,0,114.35
1068,44,11,train,1.1287527463180877e-09,1.0598120536169789e-09,0.06107687704502914,598230145.8513376,0,200,214,0,115.88
1069,44,12,train,1.0598120536169789e-09,1.0000363797900016e-09,0.05640214566627348,598230145.8513376,0,200,214,0,115.7
1070,44,13,train,1.0000363797900016e-09,9.480723284371122e-10,0.051962160980384905,598230145.8513376,0,200,210,0,114.64
1071,44,14,train,9.480723284371122e-10,9.00174279834417e-10,0.05052151314410225,598230145.8513376,0,200,216,0,116.49
1072,44,15,train,9.00174279834417e-10,8.587342376194058e-10,0.04603557682478321,598230145.8513376,0,200,215,0,114.64
1073,44,16,train,8.587342376194058e-10,8.234596591144195e-10,0.0410774101691519,598230145.8513376,0,200,218,0,118.32
1074,44,17,train,8.234596591144195e-10,7.89396437270208e-10,0.04136598735248846,598230145.8513376,0,200,217,0,116.97
1075,44,18,train,7.89396437270208e-10,7.571229711800067e-10,0.04088372402820226,598230145.8513376,0,200,219,0,119.89
1076,44,19,train,7.571229711800067e-10,7.286637443932912e-10,0.037588645266383384,598230145.8513376,0,200,214,0,115.94
1077,44,20,train,7.286637443932912e-10,7.047662170268068e-10,0.03279637219549369,598230145.8513376,0,200,215,0,115.42
1078,44,21,train,7.047662170268068e-10,6.822597685566238e-10,0.03193463013186246,598230145.8513376,0,200,217,0,117.45
1079,44,22,train,6.822597685566238e-10,6.632044839923874e-10,0.02792966175412838,598230145.8513376,0,200,214,0,115.35
1080,44,23,train,6.632044839923874e-10,6.452916731958258e-10,0.027009483845358326,598230145.8513376,0,200,220,0,117.42
1081,44,24,train,6.452916731958258e-10,6.266262326168152e-10,0.028925587225648555,598230145.8513376,0,200,219,0,117.8
1082,45,0,train,1.4244670838186552e-08,3.138638511509301e-09,0.7796622647751633,70201692.36338122,1,200,216,0,115.69
1083,45,1,train,3.138638511509301e-09,2.2588892430213233e-09,0.2802964614312739,70201692.36338122,0,200,212,0,115.25
1084,45,2,train,2.2588892430213233e-09,1.8242039277419585e-09,0.19243321319196766,70201692.36338122,0,200,212,0,114.88
1085,45,3,train,1.8242039277419585e-09,1.556107771954784e-09,0.14696611037288473,70201692.36338122,0,200,212,0,115.38
1086,45,4,train,1.556107771954784e-09,1.3822196777216514e-09,0.11174553418925108,70201692.36338122,0,200,213,0,115.72
1087,45,5,train,1.3822196777216514e-09,1.2939965084580183e-09,0.06382716921600595,723474000.6366614,1,200,218,0,117.16
1088,45,6,train,1.2939965084580183e-09,1.1941767629108862e-09,0.07714066065454973,723474000.6366614,0,200,213,0,115.02
1089,45,7,train,1.1941767629108862e-09,1.0864814414137288e-09,0.09018373564282293,723474000.6366614,0,200,213,0,115.95
1090,45,8,train,1.0864814414137288e-09,9.958988399644228e-10,0.08337243324786105,723474000.6366614,0,200,216,0,116.09
1091,45,9,train,9.958988399644228e-10,9.189706518447658e-10,0.07724498215341348,723474000.6366614,0,200,217,0,117.21
1092,45,10,train,9.189706518447658e-10,8.551218603108655e-10,0.0694785969559839,723474000.6366614,0,200,208,0,113.05
1093,45,11,train,8.551218603108655e-10,8.038223125640737e-10,0.05999092074215332,723474000.6366614,0,200,211,0,114.14
1094,45,12,train,8.038223125640737e-10,7.611614817705921e-10,0.05307246405912756,723474000.6366614,0,200,216,0,115.79
1095,45,13,train,7.611614817705921e-10,7.237279634799943e-10,0.04917947004296775,723474000.6366614,0,200,214,0,115.35
1096,45,14,train,7.237279634799943e-10,6.900852073750598e-10,0.046485361631137895,723474000.6366614,0,200,214,0,116.02
1097,45,15,train,6.900852073750598e-10,6.578202659208996e-10,0.04675501098898974,723474000.6366614,0,200,213,0,115.65
1098,45,16,train,6.578202659208996e-10,6.296083040846682e-10,0.04288703662350201,723474000.6366614,0,200,216,0,118.19
1099,45,17,train,6.296083040846682e-10,6.028542931819391e-10,0.042493103615627165,723474000.6366614,0,200,215,0,117.5
1100,45,18,train,6.028542931819391e-10,5.792770170006985e-10,0.039109410761258456,723474000.6366614,0,200,216,0,116.5
1101,45,19,train,5.792770170006985e-10,5.593071572443526e-10,0.034473765004078845,723474000.6366614,0,200,222,0,122.03
1102,45,20,train,5.593071572443526e-10,5.396510478084976e-10,0.03514367585192115,723474000.6366614,0,200,210,0,115.29
1103,45,21,train,5.396510478084976e-10,5.231764356245904e-10,0.03052826868549582,723474000.6366614,0,200,217,0,117.92
1104,45,22,train,5.231764356245904e-10,5.072149264526869e-10,0.030508845745026686,723474000.6366614,0,200,220,0,118.09
1105,45,23,train,5.072149264526869e-10,4.918584530582073e-10,0.030276067587123853,723474000.6366614,0,200,216,0,116.67
1106,45,24,train,4.918584530582073e-10,4.780436528079685e-10,0.02808694282743978,723474000.6366614,0,200,221,0,119.3
1107,46,0,train,1.9918621133520513e-08,4.567854452326018e-09,0.7706741635524711,50204278.36328122,1,200,214,0,114.28
1108,46,1,train,4.567854452326018e-09,3.148856737331903e-09,0.3106486272283786,50204278.36328122,0,200,209,0,112.87
1109,46,2,train,3.148856737331903e-09,2.4243266886510247e-09,0.23009304935695132,50204278.36328122,0,200,216,0,117.3
1110,46,3,train,2.4243266886510247e-09,2.0308742187527008e-09,0.16229350266207476,50204278.36328122,0,200,217,0,116.68
1111,46,4,train,2.0308742187527008e-09,1.7578059970592043e-09,0.13445846087957453,50204278.36328122,0,200,215,0,115.31
1112,46,5,train,1.7578059970592043e-09,1.6161606936050145e-09,0.08058073740285406,568890993.4731092,1,200,221,0,117.89
1113,46,6,train,1.6161606936050145e-09,1.483496999984144e-09,0.0820857072850537,568890993.4731092,0,200,217,0,117.03
1114,46,7,train,1.483496999984144e-09,1.3438098825474193e-09,0.09416070099111601,568890993.4731092,0,200,211,0,114.13
1115,46,8,train,1.3438098825474193e-09,1.2283748140631053e-09,0.0859013391578036,568890993.4731092,0,200,213,0,116.5
1116,46,9,train,1.2283748140631053e-09,1.1389620022579867e-09,0.07278951894932381,568890993.4731092,0,200,214,0,116.46
1117,46,10,train,1.1389620022579867e-09,1.066782471120918e-09,0.06337308092278161,568890993.4731092,0,200,216,0,115.76
1118,46,11,train,1.066782471120918e-09,9.955979706171915e-10,0.06672822476069522,568890993.4731092,0,200,213,0,115.55
1119,46,12,train,9.955979706171915e-10,9.387596388743578e-10,0.05708964202447954,568890993.4731092,0,200,213,0,116.61
1120,46,13,train,9.387596388743578e-10,8.955326971073442e-10,0.04604686863066023,568890993.4731092,0,200,216,0,116.68
1121,46,14,train,8.955326971073442e-10,8.573029384440354e-10,0.0426894057434134,568890993.4731092,0,200,214,0,115.59
1122,46,15,train,8.573029384440354e-10,8.227842358175616e-10,0.04026429990911221,568890993.4731092,0,200,214,0,116.45
1123,46,16,train,8.227842358175616e-10,7.926263437223502e-10,0.03665346366929958,568890993.4731092,0,200,218,0,117.24
1124,46,17,train,7.926263437223502e-10,7.647406314130298e-10,0.03518140991676209,568890993.4731092,0,200,223,0,121.7
1125,46,18,train,7.647406314130298e-10,7.417588156365671e-10,0.03005177812247098,568890993.4731092,0,200,217,0,118.93
1126,46,19,train,7.417588156365671e-10,7.176537181592001e-10,0.03249721738282314,568890993.4731092,0,200,220,0,118.74
1127,46,20,train,7.176537181592001e-10,6.954363049456102e-10,0.030958403268052697,568890993.4731092,0,200,213,0,113.57
1128,46,21,train,6.954363049456102e-10,6.755630634712197e-10,0.028576652287292937,568890993.4731092,0,200,220,0,118.78
1129,46,22,train,6.755630634712197e-10,6.562061168730673e-10,0.028653056457366613,568890993.4731092,0,200,211,0,113.98
1130,46,23,train,6.562061168730673e-10,6.385244453361566e-10,0.02694530130436272,568890993.4731092,0,200,220,0,118.38
1131,46,24,train,6.385244453361566e-10,6.240287202731551e-10,0.022701910896097445,568890993.4731092,0,200,214,0,115.68
1132,47,0,train,4.382435538868871e-08,2.755493284681227e-09,0.9371241570984423,22818361.870488692,1,200,214,0,116.53
1133,47,1,train,2.755493284681227e-09,1.885587023359151e-09,0.3156989226423436,362911426.98817587,1,200,216,0,116.81
1134,47,2,train,1.885587023359151e-09,1.5209885621303347e-09,0.19336071828670542,362911426.98817587,0,200,217,0,116.61
1135,47,3,train,1.5209885621303347e-09,1.2934066460665136e-09,0.14962763148268796,362911426.98817587,0,200,214,0,115.12
1136,47,4,train,1.2934066460665136e-09,1.1556882796303743e-09,0.10647723734447015,362911426.98817587,0,200,218,0,117.49
1137,47,5,train,1.1556882796303743e-09,1.0550682901131308e-09,0.08706499087230075,362911426.98817587,0,200,217,0,116.04
1138,47,6,train,1.0550682901131308e-09,9.710375862489307e-10,0.07964480086420736,362911426.98817587,0,200,210,0,114.16
1139,47,7,train,9.710375862489307e-10,9.064855252492401e-10,0.06647740717128361,362911426.98817587,0,200,217,0,118.99
1140,47,8,train,9.064855252492401e-10,8.467226039394227e-10,0.06592815841531004,362911426.98817587,0,200,218,0,119.06
1141,47,9,train,8.467226039394227e-10,7.994118691617501e-10,0.05587512906535953,362911426.98817587,0,200,214,0,115.19
1142,47,10,train,7.994118691617501e-10,7.596154918878196e-10,0.0497820695552849,362911426.98817587,0,200,219,0,117.5
1143,47,11,train,7.596154918878196e-10,7.270464192957914e-10,0.0428757350789233,362911426.98817587,0,200,211,0,112.18
1144,47,12,train,7.270464192957914e-10,6.982207118972927e-10,0.03964768498058064,362911426.98817587,0,200,215,0,115.37
1145,47,13,train,6.982207118972927e-10,6.699207270568324e-10,0.04053157455550137,362911426.98817587,0,200,210,0,113.41
1146,47,14,train,6.699207270568324e-10,6.463607260040608e-10,0.03516834171750123,362911426.98817587,0,200,214,0,116.14
1147,47,15,train,6.463607260040608e-10,6.252485319672876e-10,0.032663175820247095,362911426.98817587,0,200,216,0,117.14
1148,47,16,train,6.252485319672876e-10,6.041598179929997e-10,0.03372853017012962,362911426.98817587,0,200,215,0,114.94
1149,47,17,train,6.041598179929997e-10,5.876849984059181e-10,0.02726897601666133,362911426.98817587,0,200,220,0,118.18
1150,47,18,train,5.876849984059181e-10,5.712607108738564e-10,0.02794743370447141,362911426.98817587,0,200,221,0,120.25
1151,47,19,train,5.712607108738564e-10,5.554512437255013e-10,0.02767469711713833,362911426.98817587,0,200,216,0,118.92
1152,47,20,train,5.554512437255013e-10,5.396738297936249e-10,0.028404678376547827,362911426.98817587,0,200,216,0,116.52
1153,47,21,train,5.396738297936249e-10,5.255469762326543e-10,0.026176651119756592,362911426.98817587,0,200,215,0,116.96
1154,47,22,train,5.255469762326543e-10,5.117992170392518e-10,0.02615895403290546,362911426.98817587,0,200,215,0,117.3
1155,47,23,train,5.117992170392518e-10,4.978958219958809e-10,0.0271657215964529,362911426.98817587,0,200,218,0,118.65
1156,47,24,train,4.978958219958809e-10,4.861660888235512e-10,0.023558609359904954,362911426.98817587,0,200,217,0,116.39
