tag,width,depth,q,mode,seed,n_train,n_parameters,converged,restarts,final_loss,wall_s,val_median_um,val_p95_um,val_stage_um,val_slope_mrad,val_rho,val_straight_um,test_median_um,test_p95_um,test_stage_um,test_slope_mrad,test_rho,test_straight_um
w128_d2_q02_data_s0,128,2,2,data,0,4002,19084,True,179,0.00012617571547477005,1824.1,0.1662215998692318,8459.280065232284,0.10897478676952232,0.10338853962524319,1.2412498181296718e-12,11.660928643891566,0.1644175248998181,8947.797615206006,0.1138251104180199,0.10940577435017765,1.4524917248357774e-12,12.07131072872647
w128_d2_q02_data_s1,128,2,2,data,1,4002,19084,True,184,0.00012242816188670874,2368.7,0.17775617464010907,9476.698831469626,0.11945672128454987,0.1355386114972228,2.987745922384086e-12,11.660928643891566,0.18145061639529558,9609.154384740561,0.1198376717326255,0.141715488357974,2.99424472326429e-12,12.07131072872647
w128_d2_q02_data_s2,128,2,2,data,2,4002,19084,True,174,0.0001606793306094692,1609.5,0.2091634738690118,9118.019710053182,0.13920442975567937,0.1046634703615254,2.608160246850853e-12,11.660928643891566,0.2069961687709565,9355.061242454276,0.13397821959770795,0.11287799489818895,2.4387743468000294e-12,12.07131072872647
w128_d2_q02_physics_s0,128,2,2,physics,0,4002,19084,True,48,1.362873137408853e-06,593.4,1.4148795596895525,21002.510607665306,0.8381489714537338,0.2172218555701981,3.353182164464213e-11,11.660928643891566,1.4849631485027714,23045.770067274072,0.8629372208304176,0.23032123473414046,4.191785295953638e-11,12.07131072872647
w128_d2_q02_physics_s1,128,2,2,physics,1,4002,19084,True,43,1.3548200054505866e-06,596.8,0.9920265506053738,20578.677755002303,0.8069669570054394,0.2181612111923359,1.7422073423452717e-11,11.660928643891566,0.970693236670428,22616.32281688415,0.8025238337765472,0.2205872608061986,1.9504055195582787e-11,12.07131072872647
w128_d2_q02_physics_s2,128,2,2,physics,2,4002,19084,True,56,1.1612067752526222e-06,638.9,1.242211251280878,21292.963672840546,0.930866333462177,0.2146516402554803,2.7119855596196142e-11,11.660928643891566,1.220672725651184,22968.63597763275,0.9596096768653695,0.22447440616926717,3.427141862241411e-11,12.07131072872647
w128_d2_q04_data_s0,128,2,4,data,0,4002,20116,True,153,0.00010121675900454349,1577.5,0.1607802084748755,8818.254190888976,0.1520221506794428,0.05990891955452715,1.0541782137235302e-12,11.660928643891566,0.16126158588880557,8784.25714639841,0.1472425501329866,0.060634603463123604,9.9301781813085e-13,12.07131072872647
w128_d2_q04_data_s1,128,2,4,data,1,4002,20116,True,187,0.00022596705147737457,1350.9,0.16270090711145713,8991.452945348654,0.14988542028504526,0.06882716196476846,9.162925330320576e-13,11.660928643891566,0.15901814461471986,9161.252636482284,0.14602750329828496,0.06697398382532471,8.123012230588543e-13,12.07131072872647
w128_d2_q04_data_s2,128,2,4,data,2,4002,20116,True,169,0.00014136614683767836,1846.2,0.19932318970461438,8151.717945256204,0.1848398710375676,0.07186114799749219,1.849993904890792e-12,11.660928643891566,0.20514182217112875,9012.595049886146,0.18797030910278067,0.07290501917188441,2.0594408946214722e-12,12.07131072872647
w128_d2_q04_physics_s0,128,2,4,physics,0,4002,20116,True,45,1.5297352522756066e-06,661.7,1.2131373160144676,7109.235268481669,1.1904684252783682,0.22530096979214623,1.952801835520072e-11,11.660928643891566,1.1483225421784482,7204.564744774259,1.2387208791059257,0.24582220708553593,2.3463238735913566e-11,12.07131072872647
w128_d2_q04_physics_s1,128,2,4,physics,1,4002,20116,True,49,1.11442041597118e-06,725.4,1.242540683527693,7037.520155441649,1.3456051455591478,0.17333954654406153,2.330863468623152e-11,11.660928643891566,1.2530652685143195,6983.794468305679,1.4763426760850962,0.1838369152886432,2.5565319416203177e-11,12.07131072872647
w128_d2_q04_physics_s2,128,2,4,physics,2,4002,20116,True,54,1.0907075369180848e-06,695.9,1.425253873307497,7080.8244719237055,1.4950070839461205,0.19077382666577575,3.517363291138421e-11,11.660928643891566,1.5019666297035883,7175.2624513897545,1.5083932760537877,0.20310752099242033,4.2033191380961103e-11,12.07131072872647
w128_d2_q06_data_s0,128,2,6,data,0,4002,21148,True,141,0.00017606782229259002,1955.1,0.19602458040424153,9453.774306914433,0.19753882132533818,0.053955953841246934,1.1049291918417193e-12,11.660928643891566,0.20121521455962466,9648.176311454627,0.1958467129412611,0.05560305636573282,1.1363202240482353e-12,12.07131072872647
w128_d2_q06_data_s1,128,2,6,data,1,4002,21148,True,165,9.78073130880941e-05,2422.4,0.1602567931868748,8791.07732012322,0.1684126002174935,0.0870985981847941,1.3854918035869413e-12,11.660928643891566,0.1572156645721634,9750.247437157754,0.15668080330044631,0.092361526030732,1.4742322228289889e-12,12.07131072872647
w128_d2_q06_data_s2,128,2,6,data,2,4002,21148,True,166,0.00012093158700244253,2382.7,0.18929299262282484,8703.235845027824,0.18358044093247372,0.06721535485164874,1.306794443984123e-12,11.660928643891566,0.1775577538012385,8594.541521371757,0.17369044538284584,0.07258644993960503,1.2701573060936879e-12,12.07131072872647
w128_d2_q06_physics_s0,128,2,6,physics,0,4002,21148,True,47,1.0939965661880672e-06,670.1,0.8999017926498709,2799.213230297807,1.5310441537685904,0.1371349477860811,1.8823145077789195e-11,11.660928643891566,0.8935532309095606,2816.2032735551475,1.4558344107822307,0.1430120632445464,1.905302055312997e-11,12.07131072872647
w128_d2_q06_physics_s1,128,2,6,physics,1,4002,21148,True,44,1.4155948255504092e-06,742.3,1.4327355822629784,2975.60661939042,1.455808029291461,0.1429967587069994,2.8911485051205405e-11,11.660928643891566,1.2779141393934879,2808.40352343056,1.3383413051357707,0.14950340614037788,2.426046358471484e-11,12.07131072872647
w128_d2_q06_physics_s2,128,2,6,physics,2,4002,21148,True,53,1.014736801446072e-06,904.3,1.0138411400397729,2683.442576894833,1.102994204757124,0.1424085468525807,1.8185940334379293e-11,11.660928643891566,1.0020267498163093,2750.2969752461336,1.0292478632898394,0.1440930041265824,2.006554821476862e-11,12.07131072872647
w128_d2_q08_data_s0,128,2,8,data,0,4002,22180,True,153,0.00012032063468020259,2299.9,0.1855975861460024,8805.43304199261,0.19219371503709226,0.08370303057554651,1.5225661092157388e-12,11.660928643891566,0.18551220401619162,8564.393963862636,0.1921559774142878,0.09041216941439029,1.5018237335684979e-12,12.07131072872647
w128_d2_q08_data_s1,128,2,8,data,1,4002,22180,True,150,0.00016161784549998537,1837.2,0.17140887998579046,9665.138703680987,0.1824051387018244,0.054400020155883494,9.774988207180418e-13,11.660928643891566,0.1740046067695289,9692.511108481014,0.1831958875015971,0.0552753006034315,1.0243129383365462e-12,12.07131072872647
w128_d2_q08_data_s2,128,2,8,data,2,4002,22180,True,176,0.0001856143971906901,1916.2,0.2161451325264352,11091.511612445667,0.21823071377014003,0.05573963975267007,1.6427926097619684e-12,11.660928643891566,0.2214049218203229,11137.50987801572,0.22147578377484933,0.05768228596596259,1.44397245286894e-12,12.07131072872647
w128_d2_q08_physics_s0,128,2,8,physics,0,4002,22180,True,45,1.1141482853232339e-06,864.8,1.398195901110455,2398.427351575955,1.3850890251667636,0.141686635363035,3.129301588318037e-11,11.660928643891566,1.31697336888692,2338.529318725146,1.4475059757330655,0.14980181143390908,3.4293838686066745e-11,12.07131072872647
w128_d2_q08_physics_s1,128,2,8,physics,1,4002,22180,True,50,1.0168970288784775e-06,878.8,1.3023247028201013,2633.8696658564213,1.4446923325230898,0.13609766948584692,2.5375524243861877e-11,11.660928643891566,1.2002866905191922,2553.0454007070466,1.4071900155563366,0.13948647796236358,2.4221655672601055e-11,12.07131072872647
w128_d2_q08_physics_s2,128,2,8,physics,2,4002,22180,True,45,1.1879391829189172e-06,944.9,0.9784158125967224,2959.531333936436,1.2417736179948236,0.14095438963019138,1.6219689214101282e-11,11.660928643891566,0.8169733910321497,2777.45984233579,1.2340402381312288,0.14771397822134838,1.627755449185269e-11,12.07131072872647
w128_d2_q10_data_s0,128,2,10,data,0,4002,23212,True,121,0.00023984621779118056,1294.4,0.27071520477761624,11348.218583687252,0.28225507673784733,0.053556465965332034,1.569447801423385e-12,11.660928643891566,0.2636671584355099,11615.560668322158,0.2784806447380106,0.05397272697313382,1.5569857658046748e-12,12.07131072872647
w128_d2_q10_data_s1,128,2,10,data,1,4002,23212,True,137,9.96768616991273e-05,1597.5,0.1630540882260334,9519.978003117816,0.17485239104075845,0.06582228445635094,1.3951130574477624e-12,11.660928643891566,0.1576886110825626,10587.6124216493,0.1738380307187981,0.06790397213586596,1.5109648396120254e-12,12.07131072872647
w128_d2_q10_data_s2,128,2,10,data,2,4002,23212,True,161,0.00018347006980102705,1862.6,0.19791516811551446,10502.712894729422,0.21285549055960473,0.053928747378667596,1.16756245780801e-12,11.660928643891566,0.2017021157421084,10627.305547768068,0.2172587470177234,0.05851288951708514,1.280663354346157e-12,12.07131072872647
w128_d2_q10_physics_s0,128,2,10,physics,0,4002,23212,True,52,9.98647251519493e-07,1125.8,1.640871838553437,2534.1128261862914,1.6455579379908158,0.14058816719032807,3.7707834429008043e-11,11.660928643891566,1.8202242803049273,2476.924249660271,1.7935390254848471,0.14912570534548508,4.5716984384023913e-11,12.07131072872647
w128_d2_q10_physics_s1,128,2,10,physics,1,4002,23212,True,53,1.0888970386096385e-06,964.6,1.3027959179083837,2558.285127829558,1.4410737607022384,0.15107733350514657,2.5408494293179304e-11,11.660928643891566,1.2200891675302472,2392.2629324291365,1.3199480851113776,0.15470401012778953,2.6284061156246318e-11,12.07131072872647
w128_d2_q10_physics_s2,128,2,10,physics,2,4002,23212,True,52,1.0308940550885055e-06,980.6,1.2292104469331377,2575.53330772034,1.6474827348034182,0.14076036448590476,2.3841843337402267e-11,11.660928643891566,1.24108804463674,2578.95328109636,1.6205908571738092,0.1450221015906264,2.7833207743620028e-11,12.07131072872647
w128_d2_q12_data_s0,128,2,12,data,0,4002,24244,True,152,0.00016745882288258815,1868.5,0.1825182365564615,9534.961300809864,0.19961777663013436,0.06236385795625743,1.1367954321202487e-12,11.660928643891566,0.19579405644520875,10305.72037477272,0.2096172162282528,0.062335150982001375,1.051908029878413e-12,12.07131072872647
w128_d2_q12_data_s1,128,2,12,data,1,4002,24244,True,142,0.0002771565023786248,2174.8,0.23439394698243632,11917.122602826486,0.23653148275570857,0.04428023228523342,1.1749861868614669e-12,11.660928643891566,0.22920042666285667,12598.13640983954,0.2359996658185537,0.046294536125840446,1.2536962094994597e-12,12.07131072872647
w128_d2_q12_data_s2,128,2,12,data,2,4002,24244,True,66,0.0004023362449108139,844.3,0.25039572764651297,15595.976725809935,0.2643150817789319,0.04701026616770257,1.1889849230047657e-12,11.660928643891566,0.25170734132373696,15317.016629389136,0.2595770783386797,0.05091139508987125,1.3683732555074122e-12,12.07131072872647
w128_d2_q12_physics_s0,128,2,12,physics,0,4002,24244,True,47,1.238919137266544e-06,1091.5,1.1139530207628923,2547.941729155013,1.5537137437036108,0.139278011330431,2.1310509105495764e-11,11.660928643891566,1.168484015948934,2274.38901527101,1.5245268274810542,0.14824319538765673,2.581217998000908e-11,12.07131072872647
w128_d2_q12_physics_s1,128,2,12,physics,1,4002,24244,True,48,1.0947193377636318e-06,772.9,0.9013004307583117,2594.2728642357265,1.5314404417292593,0.13870828469850216,1.8538062239045562e-11,11.660928643891566,0.8606208459767117,2470.000164744504,1.444360239645448,0.15008293457019484,1.9791703768139835e-11,12.07131072872647
w128_d2_q12_physics_s2,128,2,12,physics,2,4002,24244,True,52,1.1189242041365092e-06,1105.2,1.0921088467412687,2754.044546322888,1.671111696045724,0.14555241626416915,2.066649849898136e-11,11.660928643891566,1.131435470240305,2720.234772162349,1.616531129677412,0.14952245454673013,2.1851444392764516e-11,12.07131072872647
w128_d2_q14_data_s0,128,2,14,data,0,4002,25276,True,145,0.00020819607594338058,1774.3,0.20852577316121668,11577.490130688506,0.23672809658625837,0.04806597109938138,1.0057384683235276e-12,11.660928643891566,0.20790158373529266,11491.508826797877,0.22426797686847522,0.04842016596390622,9.77647863639749e-13,12.07131072872647
w128_d2_q14_data_s1,128,2,14,data,1,4002,25276,True,115,0.00017140524790884066,1674.9,0.17028170924504593,12137.789805714767,0.17705333804940437,0.05701513044498174,1.0957023155713361e-12,11.660928643891566,0.17423486743695094,12696.358720066537,0.17935101031874012,0.06050858259269015,1.046829243701503e-12,12.07131072872647
w128_d2_q14_data_s2,128,2,14,data,2,4002,25276,True,128,0.00012811269617515333,1468.3,0.20566378682929098,10376.784188355308,0.21577461504129758,0.06785047528669319,1.381611461586095e-12,11.660928643891566,0.1893289739527404,10888.66344733136,0.19963021628655042,0.06860786207791257,1.3339889600124222e-12,12.07131072872647
w128_d2_q14_physics_s0,128,2,14,physics,0,4002,25276,True,50,1.111049870209094e-06,788.3,1.7730079271283117,2635.141071058025,1.9249570940189642,0.13876412195221177,4.5636912554705003e-11,11.660928643891566,1.7879355092702554,2580.7926829300636,1.8888993011074717,0.14840369545876358,4.969296328498644e-11,12.07131072872647
w128_d2_q14_physics_s1,128,2,14,physics,1,4002,25276,True,50,1.2111435913800361e-06,1011.1,1.2593397992759492,2516.385189396437,1.9152435283515956,0.1439585802786858,2.937460988630824e-11,11.660928643891566,1.1759539692484111,2480.0753420617684,1.8376919050808738,0.1511916100189522,2.4449331400415357e-11,12.07131072872647
w128_d2_q14_physics_s2,128,2,14,physics,2,4002,25276,True,45,1.3317327020959366e-06,881.2,1.0797937587767592,3065.8114736324296,1.4117464857221762,0.15075597071871616,2.130299674404428e-11,11.660928643891566,0.9649544649832364,2827.044149111117,1.3089481425652139,0.15734906150569744,2.155498272838373e-11,12.07131072872647
w128_d2_q16_data_s0,128,2,16,data,0,4002,26308,True,130,0.00038260234473904065,1681.0,0.2746432519558084,12414.05261779819,0.2811755141678418,0.053603032978861986,1.7481470982432965e-12,11.660928643891566,0.27355944871487736,12636.951185800002,0.27660708120436084,0.05242492438898433,1.6838910607230151e-12,12.07131072872647
w128_d2_q16_data_s1,128,2,16,data,1,4002,26308,True,89,0.00025198683256626804,1132.3,0.2697686017967271,12894.9996494572,0.2846517624277567,0.05624943315168246,2.1584032550475414e-12,11.660928643891566,0.2445171210609942,13492.818423887553,0.2617255183823275,0.054513024621208675,1.9030844805133403e-12,12.07131072872647
w128_d2_q16_data_s2,128,2,16,data,2,4002,26308,True,136,0.00012233712808575745,1474.4,0.1737015068385972,9021.392160021202,0.18856167278613611,0.08133780283162487,1.5015657892695835e-12,11.660928643891566,0.17294745313556348,8866.69859201695,0.18083407823965558,0.07961873935724562,1.5435709371075224e-12,12.07131072872647
w128_d2_q16_physics_s0,128,2,16,physics,0,4002,26308,True,50,1.1128570581799723e-06,1401.7,1.2898477915443962,2375.845462312919,1.5021523688716343,0.13080521313638993,2.6923064542205234e-11,11.660928643891566,1.3471385689909354,2290.5272099021036,1.4578628869656995,0.13597153562884545,3.316667923739969e-11,12.07131072872647
w128_d2_q16_physics_s1,128,2,16,physics,1,4002,26308,True,45,1.1886205186872337e-06,1057.4,1.1311066689358995,2704.367865819497,1.8060045381744771,0.14248560988681935,2.0780802932696834e-11,11.660928643891566,1.0389699506134775,2478.7849608911442,1.8953130262389095,0.15000188464685954,2.3893775504901335e-11,12.07131072872647
w128_d2_q16_physics_s2,128,2,16,physics,2,4002,26308,True,52,1.1598694312346805e-06,1227.4,1.4163554997388417,2485.6944823340564,1.86205245902471,0.1475128081458721,3.2325600396035504e-11,11.660928643891566,1.4014501596619766,2475.001441574653,1.7563543599625753,0.1541943892702088,3.922115484255497e-11,12.07131072872647
w128_d2_q18_data_s0,128,2,18,data,0,4002,27340,True,104,0.00023272872023115567,1364.5,0.19538408148633835,13111.338555526982,0.22858768818423414,0.05820769896358602,1.3794205277539247e-12,11.660928643891566,0.18931884074646632,13155.453891066127,0.21892278407165122,0.06177143127671092,1.3279567819653322e-12,12.07131072872647
w128_d2_q18_data_s1,128,2,18,data,1,4002,27340,True,131,0.00021880518870972062,1736.3,0.2458149448614222,13692.535022857874,0.2685466522720503,0.03815100957259515,1.3319209351401579e-12,11.660928643891566,0.2433997092730067,14217.31732696473,0.2685892449143523,0.043083353990718,1.2321618618974653e-12,12.07131072872647
w128_d2_q18_data_s2,128,2,18,data,2,4002,27340,True,141,0.00016868758935758543,1517.2,0.19226770245817093,11083.595231384386,0.2164907061512622,0.06222141051962036,1.1861451195402446e-12,11.660928643891566,0.16928771560742462,11575.870077170006,0.19512868588833499,0.06283727246109844,1.0884483605667569e-12,12.07131072872647
w128_d2_q18_physics_s0,128,2,18,physics,0,4002,27340,True,47,1.1131843202855874e-06,1487.5,0.7192105164932627,2613.8083328862926,1.4099148685815521,0.14199709071279626,1.1281774114789343e-11,11.660928643891566,0.6800280273306925,2464.9166618348286,1.3272101911638856,0.15130694243152207,1.263389104232435e-11,12.07131072872647
w128_d2_q18_physics_s1,128,2,18,physics,1,4002,27340,True,49,1.1739280868139647e-06,1329.1,1.345697770037596,2605.9299308336244,1.913974479904823,0.13698495990387485,2.857817662477728e-11,11.660928643891566,1.1923626464991344,2531.239832964807,1.7892826683407748,0.14654293581916125,2.9091257695306156e-11,12.07131072872647
w128_d2_q18_physics_s2,128,2,18,physics,2,4002,27340,True,52,1.1538467494966884e-06,1077.3,1.1301983079050615,2567.9295904780274,1.7082407782531561,0.13894182454374931,2.5080486674639307e-11,11.660928643891566,1.1095081351464309,2500.9423987037135,1.7002209279510794,0.14748883177707547,2.641403053229496e-11,12.07131072872647
w128_d2_q20_data_s0,128,2,20,data,0,4002,28372,True,121,0.0002993144539670529,1421.2,0.29405610596100473,12459.98175343132,0.32004574796928864,0.05010836909675152,1.6452315961207971e-12,11.660928643891566,0.30312432974000103,12549.294491625094,0.3218502580182303,0.05331781298248406,1.660274469656378e-12,12.07131072872647
w128_d2_q20_data_s1,128,2,20,data,1,4002,28372,True,88,0.0001758956511502138,1000.2,0.18949109629318173,12428.211799669507,0.20561744874925125,0.05520333162636719,1.1025020522122802e-12,11.660928643891566,0.20626506930199184,14071.145046880236,0.21988709583631305,0.06186254528037921,1.3530686977322044e-12,12.07131072872647
w128_d2_q20_data_s2,128,2,20,data,2,4002,28372,True,120,0.0002917406348602971,1334.6,0.2200374927703308,10783.153460070203,0.23017849852990935,0.0569185321773677,1.5640887242765996e-12,11.660928643891566,0.20902741233896904,11492.95438117991,0.22524350683994498,0.06040150321022161,1.6477267558348384e-12,12.07131072872647
w128_d2_q20_physics_s0,128,2,20,physics,0,4002,28372,True,46,1.1472657570829948e-06,1073.6,1.4439961895647002,2753.834984119658,1.9660868537414444,0.1407396037101001,3.861209315707217e-11,11.660928643891566,1.7113753711512913,2535.0739328016602,2.169137810145827,0.15069133466574985,4.9981440482667845e-11,12.07131072872647
w128_d2_q20_physics_s1,128,2,20,physics,1,4002,28372,True,55,1.0013208881271797e-06,1319.2,1.129644571867594,2291.204516092106,1.52822420335319,0.14354704864281975,2.696936959969863e-11,11.660928643891566,1.1658722710663483,2279.696420077056,1.5151860393158856,0.14787827833262143,3.0030217223432076e-11,12.07131072872647
w128_d2_q20_physics_s2,128,2,20,physics,2,4002,28372,True,49,1.0811009345630803e-06,1161.7,1.3120691587289457,2507.8508901087716,1.8366308331607684,0.13694620692877726,2.9903506459599516e-11,11.660928643891566,1.1420105851578377,2570.227335405389,1.6508324578801137,0.14302325389623122,2.7130102106304627e-11,12.07131072872647
w128_d4_q02_data_s0,128,4,2,data,0,4002,52108,True,185,2.3792290226188936e-05,4485.6,0.11537231560510008,4579.415678952072,0.07850803665832018,0.011270158372690686,1.7449478577445753e-13,11.660928643891566,0.11626426304900406,4747.857986595502,0.07846694768431917,0.012283083616346571,1.7140581519587156e-13,12.07131072872647
w128_d4_q02_data_s1,128,4,2,data,1,4002,52108,True,160,8.846591360961228e-06,3863.3,0.0927582722738407,3114.532187334728,0.06138168173874803,0.00849336256869733,1.1323218920046082e-13,11.660928643891566,0.09279196974176784,3126.1792915724604,0.0598384657735096,0.009110853587276924,1.0134281884287726e-13,12.07131072872647
w128_d4_q02_data_s2,128,4,2,data,2,4002,52108,True,200,1.3328062791890574e-05,4798.7,0.09349066111496995,4108.17548671575,0.06199394411510184,0.010732376865517368,1.532353613508385e-13,11.660928643891566,0.09614365770005406,4454.222066608691,0.06222016577339673,0.011526504753320288,1.2949788123015478e-13,12.07131072872647
w128_d4_q02_physics_s0,128,4,2,physics,0,4002,52108,True,36,9.152874688824466e-07,713.8,1.5776615351796863,20783.449126969663,1.0227162853269078,0.1480788068751711,3.261368091329655e-11,11.660928643891566,1.6568180648253161,22436.34956184601,1.1028562679769038,0.150120389612287,3.837768596105758e-11,12.07131072872647
w128_d4_q02_physics_s1,128,4,2,physics,1,4002,52108,True,36,7.10361977967877e-07,731.4,2.40073658549278,21395.852589642112,1.7947238145552546,0.12592695675376492,6.737348532436103e-11,11.660928643891566,2.5893676487001027,22301.845164694456,1.910988882935838,0.12756894672670982,7.881153326035632e-11,12.07131072872647
w128_d4_q02_physics_s2,128,4,2,physics,2,4002,52108,True,37,6.934062526357251e-07,622.1,1.2056765230248345,21572.921131945655,0.9072147048172496,0.12681160741272265,1.832199735217273e-11,11.660928643891566,1.2169440890623662,22871.15895527675,0.9308056304604406,0.12920942036078256,2.301975544232e-11,12.07131072872647
w128_d4_q04_data_s0,128,4,4,data,0,4002,53140,True,178,1.1714887332858486e-05,5614.5,0.08849387008424969,3523.95185760326,0.08033535645779466,0.008775530387153396,1.088309220336205e-13,11.660928643891566,0.08659588320369949,3689.5281047597123,0.07735920477358604,0.009136469029946692,9.926413242422893e-14,12.07131072872647
w128_d4_q04_data_s1,128,4,4,data,1,4002,53140,True,189,5.049782951477108e-06,5892.1,0.07726956700793153,2962.065409034997,0.07086590295557471,0.008389726750206161,1.0712894960151146e-13,11.660928643891566,0.07567868661340071,3119.3518195512042,0.0697908142606174,0.00930541899060635,8.523569317270677e-14,12.07131072872647
w128_d4_q04_data_s2,128,4,4,data,2,4002,53140,True,171,7.810739975236122e-06,4259.4,0.07797086740168879,2803.5614517874956,0.06841878577290572,0.008448421042139831,1.0041342581840755e-13,11.660928643891566,0.08324104172707791,2972.946922717532,0.07262024220366925,0.009006072317144231,8.775333323025601e-14,12.07131072872647
w128_d4_q04_physics_s0,128,4,4,physics,0,4002,53140,True,36,9.59404538939002e-07,1095.7,0.6291953092798508,7053.3568921400865,0.7110796437928002,0.12513678880440252,8.04221448578047e-12,11.660928643891566,0.623531960000534,6989.241270608384,0.671269589687995,0.12986753616433394,8.753973568576454e-12,12.07131072872647
w128_d4_q04_physics_s1,128,4,4,physics,1,4002,53140,True,39,9.113179845531559e-07,1195.3,1.0113163478422393,6739.616206979101,0.9872205186121086,0.12426014007995562,1.8004675638335427e-11,11.660928643891566,1.0648821224208405,7030.071220711598,1.0172898267910568,0.12759451114618764,1.994070291061829e-11,12.07131072872647
w128_d4_q04_physics_s2,128,4,4,physics,2,4002,53140,True,36,8.988811389954969e-07,1236.9,3.795296990434016,6909.691402427884,3.099403506382714,0.12592884550099645,1.4081562183934026e-10,11.660928643891566,3.7046968165981298,7092.305752228382,3.0646594790644244,0.13173627398594193,1.5259563158096044e-10,12.07131072872647
w128_d4_q06_data_s0,128,4,6,data,0,4002,54172,True,223,1.0989603217581846e-05,7321.2,0.09326674708631799,3434.327091043722,0.09103459323966945,0.009785534132791818,1.1748023206728845e-13,11.660928643891566,0.08810094403738367,3880.0417612621254,0.08540141374879795,0.010300026732790873,1.1248131764752418e-13,12.07131072872647
w128_d4_q06_data_s1,128,4,6,data,1,4002,54172,True,86,0.0005715091785865675,2008.3,0.26281708884567934,13841.400356036522,0.26251655480535874,0.022999336022976047,8.057159158063543e-13,11.660928643891566,0.2609086422467044,14010.070671573087,0.2557743663942347,0.022172974882064822,8.155161100182925e-13,12.07131072872647
w128_d4_q06_data_s2,128,4,6,data,2,4002,54172,True,228,1.0720656059251832e-05,7314.1,0.09179674823300843,3437.7054524772716,0.08985326033439378,0.010048365926988712,1.499851093692417e-13,11.660928643891566,0.09241150200978154,3629.809996433383,0.08995819817414485,0.010773392217743906,1.372815993783817e-13,12.07131072872647
w128_d4_q06_physics_s0,128,4,6,physics,0,4002,54172,True,40,8.04986038662715e-07,1021.5,1.6471390013350629,2119.393432062171,1.7476072060400583,0.08899031480886707,3.339459955029179e-11,11.660928643891566,1.5691013471510473,2105.5044345676947,1.6465623818362474,0.09249710979156514,3.637568026972788e-11,12.07131072872647
w128_d4_q06_physics_s1,128,4,6,physics,1,4002,54172,True,32,8.902098733153637e-07,925.3,3.2574554832507374,2333.455723823872,2.99688952063093,0.10329067506815656,1.0957200378307864e-10,11.660928643891566,2.9546956870234453,2272.9364380484253,2.723016717086857,0.10820924734673831,1.218008681923561e-10,12.07131072872647
w128_d4_q06_physics_s2,128,4,6,physics,2,4002,54172,True,39,6.798588582019749e-07,1111.6,1.1025420221031368,2148.5958529806935,1.1166007143899037,0.09741689762952921,1.8911896374623513e-11,11.660928643891566,1.1195935716692418,2041.2818027145318,1.116134279088854,0.09956437471973778,2.490839387332291e-11,12.07131072872647
w128_d4_q08_data_s0,128,4,8,data,0,4002,55204,True,203,1.3318662639463633e-05,3675.7,0.0898228790902067,4520.798336051424,0.09147235921602714,0.00988357534268021,1.3504498426318163e-13,11.660928643891566,0.09242873257875317,4378.339576623305,0.09384651601962446,0.010137213541590133,1.164838165989122e-13,12.07131072872647
w128_d4_q08_data_s1,128,4,8,data,1,4002,55204,True,165,7.261980916431432e-05,2774.4,0.14626604490786121,6469.261565874108,0.15152275508856228,0.01464187935177469,2.8576760784494724e-13,11.660928643891566,0.1397348804701437,6425.759078768826,0.1411727836959642,0.015882266444187942,2.599174557506926e-13,12.07131072872647
w128_d4_q08_data_s2,128,4,8,data,2,4002,55204,True,130,0.00023498348475233828,2813.1,0.17828277928799707,11419.371698525249,0.19367369060319106,0.017721027860524922,4.652726138526981e-13,11.660928643891566,0.18055861672650053,11475.888766685533,0.1852443729433162,0.02014617478722329,4.259803728201713e-13,12.07131072872647
w128_d4_q08_physics_s0,128,4,8,physics,0,4002,55204,True,38,8.112087198759387e-07,1545.9,1.942874209561296,2132.0387637223544,1.954460493948318,0.09566148867681118,4.789299261912439e-11,11.660928643891566,1.8783626074139192,2110.9606362422687,1.9143902324003648,0.10335118946744326,4.897154410519459e-11,12.07131072872647
w128_d4_q08_physics_s1,128,4,8,physics,1,4002,55204,True,36,8.117280543171227e-07,1042.1,1.890183555673275,1950.8439789460645,2.019408998059191,0.10269116972247004,4.786117122133893e-11,11.660928643891566,1.8640654510022614,1935.4275038516716,2.029575301868647,0.10699084047242902,4.9994147718460384e-11,12.07131072872647
w128_d4_q08_physics_s2,128,4,8,physics,2,4002,55204,True,34,8.325806733287892e-07,978.2,1.1359343621197837,2129.6527624729592,1.2449677792858438,0.11098312383369877,2.17223945787238e-11,11.660928643891566,1.1834182897558776,2211.73780393128,1.2945689152273343,0.1140548622167413,2.5683733498299807e-11,12.07131072872647
w128_d4_q10_data_s0,128,4,10,data,0,4002,56236,True,188,8.67709151224723e-05,4388.9,0.15490481407454126,7195.959761205919,0.179095587810707,0.014916399772563378,2.8876744817867267e-13,11.660928643891566,0.14371109158162199,7168.401051422911,0.1710433311785664,0.01550028913918644,2.556865142370654e-13,12.07131072872647
w128_d4_q10_data_s1,128,4,10,data,1,4002,56236,True,183,6.477658624709998e-05,4154.6,0.12438739629627715,6804.500541602531,0.13708531405143276,0.013123336514512737,2.4271553393728186e-13,11.660928643891566,0.1239428291484046,6559.851025803068,0.1345731881770007,0.01449014394322868,2.3437852154553727e-13,12.07131072872647
w128_d4_q10_data_s2,128,4,10,data,2,4002,56236,True,184,1.1018466247812016e-05,4064.4,0.10113378574061471,3609.6273353813285,0.1021354667818386,0.011260837594472863,1.539414616897314e-13,11.660928643891566,0.10333155285024986,3791.256871120485,0.10422539384080665,0.011392813616152575,1.3971806185701114e-13,12.07131072872647
w128_d4_q10_physics_s0,128,4,10,physics,0,4002,56236,True,30,1.0698253765612178e-06,906.0,1.661121393368603,2165.0493113734055,1.8933811337689122,0.11345953025156119,3.4184481809576245e-11,11.660928643891566,1.6183684779136343,2042.0618066093964,1.9082710518176782,0.11928344859618925,3.6453091658017675e-11,12.07131072872647
w128_d4_q10_physics_s1,128,4,10,physics,1,4002,56236,True,35,7.746711689590868e-07,1080.8,1.1698742495163117,2253.573963920552,1.3156680781207797,0.10649815827758267,2.232311135215606e-11,11.660928643891566,1.0951497365283558,2121.6109562097035,1.2484444120346438,0.11073595789791446,2.2760499692308615e-11,12.07131072872647
w128_d4_q10_physics_s2,128,4,10,physics,2,4002,56236,True,37,8.526725565071849e-07,1512.1,1.2917445356919188,2085.8726474081986,1.572056023957158,0.10590156297016554,2.2638241617661978e-11,11.660928643891566,1.3295130006909517,2036.2833554345384,1.634048830773338,0.10881027955160841,2.552459790048003e-11,12.07131072872647
w128_d4_q12_data_s0,128,4,12,data,0,4002,57268,True,84,0.00037977888991434176,2069.5,0.1936136954725498,9437.872260174394,0.20382592032319735,0.01668043940530363,4.818642173013129e-13,11.660928643891566,0.19779037069156402,10455.20685172871,0.2018061053092879,0.018151419299727096,4.106097007268456e-13,12.07131072872647
w128_d4_q12_data_s1,128,4,12,data,1,4002,57268,True,66,0.0005408768038429756,1577.3,0.22325606266804243,14064.50772093326,0.24526709202077335,0.022160544698900803,6.268381840252196e-13,11.660928643891566,0.2026967721704409,14922.406799083752,0.2194027039337243,0.02404639433828404,5.159845378266641e-13,12.07131072872647
w128_d4_q12_data_s2,128,4,12,data,2,4002,57268,True,191,3.394495222707874e-05,4448.8,0.11849334756419694,5172.566246015195,0.12285583300064573,0.01238621861261377,2.1043985385945482e-13,11.660928643891566,0.1227698577395131,5430.767887796057,0.12608244190381868,0.013137291514423582,2.008891071728742e-13,12.07131072872647
w128_d4_q12_physics_s0,128,4,12,physics,0,4002,57268,True,37,9.167844576975312e-07,1192.5,0.9987211406485841,2218.8209406795736,1.2075314719410812,0.10054160508066179,1.626541730105923e-11,11.660928643891566,1.0023143013633273,2096.8995703343203,1.204180430534052,0.10586469650016375,1.782884890433749e-11,12.07131072872647
w128_d4_q12_physics_s1,128,4,12,physics,1,4002,57268,True,34,8.376737322892875e-07,1089.5,1.2186177944655263,2147.560109406657,1.4683860043760433,0.10500907825510691,2.0117421608458583e-11,11.660928643891566,1.1581627600462108,2081.3639871058904,1.4383289015640344,0.11254796770078165,2.0091752834860263e-11,12.07131072872647
w128_d4_q12_physics_s2,128,4,12,physics,2,4002,57268,True,39,7.621425433067932e-07,1554.1,1.2797936469652882,1928.260793989555,1.3663604514242422,0.09801909260449132,2.489916235063019e-11,11.660928643891566,1.3039265917598186,1767.045441284915,1.4128943111799686,0.10280585874852637,2.510991945706222e-11,12.07131072872647
w128_d4_q14_data_s0,128,4,14,data,0,4002,58300,True,244,9.426055767946089e-06,6491.2,0.08946939897924722,4252.012284932059,0.0994436335171045,0.010577022125275032,1.2636598663991962e-13,11.660928643891566,0.07855786894062078,4207.779444468716,0.08317376888555827,0.010774992030462838,1.0745449806478077e-13,12.07131072872647
w128_d4_q14_data_s1,128,4,14,data,1,4002,58300,True,220,1.1859693514123409e-05,5536.4,0.10925395400818161,4051.4155644718517,0.1146986665716554,0.011824243750224554,1.9208514981351047e-13,11.660928643891566,0.10686042747565239,4402.905975989677,0.11251360155029033,0.012807399668744376,1.7725754619202022e-13,12.07131072872647
w128_d4_q14_data_s2,128,4,14,data,2,4002,58300,True,69,0.0005145977843186468,1926.0,0.23537508972815147,11270.913632183396,0.24900171546704541,0.01919059900387177,7.237056837496809e-13,11.660928643891566,0.23565679277837148,12363.16801249695,0.24484985944894788,0.020865284464086087,7.084289751832023e-13,12.07131072872647
w128_d4_q14_physics_s0,128,4,14,physics,0,4002,58300,True,35,1.0167697790019953e-06,1223.1,1.6012983327087227,2376.8940164016276,1.9336393173432498,0.10776095275134412,3.267508079865365e-11,11.660928643891566,1.6339957020150564,2286.4907736720847,1.9070427944356538,0.11450164884871383,3.5803399277329115e-11,12.07131072872647
w128_d4_q14_physics_s1,128,4,14,physics,1,4002,58300,True,38,6.840862084336134e-07,1622.0,1.0451326132283612,2038.7775641791948,1.436197257461913,0.10038168517562812,1.7980432823255475e-11,11.660928643891566,0.9694441960839129,1924.9223330806037,1.3577960515362975,0.10436890322662942,1.8223957641960985e-11,12.07131072872647
w128_d4_q14_physics_s2,128,4,14,physics,2,4002,58300,True,39,8.381914765275545e-07,1615.4,2.0607145119697634,2081.6040508073625,2.222552954947332,0.10835045114709549,4.960416506951054e-11,11.660928643891566,2.038847272650912,1989.5063362360256,2.136008180506077,0.11141808772633516,5.52896992665548e-11,12.07131072872647
w128_d4_q16_data_s0,128,4,16,data,0,4002,59332,True,274,2.2958612527478065e-05,7347.1,0.11452107754905683,5239.071632594374,0.12416161618844512,0.011532634062505487,1.797011716259762e-13,11.660928643891566,0.11246118002361527,5892.170362905551,0.12118855827036867,0.01262152641256023,1.7297800770813372e-13,12.07131072872647
w128_d4_q16_data_s1,128,4,16,data,1,4002,59332,True,227,1.5635048534493914e-05,7122.1,0.1192578829104507,4027.955822178709,0.12491278589976673,0.011346874293233916,2.1508940768317978e-13,11.660928643891566,0.10938545997873916,4323.647677858317,0.11394074846293734,0.012612067828109835,1.9396236099926366e-13,12.07131072872647
w128_d4_q16_data_s2,128,4,16,data,2,4002,59332,True,181,9.742825328008656e-05,6191.4,0.13583960803487116,6846.768184312748,0.15066466704638515,0.014839237431830271,2.888919051089524e-13,11.660928643891566,0.1388619105640032,6552.032849170799,0.1497574090336684,0.015764830103966176,2.5892299722981543e-13,12.07131072872647
w128_d4_q16_physics_s0,128,4,16,physics,0,4002,59332,True,35,1.0487588524982754e-06,1256.0,1.2413640249917535,2108.8061712400745,1.5233216113017534,0.10000482648924672,2.128149365421363e-11,11.660928643891566,1.1547875614610348,2098.007142099326,1.388748783590188,0.10519867352758172,2.1289540151086246e-11,12.07131072872647
w128_d4_q16_physics_s1,128,4,16,physics,1,4002,59332,True,40,6.307427417237235e-07,1449.8,1.8626718468084391,1980.5504682497094,1.8613482836331574,0.10008097394440842,4.3431019970452623e-11,11.660928643891566,1.7957803277099949,1923.5397803216063,1.8534436292441114,0.10685101720927723,4.715900833775173e-11,12.07131072872647
w128_d4_q16_physics_s2,128,4,16,physics,2,4002,59332,True,35,8.064404135937482e-07,1220.4,2.293438416060667,2152.1747344571354,2.4640013247960724,0.09716117916428163,5.6792060843142295e-11,11.660928643891566,2.24066416036095,2035.4696102513315,2.4661819269908847,0.10286035889557274,6.867005453622609e-11,12.07131072872647
w128_d4_q18_data_s0,128,4,18,data,0,4002,60364,True,140,0.0003728420319204386,3425.1,0.21247759209064299,9810.140363293873,0.22646767499168163,0.019641831443467823,6.109327034080389e-13,11.660928643891566,0.21843851801861547,10503.773375871873,0.23226194878134265,0.021420695245483005,6.170562676126471e-13,12.07131072872647
w128_d4_q18_data_s1,128,4,18,data,1,4002,60364,True,202,3.43155867842262e-05,4687.0,0.1231757961690505,5279.795086286926,0.13319094206565296,0.011131007700301496,2.1553510066718163e-13,11.660928643891566,0.12448895601124832,5474.353080501047,0.13461706111428384,0.012238328080600366,1.9104669049970754e-13,12.07131072872647
w128_d4_q18_data_s2,128,4,18,data,2,4002,60364,True,102,0.00043003011823361797,2495.9,0.18804460597721118,10984.948526197208,0.2121102703966926,0.015999565891679918,4.5209964190274914e-13,11.660928643891566,0.18535888023052394,11139.004184147108,0.2108038785770816,0.017428663050211846,4.3869100463343e-13,12.07131072872647
w128_d4_q18_physics_s0,128,4,18,physics,0,4002,60364,True,39,7.380186281776201e-07,1873.8,0.9897091276265257,1930.995137714856,1.2715639500697762,0.09995341091402314,1.6519282915982003e-11,11.660928643891566,1.1831586741664069,1832.9814032743764,1.4730709477248638,0.10829251085658909,2.0087906343979586e-11,12.07131072872647
w128_d4_q18_physics_s1,128,4,18,physics,1,4002,60364,True,34,6.806587230731722e-07,1161.8,1.209191614677252,1999.5386879330458,1.6550892162499053,0.10032229742438885,2.2030638053040204e-11,11.660928643891566,1.2178417440082967,1889.4811058595833,1.6583470063911143,0.1075930714140921,2.5588729085971193e-11,12.07131072872647
w128_d4_q18_physics_s2,128,4,18,physics,2,4002,60364,True,37,7.294890256697508e-07,1367.0,0.9684673705558922,2121.8708917493555,1.4122762504484854,0.10124301670419444,1.4959318921251475e-11,11.660928643891566,1.0701592516682013,2189.3525126136165,1.4331608363491455,0.10700763630417179,2.1890077786961095e-11,12.07131072872647
w128_d4_q20_data_s0,128,4,20,data,0,4002,61396,True,202,2.586847965164585e-05,5439.8,0.1149046311326174,4482.181956257445,0.13023419342417242,0.012407725175531473,1.9954953018879748e-13,11.660928643891566,0.1152821314391872,4574.414232360509,0.12710180412511818,0.013293215746362774,2.2073306377945546e-13,12.07131072872647
w128_d4_q20_data_s1,128,4,20,data,1,4002,61396,True,131,0.0005610844510200551,3616.9,0.22484875536576965,13260.505932782398,0.24711538276278588,0.019770758040556224,5.446440205947779e-13,11.660928643891566,0.23093128439555244,14084.66302028294,0.267038825099597,0.020042501089907044,5.871683431707446e-13,12.07131072872647
w128_d4_q20_data_s2,128,4,20,data,2,4002,61396,True,82,0.0005645923910556647,2184.0,0.22904160618963942,13096.589819886793,0.2855394621121832,0.019423112549328547,6.412807530648336e-13,11.660928643891566,0.2215409628072429,13711.707703575697,0.2770164610954584,0.019959603233244555,5.883723034836656e-13,12.07131072872647
w128_d4_q20_physics_s0,128,4,20,physics,0,4002,61396,True,39,7.496297354403027e-07,1619.3,1.0865224630816073,1771.2189507962148,1.3885383586682565,0.09611370079154469,1.677899673046075e-11,11.660928643891566,1.0946168865046957,1828.1733919745511,1.4382299789528208,0.09674442818511861,1.7061480118330806e-11,12.07131072872647
w128_d4_q20_physics_s1,128,4,20,physics,1,4002,61396,True,39,6.892839902184416e-07,1740.6,1.332396152236015,1902.5154885780707,1.690076191607659,0.10111210375939039,2.631205518324045e-11,11.660928643891566,1.3802897890684562,1908.7653859473544,1.6817204197820956,0.10442431510184272,2.8562837670731215e-11,12.07131072872647
w128_d4_q20_physics_s2,128,4,20,physics,2,4002,61396,True,39,8.175981611873113e-07,1733.2,1.3611593278568535,2074.7339642812453,1.7391488775899688,0.10225619835216825,2.3725536821203153e-11,11.660928643891566,1.3678436675590433,2100.6692475846803,1.8348106647962936,0.10597355600198283,2.968731505786427e-11,12.07131072872647
w128_d8_q02_data_s0,128,8,2,data,0,4002,118156,True,127,0.0008743994734207776,6319.6,0.27124335297301627,14248.860596044333,0.17555034176552908,0.02585820679909664,9.068392508399423e-13,11.660928643891566,0.27188342872364046,15727.526263068674,0.16942220773330519,0.026016692120102783,9.002904655383721e-13,12.07131072872647
w128_d8_q02_data_s1,128,8,2,data,1,4002,118156,True,143,0.0015612565684894127,6864.6,0.2865245567278407,15431.927925640628,0.20291443907538564,0.023942249263858573,8.756053696269289e-13,11.660928643891566,0.29705867854090684,15564.217676689432,0.21093521220905131,0.025200328264078642,9.423019614785572e-13,12.07131072872647
w128_d8_q02_data_s2,128,8,2,data,2,4002,118156,True,173,0.0005751560234314838,7521.5,0.2063941351622134,10450.314307805882,0.1424648867711653,0.019646552117755928,6.437425120622696e-13,11.660928643891566,0.2115610756732167,10693.005457477997,0.14497687330106146,0.020669738935906457,5.598292954133678e-13,12.07131072872647
w128_d8_q02_physics_s0,128,8,2,physics,0,4002,118156,True,31,8.139488375668047e-07,1699.8,2.572301155890244,20774.90455841471,1.575727785407821,0.10389700316434242,6.931327072712702e-11,11.660928643891566,2.501386474644818,22800.774931369113,1.5492422523735172,0.10467956245089477,7.237042422382607e-11,12.07131072872647
w128_d8_q02_physics_s1,128,8,2,physics,1,4002,118156,True,37,6.265310565449294e-07,1924.4,1.577799969258109,21065.206248615003,1.2616732575736478,0.0896727529163012,3.451836460472843e-11,11.660928643891566,1.6990068073141629,22503.227168273992,1.2729226637215874,0.0929653762294547,3.7586293500991104e-11,12.07131072872647
w128_d8_q02_physics_s2,128,8,2,physics,2,4002,118156,True,37,7.380179510289185e-07,1747.8,1.4801800734112192,22033.30787813661,1.2237751948163123,0.09647994548573485,3.1795523695932126e-11,11.660928643891566,1.4878646797740203,23061.54485958789,1.2188933825356685,0.09914915112754774,3.3393512249201316e-11,12.07131072872647
w128_d8_q04_data_s0,128,8,4,data,0,4002,119188,True,345,1.9768160909549155e-05,14970.7,0.1073693010766874,4562.942970211877,0.0985433859526097,0.010675897972406423,1.5678598466023886e-13,11.660928643891566,0.1127168992560712,4667.663631173172,0.10007722967841914,0.011557549539944947,1.809351966820584e-13,12.07131072872647
w128_d8_q04_data_s1,128,8,4,data,1,4002,119188,True,110,0.000774711787351395,4907.4,0.2747409928218758,15567.379859759856,0.27658142561648447,0.023703762012596278,9.753392258189473e-13,11.660928643891566,0.2671825173763409,15989.267265319677,0.2582798843064893,0.024638675264740395,7.92489878172014e-13,12.07131072872647
w128_d8_q04_data_s2,128,8,4,data,2,4002,119188,True,152,0.0012065662593904432,9973.7,0.25950682659470203,12862.194949321407,0.2688710228255786,0.024402326698698018,8.645739148501825e-13,11.660928643891566,0.25730102680654454,13266.675091314812,0.26012694138444203,0.02583247926314647,7.4255327451239e-13,12.07131072872647
w128_d8_q04_physics_s0,128,8,4,physics,0,4002,119188,True,37,5.793883538920852e-07,2076.9,3.588265692322068,6337.483653773604,2.8848566138819365,0.09130220065189237,1.2409642682809093e-10,11.660928643891566,3.6791931039665826,6838.720040539196,2.9870046142086437,0.09492804013884731,1.3447662581219437e-10,12.07131072872647
w128_d8_q04_physics_s1,128,8,4,physics,1,4002,119188,True,30,8.782590105320175e-07,1606.2,3.248312508832285,6653.071000039062,2.923532861840439,0.10662426618715959,1.0269269959126512e-10,11.660928643891566,3.3128503603387927,7017.260183631212,2.8428564825446756,0.11043201188195087,1.2900570357556125e-10,12.07131072872647
w128_d8_q04_physics_s2,128,8,4,physics,2,4002,119188,True,32,7.170342835574722e-07,1566.0,1.3809938750029005,6614.274664126412,1.3305043082623147,0.10240043873814553,2.7410816275542888e-11,11.660928643891566,1.4383669081183825,6950.947698072992,1.335055655516726,0.09893829101977059,3.1734772804960685e-11,12.07131072872647
w128_d8_q06_data_s0,128,8,6,data,0,4002,120220,True,166,0.00252176606049634,7299.4,0.336274912939416,15991.33556399238,0.35830331399466786,0.02604741656097448,1.2112865166994235e-12,11.660928643891566,0.32589335492616556,17360.2969112235,0.3523720690523646,0.028745805141611094,1.0837059347033618e-12,12.07131072872647
w128_d8_q06_data_s1,128,8,6,data,1,4002,120220,True,159,0.000623548330233532,8193.5,0.23715318418737752,12302.788016287499,0.2424194620793685,0.020936514135660306,7.107870618523708e-13,11.660928643891566,0.2383810779065243,12805.615416533834,0.23730338138250318,0.021712667770984462,6.636111986190669e-13,12.07131072872647
w128_d8_q06_data_s2,128,8,6,data,2,4002,120220,True,199,0.001004176953956416,9529.3,0.2740779224694734,13838.470475855758,0.29073526383172066,0.022206761001085373,7.558793901850145e-13,11.660928643891566,0.28920166209900344,14990.506155168372,0.29798941368142096,0.023792643989720835,8.541628505464706e-13,12.07131072872647
w128_d8_q06_physics_s0,128,8,6,physics,0,4002,120220,True,31,7.296224797023321e-07,2083.4,1.290807318980569,2136.792130115805,1.3487541554866311,0.08413169039211792,2.3704671847080886e-11,11.660928643891566,1.2335774077030237,2071.6386450078667,1.4157771465690416,0.08468109752516467,2.2260499963462534e-11,12.07131072872647
w128_d8_q06_physics_s1,128,8,6,physics,1,4002,120220,True,31,8.383986056520231e-07,1563.7,3.199576755903877,2184.695792568173,3.0677794854057083,0.08773635291577618,1.0373388431721136e-10,11.660928643891566,3.1791979150455063,2072.7907273620067,3.0016222906716905,0.08689071182827607,1.2306473888774887e-10,12.07131072872647
w128_d8_q06_physics_s2,128,8,6,physics,2,4002,120220,True,32,6.835457484054809e-07,1625.6,1.3492765353646519,2041.72880728448,1.296794424170855,0.07956312835891502,2.8982511212820358e-11,11.660928643891566,1.426085915833042,2074.8639799264533,1.3347461915564907,0.08290172345901473,4.2259270201772115e-11,12.07131072872647
w128_d8_q08_data_s0,128,8,8,data,0,4002,121252,True,182,0.0005950145798787049,8015.6,0.2346698743167508,11804.240606155356,0.27588085103502635,0.020528857633224033,6.545135640571502e-13,11.660928643891566,0.23390327821459778,12154.606091766209,0.2773871128241012,0.021453168178071566,5.941842008638872e-13,12.07131072872647
w128_d8_q08_data_s1,128,8,8,data,1,4002,121252,True,129,0.0015543988858103836,5817.2,0.3326405327044313,19374.517472074298,0.36489269311346106,0.024277336964783833,1.2129997136684076e-12,11.660928643891566,0.33621189588473044,20242.828758903066,0.35535651252871503,0.025988317384151305,1.2753306121894526e-12,12.07131072872647
w128_d8_q08_data_s2,128,8,8,data,2,4002,121252,True,160,0.0007540396330567583,7066.4,0.25102522522502113,13431.156375313518,0.27271859630673134,0.020665189404907996,6.783407235930486e-13,11.660928643891566,0.271251464425859,13815.661412893014,0.2913639967374593,0.02269818981923133,7.149357664895792e-13,12.07131072872647
w128_d8_q08_physics_s0,128,8,8,physics,0,4002,121252,True,32,6.652755999690359e-07,1603.1,2.463474849903946,1909.4987473348656,2.7738991065362484,0.07660862237538098,7.207013751406124e-11,11.660928643891566,2.3625581226998094,1807.1265416246858,2.7940429064727823,0.07864525806640593,7.23712593913913e-11,12.07131072872647
w128_d8_q08_physics_s1,128,8,8,physics,1,4002,121252,True,31,8.079842863799496e-07,1369.8,3.2369223056889496,1914.4170154555252,3.1948778621924134,0.08822194812789855,1.2337297797499754e-10,11.660928643891566,3.20127959258798,1897.412447029553,3.1810693244196386,0.0889853614388994,1.3561112657651963e-10,12.07131072872647
w128_d8_q08_physics_s2,128,8,8,physics,2,4002,121252,True,33,7.427161105769392e-07,1692.1,1.8021032577149043,2087.8455414952346,2.3364810753818688,0.07261558941198086,4.7951447118290894e-11,11.660928643891566,1.769060445454329,2046.6428125211864,2.327702448326363,0.07604988822103309,5.554289895239362e-11,12.07131072872647
w128_d8_q10_data_s0,128,8,10,data,0,4002,122284,True,121,0.0016891606390644473,5618.7,0.26646988584033693,14984.52231330773,0.3082970185346312,0.02346689558745986,8.295748864561908e-13,11.660928643891566,0.2786168598309935,16839.48349735894,0.3230056098217915,0.024527701288148962,9.037244074107123e-13,12.07131072872647
w128_d8_q10_data_s1,128,8,10,data,1,4002,122284,True,59,0.003932583919404474,2617.2,0.3762342120161577,21707.89498094698,0.4337929439088839,0.03126668950569761,1.386742895940093e-12,11.660928643891566,0.3783927919442931,24330.426203608054,0.4410713633702379,0.0334728719982233,1.4357233289707957e-12,12.07131072872647
w128_d8_q10_data_s2,128,8,10,data,2,4002,122284,True,221,0.0014429258290663538,11391.2,0.26806315070615483,17512.752000383127,0.29964301083840184,0.02458812960155418,7.967403209802547e-13,11.660928643891566,0.26957252517689767,18986.91905513206,0.2971743809325744,0.026176296094644613,7.773840832081407e-13,12.07131072872647
w128_d8_q10_physics_s0,128,8,10,physics,0,4002,122284,True,34,6.209903377521842e-07,1793.0,2.163264339316129,1834.6417886983627,2.244776846453078,0.0726537811596966,6.559504563980071e-11,11.660928643891566,2.086131245043532,1666.091843278786,2.217337367032002,0.07598403979231644,6.178640125170443e-11,12.07131072872647
w128_d8_q10_physics_s1,128,8,10,physics,1,4002,122284,True,34,7.341928523160104e-07,2217.2,3.4642070671893066,1844.8976910645276,3.427705620609345,0.07698019185940763,1.1872661538060098e-10,11.660928643891566,3.421808177904495,1776.739577881436,3.426438141543642,0.08021462575754854,1.3175159725936816e-10,12.07131072872647
w128_d8_q10_physics_s2,128,8,10,physics,2,4002,122284,True,36,6.606198674296651e-07,2023.9,2.121846140859418,2044.1086407976056,2.8886636716212166,0.07275786461937578,5.422019355780614e-11,11.660928643891566,2.0291549866371383,1891.1816315130804,2.707687632224065,0.07507414561733726,5.481745425299368e-11,12.07131072872647
w128_d8_q12_data_s0,128,8,12,data,0,4002,123316,True,177,0.00164453354445711,8732.2,0.25992525788964826,14649.546151460892,0.291984755364183,0.023240759408780544,8.342442521631612e-13,11.660928643891566,0.27558262077320705,15558.964668635694,0.30347818490028544,0.02449230776965794,8.435637156592141e-13,12.07131072872647
w128_d8_q12_data_s1,128,8,12,data,1,4002,123316,True,185,0.0025799435964648653,8573.6,0.35949044104199857,17001.155204398743,0.4173855397375803,0.02722216614678072,1.4780142773848965e-12,11.660928643891566,0.3643683097891426,18514.648445020615,0.42523040957576086,0.028877637480000714,1.5120944925841922e-12,12.07131072872647
w128_d8_q12_data_s2,128,8,12,data,2,4002,123316,True,21,0.005105273009823525,1093.9,0.3952711235832851,22364.705535008743,0.49404142099263026,0.02742110988180821,1.4614561795698986e-12,11.660928643891566,0.4075389006459318,24355.129119486195,0.49297255551827845,0.028940012159889283,1.5561693209615185e-12,12.07131072872647
w128_d8_q12_physics_s0,128,8,12,physics,0,4002,123316,True,34,5.735140139503377e-07,1886.9,1.4257678084419467,1787.2446887897477,1.7894169161962736,0.08123309936416359,3.0162163477351996e-11,11.660928643891566,1.4328239737224635,1808.6209809063391,1.6853572957558072,0.08341335110005448,3.181661026177443e-11,12.07131072872647
w128_d8_q12_physics_s1,128,8,12,physics,1,4002,123316,True,34,8.008577336621869e-07,1799.7,2.5345744957707694,1802.7739677384793,2.739864590115104,0.07838894416255932,7.811552454518638e-11,11.660928643891566,2.665683371958494,1806.3009080328793,2.9445715463261024,0.07788450756314458,7.98676344914592e-11,12.07131072872647
w128_d8_q12_physics_s2,128,8,12,physics,2,4002,123316,True,35,4.693764267952443e-07,2134.2,1.046982329306445,1728.2136690660386,1.414667138941894,0.07697342614976926,1.579675330249852e-11,11.660928643891566,1.151571411227792,1718.1330328715671,1.4690439289104518,0.07996208618620773,2.026974420176407e-11,12.07131072872647
w128_d8_q14_data_s0,128,8,14,data,0,4002,124348,True,255,0.0028734737516174867,13162.2,0.3170239477441328,17901.846990955317,0.3869467728492282,0.02700729814233971,1.0227745631235473e-12,11.660928643891566,0.3049156039693912,18758.63422168212,0.3637337419348796,0.028703748946257157,9.952402766348767e-13,12.07131072872647
w128_d8_q14_data_s1,128,8,14,data,1,4002,124348,True,153,0.002021988439090658,9947.4,0.3480139385203529,17849.433020386165,0.41162369056735315,0.02844074337793323,1.3102369227831989e-12,11.660928643891566,0.3559599299052252,17871.421501668032,0.4380545543938297,0.02910344227411224,1.3760728538472104e-12,12.07131072872647
w128_d8_q14_data_s2,128,8,14,data,2,4002,124348,True,147,0.0010736945397737466,10032.0,0.26624229925431564,14294.029685227135,0.3137802888062424,0.020932632901775675,8.180835319945515e-13,11.660928643891566,0.261845639670355,14792.549605311853,0.31131388254834746,0.023322731813529146,7.434919130941459e-13,12.07131072872647
w128_d8_q14_physics_s0,128,8,14,physics,0,4002,124348,True,36,5.398711034361301e-07,2239.2,1.290857464880446,1635.3657658055154,1.9064274999784914,0.06766835606624322,2.6157051638135114e-11,11.660928643891566,1.4023759670536151,1533.6852807206008,1.9303377035697622,0.07355414890317016,2.5499655045788903e-11,12.07131072872647
w128_d8_q14_physics_s1,128,8,14,physics,1,4002,124348,True,32,7.787514286100689e-07,2375.7,1.1083012418744431,1953.7907909622597,1.4450380564312582,0.07582774581581242,2.403384555282888e-11,11.660928643891566,1.119439005456968,1877.277531421817,1.4301509396101864,0.07771027295083027,2.0593020849948858e-11,12.07131072872647
w128_d8_q14_physics_s2,128,8,14,physics,2,4002,124348,True,30,5.096160884283529e-07,1775.9,1.3509680944459035,2009.9587333892523,1.479815072734425,0.07523929827717157,2.2970123904697927e-11,11.660928643891566,1.2947482364618068,1999.9007275208976,1.4443931801211285,0.07832145786488415,2.6285062417633394e-11,12.07131072872647
w128_d8_q16_data_s0,128,8,16,data,0,4002,125380,True,170,0.0006043029985075878,9246.3,0.19737751317450147,11916.564001822653,0.24056836247865476,0.017256488294644518,4.940664408980581e-13,11.660928643891566,0.19780816563752524,11963.044899856539,0.23484362684911275,0.01799919736932866,4.5398504311124293e-13,12.07131072872647
w128_d8_q16_data_s1,128,8,16,data,1,4002,125380,True,77,0.0038680289541430076,4257.5,0.2896322424135178,19145.267305759608,0.4081291646969021,0.027994780001164288,8.31932189521968e-13,11.660928643891566,0.3129176130016731,19362.22159949734,0.39736621387476134,0.02932954755129058,9.24699115738977e-13,12.07131072872647
w128_d8_q16_data_s2,128,8,16,data,2,4002,125380,True,337,0.0003810488438250162,17707.9,0.18218463592489798,8640.746020901102,0.22330266698489254,0.01728376889597455,4.3705308158746475e-13,11.660928643891566,0.18467392891352574,9074.040147578879,0.21950648240931514,0.018354313886206192,3.866743336095215e-13,12.07131072872647
w128_d8_q16_physics_s0,128,8,16,physics,0,4002,125380,True,36,5.692622822516465e-07,2534.8,3.0760048079727653,1798.005130281597,3.0343654743560933,0.07331641605170819,9.882800558459531e-11,11.660928643891566,2.9678876312573266,1680.1406460511178,3.0461275388233844,0.07584915228834102,9.516765200813109e-11,12.07131072872647
w128_d8_q16_physics_s1,128,8,16,physics,1,4002,125380,True,35,5.756391413526886e-07,2467.6,3.4951303340591267,1756.5738455916667,3.5689640839642323,0.06939793574193241,1.1191066609844317e-10,11.660928643891566,3.223460123142452,1693.512242140782,3.3453368268396844,0.07301800584823617,1.1177568120809314e-10,12.07131072872647
w128_d8_q16_physics_s2,128,8,16,physics,2,4002,125380,True,33,5.424507095194439e-07,2316.5,1.1937895469600335,1966.5468027029967,1.4807366332831862,0.0721943692415872,2.2626867021864902e-11,11.660928643891566,1.157653319921792,1906.2875320963012,1.4298702121138263,0.07630274804381297,2.5125341160909325e-11,12.07131072872647
w128_d8_q18_data_s0,128,8,18,data,0,4002,126412,True,104,0.0031526082015947985,4113.0,0.30066740023926286,18971.223100942723,0.43167797914378525,0.02462766473765657,1.0491603438536522e-12,11.660928643891566,0.3203822962518643,20296.51305456964,0.43107685620036307,0.02599849916151871,1.0802867990829255e-12,12.07131072872647
w128_d8_q18_data_s1,128,8,18,data,1,4002,126412,True,167,0.0012192187299580304,6591.5,0.2915069593605324,16068.425976092096,0.3543764796027915,0.02331816841333323,9.284769445321774e-13,11.660928643891566,0.28971776040975783,16081.717413890434,0.3498681896587641,0.0245897789251312,8.637308902752328e-13,12.07131072872647
w128_d8_q18_data_s2,128,8,18,data,2,4002,126412,True,155,0.0027626589021353615,7729.8,0.265730383780749,18880.467172892153,0.39129476031263266,0.025921998768052568,7.142224051695932e-13,11.660928643891566,0.2693486320310967,21344.80104820979,0.40198345030262317,0.02793292228922637,6.623602696847773e-13,12.07131072872647
w128_d8_q18_physics_s0,128,8,18,physics,0,4002,126412,True,33,5.745811168274423e-07,2792.5,3.0408592104720356,1609.2592090348294,3.1993004999506525,0.07112593361691122,9.738408194484028e-11,11.660928643891566,2.8960180858348394,1690.708675143597,3.087835810834605,0.07525746866453298,1.0999470501063574e-10,12.07131072872647
w128_d8_q18_physics_s1,128,8,18,physics,1,4002,126412,True,33,6.262993641706048e-07,2623.8,3.3120757061508854,1899.969771705202,3.4467448955979307,0.06911315701858128,1.0905081001319382e-10,11.660928643891566,3.340451597374283,1870.8214357490447,3.480701376359363,0.07143228776768096,1.1050726822623073e-10,12.07131072872647
w128_d8_q18_physics_s2,128,8,18,physics,2,4002,126412,True,32,6.87451299491266e-07,1314.9,1.5678941504688737,1945.250500277676,1.8521626285645798,0.07543512953708115,3.475026455869166e-11,11.660928643891566,1.6243515076581616,1862.5841822043226,1.8933426784570884,0.07882780427773996,3.380560672942058e-11,12.07131072872647
w128_d8_q20_data_s0,128,8,20,data,0,4002,127444,True,281,0.001531120314532031,9975.8,0.2686941863387915,16931.521096265846,0.3679591818772643,0.02483306155500256,7.810934131942828e-13,11.660928643891566,0.2782170598710221,17659.8077382562,0.3636560998976357,0.027790444141134872,7.418975998762011e-13,12.07131072872647
w128_d8_q20_data_s1,128,8,20,data,1,4002,127444,True,147,0.0014165402905874586,5474.1,0.34088197895698613,18781.054862789428,0.3909948230216287,0.02767444464643956,1.2658110546847322e-12,11.660928643891566,0.3393977468419962,18314.710632166905,0.3861968534621951,0.02914235735120181,1.4154891619973173e-12,12.07131072872647
w128_d8_q20_data_s2,128,8,20,data,2,4002,127444,True,60,0.00430399095943065,2312.5,0.30528028373311145,21246.97507901182,0.4420110831020452,0.025601425172355752,1.0447265267077295e-12,11.660928643891566,0.3012222855502955,23820.178430207197,0.43324404681754913,0.028351587168323755,1.1307939702563296e-12,12.07131072872647
w128_d8_q20_physics_s0,128,8,20,physics,0,4002,127444,True,32,6.463660719831421e-07,1874.5,2.747390563172303,1723.2884475039316,3.056400545915494,0.08095722547479703,7.779673001153155e-11,11.660928643891566,2.6162460732166437,1747.3551409496663,3.019150373020807,0.08361225654725767,7.29705372629811e-11,12.07131072872647
w128_d8_q20_physics_s1,128,8,20,physics,1,4002,127444,True,30,5.012941377380249e-07,2130.6,0.9263339659213443,1674.493138343555,1.1231590307119177,0.08011422288126298,1.6605851661910024e-11,11.660928643891566,0.9155414609409718,1606.1403136999634,1.0567808807593337,0.0834319512756157,1.7724952076387364e-11,12.07131072872647
w128_d8_q20_physics_s2,128,8,20,physics,2,4002,127444,True,31,6.322260235205163e-07,1594.6,3.476957000103198,1799.8929409765562,3.6632273318559783,0.06999149205999619,1.2649296791840293e-10,11.660928643891566,3.3960933471348653,1696.8277158598416,3.629667919440749,0.07224347129060511,1.1533186446809366e-10,12.07131072872647
w256_d2_q02_data_s0,256,2,2,data,0,4002,70924,True,168,1.6439963351470827e-05,3570.4,0.1049360024580892,5048.915769149043,0.06887392123644531,0.24174902262144582,2.631295389063986e-12,11.660928643891566,0.10070257256700188,5233.929113849197,0.06868816553406987,0.25395413459972704,2.902841068340868e-12,12.07131072872647
w256_d2_q02_data_s1,256,2,2,data,1,4002,70924,True,175,1.4633249051056147e-05,3700.3,0.10518844972295938,5882.785021911729,0.06675799961897155,0.21381503776257432,2.2656479873745563e-12,11.660928643891566,0.11040785572902223,5716.872770088183,0.06983680107452983,0.22867843779917144,2.3524800044843494e-12,12.07131072872647
w256_d2_q02_data_s2,256,2,2,data,2,4002,70924,True,163,1.4841851801159693e-05,3465.6,0.09707948072446015,5577.558070573375,0.06328972958158374,0.2328697541562237,2.7086512092385925e-12,11.660928643891566,0.09939538843184437,5503.64722369948,0.06598598515950016,0.2343901579540998,2.836345171789859e-12,12.07131072872647
w256_d2_q02_physics_s0,256,2,2,physics,0,4002,70924,True,55,1.5351680382288925e-06,1304.2,0.7476084830528862,21213.196976814055,0.877237772400008,0.28022841887619804,1.4505060458157365e-11,11.660928643891566,0.7242846001531689,22714.634655296006,0.8576183352744238,0.2824844708431591,1.536508123061823e-11,12.07131072872647
w256_d2_q02_physics_s1,256,2,2,physics,1,4002,70924,True,47,1.6822206450237042e-06,1115.5,0.7131876761121703,20598.42746626987,0.9870883079443615,0.26629545822376766,1.4144508098036335e-11,11.660928643891566,0.7208163048630922,22424.797102037388,0.9293510854462284,0.279964287973806,1.574084249109319e-11,12.07131072872647
w256_d2_q02_physics_s2,256,2,2,physics,2,4002,70924,True,47,1.9184831853963308e-06,1111.9,0.6816348720946053,20845.07362768589,0.4869328312935295,0.2845449282739901,1.3165684927507395e-11,11.660928643891566,0.654697240449309,22686.051597654503,0.48356917031355806,0.3027660425925574,1.3309253393070796e-11,12.07131072872647
w256_d2_q04_data_s0,256,2,4,data,0,4002,72980,True,175,1.7593029225177284e-05,3816.6,0.1148528492436185,5247.036139433955,0.10351080811688007,0.17860329371653227,1.9003876604942e-12,11.660928643891566,0.10929212444210634,5327.776296281412,0.10023647650569956,0.1842555184522511,1.8917026782357327e-12,12.07131072872647
w256_d2_q04_data_s1,256,2,4,data,1,4002,72980,True,157,6.738150535415561e-06,4500.5,0.08755145707084466,4800.765959726089,0.08325100232298155,0.22442072610470015,2.5050784731449913e-12,11.660928643891566,0.08420275474207983,4656.8914892418825,0.07895098069177209,0.23166401026849517,2.310627823339097e-12,12.07131072872647
w256_d2_q04_data_s2,256,2,4,data,2,4002,72980,True,169,7.309741888688204e-06,3733.2,0.08260916030078391,5182.90158453183,0.0767827700300927,0.20076665279072145,2.1117776444430822e-12,11.660928643891566,0.08110200613486995,5101.64425259045,0.07699655887449808,0.20430280008090773,1.8975943599094205e-12,12.07131072872647
w256_d2_q04_physics_s0,256,2,4,physics,0,4002,72980,True,53,1.5176567796820027e-06,1349.8,0.6112288557034162,7163.658605320775,0.703936950287698,0.25288070499908477,1.1576943186962632e-11,11.660928643891566,0.6190183425474061,7288.71127078109,0.7122415759202028,0.265086941987909,1.3529187899323586e-11,12.07131072872647
w256_d2_q04_physics_s1,256,2,4,physics,1,4002,72980,True,44,1.82887145891604e-06,1110.9,0.821391411022887,7343.856014841036,0.7988742132969406,0.26273886238439326,1.810390924412484e-11,11.660928643891566,0.8010106735341083,7467.139801997079,0.739085854380761,0.28119185889419196,2.1070841360074563e-11,12.07131072872647
w256_d2_q04_physics_s2,256,2,4,physics,2,4002,72980,True,49,1.5963097681052578e-06,1607.9,0.7219816879313612,7340.724509783572,0.9579631235396846,0.2341650729746035,1.4094641875209522e-11,11.660928643891566,0.7463101429721064,7360.331211784729,0.9201153720255206,0.24440448347312627,1.660188919044192e-11,12.07131072872647
w256_d2_q06_data_s0,256,2,6,data,0,4002,75036,True,187,1.7752038507425803e-05,4128.4,0.11429689518038799,5374.479595648275,0.11237598604907362,0.1425091493305209,1.5610226202197045e-12,11.660928643891566,0.11160053923475743,5580.344945230832,0.11123722188699503,0.14388891065003467,1.430880876655763e-12,12.07131072872647
w256_d2_q06_data_s1,256,2,6,data,1,4002,75036,True,175,1.0540292979448816e-05,5014.1,0.11058416775711066,4963.495615711971,0.10935947571510951,0.15337660061677355,1.8150476978999632e-12,11.660928643891566,0.10202983889939787,5070.360068668528,0.10019552129847398,0.15809596797378492,1.4730967257630894e-12,12.07131072872647
w256_d2_q06_data_s2,256,2,6,data,2,4002,75036,True,173,1.1252148181720356e-05,6534.3,0.10311244508187656,5958.17541630579,0.10529146610593898,0.14398446539783288,1.7759918156056874e-12,11.660928643891566,0.10423434507345064,6028.458552257446,0.10581434730738692,0.1427828585904853,1.5784241086679735e-12,12.07131072872647
w256_d2_q06_physics_s0,256,2,6,physics,0,4002,75036,True,53,1.365097110668977e-06,1850.3,0.8055333596246328,2804.196171184372,1.1249947843339214,0.1796470623549101,1.6603786805363847e-11,11.660928643891566,0.7584678363705688,2833.7221456868097,1.06190352765978,0.18173061091007053,1.7844887743848186e-11,12.07131072872647
w256_d2_q06_physics_s1,256,2,6,physics,1,4002,75036,True,50,1.6383821028485796e-06,1324.2,0.6706589606899627,2983.2256541595043,1.1689962790910613,0.1708942063365776,1.4180613682404846e-11,11.660928643891566,0.7311075566747149,2955.853791068583,1.113196987290621,0.18048726433289064,1.646689348102176e-11,12.07131072872647
w256_d2_q06_physics_s2,256,2,6,physics,2,4002,75036,True,53,1.2294247738951137e-06,1827.2,0.7079400012628412,2709.0468325282254,1.0481209440484918,0.15849611152191773,1.558880518240909e-11,11.660928643891566,0.6726772116536495,2753.963284797666,0.9687332873475896,0.1690375776797065,1.6755233153881957e-11,12.07131072872647
w256_d2_q08_data_s0,256,2,8,data,0,4002,77092,True,168,1.1385733990967554e-05,4342.9,0.09153429972741378,5238.8159929727935,0.09955460046739972,0.1461025502517907,1.6849431030977282e-12,11.660928643891566,0.0926219572150444,5231.751219351117,0.09942938721962946,0.1522629413841861,1.7790572562114373e-12,12.07131072872647
w256_d2_q08_data_s1,256,2,8,data,1,4002,77092,True,149,5.889356336284714e-06,4751.0,0.0981704579317011,4694.569356592618,0.09617956970942032,0.18136427652257897,2.3646319743374523e-12,11.660928643891566,0.0887030136951239,4794.6887519902275,0.0918263100970762,0.190461979572577,2.4375583719706653e-12,12.07131072872647
w256_d2_q08_data_s2,256,2,8,data,2,4002,77092,True,165,7.364922540016235e-06,4811.4,0.08015928315785459,5182.014830059445,0.0805206887299903,0.16585206388855522,2.0931045676411862e-12,11.660928643891566,0.08531342864159797,5256.642861017994,0.08640094823775257,0.18111705932973876,2.0952170800834324e-12,12.07131072872647
w256_d2_q08_physics_s0,256,2,8,physics,0,4002,77092,True,49,1.5052765082805156e-06,1811.3,0.9349619009029198,2800.7287890499742,1.162472068358511,0.1594893848068761,1.8199337594268758e-11,11.660928643891566,0.8902927474121469,2661.1949575660556,1.0617951005187365,0.16963735704004362,1.9724259219863832e-11,12.07131072872647
w256_d2_q08_physics_s1,256,2,8,physics,1,4002,77092,True,53,1.2022409278825736e-06,2357.9,0.8507070157435237,2623.370674101579,1.0671345737556237,0.16069778841986543,1.9007716772394196e-11,11.660928643891566,0.8711315742999659,2523.107750927649,1.0626979448780105,0.16849397424451712,2.2788196848463522e-11,12.07131072872647
w256_d2_q08_physics_s2,256,2,8,physics,2,4002,77092,True,51,1.1372922687196593e-06,2188.8,0.8296785104526805,2709.69754955046,1.0260391191536655,0.1577095052921751,1.5661589147160084e-11,11.660928643891566,0.786576901589342,2522.6972757823733,1.0084061624979768,0.16646155449338318,1.762664647779525e-11,12.07131072872647
w256_d2_q10_data_s0,256,2,10,data,0,4002,79148,True,166,1.503196111578182e-05,5875.1,0.10596399281936897,5385.220289882841,0.113763185680682,0.10014195133829437,1.170191323141599e-12,11.660928643891566,0.10750157622041456,5175.039853940716,0.11316410870421123,0.09719418589397003,1.077399232127877e-12,12.07131072872647
w256_d2_q10_data_s1,256,2,10,data,1,4002,79148,True,166,1.5557873415701248e-05,5853.7,0.10294821635170592,5552.240984484368,0.1109512297192694,0.09876626447257592,9.86145085657757e-13,11.660928643891566,0.10304580881381753,5631.468364440649,0.10616308432531696,0.10399590229986065,9.082175249274687e-13,12.07131072872647
w256_d2_q10_data_s2,256,2,10,data,2,4002,79148,True,168,8.077500720280239e-06,5958.7,0.08421526400326229,5288.510062847368,0.08887148692693358,0.13584808948804897,1.4585413079525527e-12,11.660928643891566,0.07944953151195477,4853.616549467727,0.08168847031697624,0.1417286010544118,1.4113241071440027e-12,12.07131072872647
w256_d2_q10_physics_s0,256,2,10,physics,0,4002,79148,True,48,1.3862576233460927e-06,1703.0,0.8252714842953424,2650.936368882386,1.1186239528768738,0.17145252479064138,1.6557327718472963e-11,11.660928643891566,0.8684718567621985,2514.900193312084,1.080801327461245,0.17458389864163232,1.9099064008826447e-11,12.07131072872647
w256_d2_q10_physics_s1,256,2,10,physics,1,4002,79148,True,52,1.1844855791988375e-06,1348.6,0.9783652509476326,2619.147669375144,1.2998754599173878,0.14512905396098708,1.9562122195695984e-11,11.660928643891566,0.9364932668205483,2537.2127860215674,1.2451796479204802,0.15469940562518047,1.836644013497244e-11,12.07131072872647
w256_d2_q10_physics_s2,256,2,10,physics,2,4002,79148,True,50,1.1579932642511693e-06,1481.1,0.8112594196916234,2846.1341458362886,1.4578107516314276,0.15731251408834107,1.558294614942756e-11,11.660928643891566,0.7849113054021473,2642.1798980224303,1.3728812590585449,0.16237379031666144,1.7565856194401528e-11,12.07131072872647
w256_d2_q12_data_s0,256,2,12,data,0,4002,81204,True,149,1.666354555971241e-05,3545.4,0.10005783036604043,5191.966968223039,0.11419251515576434,0.10976890268805939,1.2261354135387307e-12,11.660928643891566,0.10656534527697659,5406.16046351195,0.1096068834556263,0.11058573783762071,1.334356048345548e-12,12.07131072872647
w256_d2_q12_data_s1,256,2,12,data,1,4002,81204,True,154,9.07717544000652e-06,4368.0,0.1036911977987387,5133.801700818944,0.1100724250235885,0.13702046636678358,1.618325031053863e-12,11.660928643891566,0.09978219363304675,5002.066346794511,0.10725238197473175,0.14122451906457834,1.8695065323949735e-12,12.07131072872647
w256_d2_q12_data_s2,256,2,12,data,2,4002,81204,True,161,9.54323730626269e-06,5104.6,0.10475355977490608,4669.0869466529,0.11460713532329692,0.12875654954055266,1.6992781742040509e-12,11.660928643891566,0.10413208391213402,4748.5066950598175,0.10965666493234494,0.13234790592111384,1.58662467028176e-12,12.07131072872647
w256_d2_q12_physics_s0,256,2,12,physics,0,4002,81204,True,58,1.1366450811997035e-06,2916.1,0.9834876129968251,2697.84140583982,1.2552420479607918,0.15161420275328075,1.737072036464527e-11,11.660928643891566,0.9094634020456738,2547.674290375701,1.2196597252156494,0.16152815450780345,1.7627657106930445e-11,12.07131072872647
w256_d2_q12_physics_s1,256,2,12,physics,1,4002,81204,True,43,1.747466243910807e-06,2144.8,0.9208727469740552,2918.701379774566,1.301808202061494,0.17136305093314388,1.9582690757636405e-11,11.660928643891566,0.8865764660974662,2897.264399492574,1.3052186876265637,0.17592739312404654,2.3490016267220872e-11,12.07131072872647
w256_d2_q12_physics_s2,256,2,12,physics,2,4002,81204,True,55,1.0779957689698265e-06,2809.6,1.0891926605154367,2658.8365597127126,1.962520788417521,0.1483481603962028,1.9952858467612575e-11,11.660928643891566,1.105732865333664,2501.2574803136645,2.007524879900302,0.15619501923239132,2.3474299540566496e-11,12.07131072872647
w256_d2_q14_data_s0,256,2,14,data,0,4002,83260,True,167,1.2798426945912474e-05,5124.0,0.10606275450530944,5444.834386299545,0.11796163848742935,0.12512487025177288,1.6676630304008556e-12,11.660928643891566,0.10925481873869103,5326.507557872792,0.11692957271236537,0.12398671958818719,1.3106087522002252e-12,12.07131072872647
w256_d2_q14_data_s1,256,2,14,data,1,4002,83260,True,161,6.969534812419257e-06,4898.1,0.09992170149075719,4711.098191924414,0.1068032495368243,0.1450431166609119,1.6459012862508066e-12,11.660928643891566,0.09891539306261521,4775.878831817709,0.10678656594009794,0.14958598056308975,1.621176462087218e-12,12.07131072872647
w256_d2_q14_data_s2,256,2,14,data,2,4002,83260,True,153,1.927763140794628e-05,4902.5,0.12541294621704058,6009.759846391208,0.13601229625237465,0.10149970042638151,1.5004951763667814e-12,11.660928643891566,0.12290776840018225,6006.449296866413,0.12765284944116218,0.10255210111351568,1.5898342611661593e-12,12.07131072872647
w256_d2_q14_physics_s0,256,2,14,physics,0,4002,83260,True,54,1.2742829310645787e-06,2002.5,0.6825334482272183,2617.0826105588753,1.3400173137512184,0.15729033326733477,1.201897551527988e-11,11.660928643891566,0.6346352283994605,2585.5408566936617,1.3000779398453233,0.1601902841548899,1.2828979288985754e-11,12.07131072872647
w256_d2_q14_physics_s1,256,2,14,physics,1,4002,83260,True,58,1.2418360678964922e-06,1883.6,1.129027036796515,2647.5674940054137,1.6623490177885003,0.1554609617084799,2.360764586683812e-11,11.660928643891566,1.065419575809301,2369.2242910349196,1.5385648974833854,0.16513044835834123,2.238789707282365e-11,12.07131072872647
w256_d2_q14_physics_s2,256,2,14,physics,2,4002,83260,True,52,1.3591549948875807e-06,2174.5,0.7682010999907618,2767.37124350285,1.4371772218666479,0.16057228992478328,1.539293626002805e-11,11.660928643891566,0.8102350974183992,2579.8712455716372,1.3373527256828055,0.17097546538243427,1.7434378192706634e-11,12.07131072872647
w256_d2_q16_data_s0,256,2,16,data,0,4002,85316,True,162,1.1191109323777858e-05,6072.6,0.11097647434255009,6031.142950388477,0.11250868011813964,0.11143007303459143,1.5677180838175602e-12,11.660928643891566,0.1068440323699349,5635.633469339019,0.10892458531941429,0.10477600749785737,1.2956513479130383e-12,12.07131072872647
w256_d2_q16_data_s1,256,2,16,data,1,4002,85316,True,145,9.882286386900227e-06,4914.5,0.09052505521367493,5206.863581242992,0.10091961482316947,0.1343032284619461,1.3979164895419462e-12,11.660928643891566,0.08997451243430987,5250.754395268915,0.09849820777674267,0.14696431612100141,1.507106151404103e-12,12.07131072872647
w256_d2_q16_data_s2,256,2,16,data,2,4002,85316,True,158,1.5147867238092309e-05,5913.3,0.10430533732375125,5672.308001821126,0.11384157626892488,0.10282691201644878,1.3647501842538702e-12,11.660928643891566,0.11821328079975046,5365.514937390622,0.1267792803218981,0.10624501910622142,1.5380633761270638e-12,12.07131072872647
w256_d2_q16_physics_s0,256,2,16,physics,0,4002,85316,True,54,1.2104968661458175e-06,2943.7,0.9465916167528121,2815.082529041909,1.531703840903731,0.15531088560250678,1.8211229821779885e-11,11.660928643891566,0.86569893123567,2699.4624525806403,1.4941654770197488,0.16292972242479623,2.0005537002392503e-11,12.07131072872647
w256_d2_q16_physics_s1,256,2,16,physics,1,4002,85316,True,50,1.2851664328394552e-06,2729.2,0.7139534348681309,2872.429023312867,1.3005297290007434,0.1538933330286615,1.3548067593438503e-11,11.660928643891566,0.6777271769635718,2719.5114258911217,1.1898685089555272,0.16197074253147725,1.3450108334594859e-11,12.07131072872647
w256_d2_q16_physics_s2,256,2,16,physics,2,4002,85316,True,54,1.2062426932056485e-06,2955.6,1.080992960496019,2771.3457441406476,1.6621074146598858,0.15772372265564216,2.084037649493828e-11,11.660928643891566,1.0125469078943183,2672.529097379295,1.713316385984598,0.17080450480441017,2.2238577284770928e-11,12.07131072872647
w256_d2_q18_data_s0,256,2,18,data,0,4002,87372,True,177,2.2915749898035673e-05,5768.7,0.1318538979120376,5530.89590099457,0.13929879858665117,0.07741738768165911,1.234376026487238e-12,11.660928643891566,0.12363001794568618,5847.320189337611,0.13349908712712022,0.08359792528894695,1.1278584908632828e-12,12.07131072872647
w256_d2_q18_data_s1,256,2,18,data,1,4002,87372,True,152,1.1981425543631445e-05,5156.5,0.1027838014806548,5097.2943669830765,0.11247529555902247,0.1153918596245862,1.2083478043414027e-12,11.660928643891566,0.10306083621003381,5010.9679023732315,0.11096081739481178,0.11639583876933354,1.1747671272683156e-12,12.07131072872647
w256_d2_q18_data_s2,256,2,18,data,2,4002,87372,True,146,1.3044198517071802e-05,6817.3,0.10214278655951148,5434.726843039665,0.1190716965311367,0.1225422886427796,1.8236753952142613e-12,11.660928643891566,0.10873828222912607,5309.570087739085,0.11876907343122411,0.12436248133669212,1.7673605410291372e-12,12.07131072872647
w256_d2_q18_physics_s0,256,2,18,physics,0,4002,87372,True,59,9.542611625185682e-07,3012.8,0.9966867500708076,2680.298610853874,1.4331777396936474,0.14803437127182928,2.1797052867716207e-11,11.660928643891566,0.9608357149204494,2606.613138152055,1.3035217993717652,0.15297822791682236,2.078883886707025e-11,12.07131072872647
w256_d2_q18_physics_s1,256,2,18,physics,1,4002,87372,True,52,1.3819040960927161e-06,2997.7,0.7108994983617833,2748.036811307889,1.1599353273936686,0.1551547432608238,1.3513215081057624e-11,11.660928643891566,0.7404597656019973,2615.978012811034,1.1291077025106233,0.16597700637889512,1.6073995469550194e-11,12.07131072872647
w256_d2_q18_physics_s2,256,2,18,physics,2,4002,87372,True,56,1.205715607564653e-06,2901.2,1.5338585726283327,2741.2055878845126,1.9473274001029495,0.15577702523046633,3.1466095398123105e-11,11.660928643891566,1.4799123616313636,2710.0592607394046,1.922494630623106,0.1670102916595086,3.825517758166019e-11,12.07131072872647
w256_d2_q20_data_s0,256,2,20,data,0,4002,89428,True,160,1.919438441906981e-05,5525.3,0.1218980409021242,5606.106300343714,0.1324471273136396,0.09034479080904934,1.199902621470153e-12,11.660928643891566,0.11923863399943002,5150.126854595513,0.13204911932973573,0.08937313413160189,1.173758075573734e-12,12.07131072872647
w256_d2_q20_data_s1,256,2,20,data,1,4002,89428,True,159,1.4355037119421746e-05,5156.5,0.11655481776529086,6189.478253471194,0.1306127151678993,0.09417876837268069,9.715896981129423e-13,11.660928643891566,0.1229078153457408,6196.497783380954,0.13671697070094524,0.09567260554273291,1.131330451710186e-12,12.07131072872647
w256_d2_q20_data_s2,256,2,20,data,2,4002,89428,True,161,9.838946474796798e-06,4684.3,0.09423775301797832,5482.533371244001,0.10235083339438233,0.09456261873173541,9.613378392130632e-13,11.660928643891566,0.09300448982685339,5346.8434863158,0.10358871314486429,0.09697091883159766,9.816889243221326e-13,12.07131072872647
w256_d2_q20_physics_s0,256,2,20,physics,0,4002,89428,True,48,1.3592705878189783e-06,1998.1,1.1427623273974064,2744.9629113823235,1.8837543618133168,0.1506358867697996,1.9637566507913692e-11,11.660928643891566,1.080586165464581,2703.97760232357,1.8745527683634577,0.15780672343952,2.2792643813716432e-11,12.07131072872647
w256_d2_q20_physics_s1,256,2,20,physics,1,4002,89428,True,54,1.2047266937970862e-06,2571.9,0.8959479043539886,2622.189707987338,1.2725334144114697,0.15783760971342653,1.7405127048073e-11,11.660928643891566,0.8568146279515076,2484.88158121446,1.2403308808615066,0.16865171829773434,1.900660378139187e-11,12.07131072872647
w256_d2_q20_physics_s2,256,2,20,physics,2,4002,89428,True,54,1.3069599476724868e-06,2215.0,0.9344541116718119,2719.136008808953,1.4097552423066873,0.14939981976558325,1.7729627027028076e-11,11.660928643891566,0.8951219617472361,2602.2033238112945,1.3882888093696977,0.1620346653842062,2.263668319411751e-11,12.07131072872647
w256_d4_q02_data_s0,256,4,2,data,0,4002,202508,True,135,3.174385523149543e-06,8618.8,0.0707144845506491,3001.3930958937804,0.04756942740868908,0.009175384088592791,9.918461882915373e-14,11.660928643891566,0.07354415039628748,2925.6501900417197,0.04778804117222535,0.009844693333696183,8.436426175572227e-14,12.07131072872647
w256_d4_q02_data_s1,256,4,2,data,1,4002,202508,True,146,3.999364332979641e-06,9315.8,0.08626227406816067,2673.4766710800013,0.0563707351091125,0.010151621681955825,1.1209733305856259e-13,11.660928643891566,0.08462256685959346,2881.3076208181847,0.05381107473745317,0.010647593324850102,1.1354170842201892e-13,12.07131072872647
w256_d4_q02_data_s2,256,4,2,data,2,4002,202508,True,121,7.241106522947759e-06,7130.0,0.07189179593680706,3032.5883092334184,0.04777456936011504,0.008515556744496597,7.962908847629087e-14,11.660928643891566,0.07185523061536969,3409.2740340162463,0.045924835305299894,0.008858296435964794,7.522326601060362e-14,12.07131072872647
w256_d4_q02_physics_s0,256,4,2,physics,0,4002,202508,True,37,9.243120770743728e-07,2345.8,1.496928837809719,20775.628178882424,1.1363779550634945,0.1288922091781876,3.1067465045911167e-11,11.660928643891566,1.6742719902289593,22446.462751579318,1.2010282906800285,0.12987304781676354,3.798911071047064e-11,12.07131072872647
w256_d4_q02_physics_s1,256,4,2,physics,1,4002,202508,True,34,1.0592207007632723e-06,2243.5,1.1328906228698088,20514.672531990356,0.9014932629334282,0.137677066119557,1.8129437356047843e-11,11.660928643891566,1.2307262022659415,22433.384636840583,0.9532692319424996,0.14463769727685039,2.0578889826334093e-11,12.07131072872647
w256_d4_q02_physics_s2,256,4,2,physics,2,4002,202508,True,40,8.193034891171446e-07,3002.7,1.4075275942091459,20853.155742323037,1.1181566977072066,0.1234722829782757,3.008095512053963e-11,11.660928643891566,1.3589470629060685,22663.673578234877,1.1285716582847272,0.12793809905318684,2.8544909500298738e-11,12.07131072872647
w256_d4_q04_data_s0,256,4,4,data,0,4002,204564,True,157,2.4456336105880867e-05,9697.3,0.10657176837014504,5430.399974337896,0.09843268085418799,0.012057673514328723,1.6875681927006337e-13,11.660928643891566,0.10656125277463957,5839.380678983142,0.09785351983282453,0.01315087711722257,1.7022446702807978e-13,12.07131072872647
w256_d4_q04_data_s1,256,4,4,data,1,4002,204564,True,179,7.563268733083976e-06,11010.5,0.07694634288668567,3735.695329480027,0.06854419029878045,0.009720725142898373,1.0101702535191486e-13,11.660928643891566,0.08052673717173775,4129.143150691288,0.0705483129124218,0.010614302155691896,1.0397801411691234e-13,12.07131072872647
w256_d4_q04_data_s2,256,4,4,data,2,4002,204564,True,97,5.4107684951908896e-06,5975.9,0.08272177750257015,3577.0400120577997,0.07559865753137274,0.00976540069356352,1.0635914064359636e-13,11.660928643891566,0.08196270788118909,3514.2502351868334,0.07553676992344549,0.010481210750507008,1.0379176564000142e-13,12.07131072872647
w256_d4_q04_physics_s0,256,4,4,physics,0,4002,204564,True,40,8.842197846862917e-07,2457.8,0.7344326948590663,6907.141852414726,0.8481710950647425,0.12404661403180896,1.1135863318107857e-11,11.660928643891566,0.7543037682253839,7100.741300897884,0.8791873016402718,0.12586317660273627,1.117238314632893e-11,12.07131072872647
w256_d4_q04_physics_s1,256,4,4,physics,1,4002,204564,True,34,1.1890499762192502e-06,2225.9,1.1901831556997422,6792.041094065401,1.3922509946553419,0.14275216679586478,2.1500847076840395e-11,11.660928643891566,1.2180884725125907,6995.8806498337235,1.4346372361000448,0.1519027149796473,2.4276059172218078e-11,12.07131072872647
w256_d4_q04_physics_s2,256,4,4,physics,2,4002,204564,True,38,9.061242274382021e-07,2536.7,1.1584727226647829,6965.064338400479,1.098088170536471,0.11685481678529869,2.0706392429666138e-11,11.660928643891566,1.144646741963129,7220.785811858899,1.0946597603833652,0.11858776583067131,2.006974304330975e-11,12.07131072872647
w256_d4_q06_data_s0,256,4,6,data,0,4002,206620,True,116,3.745755354125422e-06,7126.5,0.0784844637173876,2787.2914699558833,0.07765033188888992,0.009195148027826144,9.577086146258498e-14,11.660928643891566,0.07668237222446805,2915.6446968945907,0.07562547881434512,0.009927251122650305,9.949917001173072e-14,12.07131072872647
w256_d4_q06_data_s1,256,4,6,data,1,4002,206620,True,194,7.537043661512394e-06,12216.8,0.09594561058356987,3797.6727727124044,0.0954729764530704,0.011002547161909071,1.5840870686548961e-13,11.660928643891566,0.08985567584574028,4120.983966686342,0.08733161794793887,0.012244630788429967,1.4112939277458523e-13,12.07131072872647
w256_d4_q06_data_s2,256,4,6,data,2,4002,206620,True,128,2.3472071664545108e-06,7635.2,0.08233339472951684,3365.3192918497116,0.07779054916734474,0.009529440955991647,1.1004050774200468e-13,11.660928643891566,0.08065462267836665,3496.29199111089,0.077054397635834,0.010557607050497991,1.1114144756282867e-13,12.07131072872647
w256_d4_q06_physics_s0,256,4,6,physics,0,4002,206620,True,43,8.080185791104138e-07,2913.0,0.8942929947863831,2265.5523476796475,0.9121371253399957,0.09958801923751118,1.2828742903307145e-11,11.660928643891566,0.8589023664007378,2267.6482540738994,0.9106681170578668,0.10455177293974349,1.29756486492088e-11,12.07131072872647
w256_d4_q06_physics_s1,256,4,6,physics,1,4002,206620,True,36,1.034365687441615e-06,3414.6,1.3316700634931067,2228.4728140628863,1.447166294951785,0.11022288105797667,2.464386944727431e-11,11.660928643891566,1.1764484835481426,2211.3269828043717,1.3788230029092574,0.11466676022156563,2.1868797642489016e-11,12.07131072872647
w256_d4_q06_physics_s2,256,4,6,physics,2,4002,206620,True,40,9.18560417549618e-07,2675.9,1.2918790598668295,2613.7614540847285,1.5165103503704813,0.10003244288425,2.2369284781539623e-11,11.660928643891566,1.350621171752664,2562.8683413492245,1.5412007053541288,0.10604510787208532,2.4464088942363277e-11,12.07131072872647
w256_d4_q08_data_s0,256,4,8,data,0,4002,208676,True,163,5.546393670553638e-06,10152.6,0.0828901730685061,3867.5374526941982,0.0822936108875183,0.010041098222945966,1.2594922532078103e-13,11.660928643891566,0.08367050423885303,3896.204968833615,0.08318822373354351,0.0108833489861071,1.2566248441049683e-13,12.07131072872647
w256_d4_q08_data_s1,256,4,8,data,1,4002,208676,True,189,5.715871696130645e-06,11951.2,0.08470998116649753,3719.112165176799,0.08527766628674271,0.009671245397649408,1.1632110166125232e-13,11.660928643891566,0.0843788402331569,3468.5858280675475,0.0838978165353943,0.010899875388468289,1.2893676597640677e-13,12.07131072872647
w256_d4_q08_data_s2,256,4,8,data,2,4002,208676,True,160,6.277851580889109e-06,9648.7,0.09608634160152008,3929.108063051379,0.09689584953420649,0.012763096837054705,1.6571119472156658e-13,11.660928643891566,0.09223202019725818,4026.842944494975,0.0955921661471848,0.013709267726751129,1.5384159157888088e-13,12.07131072872647
w256_d4_q08_physics_s0,256,4,8,physics,0,4002,208676,True,41,7.558487337091365e-07,3326.8,1.3717988722277141,2182.7530073188586,1.5781034924344794,0.0936283234491686,2.456244465821761e-11,11.660928643891566,1.305722039663948,2161.1237578899063,1.4743038607463177,0.09928200812583596,2.6521212057414255e-11,12.07131072872647
w256_d4_q08_physics_s1,256,4,8,physics,1,4002,208676,True,42,8.636842367890591e-07,2846.7,1.7544346753055606,2078.477657481576,1.8727219771186299,0.10395032055113274,4.148960785903035e-11,11.660928643891566,1.7695643859312327,2124.246941136569,1.933058971260948,0.10816661335912287,4.94388777359336e-11,12.07131072872647
w256_d4_q08_physics_s2,256,4,8,physics,2,4002,208676,True,44,7.186150524148152e-07,3523.9,1.4615048465600466,2012.9966566121532,1.5515380197967943,0.08784218025173485,2.6404933657032486e-11,11.660928643891566,1.3902923761577313,2004.8830041002775,1.5022157928967772,0.09262024058410805,2.9066326135417875e-11,12.07131072872647
w256_d4_q10_data_s0,256,4,10,data,0,4002,210732,True,184,9.90311995834839e-06,10933.5,0.09949241784212859,4320.391039501818,0.10276605453185539,0.013089594339411937,1.8738924634129422e-13,11.660928643891566,0.09642049866442903,4439.808164793956,0.09874031840162445,0.01433846567702778,1.795987252873666e-13,12.07131072872647
w256_d4_q10_data_s1,256,4,10,data,1,4002,210732,True,181,3.102629127197301e-05,10592.3,0.11833529450200331,5212.255462507912,0.12671739614233957,0.01343419907769497,2.076072910785818e-13,11.660928643891566,0.11167549988044811,5423.484438502998,0.11598875399698727,0.015091607646402334,2.25118026946415e-13,12.07131072872647
w256_d4_q10_data_s2,256,4,10,data,2,4002,210732,True,123,2.968356055608658e-06,8354.4,0.0673259542196547,3409.1345817233087,0.0692264524460029,0.009313477008290882,1.014975092756975e-13,11.660928643891566,0.06509123243603199,3317.3168259557096,0.06858443259716296,0.009798864208411528,8.791533846623135e-14,12.07131072872647
w256_d4_q10_physics_s0,256,4,10,physics,0,4002,210732,True,41,7.864810903484198e-07,2516.3,1.2028548357712054,2030.4349528942319,1.4064946096929987,0.09855547732188358,2.082129006169323e-11,11.660928643891566,1.1555753019933945,2038.9528949126566,1.491589975557872,0.1027959088459058,2.225629930900285e-11,12.07131072872647
w256_d4_q10_physics_s1,256,4,10,physics,1,4002,210732,True,38,9.612618718904225e-07,2887.7,1.8995708611981854,2204.5506195711364,2.0300846613530155,0.10786976926617509,4.4870941401215655e-11,11.660928643891566,1.8738282061576683,2179.2927849437265,1.917361908541082,0.11451070840119704,5.2281923843003975e-11,12.07131072872647
w256_d4_q10_physics_s2,256,4,10,physics,2,4002,210732,True,38,1.0206884229121115e-06,2815.0,1.820946726795114,2182.9706437277396,1.7881079521373522,0.09754455847460833,4.2351773237967755e-11,11.660928643891566,1.818287044343947,2199.573279622376,1.7232429901810065,0.10014789441420424,4.8826167718361066e-11,12.07131072872647
w256_d4_q12_data_s0,256,4,12,data,0,4002,212788,True,159,5.1814016801561795e-06,10263.8,0.07751705828695776,3618.7778131124487,0.08287288981989605,0.009842523323328606,1.0797773256264002e-13,11.660928643891566,0.0759987528340389,3729.517655424024,0.08105391297874576,0.011357509719644998,1.1402497207697929e-13,12.07131072872647
w256_d4_q12_data_s1,256,4,12,data,1,4002,212788,True,164,6.212797979505251e-06,10445.1,0.08157820143583905,3106.575828988935,0.08784287387797463,0.009172392239617522,1.1254748363460902e-13,11.660928643891566,0.08473104385942065,3163.9671489781854,0.0874130384973526,0.010127840014162795,1.1245565793208393e-13,12.07131072872647
w256_d4_q12_data_s2,256,4,12,data,2,4002,212788,True,189,1.4859846815800161e-05,11980.5,0.09290992684896082,4470.267030980704,0.0971132870688507,0.011743979767019075,1.3802194073036754e-13,11.660928643891566,0.09207113569686953,5119.002737024615,0.09579460615327662,0.012646996624440798,1.52469048484701e-13,12.07131072872647
w256_d4_q12_physics_s0,256,4,12,physics,0,4002,212788,True,43,7.836769279810034e-07,2963.3,1.1628510679493331,2088.5925719097213,1.2913215084644492,0.10635263668350262,2.10460893721649e-11,11.660928643891566,1.2027060243688936,2112.7682804602296,1.3333109876185745,0.11115587250374453,2.672893607674033e-11,12.07131072872647
w256_d4_q12_physics_s1,256,4,12,physics,1,4002,212788,True,40,8.967669800377812e-07,4360.2,1.3607087114877459,2046.9656047330839,1.550422360171666,0.10791367603263988,2.8824725636489155e-11,11.660928643891566,1.2635204418103285,2048.0036046031055,1.4495877294251613,0.11118285293416907,2.930015744236251e-11,12.07131072872647
w256_d4_q12_physics_s2,256,4,12,physics,2,4002,212788,True,44,8.148322624072034e-07,3212.4,0.7453335174325559,2139.5535615218128,1.0491984710938596,0.09690547906277686,1.2369244403464825e-11,11.660928643891566,0.7611056586327436,2124.3558896383347,1.0050813385777957,0.10366878187126816,1.199578800310902e-11,12.07131072872647
w256_d4_q14_data_s0,256,4,14,data,0,4002,214844,True,179,1.7203769358904785e-05,11975.3,0.09409642728996914,5092.592207376887,0.10572627675742297,0.011819788891921125,1.7982460438878094e-13,11.660928643891566,0.1022090180988755,5288.133046567046,0.11248815272324464,0.012919912710560033,1.618087340493012e-13,12.07131072872647
w256_d4_q14_data_s1,256,4,14,data,1,4002,214844,True,170,4.965770834269414e-06,10158.8,0.07157971320737033,3240.8821011785317,0.0756531483654399,0.009179369359377937,1.0033079202318993e-13,11.660928643891566,0.07026431965051483,3520.7206895133663,0.07390345188440506,0.009504738346682862,9.288929120065906e-14,12.07131072872647
w256_d4_q14_data_s2,256,4,14,data,2,4002,214844,True,180,1.346681137165765e-05,11439.3,0.09893209457084717,3972.9107031100034,0.1058427508269233,0.012294439246295086,1.6462640402729877e-13,11.660928643891566,0.09237446013798944,4272.321027182558,0.09928526520752712,0.013419031974590268,1.6746204075770028e-13,12.07131072872647
w256_d4_q14_physics_s0,256,4,14,physics,0,4002,214844,True,38,9.417402008164204e-07,3300.0,1.2167864935967998,2275.7421655879048,1.345048556736117,0.11154523882960649,2.1103956060109502e-11,11.660928643891566,1.225097911806472,2236.910175488548,1.4396395075335633,0.11386137807936625,2.393158234558143e-11,12.07131072872647
w256_d4_q14_physics_s1,256,4,14,physics,1,4002,214844,True,40,8.908169734755753e-07,2084.4,1.1536430869654168,2212.4905629668688,1.4869591652875158,0.10231377890529414,2.347735691487006e-11,11.660928643891566,1.1077825222058912,2120.649781079467,1.3463587578357306,0.10838551886006853,2.4276285718472504e-11,12.07131072872647
w256_d4_q14_physics_s2,256,4,14,physics,2,4002,214844,True,40,8.412616835379425e-07,2958.1,0.7513746041070135,2080.5254225658896,1.0721210130668624,0.1014591306528782,1.1327640115000839e-11,11.660928643891566,0.7777773189161508,1978.0126334552285,1.1049091360177954,0.1068763110578094,1.2338582540246554e-11,12.07131072872647
w256_d4_q16_data_s0,256,4,16,data,0,4002,216900,True,232,9.782945377492163e-06,15044.4,0.10811249484632413,3852.2115481764345,0.11142006923492431,0.011831742467008355,1.9393302221511864e-13,11.660928643891566,0.10306137162174878,3962.7654581606052,0.10803846733153932,0.013152050959634731,1.5772781588514457e-13,12.07131072872647
w256_d4_q16_data_s1,256,4,16,data,1,4002,216900,True,155,6.500927002472921e-06,15650.9,0.09117752414056213,3854.965738346204,0.09640380072006849,0.011049429648770509,1.319429181533603e-13,11.660928643891566,0.09090936879729838,3814.651324025275,0.09287730824780738,0.010728061087122986,1.3268791386250864e-13,12.07131072872647
w256_d4_q16_data_s2,256,4,16,data,2,4002,216900,True,200,8.443550634423081e-06,13798.0,0.0872110944598603,3379.2389670902407,0.0957679098405606,0.012344920190616483,1.545788884444272e-13,11.660928643891566,0.08511234617003538,3809.002132343914,0.0949440850774863,0.013265270721100203,1.5632303485766112e-13,12.07131072872647
w256_d4_q16_physics_s0,256,4,16,physics,0,4002,216900,True,41,1.0106721821372208e-06,3112.3,1.0032336977197076,2208.3448163255007,1.1089377265420808,0.1011270640168373,1.723353323792649e-11,11.660928643891566,0.9461773541659113,2070.4100896916543,1.0344523605283484,0.10575318808920577,1.6279816389938917e-11,12.07131072872647
w256_d4_q16_physics_s1,256,4,16,physics,1,4002,216900,True,43,8.136997441819433e-07,3642.0,2.0091437490208364,1948.9271187348627,2.254092072277558,0.10256083670851825,4.47322414780104e-11,11.660928643891566,2.0377064160985725,2015.9505308481637,2.209648479336579,0.10781614108869471,4.7796203811895786e-11,12.07131072872647
w256_d4_q16_physics_s2,256,4,16,physics,2,4002,216900,True,41,9.852716995949022e-07,3069.3,0.8570098243865232,2173.152955997215,1.0471033501175953,0.10139397287246832,1.370988574435788e-11,11.660928643891566,0.8062691641868014,2089.8072317556203,0.9786103899429577,0.1057669658485888,1.211397849958736e-11,12.07131072872647
w256_d4_q18_data_s0,256,4,18,data,0,4002,218956,True,178,1.5027263801571664e-05,12535.3,0.08882955694389238,4531.627755526933,0.10102646302101448,0.012377559257360088,1.3946540451702646e-13,11.660928643891566,0.09002648093314747,4771.359816239337,0.10048531643747083,0.01321591746822337,1.5182623845334723e-13,12.07131072872647
w256_d4_q18_data_s1,256,4,18,data,1,4002,218956,True,190,6.489205880100078e-06,12777.2,0.082404842860484,3620.1931809748426,0.09141672013868174,0.010233001898840577,1.0899892651096424e-13,11.660928643891566,0.08053183849909828,3696.811575717345,0.08582212383601018,0.010778162975240424,1.0841199435719729e-13,12.07131072872647
w256_d4_q18_data_s2,256,4,18,data,2,4002,218956,True,148,6.0467463355332565e-06,10849.3,0.09129067969571025,3721.7379768932497,0.10145730611554882,0.011645158411177636,1.509325654890107e-13,11.660928643891566,0.09294618908484154,3890.6358939381475,0.10015886537928509,0.012716899492219713,1.5293242555835148e-13,12.07131072872647
w256_d4_q18_physics_s0,256,4,18,physics,0,4002,218956,True,37,1.1380885148276069e-06,2839.7,0.865620136366374,2187.5504481869625,1.1381721096626052,0.11746652296839091,1.4774272944045053e-11,11.660928643891566,0.8939748622935895,2282.265950302484,1.2188925209670742,0.12035929546062862,1.677533339643045e-11,12.07131072872647
w256_d4_q18_physics_s1,256,4,18,physics,1,4002,218956,True,41,8.471739035503326e-07,4846.7,1.0931397685389754,2056.5952423407775,1.4305842697410753,0.10597779412832575,1.8360041556075023e-11,11.660928643891566,1.1659236158862996,2110.4128967931747,1.5038448622703982,0.1068111196727145,2.2059934823110464e-11,12.07131072872647
w256_d4_q18_physics_s2,256,4,18,physics,2,4002,218956,True,41,8.936287329113701e-07,3078.4,1.0732963417297015,2187.971088091644,1.34017311842749,0.10749323580701298,1.9202219927173782e-11,11.660928643891566,1.0946386107661965,2199.6990874874487,1.3661418071819753,0.11295028865018243,2.4661233077018525e-11,12.07131072872647
w256_d4_q20_data_s0,256,4,20,data,0,4002,221012,True,159,5.258403067315309e-06,11790.8,0.08312868197890566,3956.4044719003755,0.08935240464325034,0.010652278370278101,1.189996717716541e-13,11.660928643891566,0.08357193040037236,4241.963799697203,0.08760632562143655,0.011021405892385622,1.0669796746026576e-13,12.07131072872647
w256_d4_q20_data_s1,256,4,20,data,1,4002,221012,True,162,1.2992972823064879e-05,10858.3,0.10627581446698287,4725.641091361378,0.1124106711287709,0.0121689260331459,1.9513408914679526e-13,11.660928643891566,0.10458819214775872,4750.244416622344,0.10704657140792051,0.013050601080935587,1.5758623899285185e-13,12.07131072872647
w256_d4_q20_data_s2,256,4,20,data,2,4002,221012,True,193,5.41470575048447e-06,13597.3,0.09509961277132106,3474.7245513432845,0.10266714910756036,0.011613634214549529,1.3299753370421694e-13,11.660928643891566,0.09698613822450852,3597.513626387792,0.10026266232543435,0.012859670113585762,1.3529638166116329e-13,12.07131072872647
w256_d4_q20_physics_s0,256,4,20,physics,0,4002,221012,True,41,8.400028217117128e-07,3777.8,0.9430568581336729,2092.84231467634,1.0880575950640292,0.1006167323516112,1.3487330411294363e-11,11.660928643891566,0.835916548483695,2104.1088995896735,0.9910915724375968,0.10764355678254123,1.419587029947104e-11,12.07131072872647
w256_d4_q20_physics_s1,256,4,20,physics,1,4002,221012,True,37,8.938532469519522e-07,2925.3,1.7845756637768773,2037.379407930791,2.095877440680738,0.11023016043656964,4.324480659286651e-11,11.660928643891566,1.838235412776612,1917.2063566501442,2.115339945675032,0.11631887626128642,5.181333125471515e-11,12.07131072872647
w256_d4_q20_physics_s2,256,4,20,physics,2,4002,221012,True,45,7.160840297361893e-07,3801.3,1.0681135352257343,1995.6865622815549,1.526504788031957,0.09343414736467004,1.7231192879918008e-11,11.660928643891566,1.0289452021510215,1868.0805180545817,1.5849805240346626,0.09724642538347372,1.8036664365212425e-11,12.07131072872647
w256_d8_q02_data_s0,256,8,2,data,0,4002,465676,True,85,0.0006684926365251484,12061.7,0.2838017863666664,11221.89795303124,0.1862046440308518,0.024881326433398576,9.677087399079026e-13,11.660928643891566,0.26643291121430934,11740.43228511439,0.1805742387546161,0.02659288334334875,1.094152866083265e-12,12.07131072872647
w256_d8_q02_data_s1,256,8,2,data,1,4002,465676,True,127,0.0008114233767993956,17171.7,0.33016306018041064,12617.681561920668,0.21821736278582193,0.025504963638275924,1.3889750786687221e-12,11.660928643891566,0.31847286477360015,12783.981247080614,0.21251717213033317,0.025479237776068926,1.300062537455308e-12,12.07131072872647
w256_d8_q02_data_s2,256,8,2,data,2,4002,465676,True,132,0.002049125334128383,18264.4,0.30695488472787247,14479.224535415082,0.20267553748709588,0.02930957339125845,1.0438455922153042e-12,11.660928643891566,0.3101019582185671,14208.924086780713,0.20794433237369958,0.03150558896288652,1.1471370981398605e-12,12.07131072872647
w256_d8_q02_physics_s0,256,8,2,physics,0,4002,465676,True,32,1.0531126431009502e-06,4896.7,2.9170956988764374,21194.497184102787,1.9419265603914937,0.10292577918259521,1.0781264663441344e-10,11.660928643891566,3.033581783274286,22515.76875617297,1.9311956098384542,0.1070314340843731,1.0648426726901226e-10,12.07131072872647
w256_d8_q02_physics_s1,256,8,2,physics,1,4002,465676,True,34,9.020247353703557e-07,4527.6,1.1100827615990738,20978.616423011918,1.0646966178669004,0.1075591854974925,2.3153967650720022e-11,11.660928643891566,1.0795007428470171,22229.28329553579,1.0115390683012038,0.10766120815120135,2.646073469044063e-11,12.07131072872647
w256_d8_q02_physics_s2,256,8,2,physics,2,4002,465676,True,37,6.414955625952163e-07,5352.8,1.1167600075339124,20707.14353895409,0.8196076028941235,0.09733841922248548,2.085883829732001e-11,11.660928643891566,1.2393294542505373,22753.208568906666,0.9457547229203556,0.1022288813353478,2.3581203585432772e-11,12.07131072872647
w256_d8_q04_data_s0,256,8,4,data,0,4002,467732,True,76,0.0030200441251326243,10793.5,0.3075963788958802,19737.158792756458,0.29578285333542453,0.029490363454974522,1.0487254957519598e-12,11.660928643891566,0.3052379443033715,20393.488711449656,0.297277977693966,0.030988208863120398,9.7472098987333e-13,12.07131072872647
w256_d8_q04_data_s1,256,8,4,data,1,4002,467732,True,220,6.106853795313646e-06,26122.8,0.08501126215776367,3093.5906827026815,0.07445634323488548,0.010797284953694211,1.371100692436232e-13,11.660928643891566,0.08293823574945236,3464.632582225056,0.07365431121542088,0.011110960736190195,1.5283617255962196e-13,12.07131072872647
w256_d8_q04_data_s2,256,8,4,data,2,4002,467732,True,67,0.003652989558927088,7503.9,0.3881333396691389,16410.155583401098,0.3534889883538561,0.031142055669466928,1.416531973099449e-12,11.660928643891566,0.36583894089403657,17596.417969776543,0.3389547312906416,0.03315904905273892,1.6740284767145463e-12,12.07131072872647
w256_d8_q04_physics_s0,256,8,4,physics,0,4002,467732,True,33,7.805285838079146e-07,5120.1,2.8543783967620584,7012.191753102371,2.8619172868609155,0.09456525767423743,9.066632025583338e-11,11.660928643891566,2.809871200973646,7134.818137134917,2.9013768626029446,0.09933235963340004,9.804902329632052e-11,12.07131072872647
w256_d8_q04_physics_s1,256,8,4,physics,1,4002,467732,True,36,8.752363304116683e-07,4846.4,2.320089090115829,6926.96240009898,2.423925951099193,0.09821951228662466,6.888837740744577e-11,11.660928643891566,2.297690135920405,7065.535047706321,2.302210274587324,0.10527397539410177,7.482007831082672e-11,12.07131072872647
w256_d8_q04_physics_s2,256,8,4,physics,2,4002,467732,True,39,8.418216515059535e-07,5727.9,2.918947409085604,6561.435953296127,2.8527505744051496,0.09790713712475463,1.062116886414154e-10,11.660928643891566,2.8876677578182353,6928.35036153354,2.80530685270719,0.09542868233886753,9.83036418908617e-11,12.07131072872647
w256_d8_q06_data_s0,256,8,6,data,0,4002,469788,True,113,0.0005633937159429253,14258.0,0.2501827441925286,11090.938664152995,0.24925965450606213,0.022354990654054052,7.903293265793636e-13,11.660928643891566,0.25091311933422844,11449.93047343298,0.24057209587624584,0.022991955181349798,8.832743711575801e-13,12.07131072872647
w256_d8_q06_data_s1,256,8,6,data,1,4002,469788,True,104,0.00043048051015433247,13660.1,0.24792954552310675,10233.230193324627,0.2659237883051446,0.02161087508964661,8.595511558711381e-13,11.660928643891566,0.2476305457648209,10851.089068764946,0.25023447381045116,0.022160048177406744,7.611954040457367e-13,12.07131072872647
w256_d8_q06_data_s2,256,8,6,data,2,4002,469788,True,312,1.451222492620759e-05,43672.0,0.10281743979589919,4853.7710147102725,0.10024806725539293,0.012897887060814989,1.8341710324072376e-13,11.660928643891566,0.09695107503659983,4854.103200971045,0.09134078303318915,0.013660792490034074,1.7830378858636241e-13,12.07131072872647
w256_d8_q06_physics_s0,256,8,6,physics,0,4002,469788,True,33,8.582246517037616e-07,6633.1,3.1795258394140546,2129.7301214452673,2.9642901602073835,0.0900602016958487,1.0200280320403504e-10,11.660928643891566,3.138853483847015,2164.5899594952434,2.938205555466311,0.09213792594581563,1.192706079925601e-10,12.07131072872647
w256_d8_q06_physics_s1,256,8,6,physics,1,4002,469788,True,34,6.938601169684007e-07,3349.7,0.9496504720249987,2183.3548276502233,1.1903096735039753,0.0787146962931088,1.602079543511065e-11,11.660928643891566,0.9887882512309432,2082.916845951466,1.1937083808184479,0.08027456594360272,1.879411849951455e-11,12.07131072872647
w256_d8_q06_physics_s2,256,8,6,physics,2,4002,469788,True,34,6.69617618736607e-07,4750.0,2.020068467402325,2189.2630735856437,2.1140386670595035,0.07738140710811421,4.8220803576591527e-11,11.660928643891566,1.8754012937698405,2116.639131150352,2.0149955274213482,0.07938696647288856,5.0088657466867367e-11,12.07131072872647
w256_d8_q08_data_s0,256,8,8,data,0,4002,471844,True,298,3.78416021977118e-05,38497.3,0.1107646559148634,4830.015627518618,0.10941785874507559,0.012568003445144471,2.0353718278859865e-13,11.660928643891566,0.11007670463669683,4868.925847373615,0.10925226526126153,0.01365071485054728,1.9881375488318954e-13,12.07131072872647
w256_d8_q08_data_s1,256,8,8,data,1,4002,471844,True,84,0.0017691693476019077,12831.2,0.2928785063609496,14574.791386761117,0.32802186412794754,0.027139792372721933,9.071167446578744e-13,11.660928643891566,0.2908704465340861,15324.155167368519,0.3266904895440348,0.029780208035583636,1.0175005288256455e-12,12.07131072872647
w256_d8_q08_data_s2,256,8,8,data,2,4002,471844,True,49,0.0032469538819083453,6206.2,0.2908278655553431,16857.8398887227,0.3538053636757965,0.0271105694120196,1.0724316158323757e-12,11.660928643891566,0.3005274301699501,17665.4852235483,0.3586768782497529,0.02914557338051446,1.0898661259226702e-12,12.07131072872647
w256_d8_q08_physics_s0,256,8,8,physics,0,4002,471844,True,37,6.770038655717048e-07,6032.4,3.2780368423530604,1930.808423612359,3.206451243702446,0.07609438818940553,1.0715193555123799e-10,11.660928643891566,3.1658920691759462,1912.0522727924183,3.140417371866988,0.08027553916442609,1.2316043704843394e-10,12.07131072872647
w256_d8_q08_physics_s1,256,8,8,physics,1,4002,471844,True,33,5.489957623834308e-07,4543.6,1.8371290933743012,1849.8661370386656,2.252352419226611,0.07675611351008055,5.0559698368407386e-11,11.660928643891566,1.8417848369089995,1857.0780013072774,2.2795661395775824,0.07854612675718806,4.941524419211198e-11,12.07131072872647
w256_d8_q08_physics_s2,256,8,8,physics,2,4002,471844,True,36,5.724144656356444e-07,4899.9,1.8803895099495094,1803.912556295123,2.0563679843803584,0.07416043855125454,4.3278409221453734e-11,11.660928643891566,2.0443873432469672,1682.6599714164659,2.2364939976213805,0.07757152573356282,5.071687048486869e-11,12.07131072872647
w256_d8_q10_data_s0,256,8,10,data,0,4002,473900,True,105,0.0011952287371214368,15536.5,0.29156978976629944,14015.17954159821,0.3392890128708359,0.023707976762262634,9.96909956888625e-13,11.660928643891566,0.26582649446127427,14530.65314055348,0.3099606550840406,0.024995226363455636,8.054761144782506e-13,12.07131072872647
w256_d8_q10_data_s1,256,8,10,data,1,4002,473900,True,97,0.0008453727748025614,14791.3,0.27572203797632255,13040.207826236216,0.3080896158280666,0.023611577767077008,8.519932121555622e-13,11.660928643891566,0.2793338317559346,14137.245010996307,0.31110369063469534,0.024459673065350962,8.860190920092367e-13,12.07131072872647
w256_d8_q10_data_s2,256,8,10,data,2,4002,473900,True,124,0.0004199418692122311,17674.9,0.23338757792856768,10669.155754920479,0.24553573254237904,0.023065349261714232,7.138493787219623e-13,11.660928643891566,0.23437823831073956,11001.394594271093,0.24485994126166588,0.0246145021198102,7.465865745881475e-13,12.07131072872647
w256_d8_q10_physics_s0,256,8,10,physics,0,4002,473900,True,42,5.981163761810036e-07,6922.7,2.814478508639695,1939.2245681546992,2.9209120955329126,0.06782822270416655,8.404534524285112e-11,11.660928643891566,2.805765820198758,1973.254995668971,2.850409751204097,0.0716629009153355,9.441221805968272e-11,12.07131072872647
w256_d8_q10_physics_s1,256,8,10,physics,1,4002,473900,True,31,7.216058603037227e-07,5530.0,1.5836489776290819,2158.6787834372094,1.9789024878349437,0.08727883394839958,3.273550285981902e-11,11.660928643891566,1.6966166203928879,2122.685584677466,2.1034656569156596,0.08695484780860997,4.166989717647571e-11,12.07131072872647
w256_d8_q10_physics_s2,256,8,10,physics,2,4002,473900,True,38,6.032057451395942e-07,5243.2,1.365279131476882,1795.7765772179998,1.6567135769065544,0.0702215442216457,2.548424294530544e-11,11.660928643891566,1.3013792903624477,1800.724620518041,1.5339308282786845,0.07523483769650632,3.416096676441524e-11,12.07131072872647
w256_d8_q12_data_s0,256,8,12,data,0,4002,475956,True,107,0.0011116309496957517,13616.6,0.3204968350587478,13954.949159006894,0.37691623283109266,0.027946378937212385,1.2180148444879048e-12,11.660928643891566,0.32570462482084395,14815.857009069076,0.3640013805465969,0.030592754486385987,1.3592457777595039e-12,12.07131072872647
w256_d8_q12_data_s1,256,8,12,data,1,4002,475956,True,61,0.001846997390535376,8185.0,0.28779317650196035,18805.569164162294,0.3368031823818285,0.025071488969942435,9.202500454229078e-13,11.660928643891566,0.3049595779316405,19129.721857349232,0.3413245702148515,0.026541391651632718,9.41957383781123e-13,12.07131072872647
w256_d8_q12_data_s2,256,8,12,data,2,4002,475956,True,355,6.9235113630912345e-06,40430.5,0.10446039991940381,3391.6980149618526,0.10677389177260466,0.012507902182855475,2.0546583942769704e-13,11.660928643891566,0.10681082471108994,3761.753902474697,0.10736020092849685,0.013324693454032366,1.8480361600355625e-13,12.07131072872647
w256_d8_q12_physics_s0,256,8,12,physics,0,4002,475956,True,35,6.725230192928505e-07,6290.0,1.9094489032411843,1987.1539671125288,2.4941734125434323,0.07859872786548927,5.3004583842769646e-11,11.660928643891566,1.8432104665038196,1999.117303521172,2.2831287717224313,0.08042399164786673,5.0752433456069095e-11,12.07131072872647
w256_d8_q12_physics_s1,256,8,12,physics,1,4002,475956,True,33,6.708456260756424e-07,5513.1,1.602754281890384,1959.9363536799358,1.780693425644131,0.0843128274181093,3.4719879249142405e-11,11.660928643891566,1.7267297463092746,2094.239956233213,1.7792373943734674,0.08786955224239154,3.793340896056313e-11,12.07131072872647
w256_d8_q12_physics_s2,256,8,12,physics,2,4002,475956,True,36,5.537969719884165e-07,6435.9,2.037577607543639,1780.8675708444678,2.0233566474274767,0.07408495484570411,5.7647584481553867e-11,11.660928643891566,1.8681788200805016,1729.8808407912886,1.8748704087840906,0.07417288214416551,5.506768617323946e-11,12.07131072872647
w256_d8_q14_data_s0,256,8,14,data,0,4002,478012,True,127,0.0007631022506652376,18272.2,0.20857982469024705,11326.35432239739,0.2581001195238741,0.02053098472276681,5.353875695398144e-13,11.660928643891566,0.20377484833034032,12397.325887949326,0.24018917541468454,0.021073997017576063,4.673873881292762e-13,12.07131072872647
w256_d8_q14_data_s1,256,8,14,data,1,4002,478012,True,177,0.0006444309284362873,23583.6,0.2369888694957467,10634.657805511933,0.2643596344249488,0.023016591190520852,7.319101029386473e-13,11.660928643891566,0.2284477073146718,10785.42582333269,0.255763383858465,0.02453433237185193,6.706857508133247e-13,12.07131072872647
w256_d8_q14_data_s2,256,8,14,data,2,4002,478012,True,174,0.000867003732191713,23365.6,0.23986173903045582,13357.474419045122,0.28703371020810664,0.02587591792830614,7.180813600959001e-13,11.660928643891566,0.2427506745732444,13718.600763186112,0.28707440181152677,0.02815817063364992,7.550749532020403e-13,12.07131072872647
w256_d8_q14_physics_s0,256,8,14,physics,0,4002,478012,True,33,8.144650436145262e-07,5318.2,3.2918909236201443,2028.1452394049015,3.11607563243399,0.08362211851872163,1.1742967812512514e-10,11.660928643891566,3.0924165206016596,2014.322617004231,3.0864969490096428,0.08634686953826534,1.1970642967440161e-10,12.07131072872647
w256_d8_q14_physics_s1,256,8,14,physics,1,4002,478012,True,35,5.494396174279376e-07,5645.1,0.9809970136842594,1936.2431637397208,1.4336439601336792,0.08441305419537061,1.721702815131024e-11,11.660928643891566,1.009794488322946,1943.6561329363049,1.5265911974360336,0.08806564531431069,1.9108887877284105e-11,12.07131072872647
w256_d8_q14_physics_s2,256,8,14,physics,2,4002,478012,True,37,5.124906128500053e-07,6004.5,1.555373831898521,1830.7618899423585,1.752490254091299,0.07780191676448611,3.53847944686616e-11,11.660928643891566,1.4865907312895388,1768.6938422326966,1.651532819423096,0.08175748812033062,3.720108724893467e-11,12.07131072872647
w256_d8_q16_data_s0,256,8,16,data,0,4002,480068,True,57,0.0038547309825276723,8221.3,0.37148751371063327,18562.16477528741,0.48447648343419303,0.03317659143857454,1.4987657837990876e-12,11.660928643891566,0.3541853811341866,20793.600897281467,0.47834986532180324,0.03491886541091144,1.6713486829410237e-12,12.07131072872647
w256_d8_q16_data_s1,256,8,16,data,1,4002,480068,True,152,0.00038717778699598796,16159.3,0.1777718000237627,10556.237200718428,0.20806206647172587,0.018012172808853574,4.660436784633515e-13,11.660928643891566,0.19513940682713837,10764.616809578047,0.22095530693633236,0.019448983806163306,4.688988088255278e-13,12.07131072872647
w256_d8_q16_data_s2,256,8,16,data,2,4002,480068,True,100,0.0013843396530789365,10863.3,0.2556147573358203,13747.580228128525,0.3023848409569041,0.028186098810514815,8.911833761172574e-13,11.660928643891566,0.26617807134243776,15383.637652527446,0.30766642223056806,0.028614180680848478,8.867961600290278e-13,12.07131072872647
w256_d8_q16_physics_s0,256,8,16,physics,0,4002,480068,True,36,6.343860899892025e-07,5026.0,2.088417737880377,1816.8675484552834,2.6616077975134544,0.07554663533602957,6.00223704848697e-11,11.660928643891566,2.098091644683109,1834.0133556408991,2.5381700262414597,0.07573947550841391,6.16074158935468e-11,12.07131072872647
w256_d8_q16_physics_s1,256,8,16,physics,1,4002,480068,True,31,5.92144404428006e-07,4818.5,1.2433853549822516,2018.648992781339,1.5143324208679587,0.08459130234922049,2.2809413806704914e-11,11.660928643891566,1.2378141981486124,1874.6354532566133,1.474156935280746,0.09167166768155001,2.594465679275403e-11,12.07131072872647
w256_d8_q16_physics_s2,256,8,16,physics,2,4002,480068,True,32,8.335895703107507e-07,4683.1,4.175219996511714,1970.939272988263,4.387353130965721,0.07667271524275897,1.926050078564309e-10,11.660928643891566,4.159733005309363,2013.4791463844563,4.363585315900309,0.0807949777537377,1.997980801151695e-10,12.07131072872647
w256_d8_q18_data_s0,256,8,18,data,0,4002,482124,True,116,0.0011398515054206586,12612.5,0.2883304471055226,14264.174324066771,0.3635355454534306,0.023473359328583798,9.30377142775648e-13,11.660928643891566,0.28617939537411985,14158.572333504115,0.36285973402527816,0.024485641959039184,8.832471080319743e-13,12.07131072872647
w256_d8_q18_data_s1,256,8,18,data,1,4002,482124,True,284,3.621566324245033e-05,37779.7,0.12071466871077519,5451.18110278755,0.1297542016089892,0.014640094207327495,2.778390143715075e-13,11.660928643891566,0.11425255871788664,5654.054409934154,0.13274455515954742,0.01591374580564922,2.794611380652582e-13,12.07131072872647
w256_d8_q18_data_s2,256,8,18,data,2,4002,482124,True,122,0.00039615546197620943,13708.9,0.19830872850690184,10013.5602708269,0.23420480683000733,0.019261176091932286,5.302925197046966e-13,11.660928643891566,0.20200158243000033,10178.068098360702,0.2344989746916326,0.020280335794140014,5.290563786203643e-13,12.07131072872647
w256_d8_q18_physics_s0,256,8,18,physics,0,4002,482124,True,35,6.074804097533572e-07,4227.2,3.5458265830925484,1802.704769758665,3.5766556833891627,0.08114189199198013,1.171135086194387e-10,11.660928643891566,3.339450996747928,1800.4461282823456,3.4017675181985396,0.08494313132940794,1.3845893693180677e-10,12.07131072872647
w256_d8_q18_physics_s1,256,8,18,physics,1,4002,482124,True,36,4.362487800661976e-07,4378.9,2.5315722129590768,1641.6774636937873,2.2870033529542866,0.07843621861092914,7.193138848927591e-11,11.660928643891566,2.6688748563117315,1608.4767293278805,2.3861610658677535,0.08289646194567513,7.961434634737478e-11,12.07131072872647
w256_d8_q18_physics_s2,256,8,18,physics,2,4002,482124,True,35,4.994450666958179e-07,4238.4,2.051514717578584,1770.596034330239,2.230542402088531,0.07761397468111254,5.1751336339731296e-11,11.660928643891566,1.8795304825776071,1659.0681771812408,2.122600011555953,0.08016761034020103,5.204915213633506e-11,12.07131072872647
w256_d8_q20_data_s0,256,8,20,data,0,4002,484180,True,187,0.0003826689083992042,38914.3,0.20239443142600066,9663.763573874954,0.22578600256650816,0.020912637073062373,5.182969754965462e-13,11.660928643891566,0.18826979923280973,10777.406278411256,0.21076855500723468,0.021718725914679493,4.330786695746029e-13,12.07131072872647
w256_d8_q20_data_s1,256,8,20,data,1,4002,484180,True,81,0.0018424796304069093,18418.5,0.355116715919479,18889.523575301897,0.43018158384455774,0.030868629103730783,1.5076957549762686e-12,11.660928643891566,0.36164379175041006,20204.030839235136,0.44825912834767223,0.03331437722960129,1.452993883157856e-12,12.07131072872647
w256_d8_q20_data_s2,256,8,20,data,2,4002,484180,True,91,0.0017997900466202835,19971.5,0.3178772001319885,18539.74869221202,0.44691518496797755,0.029476265609288538,1.1313696353445257e-12,11.660928643891566,0.3307094411866274,19101.325204037938,0.440469541672428,0.030030561698826674,1.3117568746368872e-12,12.07131072872647
w256_d8_q20_physics_s0,256,8,20,physics,0,4002,484180,True,33,6.375100304659385e-07,5143.9,1.5906722315861543,1805.0692207535558,2.7655879000150208,0.08314703287499309,4.14704169877994e-11,11.660928643891566,1.6763406836162176,1837.7617143124876,2.619966279759467,0.0842717532200006,4.409623702673582e-11,12.07131072872647
w256_d8_q20_physics_s1,256,8,20,physics,1,4002,484180,True,31,5.769176250227033e-07,7152.1,1.0058966374941747,1851.6107050809287,1.2955545406896363,0.08425066902822964,1.6480234169512466e-11,11.660928643891566,0.9812853801989263,1867.2620504585334,1.2235368291086957,0.08522279701500546,1.8714739121136834e-11,12.07131072872647
w256_d8_q20_physics_s2,256,8,20,physics,2,4002,484180,True,33,7.81032241796223e-07,8015.6,2.7228869089981345,1973.9140692718072,3.1342630599207055,0.07756939761890957,7.173115137370719e-11,11.660928643891566,2.480371618538868,1976.3029997890415,2.871167873948366,0.08285400480029237,7.344867993889423e-11,12.07131072872647
w32_d2_q02_data_s0,32,2,2,data,0,4002,1708,True,48,0.00311494389749283,150.2,0.44795386978080387,20778.129900297823,0.2555206689507372,0.028818567993072614,1.743803025054117e-12,11.660928643891566,0.4451820014708119,23376.688851421113,0.25620144302962444,0.028789683097926733,1.842255261898298e-12,12.07131072872647
w32_d2_q02_data_s1,32,2,2,data,1,4002,1708,True,39,0.0029804979327213727,116.7,0.3046229828100877,20041.70114626662,0.23040428029474924,0.023173094752138024,9.608486264642643e-13,11.660928643891566,0.31265260494706126,22565.831869909533,0.23827636310436162,0.022533731461993334,1.062330597525019e-12,12.07131072872647
w32_d2_q02_data_s2,32,2,2,data,2,4002,1708,True,85,0.002852331448847777,221.5,0.2996731028233057,21784.92581331414,0.22912327550272948,0.020140069032614782,9.106827562155798e-13,11.660928643891566,0.3163248477520142,23449.986628708408,0.23587453804552183,0.021739220280068278,9.791417241650977e-13,12.07131072872647
w32_d2_q02_physics_s0,32,2,2,physics,0,4002,1708,True,54,3.368534175555218e-06,277.0,2.4737998307031717,20971.81729939001,2.168931727351442,0.19127356174182542,1.143795333357103e-10,11.660928643891566,2.9085472603469498,22469.31489973187,2.3259840136233834,0.19216436355137811,1.3928767850152633e-10,12.07131072872647
w32_d2_q02_physics_s1,32,2,2,physics,1,4002,1708,True,47,4.215015717692123e-06,166.2,3.134789431076257,21107.6429332909,2.08484482315896,0.18609759191753894,1.275277741318258e-10,11.660928643891566,3.3646401602855924,22692.757172647314,2.254690256244807,0.19416781650606096,1.5790228797458526e-10,12.07131072872647
w32_d2_q02_physics_s2,32,2,2,physics,2,4002,1708,True,66,2.806736120921897e-06,241.9,2.558995979475398,21571.17100830797,1.5765823864413164,0.17219940217019086,7.66848273737914e-11,11.660928643891566,2.474815667270036,23339.9149313579,1.4729553013221874,0.17788755469521148,7.432009704995817e-11,12.07131072872647
w32_d2_q04_data_s0,32,2,4,data,0,4002,1972,True,27,0.0026280877392486314,65.0,0.403490736644585,24748.64461433036,0.418845070498719,0.02561603449666508,1.4760952435228198e-12,11.660928643891566,0.41123605595316803,26536.82783767518,0.4389019667314642,0.026700050437058337,1.6214918196767515e-12,12.07131072872647
w32_d2_q04_data_s1,32,2,4,data,1,4002,1972,True,44,0.002359465482935828,151.6,0.32090715438926054,24097.377473834345,0.35506236284987835,0.02321209459556217,1.1262641870212649e-12,11.660928643891566,0.3413304592640998,25564.332093710327,0.35986433357493297,0.02339478716259155,1.1589171151897042e-12,12.07131072872647
w32_d2_q04_data_s2,32,2,4,data,2,4002,1972,True,36,0.0025518488789486524,107.7,0.36328525219175845,22214.85031241501,0.4403784827555768,0.02723474968227991,1.5039233738671784e-12,11.660928643891566,0.37416986923233253,23942.668306084593,0.4285508468342414,0.027689333729256915,1.6901679695853546e-12,12.07131072872647
w32_d2_q04_physics_s0,32,2,4,physics,0,4002,1972,True,50,3.0896289446561155e-06,319.0,1.3568361059697054,7277.807195229089,1.2472646652241792,0.1612187650573147,2.322413451436649e-11,11.660928643891566,1.408740277881293,7359.261674984983,1.3097615825046205,0.1727117068320485,3.067266370635227e-11,12.07131072872647
w32_d2_q04_physics_s1,32,2,4,physics,1,4002,1972,True,48,3.2901684686859754e-06,251.9,1.5652864064756855,7981.355098244547,1.450593152135582,0.15897753926963876,3.4039284633770347e-11,11.660928643891566,1.495210787290091,7978.815451999678,1.4439298262516331,0.16679319558625655,3.30412112659927e-11,12.07131072872647
w32_d2_q04_physics_s2,32,2,4,physics,2,4002,1972,True,55,2.870665838324484e-06,310.7,1.630107908670908,7260.859373519594,1.7269003813993322,0.16110331979009695,3.6485852045781084e-11,11.660928643891566,1.6937183872371975,7785.61993115826,1.79194070696731,0.17059748634555907,4.091753143042813e-11,12.07131072872647
w32_d2_q06_data_s0,32,2,6,data,0,4002,2236,True,19,0.0022566581649680075,51.5,0.3395582212988302,23977.341743043642,0.4437166090269784,0.024056211112237665,1.4146018725776027e-12,11.660928643891566,0.3481030884091574,27950.46599597154,0.4469414180334752,0.02458048433073845,1.455534566687936e-12,12.07131072872647
w32_d2_q06_data_s1,32,2,6,data,1,4002,2236,True,22,0.002853923555720046,67.7,0.352458851011761,22941.026412818377,0.42397346290812266,0.025561404038077634,1.274523881613809e-12,11.660928643891566,0.35707729412592926,25072.96685854506,0.4082727433356581,0.026114060724759247,1.268272036656704e-12,12.07131072872647
w32_d2_q06_data_s2,32,2,6,data,2,4002,2236,True,50,0.0024709360099692966,143.8,0.3497957990106215,19896.81856052936,0.39913564150140246,0.02555247973735908,1.2515537094529194e-12,11.660928643891566,0.32573698251781025,20324.161708584634,0.37906211968063985,0.026081443120593018,9.870267898137527e-13,12.07131072872647
w32_d2_q06_physics_s0,32,2,6,physics,0,4002,2236,True,57,3.0457225402263123e-06,332.0,1.7272013387987784,3552.1515947311123,1.5910854744287661,0.14351683096345408,4.185620124722408e-11,11.660928643891566,1.7277099005923446,3620.6186080987427,1.582811684890828,0.15345848381959418,4.8313846220896834e-11,12.07131072872647
w32_d2_q06_physics_s1,32,2,6,physics,1,4002,2236,True,48,3.772655903018273e-06,427.7,1.8262304088096926,4382.436362235785,1.807503088031126,0.1691182503631652,4.4081846619731053e-11,11.660928643891566,1.7787519185699097,4136.026631840008,1.7630767751199983,0.17252104933352524,4.681075821290705e-11,12.07131072872647
w32_d2_q06_physics_s2,32,2,6,physics,2,4002,2236,True,57,2.7217830717369437e-06,394.2,1.3389649046260388,4110.62835924353,1.4068715657060693,0.13401623765790793,2.5323507464890262e-11,11.660928643891566,1.287870188448892,4034.955365890854,1.3959298079235793,0.14317578646447227,2.6000194629724028e-11,12.07131072872647
w32_d2_q08_data_s0,32,2,8,data,0,4002,2500,True,29,0.003175884044933184,95.6,0.37312782693277313,22396.870466998927,0.4481359060193313,0.02387218821024023,1.2921881988175865e-12,11.660928643891566,0.3885758338029177,24980.73402873717,0.45704627308396084,0.02526627173121687,1.5652711358609797e-12,12.07131072872647
w32_d2_q08_data_s1,32,2,8,data,1,4002,2500,True,30,0.002786259162165781,104.8,0.29142084287059333,24784.6920888442,0.4075482634835481,0.021527876742019614,9.897505099351324e-13,11.660928643891566,0.2959700003302146,26679.21681680639,0.4139680014247915,0.02174379413930321,9.115847920450489e-13,12.07131072872647
w32_d2_q08_data_s2,32,2,8,data,2,4002,2500,True,30,0.0023265947809589967,106.7,0.3884611665299076,21947.375183210937,0.4745106279102629,0.025692450167390246,1.363937629475424e-12,11.660928643891566,0.39384159148037057,23947.3929734625,0.4530480709092899,0.025952245840122658,1.5528257108083053e-12,12.07131072872647
w32_d2_q08_physics_s0,32,2,8,physics,0,4002,2500,True,57,3.352082854182004e-06,459.5,1.1732575287197733,4112.90578570687,1.2133344582849759,0.18461658706490566,2.56804428201491e-11,11.660928643891566,1.1531171553968989,3990.8316005635106,1.1923683871160051,0.18671803810371224,3.2363937052583946e-11,12.07131072872647
w32_d2_q08_physics_s1,32,2,8,physics,1,4002,2500,True,64,2.9078815227359457e-06,518.3,0.993223177033542,3723.021716485002,1.1508487915818932,0.1876940477756675,2.041081518432104e-11,11.660928643891566,0.9796795401637581,3843.0826475550402,1.1212041497401515,0.19291121992836419,2.167941127713474e-11,12.07131072872647
w32_d2_q08_physics_s2,32,2,8,physics,2,4002,2500,True,51,3.3037246185677174e-06,423.0,0.8517608142994959,3549.1732967973467,1.0189326046088354,0.16636014098455904,1.546865740534281e-11,11.660928643891566,0.906871011654431,3324.8307579656234,0.9617036660358735,0.17257200229477132,1.871576734433063e-11,12.07131072872647
w32_d2_q10_data_s0,32,2,10,data,0,4002,2764,True,33,0.0028748742601715357,108.6,0.3394504777851637,23892.378341797383,0.4295575170019106,0.03835999788828412,1.3621506270480852e-12,11.660928643891566,0.350556355556364,26980.565691508597,0.4372752119271017,0.039996773602335445,1.3316241681710779e-12,12.07131072872647
w32_d2_q10_data_s1,32,2,10,data,1,4002,2764,True,19,0.004036601373358501,68.9,0.4082325867127423,21896.47971366638,0.4728322667233442,0.021946635392573743,1.3984967904555982e-12,11.660928643891566,0.38694314615383973,23938.44167903088,0.45748596164685296,0.02248160626862339,1.5441373962024138e-12,12.07131072872647
w32_d2_q10_data_s2,32,2,10,data,2,4002,2764,True,38,0.0033905667584167446,127.7,0.3942920840227515,22281.425530663775,0.4642413739048834,0.040926321166315054,1.4477577114687422e-12,11.660928643891566,0.39462532529910277,24070.868101281038,0.45104542893170674,0.04250821616001135,1.6011808028519664e-12,12.07131072872647
w32_d2_q10_physics_s0,32,2,10,physics,0,4002,2764,True,55,3.87438408087235e-06,562.1,1.0560520946540919,4388.175499579704,1.2711706318491167,0.1893894307233926,1.869988823796727e-11,11.660928643891566,1.0978466446687207,4376.453700057638,1.2813683270849197,0.20133150832676167,2.2826380471012652e-11,12.07131072872647
w32_d2_q10_physics_s1,32,2,10,physics,1,4002,2764,True,66,3.0883472464127996e-06,663.9,2.986812031730679,3488.188469088259,3.087523728900976,0.14508587743928408,8.664434302293281e-11,11.660928643891566,3.1058956606102583,3482.6383461528817,3.1241651373363766,0.15253837958898592,9.997888841728935e-11,12.07131072872647
w32_d2_q10_physics_s2,32,2,10,physics,2,4002,2764,True,49,3.6616283302181905e-06,487.1,0.9604476570643783,4076.206307862315,1.1461452374987857,0.1930479372733978,1.6632855757373734e-11,11.660928643891566,0.9516902764730162,3847.407093797674,1.1320720880405588,0.1928969291991947,1.888707373045714e-11,12.07131072872647
w32_d2_q12_data_s0,32,2,12,data,0,4002,3028,True,65,0.0033649973055980206,232.2,0.38084033420915375,21925.876720563563,0.46720432236568854,0.0317610076896865,1.5665162927640503e-12,11.660928643891566,0.3685954213636933,23598.600646411698,0.45347061431755264,0.03610661139581507,1.3882448412105463e-12,12.07131072872647
w32_d2_q12_data_s1,32,2,12,data,1,4002,3028,True,36,0.002603902636034517,129.1,0.3002627329351526,22718.829255370212,0.4185860700545163,0.02591771967405676,9.050483048967658e-13,11.660928643891566,0.3236928235175185,25219.182666385655,0.4269338339533135,0.026621685787622112,1.0298722818601546e-12,12.07131072872647
w32_d2_q12_data_s2,32,2,12,data,2,4002,3028,True,31,0.002586163527340846,116.8,0.396679744039119,21838.480135020458,0.4655569384155456,0.023201849246173856,1.3140367648183171e-12,11.660928643891566,0.39207148736153385,24059.071863729456,0.4494665663501429,0.023572434915769547,1.5826397358757829e-12,12.07131072872647
w32_d2_q12_physics_s0,32,2,12,physics,0,4002,3028,True,58,3.618166145802948e-06,726.6,0.5233262819874795,3839.662809766185,0.8059628153880283,0.19639109786164216,9.907599819017622e-12,11.660928643891566,0.504939428685347,3805.820332843365,0.7449675274244782,0.20044935001007833,9.860171649092792e-12,12.07131072872647
w32_d2_q12_physics_s1,32,2,12,physics,1,4002,3028,True,61,3.7380129642041604e-06,770.1,1.0461515912840724,4317.574051186537,1.2889224467897975,0.20682318259630794,1.8440043876441637e-11,11.660928643891566,1.042529685030047,4034.1298311254204,1.1886443667350477,0.20694301463122441,1.994799114570231e-11,12.07131072872647
w32_d2_q12_physics_s2,32,2,12,physics,2,4002,3028,True,55,2.232015510869185e-06,615.9,0.7859272285628549,3367.236515152289,0.7933428379764962,0.12003684257621758,1.3852445138129312e-11,11.660928643891566,0.7508684368762175,3353.759446091449,0.8013955716359433,0.12452143223679046,1.4999912027300994e-11,12.07131072872647
w32_d2_q14_data_s0,32,2,14,data,0,4002,3292,True,21,0.002093018372574009,81.4,0.36258455494930786,23740.420054854712,0.459387604649919,0.02363015162302161,1.122538377412051e-12,11.660928643891566,0.3602451936757234,25342.46571149504,0.44322350853787107,0.024417000278179057,1.1675692188615698e-12,12.07131072872647
w32_d2_q14_data_s1,32,2,14,data,1,4002,3292,True,64,0.0021692875658387276,247.8,0.41690385032566724,22311.80391369582,0.4725033580044169,0.03526244927869529,1.5998251753843487e-12,11.660928643891566,0.39168742183193217,24919.162672168142,0.4606144358323405,0.037373434545753384,1.6179300044420784e-12,12.07131072872647
w32_d2_q14_data_s2,32,2,14,data,2,4002,3292,True,45,0.00223244315720092,181.7,0.4165831012858945,22551.16980283897,0.48634766115185357,0.03442256952154027,1.6464976809620614e-12,11.660928643891566,0.396882839254431,25435.576968250018,0.4673058519735207,0.03622136179740054,1.729615203228717e-12,12.07131072872647
w32_d2_q14_physics_s0,32,2,14,physics,0,4002,3292,True,55,3.3263088185028176e-06,728.7,1.0663306406968331,3579.689379463388,1.2321698348483068,0.19381452111088757,2.2053784588518434e-11,11.660928643891566,1.0495918171748997,3870.9703354348085,1.1773465420361617,0.19825090451092933,2.3694663606103538e-11,12.07131072872647
w32_d2_q14_physics_s1,32,2,14,physics,1,4002,3292,True,53,4.45638599800543e-06,718.2,0.8896464372298851,3977.070498762841,1.0911520596295077,0.21564597217890724,1.6060432415723325e-11,11.660928643891566,0.8193056127083764,4100.163565770192,0.9474952917116752,0.21771670646963426,1.700210069883626e-11,12.07131072872647
w32_d2_q14_physics_s2,32,2,14,physics,2,4002,3292,True,55,3.1067284958127874e-06,753.9,1.1733005586052059,3634.803329102908,1.2249460579027982,0.18200289385167465,2.1169655782654635e-11,11.660928643891566,1.0605752022030401,3558.52687774809,1.122242227054926,0.1846468161147384,2.184832231236218e-11,12.07131072872647
w32_d2_q16_data_s0,32,2,16,data,0,4002,3556,True,36,0.0031922291868389267,137.6,0.38644062816928226,22394.59881822037,0.45757890688946645,0.024017072090057757,1.3490481054295205e-12,11.660928643891566,0.38100927840645227,24486.01769134649,0.4472947715790099,0.024063877756858032,1.4351087332067832e-12,12.07131072872647
w32_d2_q16_data_s1,32,2,16,data,1,4002,3556,True,69,0.0021783495858767603,316.1,0.3294493294490053,25774.23234877972,0.4121542384041277,0.020185282330907606,1.1472432899787305e-12,11.660928643891566,0.33497600577447884,28203.278614362098,0.4166267849186056,0.022992372046233556,1.2512016776474466e-12,12.07131072872647
w32_d2_q16_data_s2,32,2,16,data,2,4002,3556,True,37,0.0027040519917608777,143.0,0.40310765905715584,21103.14695478089,0.4731170997409606,0.02633613779901879,1.6531734047912917e-12,11.660928643891566,0.41127045872713097,22952.290720017703,0.4813759668138573,0.027924345216558816,1.9528955363267398e-12,12.07131072872647
w32_d2_q16_physics_s0,32,2,16,physics,0,4002,3556,True,61,3.4866102978283836e-06,909.7,0.637797936533957,4032.0287667499533,0.8113684036317181,0.19856317704258514,1.244010439368695e-11,11.660928643891566,0.6727573725058278,3907.597114043437,0.8353702702166288,0.19640735665771292,1.3368458700247925e-11,12.07131072872647
w32_d2_q16_physics_s1,32,2,16,physics,1,4002,3556,True,59,3.955776452900594e-06,820.3,0.7846889656661915,4244.47740495687,0.9999625401775347,0.19313730931294973,1.5170335898291724e-11,11.660928643891566,0.7354078934014296,4132.558555058693,0.9422556605471755,0.20112758108879747,1.4924103312492087e-11,12.07131072872647
w32_d2_q16_physics_s2,32,2,16,physics,2,4002,3556,True,50,3.818305606251094e-06,689.0,1.090364504255703,4183.2401808901,1.2382007804356832,0.2077005454919345,2.121028027041049e-11,11.660928643891566,1.0792766965419531,4198.167135528467,1.2136629326988668,0.21500227747682163,2.167832814473326e-11,12.07131072872647
w32_d2_q18_data_s0,32,2,18,data,0,4002,3820,True,71,0.0021871854392813412,322.3,0.2601984417154313,25670.337304267883,0.3839684844990643,0.03230217896645765,8.763157807223766e-13,11.660928643891566,0.26359621829641355,28188.32058888747,0.37356462479820607,0.03455591101057462,8.258492587580061e-13,12.07131072872647
w32_d2_q18_data_s1,32,2,18,data,1,4002,3820,True,24,0.0023673828767634864,110.9,0.3856937391901738,22624.89907980111,0.4588657436528365,0.026036304005695732,1.3409709914337958e-12,11.660928643891566,0.38947770727304487,24845.88695084654,0.46068758030770596,0.026879960220840826,1.5335793245152435e-12,12.07131072872647
w32_d2_q18_data_s2,32,2,18,data,2,4002,3820,True,31,0.002634942963607414,153.8,0.3907508283083061,22953.48436054514,0.461805166423801,0.02537029315367867,1.4618681995062746e-12,11.660928643891566,0.37479677430951597,24935.397040609078,0.4533496428109629,0.026167022475896695,1.4581474522505883e-12,12.07131072872647
w32_d2_q18_physics_s0,32,2,18,physics,0,4002,3820,True,55,3.12159999593951e-06,891.8,1.3584914456572506,3783.8199754453804,1.4718296626341498,0.20196957423893047,2.5077286425555483e-11,11.660928643891566,1.274486261047869,3686.3097078793053,1.4626003153921374,0.2109818361998271,2.221331583194107e-11,12.07131072872647
w32_d2_q18_physics_s1,32,2,18,physics,1,4002,3820,True,56,4.0547094605593114e-06,909.7,0.6733800806735246,4314.821145547157,1.076926244465426,0.18066226892484924,1.1728580168836616e-11,11.660928643891566,0.6236931365464216,4017.5038923851553,1.0031571618256407,0.18156087584463715,1.2480029935772957e-11,12.07131072872647
w32_d2_q18_physics_s2,32,2,18,physics,2,4002,3820,True,51,3.991287438748639e-06,833.2,1.043679360037686,3861.2483410651607,1.1968331258174203,0.2105440022199638,2.1506645095730647e-11,11.660928643891566,1.1155675102116902,4016.8709534374725,1.2285633189890177,0.2141337617484623,2.292117511769592e-11,12.07131072872647
w32_d2_q20_data_s0,32,2,20,data,0,4002,4084,True,14,0.00260577361809427,39.1,0.3865693130080672,22915.668340941735,0.464680398958528,0.023101977367129267,1.375666897494219e-12,11.660928643891566,0.39647334027748116,24123.530758234792,0.4775055710268816,0.023600232620685224,1.5225970677410805e-12,12.07131072872647
w32_d2_q20_data_s1,32,2,20,data,1,4002,4084,True,23,0.002738647901501249,98.1,0.4125600348459102,21558.167097415106,0.4862654107000708,0.022975931912503494,1.383158719537365e-12,11.660928643891566,0.4183979973362284,23623.64288491643,0.4754253079681803,0.02418861080559151,1.636911792507557e-12,12.07131072872647
w32_d2_q20_data_s2,32,2,20,data,2,4002,4084,True,33,0.0022904357930254556,139.7,0.4030004850541502,21789.530717674097,0.49489695878435214,0.025376218832001696,1.5698096840931536e-12,11.660928643891566,0.41181034549708784,24645.55393371331,0.4894556010412998,0.027196903000750727,1.837706409271972e-12,12.07131072872647
w32_d2_q20_physics_s0,32,2,20,physics,0,4002,4084,True,49,4.2419146180876225e-06,814.4,1.1450706354452223,4295.492043854082,1.2394421044064075,0.20315370611929257,1.995251278079122e-11,11.660928643891566,1.0663366601022517,4136.496964796424,1.2064409107779284,0.2068300131191081,1.9042706247983388e-11,12.07131072872647
w32_d2_q20_physics_s1,32,2,20,physics,1,4002,4084,True,44,4.2886284272895665e-06,722.9,0.8664825182478353,4419.130228670855,1.0385822704854775,0.20586157834878716,1.598440322152962e-11,11.660928643891566,0.8951181146699128,4258.199072845567,1.0134568625339568,0.2113029653473741,1.689785402480395e-11,12.07131072872647
w32_d2_q20_physics_s2,32,2,20,physics,2,4002,4084,True,40,4.100798438682639e-06,656.5,0.9788604473754958,4426.451703185583,1.4560341348683892,0.19848150079729548,1.9700093344748138e-11,11.660928643891566,0.9352038446870381,4404.219248754841,1.3568293519483632,0.20212226485418275,1.9121502192717326e-11,12.07131072872647
w32_d4_q02_data_s0,32,4,2,data,0,4002,3820,True,125,0.0005270374043586239,476.0,0.22409520141053463,11338.571134954225,0.15161737867153136,0.013550918493798574,4.574937877915325e-13,11.660928643891566,0.21108139781134128,12438.616810793032,0.14931763596059966,0.014164285727417958,3.5838814016011146e-13,12.07131072872647
w32_d4_q02_data_s1,32,4,2,data,1,4002,3820,True,82,0.0011738458293007205,298.0,0.28932611067489233,16245.285771933044,0.23750843731917826,0.017084705559652913,8.464753352500221e-13,11.660928643891566,0.29234745252892935,17072.35802115455,0.22607877818359157,0.0174054859675421,9.290532303948132e-13,12.07131072872647
w32_d4_q02_data_s2,32,4,2,data,2,4002,3820,True,25,0.0028159640079998376,84.1,0.3799032424396387,20733.521792980762,0.2271706471788093,0.02419876769996221,1.3527559611095666e-12,11.660928643891566,0.39544880249664516,22751.257788421575,0.23322734469388706,0.024891103554317007,1.4642606418412483e-12,12.07131072872647
w32_d4_q02_physics_s0,32,4,2,physics,0,4002,3820,True,36,1.2432912371757239e-06,217.3,2.2916019356529205,20080.481069189304,1.5428011576261724,0.13041782810600464,5.330600594605564e-11,11.660928643891566,2.4523950165260544,21880.672041127273,1.6422907642379414,0.1388899372305229,5.702531516186518e-11,12.07131072872647
w32_d4_q02_physics_s1,32,4,2,physics,1,4002,3820,True,38,8.995521753913687e-07,234.0,1.2205057379048867,20768.106093530096,0.8509056964669526,0.10993751507634014,1.9364723970421932e-11,11.660928643891566,1.2701337852618622,22699.005032346544,0.8157570652542745,0.11456599751340657,2.1343033336327023e-11,12.07131072872647
w32_d4_q02_physics_s2,32,4,2,physics,2,4002,3820,True,40,1.2085661850634224e-06,247.7,1.3816642161756931,21504.07745119721,0.9235195863777079,0.1149260998893481,2.8855692241532993e-11,11.660928643891566,1.44553124914637,22642.243137025594,1.0053000252483457,0.12430184030721558,2.910965878111071e-11,12.07131072872647
w32_d4_q04_data_s0,32,4,4,data,0,4002,4084,True,67,0.001092633901464815,283.7,0.3041011182602915,16228.35366888263,0.32336755410256046,0.017699008567850782,9.917553768114278e-13,11.660928643891566,0.2994748073916753,16616.280685564623,0.302996369811126,0.018304202334111508,8.814090605436188e-13,12.07131072872647
w32_d4_q04_data_s1,32,4,4,data,1,4002,4084,True,120,0.0005870985518200149,539.6,0.20287959290499202,15060.796803336927,0.2047261432949199,0.013676262052553928,5.12949705921314e-13,11.660928643891566,0.21398986772425133,15521.268698196314,0.20455235637939495,0.015210093669098396,4.526248823442937e-13,12.07131072872647
w32_d4_q04_data_s2,32,4,4,data,2,4002,4084,True,141,0.0007489395604832544,553.5,0.23722259490455144,14640.918622310615,0.2620053878672479,0.015576241885561712,6.248176266423461e-13,11.660928643891566,0.23863945857693913,14909.710570117377,0.2590396736401601,0.01544794896698315,5.598136552242848e-13,12.07131072872647
w32_d4_q04_physics_s0,32,4,4,physics,0,4002,4084,True,41,1.0068284998645985e-06,303.6,0.5503186546889083,6825.838892488314,0.5989464084521501,0.11785149577061942,8.042234032722502e-12,11.660928643891566,0.5391912093593021,7278.658404726395,0.6310961620181743,0.11782213757052101,8.592938552888354e-12,12.07131072872647
w32_d4_q04_physics_s1,32,4,4,physics,1,4002,4084,True,39,1.0408972739620353e-06,258.0,1.4020004159505106,6836.4919617015275,1.3157066400859563,0.10817214734259832,2.420210957075251e-11,11.660928643891566,1.4968452018031542,6966.709426418254,1.4514017535347534,0.1153399775122195,2.742097448562568e-11,12.07131072872647
w32_d4_q04_physics_s2,32,4,4,physics,2,4002,4084,True,38,1.1030227092745803e-06,257.6,1.3678080620551647,7020.716984735217,1.439779114221551,0.12236609436068122,2.7065600294535167e-11,11.660928643891566,1.377828135566972,7157.091092352295,1.3570050430899983,0.12724462024784472,3.4372737742067375e-11,12.07131072872647
w32_d4_q06_data_s0,32,4,6,data,0,4002,4348,True,111,0.0008592929228600352,515.4,0.30398790777041995,18281.874892393305,0.3166848674922562,0.01836629729519727,8.933262697623129e-13,11.660928643891566,0.3024911546987141,18599.594337219118,0.3034243706965256,0.020334047515852688,9.67421090272372e-13,12.07131072872647
w32_d4_q06_data_s1,32,4,6,data,1,4002,4348,True,121,0.0008351091432095807,494.6,0.34815755281281113,17243.41468812182,0.35526893103821067,0.021417089854246577,1.1039368972489585e-12,11.660928643891566,0.31001676825326285,17310.565295002056,0.3327337445284684,0.02073159659634477,8.949106302177511e-13,12.07131072872647
w32_d4_q06_data_s2,32,4,6,data,2,4002,4348,True,114,0.0009062106514776981,521.2,0.2676571934898675,15603.221261693769,0.2892069956939025,0.01724657992193193,7.323171239269673e-13,11.660928643891566,0.2661184143946116,16303.907384513017,0.28214904358492277,0.01781103060414721,8.103711451316362e-13,12.07131072872647
w32_d4_q06_physics_s0,32,4,6,physics,0,4002,4348,True,39,1.0816179552035121e-06,339.8,2.243891083764993,2557.481906042813,2.198398844143412,0.09003670267766772,5.576966033349945e-11,11.660928643891566,2.3618559344527057,2524.3748745629914,2.2551792194818177,0.09253546175955543,6.049996719093855e-11,12.07131072872647
w32_d4_q06_physics_s1,32,4,6,physics,1,4002,4348,True,41,8.483395721618967e-07,350.8,0.7362664842958111,2236.1971949458143,0.8477813720020322,0.10221386712589484,1.035865742889941e-11,11.660928643891566,0.7933820909897804,2177.782004218191,0.8998105857997984,0.10188061857142883,1.280840079605523e-11,12.07131072872647
w32_d4_q06_physics_s2,32,4,6,physics,2,4002,4348,True,39,1.2675470378620925e-06,425.3,0.9945619227238467,2544.024745841714,1.021403997789605,0.11129356017398895,1.799415170803722e-11,11.660928643891566,0.9272800559294581,2481.1722235334073,1.016769428332509,0.10944890772168064,1.8354255413004133e-11,12.07131072872647
w32_d4_q08_data_s0,32,4,8,data,0,4002,4612,True,16,0.0022538969296742213,65.5,0.38774680888309376,22187.748050376365,0.45082877685942435,0.02602772876906037,1.2647419290468014e-12,11.660928643891566,0.38231119244258593,23973.388311330807,0.42824780258143846,0.026312667944390026,1.4014745304840858e-12,12.07131072872647
w32_d4_q08_data_s1,32,4,8,data,1,4002,4612,True,148,0.0007081299816893459,689.6,0.29743730399900414,17433.05706236658,0.3300313937586452,0.018241211506797757,9.639412803894233e-13,11.660928643891566,0.27630904264697165,18044.301107554347,0.31155451299724746,0.018594613659200093,7.431282432565497e-13,12.07131072872647
w32_d4_q08_data_s2,32,4,8,data,2,4002,4612,True,48,0.002031947407523586,230.2,0.33262513898080215,23169.020878148065,0.40532862901265787,0.01867591339551472,1.0917048409349752e-12,11.660928643891566,0.3464838355391464,23465.328525828387,0.3896869493873467,0.02041238623608525,1.1506895476416507e-12,12.07131072872647
w32_d4_q08_physics_s0,32,4,8,physics,0,4002,4612,True,39,1.061151095941303e-06,462.1,0.6185757497405575,2334.4757810233027,0.8005852633203858,0.09534291810242568,8.901508597767612e-12,11.660928643891566,0.6140600054429513,2354.8734415138138,0.7605890497437429,0.09750793770222504,8.997325228163123e-12,12.07131072872647
w32_d4_q08_physics_s1,32,4,8,physics,1,4002,4612,True,38,9.575932694229892e-07,427.1,1.1596219472949088,2001.0846600937837,1.3423694137344455,0.08787863321665923,1.8324274982570345e-11,11.660928643891566,1.1997075816196912,1983.5077342569632,1.3331847716244738,0.09724099820686283,2.1105715885397413e-11,12.07131072872647
w32_d4_q08_physics_s2,32,4,8,physics,2,4002,4612,True,31,1.6523222065682966e-06,275.2,0.9022074693945115,2493.5096679791827,1.1726801930365127,0.120449631428661,1.5420578844626153e-11,11.660928643891566,0.9190964882463959,2657.160188831124,1.1540166240990857,0.12344907243635322,1.7914599447961087e-11,12.07131072872647
w32_d4_q10_data_s0,32,4,10,data,0,4002,4876,True,144,0.0013950923714500139,911.7,0.2672540691399661,22373.114388714726,0.3158754758558757,0.018251510166648888,8.037514599938432e-13,11.660928643891566,0.27065973517892417,23908.544878628585,0.3184964826346004,0.0192690220374922,7.486417299023495e-13,12.07131072872647
w32_d4_q10_data_s1,32,4,10,data,1,4002,4876,True,165,0.0007477328635558965,1091.3,0.24558163890731066,14050.429326111345,0.3439203738366814,0.015045579955489871,6.812108263665228e-13,11.660928643891566,0.23953308030399967,13858.408158939987,0.31070145637102087,0.015551082698527646,6.215611075339008e-13,12.07131072872647
w32_d4_q10_data_s2,32,4,10,data,2,4002,4876,True,189,0.0008289162787759925,886.2,0.2802905652679044,15923.21219407427,0.33107511630703357,0.01829666691617951,1.028341476951409e-12,11.660928643891566,0.284437518828895,17614.57785215949,0.3277623495072657,0.019810103471880683,9.891051969377827e-13,12.07131072872647
w32_d4_q10_physics_s0,32,4,10,physics,0,4002,4876,True,38,1.3656834779576017e-06,482.6,1.6407531037998524,2677.088397980359,1.8349417486653863,0.11699148292805908,3.432884397926432e-11,11.660928643891566,1.6616419181438857,2531.6906635934943,1.8368065250058407,0.1239676888658281,3.8897692575233575e-11,12.07131072872647
w32_d4_q10_physics_s1,32,4,10,physics,1,4002,4876,True,40,8.859328204762701e-07,502.2,1.12356807670011,2252.8971691472093,1.3842892831519293,0.09410706884385028,1.5192699481776784e-11,11.660928643891566,1.0951621602899309,2175.8424317996737,1.3940582162206283,0.09854206798778561,1.7494195827899178e-11,12.07131072872647
w32_d4_q10_physics_s2,32,4,10,physics,2,4002,4876,True,38,1.1213230176816848e-06,573.3,1.5561255121099293,2292.0010377069007,1.743925043854233,0.10253823821487588,3.7295841317686146e-11,11.660928643891566,1.68669853920278,2362.818391150162,1.9122467574845814,0.10487133875813491,3.481476083375939e-11,12.07131072872647
w32_d4_q12_data_s0,32,4,12,data,0,4002,5140,True,190,0.0005736895017421755,837.0,0.2558074462655213,14861.1259434352,0.2807459723541683,0.017489782116996908,6.935819849776875e-13,11.660928643891566,0.25023774015053846,15224.781210583178,0.27444079768201846,0.018103321295842578,6.660003993721344e-13,12.07131072872647
w32_d4_q12_data_s1,32,4,12,data,1,4002,5140,True,94,0.0012675902487759517,494.4,0.25756978968161093,18978.947939051115,0.2905793576477578,0.019438473495642095,7.839000283891245e-13,11.660928643891566,0.26400970438089644,19243.646895637183,0.29726889221137753,0.02087173267732896,7.890338596145956e-13,12.07131072872647
w32_d4_q12_data_s2,32,4,12,data,2,4002,5140,True,185,0.000484293427317815,875.5,0.20033766811167197,15387.594061144544,0.22463099496405903,0.013014149803453057,3.6807954828803317e-13,11.660928643891566,0.20422792322705163,15554.54570475923,0.2171160389821125,0.013153421512007712,3.9534335247428227e-13,12.07131072872647
w32_d4_q12_physics_s0,32,4,12,physics,0,4002,5140,True,35,1.0906587980975452e-06,437.1,1.5637902148171179,2300.934350132173,1.7144629121332855,0.11835815417086948,3.8584747667783734e-11,11.660928643891566,1.7163634363139835,2276.834804288045,1.865165306497829,0.12085594073038206,4.273499383534674e-11,12.07131072872647
w32_d4_q12_physics_s1,32,4,12,physics,1,4002,5140,True,41,1.03207669503456e-06,421.7,1.1312803909788727,2353.0526642353316,1.5084909851559303,0.1215531290571642,1.888160969402055e-11,11.660928643891566,1.143297720176406,2277.7708831917685,1.5807506002740723,0.12234393574056535,1.9667541992956794e-11,12.07131072872647
w32_d4_q12_physics_s2,32,4,12,physics,2,4002,5140,True,35,1.194613024655077e-06,520.5,1.2235642553122261,2250.0229116526493,1.4882856133340283,0.11378332094903135,2.1923816247607656e-11,11.660928643891566,1.096868391128325,2267.5822711093565,1.396099360142955,0.11693464980131081,2.396105413845218e-11,12.07131072872647
w32_d4_q14_data_s0,32,4,14,data,0,4002,5404,True,83,0.0014823315039943035,473.4,0.30451647458207276,18841.7233862276,0.3642728727744071,0.018235797789083186,9.790821480136751e-13,11.660928643891566,0.27799549237528254,20487.043666898877,0.3286663080075414,0.019127863710544785,8.256861977621186e-13,12.07131072872647
w32_d4_q14_data_s1,32,4,14,data,1,4002,5404,True,102,0.0012667107805335053,522.4,0.3030816714897355,16480.347819272305,0.3706173063449114,0.019531864313575287,8.871003237426891e-13,11.660928643891566,0.32777950558227076,16940.03360730926,0.36827278659501417,0.020978693033968376,9.849408599023182e-13,12.07131072872647
w32_d4_q14_data_s2,32,4,14,data,2,4002,5404,True,125,0.0007671944141811967,876.9,0.2642535490906539,16361.35523183484,0.3312379052005099,0.01896923854575322,7.932458914773002e-13,11.660928643891566,0.2884246573380267,17545.648183815843,0.34257139009241655,0.0206086956554552,8.268626337407491e-13,12.07131072872647
w32_d4_q14_physics_s0,32,4,14,physics,0,4002,5404,True,40,9.797408578263963e-07,496.8,0.9105734472001359,2228.7316268613854,1.0407245873444992,0.10711068209665747,1.4299981970950045e-11,11.660928643891566,0.8697322337916091,2016.2850863533888,0.9690357542950778,0.11098965715625533,1.3380019753905698e-11,12.07131072872647
w32_d4_q14_physics_s1,32,4,14,physics,1,4002,5404,True,33,1.4892147947495953e-06,469.7,1.4819450417746793,2642.2602132853094,1.7718178371950444,0.11965176977566522,3.1264416555104644e-11,11.660928643891566,1.468104381231683,2791.093717690213,1.7478825075798454,0.12627122835218857,3.282574695532153e-11,12.07131072872647
w32_d4_q14_physics_s2,32,4,14,physics,2,4002,5404,True,42,9.484449687843909e-07,645.5,0.7564150012058235,2459.6704519613745,1.055740017454454,0.1093485404890758,1.105135777184005e-11,11.660928643891566,0.8157182736461266,2336.4644573532582,1.1090106028834867,0.1122459481569145,1.4086771442699222e-11,12.07131072872647
w32_d4_q16_data_s0,32,4,16,data,0,4002,5668,True,38,0.0022249828763282937,220.3,0.36398936067882914,20649.017967974563,0.4697232824195652,0.021059372087187805,1.1425304691981797e-12,11.660928643891566,0.35834330100215084,23271.772049048235,0.46015344088345955,0.021657874212887424,1.2920250534025425e-12,12.07131072872647
w32_d4_q16_data_s1,32,4,16,data,1,4002,5668,True,206,0.0004902536212480622,1470.4,0.2156842031411088,14207.036970329687,0.2444083436046185,0.012983193458868982,4.303321261577095e-13,11.660928643891566,0.20820512660435497,14719.67638724295,0.2276814579005304,0.013599833891148397,4.4975767711881876e-13,12.07131072872647
w32_d4_q16_data_s2,32,4,16,data,2,4002,5668,True,142,0.0007487232506714744,1007.4,0.2547926875635653,13279.591520064398,0.3027660569756563,0.014099697603228711,6.677200063346409e-13,11.660928643891566,0.24118058544431165,14019.178311127871,0.3165062159684595,0.014859704308617383,6.460126086293522e-13,12.07131072872647
w32_d4_q16_physics_s0,32,4,16,physics,0,4002,5668,True,42,9.641726049205592e-07,673.5,1.4164338488882322,2412.554839214231,1.8772372270898785,0.10978220737556735,2.586357994154712e-11,11.660928643891566,1.4891894054365196,2477.671992868995,1.921503605126773,0.11455894845831954,2.723777732261079e-11,12.07131072872647
w32_d4_q16_physics_s1,32,4,16,physics,1,4002,5668,True,39,1.083732527780936e-06,715.1,0.9191922150861842,2138.4580646697177,1.1155773679689673,0.10772337761282046,1.595938644937726e-11,11.660928643891566,0.9875857285948086,2142.11511246941,1.1834753927999486,0.1071717819670203,1.8413765336400687e-11,12.07131072872647
w32_d4_q16_physics_s2,32,4,16,physics,2,4002,5668,True,39,1.0261647481984518e-06,591.8,1.124894961158418,2515.92364411703,1.4832859884279515,0.11177769360930408,2.0204284890476476e-11,11.660928643891566,1.1851098959425599,2337.493848801743,1.4586996065499847,0.11426689538237417,2.445503960956881e-11,12.07131072872647
w32_d4_q18_data_s0,32,4,18,data,0,4002,5932,True,99,0.0007335932781416503,478.9,0.25683460662051516,18150.41263501931,0.3337360768966846,0.014345704856758706,7.12199819579979e-13,11.660928643891566,0.26407545735196436,19499.285985952396,0.3235839973498855,0.015401955521181232,6.950165361196486e-13,12.07131072872647
w32_d4_q18_data_s1,32,4,18,data,1,4002,5932,True,26,0.002100305719955396,116.7,0.3812294232172775,22395.640221026595,0.4716602851431162,0.02404984376168373,1.2847008202517895e-12,11.660928643891566,0.3935254499864982,24360.37390539774,0.47453776119255053,0.0243523623216068,1.3813337298445907e-12,12.07131072872647
w32_d4_q18_data_s2,32,4,18,data,2,4002,5932,True,112,0.0012514195665227744,635.1,0.3048168405967999,17868.30869162518,0.3727129901207604,0.02089118447286438,1.0774705637120627e-12,11.660928643891566,0.28624347940109374,19451.89995070737,0.35259473963833443,0.021132805520525377,9.064465499424913e-13,12.07131072872647
w32_d4_q18_physics_s0,32,4,18,physics,0,4002,5932,True,40,9.777469258020657e-07,679.9,1.9247097892609588,2250.8827221120823,2.004469417894228,0.11495503163181167,3.8903611324472626e-11,11.660928643891566,1.9227555972385346,2241.3310590957703,1.9647571027157085,0.11872897576564734,4.678176992939287e-11,12.07131072872647
w32_d4_q18_physics_s1,32,4,18,physics,1,4002,5932,True,38,1.0205457971906383e-06,440.8,1.2438396549896424,2038.6546275714923,1.6211674551556143,0.09553663514120028,2.0479786314608888e-11,11.660928643891566,1.210324371072602,1915.9141117044812,1.5036723668053753,0.10198646599630934,2.171387348722342e-11,12.07131072872647
w32_d4_q18_physics_s2,32,4,18,physics,2,4002,5932,True,36,9.8146731908129e-07,414.1,1.3873618477049376,2347.830673131767,1.6244588411081229,0.11182490662086775,2.6319449666340853e-11,11.660928643891566,1.3556083693959664,2289.4482508802244,1.64487548050829,0.11361794287375118,2.7657876105125738e-11,12.07131072872647
w32_d4_q20_data_s0,32,4,20,data,0,4002,6196,True,80,0.0009598045792850974,497.7,0.29809774085265417,20182.294278068675,0.3401666461586572,0.01854564481248988,9.209697879957548e-13,11.660928643891566,0.315319017218485,21042.71492096002,0.34349262944211034,0.01831367930093912,9.328878130475564e-13,12.07131072872647
w32_d4_q20_data_s1,32,4,20,data,1,4002,6196,True,21,0.002367891553601894,96.4,0.39592232657525983,22117.012522035016,0.4714292785337193,0.023282481833109773,1.2699441096801899e-12,11.660928643891566,0.3973442133022864,23493.67768995694,0.46935581053730857,0.024276208948681433,1.532619597360617e-12,12.07131072872647
w32_d4_q20_data_s2,32,4,20,data,2,4002,6196,True,76,0.0017780026323940671,589.5,0.37724963647001175,16272.758664536355,0.4390323673533203,0.021329112523400806,1.211128399939582e-12,11.660928643891566,0.381828089714098,17252.54346779276,0.44495930529819816,0.023196173529582698,1.42836689484297e-12,12.07131072872647
w32_d4_q20_physics_s0,32,4,20,physics,0,4002,6196,True,35,1.0164379041700387e-06,753.5,1.5783777476059413,2169.763050799737,2.3296543764761424,0.1101422873492075,3.029172399380035e-11,11.660928643891566,1.606507626185305,2156.375666406382,2.5201824024634334,0.1114495407027738,3.4631833454767376e-11,12.07131072872647
w32_d4_q20_physics_s1,32,4,20,physics,1,4002,6196,True,33,9.393113341454907e-07,821.4,2.0199968161462856,1954.2487312143787,2.5956553004462535,0.0978263923988934,4.341493164321096e-11,11.660928643891566,1.9420413400865755,1894.7286251064645,2.487505889382291,0.10092138865938627,4.8377326180748366e-11,12.07131072872647
w32_d4_q20_physics_s2,32,4,20,physics,2,4002,6196,True,35,1.0234517290976349e-06,760.6,0.777497991078846,2264.2841646468974,1.0770613725412659,0.11738023711171768,1.3769454780004107e-11,11.660928643891566,0.7839916397074376,2225.8474864135374,1.0598275947728553,0.11935349036374873,1.6765346601394345e-11,12.07131072872647
w32_d8_q02_data_s0,32,8,2,data,0,4002,8044,True,29,0.00485789262827103,203.7,0.3513748892274293,21234.943113959438,0.24877338135453897,0.026038964464282673,1.0404632377494035e-12,11.660928643891566,0.35539819216978685,23451.817076317,0.26127153119848145,0.02716646156421948,1.1615058327530512e-12,12.07131072872647
w32_d8_q02_data_s1,32,8,2,data,1,4002,8044,True,153,0.0010860568748137383,1139.9,0.27629382278604453,16871.667649473107,0.18698359752988836,0.018692089512710452,8.038532622164321e-13,11.660928643891566,0.28554872257302577,17101.245776227086,0.18417949472393502,0.019495848464751164,9.08099669932423e-13,12.07131072872647
w32_d8_q02_data_s2,32,8,2,data,2,4002,8044,True,134,0.002099929236324284,1055.9,0.31916433212586526,16863.2183832859,0.22781640544966564,0.020376155435652965,9.718601043328525e-13,11.660928643891566,0.3154799945299658,18668.74223408642,0.22637131916880548,0.02157632853165385,9.826278796622565e-13,12.07131072872647
w32_d8_q02_physics_s0,32,8,2,physics,0,4002,8044,True,37,7.935910513567874e-07,339.5,1.0810469018807112,21514.613514893914,0.7214909765309585,0.08915996860865173,2.024032957007273e-11,11.660928643891566,1.238517212101442,22732.661382178518,0.7686085977400836,0.09260253011159417,2.1115209553206013e-11,12.07131072872647
w32_d8_q02_physics_s1,32,8,2,physics,1,4002,8044,True,37,7.936193920674424e-07,335.8,1.5942936725821255,21702.336960317374,0.9312293698933161,0.08835170157596266,3.2842582817457373e-11,11.660928643891566,1.602459878281337,23142.187110647137,0.9376955703856993,0.09258629413404565,3.2743974921427376e-11,12.07131072872647
w32_d8_q02_physics_s2,32,8,2,physics,2,4002,8044,True,38,8.591251961318962e-07,348.1,2.645295032635886,21535.629782346958,1.6234737709339697,0.08888917411584152,8.278613031212229e-11,11.660928643891566,2.831280747841447,22998.830503311783,1.734827922319937,0.09103693919811084,7.906457282960574e-11,12.07131072872647
w32_d8_q04_data_s0,32,8,4,data,0,4002,8308,True,64,0.0022871539355101144,520.7,0.35816332169669174,21620.9767259815,0.4012828520174594,0.02295164926441849,1.2507361555146364e-12,11.660928643891566,0.35703627159477946,24148.65721670109,0.3946252785246851,0.023986982849593524,1.533750969067322e-12,12.07131072872647
w32_d8_q04_data_s1,32,8,4,data,1,4002,8308,True,31,0.0025963823433634158,163.1,0.3811673398779192,22548.113350771764,0.4241136907978671,0.025923350551057545,1.25419485310819e-12,11.660928643891566,0.37691837680142726,24081.78165567805,0.39350545389993385,0.027142919307800856,1.496743129190076e-12,12.07131072872647
w32_d8_q04_data_s2,32,8,4,data,2,4002,8308,True,83,0.0016541546921733446,700.6,0.3502218942799118,16428.25085103669,0.3644628860470789,0.021939083465594145,1.3323473284693544e-12,11.660928643891566,0.3615195899904222,16091.1518064395,0.37734444106263254,0.024202147465662155,1.4157390167988573e-12,12.07131072872647
w32_d8_q04_physics_s0,32,8,4,physics,0,4002,8308,True,38,1.0085599641544749e-06,419.8,1.8075799041170626,6891.450249989451,1.8028826718747837,0.09615827582447681,4.298010826275047e-11,11.660928643891566,1.8377399266720218,7015.939656891383,1.8083881419670433,0.09550323228172536,4.6249890420908357e-11,12.07131072872647
w32_d8_q04_physics_s1,32,8,4,physics,1,4002,8308,True,42,1.006862532601832e-06,448.2,2.4379839341293064,7096.85976150924,2.4086640650882174,0.09046510471352395,6.85072404613258e-11,11.660928643891566,2.4829200409328678,7295.563449065905,2.3144584562100334,0.08947562335734782,7.635932798062175e-11,12.07131072872647
w32_d8_q04_physics_s2,32,8,4,physics,2,4002,8308,True,41,9.167233092963479e-07,379.1,1.4466942624551393,7049.937172415737,1.1964208416346267,0.09226700984365493,3.4924327725085106e-11,11.660928643891566,1.7345303108609045,7382.178318791089,1.46051033492256,0.0968105133471106,3.976023582467362e-11,12.07131072872647
w32_d8_q06_data_s0,32,8,6,data,0,4002,8572,True,14,0.0029512309269080304,106.2,0.38548197948751195,21466.568965432256,0.4074387253041323,0.02517521249990884,1.2735957058955223e-12,11.660928643891566,0.3933527106596557,23544.19875125572,0.4026170592226208,0.026368237286579846,1.4540793269189676e-12,12.07131072872647
w32_d8_q06_data_s1,32,8,6,data,1,4002,8572,True,46,0.002427456680023443,406.6,0.3535912411045672,22568.99969229383,0.45828485342269687,0.02414999515280153,1.1131191441855669e-12,11.660928643891566,0.3734224109734896,24979.132419928006,0.4359425345228374,0.02456392214893882,1.2935024479131928e-12,12.07131072872647
w32_d8_q06_data_s2,32,8,6,data,2,4002,8572,True,27,0.0032570341172453326,155.6,0.3667646944016667,22063.91821067219,0.4352397431510724,0.02227493545127121,1.2773921561294113e-12,11.660928643891566,0.40023740035621813,24415.38186258626,0.42775938381112155,0.022776719626258282,1.4889624933999533e-12,12.07131072872647
w32_d8_q06_physics_s0,32,8,6,physics,0,4002,8572,True,35,9.336409166679291e-07,359.8,2.3881909072827057,2218.0929564455523,2.21593388688035,0.08630014223612315,6.543832380777775e-11,11.660928643891566,2.5486529862774887,2175.6038667900893,2.436227746585473,0.08601519111871292,6.407171686760402e-11,12.07131072872647
w32_d8_q06_physics_s1,32,8,6,physics,1,4002,8572,True,37,6.463855716586884e-07,426.5,1.6604085937714785,2245.216725960355,1.6523245172663792,0.07754642629444371,3.386921770854138e-11,11.660928643891566,1.6587583008060847,2132.8774036902737,1.684848888341861,0.08041548207815552,3.3104628177461703e-11,12.07131072872647
w32_d8_q06_physics_s2,32,8,6,physics,2,4002,8572,True,36,9.23330796858879e-07,413.5,1.1199852207681715,2275.5782755025184,1.1281754712655356,0.07135910192099248,2.041530178789684e-11,11.660928643891566,1.1775548780548206,2194.1461599038007,1.1454334424740864,0.0778805079288021,2.3260077165667783e-11,12.07131072872647
w32_d8_q08_data_s0,32,8,8,data,0,4002,8836,True,63,0.0021695690370530938,458.9,0.3749590647892376,22969.198564437385,0.4594133395627864,0.027079435188134826,1.459320551372475e-12,11.660928643891566,0.4019322058468333,23984.84266524453,0.4473090700729543,0.028403432427076547,1.3908725067609094e-12,12.07131072872647
w32_d8_q08_data_s1,32,8,8,data,1,4002,8836,True,29,0.0030632482993631846,223.4,0.35028038578843734,21959.319000804306,0.4312773247932,0.026401581045858352,1.145631192364076e-12,11.660928643891566,0.37538987848861893,24431.420624725823,0.42992470153180307,0.027261052689790677,1.3227435507932726e-12,12.07131072872647
w32_d8_q08_data_s2,32,8,8,data,2,4002,8836,True,173,0.0005818106688899274,1663.7,0.22549129657534195,12598.620519779242,0.254572485360427,0.01418082357277587,5.423024625311829e-13,11.660928643891566,0.21322639014442757,13939.536792526416,0.24620226518834443,0.015070120862364879,5.312278710232312e-13,12.07131072872647
w32_d8_q08_physics_s0,32,8,8,physics,0,4002,8836,True,38,6.77956892436647e-07,411.0,1.685779745542959,1934.6746960240464,1.8826980244526226,0.0843701490769299,3.836045800840272e-11,11.660928643891566,1.83171588700759,1911.0909208289422,2.0216109121165005,0.08334183173554915,3.867799770216363e-11,12.07131072872647
w32_d8_q08_physics_s1,32,8,8,physics,1,4002,8836,True,31,8.813777724950917e-07,402.5,1.3551202433887966,2242.519894275824,1.3457571991324357,0.08383200616013126,2.865514337152089e-11,11.660928643891566,1.3119439340272265,2090.3061152118808,1.29977124849745,0.08633510432048724,2.929946262866395e-11,12.07131072872647
w32_d8_q08_physics_s2,32,8,8,physics,2,4002,8836,True,38,7.9129688920217e-07,492.8,1.4745870842105546,1891.8384280479731,1.6706892955369312,0.07553088117963261,3.444517683880275e-11,11.660928643891566,1.6206061065702215,1885.757729074002,1.8886908889896858,0.07987472036406068,3.815181675859949e-11,12.07131072872647
w32_d8_q10_data_s0,32,8,10,data,0,4002,9100,True,22,0.0026571300564987538,143.4,0.3754866885969932,21538.638768814166,0.4619066324038634,0.02501933182197033,1.2373677578803836e-12,11.660928643891566,0.36960569724442394,23976.723529918614,0.4450140372753708,0.025183811141561707,1.3303507438775204e-12,12.07131072872647
w32_d8_q10_data_s1,32,8,10,data,1,4002,9100,True,31,0.004411286566954075,247.2,0.34387202509833514,22478.55896992343,0.4643030314070984,0.024890079352031524,1.2047488479978116e-12,11.660928643891566,0.35178705319793835,24832.595331614775,0.4584382173788981,0.025394712234477756,1.4109612022882158e-12,12.07131072872647
w32_d8_q10_data_s2,32,8,10,data,2,4002,9100,True,21,0.0030428858624664303,140.0,0.331583507524158,21750.14620699489,0.4806604526574887,0.025359659091206063,1.0663422106427058e-12,11.660928643891566,0.3447707055244109,24279.39719800094,0.461672084028919,0.02606299875355239,1.223284960131101e-12,12.07131072872647
w32_d8_q10_physics_s0,32,8,10,physics,0,4002,9100,True,43,7.240281648441208e-07,619.1,1.5610606978384567,2100.813829504024,2.00932889391936,0.08241527019220429,3.6609018748913577e-11,11.660928643891566,1.6114237301998457,2104.8528186873737,2.1798269065982367,0.08543718981439712,3.8208427636870154e-11,12.07131072872647
w32_d8_q10_physics_s1,32,8,10,physics,1,4002,9100,True,40,7.930519669714763e-07,586.2,1.651270028904861,2049.6689679536253,1.8025984372727066,0.08159045507852812,4.207745074729189e-11,11.660928643891566,1.6630095486842578,2030.5990986928382,1.7954190041278295,0.08157015810919196,4.698623378300632e-11,12.07131072872647
w32_d8_q10_physics_s2,32,8,10,physics,2,4002,9100,True,38,9.017326995423763e-07,560.8,1.7080621371974303,2002.0637059595692,2.1251107260908952,0.09079137218618444,3.6601730151175456e-11,11.660928643891566,1.6570326869072005,2024.6881559819706,2.152636682268394,0.09193965534350047,3.6926535024641496e-11,12.07131072872647
w32_d8_q12_data_s0,32,8,12,data,0,4002,9364,True,72,0.002136558216601359,529.2,0.3185538160934698,20438.828381671123,0.45703922861406454,0.019917829782736818,1.0654197907127396e-12,11.660928643891566,0.31852575526158944,22689.084554550158,0.4348869941566136,0.022427824429877008,1.1946217038914726e-12,12.07131072872647
w32_d8_q12_data_s1,32,8,12,data,1,4002,9364,True,23,0.0033109670840694412,141.9,0.3277647959123442,21758.922478792687,0.49367057387428304,0.023123447515401366,9.993452315067556e-13,11.660928643891566,0.35401161023784766,22889.916132939623,0.49449471867291095,0.02444202102492264,1.1844724034328283e-12,12.07131072872647
w32_d8_q12_data_s2,32,8,12,data,2,4002,9364,True,33,0.002325420100425635,231.9,0.39407625584431116,21602.67543880399,0.5378259126658236,0.02479293520036077,1.3891018852526324e-12,11.660928643891566,0.38997003555607535,23824.52016880894,0.5168377163613513,0.026134417634993135,1.7346813074243765e-12,12.07131072872647
w32_d8_q12_physics_s0,32,8,12,physics,0,4002,9364,True,37,7.418072778266876e-07,631.5,2.569959765661878,1953.016560011701,2.446749046200125,0.08530743142432656,7.746692201358744e-11,11.660928643891566,2.690452851673797,1845.1918595913226,2.551929804496922,0.08728485312501505,8.945452874070373e-11,12.07131072872647
w32_d8_q12_physics_s1,32,8,12,physics,1,4002,9364,True,33,9.69420142550102e-07,508.4,2.2053826242824925,2240.168266339399,2.5130161981223864,0.08504047045919047,5.847050296929431e-11,11.660928643891566,2.315349305828107,2226.420455083521,2.65578041730663,0.09102834320916416,5.56519071228899e-11,12.07131072872647
w32_d8_q12_physics_s2,32,8,12,physics,2,4002,9364,True,41,7.530147119990563e-07,664.3,1.4307005235707493,2172.8453330759353,1.522889850178899,0.0813101143014418,2.934681565900957e-11,11.660928643891566,1.4841088282224746,2009.3762521030458,1.5481759508375603,0.08794375674994748,2.7034251227165026e-11,12.07131072872647
w32_d8_q14_data_s0,32,8,14,data,0,4002,9628,True,20,0.0022617123117572,149.7,0.3881008200607994,21442.23887844598,0.48149385010276546,0.026046078740300793,1.2484193550491693e-12,11.660928643891566,0.37450136064265394,23573.707708296675,0.4695408591146588,0.02663258497313109,1.3196468728408952e-12,12.07131072872647
w32_d8_q14_data_s1,32,8,14,data,1,4002,9628,True,36,0.003409803043859283,254.2,0.40887557074142933,24837.866516155627,0.4890928392455862,0.02539377671235965,1.667098575694967e-12,11.660928643891566,0.4247869343565469,25781.780552866247,0.47253375817035703,0.025994417862138658,1.9313604120371397e-12,12.07131072872647
w32_d8_q14_data_s2,32,8,14,data,2,4002,9628,True,24,0.002995226439740679,191.3,0.35432148524705553,21791.84986328759,0.46826830698520894,0.0239968411076541,1.0841893238929586e-12,11.660928643891566,0.36215895234548157,23901.040514552536,0.45400648674842614,0.02512728978819158,1.212355064314366e-12,12.07131072872647
w32_d8_q14_physics_s0,32,8,14,physics,0,4002,9628,True,36,7.429675536825911e-07,654.1,1.5038303734087322,2091.0888745013694,1.6713156272487595,0.08823166529222434,3.271440443744422e-11,11.660928643891566,1.4882625120122839,2113.088885583955,1.811321628021112,0.0873599604624617,2.967636617391615e-11,12.07131072872647
w32_d8_q14_physics_s1,32,8,14,physics,1,4002,9628,True,35,8.700355214737481e-07,637.2,1.7251636818045313,2095.166480271877,1.8560844540225219,0.0855808034030403,3.7286120755514044e-11,11.660928643891566,1.813916236169888,1984.7822714462516,1.9224980785210732,0.08540918577508438,3.510955580279255e-11,12.07131072872647
w32_d8_q14_physics_s2,32,8,14,physics,2,4002,9628,True,40,7.443772973114413e-07,722.0,0.9902669870172076,1916.1635233683267,1.2013824935088735,0.07879582656797335,1.4826349452338575e-11,11.660928643891566,0.9812714682979617,1905.8630253525203,1.160463236356435,0.08729397357364055,1.8035278192324667e-11,12.07131072872647
w32_d8_q16_data_s0,32,8,16,data,0,4002,9892,True,34,0.0028937603351564295,261.3,0.37079881256829594,21825.508552954354,0.4704216305242426,0.025536042790919727,1.188988035118642e-12,11.660928643891566,0.36211403467234504,24591.903635796913,0.46030050752676743,0.02597313943853132,1.398170329848052e-12,12.07131072872647
w32_d8_q16_data_s1,32,8,16,data,1,4002,9892,True,21,0.0028589704336882903,184.3,0.36981014649484223,21426.570496220233,0.510204867396169,0.02259244361352275,1.1947366923821681e-12,11.660928643891566,0.3724350312950264,23537.350466764303,0.4875275865572348,0.023574611279286034,1.4476006206058901e-12,12.07131072872647
w32_d8_q16_data_s2,32,8,16,data,2,4002,9892,True,18,0.0027324304503361973,143.6,0.39073859324645355,21202.65150679222,0.4937067048302879,0.028597144560452148,1.3576319182178561e-12,11.660928643891566,0.4038808149431361,23795.61169868505,0.48765806656092536,0.02824262291630658,1.4913063407525107e-12,12.07131072872647
w32_d8_q16_physics_s0,32,8,16,physics,0,4002,9892,True,35,9.11993510038912e-07,700.6,1.3581447141888248,1967.7866228733685,1.5675660124259139,0.08339483379156548,2.4787815709000906e-11,11.660928643891566,1.3741897409653703,1930.7996278400324,1.5997689745717025,0.08245004725690452,2.680890306375246e-11,12.07131072872647
w32_d8_q16_physics_s1,32,8,16,physics,1,4002,9892,True,37,8.435124017676501e-07,524.7,1.5035507751175459,1927.7891346829483,1.6711759194443232,0.07792765056666325,3.2607475263357893e-11,11.660928643891566,1.6299231305225703,1939.5843951120353,1.7849105867213666,0.08096805973681342,3.224950693639705e-11,12.07131072872647
w32_d8_q16_physics_s2,32,8,16,physics,2,4002,9892,True,40,8.613657612605346e-07,674.0,1.7643960269797532,2209.03309724456,2.114922060187041,0.08452127872878024,3.934631015084149e-11,11.660928643891566,1.9054587147442348,2178.320957079369,2.266464325810791,0.08414342624897238,3.972853977347945e-11,12.07131072872647
w32_d8_q18_data_s0,32,8,18,data,0,4002,10156,True,20,0.00312566830044522,156.9,0.3640809247968946,21976.498789145113,0.5078550235566581,0.023357972761275936,1.2994889029842357e-12,11.660928643891566,0.37410811957983015,23929.494448543952,0.5008279213072342,0.023031557795510915,1.4124978584226065e-12,12.07131072872647
w32_d8_q18_data_s1,32,8,18,data,1,4002,10156,True,22,0.002901921518325501,138.3,0.33282060149630865,22318.528946867387,0.4669221306272675,0.024902059569134605,1.1343509906820072e-12,11.660928643891566,0.355750995197468,24405.129604050355,0.45642384294630745,0.02617390502521709,1.1974194847075575e-12,12.07131072872647
w32_d8_q18_data_s2,32,8,18,data,2,4002,10156,True,29,0.002606789340899257,210.0,0.38101178125771185,21817.311945809426,0.5038116051885311,0.026336818936444767,1.2395259025801618e-12,11.660928643891566,0.40027447147394923,24146.71031533776,0.4785008439469607,0.026588976659826062,1.5273503639597898e-12,12.07131072872647
w32_d8_q18_physics_s0,32,8,18,physics,0,4002,10156,True,42,7.5948038228987e-07,1293.1,1.4277503785038448,1964.3031687674595,1.8828034286428874,0.08099781825832847,2.7813644857539746e-11,11.660928643891566,1.48399619870343,1870.2269085690066,1.896708811273129,0.08501363923455948,2.8721648726351335e-11,12.07131072872647
w32_d8_q18_physics_s1,32,8,18,physics,1,4002,10156,True,34,7.547298573903765e-07,615.2,0.9610724690425343,2035.4936710307816,1.1739861113291283,0.08472685532950192,1.2420027917144017e-11,11.660928643891566,0.9822369048606561,1968.4131137601703,1.2335555951548116,0.08422247774369368,1.3105216371282813e-11,12.07131072872647
w32_d8_q18_physics_s2,32,8,18,physics,2,4002,10156,True,46,7.63366779317941e-07,848.4,1.2193468306378463,2161.939485842574,1.6576697725625422,0.07069055793682694,2.2380728563645863e-11,11.660928643891566,1.233379145503477,2115.4959264650656,1.7262275347107447,0.07508489194082979,2.2053358748581724e-11,12.07131072872647
w32_d8_q20_data_s0,32,8,20,data,0,4002,10420,True,171,0.0006062682434903712,1295.5,0.26008082322448445,13900.459666648378,0.3588944248917869,0.01767265670453433,6.380379127092915e-13,11.660928643891566,0.2562982811156189,15238.270965906891,0.35022199563883305,0.017820713513115767,6.665988934110516e-13,12.07131072872647
w32_d8_q20_data_s1,32,8,20,data,1,4002,10420,True,32,0.00290605334181939,197.7,0.3564448382317731,22289.460078145377,0.4792544559535372,0.02404593348385997,1.1796413177201918e-12,11.660928643891566,0.3669982079159695,24023.19409497995,0.4554089104438219,0.02568510377679023,1.3554536895319705e-12,12.07131072872647
w32_d8_q20_data_s2,32,8,20,data,2,4002,10420,True,24,0.002988081277068571,179.0,0.35132676561033804,22441.933282505914,0.4663200742101026,0.024941994094699466,9.67315943458813e-13,11.660928643891566,0.3520391440190451,24526.865336338386,0.4555488211650527,0.025590042856113437,1.1903646752875102e-12,12.07131072872647
w32_d8_q20_physics_s0,32,8,20,physics,0,4002,10420,True,37,8.936049487169199e-07,835.7,2.029071687417172,1895.5877229305133,2.468059918498966,0.08461536170004552,6.299630390112273e-11,11.660928643891566,2.028203774273152,1910.700206024134,2.3755836168106725,0.09035097084679651,6.435947058455672e-11,12.07131072872647
w32_d8_q20_physics_s1,32,8,20,physics,1,4002,10420,True,34,7.956685336868215e-07,733.0,2.004817947536708,2117.1991042114296,2.0621430430338705,0.08953762265095185,4.98333816232543e-11,11.660928643891566,2.0592403295296435,1991.2923429159573,2.195454350680137,0.09173422455104074,4.788976391476015e-11,12.07131072872647
w32_d8_q20_physics_s2,32,8,20,physics,2,4002,10420,True,42,7.305305857625858e-07,811.9,1.4372513034333068,2034.2715809764231,1.61877818585765,0.08390247087345162,3.250998789170981e-11,11.660928643891566,1.4350030419620907,2150.501239358371,1.5489260081414102,0.08453935049745898,2.942504425388581e-11,12.07131072872647
w64_d2_q02_data_s0,64,2,2,data,0,4002,5452,True,174,0.0014612166820487966,937.6,0.3255061809781523,18324.785700861827,0.21138981842483417,0.0353937945834458,1.302465082003663e-12,11.660928643891566,0.3152225465417047,18680.48905422804,0.2158617573684296,0.03817558134085186,1.487759702278408e-12,12.07131072872647
w64_d2_q02_data_s1,64,2,2,data,1,4002,5452,True,110,0.0011308014387183293,517.0,0.2795800663886183,18440.03057446557,0.18656053889642976,0.044121400232263394,1.3198888573651185e-12,11.660928643891566,0.25645512530925174,18255.828264025415,0.17249245182426876,0.04468711479480372,1.277503264096856e-12,12.07131072872647
w64_d2_q02_data_s2,64,2,2,data,2,4002,5452,True,88,0.0013921345244144589,511.7,0.4954962146825892,20088.01986153598,0.325816567912085,0.030516759362884602,2.731993975711307e-12,11.660928643891566,0.4708370926564953,20975.592747968778,0.3014012650623954,0.031379406832607315,2.6674018034478778e-12,12.07131072872647
w64_d2_q02_physics_s0,64,2,2,physics,0,4002,5452,True,46,1.4319431139298158e-06,263.8,3.300843704749923,21000.02435399897,2.1700303053648895,0.18134200189170654,1.473636520668852e-10,11.660928643891566,3.552194274519138,22499.95501231552,2.292038956909437,0.18770707403411094,1.7374011639503417e-10,12.07131072872647
w64_d2_q02_physics_s1,64,2,2,physics,1,4002,5452,True,45,1.6695616414179412e-06,254.1,2.5765806116266887,21322.342427820648,2.111155575573065,0.1850847571294983,8.261566253686879e-11,11.660928643891566,2.508495573085412,22804.886674428457,1.9816941062948956,0.19463643451009954,8.747948914128819e-11,12.07131072872647
w64_d2_q02_physics_s2,64,2,2,physics,2,4002,5452,True,49,1.3218651714301906e-06,293.3,1.4957571847276085,21028.260786410814,1.2889623932128558,0.16785333095423183,3.473856935781979e-11,11.660928643891566,1.5212063594685077,22197.626826483793,1.2198150001268004,0.1734972387783945,3.3830548327645543e-11,12.07131072872647
w64_d2_q04_data_s0,64,2,4,data,0,4002,5972,True,104,0.0011955524800804735,468.7,0.3393731988534654,16566.169003302406,0.3543346684722337,0.029601387189846784,1.4061373024670904e-12,11.660928643891566,0.33339254702724475,16718.582014977248,0.37300731683842514,0.033496555019021566,1.4384493854902636e-12,12.07131072872647
w64_d2_q04_data_s1,64,2,4,data,1,4002,5972,True,75,0.0014886611337716676,357.1,0.2689950258947249,16797.17060709586,0.3807147459649052,0.022030496237807062,8.521866712612768e-13,11.660928643891566,0.2827545332984016,17283.651171198242,0.37306141445014873,0.023520330829605862,1.063477407091824e-12,12.07131072872647
w64_d2_q04_data_s2,64,2,4,data,2,4002,5972,True,118,0.0017293782983628077,506.3,0.25467091446529366,15541.113257704443,0.27763842412653617,0.031397785888606644,6.782470736671869e-13,11.660928643891566,0.23978239627808762,16240.438304228039,0.2517195080040113,0.03202286199899956,6.43435371699712e-13,12.07131072872647
w64_d2_q04_physics_s0,64,2,4,physics,0,4002,5972,True,28,2.6632182900104526e-06,209.4,2.456473280815885,6882.907156989837,2.5898020599584015,0.18943304346120612,7.536901592803996e-11,11.660928643891566,2.487765368151429,7177.764572688639,2.6635248805604306,0.20048414909710002,8.154955806826585e-11,12.07131072872647
w64_d2_q04_physics_s1,64,2,4,physics,1,4002,5972,True,37,2.132956529520612e-06,255.7,2.2761910709157007,6943.071300621789,2.092216335920938,0.19169860289180302,6.470141896844478e-11,11.660928643891566,2.0814644607014543,7277.543516487631,2.008328007201854,0.2060144243792913,7.331298232529645e-11,12.07131072872647
w64_d2_q04_physics_s2,64,2,4,physics,2,4002,5972,True,49,1.4175189096731405e-06,439.2,1.4152777144804674,6888.46974225141,1.3876881797330043,0.16847151432126603,3.2631680960424425e-11,11.660928643891566,1.4129700559806224,6983.139676617478,1.3380276628360832,0.17578517694870344,3.293551506323777e-11,12.07131072872647
w64_d2_q06_data_s0,64,2,6,data,0,4002,6492,True,76,0.0011959371073683525,370.8,0.28145857248595973,17751.693179769158,0.32106849914015356,0.019816633590387378,9.581300133524424e-13,11.660928643891566,0.2972063342596698,17646.762327543416,0.33538783111453085,0.021247654390495196,1.0543271062696701e-12,12.07131072872647
w64_d2_q06_data_s1,64,2,6,data,1,4002,6492,True,64,0.0016265608310419809,333.5,0.3054147640071392,19662.04022483701,0.3610005186942544,0.0269827743668051,1.1331882062819405e-12,11.660928643891566,0.3174826125516006,20926.139331663613,0.3482149058555706,0.027544724217089082,1.1584335487560282e-12,12.07131072872647
w64_d2_q06_data_s2,64,2,6,data,2,4002,6492,True,83,0.0011817998382010553,432.3,0.31812251518203993,15615.914944508828,0.3064542580091256,0.027079989928180392,1.0406087120143254e-12,11.660928643891566,0.30572121580974,16012.17068853039,0.2916964429289237,0.02898922901935913,1.1155176577165962e-12,12.07131072872647
w64_d2_q06_physics_s0,64,2,6,physics,0,4002,6492,True,50,1.2822305374294738e-06,308.2,2.0502534838442443,2635.937215822445,2.0574136621291927,0.1291927596295886,5.306148907384434e-11,11.660928643891566,2.0821198571070454,2599.3057445138797,2.12765663964376,0.13600220727866263,6.056402126343573e-11,12.07131072872647
w64_d2_q06_physics_s1,64,2,6,physics,1,4002,6492,True,49,1.3971020126019374e-06,453.2,1.5368061492466722,3141.4132702418974,1.8052295521009398,0.13517719145741958,4.0357655661578124e-11,11.660928643891566,1.4019281041584009,2962.950123149073,1.6682038102331376,0.14613967932617516,4.481782287266415e-11,12.07131072872647
w64_d2_q06_physics_s2,64,2,6,physics,2,4002,6492,True,45,1.4635025179410443e-06,415.4,2.5051916527587537,2896.7468965951643,2.562817519503824,0.13956619718526186,7.438020222154014e-11,11.660928643891566,2.2828573010720277,2671.248466987593,2.360552908708513,0.14467866823298337,7.001868502627825e-11,12.07131072872647
w64_d2_q08_data_s0,64,2,8,data,0,4002,7012,True,86,0.001264198580054399,481.9,0.262680591760045,19346.809810826555,0.30964557126367254,0.02975535656596362,9.734966843191742e-13,11.660928643891566,0.26486457522345574,20287.62638938513,0.30299224380314627,0.033637723502174394,9.273469944197814e-13,12.07131072872647
w64_d2_q08_data_s1,64,2,8,data,1,4002,7012,True,93,0.001223082871894213,505.8,0.38296046684838103,18559.925407391933,0.4219284566602255,0.047841105971294096,2.017296542607031e-12,11.660928643891566,0.3787750375359167,18692.06445145836,0.4222616515754396,0.05075039288394631,2.0372084921510515e-12,12.07131072872647
w64_d2_q08_data_s2,64,2,8,data,2,4002,7012,True,69,0.0015876270670871224,441.7,0.3403516774529436,20140.663493794083,0.37612143052001556,0.02021022083353516,1.1928297608318307e-12,11.660928643891566,0.35337485694814097,20679.60485320192,0.36670287396134427,0.020637295476945428,1.273069838141833e-12,12.07131072872647
w64_d2_q08_physics_s0,64,2,8,physics,0,4002,7012,True,43,1.297442060804982e-06,430.0,2.1734652724205716,2771.917592901748,2.153018076882063,0.12230171467463025,5.2911255470629536e-11,11.660928643891566,2.3157494842394044,2609.876054197389,2.2520424108876114,0.13147994795355278,6.256961873290672e-11,12.07131072872647
w64_d2_q08_physics_s1,64,2,8,physics,1,4002,7012,True,49,1.339209664270448e-06,655.1,1.1247029339642722,2619.4630567966624,1.2586774140430634,0.1382868838240535,2.4002341339564623e-11,11.660928643891566,1.217346880657999,2550.752939037621,1.418104292774558,0.14538775228050207,2.8226046589088917e-11,12.07131072872647
w64_d2_q08_physics_s2,64,2,8,physics,2,4002,7012,True,48,1.554636487999965e-06,540.2,2.0164025147479947,2764.063895140353,2.0246925957652095,0.13933359986745275,6.602904357886831e-11,11.660928643891566,1.8988428434170146,2856.7588689586128,1.9138974884072013,0.14349850342460396,5.589323895470588e-11,12.07131072872647
w64_d2_q10_data_s0,64,2,10,data,0,4002,7532,True,27,0.0026564498969508686,193.2,0.34098341760113726,23299.460915628384,0.44294739842598574,0.028997547854250905,1.2365817683780272e-12,11.660928643891566,0.32519978250888926,25597.257955419394,0.40354240251438966,0.03126582260046555,1.3763263454268071e-12,12.07131072872647
w64_d2_q10_data_s1,64,2,10,data,1,4002,7532,True,110,0.001167765333072132,590.2,0.3089003420377878,19293.23146619748,0.3914974684136041,0.03759743721921949,1.2846173363474877e-12,11.660928643891566,0.3160583809176387,21623.710955916908,0.3911730058305807,0.03822459829870345,1.490942928587934e-12,12.07131072872647
w64_d2_q10_data_s2,64,2,10,data,2,4002,7532,True,28,0.0021032463815879063,192.7,0.39325947331647626,23967.611457827184,0.4626468390926952,0.02792060698311033,1.5947204023111662e-12,11.660928643891566,0.40243115532767604,24629.9447142445,0.4486034531510086,0.02872535611630339,1.58446284782072e-12,12.07131072872647
w64_d2_q10_physics_s0,64,2,10,physics,0,4002,7532,True,48,1.2065127867815e-06,625.9,1.6179856184947994,2547.058040748592,1.7670243483394188,0.1365739861369222,3.831896086692103e-11,11.660928643891566,1.7320471890158728,2361.320736511388,1.8050644411218286,0.14173128216416614,4.139309461168993e-11,12.07131072872647
w64_d2_q10_physics_s1,64,2,10,physics,1,4002,7532,True,52,1.4569211515403271e-06,916.1,1.3235753528295646,3038.3507942908204,1.4541588152638951,0.16648594389841348,2.5702440245944496e-11,11.660928643891566,1.2875160197722835,2750.014838803283,1.500431967361493,0.17024561807504196,2.6318313924785974e-11,12.07131072872647
w64_d2_q10_physics_s2,64,2,10,physics,2,4002,7532,True,43,1.3156147765028061e-06,560.4,1.4744800130443991,2747.1047500506825,1.7172743316153927,0.13112094898374768,3.189030622522523e-11,11.660928643891566,1.5189992403037422,2677.3888443035294,1.6370469410560418,0.13920232385693232,3.5535252285468786e-11,12.07131072872647
w64_d2_q12_data_s0,64,2,12,data,0,4002,8052,True,63,0.0012092618781229796,342.3,0.2701598091903179,24620.329166790667,0.40665916847615335,0.023083164855712546,1.0372314114615378e-12,11.660928643891566,0.2861669446332371,26367.2273139685,0.40638380883351033,0.024430029941761508,1.2335662251498827e-12,12.07131072872647
w64_d2_q12_data_s1,64,2,12,data,1,4002,8052,True,27,0.0018215814003501216,159.4,0.3162897991089153,23760.141568092276,0.4447973769963198,0.024012287459231237,1.0932106932447592e-12,11.660928643891566,0.31978910901386826,26328.4990750346,0.43354154840358206,0.024967361131694732,1.1261936858456903e-12,12.07131072872647
w64_d2_q12_data_s2,64,2,12,data,2,4002,8052,True,37,0.002530195619673057,268.9,0.3922811773833246,22419.059841073526,0.48779092162476445,0.030339216595440255,1.838322239671204e-12,11.660928643891566,0.4183400472612675,24379.093799231247,0.4794648919670408,0.031613402627486686,1.9866048608274957e-12,12.07131072872647
w64_d2_q12_physics_s0,64,2,12,physics,0,4002,8052,True,47,1.4136198270240247e-06,969.0,1.8908153755035073,2854.1190067039943,1.9777586569862393,0.13956590556344878,5.081246788594448e-11,11.660928643891566,1.7964209634975248,2770.811610178355,1.8831254020555965,0.1481179590894499,5.57140035963121e-11,12.07131072872647
w64_d2_q12_physics_s1,64,2,12,physics,1,4002,8052,True,52,1.2212957694511444e-06,927.9,1.1828560556956802,2530.1822250552013,1.1872165621298336,0.12982641191854744,2.0364505955408594e-11,11.660928643891566,1.1696345421512433,2440.9447803464905,1.1896933614963245,0.13444918416770715,2.4388656005552274e-11,12.07131072872647
w64_d2_q12_physics_s2,64,2,12,physics,2,4002,8052,True,47,1.6083419877405809e-06,657.7,0.9655378502522183,2762.937590965751,1.3092533316907407,0.13694211510588244,1.730157435911262e-11,11.660928643891566,0.8452160053344926,2619.8416739163117,1.1483077710241485,0.1437690299003619,1.5096405187941197e-11,12.07131072872647
w64_d2_q14_data_s0,64,2,14,data,0,4002,8572,True,69,0.0013816353425013393,467.3,0.27053199121951366,21778.518815744526,0.3978741267900432,0.027451278576033286,9.01323746513431e-13,11.660928643891566,0.2786228811402225,23793.29273121429,0.39686427556517856,0.028511946385777198,8.123730347005139e-13,12.07131072872647
w64_d2_q14_data_s1,64,2,14,data,1,4002,8572,True,22,0.002137048397196227,137.3,0.3153542201204118,21023.835735633907,0.4259523332166282,0.02309943349093624,1.0984061110813036e-12,11.660928643891566,0.31860574317299495,21901.728938926593,0.40324062222651946,0.023404810717785746,1.176190300477646e-12,12.07131072872647
w64_d2_q14_data_s2,64,2,14,data,2,4002,8572,True,32,0.002005817989624246,192.9,0.2648227654731272,25572.08462918653,0.3897531452707881,0.022867296870645454,7.96111822872652e-13,11.660928643891566,0.27789715089721057,28790.479366789576,0.38149042565294167,0.024205472302894077,7.707380083998411e-13,12.07131072872647
w64_d2_q14_physics_s0,64,2,14,physics,0,4002,8572,True,47,1.2345130665542047e-06,737.2,1.716032040402382,2789.244032236909,1.8721840396018763,0.13745569024002993,4.4754653118934347e-11,11.660928643891566,1.9107535019102784,2667.068746686326,1.9760235554642236,0.1425424464751822,5.4264201920811813e-11,12.07131072872647
w64_d2_q14_physics_s1,64,2,14,physics,1,4002,8572,True,53,1.360736788748256e-06,841.8,1.2296623468728285,2762.7941916652203,1.4258065028869282,0.16236159475308767,2.192468632269138e-11,11.660928643891566,1.268568604103848,2654.533014586145,1.481841410850393,0.16550505527029857,2.435307957100398e-11,12.07131072872647
w64_d2_q14_physics_s2,64,2,14,physics,2,4002,8572,True,49,2.182842580594087e-06,718.8,0.9577184661679894,3195.7233831530602,1.1369901652358294,0.16445478096367705,1.712285683395426e-11,11.660928643891566,0.954149544838856,3079.285320172885,1.0810980888038557,0.1672595982379066,1.6817359270457888e-11,12.07131072872647
w64_d2_q16_data_s0,64,2,16,data,0,4002,9092,True,90,0.0014884656411873378,821.4,0.33281649017169457,18465.966007490002,0.4013171218559819,0.027614740830312484,1.4783255732664981e-12,11.660928643891566,0.337522568543136,19591.313495115028,0.4037562610257339,0.030210727733433543,1.5934147344409565e-12,12.07131072872647
w64_d2_q16_data_s1,64,2,16,data,1,4002,9092,True,66,0.001463593124062802,494.0,0.3004281854259716,25702.053834901886,0.38719281394605787,0.018618717046850475,1.0163008639576e-12,11.660928643891566,0.32206525995093216,28973.321577529696,0.4072337424858574,0.020767451299030792,1.1553897559221643e-12,12.07131072872647
w64_d2_q16_data_s2,64,2,16,data,2,4002,9092,True,67,0.0015632528714460733,490.1,0.37466225715832024,23381.515931262136,0.43590434884777096,0.023548161137788848,1.5365949191242324e-12,11.660928643891566,0.4004927600362862,24749.12640053681,0.463153039973907,0.0252110186444391,1.5052248053100612e-12,12.07131072872647
w64_d2_q16_physics_s0,64,2,16,physics,0,4002,9092,True,46,1.4832657000321552e-06,785.8,1.005382124843024,2880.705493900615,1.2260087207351944,0.15624138968867857,1.7679061062579288e-11,11.660928643891566,0.9207295660189629,2884.214659879838,1.0923799568800519,0.16531115102857985,2.0203281016107025e-11,12.07131072872647
w64_d2_q16_physics_s1,64,2,16,physics,1,4002,9092,True,51,1.2426716616706307e-06,756.7,0.8221723223549304,2590.316044739631,0.9710631424439953,0.13137757346538478,1.313666697877082e-11,11.660928643891566,0.717306092809622,2481.821044066613,0.9001536084927153,0.14084020360582983,1.3338892440696071e-11,12.07131072872647
w64_d2_q16_physics_s2,64,2,16,physics,2,4002,9092,True,55,1.5865674401115545e-06,680.9,0.9052218536336198,2907.260721437663,1.3500654374851706,0.1625967423365235,1.6880790279935123e-11,11.660928643891566,0.992729488700661,2715.1342086279906,1.3630585615089785,0.17355467143808506,1.8436246845519272e-11,12.07131072872647
w64_d2_q18_data_s0,64,2,18,data,0,4002,9612,True,43,0.0025094905491226047,264.3,0.3733639286735979,22067.293555034103,0.45991897601993514,0.03383732980382802,1.599797028844148e-12,11.660928643891566,0.40078748536132025,24984.907410202726,0.47514862850217554,0.035738140612261854,1.825306304871509e-12,12.07131072872647
w64_d2_q18_data_s1,64,2,18,data,1,4002,9612,True,17,0.002353326239267466,99.4,0.38002655674063135,24119.28522707373,0.4569508737688466,0.02775168329621075,1.5328190625922936e-12,11.660928643891566,0.36835204186047577,25265.822209157912,0.42740644423133745,0.028405084832747174,1.4368848040495596e-12,12.07131072872647
w64_d2_q18_data_s2,64,2,18,data,2,4002,9612,True,33,0.001880761243130741,202.0,0.3393315002995223,23433.475178523568,0.40476862211491493,0.02280284528086759,1.1414486967760327e-12,11.660928643891566,0.3595125665221133,25700.854044726242,0.43312594291133877,0.024284203290557416,1.3394802394718667e-12,12.07131072872647
w64_d2_q18_physics_s0,64,2,18,physics,0,4002,9612,True,46,1.5196176977191119e-06,716.1,1.8689721935771786,2959.8152580640267,2.110300566890544,0.16316400666042258,4.6859646727986144e-11,11.660928643891566,1.9440615431634,2832.8231485227407,2.091820844157155,0.17459765617554845,5.5471506832842115e-11,12.07131072872647
w64_d2_q18_physics_s1,64,2,18,physics,1,4002,9612,True,46,1.5150885079757373e-06,869.7,0.6589850863463198,2757.0932879699044,0.898957617295082,0.15896634316139424,1.2136654281726114e-11,11.660928643891566,0.7306282097019334,2736.711266443155,0.9667586890655944,0.16882007852324354,1.4791608373647317e-11,12.07131072872647
w64_d2_q18_physics_s2,64,2,18,physics,2,4002,9612,True,54,1.6355234776881672e-06,973.0,1.2457602376514387,2918.5503198236315,1.319862514648662,0.16823924982068034,2.2100440368388384e-11,11.660928643891566,1.2926879983261585,2806.1558468188637,1.3096380518717865,0.16725596954356853,2.411333266053934e-11,12.07131072872647
w64_d2_q20_data_s0,64,2,20,data,0,4002,10132,True,36,0.0021235533782160954,237.7,0.41965119606857115,22464.28962510877,0.5149301393885253,0.03387714434706715,1.6722069276640806e-12,11.660928643891566,0.4244908690793636,25080.19443115998,0.48483615107386413,0.035666285161532904,1.949937667151528e-12,12.07131072872647
w64_d2_q20_data_s1,64,2,20,data,1,4002,10132,True,34,0.001961370553800442,313.5,0.2776160230837377,22408.638288456314,0.4288496618727322,0.020076759275261535,7.886111848284272e-13,11.660928643891566,0.284203567595398,26217.953340186126,0.40745642465722653,0.02002598569249628,7.413717427576027e-13,12.07131072872647
w64_d2_q20_data_s2,64,2,20,data,2,4002,10132,True,36,0.0019809773333799084,349.1,0.3461689568808879,22362.0247667033,0.435490361574864,0.023808600990424256,1.1005329362228794e-12,11.660928643891566,0.3432396319489328,24778.363416095264,0.42081703501040124,0.023482345749954725,1.1283964618582455e-12,12.07131072872647
w64_d2_q20_physics_s0,64,2,20,physics,0,4002,10132,True,47,1.6705145867034673e-06,922.1,0.980765157805763,3056.590266773079,1.321279514556295,0.16018099616988724,1.881408840117132e-11,11.660928643891566,1.0385974761888406,3094.976631273412,1.2809381617557847,0.16932844209884262,1.9678862317750743e-11,12.07131072872647
w64_d2_q20_physics_s1,64,2,20,physics,1,4002,10132,True,43,1.5361468314469705e-06,1046.2,0.8160739201059641,2723.265407150008,1.0874051153564324,0.14644719525797306,1.7837949920586082e-11,11.660928643891566,0.8481333321270768,2607.608334557599,1.2415225261648288,0.15725667972141255,1.8402768320001057e-11,12.07131072872647
w64_d2_q20_physics_s2,64,2,20,physics,2,4002,10132,True,45,1.9605879412357798e-06,871.1,1.4007933238957548,3232.369276399148,1.5382392426985803,0.17096564680572218,2.8561375520176165e-11,11.660928643891566,1.3117732714533759,3176.8829254510115,1.4401221902957673,0.17414961295037987,3.1503876536928224e-11,12.07131072872647
w64_d4_q02_data_s0,64,4,2,data,0,4002,13772,True,199,0.00037490213278929284,1331.8,0.2604053063279821,10533.93881843492,0.16370671477261567,0.01730314559543998,7.725859789439809e-13,11.660928643891566,0.25828394534244126,10548.069331617819,0.15816380509647843,0.017883845657892458,7.185214976157736e-13,12.07131072872647
w64_d4_q02_data_s1,64,4,2,data,1,4002,13772,True,172,0.00013813564059099543,1524.2,0.19639322544406923,8269.247137359538,0.13196324405662097,0.014438107965036515,4.4510962657264316e-13,11.660928643891566,0.19667480837881612,8417.935044967953,0.13284084516129724,0.015298973802788801,4.4985649290553065e-13,12.07131072872647
w64_d4_q02_data_s2,64,4,2,data,2,4002,13772,True,170,0.00016146420093888228,1415.2,0.19288307802423077,8494.803739758225,0.1366865787169047,0.013450106241069681,4.2986034117269004e-13,11.660928643891566,0.17910305112422975,9068.129145293344,0.12877015819867665,0.014296625778030536,4.0880653909758714e-13,12.07131072872647
w64_d4_q02_physics_s0,64,4,2,physics,0,4002,13772,True,32,1.0382931813582424e-06,334.9,1.1301138873847094,21449.911200613973,0.9013424848660634,0.11688922209845964,2.4520853846911656e-11,11.660928643891566,1.0359914129068892,23152.8735352328,0.8505747362725913,0.12431135228744596,2.1189243786668698e-11,12.07131072872647
w64_d4_q02_physics_s1,64,4,2,physics,1,4002,13772,True,35,8.235910626663888e-07,280.2,1.4105507783952476,20996.159465878394,1.076147391730231,0.12457634508072826,2.7753031692607222e-11,11.660928643891566,1.3709023198131831,22366.325235293192,1.0765573044153598,0.12892505920111472,2.9241180080405856e-11,12.07131072872647
w64_d4_q02_physics_s2,64,4,2,physics,2,4002,13772,True,37,8.915686679237651e-07,406.2,2.0689745932749304,20870.299270212374,1.5485326840551927,0.11126818358117574,5.902014782301845e-11,11.660928643891566,2.1905703846201163,22600.14923918907,1.631275491789097,0.11868339232970655,6.424488570121018e-11,12.07131072872647
w64_d4_q04_data_s0,64,4,4,data,0,4002,14292,True,97,0.0005727767720798507,760.5,0.23177170362487232,12295.444937814891,0.23218489997134384,0.015909785552457867,5.685891869695666e-13,11.660928643891566,0.22624310518892798,13144.048912573344,0.22105934999672172,0.017844548097315296,5.535482285025852e-13,12.07131072872647
w64_d4_q04_data_s1,64,4,4,data,1,4002,14292,True,203,0.00016985717070096282,1860.5,0.19193035664955005,8716.197974052295,0.1758682916346288,0.015127916993753696,4.4643562056886663e-13,11.660928643891566,0.1869476553437721,8551.830561469724,0.1715446187517955,0.016282561355746017,4.2674178663736066e-13,12.07131072872647
w64_d4_q04_data_s2,64,4,4,data,2,4002,14292,True,171,0.00014373488480946427,1487.1,0.15652710872871012,8611.744046669695,0.14600929866048773,0.014001957148248277,3.488746803330542e-13,11.660928643891566,0.16775724855122576,8354.266409162055,0.14861554720368986,0.014384468631389868,3.1160886195459775e-13,12.07131072872647
w64_d4_q04_physics_s0,64,4,4,physics,0,4002,14292,True,36,8.789946819374712e-07,525.4,1.0278729040464896,6821.065670470442,0.9002417960104481,0.12705665897899676,1.6612559192976557e-11,11.660928643891566,1.0120108635760516,7166.883272179785,0.9031524142812941,0.13491726085632094,1.8697732964575545e-11,12.07131072872647
w64_d4_q04_physics_s1,64,4,4,physics,1,4002,14292,True,38,8.941680310433619e-07,447.1,0.9519579166905601,6652.303865690622,0.8877346454241319,0.13639920191373978,1.5755528682142954e-11,11.660928643891566,0.9129369694811373,6886.735360604209,0.8828754867060695,0.14449766498574826,1.823073772784641e-11,12.07131072872647
w64_d4_q04_physics_s2,64,4,4,physics,2,4002,14292,True,37,1.07115504933727e-06,293.1,1.1682092792284493,6830.341766929539,1.083411523311817,0.12884560115121554,2.1972886137272472e-11,11.660928643891566,1.1313272159938492,7249.874011924807,1.0552142814646004,0.13532369552888418,1.8966694904742335e-11,12.07131072872647
w64_d4_q06_data_s0,64,4,6,data,0,4002,14812,True,186,0.00010541370921038485,1367.7,0.14843345252302242,8526.476385850145,0.1497980647497954,0.010572017883337531,2.817371096712448e-13,11.660928643891566,0.14151609614287963,9515.06989503159,0.14244106327510053,0.011301669458712443,2.6113531659523425e-13,12.07131072872647
w64_d4_q06_data_s1,64,4,6,data,1,4002,14812,True,91,0.0009358668810884502,823.4,0.28041447797022556,16842.750336299676,0.32351384795958893,0.024517778842072374,8.413929943912837e-13,11.660928643891566,0.2742206486630039,17903.014103618203,0.3218056701967953,0.02606899591149625,8.080429492102964e-13,12.07131072872647
w64_d4_q06_data_s2,64,4,6,data,2,4002,14812,True,113,0.0005691332996886067,986.5,0.25155047576141953,13760.45331237257,0.27543029214527337,0.01802113161183949,7.152340321251146e-13,11.660928643891566,0.255031134010153,14263.06924460533,0.26665251399293766,0.018626673298959007,6.990623705540496e-13,12.07131072872647
w64_d4_q06_physics_s0,64,4,6,physics,0,4002,14812,True,33,8.020135702787204e-07,391.5,0.6588171937949028,2131.372038115539,0.7574806995691574,0.10035478224459243,1.0311186414379998e-11,11.660928643891566,0.6893403054970548,2087.044884376867,0.7887839295364074,0.1083935784648958,1.2331360543093361e-11,12.07131072872647
w64_d4_q06_physics_s1,64,4,6,physics,1,4002,14812,True,36,9.10418295253765e-07,557.8,2.0131483539671535,2097.6527835810334,2.0739362682178353,0.10536630415025963,4.5360475246056695e-11,11.660928643891566,1.9078100824287958,2015.4333117270792,2.0013570305223993,0.10793384326188843,4.5766324418706326e-11,12.07131072872647
w64_d4_q06_physics_s2,64,4,6,physics,2,4002,14812,True,39,8.298058316487134e-07,504.3,0.7859436061607994,2076.534142790463,0.9758590416737434,0.0968654936435269,1.1656912292936795e-11,11.660928643891566,0.7837913790957884,2054.7922050476673,0.9846449475787722,0.1006961096247154,1.2769163339706892e-11,12.07131072872647
w64_d4_q08_data_s0,64,4,8,data,0,4002,15332,True,62,0.0018312382732147158,574.7,0.33786495816912065,19077.419923792797,0.39274822560741995,0.023946136490649028,1.0347015529059559e-12,11.660928643891566,0.36401295537435985,19507.12805159299,0.4128161765027949,0.025022741347349373,1.153349647427301e-12,12.07131072872647
w64_d4_q08_data_s1,64,4,8,data,1,4002,15332,True,76,0.0003682568080969948,711.1,0.2103268654849444,13090.178236839534,0.21676742742471333,0.014443811504311066,5.228282617991402e-13,11.660928643891566,0.2091037676201779,13640.102585047094,0.206133824178778,0.015153127557896058,4.887810025977171e-13,12.07131072872647
w64_d4_q08_data_s2,64,4,8,data,2,4002,15332,True,124,0.0005079064042969042,1246.7,0.24871211971344565,12605.051284062709,0.27081340164869516,0.017416344581709653,7.678631191034178e-13,11.660928643891566,0.24865916974192714,12796.792166516325,0.2649796065128385,0.01766225174484881,7.344949876492635e-13,12.07131072872647
w64_d4_q08_physics_s0,64,4,8,physics,0,4002,15332,True,35,9.168306887357196e-07,555.0,1.9777934304761047,2086.8274576962112,2.0772647376929854,0.09762950978011581,4.2919516638102056e-11,11.660928643891566,1.86361780571076,2082.5105406875964,1.9508420791538583,0.10238602368386855,4.7568811092535385e-11,12.07131072872647
w64_d4_q08_physics_s1,64,4,8,physics,1,4002,15332,True,40,6.957843819772381e-07,763.5,1.2947654650190543,2103.3796670532392,1.278763681902717,0.09727483774795917,2.653763832515953e-11,11.660928643891566,1.2922435325322112,2008.174601716824,1.253454550862898,0.09945534702520809,2.5592531794502525e-11,12.07131072872647
w64_d4_q08_physics_s2,64,4,8,physics,2,4002,15332,True,35,9.23776341742383e-07,449.3,1.9212181809091788,2080.0736876561955,2.4506339331509253,0.10176491589022635,3.865592022322584e-11,11.660928643891566,1.9829674077420645,2022.532042476995,2.4988876845952745,0.10207524004408539,4.6239933559317526e-11,12.07131072872647
w64_d4_q10_data_s0,64,4,10,data,0,4002,15852,True,144,0.0006735116866044226,1607.8,0.2511687085018366,14444.726580938379,0.3020660863557456,0.020190745438880553,6.720310085561156e-13,11.660928643891566,0.25081933582038474,14530.835634191115,0.28720007776428247,0.02033029563656974,6.844701859607006e-13,12.07131072872647
w64_d4_q10_data_s1,64,4,10,data,1,4002,15852,True,119,0.0002692897038648941,1524.1,0.20842143059240925,9729.368188867,0.22462330202621672,0.016528330537297214,4.895107793129933e-13,11.660928643891566,0.2154442712445359,9928.653923625827,0.22980889644941271,0.017199873327190807,5.114444362794658e-13,12.07131072872647
w64_d4_q10_data_s2,64,4,10,data,2,4002,15852,True,155,0.0004753728393702005,1471.8,0.20522646847354054,12056.850981526655,0.22527606491351548,0.017121842740012473,4.875038157631814e-13,11.660928643891566,0.21332236616622424,13061.70951659232,0.22362658343411113,0.01800622634340332,5.300649810011742e-13,12.07131072872647
w64_d4_q10_physics_s0,64,4,10,physics,0,4002,15852,True,37,6.878357013461879e-07,776.3,1.1250505340605343,1993.0913825522848,1.419966527485883,0.0926876381876357,1.9302563570628798e-11,11.660928643891566,1.1297939505183763,1867.4772972788787,1.3810109958924954,0.0954927061546484,1.9387807195335837e-11,12.07131072872647
w64_d4_q10_physics_s1,64,4,10,physics,1,4002,15852,True,39,6.993245195690418e-07,651.7,2.2646214832775513,1904.1759027114188,2.487649065070485,0.10043578914206708,7.365815775619373e-11,11.660928643891566,2.230422524029052,1855.3329330362599,2.554730562664531,0.10225361882201627,7.938856421048594e-11,12.07131072872647
w64_d4_q10_physics_s2,64,4,10,physics,2,4002,15852,True,40,8.290339965511832e-07,566.7,1.4903990227708164,1940.124997311638,1.8397963018497165,0.09761961483377521,2.7483881669238465e-11,11.660928643891566,1.54228885380725,1942.7410583593557,1.8436468081688417,0.1000125534552556,3.273175251063316e-11,12.07131072872647
w64_d4_q12_data_s0,64,4,12,data,0,4002,16372,True,53,0.0009555416852764425,544.2,0.27162764121868577,16708.34865736303,0.30242961849324956,0.019089821003147323,8.1290196496402e-13,11.660928643891566,0.2912271034816172,18634.96606065601,0.3170828066956233,0.02085386048599619,8.584818337934054e-13,12.07131072872647
w64_d4_q12_data_s1,64,4,12,data,1,4002,16372,True,94,0.0009647689810903472,1121.9,0.2817921674278523,15505.258344291964,0.33727689481111156,0.018626745483436152,9.225069324047832e-13,11.660928643891566,0.27299423068427586,15597.805691696241,0.3289680529974248,0.020913098268612873,9.030004727855718e-13,12.07131072872647
w64_d4_q12_data_s2,64,4,12,data,2,4002,16372,True,139,0.0005186813909725956,1710.7,0.24764605753802016,12790.364031584957,0.26429686372608785,0.017138329764167237,6.989279338916827e-13,11.660928643891566,0.2369848866763391,13307.022933926673,0.2529361685645881,0.01703889644785804,6.04927232022902e-13,12.07131072872647
w64_d4_q12_physics_s0,64,4,12,physics,0,4002,16372,True,35,6.973984491081977e-07,551.5,0.6312069779852436,1997.79129766529,1.16522619705961,0.09909002133166867,1.003670260769006e-11,11.660928643891566,0.6236537547579246,1806.7433820700926,1.1737640658679993,0.10128736441309327,1.1667993069698182e-11,12.07131072872647
w64_d4_q12_physics_s1,64,4,12,physics,1,4002,16372,True,34,8.591468191408598e-07,528.3,1.8562685972369763,2172.0172387691928,1.9281503305261793,0.1023768521617504,5.0270462753728654e-11,11.660928643891566,1.8312914391174218,2120.411245870407,1.9362894586478774,0.10576755711202285,5.2345810786711864e-11,12.07131072872647
w64_d4_q12_physics_s2,64,4,12,physics,2,4002,16372,True,37,9.108017476264419e-07,551.8,1.2425210814797083,1974.9932642966633,1.5794309557193298,0.10710521902729861,2.4589104318482998e-11,11.660928643891566,1.3099691811984115,2025.612031311955,1.6497899577814223,0.10998722044118156,2.4516856284698145e-11,12.07131072872647
w64_d4_q14_data_s0,64,4,14,data,0,4002,16892,True,139,0.0004086914714717326,1300.9,0.24781282196784105,14842.859320395397,0.2609958261152734,0.016928361487478227,6.053266118176491e-13,11.660928643891566,0.24393815621337467,16218.537879986447,0.25616542904316475,0.01651603896069692,5.98322289474596e-13,12.07131072872647
w64_d4_q14_data_s1,64,4,14,data,1,4002,16892,True,89,0.0005265293666769816,1111.0,0.2162132038954212,11870.821149441186,0.23229016915138345,0.015321829948990173,5.449607310281243e-13,11.660928643891566,0.208320566322584,12283.481011081814,0.22335449700250365,0.016068329019108124,4.765740546896715e-13,12.07131072872647
w64_d4_q14_data_s2,64,4,14,data,2,4002,16892,True,176,0.0007217113632728084,2319.0,0.2684719692851445,15492.113565296911,0.3444447252007876,0.020770552182282354,8.379339401054607e-13,11.660928643891566,0.26227713597393176,16115.55410711286,0.31294242191393096,0.02031738344876466,7.870778064089252e-13,12.07131072872647
w64_d4_q14_physics_s0,64,4,14,physics,0,4002,16892,True,36,7.873672770049267e-07,706.8,1.7939349897666546,2066.61961826939,1.878901567792468,0.1047084499797412,4.191440508297632e-11,11.660928643891566,1.7265970204505265,2102.29450579142,1.7620223283927317,0.10798980795178442,4.218920170103581e-11,12.07131072872647
w64_d4_q14_physics_s1,64,4,14,physics,1,4002,16892,True,37,8.675605039537848e-07,596.9,2.6807051559085693,2105.7276198597306,2.7323072086176126,0.09257449701934387,7.589620921927441e-11,11.660928643891566,2.679765078639207,2014.3724117731092,2.7396512801800554,0.0986198688662232,7.037473766249451e-11,12.07131072872647
w64_d4_q14_physics_s2,64,4,14,physics,2,4002,16892,True,39,7.657852110334868e-07,693.4,1.2710872002017481,2083.8506991068266,1.3819144471085565,0.10272596875402287,2.0503456106384505e-11,11.660928643891566,1.356710795406002,2093.553897264403,1.4876569923529814,0.10448195441173824,2.6336410068717572e-11,12.07131072872647
w64_d4_q16_data_s0,64,4,16,data,0,4002,17412,True,146,0.0004731402561486418,1522.9,0.23836010026911936,12777.97105796334,0.27360283736044266,0.016479887156979622,6.323083675302433e-13,11.660928643891566,0.22935475328722532,13069.096290875881,0.26548326868791605,0.017468138830606383,5.635248043999046e-13,12.07131072872647
w64_d4_q16_data_s1,64,4,16,data,1,4002,17412,True,126,0.00017859207950867077,1219.1,0.18650742754644511,8190.327026825696,0.20171175356686888,0.013250456255338439,4.1922171943818003e-13,11.660928643891566,0.19456727181932365,8652.681921593045,0.20185673052708353,0.014308696222094935,3.9290544173980746e-13,12.07131072872647
w64_d4_q16_data_s2,64,4,16,data,2,4002,17412,True,153,0.001134696208305127,2029.8,0.2385689950443748,15137.635665425929,0.290819138427878,0.023034813825246678,6.794188738222765e-13,11.660928643891566,0.23506113599580658,16110.828799315725,0.287519114998247,0.02320001630320284,5.831840968797544e-13,12.07131072872647
w64_d4_q16_physics_s0,64,4,16,physics,0,4002,17412,True,35,8.952705531929717e-07,854.1,0.8990563256077166,2081.905224673885,1.0117980378936409,0.1070851560339009,1.5446372958368913e-11,11.660928643891566,0.9152447199625158,2090.9461959493774,1.010985075993176,0.11312587551847234,1.6166278286246572e-11,12.07131072872647
w64_d4_q16_physics_s1,64,4,16,physics,1,4002,17412,True,37,8.15166544910105e-07,771.3,0.9132254687145291,2097.795689359594,1.2640835024786412,0.10805118086747341,1.4528893817149075e-11,11.660928643891566,0.939288535548144,2051.1689824263713,1.2988218575955557,0.10813462799476445,1.665334422823508e-11,12.07131072872647
w64_d4_q16_physics_s2,64,4,16,physics,2,4002,17412,True,40,7.234366071548045e-07,549.5,0.892655184600244,1910.1676393597643,1.208793941954056,0.10173701063029283,1.4128100631449345e-11,11.660928643891566,0.9341872462655942,1805.375507188302,1.2076433093497485,0.10353669435869163,1.522415790855394e-11,12.07131072872647
w64_d4_q18_data_s0,64,4,18,data,0,4002,17932,True,126,0.0005179101383447715,1362.5,0.2535006209782864,12784.764284215069,0.27885511156000575,0.017562561158076216,7.084313903829967e-13,11.660928643891566,0.24306094129755706,13902.956809370933,0.27910851622436894,0.018850748301494497,6.360117855244234e-13,12.07131072872647
w64_d4_q18_data_s1,64,4,18,data,1,4002,17932,True,111,0.00029804363418546505,1219.5,0.20412824459370427,10331.519953392715,0.22621097738895202,0.014863213072595534,4.005786295977391e-13,11.660928643891566,0.1995863087600469,11263.379783097538,0.2164129964796757,0.015883861631671783,3.853966726666068e-13,12.07131072872647
w64_d4_q18_data_s2,64,4,18,data,2,4002,17932,True,109,0.0004873965023928527,1190.1,0.19106523236545048,11233.983520724278,0.2035433495919392,0.01633022255280881,4.4248705230305326e-13,11.660928643891566,0.1982534995477181,12377.21537866962,0.20439923437720608,0.016443883878392018,4.411672244351397e-13,12.07131072872647
w64_d4_q18_physics_s0,64,4,18,physics,0,4002,17932,True,36,7.310804090757853e-07,789.9,2.488361663267824,1913.4063333915965,2.631055611885813,0.10207203422273048,7.586927517712705e-11,11.660928643891566,2.4283730486587274,1893.9833602803417,2.5238627574415418,0.10470010612638816,7.81055289995139e-11,12.07131072872647
w64_d4_q18_physics_s1,64,4,18,physics,1,4002,17932,True,39,7.657569968396997e-07,866.8,0.8424986503925425,1941.0471254400904,0.9895470532796935,0.11006313334207575,1.424652364307987e-11,11.660928643891566,0.9721046791852928,2023.0108879078741,1.0173466665719388,0.11677924167204784,1.601200065407173e-11,12.07131072872647
w64_d4_q18_physics_s2,64,4,18,physics,2,4002,17932,True,37,7.646462358220949e-07,848.6,1.50412532391897,2003.9170146625256,1.69372098790177,0.09127521545806636,3.3026956187732784e-11,11.660928643891566,1.5549140741200063,2101.631165742069,1.6921338703212996,0.09518998736470809,3.994255767845999e-11,12.07131072872647
w64_d4_q20_data_s0,64,4,20,data,0,4002,18452,True,242,0.0005443150729787422,3248.7,0.23163456179986497,14310.322067013829,0.2493659154296779,0.01899573612971616,6.729326685024546e-13,11.660928643891566,0.23889895911111125,14645.52002593634,0.2660125326627849,0.020670325260823894,7.266283463170086e-13,12.07131072872647
w64_d4_q20_data_s1,64,4,20,data,1,4002,18452,True,137,0.0004913535861760929,1469.1,0.1958904075962664,12906.551946240032,0.2529162705826593,0.017361655056502556,4.708790215397516e-13,11.660928643891566,0.19832849575074363,12930.363552896422,0.23304339384111472,0.018074082701264108,4.3332424387875875e-13,12.07131072872647
w64_d4_q20_data_s2,64,4,20,data,2,4002,18452,True,158,0.00033497291311942475,2190.5,0.21302423311198027,10217.890244301143,0.23641480584046803,0.014123049636723117,4.44145735527163e-13,11.660928643891566,0.20358932333408575,10241.077793310173,0.22721740062081608,0.015468067528227186,4.560308000279893e-13,12.07131072872647
w64_d4_q20_physics_s0,64,4,20,physics,0,4002,18452,True,41,6.947291746474424e-07,994.0,1.1723801971470493,1981.4789381387345,1.472819839939632,0.09433283514649962,2.119998872703367e-11,11.660928643891566,1.115070161816334,1904.840273011515,1.340546498539652,0.0975576619209424,2.1746946795922417e-11,12.07131072872647
w64_d4_q20_physics_s1,64,4,20,physics,1,4002,18452,True,35,7.619564245479591e-07,802.7,1.4976248344780174,2016.453305519151,1.9145579020687364,0.09684433661143535,2.8213701436958678e-11,11.660928643891566,1.438138666472355,1966.892933827184,1.8144278055984842,0.0999040446274897,3.019023918514956e-11,12.07131072872647
w64_d4_q20_physics_s2,64,4,20,physics,2,4002,18452,True,33,8.698164582003625e-07,762.4,0.9546005161098492,2174.0708460240994,1.4350776880007743,0.1100959516748129,1.778692695115963e-11,11.660928643891566,0.960012977806457,2141.1730300959566,1.4126357935193568,0.11578355741326263,2.0374032960403153e-11,12.07131072872647
w64_d8_q02_data_s0,64,8,2,data,0,4002,30412,True,117,0.0011042313849463621,1545.5,0.2796159421905031,15737.793039624743,0.2145171378060695,0.018094944083738018,8.775635325833333e-13,11.660928643891566,0.2831969679490953,16840.069910595797,0.21071840728836833,0.019296822904260602,7.709015779118856e-13,12.07131072872647
w64_d8_q02_data_s1,64,8,2,data,1,4002,30412,True,227,0.00011188472233690711,4002.6,0.12025696231177108,7311.73122956351,0.07865269300566524,0.010250555625687663,2.0030976838617228e-13,11.660928643891566,0.10657540988745495,7784.226314852079,0.0710760854332193,0.01078001501587933,1.5594970505976143e-13,12.07131072872647
w64_d8_q02_data_s2,64,8,2,data,2,4002,30412,True,189,0.0005763991299036591,2982.5,0.24676745901786035,10635.685602138072,0.1746425658593065,0.01540741940422169,6.468246652765896e-13,11.660928643891566,0.23708486668283513,11216.596823799231,0.16405496461757707,0.01681064659608128,6.634856551655118e-13,12.07131072872647
w64_d8_q02_physics_s0,64,8,2,physics,0,4002,30412,True,36,8.345723464800674e-07,676.2,1.3967397813274829,21114.170320573387,1.0709220339037984,0.09627763188927059,3.293102059459971e-11,11.660928643891566,1.5123714059228632,22767.743439607868,1.1323907348170792,0.09766716781354524,3.015286730078157e-11,12.07131072872647
w64_d8_q02_physics_s1,64,8,2,physics,1,4002,30412,True,33,7.311651939325088e-07,616.7,1.3794211651827482,20816.941258652445,1.1371387853529313,0.08901447636059603,2.4950052660334528e-11,11.660928643891566,1.3004212605665089,22343.64578009118,1.126049990409328,0.09426640956035695,2.4514053562832505e-11,12.07131072872647
w64_d8_q02_physics_s2,64,8,2,physics,2,4002,30412,True,42,6.184004986100952e-07,806.2,1.6206879905951155,21454.31903685812,1.0127514023849926,0.08665239724325424,3.7975418258839825e-11,11.660928643891566,1.8296517047273753,22901.037350941402,1.0771324513996205,0.08560829551723659,4.344803646348789e-11,12.07131072872647
w64_d8_q04_data_s0,64,8,4,data,0,4002,30932,True,138,0.0009582870160880264,2315.0,0.25035196565070805,16503.17417688211,0.2531647038210849,0.02028451835864309,6.108085203290115e-13,11.660928643891566,0.23280084471366536,17422.16930631024,0.23679152741351572,0.021718723898611625,5.816130915790892e-13,12.07131072872647
w64_d8_q04_data_s1,64,8,4,data,1,4002,30932,True,102,0.0016902246724843505,1678.2,0.31291529577970323,19281.659928284265,0.356963567440971,0.023660619798054894,8.998045364482983e-13,11.660928643891566,0.3189284592579611,21495.563532731907,0.3505543960109492,0.02555103561321416,8.547218937908992e-13,12.07131072872647
w64_d8_q04_data_s2,64,8,4,data,2,4002,30932,True,169,0.0011873068529776913,2635.8,0.3024645262996728,15403.53767942927,0.32995564290771995,0.020731106343263583,8.354775217927634e-13,11.660928643891566,0.2950050597938514,15726.014384095386,0.3170825622476059,0.021957761301813764,8.39460470234004e-13,12.07131072872647
w64_d8_q04_physics_s0,64,8,4,physics,0,4002,30932,True,32,7.43468763466152e-07,867.2,2.6094984485638406,6630.828582075722,2.0663824415692034,0.0982108231911399,7.622000480291948e-11,11.660928643891566,2.5226904621149515,6879.812225522778,2.010897151777158,0.09945380972760788,6.967535499789586e-11,12.07131072872647
w64_d8_q04_physics_s1,64,8,4,physics,1,4002,30932,True,35,6.711558754866021e-07,711.8,1.3348596623501408,6801.242051584731,2.0150243596290807,0.0834815641933117,2.7441639047212148e-11,11.660928643891566,1.3755958692911463,7223.711289468609,2.0952418139188467,0.09212960223144509,2.6166786354493477e-11,12.07131072872647
w64_d8_q04_physics_s2,64,8,4,physics,2,4002,30932,True,39,6.591688952766054e-07,812.2,2.3700849223722287,6495.972379668191,1.9795144288039523,0.09087221604999092,6.083512894787995e-11,11.660928643891566,2.5383308102568947,6927.027540300905,2.094247389331727,0.0990209625112981,5.905862523180769e-11,12.07131072872647
w64_d8_q06_data_s0,64,8,6,data,0,4002,31452,True,53,0.004008770361134766,888.9,0.33691126506596447,19531.81443205538,0.44355955293440275,0.029089055407285902,1.32283616412877e-12,11.660928643891566,0.36414300753762063,21504.086630290643,0.45121172535278475,0.02913004817696463,1.6989111118226115e-12,12.07131072872647
w64_d8_q06_data_s1,64,8,6,data,1,4002,31452,True,144,0.0007192075486303179,2708.8,0.23484043066446247,13290.854953657405,0.2595291754232676,0.01872868221423213,6.27562413335905e-13,11.660928643891566,0.2266963395811672,13682.809902319485,0.2507229458359461,0.01872314926490773,5.854624354096974e-13,12.07131072872647
w64_d8_q06_data_s2,64,8,6,data,2,4002,31452,True,41,0.004156885179350277,770.6,0.3499583362440717,22553.663566613366,0.40545115169265955,0.025340111708423325,1.2437058306996987e-12,11.660928643891566,0.3597030784199262,24484.672086882303,0.3931200455298267,0.02529164865809619,1.2554733368597416e-12,12.07131072872647
w64_d8_q06_physics_s0,64,8,6,physics,0,4002,31452,True,33,7.414767089685714e-07,720.4,1.5694888770809712,2029.30088626575,1.5861123884022277,0.07542876224750361,3.414405221117211e-11,11.660928643891566,1.5788826176219573,2029.208035840724,1.6004852291104932,0.07903700275670861,3.2439865786278896e-11,12.07131072872647
w64_d8_q06_physics_s1,64,8,6,physics,1,4002,31452,True,33,6.926502219689951e-07,843.2,2.0721720556657885,1957.801335182367,1.732514161005838,0.08062934352713082,5.241182866086316e-11,11.660928643891566,2.114872763797848,1881.4655237875843,1.8251250586489576,0.0810066320023773,5.2992637203970945e-11,12.07131072872647
w64_d8_q06_physics_s2,64,8,6,physics,2,4002,31452,True,38,7.730593261063135e-07,605.2,1.883239923170521,2056.0915144687756,2.354483320646139,0.06909070776841056,4.3428478274296205e-11,11.660928643891566,1.8538824908134188,2014.7154686367837,2.0902843472470067,0.07513770774447703,4.4564658893559504e-11,12.07131072872647
w64_d8_q08_data_s0,64,8,8,data,0,4002,31972,True,38,0.004112916829775489,592.1,0.34946610406905165,22347.886663900397,0.475598928133536,0.026967427500183827,1.2005949987269148e-12,11.660928643891566,0.3435562306002282,24859.029551547785,0.4500551536992248,0.029492388908428785,1.4085685351312733e-12,12.07131072872647
w64_d8_q08_data_s1,64,8,8,data,1,4002,31972,True,128,0.0009260363091595995,2037.0,0.3161958759054784,16200.835311272154,0.3725887819143736,0.02216857922726287,1.0645875300837495e-12,11.660928643891566,0.3259905937511576,16950.680594707057,0.36403101405824145,0.02174734436872182,1.170277348707832e-12,12.07131072872647
w64_d8_q08_data_s2,64,8,8,data,2,4002,31972,True,196,0.000561472118851513,3120.3,0.2362164656801724,13238.490109379134,0.2482416956581801,0.015211524664486553,6.17465043427644e-13,11.660928643891566,0.2308877153893718,13143.617276749303,0.2448795538860793,0.01597017629268241,6.751370338472124e-13,12.07131072872647
w64_d8_q08_physics_s0,64,8,8,physics,0,4002,31972,True,33,6.298645840801943e-07,708.8,1.037041285663065,1843.6337332953779,1.4263233732734193,0.07896040710922078,1.5920294264261316e-11,11.660928643891566,1.116798640097727,1727.4070153394382,1.4444988920310209,0.08149038612444842,1.922462678427478e-11,12.07131072872647
w64_d8_q08_physics_s1,64,8,8,physics,1,4002,31972,True,31,6.383980380412514e-07,646.7,1.0063390572412345,1740.1060117620425,1.0232558747098608,0.07771340169429077,1.7326169880884052e-11,11.660928643891566,1.0250715724975379,1747.2742897918574,1.0155724995684068,0.08218582319899533,1.8095112044317323e-11,12.07131072872647
w64_d8_q08_physics_s2,64,8,8,physics,2,4002,31972,True,38,5.854545604587353e-07,810.3,2.0977994594915117,2011.6515334998423,2.129031821453964,0.07151001655346725,5.4379174234626044e-11,11.660928643891566,2.0805762384661364,1965.978155505396,2.105636285705259,0.07191301702492991,5.2203642328544346e-11,12.07131072872647
w64_d8_q10_data_s0,64,8,10,data,0,4002,32492,True,146,0.0017043164582303822,2544.0,0.34454486927515404,18083.20976387249,0.4376603781963695,0.025471664942669503,1.2322730097760838e-12,11.660928643891566,0.34074551645701945,18695.090520025467,0.40556566725058474,0.027054859955235808,1.053611787668831e-12,12.07131072872647
w64_d8_q10_data_s1,64,8,10,data,1,4002,32492,True,66,0.0019948993906339784,1184.1,0.3457296780879915,19621.98979228093,0.4682164155838109,0.02338027689995168,1.258368594770548e-12,11.660928643891566,0.3728217726362004,22152.579072135853,0.4527771940097125,0.02522550070251095,1.3489276732726828e-12,12.07131072872647
w64_d8_q10_data_s2,64,8,10,data,2,4002,32492,True,150,0.0004734337129986486,1732.3,0.20210993830005464,10464.904822743787,0.22693963076392265,0.015131465585460635,4.456263879210128e-13,11.660928643891566,0.21945649562837843,11065.204266483814,0.24026248806663375,0.016317759340155058,4.517085359575976e-13,12.07131072872647
w64_d8_q10_physics_s0,64,8,10,physics,0,4002,32492,True,34,6.080719861904965e-07,606.3,2.7871786248567787,1919.8481379506804,2.8707951867943393,0.07468244699163074,7.603370865730454e-11,11.660928643891566,2.887808542308079,1782.7509223418615,2.9263436178723623,0.07937540617888264,7.428946605312768e-11,12.07131072872647
w64_d8_q10_physics_s1,64,8,10,physics,1,4002,32492,True,31,6.511594062465983e-07,767.5,1.2559578163653384,1957.0365465619811,1.4609268601724068,0.08957064633876785,2.32805188564012e-11,11.660928643891566,1.3442898074893517,1837.3060213659414,1.5701464991977332,0.0923560147319119,2.4186791112807937e-11,12.07131072872647
w64_d8_q10_physics_s2,64,8,10,physics,2,4002,32492,True,36,7.930311224480552e-07,826.9,1.9981121405407976,1948.7716226692055,2.159284479275936,0.07825570098550332,5.508717323514786e-11,11.660928643891566,2.0513817913894172,1911.8867998536834,2.2070332682346816,0.0824300549562007,5.192930794523432e-11,12.07131072872647
w64_d8_q12_data_s0,64,8,12,data,0,4002,33012,True,130,0.002541452228109027,2310.9,0.340043947019808,18766.837172115953,0.4275365410109089,0.025688179919283738,1.1196107915315173e-12,11.660928643891566,0.32679161624571407,20003.84395209659,0.4206975974341276,0.027516694785144347,1.0688634932320223e-12,12.07131072872647
w64_d8_q12_data_s1,64,8,12,data,1,4002,33012,True,161,0.0013734003033377734,3108.5,0.29128501287090103,16666.073425404393,0.35516910324950857,0.02231190063831101,8.771631808058043e-13,11.660928643891566,0.2894860651281306,17836.620047664153,0.3476697482120983,0.02439084942069958,8.063380024250038e-13,12.07131072872647
w64_d8_q12_data_s2,64,8,12,data,2,4002,33012,True,57,0.0032746713118032233,1259.7,0.33247506279643346,21846.424501168738,0.41552439537895225,0.02142387749344901,1.1129607575942773e-12,11.660928643891566,0.33934804104518435,24177.45708075085,0.418358703626609,0.022842110178810868,1.0076777121376722e-12,12.07131072872647
w64_d8_q12_physics_s0,64,8,12,physics,0,4002,33012,True,34,5.860877997705134e-07,889.7,1.2191702612085464,1780.6339332028278,1.5071095974761306,0.06894065538941285,2.5020192209459614e-11,11.660928643891566,1.2250523082038,1785.1417003500624,1.538881727384478,0.07349110456533747,2.230004330250679e-11,12.07131072872647
w64_d8_q12_physics_s1,64,8,12,physics,1,4002,33012,True,35,5.796989089894924e-07,911.4,2.852838758261811,1936.4914675493592,3.1583681588500667,0.06726728352527897,6.930776167053549e-11,11.660928643891566,2.6535501057982636,1945.5076239239984,2.9781216496900242,0.07010994547931512,6.606410480803122e-11,12.07131072872647
w64_d8_q12_physics_s2,64,8,12,physics,2,4002,33012,True,32,6.580944716902614e-07,803.0,2.557325175999381,2000.9986950832756,2.572424528056061,0.08114534508139697,8.020911473951686e-11,11.660928643891566,2.4660621150189854,2026.074779113473,2.488168901066956,0.08044012420040103,8.234389138231388e-11,12.07131072872647
w64_d8_q14_data_s0,64,8,14,data,0,4002,33532,True,207,0.0005934185142854007,3963.7,0.22041542808182157,11348.913273608472,0.2691281480338148,0.017972390077161757,5.760027775750484e-13,11.660928643891566,0.22209275263662676,12089.948663290663,0.26365276690043515,0.018588319465176473,4.911990305392913e-13,12.07131072872647
w64_d8_q14_data_s1,64,8,14,data,1,4002,33532,True,352,0.0012583939691458948,6411.0,0.28576550933578915,13122.195911905294,0.36857580564486625,0.0259406837824043,1.029219815780273e-12,11.660928643891566,0.2911348867726815,14332.709863086282,0.3753686349767804,0.026832388389623485,1.0591375612442028e-12,12.07131072872647
w64_d8_q14_data_s2,64,8,14,data,2,4002,33532,True,149,0.0008724291675087908,2893.0,0.2559490186833102,15049.90600856934,0.37396273191347973,0.02105315394011764,6.783976219315136e-13,11.660928643891566,0.2563985579229211,15069.39051716194,0.3715224874412115,0.02233172759245894,6.690737181894123e-13,12.07131072872647
w64_d8_q14_physics_s0,64,8,14,physics,0,4002,33532,True,30,7.841045105763712e-07,837.7,1.3584874691332516,2066.532296197581,1.7621002119341256,0.07907029998560633,2.8321618804364266e-11,11.660928643891566,1.4821759100840382,1918.3563900291772,1.884794174118909,0.082248889272378,3.145215202198644e-11,12.07131072872647
w64_d8_q14_physics_s1,64,8,14,physics,1,4002,33532,True,32,7.077947085347919e-07,1022.5,1.7670741556514713,2046.248607412704,1.9566962672517008,0.0889918938662658,3.679385046150231e-11,11.660928643891566,1.7291790527238504,1945.6601229953478,1.945806288617291,0.09032788519427494,4.821713027693998e-11,12.07131072872647
w64_d8_q14_physics_s2,64,8,14,physics,2,4002,33532,True,34,6.224606750182254e-07,1007.1,3.8663250436687946,1923.446728162551,4.050470928273597,0.07914828327562282,1.265162902348141e-10,11.660928643891566,3.9327730534211014,1910.678546964164,4.0848053706668,0.08093214636299521,1.3311633619359615e-10,12.07131072872647
w64_d8_q16_data_s0,64,8,16,data,0,4002,34052,True,44,0.0032185434774508023,730.8,0.3443335992727725,22901.724442686835,0.48595860953426495,0.020745994322293737,1.201936282461121e-12,11.660928643891566,0.35250074425230427,25864.69181191838,0.45205870729980724,0.02158391095577819,1.3594391007087407e-12,12.07131072872647
w64_d8_q16_data_s1,64,8,16,data,1,4002,34052,True,29,0.0041405373719909004,544.5,0.363658715698989,20926.64719218002,0.48992724193297477,0.027743099289573303,1.210433644076262e-12,11.660928643891566,0.3801019809905881,23145.276778874602,0.4710507797938135,0.028860631825580046,1.413158930123382e-12,12.07131072872647
w64_d8_q16_data_s2,64,8,16,data,2,4002,34052,True,170,0.0007967050029410396,3535.1,0.28110173865059096,12883.569496139082,0.3676048082468242,0.020012459751261175,8.540011916770045e-13,11.660928643891566,0.2851268757382286,13624.410442882427,0.3514580014716273,0.021037165464001667,7.226035867658049e-13,12.07131072872647
w64_d8_q16_physics_s0,64,8,16,physics,0,4002,34052,True,35,6.174056562938774e-07,1029.1,1.1637820787058217,1943.6364367972851,1.3902663155249684,0.08489924239198088,2.2346009559220283e-11,11.660928643891566,1.2254862509024633,1958.0636955382133,1.4626619500290872,0.08769461848955225,2.2521259621942388e-11,12.07131072872647
w64_d8_q16_physics_s1,64,8,16,physics,1,4002,34052,True,31,7.258880479710497e-07,880.8,0.9417204674857516,1976.7867407810247,1.4464075630784556,0.08982606098188739,1.3409696191522988e-11,11.660928643891566,0.9331529338822975,1969.7281434596212,1.4208479876174351,0.094639626771479,1.6005106295323587e-11,12.07131072872647
w64_d8_q16_physics_s2,64,8,16,physics,2,4002,34052,True,37,6.403884196226831e-07,1385.9,3.9541304877701577,1802.9774905375277,4.029044786790337,0.0750927390908325,1.4521230697972958e-10,11.660928643891566,3.6927410627658475,1939.1231067375027,3.8210114332741796,0.07951238440810637,1.4627790892744384e-10,12.07131072872647
w64_d8_q18_data_s0,64,8,18,data,0,4002,34572,True,32,0.0037384854343708155,497.1,0.36957098922840714,21838.789601438424,0.505624042311581,0.023042590342644588,1.2264322834705756e-12,11.660928643891566,0.3845992167796908,24209.5506007204,0.4867008076843149,0.02449230367130087,1.372099073721523e-12,12.07131072872647
w64_d8_q18_data_s1,64,8,18,data,1,4002,34572,True,44,0.00374724752428918,816.3,0.3428728174128537,22074.41452154765,0.49220041346131893,0.02651082175398039,1.2389127004165068e-12,11.660928643891566,0.35932263591220703,24296.771048486306,0.4961920317612112,0.027827982237736693,1.30875723910645e-12,12.07131072872647
w64_d8_q18_data_s2,64,8,18,data,2,4002,34572,True,274,0.0016278976239926396,4733.1,0.34525032207000095,17029.929349911727,0.4331592817798935,0.024281336697727987,1.0956532415858796e-12,11.660928643891566,0.3448021798249101,16988.386906637686,0.42461363504742167,0.02764101125984908,1.2290676968295854e-12,12.07131072872647
w64_d8_q18_physics_s0,64,8,18,physics,0,4002,34572,True,33,5.051795490410994e-07,1082.2,1.7645393569765133,1757.977831731766,2.0618324779850816,0.07809223324798525,3.5139688571623894e-11,11.660928643891566,1.626548729923627,1731.5876379198257,2.0514991908697766,0.08028794405235198,3.713926580754641e-11,12.07131072872647
w64_d8_q18_physics_s1,64,8,18,physics,1,4002,34572,True,34,5.204826149305613e-07,979.6,0.9631565535670461,1750.0663166557708,1.4068981721919727,0.07717218074012808,1.6085337669429537e-11,11.660928643891566,0.9874851345870184,1662.597586914737,1.504473749804447,0.08097912455717893,1.537139525985005e-11,12.07131072872647
w64_d8_q18_physics_s2,64,8,18,physics,2,4002,34572,True,34,6.217306792720272e-07,1071.5,1.4805912631237206,1934.2854386862975,2.138767905343286,0.08680006741940485,3.0339637541227e-11,11.660928643891566,1.5500735292022227,1873.5164931980762,2.199758113839323,0.08873705602642348,3.031896502197021e-11,12.07131072872647
w64_d8_q20_data_s0,64,8,20,data,0,4002,35092,True,110,0.0020960221176593782,1847.1,0.3668236555824933,19929.13722620233,0.49339072455723,0.021802710562963956,1.2149433402951723e-12,11.660928643891566,0.370010159990386,22583.87498695784,0.4849908215831533,0.023723003519937613,1.3688470686746744e-12,12.07131072872647
w64_d8_q20_data_s1,64,8,20,data,1,4002,35092,True,151,0.0009408986175144194,2645.0,0.25794780344767787,14273.72912223955,0.32826582170031315,0.020305034831581605,7.058904372831098e-13,11.660928643891566,0.264225042428734,15139.209969187948,0.31936465183690643,0.020366567769394828,6.831157982907357e-13,12.07131072872647
w64_d8_q20_data_s2,64,8,20,data,2,4002,35092,True,33,0.0030987650551480713,500.9,0.36439500728846497,20562.13859383589,0.4900573387942586,0.02504771501294495,1.2253516473732294e-12,11.660928643891566,0.36136326356039916,22607.77073327433,0.46961345805129895,0.025709487668090433,1.3249747099339069e-12,12.07131072872647
w64_d8_q20_physics_s0,64,8,20,physics,0,4002,35092,True,35,5.810772199821969e-07,1101.4,1.1596185537356973,1814.6659160456638,1.3923468044723109,0.07960560991234628,2.0246091613622754e-11,11.660928643891566,1.1547902632145224,1689.6606306125966,1.2788599938602374,0.08139698125008646,1.8864462743445944e-11,12.07131072872647
w64_d8_q20_physics_s1,64,8,20,physics,1,4002,35092,True,34,5.473467214691174e-07,1175.4,1.2519800640831136,2008.2726350194457,1.5340550538098796,0.07320973259959847,2.54177953157172e-11,11.660928643891566,1.3307799807176224,1897.0352085796776,1.5065239626892435,0.0785921275264917,3.053105196020814e-11,12.07131072872647
w64_d8_q20_physics_s2,64,8,20,physics,2,4002,35092,True,33,8.291631082176334e-07,964.0,2.604436675810007,1991.8833698676438,2.7612179217229027,0.08401689781909957,7.673365483565788e-11,11.660928643891566,2.572372380569732,2050.211115980587,2.6026514801422707,0.08664046286557728,7.283290755822624e-11,12.07131072872647
