N,q,split,plane,z_mm,pos_med_um,pos_p95_um,slope_med_mrad,x_med_um,y_med_um,tx_med_mrad,ty_med_mrad
1,1,val,0,2648.2,0.0,0.0,0.0,0.0,0.0,0.0,0.0
1,1,val,1,7826.0,173574.98429940257,720728.7084450353,69.48889276694476,173574.98429940257,1416.6898100721141,69.48889276694476,0.7434634596006005
1,1,test,0,2648.2,0.0,0.0,0.0,0.0,0.0,0.0,0.0
1,1,test,1,7826.0,171524.1322932768,694265.9185733411,68.12580992578228,171524.1322932768,1280.0534405548801,68.12580992578228,0.6565745821360044
1,2,val,0,2648.2,0.0,0.0,0.0,0.0,0.0,0.0,0.0
1,2,val,1,7826.0,4833.093521710424,17763.613241971543,3.9706793822760766,4145.923234164997,713.9453965689881,3.943332361002694,0.10321046161032577
1,2,test,0,2648.2,0.0,0.0,0.0,0.0,0.0,0.0,0.0
1,2,test,1,7826.0,4767.940404871127,15448.79439631279,4.121726849533464,4049.844883036869,642.1472925060812,4.065607068853824,0.09318298542108222
1,3,val,0,2648.2,0.0,0.0,0.0,0.0,0.0,0.0,0.0
1,3,val,1,7826.0,18121.01361694772,86334.52132086027,4.293391455988949,18121.01361694772,320.8579650305836,4.293391455988949,0.08774493232431568
1,3,test,0,2648.2,0.0,0.0,0.0,0.0,0.0,0.0,0.0
1,3,test,1,7826.0,17496.009713703643,76954.716537054,4.055743029985681,17496.009713703643,298.18202342145383,4.055743029985681,0.08196288469990762
1,4,val,0,2648.2,0.0,0.0,0.0,0.0,0.0,0.0,0.0
1,4,val,1,7826.0,4946.233027704579,40076.47979362115,1.5281160309333075,4946.233027704579,150.85004547836434,1.527834359388719,0.06409966623845131
1,4,test,0,2648.2,0.0,0.0,0.0,0.0,0.0,0.0,0.0
1,4,test,1,7826.0,4642.326611306629,34124.45555902608,1.4460751968634127,4642.326611306629,147.15983570725655,1.4444280476525462,0.060060192713196764
1,5,val,0,2648.2,0.0,0.0,0.0,0.0,0.0,0.0,0.0
1,5,val,1,7826.0,471.0333094000134,5490.825730593698,0.2945750803251823,452.5887737920407,110.37761311416716,0.28860146824433164,0.04926620442596841
1,5,test,0,2648.2,0.0,0.0,0.0,0.0,0.0,0.0,0.0
1,5,test,1,7826.0,456.41447320812745,4764.182284716607,0.2959086009364613,440.49031804073024,110.39679447341655,0.28650137734392844,0.0490897523526615
1,6,val,0,2648.2,0.0,0.0,0.0,0.0,0.0,0.0,0.0
1,6,val,1,7826.0,337.976352295982,5785.589647999412,0.11103143337920507,277.64777685274566,151.09535327120227,0.08626848627361211,0.04849121297075855
1,6,test,0,2648.2,0.0,0.0,0.0,0.0,0.0,0.0,0.0
1,6,test,1,7826.0,324.0139473637669,4920.318483920422,0.10856270820591186,259.73005137846883,143.6276088723787,0.08669873322460567,0.046348663635426
1,7,val,0,2648.2,0.0,0.0,0.0,0.0,0.0,0.0,0.0
1,7,val,1,7826.0,330.2592790091694,6438.500035582034,0.1338523655152954,258.84416932456134,204.13956536947353,0.10451168846778436,0.07611958172803329
1,7,test,0,2648.2,0.0,0.0,0.0,0.0,0.0,0.0,0.0
1,7,test,1,7826.0,326.1960330927707,4568.529071235561,0.12746379728206803,252.82788849343163,199.5447873452889,0.09663039317475697,0.07100751273208562
1,8,val,0,2648.2,0.0,0.0,0.0,0.0,0.0,0.0,0.0
1,8,val,1,7826.0,229.98879728660881,3039.0954237235687,0.11295742574227857,177.75094610189512,112.64253523819434,0.09362228607526224,0.054991640522832584
1,8,test,0,2648.2,0.0,0.0,0.0,0.0,0.0,0.0,0.0
1,8,test,1,7826.0,225.63428206032654,2988.328883129086,0.10970167091164246,168.81998995279446,116.40151025541812,0.08897179051849113,0.046085926046464734
1,9,val,0,2648.2,0.0,0.0,0.0,0.0,0.0,0.0,0.0
1,9,val,1,7826.0,225.5541188590655,2838.8397410676967,0.11027173460691903,170.81526589845453,130.63180860854118,0.08302460070741535,0.0549384007859019
1,9,test,0,2648.2,0.0,0.0,0.0,0.0,0.0,0.0,0.0
1,9,test,1,7826.0,222.43732509502934,2432.587257456875,0.10179842479061951,166.74170207662087,125.08027015367995,0.07651405228761149,0.05233263556368717
1,10,val,0,2648.2,0.0,0.0,0.0,0.0,0.0,0.0,0.0
1,10,val,1,7826.0,230.68901764042948,2812.271985588752,0.09792068371786838,185.47271329384785,123.17307503883512,0.07578499621571644,0.05217252253984783
1,10,test,0,2648.2,0.0,0.0,0.0,0.0,0.0,0.0,0.0
1,10,test,1,7826.0,226.10210290355326,2503.5155447461443,0.09442729573998915,186.2616097987022,108.44614022285626,0.0754053121422224,0.049435482545053845
1,11,val,0,2648.2,0.0,0.0,0.0,0.0,0.0,0.0,0.0
1,11,val,1,7826.0,240.7837852163084,2324.6396214954057,0.10507671980448594,194.06243978517068,125.88259919880329,0.08266355064485975,0.05871473903661106
1,11,test,0,2648.2,0.0,0.0,0.0,0.0,0.0,0.0,0.0
1,11,test,1,7826.0,220.5174851213485,2041.4155097413193,0.10043655286734801,180.9238917597895,114.71020242946395,0.07807116860490335,0.05353329469511784
1,12,val,0,2648.2,0.0,0.0,0.0,0.0,0.0,0.0,0.0
1,12,val,1,7826.0,296.7343581129853,2517.057629263489,0.12824152616656287,231.91888479595946,137.50808887166954,0.09577760394491319,0.06514286832939864
1,12,test,0,2648.2,0.0,0.0,0.0,0.0,0.0,0.0,0.0
1,12,test,1,7826.0,280.86483867809875,2154.621386639156,0.12446622496038034,225.6192892483,125.12483072708847,0.09324731471004044,0.06555456595301774
1,13,val,0,2648.2,0.0,0.0,0.0,0.0,0.0,0.0,0.0
1,13,val,1,7826.0,263.6009990145851,2557.479545114774,0.09675358504352208,187.41854231490152,154.01239735538752,0.06558624507493893,0.06742870522610106
1,13,test,0,2648.2,0.0,0.0,0.0,0.0,0.0,0.0,0.0
1,13,test,1,7826.0,264.0531962655146,2216.82398497801,0.09540117189983828,186.56343211752358,152.08688609863685,0.06725425045529115,0.058680151212569566
1,14,val,0,2648.2,0.0,0.0,0.0,0.0,0.0,0.0,0.0
1,14,val,1,7826.0,236.34272027061343,2357.226679262475,0.11012373437597166,192.54248377012573,113.14840088373046,0.08999714842883311,0.05234511136793102
1,14,test,0,2648.2,0.0,0.0,0.0,0.0,0.0,0.0,0.0
1,14,test,1,7826.0,229.54104462297664,2298.944813932729,0.10791289429871315,188.5436689266271,110.09809935718806,0.09053587329227453,0.04893420303691415
1,15,val,0,2648.2,0.0,0.0,0.0,0.0,0.0,0.0,0.0
1,15,val,1,7826.0,225.8372275776992,2181.642355109607,0.10366355487839707,178.29145144116865,112.62604784303676,0.08852041594356597,0.04363579923821921
1,15,test,0,2648.2,0.0,0.0,0.0,0.0,0.0,0.0,0.0
1,15,test,1,7826.0,232.77115054623465,1947.885722904551,0.102807020689627,182.7263815197,103.47181853357768,0.08456673478367954,0.042812085080359136
1,16,val,0,2648.2,0.0,0.0,0.0,0.0,0.0,0.0,0.0
1,16,val,1,7826.0,216.5844592793178,2195.1300801786592,0.10628482745067558,159.97720146795302,126.61363347218924,0.08750201167459504,0.056436701683058865
1,16,test,0,2648.2,0.0,0.0,0.0,0.0,0.0,0.0,0.0
1,16,test,1,7826.0,211.42911627640615,1776.6594072051353,0.10566089706161991,158.41769469685119,115.39372946467097,0.08730693904879239,0.05403107216963156
1,17,val,0,2648.2,0.0,0.0,0.0,0.0,0.0,0.0,0.0
1,17,val,1,7826.0,224.90054665672687,2028.0883647866924,0.09989482087279303,180.44626139862885,115.94394198020552,0.08348319571327423,0.051551468127179756
1,17,test,0,2648.2,0.0,0.0,0.0,0.0,0.0,0.0,0.0
1,17,test,1,7826.0,217.31165668467156,2015.3044273176138,0.10052163522063229,181.63963647009496,112.84496682819167,0.08167781596316037,0.0457559398732519
1,18,val,0,2648.2,0.0,0.0,0.0,0.0,0.0,0.0,0.0
1,18,val,1,7826.0,296.76568357308497,2415.490436977756,0.11320002824105613,221.54502697695477,178.19389266134067,0.08529025925629874,0.06446207798802439
1,18,test,0,2648.2,0.0,0.0,0.0,0.0,0.0,0.0,0.0
1,18,test,1,7826.0,284.85574199741137,2494.094432430036,0.11212704257155572,205.628330362309,168.193465297648,0.08343866544352485,0.06352675377534286
1,19,val,0,2648.2,0.0,0.0,0.0,0.0,0.0,0.0,0.0
1,19,val,1,7826.0,286.7665449515755,2352.960179185659,0.12452407362757711,220.20673817837633,133.58103656392473,0.08904042886443905,0.07099607545778264
1,19,test,0,2648.2,0.0,0.0,0.0,0.0,0.0,0.0,0.0
1,19,test,1,7826.0,282.0865837182396,2390.413116531096,0.11473173594372249,212.52586018965758,120.78778857465977,0.08620503438518806,0.06304827716138543
1,20,val,0,2648.2,0.0,0.0,0.0,0.0,0.0,0.0,0.0
1,20,val,1,7826.0,257.44326833779496,2192.949403150441,0.1108351306139399,198.73013540740203,138.77841855993833,0.08881815265382453,0.056504272005694633
1,20,test,0,2648.2,0.0,0.0,0.0,0.0,0.0,0.0,0.0
1,20,test,1,7826.0,265.9575751051122,1995.110671722398,0.11001279622025947,195.50833263561174,132.63642642328932,0.087565401828818,0.054719166545291395
4,1,val,0,2648.2,0.0,0.0,0.0,0.0,0.0,0.0,0.0
4,1,val,1,3942.6499999999996,4037.388775649788,10744.947178299857,0.7096854966782418,4037.388775649788,39.48713985015928,0.7096854966782418,0.020732789629870907
4,1,val,2,5237.1,4762.968603593645,14403.420724495507,1.2923461972557462,4743.649111768662,75.01047108110015,1.260955316786494,0.04976433754504475
4,1,val,3,6531.55,5077.732441979208,16660.135013081832,1.905328176978499,4957.195179232713,108.69077706675512,1.8800243626440338,0.06927186555810011
4,1,val,4,7826.0,4884.754444122336,16590.48952448276,1.6369095905784115,4873.331728069502,179.91200708840438,1.6180008704611004,0.04497831936930291
4,1,test,0,2648.2,0.0,0.0,0.0,0.0,0.0,0.0,0.0
4,1,test,1,3942.6499999999996,3963.2214942064506,10440.741156016795,0.6747885797350992,3963.2214942064506,37.6384905279501,0.6747885797350992,0.019826653788503068
4,1,test,2,5237.1,4842.548214927657,13997.147351352534,1.2821636639908043,4829.516679493676,75.4154420185742,1.2586657950181372,0.045377366418915266
4,1,test,3,6531.55,5119.629411036982,15810.104023395495,1.9063782340906221,5009.017088101573,106.46194627063466,1.8411731287391042,0.058070231178800405
4,1,test,4,7826.0,4857.67006911324,15710.21417335822,1.6769525937919068,4827.640540812609,175.786454528442,1.65193257700599,0.046857355864402594
4,2,val,0,2648.2,0.0,0.0,0.0,0.0,0.0,0.0,0.0
4,2,val,1,3942.6499999999996,105.32433563327004,297.7994668300482,0.0720573218954178,102.0010333157586,20.481374114069695,0.06892346377482261,0.015203976163544186
4,2,val,2,5237.1,100.10132261739102,1387.8843818811554,0.06961676148342123,91.34832752920374,48.22783863357927,0.0619980506666451,0.028482043386877237
4,2,val,3,6531.55,185.5422292473463,2329.344376124343,0.0716515984483801,170.87300574144137,72.1718519910155,0.05991301584054587,0.03443360473887047
4,2,val,4,7826.0,297.26027945184796,3885.955106622486,0.12033121496878713,278.70835049796483,120.06495175980092,0.10599949928088992,0.04001879059262886
4,2,test,0,2648.2,0.0,0.0,0.0,0.0,0.0,0.0,0.0
4,2,test,1,3942.6499999999996,100.52092837417348,298.73812012287937,0.06961400733651091,97.74809328358458,21.206961289777837,0.06799018244552091,0.01461514179591436
4,2,test,2,5237.1,94.70995535448878,1118.2912044839998,0.06255861130650096,86.02973973525252,46.2421206010859,0.05551084863016434,0.027278194321592175
4,2,test,3,6531.55,183.0404213732919,1692.4714092773772,0.06964625532685995,166.05048575200954,72.39661202042669,0.05721673802847049,0.032283572980741984
4,2,test,4,7826.0,289.50212391205184,3097.9326520933096,0.1272399691692773,272.0215327740618,120.83459685838704,0.11464795548640772,0.037015916598118204
4,3,val,0,2648.2,0.0,0.0,0.0,0.0,0.0,0.0,0.0
4,3,val,1,3942.6499999999996,28.37596841949619,171.00123829657704,0.025108888749750258,20.513301620667335,20.647603853888086,0.018416837113555823,0.01353340046842522
4,3,val,2,5237.1,83.5826564498916,749.0490185460113,0.04951079561450744,64.03043361467553,46.50157542425859,0.03640925674001927,0.027809879158379944
4,3,val,3,6531.55,135.23871113039831,1468.011653435127,0.09064376707793032,104.93636528875072,71.33430065164248,0.08017171415061752,0.031641216920178655
4,3,val,4,7826.0,263.9488555530818,2572.1522548231983,0.1422113589293894,219.02013870425208,113.62444302915264,0.12597451349563582,0.035230466303243224
4,3,test,0,2648.2,0.0,0.0,0.0,0.0,0.0,0.0,0.0
4,3,test,1,3942.6499999999996,27.975680586774132,153.23511250036435,0.02410101049428459,20.032318279625372,19.852713414231005,0.018269225775696327,0.012346214258543084
4,3,test,2,5237.1,83.76281308720479,664.4505667826295,0.04776926387029326,58.69317648743788,45.97199536413798,0.03423368293097723,0.026875848298236332
4,3,test,3,6531.55,131.22829188782958,1348.4820962653664,0.09179560558302685,101.70389290587423,72.02254899792138,0.08088600606694085,0.029240129943791226
4,3,test,4,7826.0,251.224713990581,2673.7270702849537,0.1413812604094261,210.4484734016694,106.98709292012154,0.12561922631181,0.031951897224762264
4,4,val,0,2648.2,0.0,0.0,0.0,0.0,0.0,0.0,0.0
4,4,val,1,3942.6499999999996,29.7739083582087,193.6285358501322,0.02824101812903823,21.06092561513151,19.498060727869415,0.023524924548851134,0.012588563639302774
4,4,val,2,5237.1,83.25057512371359,663.8334301565862,0.04956127395279453,57.4528894748596,48.03689823289403,0.03357306489309986,0.030121259513692794
4,4,val,3,6531.55,137.05276242048114,1481.665812400114,0.09505516141247727,102.73804010978438,71.2053904969423,0.07776035158527789,0.03756368287258921
4,4,val,4,7826.0,270.25900049713414,2726.1633034961196,0.1438915827923215,204.18510857609817,108.47913295236822,0.13079756784545316,0.04378277441382042
4,4,test,0,2648.2,0.0,0.0,0.0,0.0,0.0,0.0,0.0
4,4,test,1,3942.6499999999996,27.744482610589927,190.85610926740915,0.02827945204888528,19.795852665069447,18.372984038936835,0.02480019592594404,0.012356711499784262
4,4,test,2,5237.1,79.63691080995261,638.6110841175794,0.04901500624266905,56.343226262313806,47.81954691655699,0.03281148747001899,0.027630752964210463
4,4,test,3,6531.55,130.64153274771508,1377.7223209172928,0.09227845425987397,100.75149203313316,69.77456836828821,0.0760730788087749,0.03467536975835378
4,4,test,4,7826.0,242.66153738781782,2621.0850041007943,0.14843857656479664,190.55273404106288,107.31035592858973,0.131534946921405,0.04146937045682378
4,5,val,0,2648.2,0.0,0.0,0.0,0.0,0.0,0.0,0.0
4,5,val,1,3942.6499999999996,35.570223160164005,207.04553945709517,0.02407890972683409,25.879708614354513,19.402315447621277,0.018680379096813055,0.011775708308917054
4,5,val,2,5237.1,68.82423657347658,515.0120166384332,0.04376849524422542,40.06651065083133,51.61745861001066,0.028522244798490082,0.02636449502919566
4,5,val,3,6531.55,137.1270160292255,1126.8948707941715,0.0834189472495861,109.0083786453988,73.16592601699767,0.07040008064401748,0.03141256030479017
4,5,val,4,7826.0,216.1847562297794,2135.5688726039602,0.15362521641563986,188.73075894632052,113.85705593102102,0.13587514814966672,0.04148599464626722
4,5,test,0,2648.2,0.0,0.0,0.0,0.0,0.0,0.0,0.0
4,5,test,1,3942.6499999999996,34.45781665249115,198.0282435960373,0.023759192267779755,26.241854405093747,17.907383763407836,0.019165430843669576,0.011217588157750799
4,5,test,2,5237.1,66.88884810392892,534.7521060052203,0.04346622647903413,38.049271203647095,50.05657648023032,0.030160678037433053,0.02456914064008931
4,5,test,3,6531.55,135.10528940987854,1229.46980396163,0.08420475188192916,114.3504131087667,69.52695652037022,0.07080556546307237,0.028348975453897432
4,5,test,4,7826.0,211.98930568031216,2253.177426895313,0.1558930656564827,182.0230167669905,104.63511712366014,0.1396839610465217,0.034586324103507565
4,6,val,0,2648.2,0.0,0.0,0.0,0.0,0.0,0.0,0.0
4,6,val,1,3942.6499999999996,29.61643494444388,196.10347919036403,0.027590845849592704,24.056666129183668,15.424571990607205,0.019320149414324417,0.01496079440190326
4,6,val,2,5237.1,78.25963585474938,624.3285778416229,0.04943882876935757,49.06081211476021,51.28588093259623,0.03398538195351075,0.02549438554072525
4,6,val,3,6531.55,127.81597003390743,1215.6626695924426,0.07902406102111917,81.39212282560493,78.13047819541907,0.067823737243497,0.03247606266820052
4,6,val,4,7826.0,236.477296252815,2140.7983559941895,0.11955588659082195,182.82990318550674,105.38528861840746,0.10607189996918176,0.0335373053226562
4,6,test,0,2648.2,0.0,0.0,0.0,0.0,0.0,0.0,0.0
4,6,test,1,3942.6499999999996,28.91711749168202,179.4766123368476,0.0267475876116266,23.44460558731143,14.957190088026096,0.0191073414175999,0.013652830831549674
4,6,test,2,5237.1,76.9697969445815,622.2361237994737,0.046103868322197594,50.96338907682707,48.985889146713646,0.032203799844279096,0.023818534095360056
4,6,test,3,6531.55,119.42649089625235,1220.1972086828584,0.0817856057932359,75.9738048332892,73.28289308581316,0.07022964277714899,0.02869883433560816
4,6,test,4,7826.0,217.08451441725174,2193.2955882871397,0.11841347421981396,164.4500290791484,96.23452443780423,0.10398200714586969,0.029683646756317086
4,7,val,0,2648.2,0.0,0.0,0.0,0.0,0.0,0.0,0.0
4,7,val,1,3942.6499999999996,33.535365524869576,213.67906579912412,0.02610654309677385,27.057161256642814,15.479648744644692,0.020980425658054247,0.011530933460811299
4,7,val,2,5237.1,79.71826313251995,602.1723403099866,0.04227614134060323,60.29159319675159,47.948245894417596,0.02888936479472637,0.026267237927243836
4,7,val,3,6531.55,130.30002117096728,1269.402377024402,0.07674095187629182,101.14436390983883,67.19814874080043,0.061722405591047025,0.030893692144588758
4,7,val,4,7826.0,243.600550986514,2245.4116599042877,0.13186339829837634,206.68218558608942,104.4641447098229,0.11315794546040703,0.03774396874003938
4,7,test,0,2648.2,0.0,0.0,0.0,0.0,0.0,0.0,0.0
4,7,test,1,3942.6499999999996,33.80059093957044,221.6486552058726,0.025179333898405626,26.205436911709512,14.283625555325585,0.021005092428669908,0.011934870001073256
4,7,test,2,5237.1,80.4491416640083,565.2140432767227,0.0423777533920186,60.174991655003396,43.423910239074104,0.02833352503594372,0.02440131240008525
4,7,test,3,6531.55,133.13885551893634,1100.7047396531118,0.07756402524697337,103.8241248616032,65.40157482172049,0.06275075490713017,0.030189347558638245
4,7,test,4,7826.0,230.82317791222806,2092.107502601752,0.13714355877492146,195.38775177376522,96.57151107310824,0.11642693594274972,0.03425088070485409
4,8,val,0,2648.2,0.0,0.0,0.0,0.0,0.0,0.0,0.0
4,8,val,1,3942.6499999999996,39.318121512749826,201.58596540438788,0.028943475622628112,34.1767562259605,20.245989587181157,0.021877411609194652,0.013792732283499781
4,8,val,2,5237.1,73.61864252402484,625.4111594338037,0.043340496244870935,52.84335657708539,40.14065896313923,0.03144899174428034,0.022471240242155632
4,8,val,3,6531.55,127.64568786610653,1258.5187614725896,0.07216862706926896,102.06128252330082,55.67370871978028,0.05802533741403049,0.030412716132743878
4,8,val,4,7826.0,265.2090962231597,2321.7322640308366,0.12255536561056601,227.04394381048587,99.23520622774618,0.1020907183032771,0.03282037567201024
4,8,test,0,2648.2,0.0,0.0,0.0,0.0,0.0,0.0,0.0
4,8,test,1,3942.6499999999996,38.94954613562618,195.99832890932026,0.028796844054592916,31.72497633809712,19.642128507673107,0.021978113988727066,0.013415466347978591
4,8,test,2,5237.1,71.39502649460638,640.4090209523276,0.039749391591379496,53.33935337877449,38.33382838183752,0.02927550513485283,0.02121410845200202
4,8,test,3,6531.55,118.6699891673264,1294.5799281073237,0.06797094209610999,92.54962051120685,48.840121122879054,0.05737066198180027,0.028496494666248318
4,8,test,4,7826.0,237.3630615337987,2092.0649904078755,0.12897720099292603,201.65018681618818,96.8172151610469,0.10720335665715536,0.02988373784887019
4,9,val,0,2648.2,0.0,0.0,0.0,0.0,0.0,0.0,0.0
4,9,val,1,3942.6499999999996,39.07097504502399,215.08670893400665,0.027761659779373775,32.86304133877138,16.423160437511797,0.017680066102733916,0.017972083412764756
4,9,val,2,5237.1,77.74437680063073,571.8191121337545,0.04944906601106469,56.447596772258635,42.96304901951942,0.02980370600552673,0.03446381682402702
4,9,val,3,6531.55,141.4301239428255,1303.5928403498594,0.09823516171553193,102.79553536747699,73.0458594047434,0.078050435309035,0.042070921554239124
4,9,val,4,7826.0,252.57562556754465,2193.9049942583765,0.15427358445355144,180.00736901092296,107.422139828941,0.13635977015928613,0.04254646677093188
4,9,test,0,2648.2,0.0,0.0,0.0,0.0,0.0,0.0,0.0
4,9,test,1,3942.6499999999996,36.59097789649479,219.05050736945603,0.02756791465942897,30.33599178625579,16.693105873997638,0.018954191406204968,0.01676289418892085
4,9,test,2,5237.1,73.44672196295221,624.6885366225204,0.04842097894393847,51.10316378659263,41.44403277413744,0.0295190832891451,0.0330639413775825
4,9,test,3,6531.55,138.79863184644137,1206.9792265780452,0.09847881471388917,103.07660216048475,70.30531107645288,0.08136160365036088,0.03955483753343911
4,9,test,4,7826.0,241.6042285398703,2132.9403693743825,0.1584863363432859,188.03457860893502,102.94737209200377,0.13487128597372555,0.040192467369623563
4,10,val,0,2648.2,0.0,0.0,0.0,0.0,0.0,0.0,0.0
4,10,val,1,3942.6499999999996,35.607746133592855,183.5501043172028,0.026086077450561407,28.95770600255787,18.454526535158777,0.018824450028169428,0.01681433529077212
4,10,val,2,5237.1,88.87045111471537,570.7405291711294,0.046313097709076156,57.70109133234769,61.407476826303764,0.023161015566069976,0.033170606390187096
4,10,val,3,6531.55,140.89527922516254,1268.4981205056386,0.08490747617924746,99.29732110749967,95.80477595838488,0.06599088584502422,0.043235603770598596
4,10,val,4,7826.0,259.07363523452887,2337.3782084766117,0.13432727972066683,193.5684496158956,166.08172320616177,0.11419505760673632,0.04975218426342149
4,10,test,0,2648.2,0.0,0.0,0.0,0.0,0.0,0.0,0.0
4,10,test,1,3942.6499999999996,33.78181034252492,187.77962688791666,0.025270883797419777,27.957062916911468,18.175262274581883,0.018419467945109298,0.015996089477029844
4,10,test,2,5237.1,87.912996675378,566.7963036365849,0.04416710658157984,56.618838460337884,59.71507105086182,0.022178500573967128,0.03236837765195795
4,10,test,3,6531.55,141.15866988905879,1085.7750370844694,0.0856746268785894,106.50221814940863,100.43549364756643,0.0674311477937943,0.03953785399003762
4,10,test,4,7826.0,254.57120741845074,2049.9942972071563,0.13606509205994766,194.35412080557057,160.79481306363164,0.11122099837953398,0.047893546914968416
4,11,val,0,2648.2,0.0,0.0,0.0,0.0,0.0,0.0,0.0
4,11,val,1,3942.6499999999996,35.96967976557153,203.9199008458609,0.021898498991639037,30.406078057325203,14.573923177479742,0.012168088845604386,0.01706373919009574
4,11,val,2,5237.1,74.25590650910863,630.133821143873,0.047053628463106234,51.649992463884686,47.7410672280314,0.03000852138851373,0.03349747275186235
4,11,val,3,6531.55,143.9312118051248,1217.3676917440248,0.08523622397661745,95.5549788941994,85.09995325071884,0.06468966089473449,0.04615975324024496
4,11,val,4,7826.0,266.5481756754957,2188.7990265937783,0.12925409673641974,191.54275726299375,127.67617393383546,0.10939338891296363,0.04992003112792853
4,11,test,0,2648.2,0.0,0.0,0.0,0.0,0.0,0.0,0.0
4,11,test,1,3942.6499999999996,35.06956416482154,220.76889740987733,0.02107429428120991,30.352679975588437,13.34579531410185,0.011690833392407132,0.014775721554945859
4,11,test,2,5237.1,74.83070387466296,603.8852782242033,0.04593900928479694,49.95656173827001,47.02187182976658,0.03245219460758057,0.028649475502576065
4,11,test,3,6531.55,144.36067888180304,1131.0833881907977,0.08485335494141932,101.19425054834608,82.25744991780459,0.06351532745689503,0.04086488322810507
4,11,test,4,7826.0,254.77047885584625,2145.226452183151,0.13206696773997162,188.37398029481278,120.88181036204304,0.10677756007773653,0.04757526249886054
4,12,val,0,2648.2,0.0,0.0,0.0,0.0,0.0,0.0,0.0
4,12,val,1,3942.6499999999996,29.995953903409145,191.6063962168131,0.0311621889266811,20.938103968717314,13.883828641056084,0.024663215976826122,0.01688329582870407
4,12,val,2,5237.1,98.3283059608766,704.383092369178,0.049492548097884725,68.94153210996024,60.364797242513646,0.034662968003779104,0.03333299321139557
4,12,val,3,6531.55,167.21708513296107,1291.2657443820399,0.08656341877869358,130.65330149208876,79.78454858917594,0.0706099893520995,0.04367349856305991
4,12,val,4,7826.0,308.9753931289039,2342.530597909554,0.1502268518958072,266.5163551655496,127.10510788255647,0.13085838696408336,0.05435022760911113
4,12,test,0,2648.2,0.0,0.0,0.0,0.0,0.0,0.0,0.0
4,12,test,1,3942.6499999999996,30.52104053486282,215.22945951129398,0.030588430998332305,21.946627789491302,12.187269320250493,0.024073855781747006,0.016822449050412844
4,12,test,2,5237.1,97.67315579516023,649.4684922798457,0.04741801853244687,62.2053412206931,58.41955431749035,0.03262353714797439,0.03308541503158069
4,12,test,3,6531.55,157.64004911127927,1279.6830676941668,0.085619102351598,123.95627024782385,80.94097391618149,0.07114707458065819,0.042558811834414956
4,12,test,4,7826.0,286.0549565458541,2307.8196062243596,0.14812465776927602,241.6795083814236,120.00121269706909,0.12949877592695336,0.05057877736473759
4,13,val,0,2648.2,0.0,0.0,0.0,0.0,0.0,0.0,0.0
4,13,val,1,3942.6499999999996,38.96672780096111,212.0252404911863,0.02679836457669671,31.758158929562796,17.116416288345704,0.019279823130817497,0.014939609279090993
4,13,val,2,5237.1,77.54190483024104,691.7261842257983,0.04737627406067608,51.35532204388937,43.79958590214983,0.028610613931306927,0.031489876324508614
4,13,val,3,6531.55,157.31887819893586,1205.2382879996505,0.10668618466454227,121.97327460114593,80.6626150649663,0.08921711361273288,0.040181026697665156
4,13,val,4,7826.0,274.65313291793336,2239.016303734459,0.16405982870115743,230.01505508932496,113.96460061553171,0.14436383751367798,0.0464979101027288
4,13,test,0,2648.2,0.0,0.0,0.0,0.0,0.0,0.0,0.0
4,13,test,1,3942.6499999999996,36.434013087642825,214.5344743479087,0.026301837708287562,31.04129880917128,16.407497422832762,0.01903592730734087,0.014366871876510257
4,13,test,2,5237.1,75.05547798551504,631.5125401952832,0.04520868565554333,47.72014975497996,41.65990165312117,0.029215108599794926,0.030158873925847235
4,13,test,3,6531.55,159.6945560083043,1218.399579047566,0.1043407451182081,122.6484834613828,84.11423254889883,0.09215439224967426,0.037897608168078675
4,13,test,4,7826.0,253.9080920633694,2013.8235956863043,0.16789267053214652,216.447921424205,110.25785354641471,0.14307703984724196,0.03934657381812062
4,14,val,0,2648.2,0.0,0.0,0.0,0.0,0.0,0.0,0.0
4,14,val,1,3942.6499999999996,37.00135194510912,202.01530805457665,0.02600994744954288,27.936315110700605,19.156043125391875,0.017770944855811932,0.016196019547443097
4,14,val,2,5237.1,86.77160836191433,658.6555772599289,0.04507327700953301,58.17169080143003,52.78455722323372,0.02987874903366463,0.02555873711223707
4,14,val,3,6531.55,139.59494793209615,1219.9243033310036,0.08592889637093482,111.55732174620425,75.05186187468382,0.07313531609026702,0.03704109731293183
4,14,val,4,7826.0,235.95838952769554,1990.138582252825,0.14059031168023664,178.47374644952652,112.20915755660599,0.13008187388255377,0.0423911518427425
4,14,test,0,2648.2,0.0,0.0,0.0,0.0,0.0,0.0,0.0
4,14,test,1,3942.6499999999996,36.191516052369366,196.52864899760132,0.02557731258728997,28.013082972478287,18.578211988664606,0.01771754914392347,0.015572955061136234
4,14,test,2,5237.1,83.2355487815839,627.7853222453201,0.044967893390219366,57.059010417248146,51.45426086707516,0.03153881132111555,0.0246207195614169
4,14,test,3,6531.55,142.42960732216136,1118.510913269518,0.08515251707171684,113.76140667934465,71.32984187991909,0.0712266137710936,0.03358232309081831
4,14,test,4,7826.0,226.42498103463282,2087.217461631105,0.14457034636396887,175.23173460274677,102.54107598031226,0.13113124445861485,0.04000750542352757
4,15,val,0,2648.2,0.0,0.0,0.0,0.0,0.0,0.0,0.0
4,15,val,1,3942.6499999999996,34.305764136092876,236.9443727109168,0.03609595441170926,28.912902567135745,15.975789782515903,0.024605762588373117,0.01722625270925149
4,15,val,2,5237.1,93.19232985593828,726.4750714705198,0.06580953617796315,66.95697025763536,52.34602246611075,0.05063236420094208,0.033295931283858216
4,15,val,3,6531.55,205.4860265732259,1494.5105091423663,0.12608937988770053,167.63164029396194,104.84183005740988,0.10861381883441046,0.044608192472345154
4,15,val,4,7826.0,321.8341330800456,2460.706875964361,0.18038491604627227,270.202656182164,135.28324770231848,0.16408521957519961,0.056000445135224314
4,15,test,0,2648.2,0.0,0.0,0.0,0.0,0.0,0.0,0.0
4,15,test,1,3942.6499999999996,33.79369481550043,227.99820508721274,0.0349372434483167,27.890658435666182,14.854957755193965,0.024440935633928546,0.015386992835186505
4,15,test,2,5237.1,88.47752573492329,632.0480255135296,0.06371681890703085,65.61929078086592,50.78412332520088,0.04801906017797442,0.03062631843871351
4,15,test,3,6531.55,198.43152549435672,1329.218433573633,0.12963770012746484,163.73886948713334,95.69578090000164,0.11562679011796473,0.042497972700575315
4,15,test,4,7826.0,315.61098040376123,2278.990791512229,0.19532659341052472,261.07108948099267,128.3165945144873,0.17913207881709026,0.050417428398903674
4,16,val,0,2648.2,0.0,0.0,0.0,0.0,0.0,0.0,0.0
4,16,val,1,3942.6499999999996,35.66024299345827,202.19128237644617,0.029102747561671888,26.41298669774983,23.02692222924918,0.020219894393765786,0.014355809169723163
4,16,val,2,5237.1,70.38720206753624,607.6250959999411,0.04803384486306065,49.85873908484706,41.719012491583385,0.03260825803574202,0.02945632114425417
4,16,val,3,6531.55,132.05683863276363,1296.146715256732,0.09585595553461557,95.09034000990368,75.4111752083304,0.08016670459015662,0.04574575883489751
4,16,val,4,7826.0,243.38831382306125,2275.0393046282766,0.15153665779071845,197.29698714303368,110.79290406550513,0.13439353471361715,0.05113517348324936
4,16,test,0,2648.2,0.0,0.0,0.0,0.0,0.0,0.0,0.0
4,16,test,1,3942.6499999999996,34.51285160770112,200.54207936896162,0.027612420454191204,24.62274716785373,22.261696337325887,0.020516624123686697,0.013630671290915802
4,16,test,2,5237.1,69.9678277664968,585.6504299826055,0.04634198884207602,50.78968822165386,40.4794986852508,0.03184009945180269,0.029842875943358188
4,16,test,3,6531.55,129.66215518155622,1199.6602503108288,0.09572263213148552,92.46172140720432,70.54438249652151,0.08034553015494328,0.041630132566855896
4,16,test,4,7826.0,242.6664628894173,2081.8008779078014,0.15417977818511439,198.88745698568755,102.8478287424548,0.13395239059133673,0.04725031669132462
4,17,val,0,2648.2,0.0,0.0,0.0,0.0,0.0,0.0,0.0
4,17,val,1,3942.6499999999996,44.52242985740895,225.17751714051425,0.03693947223302324,35.89197833989033,29.634355883558783,0.026403490030951077,0.020899392557994362
4,17,val,2,5237.1,88.1282120847402,628.1000442682971,0.04974990546899316,58.006055799893375,59.63624848731364,0.03589579202576548,0.029328976969347775
4,17,val,3,6531.55,144.7980792188055,1309.0616106011066,0.08393763841486879,100.12269201160962,82.00666300329829,0.06061124388909156,0.036816357797432586
4,17,val,4,7826.0,260.598796854822,2242.2311272563547,0.14276454500103397,188.82011639226448,110.64420859645452,0.12285810389434104,0.045754310587266256
4,17,test,0,2648.2,0.0,0.0,0.0,0.0,0.0,0.0,0.0
4,17,test,1,3942.6499999999996,44.057544229943346,233.42034962654668,0.035177327248097495,35.52224130421422,28.927761463329205,0.02548290926173563,0.01930057659038989
4,17,test,2,5237.1,88.27930647723292,586.127440943669,0.04983748968234031,64.2045847967978,56.769358615312186,0.033762476606816194,0.027561304036732154
4,17,test,3,6531.55,135.12360204181562,1151.4022093198848,0.08427104497534671,101.37719933828748,81.55509866143973,0.062224160831902964,0.033310716782879515
4,17,test,4,7826.0,241.9174444953569,2080.5562561021165,0.1496097477434767,178.3415388948626,99.56566273733358,0.12833592726316234,0.04206099591847444
4,18,val,0,2648.2,0.0,0.0,0.0,0.0,0.0,0.0,0.0
4,18,val,1,3942.6499999999996,54.12784128125736,270.89453133324326,0.03406423195118774,47.118276723878694,16.79227987210652,0.026062202708204696,0.018791876755609727
4,18,val,2,5237.1,79.46549786972668,628.2028650016022,0.0512937668782007,54.58077383741511,43.02895314839361,0.032209462531530494,0.03504837173806674
4,18,val,3,6531.55,144.11122345399008,1283.6762817274343,0.09586075756563839,84.30486543684879,87.45391648244549,0.07511951957284418,0.04774401759380549
4,18,val,4,7826.0,255.67815890940437,2303.6219448121205,0.14478631836434275,161.46075974870655,152.0826407757454,0.12258964352457324,0.04855138524889266
4,18,test,0,2648.2,0.0,0.0,0.0,0.0,0.0,0.0,0.0
4,18,test,1,3942.6499999999996,54.316628112133,259.2770009945309,0.033659827189803156,46.84517176089287,16.76276458755055,0.02566620376347195,0.017079970659759306
4,18,test,2,5237.1,74.89561837064684,554.167609445225,0.04980919524474707,52.97004146359541,39.052844948855636,0.03195884255801501,0.034146869282347586
4,18,test,3,6531.55,138.62680089361845,1179.2331522022355,0.09601576162368564,84.58154366417858,82.45204740703116,0.07710682556073822,0.0458593258678211
4,18,test,4,7826.0,239.90488542068533,2142.3902335513512,0.15091336069324862,152.07201444093243,143.88841930860963,0.1250281712815715,0.0470945654132051
4,19,val,0,2648.2,0.0,0.0,0.0,0.0,0.0,0.0,0.0
4,19,val,1,3942.6499999999996,34.79862941044587,212.55419031810075,0.031804521522196386,26.32788570967648,22.10824951591661,0.020473736816545296,0.01962455771745142
4,19,val,2,5237.1,92.10813962080522,622.9008427885896,0.04923740942722188,72.15676022914863,47.560340372768906,0.028355768902976752,0.03613739308634678
4,19,val,3,6531.55,141.3420877770193,1261.4974957523482,0.09497469592013863,91.79741243076478,84.56773373086435,0.08257238539621098,0.03873586939164009
4,19,val,4,7826.0,230.59078015648993,2364.4064421269486,0.1555942059426052,170.56503479892626,126.88649342229041,0.13927884776845922,0.0429087017601304
4,19,test,0,2648.2,0.0,0.0,0.0,0.0,0.0,0.0,0.0
4,19,test,1,3942.6499999999996,34.40585857101297,210.57799543152305,0.029519202452680908,26.294845070580664,21.73863098425599,0.020084288360072006,0.01865898054428331
4,19,test,2,5237.1,87.7054088350404,589.082148183377,0.04682451212688083,73.44164363373551,46.16779726049458,0.02675003476957588,0.03354614463158337
4,19,test,3,6531.55,127.633253801136,1174.891155642199,0.09832404840812159,89.84660643899645,77.58691752592028,0.0881512994319808,0.0347135615414787
4,19,test,4,7826.0,220.30528277787198,2134.345670333042,0.16454828373685393,171.64663785228385,122.04790237031204,0.14820493497445103,0.03975818719081925
4,20,val,0,2648.2,0.0,0.0,0.0,0.0,0.0,0.0,0.0
4,20,val,1,3942.6499999999996,37.81848063158577,220.00982168511877,0.033031185433129995,29.632006788631315,17.277795899069304,0.025692072769013807,0.016419300390743685
4,20,val,2,5237.1,97.21232686996473,619.0253457763156,0.054349543373646836,76.03882716639987,43.544622114339404,0.034238134521108465,0.03410841521420127
4,20,val,3,6531.55,146.14486670103588,1296.482997967722,0.09306530748856567,106.53358573941318,87.79544642339943,0.07346051844747681,0.04030434846460365
4,20,val,4,7826.0,264.1058908972127,2291.583061952434,0.14115408279262442,200.79546694239525,141.45507174831096,0.12078046152264044,0.04852393206314365
4,20,test,0,2648.2,0.0,0.0,0.0,0.0,0.0,0.0,0.0
4,20,test,1,3942.6499999999996,37.30913728919916,226.81495381275457,0.03346083025055008,28.84573037920102,16.80083854459724,0.026782539781642495,0.015445974023801066
4,20,test,2,5237.1,93.93674073174729,597.5608257843933,0.054708951069343606,75.46042283916776,42.60138245462031,0.035859433553050296,0.03343577960853231
4,20,test,3,6531.55,144.31753441840556,1189.2926876226686,0.09303391360490805,103.0340286585556,84.36455238435103,0.07472193144353323,0.03875275513028076
4,20,test,4,7826.0,253.5118717323428,2204.6871491057814,0.15177133486034972,185.0021394145358,137.5795503092263,0.13128295044959395,0.04626373849487761
16,1,val,0,2648.2,0.0,0.0,0.0,0.0,0.0,0.0,0.0
16,1,val,1,2971.8125,46.56116659808163,136.15658617845264,0.03318683584608,46.44985226133258,4.478872713534088,0.032944400373477456,0.005454843228849815
16,1,val,2,3295.4249999999997,105.09859228616847,295.98140522305124,0.05813173556351581,104.85474568145037,12.459255864243346,0.05667405481037156,0.01263734687578788
16,1,val,3,3619.0375,181.85746451621299,489.32361230597144,0.0641385851877091,181.58451872591286,18.247416941790107,0.062248615745177927,0.01578199773399208
16,1,val,4,3942.6499999999996,249.27179146705214,694.293362114173,0.05747042810359815,248.82634635730483,26.424736235828306,0.05403521573189157,0.019482663117735555
16,1,val,5,4266.2625,307.8145006351747,833.1743960949578,0.062170427854890686,304.48614996703327,29.714859202243815,0.05414169981500516,0.02176074405129541
16,1,val,6,4589.875,338.6663403216299,963.8706088428984,0.0904034475275664,335.825904046942,35.588565600320976,0.08226006528416069,0.026541893026483968
16,1,val,7,4913.487499999999,388.8825722636824,1067.2311771714303,0.11497489980886663,383.62574544566996,43.307455508283965,0.10605271410139838,0.029724446258400095
16,1,val,8,5237.1,432.1740245578667,1187.3292694190181,0.13668437230784924,423.19948427197573,54.74350874608547,0.12355858932419639,0.031242204810044694
16,1,val,9,5560.7125,474.43494998475444,1351.4061986457389,0.15867831691851464,460.09179686679147,69.20971205599358,0.14749048810322463,0.03180953227074901
16,1,val,10,5884.325,496.7178409936537,1550.511777545793,0.1747130966536503,477.5967671550916,83.8299542402865,0.15993802423411307,0.035145727641551494
16,1,val,11,6207.9375,516.9396827125468,1751.3620830108096,0.19632441997017094,499.4509575350321,95.83112998390675,0.18066900739641123,0.032255992650144505
16,1,val,12,6531.55,533.6677165481092,2098.3132013148215,0.21028999703090467,509.44207751660997,107.72556238532616,0.19729213395430767,0.031544435190496156
16,1,val,13,6855.1625,580.6569855965762,2381.428678470944,0.23344413407017095,549.1191609016255,114.4292416761914,0.2168341612374114,0.03906004586050338
16,1,val,14,7178.775,655.5800634976094,2767.5497579973758,0.24303626812283152,612.4861871846861,121.3017594747896,0.22451264362733508,0.045114122042545085
16,1,val,15,7502.3875,690.5226726520937,3304.12523514316,0.26380353036636883,666.6056655908505,132.86725324911686,0.2466847026975083,0.051234762561289116
16,1,val,16,7826.0,761.90366342027,3761.4422982146034,0.2952542835417127,731.8681220888834,153.26785745958205,0.27501292706935687,0.056267336496003406
16,1,test,0,2648.2,0.0,0.0,0.0,0.0,0.0,0.0,0.0
16,1,test,1,2971.8125,44.2757860988614,134.5399095618696,0.0333888084030811,44.178827387683306,4.606126623812656,0.03284410134487929,0.0053161852635180695
16,1,test,2,3295.4249999999997,103.25697181819748,292.72470431058736,0.05761968205667564,102.98755632929613,12.577196608098973,0.05607149911001155,0.012469318296699089
16,1,test,3,3619.0375,176.53480238181984,467.7283303378673,0.06474166709772222,173.84365848060668,18.474804492875307,0.06272407156279139,0.015650883881100988
16,1,test,4,3942.6499999999996,241.01501674034864,669.8556823635502,0.05787703010213304,239.51653448536092,26.7857632906896,0.05307706027280487,0.018439904663721408
16,1,test,5,4266.2625,300.804849162529,797.7505490677634,0.06094133674411362,296.1434536395373,28.584112791541827,0.05453444819106083,0.020485303231173452
16,1,test,6,4589.875,332.3026112133682,941.0086910264739,0.0859260093552458,327.37737401488687,34.28375350959101,0.07658409089614238,0.02556783654850158
16,1,test,7,4913.487499999999,383.17026431001364,1065.0108035580568,0.11535889551207539,377.18775591162057,41.18942825304828,0.1043517391632609,0.029095420232911652
16,1,test,8,5237.1,422.7327992319374,1223.9850991931767,0.1340199560355953,409.81289271571166,53.47945089003758,0.12435077674966682,0.030843384346147806
16,1,test,9,5560.7125,458.7038670400432,1377.101441148156,0.15227186296439682,449.3551213050324,66.9837461323759,0.144122984359063,0.03069690757244274
16,1,test,10,5884.325,470.6148981552687,1614.300587757731,0.17244193259551704,453.73184485713836,83.56568743832327,0.15888094683571413,0.032935342418884475
16,1,test,11,6207.9375,516.8072715650567,1788.9124414344917,0.19759926507068384,496.1037524748839,92.52551452319935,0.18500091040007244,0.031695590275450033
16,1,test,12,6531.55,534.0537673523897,2119.380553298129,0.22249382001835077,515.5966487523358,104.26754981915565,0.2081041623413979,0.030989697755161305
16,1,test,13,6855.1625,549.0270927576546,2513.051322470674,0.24763887093012543,533.6920781971344,108.16072152719869,0.22586151907367027,0.038527816584158804
16,1,test,14,7178.775,623.6160534191129,2838.3671012679633,0.25111527156286734,605.6698396731122,113.74108471100186,0.23172820830052315,0.04504771100720048
16,1,test,15,7502.3875,683.4914055476667,3265.6478994186355,0.25989645040427195,661.9660685479971,123.22041161016273,0.24347622534599128,0.0493928711000546
16,1,test,16,7826.0,754.8048684806474,3895.518694339795,0.2714030847274784,724.3113633170282,138.74086735989266,0.2449299001511529,0.05251597459079993
16,2,val,0,2648.2,0.0,0.0,0.0,0.0,0.0,0.0,0.0
16,2,val,1,2971.8125,15.288042123977164,48.11163560707996,0.01254004222838237,13.451983451332694,4.129221480837941,0.01160541812486246,0.0038719119974106597
16,2,val,2,3295.4249999999997,30.657827271610927,115.65006605005688,0.023171744134235783,27.292152171639827,10.496916950657464,0.020660915025397936,0.008801417710854742
16,2,val,3,3619.0375,44.1619990205826,214.46612514715724,0.03398356650656173,38.62565736670831,18.087904903822505,0.02861468997242267,0.014722155670551101
16,2,val,4,3942.6499999999996,59.75231317455609,320.787043781976,0.04771042590958848,53.29328335659511,24.78029663282655,0.041270324906972355,0.020172166258519697
16,2,val,5,4266.2625,96.5390513433988,440.70963092386813,0.0526454116651226,86.56493531862708,34.19815782604019,0.042946075556349675,0.024337732555387154
16,2,val,6,4589.875,92.20502113784335,563.4615354641993,0.05770737504595669,76.48556182715538,41.47047223099776,0.044606985297512836,0.031072703895584225
16,2,val,7,4913.487499999999,121.00006100632754,755.0850080905117,0.06936643723945424,105.81518753724595,51.66974462476048,0.055034917335924916,0.03253557321344913
16,2,val,8,5237.1,181.26871952370038,968.8347997955126,0.08435840630149904,167.93284997885394,64.32507571327051,0.06918845793059403,0.03583667984200303
16,2,val,9,5560.7125,240.45756391325756,1217.71600739122,0.11170710073458989,223.37857985915832,78.57375132914513,0.09031982705454827,0.040128684909823686
16,2,val,10,5884.325,307.68578415671755,1460.5015180213018,0.13946237387831018,285.34249199554296,93.56219796991638,0.11524313665015051,0.04333020170548679
16,2,val,11,6207.9375,417.39197287341767,1785.9150698860021,0.1593692166145036,397.5261824707559,109.03457545547468,0.13541537211791965,0.043551084062423
16,2,val,12,6531.55,451.1813446719657,2153.8382861171167,0.17930217343269106,427.29677374433095,120.00079687118159,0.15881549136792517,0.046387384680154214
16,2,val,13,6855.1625,540.1203297589063,2665.819023025429,0.20570231163143105,501.6063996584421,132.27714490710696,0.17734594434858086,0.05177172585246401
16,2,val,14,7178.775,629.4403109715176,3148.0425061209635,0.2232611687344524,597.6095763556941,146.36357219615093,0.20212541831626796,0.05394010814092909
16,2,val,15,7502.3875,714.2135127313338,3701.0491815246314,0.24835781597845608,665.7563612912725,165.9409745210496,0.22843609425821088,0.05682289195635751
16,2,val,16,7826.0,779.0431450835058,4121.2768526410855,0.2666955648028546,716.9686127444947,189.06073492291853,0.2471665060617828,0.06078746293883275
16,2,test,0,2648.2,0.0,0.0,0.0,0.0,0.0,0.0,0.0
16,2,test,1,2971.8125,15.160681261903619,45.12767414790063,0.01205123957215802,13.774024986332734,3.9440482141803734,0.011033670800866813,0.003584016575734761
16,2,test,2,3295.4249999999997,30.37701798214787,107.59366229064543,0.02223182225552338,27.98842461632489,10.623842526110039,0.01986407607382397,0.008356499463849781
16,2,test,3,3619.0375,45.304019899433,201.5729719912593,0.03380071638237753,39.22682274158262,18.084852437610266,0.028630652215049304,0.013334377894024169
16,2,test,4,3942.6499999999996,58.989597774377955,320.07123688063587,0.048183790610403135,51.585403205017144,23.956132486979698,0.042165063122528296,0.018548430967865737
16,2,test,5,4266.2625,89.5310886987506,419.925992790758,0.053663332255269106,82.2343701487398,31.306633927101757,0.04441905429391005,0.02167938356166868
16,2,test,6,4589.875,88.63802429908318,530.1534188769398,0.05848848079564872,70.827428782966,36.351845873021205,0.045334563408206546,0.028208372859427847
16,2,test,7,4913.487499999999,115.89030780249487,738.55924916819,0.07089976100099066,100.244566678235,46.67331536734309,0.05707016506834722,0.028633547130361113
16,2,test,8,5237.1,173.9570963780892,951.4152270639855,0.0872421778803957,162.9159740067223,57.84101716236023,0.07473435387433253,0.03194013268593542
16,2,test,9,5560.7125,230.70473503788946,1208.6368731591676,0.11454244012942816,217.45746549274259,70.16493706128557,0.09662614620702809,0.03560581551767528
16,2,test,10,5884.325,302.8468454166173,1460.1891034671316,0.14433885929431706,286.4446223751076,85.83328750685837,0.1251759980323095,0.038825863350485
16,2,test,11,6207.9375,400.11578240461176,1790.4566119135932,0.17106592094322248,383.5143627926243,101.34971853042885,0.15384141181562505,0.0382326636116162
16,2,test,12,6531.55,435.17250752806547,2160.2723791973453,0.19516998772377586,407.7775183031065,107.46919956953604,0.1763558292761508,0.03945171092854284
16,2,test,13,6855.1625,512.4752103631351,2543.9038717074495,0.21695184420068847,485.41717040021126,120.15435664371665,0.20176863030160752,0.04410090921330798
16,2,test,14,7178.775,595.0935509015949,3043.495034416707,0.23448177665537015,572.0816686100534,130.6165070899894,0.20924482977204006,0.046965361363268676
16,2,test,15,7502.3875,675.7087385636282,3450.8436599644597,0.23863936028264282,641.960414770935,149.6235817762681,0.21621477939728212,0.04929337944957132
16,2,test,16,7826.0,742.081648626197,3890.96528996229,0.24884275290824182,700.5160912647739,168.9028541579205,0.22884672827457042,0.05196748631544927
16,3,val,0,2648.2,0.0,0.0,0.0,0.0,0.0,0.0,0.0
16,3,val,1,2971.8125,14.409856250090058,45.87411021616987,0.01094171882710937,13.150280556459393,3.5816057448130323,0.009438225886129747,0.004241744441330075
16,3,val,2,3295.4249999999997,31.87976323378905,107.90550786482527,0.025008823533512192,29.064126019392234,12.713116849198514,0.021774616728089183,0.010082492830715273
16,3,val,3,3619.0375,59.956184683311875,217.11571121034368,0.039089685656482076,54.09969961915806,17.371337962572397,0.03345352299752996,0.015396610040390585
16,3,val,4,3942.6499999999996,93.24739609320432,364.7699160360048,0.055165811042284796,84.4806195957375,25.234103603736457,0.04807362671875072,0.020106102740651693
16,3,val,5,4266.2625,102.37535322325897,449.27022058686225,0.052801788075818035,93.2590679298606,26.831211525013998,0.043771316355974144,0.023846836218458303
16,3,val,6,4589.875,112.8405774294663,576.1326376898975,0.05786671455788178,104.67849895968584,32.89584521313316,0.04516265256465993,0.030125212371098775
16,3,val,7,4913.487499999999,171.34893641770077,774.4402175255344,0.06927148235042618,156.16081172262497,43.48486919755601,0.054404376937956626,0.03501899805974373
16,3,val,8,5237.1,217.07000819287714,1027.4156404110263,0.08913619235980524,198.20691919862554,56.79362899395812,0.07137240670704315,0.040141916696351254
16,3,val,9,5560.7125,264.2597392425614,1323.2775981311347,0.11203442867546709,250.21405756828585,71.5306293254514,0.09690930532945535,0.044969771551939264
16,3,val,10,5884.325,332.5523090355773,1588.8969570537815,0.14610090205254,310.6165334639286,84.75441785520132,0.12835082179468715,0.04713230113827932
16,3,val,11,6207.9375,376.71749746854744,1833.2230919475214,0.17313921124702258,350.6207995000068,104.07957390009415,0.15811851528228782,0.043664813194239926
16,3,val,12,6531.55,474.58160563911633,2189.5422943107337,0.18819168274725356,438.4929619527611,113.25227495225931,0.1703280238954663,0.04341970613179133
16,3,val,13,6855.1625,539.0425010800186,2672.7564800980526,0.2129416619554847,503.9195588100256,130.97022587180618,0.19489142848133634,0.046397639176583294
16,3,val,14,7178.775,628.4516034360453,3044.8416400631672,0.2435815095078453,583.1705837914285,153.28652205545268,0.21664270116664164,0.051480910780846156
16,3,val,15,7502.3875,704.679336951358,3599.8875637801643,0.263381232112829,657.2277748683746,167.6499702689398,0.23736537854784912,0.055120846202988405
16,3,val,16,7826.0,779.9756873844217,4268.837348552617,0.28088222545902264,724.4656346774718,181.8208608578331,0.2578505697668487,0.058569298843836465
16,3,test,0,2648.2,0.0,0.0,0.0,0.0,0.0,0.0,0.0
16,3,test,1,2971.8125,14.50369867949064,38.422199196335164,0.010297013846733913,13.448382091693745,3.024654582439723,0.009018961519790397,0.003832090964984297
16,3,test,2,3295.4249999999997,32.43097638492998,96.42990966034299,0.023846753297557255,29.42306247119575,11.26337704292979,0.020334159330838777,0.008881714269880735
16,3,test,3,3619.0375,60.524225170013324,203.1685660944753,0.0364797987668225,54.649287615297304,16.706046258050833,0.03127991339156935,0.01338909467751316
16,3,test,4,3942.6499999999996,92.25276663352133,350.234796854463,0.05231375775467326,85.66749597811096,24.107171778204872,0.04605848365001747,0.017561065461788906
16,3,test,5,4266.2625,100.38315091040317,461.57026629691563,0.05277146766672833,89.99777993692248,27.179298674845143,0.045492624325139605,0.022449539578039274
16,3,test,6,4589.875,110.52854719078908,606.9580276217757,0.05909493212300637,98.85638118616669,31.621973573017215,0.04509017625237144,0.026831336222936375
16,3,test,7,4913.487499999999,164.26479248045035,784.5505742022939,0.07179483377738266,153.15518707781095,43.39069739727108,0.05542197275433189,0.03179939725740692
16,3,test,8,5237.1,208.44925325784124,995.6763500728982,0.088972936036609,197.97248195259698,56.630330194749945,0.07537661362023779,0.03582845224108129
16,3,test,9,5560.7125,257.7210206522196,1215.1315621093404,0.11440002579081107,247.75177816853144,70.83599919384653,0.10148831225605115,0.03934763406586786
16,3,test,10,5884.325,318.1464825771592,1419.7129641430045,0.1479760084086793,302.4979614600056,80.37061718388827,0.1319878195863433,0.041959089032041555
16,3,test,11,6207.9375,356.67618506098364,1703.082213631678,0.18012981418436685,336.54058862256875,95.53242890591207,0.16779737232787417,0.038169545720917034
16,3,test,12,6531.55,443.4935349505409,2066.2110231207243,0.200333962075111,426.34497980026254,104.80365289647153,0.18265129608328878,0.03895056476297971
16,3,test,13,6855.1625,502.2952536326173,2570.401370129031,0.22212760500808781,482.0553315878655,121.27159076312921,0.20479279805650508,0.0417716919467832
16,3,test,14,7178.775,586.8209882135886,3177.4987030224347,0.24041650701883688,566.559151096378,135.60808571764937,0.22119583623683714,0.045228851715270815
16,3,test,15,7502.3875,683.5337727966327,3755.6471049961838,0.25331154237009934,647.1082454573889,154.07113257333904,0.23093395439896525,0.04899754387687047
16,3,test,16,7826.0,755.7125816415464,4191.38445429269,0.26945769899878147,715.4572793064133,166.5442659350731,0.2459248485243981,0.05214602760644435
16,4,val,0,2648.2,0.0,0.0,0.0,0.0,0.0,0.0,0.0
16,4,val,1,2971.8125,26.56274609523024,56.63130054094406,0.013749895953152347,25.402222399492302,4.021463079936893,0.011234295616169288,0.005345297563921769
16,4,val,2,3295.4249999999997,61.09024257773399,141.6280775302084,0.028945150870852976,58.65340249599171,9.328703314523068,0.0245859353376586,0.011030581658938443
16,4,val,3,3619.0375,87.83816874841932,248.56482773126396,0.04412782071570864,81.26142545202697,15.195458130506267,0.03817958203934657,0.015040373175068122
16,4,val,4,3942.6499999999996,112.00940552532757,382.0870613790841,0.05489448661979632,101.7344358047012,21.64096281862271,0.04701239346711905,0.01795503857962826
16,4,val,5,4266.2625,143.17066863836203,539.1701721007361,0.05203817057330973,126.70790238638574,33.88154796425624,0.042912235542945376,0.021283096189792655
16,4,val,6,4589.875,184.05885670040334,700.4414480852599,0.057138675541759665,166.43801008586934,44.33756127906463,0.044660008922392525,0.030320405548091983
16,4,val,7,4913.487499999999,234.7588436398027,957.7914067731217,0.07045283289984494,215.36862059892314,57.42569183380297,0.05723426140468932,0.03861565409547796
16,4,val,8,5237.1,292.57696461718297,1196.581380214456,0.09458696364057773,272.7381147034862,58.57726980082134,0.07613640837161872,0.04083283773831381
16,4,val,9,5560.7125,352.9055547340363,1447.7388745062963,0.12587602330316194,324.9424761220894,66.50922121747271,0.10536207697225963,0.042112016486864357
16,4,val,10,5884.325,411.5768338828616,1701.9510958790981,0.15827426428700886,382.33629722557083,76.96173169389908,0.13197447091828352,0.04640809065863637
16,4,val,11,6207.9375,471.32719538922174,2100.5369407927383,0.18205975271248787,431.45420411425306,89.62736720059183,0.16565939376526895,0.044778749055945186
16,4,val,12,6531.55,536.3979527933225,2467.234448001312,0.2085997094582459,496.1380277026137,108.88194093666925,0.19021453001336064,0.046716840041264446
16,4,val,13,6855.1625,614.5736408025471,2803.9402863681516,0.23468867685377814,574.284426450788,127.4987565424226,0.21279630992937504,0.052633709757950176
16,4,val,14,7178.775,702.424373643936,3360.792914765479,0.25999541503037016,662.7521133045775,147.47233340949606,0.2387469031909506,0.060431275381682845
16,4,val,15,7502.3875,767.6023214128236,3843.7718959298527,0.283784396526765,724.0972836403898,163.29652391033278,0.2665117402578382,0.05982956099147285
16,4,val,16,7826.0,832.6737397185298,4569.417584596783,0.30705018566024034,776.7713385666184,189.4400704101713,0.2879433933180159,0.06046169988947747
16,4,test,0,2648.2,0.0,0.0,0.0,0.0,0.0,0.0,0.0
16,4,test,1,2971.8125,26.708163704464383,55.75551474275821,0.013065601013835526,25.214315814221067,3.8832548095797392,0.011252413057939965,0.00519937243065316
16,4,test,2,3295.4249999999997,62.26190540191112,137.57218877120678,0.028536117786952947,59.46625565832697,8.942651604321838,0.024055160779792514,0.010496400215082458
16,4,test,3,3619.0375,88.39237816134471,244.37083838366357,0.044101182837746195,82.9202081634719,14.407939725771257,0.03731681891968458,0.014207031245402554
16,4,test,4,3942.6499999999996,114.42526884771098,384.31874092170267,0.05430273233976088,108.91264480541452,20.51731046825722,0.0479723776305287,0.017416759307632527
16,4,test,5,4266.2625,142.06140893984553,536.9939958434286,0.05307989325271955,126.49549239473146,32.20274766370679,0.04473379221663597,0.021430553882121825
16,4,test,6,4589.875,180.30454978254085,712.3910121418761,0.058999189506418484,161.02991467356276,41.75640403743497,0.04731525709740503,0.029913660631215
16,4,test,7,4913.487499999999,224.4371947099566,906.5246095391971,0.07507861142049421,208.32545046958018,55.556623615402145,0.060779090358766,0.036907361896364524
16,4,test,8,5237.1,295.83301919226557,1170.5974612175369,0.10048877383990462,274.6766221417687,58.172656944194046,0.08583743030211519,0.03784429334412198
16,4,test,9,5560.7125,357.4735633466446,1461.3611778826773,0.13559177531954902,337.915820795331,63.74492869518633,0.11323787896032333,0.0391179037704005
16,4,test,10,5884.325,413.4337332858422,1788.0150213484856,0.16901004053235247,393.42289248827456,75.38755187759216,0.14911690803268846,0.041847930211291046
16,4,test,11,6207.9375,460.8303583838307,1995.052629753577,0.2023965894465997,432.21857870758384,88.79121731478712,0.18731079212464322,0.04236104845539462
16,4,test,12,6531.55,528.8785559364442,2407.8776859414957,0.23845631232378636,500.6919997116022,107.87866438091243,0.22204191673591556,0.04411820645438408
16,4,test,13,6855.1625,597.5537993885638,2810.7797952735086,0.26040202281983615,566.3632443256716,124.40283858798296,0.2432756908585694,0.05135074597961871
16,4,test,14,7178.775,695.0491005303974,3293.5912742915693,0.26919658014128156,655.3540805866267,145.38643393841255,0.25411531342645066,0.05633207652922488
16,4,test,15,7502.3875,775.5456284423872,3818.2086527584393,0.2871559678863031,733.3671616086974,160.49961810510638,0.2688093821003809,0.055537746553874744
16,4,test,16,7826.0,841.1079317534984,4443.245415626887,0.3083652662774494,803.9302047667718,183.6588269668188,0.2902871860025538,0.05668250455754566
16,5,val,0,2648.2,0.0,0.0,0.0,0.0,0.0,0.0,0.0
16,5,val,1,2971.8125,24.25978139478957,65.96704955527593,0.010189846168684458,23.018243869444177,6.514498623062082,0.008765126217405439,0.004406566206031914
16,5,val,2,3295.4249999999997,46.29119277484506,131.14470942586365,0.020900577684220684,42.908756782395585,11.313846670788053,0.01757186837084222,0.008983972177793731
16,5,val,3,3619.0375,76.58962242597767,234.3535942020715,0.033427955876016296,69.7756260284379,17.087812325144114,0.027906874177655028,0.013693611376260767
16,5,val,4,3942.6499999999996,110.17354752925712,386.05501497875076,0.04663541829897158,101.31550144873813,27.94586030501023,0.03853659644766777,0.018291002037772
16,5,val,5,4266.2625,114.50965333128238,494.8339983746933,0.04806439749630194,99.36977190665175,30.683202386917685,0.038717496516035496,0.021988566030726325
16,5,val,6,4589.875,122.16044405067805,617.6926673910926,0.05722025144816456,105.84011210920607,33.844646772976716,0.044518652182801155,0.029215884308347873
16,5,val,7,4913.487499999999,163.2486874286485,757.0307324249029,0.07398256904291023,145.26286220162632,45.911117836851645,0.05646323908109485,0.035051472803169365
16,5,val,8,5237.1,220.43102440043327,1023.2640640850926,0.08884361729859236,197.93010439922654,68.5474496438232,0.07270726639178188,0.03871240472157894
16,5,val,9,5560.7125,275.8564902302112,1276.9798143615565,0.11229990822851318,248.15551512989487,86.03202504485807,0.09688416916664444,0.043450081360488224
16,5,val,10,5884.325,341.6118989366055,1468.3448750207017,0.13856789090732624,314.4290298689896,102.44125911532365,0.12516956570443605,0.04890977303050048
16,5,val,11,6207.9375,410.4654570388675,1854.4707134205619,0.16333119287592623,380.8706525922503,111.77854771498374,0.14631515270555062,0.04913673491985064
16,5,val,12,6531.55,462.62135962945194,2238.1977754505206,0.18624800037107814,424.66477475284137,122.61411014729617,0.1728073213942971,0.04894669774690172
16,5,val,13,6855.1625,536.5326966561952,2747.542656305171,0.2090437633165132,497.26874930244236,136.4180584195651,0.18983135074431,0.051928903986342506
16,5,val,14,7178.775,606.9506917046397,3321.6075050657587,0.22526958396987262,559.9142196565481,154.8547340124351,0.2064015983027634,0.05687038900635544
16,5,val,15,7502.3875,682.9112945999896,3959.78631022807,0.254135639317532,621.7091901814626,168.3317308503547,0.23468348865166022,0.0606626644381672
16,5,val,16,7826.0,756.1340730716211,4484.38858197107,0.2792719347574357,692.4744126697533,190.38417991777123,0.2609454307673509,0.06191375693924417
16,5,test,0,2648.2,0.0,0.0,0.0,0.0,0.0,0.0,0.0
16,5,test,1,2971.8125,24.809689516863465,62.62802864462458,0.009814408729951277,23.693968128409182,6.385226121238929,0.008600062466642203,0.0043582411361538925
16,5,test,2,3295.4249999999997,46.91686327828393,121.28593219259331,0.02039746226387834,43.63183413428828,11.154539198358293,0.018276261684536683,0.009058801627248245
16,5,test,3,3619.0375,75.28495357664156,224.59994438334584,0.03374502652118798,67.86085145539289,16.3141043711299,0.029951363756129668,0.014072588888996984
16,5,test,4,3942.6499999999996,109.2214480775322,380.5047955851166,0.046844046343648416,100.47166478321401,27.10139155507818,0.04150644540603168,0.018072261269711648
16,5,test,5,4266.2625,113.48276680923419,467.86344612166744,0.04954590365259526,101.99023704384302,28.655755630744295,0.0420959515291721,0.020727622813871555
16,5,test,6,4589.875,122.01129188389714,611.0675522397237,0.05914077859627968,104.81113972620193,31.69963980492696,0.04778406574496019,0.026860973283278702
16,5,test,7,4913.487499999999,160.42287127206123,798.6406918946955,0.07499900388495406,142.76203361995243,44.00279873869728,0.062042928960892585,0.03256235987690419
16,5,test,8,5237.1,219.19689986501822,996.7375500416503,0.09115388421472342,201.62446854122607,66.0144585340916,0.07680888774565936,0.03597895884488228
16,5,test,9,5560.7125,274.55340575949094,1175.15547989631,0.11655392991461594,250.19028461831283,86.64042479502542,0.1019108082645076,0.04083835001342413
16,5,test,10,5884.325,338.4560691119418,1411.2696793769614,0.14582177076523373,312.4128229569294,103.76311110060499,0.1327297175266924,0.0459165916776947
16,5,test,11,6207.9375,411.8533347358806,1800.6453749409925,0.17779275963747398,376.81061114966496,109.40559963967544,0.16178660493026964,0.04664122347784044
16,5,test,12,6531.55,456.0618222229209,2186.2500485440883,0.20036115984059522,423.3312074978812,116.64720702862041,0.18851559032739829,0.04678692332928981
16,5,test,13,6855.1625,530.3061678274971,2750.7966964088896,0.21437650257671426,500.39776067103503,127.48505692917433,0.20054700927400748,0.047857853476106736
16,5,test,14,7178.775,596.3158534301556,3315.921316556042,0.22268153907078342,556.1568314319913,145.27411648870014,0.20385344104399683,0.05084208791396663
16,5,test,15,7502.3875,673.6394652345439,3753.112281308205,0.2423678475274721,627.82172531427,160.666676724027,0.22439157957802533,0.05553083100557363
16,5,test,16,7826.0,755.8689045779374,4428.385183971609,0.2665394704102486,701.4948001950643,181.01449478997722,0.24509285670550052,0.05684148154202172
16,6,val,0,2648.2,0.0,0.0,0.0,0.0,0.0,0.0,0.0
16,6,val,1,2971.8125,16.917594422281468,47.31325441366748,0.010719871426645433,15.078692542900285,5.688878897956329,0.009154839596386272,0.0049928157176137855
16,6,val,2,3295.4249999999997,38.992350353623806,114.64134101682065,0.024108475764478277,35.79052617334355,14.11738785941452,0.019775749682278583,0.010660200198749081
16,6,val,3,3619.0375,79.7074599769303,225.55196199538082,0.04204576218534706,71.7807964470154,33.193758189781875,0.03407832485922621,0.018075329449220717
16,6,val,4,3942.6499999999996,104.52650066253,365.81793756346553,0.05229206917690271,90.313287448188,46.87916125959646,0.042858089956228015,0.024492198895470496
16,6,val,5,4266.2625,119.00171151489758,502.5483054531517,0.05286247797921598,99.50018628154567,50.326044848588936,0.040274664419158446,0.028901832885185746
16,6,val,6,4589.875,142.86226085312137,660.1931904758562,0.05414119392099098,119.78482600524387,56.37729746297282,0.03819831480841862,0.03202333754603881
16,6,val,7,4913.487499999999,220.01583037997818,889.9786623721513,0.06744570472938874,205.25553272399577,66.43723009537439,0.052291292120532074,0.03495755784348187
16,6,val,8,5237.1,325.20405213927006,1131.181085919667,0.08843827748846594,308.1449723783862,75.07047028245495,0.07038730886067823,0.036818241391569154
16,6,val,9,5560.7125,423.1483905402058,1423.13627491287,0.11408187330308461,406.29959148606076,81.75664497863977,0.09059996922392011,0.041852421521792506
16,6,val,10,5884.325,506.50369049913024,1656.7219379435726,0.13686010531704929,484.45496525687304,88.02432820675676,0.11621514249175735,0.04613912588911223
16,6,val,11,6207.9375,616.4642944181509,2008.9060668688371,0.15108265251684294,598.3850095544767,96.5703672032987,0.1328364073976407,0.04672781468673809
16,6,val,12,6531.55,733.6501786469967,2465.627103956953,0.17969357411184994,709.5487353353747,106.07858878348253,0.15924020281585238,0.047398663051409495
16,6,val,13,6855.1625,827.3625449204758,2977.800238778086,0.21159443583926296,805.8631762820596,119.34103597610601,0.1888805901859858,0.05221434686143375
16,6,val,14,7178.775,921.4263837837962,3484.3139041190957,0.22293582821754365,889.9147113759227,136.4360888772751,0.20514541276617226,0.057887208150248295
16,6,val,15,7502.3875,1003.0876785209557,4068.2031629789394,0.25606458520643915,953.6158014013836,154.06480188264027,0.23089921188534923,0.06024016669256907
16,6,val,16,7826.0,1046.5614773398215,4752.265234188791,0.2824776401385565,999.3492847020207,174.00890196461205,0.2666896693388904,0.061893231402800064
16,6,test,0,2648.2,0.0,0.0,0.0,0.0,0.0,0.0,0.0
16,6,test,1,2971.8125,17.082741776661692,42.205937501622515,0.010525793010301033,16.06982338283558,5.332502528887062,0.008757887261299016,0.005075604010996819
16,6,test,2,3295.4249999999997,39.50482504887276,104.13062344746535,0.023702620578387734,36.18113557216596,12.85926692440853,0.020129713378472906,0.010393242056743607
16,6,test,3,3619.0375,80.32526703618714,224.09617796749805,0.041952764256562164,74.1095029074259,31.148837128554874,0.03511845367437172,0.019422626830479725
16,6,test,4,3942.6499999999996,104.86531165479818,367.54945732868407,0.05333989396798938,92.32402500208359,42.862129116763015,0.044175089743562004,0.025271099348155024
16,6,test,5,4266.2625,122.96542744933703,507.4790994909606,0.05420566107196961,102.6698428727002,47.146928421540224,0.04276195942788663,0.03063092970510134
16,6,test,6,4589.875,144.10385594314334,661.4478911732884,0.05724762427625901,124.37062355495954,52.3459300781397,0.04123967464566072,0.033798839739157364
16,6,test,7,4913.487499999999,224.3745493336995,847.8756483681252,0.07252442787788853,204.06786787459995,59.720734943734755,0.056565521274405325,0.03744931585923997
16,6,test,8,5237.1,321.8398781284808,1097.226550790065,0.09244623283266584,306.84267390540754,68.28870592724456,0.0754043397128562,0.03857207822326007
16,6,test,9,5560.7125,419.8476097294623,1389.8868304874948,0.12087150351165754,404.24450135491696,77.37888424286155,0.09823598714236212,0.04157582781183673
16,6,test,10,5884.325,510.5284096032108,1670.0506674241878,0.1508701390060957,492.3529166712548,87.27416344274275,0.1274552227651382,0.04560332670003331
16,6,test,11,6207.9375,620.6653684826335,2017.3239106496576,0.16914405451344885,604.7847742623986,97.96295739253935,0.14923284091404587,0.04684835925418754
16,6,test,12,6531.55,739.2468641881749,2469.1998758824448,0.18852041166324274,720.1096418315628,109.04606203838085,0.1715305950062418,0.04914909697636581
16,6,test,13,6855.1625,831.1428399673205,2927.0782456002016,0.20627167361765478,810.0546238644099,124.18883630036248,0.18750439946045236,0.05274451700550825
16,6,test,14,7178.775,911.8254382499345,3586.717670779352,0.21914341490677017,886.9620566200638,135.98756154988223,0.20301230240316742,0.05858241352008292
16,6,test,15,7502.3875,987.956232417158,4255.7490862110935,0.2387287024498315,955.1222804128656,155.96148102429908,0.21987394516702688,0.06043839514408532
16,6,test,16,7826.0,1051.0685470853218,4785.604251320592,0.26202306027122213,1014.1910077506111,174.7853517744069,0.24926664430444112,0.06325650780450898
16,7,val,0,2648.2,0.0,0.0,0.0,0.0,0.0,0.0,0.0
16,7,val,1,2971.8125,20.820300839972106,50.97564802667305,0.013035436074129714,19.06469721630799,9.03382364080585,0.011181174767470325,0.005795900552333505
16,7,val,2,3295.4249999999997,42.6820936509813,117.79723878300291,0.028977565821021456,38.206249199959075,19.3942498977151,0.026186003016306914,0.010883368186942466
16,7,val,3,3619.0375,76.81230316671872,226.48732306380577,0.04217491939414314,65.41660095189172,39.15771452688688,0.03818598812685425,0.016170850693664196
16,7,val,4,3942.6499999999996,93.9884972857925,390.8470293721564,0.05843740024530364,76.86303726519128,59.291387002815554,0.05046266956920675,0.022985466233062246
16,7,val,5,4266.2625,112.06266562504652,555.9049635035856,0.055507902505767814,93.38577767277911,65.06857079355655,0.04677248979580162,0.025095246968288853
16,7,val,6,4589.875,135.8661925544311,728.8272075709964,0.06249632594967913,108.15215407228607,71.12014826827817,0.049897688233380144,0.03050296510599985
16,7,val,7,4913.487499999999,179.12678813289062,936.0907670820517,0.07764534282550528,154.72310536216582,83.56118669883017,0.06124129571969533,0.03623711827580728
16,7,val,8,5237.1,244.08282719701901,1198.8259919956226,0.0965626143869247,216.90594150719278,97.4274319528945,0.08055501764922535,0.03892712191853713
16,7,val,9,5560.7125,304.62821309971844,1402.07259081709,0.1191170190350116,282.77636693860586,112.00961496899708,0.1009618410792168,0.0455079648094478
16,7,val,10,5884.325,376.1505839919579,1668.4876439056586,0.1425893371987813,353.57307426232865,126.12792277572282,0.12324182008609241,0.049393255974371914
16,7,val,11,6207.9375,458.66565496597644,2037.984076152769,0.1592088393934793,429.6564526902671,138.19127128689956,0.14477720801668592,0.04703267323693042
16,7,val,12,6531.55,546.8915105961969,2418.474159563134,0.17642446198790074,516.040941157371,157.42960152951468,0.15729894852237192,0.050004692832797404
16,7,val,13,6855.1625,654.3873111165794,2915.2658973008743,0.19134318420063745,620.3046833388726,176.58556884248355,0.16843845583031092,0.052970970829588
16,7,val,14,7178.775,737.8516315081924,3464.040666246576,0.2192323724674594,707.7186464238991,196.41457078989788,0.20179787186380693,0.056826681116218386
16,7,val,15,7502.3875,805.704061626102,4043.903616382947,0.2558215678602205,749.7415064152619,217.84776270573047,0.24137557185210934,0.05836805706670167
16,7,val,16,7826.0,840.4150234782151,4510.430888315238,0.27865973985831405,787.6706946357217,235.755220497893,0.26573022832507287,0.060986477763126656
16,7,test,0,2648.2,0.0,0.0,0.0,0.0,0.0,0.0,0.0
16,7,test,1,2971.8125,21.170160385942438,50.537218331591326,0.012608047997979613,19.192095301903578,8.163619884044238,0.010624743791372987,0.005682086067246338
16,7,test,2,3295.4249999999997,43.48066208789447,110.30757595410849,0.028376431305003905,38.84432465409304,19.172834451197218,0.02568894729149465,0.010678539116173655
16,7,test,3,3619.0375,75.29236169423115,213.4214948444805,0.041639424616130016,66.20027454278966,37.775198598421156,0.03646778045487877,0.015931729712275258
16,7,test,4,3942.6499999999996,93.64698282701056,374.5639719482377,0.05502626079818135,75.2053505457031,58.094208055685215,0.0473560705368057,0.02211430819050106
16,7,test,5,4266.2625,108.86477236091562,530.4935901215089,0.05583795191928427,90.14186408845148,62.67780273147139,0.047712086575713714,0.025154075258047512
16,7,test,6,4589.875,132.84469389924425,685.950474222309,0.06261777289107845,108.8437032179681,67.77104454511829,0.05040346341445793,0.02968579978589181
16,7,test,7,4913.487499999999,179.22164922259043,911.6026687136391,0.08032403642940084,156.84839535457053,76.43617120718815,0.06329666972561526,0.03494085160356524
16,7,test,8,5237.1,240.53239577821728,1128.6084864573309,0.09797050910885508,221.19004928416075,90.33206293267426,0.08256674057802518,0.03963724400262965
16,7,test,9,5560.7125,302.88061065709826,1401.9769299075451,0.12039907686100387,285.01996583838365,105.01122114792594,0.10523600574141243,0.04286514182871154
16,7,test,10,5884.325,379.60855162729604,1645.6842152377806,0.14239912583919462,361.4116795154061,117.90040215448272,0.1284783563601788,0.04733173439989448
16,7,test,11,6207.9375,456.1209059141174,1994.809016896565,0.17069162610434604,438.00906530272243,132.13660934694005,0.15921848038833938,0.04658517661981776
16,7,test,12,6531.55,532.6159989120854,2370.1606793815204,0.1881560865545813,509.938101741227,150.74201446708457,0.17602908341463053,0.04847061740263087
16,7,test,13,6855.1625,644.436489180606,2841.2744199185217,0.20909992742471073,611.9758222170901,175.32299994693943,0.190738988080294,0.05082290094691154
16,7,test,14,7178.775,726.3449336923884,3316.3905190320074,0.2204886555399882,686.7576619583247,196.5191147598162,0.20692313449778565,0.054757533553577084
16,7,test,15,7502.3875,783.9711909214628,3907.1232031755076,0.24574364647506064,742.4301934735809,222.547348814345,0.23523685694359572,0.05602695397437414
16,7,test,16,7826.0,820.8779920988718,4618.117060980055,0.26027486333999805,783.1229903568584,241.3123309636802,0.24239972051692815,0.05893559928713075
16,8,val,0,2648.2,0.0,0.0,0.0,0.0,0.0,0.0,0.0
16,8,val,1,2971.8125,23.076588970710077,57.41627609777421,0.01086432560539613,21.914543234373696,5.302591752762709,0.009432804397482841,0.004054094860077989
16,8,val,2,3295.4249999999997,50.3914770840197,128.21704018239188,0.024213639669829617,47.576841874715114,11.405792054695496,0.02015337983549137,0.00893652991063032
16,8,val,3,3619.0375,82.57735221809526,254.09209067794615,0.03701933046012726,78.49925870135621,15.83840641890788,0.032036320732800605,0.013818269812615469
16,8,val,4,3942.6499999999996,115.43532666172496,431.39706753781564,0.051429796334072006,108.05752964090232,24.82863470538632,0.042622896364787055,0.020330499487040965
16,8,val,5,4266.2625,140.98936197046896,581.4578782642399,0.05559768417554359,129.06302961829397,30.84859317749533,0.04469949028829828,0.025205167629886033
16,8,val,6,4589.875,182.90523674851045,765.6286712065929,0.06535456122040706,171.30923069689175,42.076670907903235,0.05151514164224158,0.03249939796715062
16,8,val,7,4913.487499999999,253.13485739300745,1025.8443601346705,0.07985166119374443,240.37423314200623,70.15601200802735,0.06015309894224531,0.03870065887187808
16,8,val,8,5237.1,345.2905240950628,1310.280118209233,0.09065777153982602,325.4113228889537,93.18813405189985,0.06995172327325938,0.03993971789942319
16,8,val,9,5560.7125,437.9742039291443,1662.0567519729334,0.10639545639494485,419.17680111767197,125.06940619138618,0.08356698697193146,0.04729374175778574
16,8,val,10,5884.325,515.135149781571,1961.9889100619168,0.12728012142719514,491.9037254105092,153.10672101406908,0.10349338136020347,0.05366762984914189
16,8,val,11,6207.9375,597.282364380419,2338.2039123404734,0.14391911389166623,571.8347355528124,172.4589886313197,0.12235755898726969,0.05140035843629459
16,8,val,12,6531.55,674.5645054817828,2830.52676688561,0.17063523813667936,649.3965170421916,189.15016752589509,0.14901168012254606,0.05402093456592649
16,8,val,13,6855.1625,780.3171378859588,3414.799093114696,0.20255034763683177,758.3403146713863,203.05932275991267,0.18007340451670073,0.05770353969280009
16,8,val,14,7178.775,848.1056629360069,3963.8077059367633,0.22219557932284806,824.0285044802249,209.29126432412204,0.20081368438085168,0.061090526652055055
16,8,val,15,7502.3875,919.9858372005565,4553.732390698569,0.25226130974087546,878.3148887474681,223.99438969443963,0.23190927631228098,0.06402659334910077
16,8,val,16,7826.0,967.7665986405941,5196.680230358855,0.2786993716240582,931.6295316194783,243.2327706631554,0.2644475882133679,0.06731760559391953
16,8,test,0,2648.2,0.0,0.0,0.0,0.0,0.0,0.0,0.0
16,8,test,1,2971.8125,23.184283906168446,52.06860980488096,0.01062482748972332,22.012683025401714,5.183996415423664,0.009178513523652839,0.003916085348809259
16,8,test,2,3295.4249999999997,50.063000595528706,115.43615711864987,0.02371365435132342,47.62532845380463,11.778785456883156,0.020152810695545316,0.00815217340833195
16,8,test,3,3619.0375,83.41208236081599,238.65648021286677,0.03733909322678475,80.09606626560384,16.553614510876002,0.030857656565883712,0.013526064716863628
16,8,test,4,3942.6499999999996,113.05228116924582,406.96956422030166,0.0519944453938226,105.54934415561235,23.469925311218276,0.041974389741513546,0.020566643136533252
16,8,test,5,4266.2625,134.73385981379238,583.6903087989482,0.05706796473875682,125.71182219068788,30.1445778559426,0.04501047698095284,0.024123627067246245
16,8,test,6,4589.875,171.52785969275186,802.1886007593121,0.06555516759972416,163.28648554634384,42.15408851940694,0.05284724166611243,0.03031401672063186
16,8,test,7,4913.487499999999,245.16959869900035,1025.0943029298826,0.07833280278429083,235.26076086473324,71.37416677019814,0.06259274965336736,0.035366046898872155
16,8,test,8,5237.1,340.19274762738405,1308.3743766267382,0.08865068765331885,332.31863442843235,92.54186037044576,0.071213265434307,0.03809373319813708
16,8,test,9,5560.7125,439.263179747968,1626.015314895383,0.10691450650168743,427.8783876056025,118.96247145337657,0.08643364297667745,0.04344889485742402
16,8,test,10,5884.325,518.1902265340241,1911.8777801405909,0.1315250542147338,504.11580871624295,142.2579419465677,0.11195066040074753,0.04872271699399994
16,8,test,11,6207.9375,589.8892772123361,2253.016444060856,0.15439523999283972,575.841771682728,161.66368610134896,0.12558032438945987,0.0476491306874785
16,8,test,12,6531.55,664.4756349673893,2743.9504839816764,0.17402536132759974,651.3541433610897,175.4430701134737,0.1503963051219387,0.04966999713230925
16,8,test,13,6855.1625,764.772048200502,3298.8698245510272,0.20224715454496972,747.645780377411,192.68150361722292,0.18535417869345802,0.053588295684656694
16,8,test,14,7178.775,837.9830013178662,3769.659413271238,0.21719055424845868,823.293019446595,200.1040968349912,0.19399583298716078,0.05766947424937913
16,8,test,15,7502.3875,907.6169717272364,4382.0501169750705,0.24183316538612526,887.3601784200957,215.90450539234496,0.22204148109272737,0.06154292663812164
16,8,test,16,7826.0,971.1077053271424,5071.978340326789,0.2666326486493939,939.1822940022791,233.0522724329045,0.24910311968027316,0.0631852033363958
16,9,val,0,2648.2,0.0,0.0,0.0,0.0,0.0,0.0,0.0
16,9,val,1,2971.8125,20.220063648736186,57.30596986729849,0.012563025285466586,18.576409193656218,3.8347599341719274,0.01010793476308473,0.005836658455375676
16,9,val,2,3295.4249999999997,45.98851091668621,139.86831408632253,0.02848996208350274,41.43242320296281,8.49523730778401,0.024328312147078694,0.011292053503905719
16,9,val,3,3619.0375,78.54794400009268,246.50458631400616,0.04343569661137414,70.67679549113848,15.181013090142415,0.03722238718970039,0.015410074375915572
16,9,val,4,3942.6499999999996,89.23087991534828,386.7566739802951,0.05196373731577216,78.93315692714964,27.726546509086347,0.04311253241379154,0.02000052411445241
16,9,val,5,4266.2625,114.28749926701798,564.2408134779057,0.055615510396483936,98.0359508224069,39.13876021341878,0.04461307077165133,0.023116064584847995
16,9,val,6,4589.875,169.09033970660482,804.3665511508237,0.0650182836548982,151.41258293317605,49.88255442808054,0.04866198670719357,0.03007849771866078
16,9,val,7,4913.487499999999,220.9425964792331,1065.4417590666299,0.08081523593848894,197.3306722883308,59.50668100189915,0.06253839262170685,0.03834983635578326
16,9,val,8,5237.1,290.7665998984825,1360.8071446377946,0.09567157664638892,269.12342295247527,71.42515432502705,0.07762385216067424,0.04036555269763126
16,9,val,9,5560.7125,361.8608728620902,1703.1026541205492,0.11868662842430544,336.2227463701615,80.15175521342144,0.09855440553239309,0.046076655564164515
16,9,val,10,5884.325,435.81140697077103,2053.211574422477,0.14654493634613797,412.79570866981885,89.54856348573514,0.125771635349603,0.04971919449243273
16,9,val,11,6207.9375,512.463072691645,2395.0477310946203,0.16993801611051018,489.4669394495281,97.2233902631956,0.15296826073873948,0.0488688825902861
16,9,val,12,6531.55,601.8315086408847,2893.7093180313886,0.19848426103574734,572.1015075502294,104.92137604437346,0.17790900292655176,0.051718053175831
16,9,val,13,6855.1625,707.3826997306298,3382.642654444948,0.22887804092913688,676.0453591893452,110.0037335482611,0.20199192673803212,0.05654394902782252
16,9,val,14,7178.775,785.8524631815271,4007.6151916038675,0.2620114156223208,752.8097245801462,129.39736760113973,0.23651595172199252,0.06081518931150276
16,9,val,15,7502.3875,837.12882787745,4602.1597948126755,0.28569255691870965,803.2992958463581,153.2348130711796,0.26707501275802237,0.0630009801291867
16,9,val,16,7826.0,847.863277690692,5134.26983006827,0.31649956563752424,803.2038476805496,175.7524461486355,0.29807278742688403,0.06436014391771397
16,9,test,0,2648.2,0.0,0.0,0.0,0.0,0.0,0.0,0.0
16,9,test,1,2971.8125,20.583723599926884,52.947468089431034,0.012241917830863903,18.762487402543826,3.5343808163474932,0.010014397341485265,0.005763672430516155
16,9,test,2,3295.4249999999997,46.81606390143145,123.32455163944624,0.026638829096585492,42.87690295223001,8.036100903321852,0.022588198846066818,0.010722623808571974
16,9,test,3,3619.0375,77.8069243853281,222.96476662983775,0.041621824001999375,72.05161574280439,13.530227681783913,0.03486422338614542,0.015307929396498558
16,9,test,4,3942.6499999999996,87.06778461343667,376.41042727263147,0.05134475091969973,75.925750524938,26.283428344029858,0.04160210965199447,0.01982937925868941
16,9,test,5,4266.2625,110.39629274060303,537.5900147005955,0.054070363159425955,94.07543301175991,38.06574509265115,0.042160634307179985,0.022365235652433216
16,9,test,6,4589.875,160.57290685029457,748.7431003334934,0.06536033342697568,144.06132598202248,48.79964926924174,0.05036954998168322,0.02987304640714953
16,9,test,7,4913.487499999999,213.74177694971408,986.3420268071541,0.08299244445132345,195.35930223869968,57.81953584176591,0.06714053116615645,0.038852112487760236
16,9,test,8,5237.1,284.63372390522323,1245.5588468746769,0.09605224448789446,266.69388416342343,68.65711252662265,0.08052572802641489,0.04159612893417895
16,9,test,9,5560.7125,358.3599176987917,1580.923459165718,0.12332151988050932,336.1483838664334,77.5752757210526,0.1021252015903154,0.04719595210893324
16,9,test,10,5884.325,435.64238556433565,1880.0534280819707,0.15685394891100726,410.8507425455059,84.57120775234728,0.13365562673442466,0.050457382253970076
16,9,test,11,6207.9375,504.47603550126985,2292.387216543245,0.18437564938543136,478.0923033092712,91.56309886748204,0.16010001614253505,0.049991986374214176
16,9,test,12,6531.55,590.4906791996111,2745.0887681009117,0.2062377832169615,568.2681827135987,103.96686317007564,0.18404131379365363,0.05287824598843201
16,9,test,13,6855.1625,702.6423545731006,3371.1891203280175,0.2291907705112943,679.6685872790391,107.90596671038344,0.20581696247278652,0.056028868862679354
16,9,test,14,7178.775,788.1816908301005,4040.3401465865777,0.2589189044484679,757.2730155018484,125.00004970280543,0.23135671402538596,0.059449562983470004
16,9,test,15,7502.3875,838.9426506591349,4629.9618457538345,0.2842880393256614,815.0064947618816,142.77494160835147,0.25478552686240485,0.06253672003315308
16,9,test,16,7826.0,858.9689135355627,5267.365577092324,0.30480293884990045,832.7007665789665,165.42329356420282,0.27926957277862874,0.06067665732163545
16,10,val,0,2648.2,0.0,0.0,0.0,0.0,0.0,0.0,0.0
16,10,val,1,2971.8125,32.44800613889254,72.14204448455347,0.012531633042846962,29.17931244548555,8.961851199131843,0.010767719804915393,0.004837842632641337
16,10,val,2,3295.4249999999997,57.34278926196623,137.29187485919869,0.026200949699489717,51.93915351854628,21.51627889206509,0.02323596797330907,0.008076019137673307
16,10,val,3,3619.0375,85.00979884974669,243.14696880490706,0.041152327420322654,77.75489589317885,34.500461627473555,0.03486684384373939,0.013483624561438923
16,10,val,4,3942.6499999999996,86.37668456035198,408.25502567376464,0.057446305352537586,70.64524080963253,46.508642692373314,0.048934959723689886,0.01866651150478349
16,10,val,5,4266.2625,103.39503432871311,580.3513107812846,0.057415334391852646,77.71645824777806,58.53745620150619,0.04956720289921862,0.020645969621910232
16,10,val,6,4589.875,137.22157175305938,799.3032901756421,0.06781118288112786,109.15282891880906,62.526866708608964,0.055878881274465386,0.027863533941737545
16,10,val,7,4913.487499999999,187.9889962954735,984.909727125798,0.09236182689278949,154.24174305536553,61.340398745187485,0.07145379961220541,0.033290414142433944
16,10,val,8,5237.1,238.07343388664748,1290.5162974903935,0.11146782047691262,216.37203966999152,66.62941915304543,0.09288088203074363,0.0353748365930287
16,10,val,9,5560.7125,310.8534604620985,1556.7325612413754,0.1366261170010971,288.184587939611,82.31972252048081,0.11865260184221182,0.04020331474762287
16,10,val,10,5884.325,394.5309901610301,1874.185281290302,0.15902796234743,362.7749510450258,90.74437366120947,0.1424580580918211,0.04316176266794258
16,10,val,11,6207.9375,475.9403695311448,2199.927493648642,0.1814168511745512,439.2515125792755,106.40591291542023,0.16446056708435686,0.04289710843349468
16,10,val,12,6531.55,553.2627554662213,2611.995176380751,0.20320179589836118,514.3164998972338,125.68545312626611,0.1850777720911606,0.045529102261382404
16,10,val,13,6855.1625,632.6492084286599,3039.5904412861437,0.22399843439885325,580.6571188622911,136.70505741950478,0.2014693264956735,0.046087014075740784
16,10,val,14,7178.775,700.1806426340806,3606.2991882662195,0.24301788802753854,656.862142110981,143.64889034895612,0.21975443123228855,0.049708056380631804
16,10,val,15,7502.3875,782.735666597489,4087.6437814018686,0.2670073892888092,723.648653280037,156.45432748939925,0.24786007209230687,0.05297223340500895
16,10,val,16,7826.0,855.5890347216746,4513.295439236602,0.29265535877870397,791.3624944056892,170.9832401844551,0.27104153040874435,0.0532242696892303
16,10,test,0,2648.2,0.0,0.0,0.0,0.0,0.0,0.0,0.0
16,10,test,1,2971.8125,33.155639935444015,68.83971309802847,0.012825643184208313,30.341120334570704,8.763317076754262,0.010572687529372335,0.00454257205055944
16,10,test,2,3295.4249999999997,58.66481638234333,130.8723208044814,0.0257276143089194,53.69308211491841,20.6420492638415,0.022729046547422145,0.007673147817799375
16,10,test,3,3619.0375,86.28889896755082,239.85486985752402,0.04154505670692088,80.09958418210772,33.07157941020478,0.036038863379983785,0.012938490238055544
16,10,test,4,3942.6499999999996,86.19799572289466,385.15657848284235,0.05839474976873302,69.80695002098969,45.0262126150065,0.04802085943697923,0.018537668412119818
16,10,test,5,4266.2625,101.4334038053093,571.0049751055956,0.06030020151421428,74.99066412484012,55.182530128227825,0.050377278460000605,0.020422985164195856
16,10,test,6,4589.875,128.54459516485406,772.8967623551988,0.07156997275439142,101.92074544863328,58.31398519937636,0.058768672646196396,0.02763803832607839
16,10,test,7,4913.487499999999,171.74257665391224,959.2858104313287,0.0932194635739781,149.17950188878848,58.91625491751995,0.07699423853304264,0.03308784164302708
16,10,test,8,5237.1,231.92549250746097,1269.1103661119243,0.11492560463349788,218.19189515377602,65.30067545340934,0.09730209991450252,0.034442467083515074
16,10,test,9,5560.7125,307.5836633362812,1504.5364153454052,0.1413528820215955,289.5981659808173,80.14211744901978,0.12412785179780061,0.03845434263867985
16,10,test,10,5884.325,390.6382499609613,1818.1558484745758,0.1695305738344255,372.69723327187523,86.01529024456234,0.15098546916055172,0.040043352422837464
16,10,test,11,6207.9375,478.3880075061404,2243.138797702609,0.1953792062451276,457.0456428511136,105.85942815976068,0.17780762037489933,0.03988290382086383
16,10,test,12,6531.55,551.5303706873667,2661.0914441391606,0.2163634057630176,525.7553674059636,124.23584461348369,0.20047112737140532,0.0434300342315886
16,10,test,13,6855.1625,626.8833428862024,3094.899307383663,0.23692386070595095,596.0302897379961,133.09958355982232,0.21411695441569956,0.04445805595485429
16,10,test,14,7178.775,702.2352293236409,3639.055777234794,0.24477456192746605,659.8219734436839,137.53635779755768,0.22631153846806862,0.04658036259173881
16,10,test,15,7502.3875,765.0300875818061,4271.47311812488,0.260539617799177,728.6462923202884,146.62570592888358,0.23762876176693787,0.0482688609963612
16,10,test,16,7826.0,830.5654664294764,4973.003015560797,0.27729928835911605,790.6430089752723,153.8021835709209,0.25976093745000084,0.04972326282405917
16,11,val,0,2648.2,0.0,0.0,0.0,0.0,0.0,0.0,0.0
16,11,val,1,2971.8125,28.099619018753685,73.4721544518577,0.01112901783870135,25.784790813077052,6.891096441535183,0.009286920115210429,0.0055834202862571625
16,11,val,2,3295.4249999999997,71.75034368549404,169.7287902118851,0.026532502109412326,65.01603705703474,16.95065102244797,0.02114097177260965,0.013376519410423365
16,11,val,3,3619.0375,113.4176416741397,292.01982077372566,0.044527276000776855,100.10410643080547,28.86638582859291,0.03575127770782255,0.01989545144412755
16,11,val,4,3942.6499999999996,103.6977281906104,447.4762746490056,0.05726811168747792,80.9082871133242,44.38873620139816,0.04635553109564455,0.02351969059127823
16,11,val,5,4266.2625,125.51484229729226,648.0434817480095,0.06076387310610665,96.40657759533156,58.35906090577225,0.047059570652461385,0.025468698148581326
16,11,val,6,4589.875,159.24396734241952,873.8287787380917,0.06829679234354041,132.81189190087161,61.23228214225662,0.05377509046912529,0.03355887052089446
16,11,val,7,4913.487499999999,218.41182691804306,1098.5413758050634,0.08831307538222782,191.30787137734728,63.07514482125498,0.07036036658622513,0.03755880533232821
16,11,val,8,5237.1,287.0122708630447,1339.839473141222,0.10557061094934594,256.0816966685877,69.49696570310948,0.08552635758861393,0.04234966326934625
16,11,val,9,5560.7125,348.48454038851173,1596.328785692412,0.1282405149454907,320.2567884711698,78.60981373648102,0.10392493045685569,0.047001572907605545
16,11,val,10,5884.325,414.90949766412655,1933.3644535050528,0.14821484467097967,393.6041885927182,89.86562396444242,0.12204425949735587,0.05201463854194455
16,11,val,11,6207.9375,487.4571593393,2313.3013633849705,0.16213097312484104,459.3905110180856,104.75495694926451,0.13966447196012144,0.051907443986001084
16,11,val,12,6531.55,555.8955494641395,2792.2216229620826,0.1871468964823736,524.997134183252,121.30847957655533,0.16425105148244745,0.05543980487499739
16,11,val,13,6855.1625,632.3256393380348,3218.4001573164887,0.20644583497692048,600.1395745007585,132.95110223741347,0.1891481862671962,0.057661904065607616
16,11,val,14,7178.775,702.1902236738242,3814.015518704166,0.22608002447672276,659.9495920801246,155.15334052651042,0.20569922762836423,0.05763949683873504
16,11,val,15,7502.3875,767.1140346195671,4311.64163153237,0.2400217600779242,727.4647197499532,179.0038471959461,0.22211665383925494,0.05872372658465366
16,11,val,16,7826.0,832.1257008826421,5025.184710200224,0.25909340984289764,777.3459937524194,198.18077302556958,0.24604730967137112,0.05927695324019211
16,11,test,0,2648.2,0.0,0.0,0.0,0.0,0.0,0.0,0.0
16,11,test,1,2971.8125,29.193491515911774,62.8683569625114,0.01071830270756198,26.562164225287788,6.845639585579377,0.009124475390174386,0.005356646205236654
16,11,test,2,3295.4249999999997,74.41929523982083,154.41175996596996,0.026208290915810326,68.57464409279146,16.956340434180817,0.021931754838305784,0.013143083397106244
16,11,test,3,3619.0375,115.66032130918558,265.884880854565,0.043497337514953466,105.49858472707018,27.51710165237853,0.03504510158806179,0.018557066457695892
16,11,test,4,3942.6499999999996,105.01638925059353,419.1782461044968,0.05603350555402967,81.62684302611467,42.66049904599001,0.04486522207746389,0.02289257534386288
16,11,test,5,4266.2625,119.80394022180718,612.7952789417511,0.06002319885788435,93.08467797333897,56.16755618264335,0.04971963827202219,0.02345572410542701
16,11,test,6,4589.875,152.41430524513834,819.8883640542592,0.07220099265351204,130.96608446027602,57.47158454675372,0.05778204426892461,0.031604374800131216
16,11,test,7,4913.487499999999,214.18616611150298,1027.5796274510585,0.08961494512273877,191.75692296866487,60.01911738514831,0.06989084130177778,0.036143796224166226
16,11,test,8,5237.1,283.6371111417018,1303.0801175346542,0.10678022770442552,257.1465970176803,64.63376030394485,0.08710921788247436,0.04033114602635616
16,11,test,9,5560.7125,343.97588379918886,1611.5913962152265,0.12780669447010756,318.08016008390894,71.7455067346009,0.10698486388785455,0.04538856381476608
16,11,test,10,5884.325,405.7455502183665,1985.184143479218,0.1557523466271804,379.4480049938187,82.64008910660436,0.12834700474487032,0.050373753564035326
16,11,test,11,6207.9375,474.8492135961371,2392.3911076539657,0.17412301662103613,438.88795435510985,95.15249706639395,0.15576026700779566,0.049548115941694566
16,11,test,12,6531.55,541.7657273655996,2864.2662347173723,0.19802189659462455,511.0199630926431,107.51098962413153,0.17438411645370744,0.05398375688882566
16,11,test,13,6855.1625,619.8885116886927,3426.413272876608,0.21238638929594808,586.5324368369115,128.30574110265047,0.1930490276256247,0.05505937926923374
16,11,test,14,7178.775,688.005594010587,3913.7990439276437,0.22557694198137995,653.3417004711026,148.53996174408746,0.2011165372207413,0.056815362881039874
16,11,test,15,7502.3875,753.1009882006856,4579.473275386788,0.23866121946175892,726.660330316065,169.8205416414993,0.21092125117610355,0.05717625169427522
16,11,test,16,7826.0,810.224220454387,5086.7655624957715,0.25464380572702905,774.0220164210427,184.80953722212234,0.2328980000691136,0.055645847212763486
16,12,val,0,2648.2,0.0,0.0,0.0,0.0,0.0,0.0,0.0
16,12,val,1,2971.8125,30.79629778245696,70.55479309911907,0.010745778151053514,28.450799555400863,7.928986760077805,0.008105467416828337,0.005341949423904799
16,12,val,2,3295.4249999999997,72.8412420535598,163.66013824520562,0.02351223134255053,68.52665332345964,24.828248330614144,0.018038332399647472,0.011402160956616725
16,12,val,3,3619.0375,111.76683411477484,294.26609547900546,0.03735538807948108,103.36565432197631,47.47292919094548,0.028675995773511098,0.01858407662202674
16,12,val,4,3942.6499999999996,105.38379891737115,457.4448202598317,0.05409025138319867,82.03843753366158,71.73411328291479,0.04467774331225541,0.02358515161915431
16,12,val,5,4266.2625,116.47882791783104,632.2004308429881,0.060006364226233844,93.73709485558379,82.54660131635916,0.04938383850713532,0.027023417086109724
16,12,val,6,4589.875,135.52978331006216,809.375844199544,0.07284701355723608,122.51449291005656,78.4517826047022,0.058739522464545946,0.02990425768903404
16,12,val,7,4913.487499999999,203.90412290144866,1037.1263450692793,0.09145309685804157,190.10553255225204,99.69709096604618,0.07696382835196275,0.03420548350447673
16,12,val,8,5237.1,280.6535796254366,1277.5634409591758,0.11104216423793445,267.2484024136281,110.64167236946787,0.09621392841499543,0.035047623929319524
16,12,val,9,5560.7125,346.010830782177,1588.2702877896802,0.13127861069999608,327.6046122258096,114.6676867866745,0.1126516982783432,0.03744778788741451
16,12,val,10,5884.325,406.84983703046385,1891.2409097266818,0.14974958550707795,381.7462247550054,119.5384232089367,0.12964385738493608,0.04164647582641408
16,12,val,11,6207.9375,475.45067780590955,2363.195106007056,0.1678116530048398,453.1550319099438,123.1181929840659,0.14392892081679237,0.044631150931749575
16,12,val,12,6531.55,545.362187653616,2805.2726443514557,0.19490434075257468,512.5719738424408,125.12233286388863,0.1679161460634293,0.046738501884829864
16,12,val,13,6855.1625,629.7569153055065,3309.525454064998,0.21298117203054356,595.9100962042925,132.47948685512512,0.1830008846689848,0.048115061572158446
16,12,val,14,7178.775,714.0531180409653,3946.933228763347,0.22594030232172105,677.1562148745716,152.61088896647834,0.2047605155601484,0.05291355558681432
16,12,val,15,7502.3875,786.1059958716226,4690.073319899801,0.23833576195081418,750.0637556961465,173.9834198134531,0.21883191875815555,0.054201498112235735
16,12,val,16,7826.0,854.2216753752427,5379.625935117736,0.26160074527448174,811.9973623823853,196.1463519385518,0.23909167706437362,0.05395383838529069
16,12,test,0,2648.2,0.0,0.0,0.0,0.0,0.0,0.0,0.0
16,12,test,1,2971.8125,31.246594812559092,64.37857575208882,0.010381772221787662,29.065617714319814,8.073564772715258,0.007924124406358778,0.004970506565303567
16,12,test,2,3295.4249999999997,72.71334443868227,152.8248066037284,0.022354247500696624,69.31414289001125,24.73402075635567,0.01729988709456287,0.010764910735375048
16,12,test,3,3619.0375,111.22134145825146,256.98622069671853,0.037096617374200724,103.05052517034774,47.560908318516226,0.027841239840773347,0.01703860430501969
16,12,test,4,3942.6499999999996,106.11196030579428,429.4886365850974,0.0536114480834491,90.49041267734736,70.91330136775298,0.04320361121704433,0.022279624467642575
16,12,test,5,4266.2625,118.8710991795876,620.9774310816113,0.059662681343303214,100.55317601658054,80.33427624258849,0.04915142079406354,0.02458124411111942
16,12,test,6,4589.875,136.21181057498345,786.5656466882364,0.07324524394617532,124.76561569377864,75.11397426812039,0.0592711661999909,0.02938705085795204
16,12,test,7,4913.487499999999,208.60842556172088,1001.4369630325963,0.09192295050434139,197.28316663123735,94.15891218072403,0.07770362148456708,0.032818666204052424
16,12,test,8,5237.1,284.5425906487691,1287.5457527661017,0.11156579151686691,270.453512155612,105.32562604831952,0.09835964330953684,0.03229267954024152
16,12,test,9,5560.7125,334.8262216554474,1556.7262553417447,0.13034680202302779,327.35795045463334,108.87332208795897,0.11449337893814845,0.03430812112863602
16,12,test,10,5884.325,390.4068282475919,1863.5567088294615,0.16078627574977328,379.205690600827,115.07499957586731,0.1388437230636086,0.03940435335734603
16,12,test,11,6207.9375,461.4738197377761,2185.0260897439016,0.18082708721376198,442.5692742020724,112.7297164067329,0.15748603007911116,0.04103055456767309
16,12,test,12,6531.55,526.3781449376186,2709.9650484227595,0.2075603564242086,506.6456210825834,117.73337136112616,0.1850237950479089,0.043209156242755925
16,12,test,13,6855.1625,609.1798238819166,3219.444351182582,0.22489682174578474,582.0503556172412,121.3940377264251,0.19883328722517662,0.045121764005270903
16,12,test,14,7178.775,696.7602152511106,3806.7973888031747,0.2257435310043729,670.2107697345241,132.56580793260397,0.20265319444337515,0.04893033514772119
16,12,test,15,7502.3875,777.5977368680458,4516.165113969195,0.2400298518757081,747.7683440246778,158.9581432459397,0.21629554300158296,0.049378671768993826
16,12,test,16,7826.0,841.4953956616955,5189.430124634931,0.2555803341455151,806.8411172780827,182.9809091481618,0.23608750694389946,0.04771704479085773
16,13,val,0,2648.2,0.0,0.0,0.0,0.0,0.0,0.0,0.0
16,13,val,1,2971.8125,22.564955939742504,64.47178030129369,0.0099691069283276,21.100452081526555,5.9714878949321815,0.00727348424015852,0.005559687397595908
16,13,val,2,3295.4249999999997,65.53499234848914,183.421813302003,0.02417997725418647,59.522612012230525,14.02237725261557,0.017301153087078552,0.0141783546971537
16,13,val,3,3619.0375,103.96193473673065,298.3413004618341,0.036104093740269794,94.82470172036983,22.526339985383004,0.027484446318015027,0.019678937033914407
16,13,val,4,3942.6499999999996,95.33665396921975,421.99753949961354,0.04725137451858964,82.51674233784456,27.070770551560486,0.037375015296985115,0.02294330323061866
16,13,val,5,4266.2625,118.41732383238934,618.7669531684783,0.05211384210275158,104.36322680598487,37.03564527504,0.042576995715637445,0.02489691405940797
16,13,val,6,4589.875,162.0947721041315,813.8344711129544,0.06399339509054192,147.59518824683937,47.40295807064854,0.051628238865300546,0.03208550087059961
16,13,val,7,4913.487499999999,230.94807426787156,1060.4269064615662,0.08667502288051826,213.73609154937867,70.98831459641985,0.0690332091655109,0.04091228515150369
16,13,val,8,5237.1,323.97040581804504,1298.8430352164637,0.10091241001999873,302.3892097600616,104.1703751446903,0.08185187695529048,0.039073710068726404
16,13,val,9,5560.7125,408.5128450601587,1564.6844768010833,0.12302766298273593,389.1833565398315,135.49954696638179,0.1042393505233663,0.042619401841983984
16,13,val,10,5884.325,501.8830995555277,1931.2615951621945,0.14679725995277865,475.5928633232145,170.17636250784562,0.12305437237269956,0.04395187176758908
16,13,val,11,6207.9375,599.1924757378868,2256.1121293611313,0.16920749017933917,574.8222386188928,198.13804946636537,0.1484364349822742,0.04433770075528974
16,13,val,12,6531.55,666.7415655821287,2759.0840475888085,0.1913238352634107,634.3549082889979,213.23612761027277,0.1681957028552561,0.04505504878803135
16,13,val,13,6855.1625,732.3175574515233,3293.8158697555436,0.21466775434789143,701.8487573852879,226.44973236444343,0.1861244710703036,0.051058512672796236
16,13,val,14,7178.775,777.8322713978625,3831.6259936296033,0.22751814179014507,748.5337856705598,230.81922774773034,0.21222952940558315,0.05459494876325355
16,13,val,15,7502.3875,818.1593253507291,4504.464331060564,0.2444370465151391,782.3648527842693,233.29790976377396,0.22347924006896336,0.05489867337250126
16,13,val,16,7826.0,854.0335470515856,5031.508068499698,0.25745700842441654,814.8374169993531,251.94277297055123,0.2399407611745341,0.056776801229917184
16,13,test,0,2648.2,0.0,0.0,0.0,0.0,0.0,0.0,0.0
16,13,test,1,2971.8125,23.00291030025292,58.59273481239989,0.00945911233785437,21.495458599739337,6.031714021190737,0.0068468496434578256,0.005425821837233991
16,13,test,2,3295.4249999999997,65.65304024357133,163.22316553871363,0.02270914539721086,60.80806320454357,13.77214141205485,0.01634015260647254,0.013660372569114423
16,13,test,3,3619.0375,106.41014422975559,274.99619458002087,0.034325236332181236,97.94025026266695,22.136694422506764,0.02704463896107019,0.018305242396111573
16,13,test,4,3942.6499999999996,97.2319285205927,423.8145972097753,0.045604898995178084,81.56340959535413,25.5871245289363,0.03632004631737903,0.021124559291284695
16,13,test,5,4266.2625,115.62406696033989,628.9919664461323,0.05132458958158348,97.7706459863299,37.09391502287929,0.041620316911827535,0.025045500864066816
16,13,test,6,4589.875,158.3205201401281,819.758640837921,0.0661707717778421,142.58459690190506,46.135210446117014,0.05036039398755715,0.0310021232501137
16,13,test,7,4913.487499999999,229.21119393221545,984.730086297572,0.0872092014864885,209.11220414896192,70.23271684590782,0.06892117945432423,0.039426540226354494
16,13,test,8,5237.1,318.979983569772,1262.258558928375,0.10288407141990961,297.6486230765687,102.9641611424239,0.08350726293939598,0.03933676431499937
16,13,test,9,5560.7125,407.52244966796525,1604.044869902028,0.1276074366289362,383.5112587828462,129.2673789665315,0.10882135785685032,0.04055358466201198
16,13,test,10,5884.325,494.94081577246266,1921.5159751134447,0.15386641476052357,469.79647779575816,160.9558796954076,0.1283305595251097,0.04255437696878365
16,13,test,11,6207.9375,586.8381465665209,2261.3722217897307,0.1691175798439748,565.4132759947998,194.74458942615414,0.1540361469428604,0.04226972221592004
16,13,test,12,6531.55,643.1051799948904,2730.3500063616525,0.19199851700851117,627.0266240386775,212.35467970701905,0.1751971429570509,0.04369616955792431
16,13,test,13,6855.1625,700.8983421792436,3236.804276899296,0.21300713233331214,681.3092084304309,223.12872293136365,0.19800564767497378,0.04763258181419896
16,13,test,14,7178.775,747.4840873152999,3782.882907274822,0.23240780416976248,733.3380001025773,225.99341202814904,0.21032600798847126,0.05015855195787417
16,13,test,15,7502.3875,792.1471960714257,4437.797899391529,0.239191888307207,775.4651425474322,232.1746638463962,0.21908522039588985,0.051997411038843394
16,13,test,16,7826.0,833.1052571870572,4944.499447441194,0.25603574110725363,811.1183469443404,240.11560389782005,0.22764894077480918,0.0517852404038812
16,14,val,0,2648.2,0.0,0.0,0.0,0.0,0.0,0.0,0.0
16,14,val,1,2971.8125,20.63755069218587,59.40106937949561,0.010926657615872859,18.27612830280989,4.379527294908314,0.008423847711831745,0.00616981953747292
16,14,val,2,3295.4249999999997,51.07749732578881,146.94302610502055,0.023998503553147865,45.880360409455534,11.684281676920705,0.018823907433691833,0.013168118546924915
16,14,val,3,3619.0375,87.93930190802257,266.40462673073824,0.038159273074461764,80.17024051693423,23.6826096530649,0.02911686493220489,0.02241389109938763
16,14,val,4,3942.6499999999996,83.05391424545405,424.4745093310854,0.048668796321529095,69.10022078946909,33.76659026386619,0.03704065708879864,0.029115257247885884
16,14,val,5,4266.2625,119.67393124578507,651.7509979076798,0.059680090674285244,101.66615631007403,52.77439763609948,0.04548999080773025,0.03519458333093445
16,14,val,6,4589.875,126.48566081858803,877.4206951289096,0.06836523602670591,110.15443495469412,50.37535089707035,0.04734302140552149,0.04377100828365649
16,14,val,7,4913.487499999999,178.9223439498926,1099.461762065875,0.09060181277012469,163.00511055516492,69.59395131070067,0.06637896397543308,0.04906980435268743
16,14,val,8,5237.1,259.81523429150855,1315.506854068016,0.11353244212169988,236.13523051625407,89.97632341913686,0.09312202795708213,0.050773132526243936
16,14,val,9,5560.7125,331.002864645896,1686.1125968466572,0.13846575465791683,305.8369821867615,104.882811204007,0.1193782319591219,0.0517757680659689
16,14,val,10,5884.325,392.3831079326874,2010.9418596167063,0.1682171703713542,363.98890886746926,113.35330883862582,0.14782808742712372,0.05616789788438076
16,14,val,11,6207.9375,453.63569324814534,2382.393929484496,0.182990146053965,426.77989547820516,121.51788524369067,0.16411442571029333,0.0556838679071428
16,14,val,12,6531.55,541.9863694995684,2895.6589185483854,0.19959797479598973,515.1294731096243,128.13705461587688,0.17523297006541427,0.061171619413737804
16,14,val,13,6855.1625,633.6096571954499,3342.7782698372494,0.21256210251148488,592.6717351618436,147.7813798460943,0.1855167881431169,0.06529708248430299
16,14,val,14,7178.775,695.0312327859649,3904.807117341305,0.22476839354307332,652.8773038045301,167.41282506222888,0.20119000988413904,0.06647553178088135
16,14,val,15,7502.3875,765.4839577684243,4589.556791642014,0.24257375294042816,715.5941021741228,187.88089266402608,0.22285231088528534,0.06572041912476789
16,14,val,16,7826.0,827.1099180811916,5177.3383620545455,0.26057298371268134,773.1671687886319,209.99603624382246,0.23966502896946573,0.06715071511274179
16,14,test,0,2648.2,0.0,0.0,0.0,0.0,0.0,0.0,0.0
16,14,test,1,2971.8125,21.050166736717557,54.11231700332167,0.011062924151806347,19.03083063055533,4.142664532054141,0.008395750761905352,0.005835760165414164
16,14,test,2,3295.4249999999997,52.44738187223419,131.40523622166606,0.02380673164799254,48.38406060724054,11.359404161304099,0.018780435778429326,0.012527540252970856
16,14,test,3,3619.0375,90.08301659492889,243.75088692119607,0.03765591458029273,82.47087951631272,22.732204047976268,0.027694563321206504,0.021222315964780702
16,14,test,4,3942.6499999999996,85.90690518904864,408.77791517550435,0.04816658434463397,72.8827811989845,32.42723236444078,0.03710241112407295,0.028105534199956844
16,14,test,5,4266.2625,122.84307197461652,641.9124123346401,0.05734476189747997,109.15118435467264,50.15429146800443,0.044561048030024655,0.033979940984962646
16,14,test,6,4589.875,129.2620984485353,805.0275398402616,0.07048174808132676,117.91697684616764,48.30799882255832,0.052163109615725387,0.044127416963295196
16,14,test,7,4913.487499999999,184.42596796491273,1063.5489228353615,0.0954151564731276,167.82971903858268,68.68260948196081,0.07462576284110803,0.050474459472265684
16,14,test,8,5237.1,268.0198950536834,1331.5432152612802,0.11961609010371216,244.11755868846896,88.37984970496748,0.10106587216641982,0.051909940770775674
16,14,test,9,5560.7125,332.585443735411,1677.7796768770206,0.14439318210308222,312.92367107339203,101.16494446287305,0.12833986835541697,0.05329880283374156
16,14,test,10,5884.325,389.635427289619,1860.319114321446,0.1723662693510486,365.97182176638296,107.6288183064662,0.15329052610160016,0.05673195500139651
16,14,test,11,6207.9375,454.5423052090882,2277.751408248861,0.1935785263127987,427.91861980121837,116.21176899802776,0.17168563704862694,0.056053253093776324
16,14,test,12,6531.55,541.1957901232256,2697.6474331871405,0.21410383719903253,511.59733806565555,122.35007939571574,0.18222889771480136,0.05849788329941909
16,14,test,13,6855.1625,625.9151663383733,3213.45332290917,0.22374917534107724,600.4315716020159,135.84254309098753,0.1927127354661301,0.06422088635784674
16,14,test,14,7178.775,693.7344436057629,3784.7921341655933,0.23378737024407764,663.6686593636796,152.14814066774807,0.2140488704447628,0.06499998981087524
16,14,test,15,7502.3875,761.5417945501122,4354.3171024394505,0.24147009088140714,731.9358011693566,169.33591678709803,0.22355791449706064,0.06403548923922253
16,14,test,16,7826.0,830.6848702500815,4920.6186080758225,0.2570401074393769,786.169834293446,186.84595748224632,0.2398736136517282,0.06344831791525382
16,15,val,0,2648.2,0.0,0.0,0.0,0.0,0.0,0.0,0.0
16,15,val,1,2971.8125,26.516567008386005,73.48141877862986,0.011874151807901578,25.217799523701956,5.694818031948046,0.009388748215176379,0.005793122714918553
16,15,val,2,3295.4249999999997,56.845057969042045,168.6169176750759,0.02566079299287649,53.41806011088579,13.239845718030274,0.020917385785745868,0.011750666592799663
16,15,val,3,3619.0375,80.26663666873901,271.5403376117078,0.03699093107667126,72.68765834663782,25.49522207372945,0.03018214088792992,0.01786171652171098
16,15,val,4,3942.6499999999996,76.67522129693793,407.2864951203166,0.044874251433055234,67.04974040963663,37.92505886855224,0.03553270167436792,0.02314573116615759
16,15,val,5,4266.2625,81.04137300390235,641.7158411461073,0.047261853291281214,69.51540976747594,40.398591232786885,0.03877638161874086,0.02807942099629368
16,15,val,6,4589.875,117.96515056519752,897.7606063699283,0.06543495005990885,104.7164220770469,52.93295200081616,0.04936393875171197,0.03975221869784509
16,15,val,7,4913.487499999999,169.6327027256359,1127.271116613202,0.08693569529050205,156.1629171673548,72.43276262039444,0.07025053011774918,0.04433504624519469
16,15,val,8,5237.1,229.88697601584818,1335.4891510024152,0.10807198168615029,209.40840720550113,81.50402043007077,0.0890947372449262,0.04486135342104524
16,15,val,9,5560.7125,282.16691072219646,1667.4322897388472,0.12330311691721718,258.0104298705237,92.10794658829968,0.10799309551527692,0.04736318701771547
16,15,val,10,5884.325,337.3401039683728,1983.1799535611128,0.1460835548985906,315.2619860614436,106.13192603760524,0.12564463289202465,0.05042547960866506
16,15,val,11,6207.9375,391.48746616558583,2330.9398549576504,0.16736258060481846,369.60735699079095,123.22681335328411,0.14626981753138035,0.05110621729063902
16,15,val,12,6531.55,450.468505936918,2740.941307073754,0.19112789496344984,419.9746294590909,146.5367243590947,0.16916465868818675,0.0500091284235428
16,15,val,13,6855.1625,528.5329725888914,3265.6795315323616,0.2079059690093532,495.16173027717514,164.1629374193485,0.18774920386240013,0.05075224431848324
16,15,val,14,7178.775,600.065867440776,3890.6249676469033,0.228679827922601,566.7283482251833,178.48881983240972,0.21230293489822583,0.05670857963175138
16,15,val,15,7502.3875,664.3420623227314,4637.859037729862,0.24416005402952412,611.095988410284,187.44128480938116,0.2267208838329371,0.05711737762753924
16,15,val,16,7826.0,725.3958289511502,5179.491054981461,0.2645777742684152,679.6283008700357,204.12225277971174,0.245534645351847,0.060743448337025746
16,15,test,0,2648.2,0.0,0.0,0.0,0.0,0.0,0.0,0.0
16,15,test,1,2971.8125,27.29070966464775,64.52117933059897,0.011649734747640195,25.836424406445957,5.514319102023713,0.009005476881046234,0.005419654579581941
16,15,test,2,3295.4249999999997,58.17364587604246,142.36450207155474,0.025210172195335584,54.101839240098926,12.49820650698652,0.020498555144592492,0.011266466642803672
16,15,test,3,3619.0375,83.05048637381418,241.36733814879713,0.03725679028246387,74.86455414383641,24.37903405652264,0.030675014037029324,0.017240972441092024
16,15,test,4,3942.6499999999996,79.08993341071246,400.00341823423116,0.04458963002974478,67.59660648128829,36.19775406811243,0.0354775248010135,0.022705764428910397
16,15,test,5,4266.2625,81.51237157248659,601.7662673349038,0.04780974776824858,71.78170315778942,37.744791005016154,0.03922312225037097,0.027260300001068778
16,15,test,6,4589.875,119.41816670249494,795.2924572536763,0.06590084267584992,106.543743711633,48.83316846380126,0.052681197101368815,0.03667822691075587
16,15,test,7,4913.487499999999,168.69873611820907,996.8235594127294,0.09110056128719402,156.08755219011528,67.87600541643712,0.07635206814126695,0.04053057409331498
16,15,test,8,5237.1,227.04878348817738,1292.3166209203437,0.11329941804667787,212.69330605966985,75.11883280610476,0.09748210179753511,0.041748061133771094
16,15,test,9,5560.7125,278.02297304471324,1652.1128024730872,0.13363785419819552,257.33347382800974,82.37881483659493,0.11508490938042307,0.04325889535967964
16,15,test,10,5884.325,323.45155194060027,1973.218046613802,0.1580500186678449,301.1169833568066,95.66361716901994,0.13684093916660478,0.046870606498413195
16,15,test,11,6207.9375,383.8408051667983,2380.1546351259003,0.18052312255086023,354.68921030755496,109.29788871381163,0.1580103169501511,0.045685123953597556
16,15,test,12,6531.55,453.37373013882143,2807.702363447078,0.20155224099053376,416.55969842049956,133.2440558775687,0.17769113325191016,0.0450302522767964
16,15,test,13,6855.1625,531.30983806534,3304.8585170821584,0.21699443666237106,488.52312146359367,150.24906691864715,0.1993475519740523,0.048194180349073884
16,15,test,14,7178.775,596.3520487707683,3967.9247685644555,0.2338218193419228,560.6470952485267,169.5507892056014,0.21785572074580623,0.05034547001461602
16,15,test,15,7502.3875,649.3019361629422,4549.216824800096,0.24272142207428654,624.5334959764932,181.21306266191084,0.2239755086417966,0.05197857559984767
16,15,test,16,7826.0,717.9271777965255,5289.965880066383,0.26267217524934133,672.735352316721,198.74190754946142,0.2457416621691605,0.0537205560365555
16,16,val,0,2648.2,0.0,0.0,0.0,0.0,0.0,0.0,0.0
16,16,val,1,2971.8125,30.466401899914786,83.88386178805827,0.014061030458999146,27.344194034611746,6.25115599504511,0.01134796527474391,0.007215612856582843
16,16,val,2,3295.4249999999997,75.2086898162645,198.8272049571833,0.02713175995060907,70.30202946349284,21.54965489686944,0.022452545781793953,0.0131818859369498
16,16,val,3,3619.0375,109.72052198016513,322.4127719005433,0.040722121057962246,100.18779905000841,44.39886316812647,0.03367289158606518,0.019156717949862095
16,16,val,4,3942.6499999999996,112.88962885429044,499.6442738460126,0.054309111427619516,98.45981712942375,67.70204746129593,0.043919612397511076,0.02125649203491703
16,16,val,5,4266.2625,145.56372819782837,746.6798880312972,0.06200947682819327,119.7084362426537,98.1020585343515,0.04983349471900794,0.030217034278530452
16,16,val,6,4589.875,165.6984513267048,967.8559309900226,0.06820935456016558,142.96897192957658,107.20956191125097,0.04975625606795653,0.040809773032307595
16,16,val,7,4913.487499999999,240.83983791911123,1252.8735834175816,0.08879493105885816,214.5217315193122,127.24044276683344,0.06977229062898882,0.04857294503426805
16,16,val,8,5237.1,318.1011136758798,1493.596604319583,0.11469263031700996,290.4724529662417,152.2236597360802,0.09537117844482523,0.050387245589811336
16,16,val,9,5560.7125,394.15321595447494,1776.6536037478977,0.14279539891576265,361.3938219555166,176.33827273179747,0.12094521075298181,0.05461557117174276
16,16,val,10,5884.325,452.0980548317084,2119.435700160203,0.17098607617335726,422.4133337627336,193.54870103825306,0.14997865077950867,0.060595713827816394
16,16,val,11,6207.9375,528.8671084308305,2498.215888635203,0.1944302391245767,495.39107223262135,210.73279335102768,0.1742165521100847,0.059763952458907754
16,16,val,12,6531.55,604.4915183094304,2898.1177030815493,0.21475308840727958,572.8953135810286,230.88377341808553,0.19426522063421825,0.061163744390753394
16,16,val,13,6855.1625,695.8188634748694,3364.7976514615248,0.2274695471926845,664.0133274953541,231.28403224802696,0.20363020647944097,0.06658768247512492
16,16,val,14,7178.775,788.50366290078,3831.9093206754587,0.24841912648720932,748.1740689054277,240.23228737678437,0.22377527755802068,0.0688737895553973
16,16,val,15,7502.3875,861.1108590859118,4414.070912613557,0.26760175875434333,816.3531476894264,261.245476825934,0.24632956418142726,0.06757247520786103
16,16,val,16,7826.0,938.5181519459707,5012.25762481721,0.29252697316098364,878.9388303155192,275.84645014962916,0.27303327394524735,0.06934822060796625
16,16,test,0,2648.2,0.0,0.0,0.0,0.0,0.0,0.0,0.0
16,16,test,1,2971.8125,30.912568388715034,75.34325808150872,0.014015805999941303,27.80836577014867,6.9565553576396155,0.010727951098032235,0.007805785246717961
16,16,test,2,3295.4249999999997,76.59800024502061,176.00804721954836,0.026551836569138274,70.62955090313139,21.251952614040448,0.02173406553600092,0.013978463347079449
16,16,test,3,3619.0375,109.54149407506009,288.513474891437,0.0428028407625982,101.04154884723471,44.144674606055645,0.033024765278973425,0.01931787757932131
16,16,test,4,3942.6499999999996,115.45092095935416,433.75699752735517,0.053847171128250555,102.91408937784041,67.73516277106839,0.04227788419131247,0.020468535855023597
16,16,test,5,4266.2625,149.7962651567093,675.7743423611516,0.06197597720688065,124.86601500459216,95.87960107683813,0.04771083162375626,0.03051485875195034
16,16,test,6,4589.875,171.35488231645368,884.4079389146492,0.06986210620080896,147.17602384118322,107.09780752861064,0.05121880021072278,0.040350666769339155
16,16,test,7,4913.487499999999,246.04227632595777,1154.99584567601,0.09327386175667432,224.531256570895,129.89190269050255,0.07294924793617245,0.04929058000332533
16,16,test,8,5237.1,325.0302095480713,1405.2296214227629,0.11927439371179661,296.87358560995756,153.55808595217013,0.09814498446255107,0.04985625051666387
16,16,test,9,5560.7125,400.16077796711613,1714.738017540436,0.14642792063165877,370.92287560007264,172.54609741178228,0.12731302900814961,0.05427130189004925
16,16,test,10,5884.325,462.7113592289689,2162.4830685795364,0.1746248061759853,429.2404550837432,192.0502753362161,0.15631828037325143,0.056892103775572564
16,16,test,11,6207.9375,533.375571728115,2615.746496618021,0.19920164784529779,498.89273810035917,210.16344353477479,0.17910894654922516,0.05653124432644218
16,16,test,12,6531.55,616.2856068003979,3071.9415144026984,0.22137651757166837,584.3348345868549,223.89696387809633,0.19914257790661083,0.05949176418940799
16,16,test,13,6855.1625,708.44548774582,3511.0114001776888,0.2331237337623443,677.9764187990338,218.48572386679166,0.2057322972296438,0.06309275542302908
16,16,test,14,7178.775,793.7652258308248,4080.6444117214883,0.24880331974992675,760.5863895169023,227.87119452726756,0.22309631093436755,0.06487781185750882
16,16,test,15,7502.3875,871.4553304826183,4709.038473374903,0.26408425726703183,836.0396695264783,241.86667201088596,0.24038117770830425,0.06395724485746407
16,16,test,16,7826.0,933.5956941285319,5375.74090531972,0.2855590457469942,891.5703639847266,264.62118562223225,0.260889255976518,0.06374011222686718
16,17,val,0,2648.2,0.0,0.0,0.0,0.0,0.0,0.0,0.0
16,17,val,1,2971.8125,24.270604111990224,77.04010474552939,0.011881527475329084,20.526037812171495,6.0598383330869865,0.008533839444976876,0.007317310200233296
16,17,val,2,3295.4249999999997,71.2584726344927,204.4916352052138,0.028941447839055112,61.60930702370848,19.616317327262323,0.02221602073115836,0.017366766638028663
16,17,val,3,3619.0375,104.14023109371584,334.2294479382985,0.03785925499059581,89.28445979051958,39.17112713321558,0.028548939179848243,0.019925019404036168
16,17,val,4,3942.6499999999996,120.89287459715692,550.2846945099461,0.05199100212520749,94.11096857479606,51.62194150773303,0.039677291947568666,0.02664120204246001
16,17,val,5,4266.2625,156.7767064186114,790.1461156209247,0.05434640076990016,126.07245371043518,70.8570361101124,0.039017861269495524,0.03362967472087669
16,17,val,6,4589.875,195.58112506631176,1026.8115465717526,0.06757192782935739,165.7226546375341,92.18611993063064,0.04847396712443636,0.043131043707109185
16,17,val,7,4913.487499999999,245.38054395023323,1274.5621849235715,0.08190030370942847,206.71678595661547,112.26153318477827,0.058884444863821495,0.047553313982866274
16,17,val,8,5237.1,312.1203982189513,1597.4618078636136,0.09406570146394677,276.57077533095276,124.47722702324882,0.07403752971224531,0.04958909901057497
16,17,val,9,5560.7125,388.4067339591297,1855.8359764391573,0.11641392984180696,355.49756218006223,142.40423472215014,0.0924268587860766,0.0538607557473772
16,17,val,10,5884.325,461.9582505027324,2226.91842026481,0.14187655055689086,443.289352566012,158.90561225443633,0.11323330216642113,0.05948194257529224
16,17,val,11,6207.9375,524.5444321189439,2735.2388307939827,0.1758122840400389,501.30224429494774,177.2535527436503,0.1553300634848931,0.06079953164089304
16,17,val,12,6531.55,582.7247342293163,3239.4836567845205,0.20617335566638917,549.2239150393345,198.3050300023308,0.18067536042093435,0.06292967377476144
16,17,val,13,6855.1625,648.7085905453114,3802.2070551753322,0.23525195254253672,615.8203818974926,221.964815101785,0.2155261353453293,0.06086133598689342
16,17,val,14,7178.775,698.3014132297711,4245.842301173661,0.2580124725550387,667.6092518607675,250.07926427275606,0.23812021679400774,0.06618331891795112
16,17,val,15,7502.3875,747.0974724880932,4850.7199828563225,0.2829949916993979,711.7076833720262,274.880827329099,0.264928467184275,0.06676410463503454
16,17,val,16,7826.0,788.5561494999251,5545.864284698805,0.3191329956863109,745.0087236798026,297.50330003912495,0.29313611877784806,0.06997621604251658
16,17,test,0,2648.2,0.0,0.0,0.0,0.0,0.0,0.0,0.0
16,17,test,1,2971.8125,24.381256506433857,69.04396191913807,0.011442232220283764,20.92029908172499,6.141777317685282,0.00845110743082772,0.0070157931037623245
16,17,test,2,3295.4249999999997,72.02767226721107,185.73733403884214,0.028650289092485917,64.39019474544594,18.92877480563726,0.02130795755595459,0.01718239890269313
16,17,test,3,3619.0375,104.8401268661523,305.4779570336806,0.03787930611192161,92.50797064577831,39.1354988934991,0.029502423411198724,0.018876015266884247
16,17,test,4,3942.6499999999996,123.05501869425228,467.53529598394044,0.05340536670759774,99.31407464787156,53.64987754947492,0.04152842404185598,0.025616417829386548
16,17,test,5,4266.2625,160.44298297651594,682.7779425224304,0.05401688298007842,133.8790138018453,73.66900503621565,0.04078694626365523,0.0304915394397174
16,17,test,6,4589.875,203.90981480598214,986.9922322839813,0.06527770097806859,172.5555304363553,94.6915712671057,0.04899466801358554,0.039062868778637
16,17,test,7,4913.487499999999,252.1199387596855,1230.8458506669244,0.08031762574325918,218.04882407250403,117.37044201457536,0.06282213234039269,0.044605524702199736
16,17,test,8,5237.1,317.1651619765328,1485.4678054156607,0.09615284566454052,290.0678208863212,126.0381145367262,0.07724871091326774,0.04732380374403264
16,17,test,9,5560.7125,394.7087565938467,1842.2569227631984,0.11875571064731867,371.84816483482666,142.47581789334873,0.0973487877193955,0.052275717351845524
16,17,test,10,5884.325,460.4577953257234,2235.196495040953,0.14159094430485353,443.91427903843095,160.96416407550862,0.12230113670590181,0.05648046504968868
16,17,test,11,6207.9375,518.1035650643508,2665.6963408337406,0.17469521672244803,495.0035373428321,174.87837045956667,0.15741663028509198,0.05727682586412035
16,17,test,12,6531.55,579.5114692501073,3090.002534421535,0.19937537762288599,544.0642635304442,194.7076062528481,0.18219540793144862,0.06297724349228676
16,17,test,13,6855.1625,641.8110659113552,3736.617872488914,0.22349091476590865,618.8723632337983,220.13565380523303,0.20908112592354228,0.06024674689500756
16,17,test,14,7178.775,703.0155834219869,4413.994411367202,0.25206552385691194,672.2706928999287,244.3036363608373,0.23527079077991994,0.06446747351524298
16,17,test,15,7502.3875,749.7162638043591,5262.736677163079,0.2778595653279703,718.016740067128,265.9169480600241,0.26500766791445407,0.06519966758534568
16,17,test,16,7826.0,796.6085359024646,5948.2938569221105,0.3096368908526298,766.9091727133264,287.9479705007313,0.2970592100283234,0.06645445462231427
16,18,val,0,2648.2,0.0,0.0,0.0,0.0,0.0,0.0,0.0
16,18,val,1,2971.8125,30.394437976397626,79.96593601948227,0.011405688588272261,26.68555106168924,6.058266098563081,0.009685336954959323,0.005049974536888713
16,18,val,2,3295.4249999999997,70.79437742269334,196.46112519929468,0.024613953220273266,62.517671280898135,14.863736136334182,0.020558629216013008,0.011052960267165374
16,18,val,3,3619.0375,114.86067372618436,352.51373202682134,0.04162612475605565,101.24853388458632,27.64801727536792,0.0334551434158642,0.019868637522915678
16,18,val,4,3942.6499999999996,159.11130246189487,596.0544741777271,0.05289598713961469,133.54501010931585,33.670194397927844,0.040536699159751666,0.026833089006035593
16,18,val,5,4266.2625,181.3872037484714,820.8780121024902,0.05579719093544433,149.8285435951061,54.402773211876365,0.04136673264355448,0.03298800895574355
16,18,val,6,4589.875,230.75635378359038,1019.0191318447196,0.07041663950402982,190.4137077596033,60.67341508689594,0.05384815997480641,0.041898036701916094
16,18,val,7,4913.487499999999,288.5861971956274,1205.661859033,0.09200070307510688,241.40999876840397,60.56339734772109,0.07488520062301496,0.049165812506652556
16,18,val,8,5237.1,349.20708068653994,1472.8939786140895,0.11308487670108613,297.3173002215219,62.11819507680616,0.09543482638031675,0.05100484011165071
16,18,val,9,5560.7125,420.3431278625658,1778.3639935562626,0.1340816393391453,386.8962885035785,77.34561920369742,0.1172788216266124,0.05484013166803109
16,18,val,10,5884.325,492.24873287147375,2039.9550226424365,0.15624063159325186,457.96456976893296,107.70244280692509,0.13842228868110595,0.057232686538384245
16,18,val,11,6207.9375,565.3603230803021,2458.724169219354,0.18162345109144773,537.0177402635932,128.7733846297101,0.16051680091773435,0.05719776582327474
16,18,val,12,6531.55,655.618640368715,2944.249170967881,0.20604573203208965,626.6070916673243,148.51365729840893,0.18801690850631103,0.058140796950663376
16,18,val,13,6855.1625,730.1794119982787,3287.9860216290795,0.23420119133722717,706.1803514026224,170.78030492616847,0.2145529919728162,0.060665251477659554
16,18,val,14,7178.775,789.3646758418881,3867.1238285644054,0.25039934429844923,755.7176448038376,190.4303139968988,0.2318913884357121,0.06360359392208054
16,18,val,15,7502.3875,852.6189928616077,4612.5891189444455,0.2663738283818287,801.2153356756784,203.8278066028667,0.2457321818310071,0.06629244613300111
16,18,val,16,7826.0,909.7291915427661,5149.184511405015,0.28284219007357336,853.7837806270545,214.2150628442323,0.2608036760305549,0.06705964673129824
16,18,test,0,2648.2,0.0,0.0,0.0,0.0,0.0,0.0,0.0
16,18,test,1,2971.8125,30.117403403806975,76.47531749911886,0.011030735385520688,27.154449976187323,5.5364926581802365,0.009468731351429394,0.004944117875251876
16,18,test,2,3295.4249999999997,68.91508008249846,182.71643530865734,0.023764152405337385,63.385602875776215,14.129054184017775,0.020193789300470416,0.009903931832829123
16,18,test,3,3619.0375,113.30065111791043,320.8349353662527,0.042393775075080666,102.30475885221146,26.39523865158111,0.03318333860563138,0.017837855363089967
16,18,test,4,3942.6499999999996,160.40414544972626,513.5667359497462,0.05250284674178287,135.86468859793044,32.09981123771399,0.040715808220015415,0.02562247444218204
16,18,test,5,4266.2625,189.92966753128826,704.8196647614647,0.057817226123604154,158.3267625478797,51.755534118598234,0.043318302684598395,0.03253055214482716
16,18,test,6,4589.875,236.35426842364993,920.9501706884147,0.07240895045401881,199.64022426785277,60.749019893856726,0.05613725453208242,0.04117104854222846
16,18,test,7,4913.487499999999,291.9844047711848,1125.719787457911,0.0927378503757844,249.82200352157236,57.35075682339641,0.07553652471242472,0.04683356800618942
16,18,test,8,5237.1,353.32425847004424,1351.570431546067,0.11709292152000533,308.50441565600306,59.08946949406513,0.10375031462609915,0.051494885083680844
16,18,test,9,5560.7125,424.17360367619006,1684.5256535299125,0.14064464075995778,394.80876573610146,74.81396895651926,0.12641893460750736,0.05523963011208263
16,18,test,10,5884.325,490.07898764526203,2146.3733711511445,0.16250372481545206,467.93805429540214,102.6538685354268,0.15105444032237347,0.05549271009202476
16,18,test,11,6207.9375,557.7866843094625,2479.9627714137646,0.1850578145310075,538.912780479194,125.12357150242792,0.17233408931219274,0.05662316976413895
16,18,test,12,6531.55,638.1718502990736,2941.883614679024,0.21149688754423107,612.8315620444696,145.104812969862,0.1946359753671259,0.05881035444435523
16,18,test,13,6855.1625,720.5835905838285,3475.5889455014926,0.2308607643116689,694.6303678359698,160.4397618925617,0.21284391276555487,0.060860896515680524
16,18,test,14,7178.775,776.735427537222,4121.665977388276,0.2549809183529511,741.1366873099894,178.0361534860404,0.23922905594227217,0.06109747489168628
16,18,test,15,7502.3875,819.967075958715,4705.16462432474,0.26299776117026663,789.43568002326,196.18233121211404,0.24774370607436036,0.06232702494338681
16,18,test,16,7826.0,903.5351828763396,5312.108345984517,0.27829285750563537,867.0302959060479,211.5585612737476,0.2618122350325231,0.06250101341605079
16,19,val,0,2648.2,0.0,0.0,0.0,0.0,0.0,0.0,0.0
16,19,val,1,2971.8125,28.385745502156112,90.77568885588215,0.011855897511764413,23.424560110569814,7.1306409830640405,0.009881110428301698,0.005925869695166952
16,19,val,2,3295.4249999999997,68.19700117407024,207.36936918706292,0.026993285789950194,58.18106247446053,18.9681507926025,0.021573139500380423,0.011404704632865525
16,19,val,3,3619.0375,120.28610229045356,427.0119976057109,0.0428399346027869,103.70456711415699,33.88254067305496,0.03230999684959712,0.01918058316133925
16,19,val,4,3942.6499999999996,168.86497838409298,683.6613736476919,0.05766156821175681,145.80761665334308,30.34395006197599,0.04501219102506088,0.02455051284255827
16,19,val,5,4266.2625,177.2918743555998,889.2173134117565,0.06284689030816842,154.1044774814324,34.86281182318862,0.047368175072143304,0.028707059714784544
16,19,val,6,4589.875,184.5254714688167,1103.381698204938,0.072229279629972,156.61599343928856,41.9057475766067,0.05437696632679123,0.037247240532445325
16,19,val,7,4913.487499999999,231.5210039693767,1285.5685575011341,0.08972146835643097,198.2040242468912,54.165374509295816,0.07336903649861337,0.04260869533605216
16,19,val,8,5237.1,299.20951009501096,1507.276263865705,0.11152248801692133,262.10880936986314,69.5790174912645,0.09585079955024,0.042691739366482184
16,19,val,9,5560.7125,354.74554695505844,1786.0214479666522,0.13494140522937043,324.0146709670739,87.4641565870462,0.12017934998900803,0.0457891771818153
16,19,val,10,5884.325,423.3900809906288,2159.6886086084382,0.14789367407191945,389.12741262799955,103.70695707340616,0.13317774304491548,0.04711904679322726
16,19,val,11,6207.9375,488.5722994666821,2468.0827314592925,0.17329075087196832,461.8235108744102,113.51281293701732,0.15373896488465877,0.04351706062491467
16,19,val,12,6531.55,578.069613175046,2949.7045423956433,0.2064731832270017,548.3134775931546,139.8610063186254,0.1870525277188062,0.047866542271929324
16,19,val,13,6855.1625,658.4142541261713,3464.699419909408,0.21867893508500935,622.8205520540087,162.06346052798182,0.20382442216292096,0.055457320048163394
16,19,val,14,7178.775,722.8382294682092,4002.288039035373,0.23630834954812413,687.7874147618854,174.59399269361597,0.22096261917262106,0.06291165906210233
16,19,val,15,7502.3875,774.2906164936869,4516.6745766155345,0.2544221740757302,727.5369655560269,191.76757756792995,0.23745934758345744,0.06677636832469469
16,19,val,16,7826.0,843.5880413014729,5059.371179638833,0.2648192883895756,779.980847863385,209.3835843031684,0.24404267286232129,0.06979913251576544
16,19,test,0,2648.2,0.0,0.0,0.0,0.0,0.0,0.0,0.0
16,19,test,1,2971.8125,28.463800018684537,82.18686569357205,0.011400535112893184,24.28649317514342,6.3509576040594595,0.009473160313100762,0.006114979039822997
16,19,test,2,3295.4249999999997,67.44810777098165,198.91294800473534,0.025799357529374123,59.15000137227622,17.065573891066776,0.02115816160595113,0.010363174794081331
16,19,test,3,3619.0375,121.14847001996054,362.2433950166371,0.04161815126658714,102.56020009962441,31.608499283123592,0.03198465399573722,0.01778665987033773
16,19,test,4,3942.6499999999996,169.82480925352306,572.8511048613599,0.055083844556724076,148.84394200637985,27.40634452872115,0.04443914011936084,0.02328998774942491
16,19,test,5,4266.2625,181.55027945593005,755.2836376862899,0.06037979629683332,162.40756682267232,33.75961584090703,0.04644557927564134,0.02686528648446901
16,19,test,6,4589.875,188.19060596723602,977.971088072549,0.07379384239972718,172.62129198954668,38.89403902712729,0.05476906379945669,0.0355176982538459
16,19,test,7,4913.487499999999,238.41885632585047,1186.6613378185816,0.09187171176604399,216.5163204725431,49.36928151616327,0.07629334457185007,0.04061459590551288
16,19,test,8,5237.1,299.08725909359646,1429.9454549105662,0.11194763785456976,274.8040977976842,67.37851980601306,0.10009343050952635,0.040568272434177155
16,19,test,9,5560.7125,354.344576474503,1732.6573482004196,0.13618632354488874,331.47106946341154,82.7481493833151,0.1228628592050765,0.043292245900871176
16,19,test,10,5884.325,413.8584054707124,2105.151414469499,0.1539549518288913,382.61126363546794,95.23585092125586,0.14012125667270392,0.04472104385173318
16,19,test,11,6207.9375,477.0888436524672,2496.9553002341686,0.1757494518796615,445.87151873238184,111.05256998263968,0.16056761602666753,0.0437626107305418
16,19,test,12,6531.55,561.4938564498573,2950.048246978108,0.20758525458716356,537.1343107791375,134.5676112228773,0.18828267835697965,0.04909092951113636
16,19,test,13,6855.1625,645.4633284433982,3441.7064011199445,0.2208152009069153,616.8876552798324,154.25210576484005,0.20402008540205616,0.05515712210081569
16,19,test,14,7178.775,719.1035960092904,4109.567673878031,0.23882643621810085,691.725090911806,163.61356638940805,0.22040335525456978,0.05951961304966492
16,19,test,15,7502.3875,790.0153531672415,4778.4471257030655,0.24734418983199738,757.1068835027575,176.669663502949,0.23686828216517436,0.0637400759809087
16,19,test,16,7826.0,862.7902087718553,5500.153457655785,0.26368079694235114,823.1252241843094,193.82153785332923,0.23738174302437298,0.06438210165668132
16,20,val,0,2648.2,0.0,0.0,0.0,0.0,0.0,0.0,0.0
16,20,val,1,2971.8125,29.39076092519599,93.23813385849172,0.012840213891335273,26.067951756100882,5.582527526115655,0.00961445830906238,0.006481412325783781
16,20,val,2,3295.4249999999997,71.9712667581689,205.30522552763227,0.0258820939014609,64.44396752044668,12.159764122429806,0.018968422904254434,0.012778957763123766
16,20,val,3,3619.0375,100.11041644705188,333.9865657975732,0.034919158678120565,86.96520702557642,21.170273151710717,0.024924490064914817,0.01906382026377329
16,20,val,4,3942.6499999999996,114.90435015848277,577.5355820614773,0.042762247974826445,100.07762268100606,27.49610230455346,0.028764198857639256,0.025232335479269397
16,20,val,5,4266.2625,138.5171984460669,811.0070498321303,0.055958120208407514,116.32064073887705,45.01040886393071,0.036868154731011654,0.03624343165996562
16,20,val,6,4589.875,162.93784504202335,982.9153502731741,0.07066017088502852,133.29717911001637,60.96044257553501,0.04911935842906792,0.04558280352775796
16,20,val,7,4913.487499999999,207.6368517699052,1223.4774493136622,0.09166234358602698,178.11035616045245,84.83039128162773,0.06545550479832019,0.05216369049892283
16,20,val,8,5237.1,277.2870728535395,1509.377528250839,0.10909499925625121,244.6708399258739,106.20421895626731,0.08441058078431651,0.055540247546007754
16,20,val,9,5560.7125,342.39210629152694,1781.6681601254638,0.12944954178810072,318.5227412584197,128.02288625448455,0.10681146177381196,0.06028816182571464
16,20,val,10,5884.325,416.31384127830273,2080.3695623185213,0.14951491577273532,392.6330118227952,150.94186833355928,0.12604131688620512,0.06272190623429763
16,20,val,11,6207.9375,529.39555439076,2427.4149422255705,0.16330571593257612,501.04507926658925,170.42418355163136,0.13894621071053326,0.06231681774998641
16,20,val,12,6531.55,632.3576880865289,2798.67766228628,0.18903942813309776,610.0841818584968,193.08581836608596,0.16990262638377773,0.06360914895110065
16,20,val,13,6855.1625,718.2819947428243,3401.528922199546,0.2111174343339406,699.9966277485328,210.2425937522412,0.18938140222725386,0.06167890968533998
16,20,val,14,7178.775,794.0163994853933,3925.0665753878097,0.23275054879476342,770.8505228823128,236.01781537061584,0.21661188122329422,0.06536768795003395
16,20,val,15,7502.3875,849.0767835344286,4498.340446630286,0.2635940829004979,814.2988758546608,260.69821363421397,0.24190519135297572,0.06581168498735052
16,20,val,16,7826.0,907.605752002155,5212.135464283431,0.29022484934206627,866.2203879306389,284.4343805635958,0.26655608501188754,0.06631897763462874
16,20,test,0,2648.2,0.0,0.0,0.0,0.0,0.0,0.0,0.0
16,20,test,1,2971.8125,29.925625755396368,82.55005953218985,0.0131753132865918,26.996250416701173,5.341420191335544,0.009685973069616799,0.006300002261244025
16,20,test,2,3295.4249999999997,70.78901350211986,172.11812544932178,0.02512375070939975,64.67449660283364,11.289252690941609,0.018213717391740193,0.01189481022603571
16,20,test,3,3619.0375,100.30670349606652,293.9593781992189,0.03498709915805351,91.22645773942128,20.441788262589355,0.02478637319621238,0.01800602734189881
16,20,test,4,3942.6499999999996,116.13571650207888,470.12649241919604,0.04333302169837183,106.52939501277103,26.641438163352404,0.029167523220258,0.024429073766242537
16,20,test,5,4266.2625,137.1376240914941,700.1303245070092,0.05562933045870008,122.71920950167825,44.162681990592034,0.037052830937512465,0.03622016571288092
16,20,test,6,4589.875,161.10092245837393,958.1193136672731,0.07210622542930777,138.25686464332955,59.259017486652965,0.051733641171001696,0.04522212982559616
16,20,test,7,4913.487499999999,209.28712000912242,1247.0839875090273,0.09398675580034321,181.04063682964977,81.96024508603728,0.07036296252816138,0.05209641455354401
16,20,test,8,5237.1,273.82239531260666,1475.3665937676494,0.11562971775720687,246.46546414240333,106.68485039634135,0.09363113541233092,0.05384439639968645
16,20,test,9,5560.7125,340.44847030139636,1752.4077540359942,0.13682672723110828,319.28670011637905,126.95984015395823,0.1196676790522688,0.05835471006615436
16,20,test,10,5884.325,412.76376921081237,2125.970656235273,0.15860996579187409,398.5114672866672,148.40432099963152,0.14093565110318007,0.06176977003629833
16,20,test,11,6207.9375,519.6952956235634,2520.4232522504485,0.17360733432771752,505.39492998701974,169.94134654228077,0.1524060131560638,0.06080332523542703
16,20,test,12,6531.55,623.8285272904313,3069.5147813844237,0.19950927030504273,610.444153270393,191.63231277241266,0.18313765331166854,0.062444055590957226
16,20,test,13,6855.1625,722.7253984198398,3598.2848438809806,0.2129023645429419,709.1571375527792,209.5350414823045,0.19874357951716465,0.06103755120344043
16,20,test,14,7178.775,806.3401627129281,4281.384305395393,0.2341196229115447,781.6791850875546,229.4453043456599,0.22376389708509553,0.06316641672954142
16,20,test,15,7502.3875,874.5659216250203,4970.918303461847,0.2538170812986934,842.9646146418826,253.79156308775384,0.24188794359400814,0.06544439636013526
16,20,test,16,7826.0,943.941645191238,5816.157401500281,0.2784180040082962,919.0726501097481,268.3290695670735,0.26333793522036186,0.06441449695604365
64,1,val,0,2648.2,0.0,0.0,0.0,0.0,0.0,0.0,0.0
64,1,val,1,2729.1031249999996,5.428041240691073,12.609205363179392,0.005626471945444425,5.276036074249646,0.604381284944111,0.005165404143733787,0.0015548656089950375
64,1,val,2,2810.00625,11.531604229020331,27.05789793145569,0.011455656237106815,11.295768747771717,1.3305374149297222,0.010443557273333987,0.003272014867577999
64,1,val,3,2890.9093749999997,18.64013357129579,41.89526828893685,0.016746776649950723,18.35669564449205,2.007906314815955,0.014476755424853993,0.004990312596153679
64,1,val,4,2971.8125,26.915780317303017,58.758267055358715,0.022542827979539493,26.55762538961426,2.8195033594897723,0.019413771643987665,0.007146048987573955
64,1,val,5,3052.715625,36.49869374034864,78.70446050840195,0.027023123276903593,36.1034673713192,3.8595478916931825,0.023243902620864385,0.008705075463827372
64,1,val,6,3133.6187499999996,46.47022360294173,103.7724496244336,0.03392111607337933,45.89587541723006,5.455531543759662,0.028661281114906664,0.011250587566576098
64,1,val,7,3214.521875,57.379231180576085,129.48658142307738,0.04062123408866969,56.64198734370984,7.18888570081333,0.03415937091374305,0.013981652513199438
64,1,val,8,3295.4249999999997,69.40573219353041,160.99745701708628,0.04734263962962587,68.29106328291346,9.347361405963817,0.040795633034714646,0.016270513946219436
64,1,val,9,3376.328125,83.17549297564142,197.4745990294152,0.05515565626238415,81.57384738109386,11.536980965900057,0.04699615601813645,0.019342993361197436
64,1,val,10,3457.23125,96.47416814468102,231.83655749610338,0.06084376557094831,94.54634424716346,14.14739393516129,0.051214616527517354,0.021274208510876913
64,1,val,11,3538.1343749999996,112.23912078698106,270.6863507512959,0.06927603229738011,109.23306929727516,16.52735226073787,0.058281090655532,0.023557643171558118
64,1,val,12,3619.0375,126.8649327186604,316.9440637689888,0.07637695276037967,123.55720176120144,19.84757156368744,0.06420858000677487,0.025392266135682018
64,1,val,13,3699.940625,142.47408395069527,360.2285529913668,0.08303225100693423,137.91349481405746,23.459970782710116,0.0710938537094169,0.02744304350348753
64,1,val,14,3780.84375,160.72026609037948,415.0230118582783,0.09238428063982869,155.0926217698354,26.71076731617461,0.07977849900871192,0.030836433984882117
64,1,val,15,3861.746875,179.61594914173418,464.95330040763264,0.10196842045118518,172.83043262884945,29.741343855306468,0.08744330201201911,0.033691640859916105
64,1,val,16,3942.6499999999996,195.83856823874157,530.2799157305751,0.10905940175807635,186.65592319279037,33.20957374564237,0.09335034610953932,0.03645663995811149
64,1,val,17,4023.553125,215.3827112875284,591.4984040110442,0.1167648275680333,204.04396465082186,36.7403425335624,0.10024150983534152,0.038132068945758574
64,1,val,18,4104.45625,233.63378379718824,660.37704379539,0.12388861264728268,222.60212351217135,40.33607627201263,0.10887515982963003,0.04393512881537692
64,1,val,19,4185.359375,256.0939573041452,736.6139544582181,0.13559060933784894,245.2207925038863,43.8719170832087,0.11548119614707142,0.04974396591148067
64,1,val,20,4266.2625,277.9365305849808,806.8036977789005,0.14487583584665842,265.7366263704546,46.78326404544464,0.12642388546763028,0.0533217357790855
64,1,val,21,4347.165625,298.2130414078483,869.6162700377,0.15338238491068024,283.32465806846585,51.232139458420534,0.13391199871469472,0.05484226773386225
64,1,val,22,4428.06875,322.8771420394878,950.0140096915965,0.16393867745580215,306.5779374589681,54.68654934367123,0.14388139125365296,0.055346508547687856
64,1,val,23,4508.971875,348.928526916751,1021.2579231571948,0.1781201970136176,332.8263376282621,58.31158782211787,0.1553368838890165,0.05664300771401898
64,1,val,24,4589.875,366.45110334251285,1113.6614970151143,0.18860345443956483,351.28064353591526,63.006300344568444,0.16455831999630244,0.05609505002310278
64,1,val,25,4670.778125,392.9450030411914,1191.8279744563254,0.20342813845864588,376.7386367410239,66.83736484963276,0.18380449268731724,0.05906731603046861
64,1,val,26,4751.68125,417.90238780845357,1296.7195388615703,0.2217746135219495,401.5949636481082,70.84882313083085,0.2012412104286168,0.06221328380650801
64,1,val,27,4832.584375,446.70954484979575,1403.0261066419878,0.24233000143317196,422.0620961723398,75.81596013743308,0.22182802078930114,0.06318406791939318
64,1,val,28,4913.487499999999,469.4926044390684,1514.7035183223616,0.2620324575496463,447.3225403076526,80.13189831524414,0.23783369713194225,0.06351742813080334
64,1,val,29,4994.390625,492.3379808595172,1590.5833272956636,0.28274707760873874,474.00632801793563,84.4386136037727,0.2579072881294664,0.06460689901995748
64,1,val,30,5075.29375,527.300992357695,1723.5854909541033,0.302315089481045,502.1965185422488,89.97844379530306,0.2814841264206572,0.0644679072363194
64,1,val,31,5156.196875,563.5752391611959,1872.3978054897996,0.32841569805510534,530.7204668591226,95.55827677161233,0.3023932263097606,0.06533393712710583
64,1,val,32,5237.1,594.1853012554361,2009.5906603821152,0.3523574822658637,564.4016980439801,100.89359225264616,0.32551903773522795,0.06657463881939996
64,1,val,33,5318.003124999999,620.9246397915535,2194.872069303402,0.3719611041237414,592.968353880309,106.65784529851408,0.3499925783375657,0.06778802923896807
64,1,val,34,5398.90625,656.4260794259553,2325.5150744930197,0.3961036595953732,623.200258466909,114.6973140041041,0.37616835191391085,0.06865238534837538
64,1,val,35,5479.809375,693.614925178224,2464.151415140815,0.41887656786970817,656.0474398527276,120.3503292865662,0.4000238042363713,0.06873984679142339
64,1,val,36,5560.7125,730.5585139147581,2622.0842636627685,0.45128887252335326,691.7382649593051,125.80651421421862,0.4298195001204985,0.06895962947169043
64,1,val,37,5641.615625,774.3384088515768,2789.7406665678836,0.47745863522255516,731.1214221979014,132.02089297973885,0.45448197301990734,0.07066593599292306
64,1,val,38,5722.518749999999,805.579831321154,2951.310566266885,0.5097624217074714,767.7694443559631,140.03389465650073,0.4847284237002869,0.07123665774749072
64,1,val,39,5803.421875,848.5950413233923,3131.8682775520715,0.535657064206635,808.6209203297017,147.3161985341669,0.5114401860778217,0.0722088984507277
64,1,val,40,5884.325,880.0024452127104,3305.4481496309845,0.5717118362203732,829.4854214595944,153.03194319358226,0.5458616066417732,0.07169810150396
64,1,val,41,5965.228125,917.1269047367048,3519.9847383824376,0.6042547477032589,863.910667043001,160.64956180194656,0.5711282457560862,0.07244228251820917
64,1,val,42,6046.13125,955.5306001753144,3703.910465344964,0.6323196393377417,903.7641766451543,166.0975399715312,0.5999948943637146,0.07187625495226613
64,1,val,43,6127.034374999999,993.5204341673227,3905.3852736956446,0.6560759493786095,941.4718621210056,173.28872757653357,0.6260881005096114,0.07175269298644732
64,1,val,44,6207.9375,1047.8338441133985,4113.044916627421,0.6879787020113646,981.8737928273436,178.96895772815924,0.6610095910362657,0.07170943938768215
64,1,val,45,6288.840625,1089.7698928802413,4338.247914009944,0.7227811638986226,1011.7501037457259,185.8910649893346,0.6981855398868406,0.07085473644705131
64,1,val,46,6369.74375,1134.0144248590036,4576.376254683172,0.7535762990628081,1059.375775315175,192.8219606209609,0.7303419058273599,0.07163617990555912
64,1,val,47,6450.646875,1183.4652965952728,4785.6988172592755,0.7804835826662523,1100.2068194447645,198.67156624849258,0.7561879977118768,0.07335151767860586
64,1,val,48,6531.55,1232.2181525228473,4984.5799186841505,0.8074523841475612,1146.353972763336,204.06369240863853,0.7817817632278928,0.07640416781574261
64,1,val,49,6612.453125,1269.9288519892207,5207.050940855098,0.8347368222804546,1202.8935577618681,211.87276275725253,0.8082811696316222,0.077327961934201
64,1,val,50,6693.35625,1309.4165609836637,5445.0889599118655,0.851507868475973,1241.9085967194405,219.4882584108626,0.8209926495412467,0.07821035844672412
64,1,val,51,6774.259375,1356.6190789431403,5687.259694052223,0.8682566636745992,1280.9080689476673,224.57732431107047,0.8322010724238216,0.07972139258229094
64,1,val,52,6855.1625,1417.8236046385564,5935.517725546073,0.8779852474761762,1330.8799043049646,231.34651127622874,0.8514786902779348,0.08416136098947369
64,1,val,53,6936.065625,1462.7896376495357,6194.1067204327555,0.8935636852139967,1384.567426429399,237.89233281023314,0.8707885532690668,0.08621902268694542
64,1,val,54,7016.96875,1528.013084762506,6451.155766419282,0.9117776122832821,1431.2682938628996,243.09606943969442,0.8870706509792881,0.08980681592436757
64,1,val,55,7097.871875,1583.6970235063177,6712.2059532867115,0.9346111776265403,1475.3858980232906,248.65303702392794,0.9043260591658289,0.09176943877135108
64,1,val,56,7178.775,1638.0110058200614,7004.012382683269,0.9505224892918385,1534.4774893535487,253.40459747002342,0.9169448295783256,0.09473451234827054
64,1,val,57,7259.678125,1696.341703908132,7291.951190131008,0.9722003347017727,1605.3427146707224,258.9038882269392,0.9369384937248926,0.097959687469229
64,1,val,58,7340.58125,1744.299777880343,7563.120694634505,0.986938297908857,1671.6707494238108,269.04426868190967,0.9541527652822679,0.09950553024523114
64,1,val,59,7421.484375,1814.9915033725533,7884.959572159178,1.007375249329756,1727.5100724392587,274.84537582004265,0.9773187250818327,0.10131940736204308
64,1,val,60,7502.3875,1880.0519062139074,8165.550600801544,1.0236339156946828,1788.3143190106239,284.85339117821695,0.9887267837845742,0.10441366669614732
64,1,val,61,7583.290625,1935.9988983110838,8509.048390576705,1.0404016491297117,1847.7819684164842,291.5715069741225,1.0095825539148673,0.10685275311228537
64,1,val,62,7664.19375,2000.8573779983863,8802.850430728846,1.050640869290298,1928.4811524793213,302.7534058544177,1.0245511870617674,0.10819852203240027
64,1,val,63,7745.096875,2061.6398675554706,9126.794389255547,1.0598288090088657,1987.151189456,306.0610485725874,1.0275477087734464,0.10993939270588937
64,1,val,64,7826.0,2130.086694075203,9539.430624650608,1.0672374276837342,2044.486944380651,317.45724846084045,1.0352753695429262,0.11095267748788273
64,1,test,0,2648.2,0.0,0.0,0.0,0.0,0.0,0.0,0.0
64,1,test,1,2729.1031249999996,5.241912387454306,10.33610205120539,0.00570719626467181,5.1095914989360836,0.5602074145087954,0.005190122250234644,0.0015843137056419793
64,1,test,2,2810.00625,11.401344651943646,22.69427094578909,0.011538475618013463,11.160304356337747,1.28144999515456,0.010494590371326043,0.0033671424416355233
64,1,test,3,2890.9093749999997,18.562889714520026,36.06375758592719,0.01718182403899937,18.226267582871714,1.9856330971617098,0.014942498725741687,0.005319572746612447
64,1,test,4,2971.8125,27.00374460447108,54.17477994590742,0.023114680496127624,26.72534805193294,2.6671081346929526,0.019617092436693268,0.007519009629128326
64,1,test,5,3052.715625,36.4606813731676,71.57471485024254,0.02816056608567069,36.17028840722547,3.63396329395016,0.023518555236931235,0.009249987235033542
64,1,test,6,3133.6187499999996,46.574757817989365,90.81763020345159,0.0341039670526894,46.15306930527119,4.950685031786861,0.02841486574710079,0.011908098495233381
64,1,test,7,3214.521875,57.883201990303945,117.68228639134941,0.04129157454767565,57.422153115812335,6.572081902696425,0.03421747937590834,0.014116482397533159
64,1,test,8,3295.4249999999997,70.5782490952407,144.84925875277537,0.04878221841860594,69.64415498709842,8.459523164081162,0.040025026906913286,0.016418383238206175
64,1,test,9,3376.328125,84.64960849963265,177.18673223062606,0.057836932435208384,83.42068560722993,10.485917497710773,0.04761627943869473,0.019276326555123582
64,1,test,10,3457.23125,98.06428528531086,211.819058182122,0.06405540369393367,96.51823297153061,12.626968390478055,0.05273730295257597,0.021467224000530638
64,1,test,11,3538.1343749999996,114.20757723691023,252.4607372873116,0.07370584754143317,112.06497994270137,14.920056804587745,0.060971062898279846,0.024094603705077794
64,1,test,12,3619.0375,128.66981911491493,299.33537232795743,0.0789804972576285,126.30450967332129,17.580681830501987,0.06654263701405971,0.02514236847786207
64,1,test,13,3699.940625,145.41112949526536,350.9569670528894,0.08568621401105038,141.3068339569996,21.07659520770966,0.0718478304651965,0.026776263638310892
64,1,test,14,3780.84375,164.73536817874646,412.17371658933797,0.0953810980190671,159.17621797598613,24.55684015436077,0.07985794236657368,0.029657731578057456
64,1,test,15,3861.746875,184.8602678741944,473.3733785859553,0.10375745831953456,178.15198642113472,27.904728453499672,0.0851887601296189,0.03150234451151403
64,1,test,16,3942.6499999999996,201.02949225244515,537.2462243792343,0.11054236396195599,193.7549239215528,32.46215718923651,0.09295165112332276,0.033125563327122964
64,1,test,17,4023.553125,218.8765374978061,614.8061282655675,0.1179828666731178,211.86458546112874,36.24174316260387,0.09926437850036815,0.03532317368661053
64,1,test,18,4104.45625,237.9457711925781,681.9562328889641,0.12501784391342508,229.80635296178065,39.40413527126552,0.10730475872963371,0.04028060844204193
64,1,test,19,4185.359375,260.6845694096585,766.6455657856278,0.13388787510870084,251.4049501945479,42.73332814248576,0.1184815510192911,0.04424510968504408
64,1,test,20,4266.2625,282.7763534286376,844.6412352550698,0.14353966614268424,273.7772269167209,45.76817209732553,0.12478280165415662,0.048590759308091924
64,1,test,21,4347.165625,301.12255549577327,931.76347194962,0.15233764556854545,291.93806362903274,49.167224330581405,0.1330998298858712,0.052316862240748586
64,1,test,22,4428.06875,323.56752677797476,1026.9384962792235,0.16338174336507283,316.5036177385474,51.7528711286559,0.14035854004568887,0.05418981272869473
64,1,test,23,4508.971875,349.34653872515753,1125.9339036319636,0.17861751872268183,339.5232244881399,54.91073738912888,0.15506135200895124,0.054248331359932345
64,1,test,24,4589.875,368.9865075748031,1240.3814404679108,0.18890823224368414,358.274374855732,58.991192299684855,0.16587692963192235,0.05431769031490671
64,1,test,25,4670.778125,397.7280202182527,1340.4327770298153,0.20468077959601322,382.601453726533,62.96959556116377,0.18173102604822355,0.0558550544822161
64,1,test,26,4751.68125,421.9727244852649,1431.1624200820559,0.22402105535236985,407.1764815189809,66.5495881644631,0.2008212443044416,0.058307831888983544
64,1,test,27,4832.584375,449.0344809057518,1542.8616669477535,0.2430650168568152,432.24946442879286,68.70752538101499,0.21660265203306966,0.058121800522783
64,1,test,28,4913.487499999999,475.3745201756026,1628.7000106888038,0.2609300775547954,454.64845794013087,72.7526553338933,0.23537445975541627,0.05917224277594835
64,1,test,29,4994.390625,503.6748931074797,1740.8040039164712,0.28172870248981996,482.62483977328685,77.93526228430281,0.2539995466219122,0.06141276453295111
64,1,test,30,5075.29375,535.2926905598849,1831.8370360170493,0.3016008558476835,515.2656500488604,83.45222390110862,0.27522717593671947,0.062247096322071496
64,1,test,31,5156.196875,570.2635472157915,1948.149095829616,0.3223329414848361,543.2592563198426,89.6995227223556,0.30349452200203847,0.062247714796384926
64,1,test,32,5237.1,605.4531505919108,2112.9314605658637,0.35043173967139185,576.0773230886684,96.5262895111394,0.327501413627012,0.06295468618157211
64,1,test,33,5318.003124999999,638.3502072174849,2272.968971601126,0.37091111140611505,602.9873283526222,103.76752526504163,0.34799582340004975,0.06453677986542443
64,1,test,34,5398.90625,674.450117414402,2459.823364054804,0.39310757350581593,632.0418286160674,109.52433744637347,0.3712754982010402,0.06601741247068936
64,1,test,35,5479.809375,699.4358658714219,2585.9870849552453,0.4184370646439727,663.701322142856,116.48614911263167,0.3958481880725756,0.06654325010215824
64,1,test,36,5560.7125,727.6924236759719,2771.8728056712457,0.44371933390327867,693.9182841022955,123.03312188615223,0.42048644225111187,0.06688694128338148
64,1,test,37,5641.615625,756.7104627305134,2934.9836968151117,0.46697971241799197,722.5171134218726,130.66878018266516,0.4394363313625915,0.06770604165513947
64,1,test,38,5722.518749999999,792.3023041414581,3027.4148008097177,0.49901816666825943,748.7243533747119,137.02241809328797,0.46325893784857075,0.06836571651279086
64,1,test,39,5803.421875,829.831651873917,3134.98646852015,0.5208607727676153,784.8200055965435,142.29375230106456,0.48725948838299754,0.06897928428777934
64,1,test,40,5884.325,865.9506898251976,3318.7636870360775,0.5480374781343875,811.5924661484826,148.68653286116995,0.5166544470944084,0.06873477501572475
64,1,test,41,5965.228125,894.4642514752559,3478.352730493503,0.5745724794427032,849.4846650962984,155.05399136350206,0.5434020756555635,0.06873044564257268
64,1,test,42,6046.13125,934.3730930440728,3641.499133303208,0.6020581319272356,885.8132910619574,161.05355582107705,0.5734524213630993,0.06839991270999116
64,1,test,43,6127.034374999999,968.3551608200354,3876.428744592092,0.6304594071116567,916.0726416431402,167.05156122775122,0.6031664403291572,0.06908304330519727
64,1,test,44,6207.9375,1005.3126406332353,4097.551471102312,0.664104621677021,946.8946869208139,173.62476002357852,0.632754372286725,0.06892498031891604
64,1,test,45,6288.840625,1048.5288579194787,4378.42571255264,0.69501749571633,968.6703527205775,181.7882406527076,0.6619589513872925,0.06954611253171894
64,1,test,46,6369.74375,1077.6426641597254,4583.739488731908,0.7268558452305923,1007.3691635781703,188.2982011424872,0.6931528489520916,0.07007017815749764
64,1,test,47,6450.646875,1114.1606335301333,4798.100387362543,0.7481353649015227,1050.5044097749021,194.57056736441203,0.7223061189369564,0.07080875408733717
64,1,test,48,6531.55,1159.0172621951922,5122.62778030376,0.7784080394572686,1078.440876921178,200.468472989769,0.750414742727322,0.07291300397882852
64,1,test,49,6612.453125,1199.0024895931697,5335.11294543423,0.803720527917974,1132.47359143649,208.85120418208203,0.776102217927753,0.0733160385346038
64,1,test,50,6693.35625,1233.2702649313774,5551.432292264514,0.8239030497048383,1182.6175695697145,213.94477122670708,0.7907114576472529,0.0730233784589588
64,1,test,51,6774.259375,1300.6346022693265,5923.269663571276,0.8350784176324941,1217.3909202364327,219.14522763383104,0.8072220285811754,0.07305473332423242
64,1,test,52,6855.1625,1345.5922261966862,6190.150306507671,0.8545437138762837,1257.6075778816858,225.95330453894746,0.8275075667074395,0.07567491097990736
64,1,test,53,6936.065625,1387.325248467988,6432.052796879467,0.8639296202083597,1306.2851788905334,230.70373818696055,0.8415848591353109,0.0760125747089127
64,1,test,54,7016.96875,1453.3197215339014,6671.956906484606,0.8783460499247331,1368.325452558281,235.87530864157458,0.8531798113255717,0.07874675902985219
64,1,test,55,7097.871875,1510.3278475702382,6922.996515746626,0.8930015051649698,1417.8742722583024,243.32445510563616,0.8732962391851327,0.08163143844314158
64,1,test,56,7178.775,1559.4650296203981,7174.621614857212,0.9062579933948254,1473.6541042060765,248.1806402087443,0.8913950863309386,0.08495651490616866
64,1,test,57,7259.678125,1614.0662049129446,7413.086230660939,0.9301531801970895,1546.280368417996,256.9100378760289,0.9136982185388026,0.08889529467418986
64,1,test,58,7340.58125,1671.650154970166,7649.285122220494,0.9442902515125473,1595.2741675919242,264.29543324172045,0.9251965824470382,0.09194444684235831
64,1,test,59,7421.484375,1734.7096469711473,7880.937960498788,0.9595095876165083,1646.8006377523636,270.81014218808264,0.9336475096032235,0.09415410296160012
64,1,test,60,7502.3875,1810.0196052550075,8114.814043787136,0.9735674890264736,1708.9855339290523,277.0307039536277,0.9497217227250956,0.09760805941957072
64,1,test,61,7583.290625,1857.2553666092517,8346.975460162466,0.9901341011990944,1771.6326410860006,283.92476184902193,0.9639564859124095,0.10144491640896695
64,1,test,62,7664.19375,1915.8264801616838,8620.051770429252,1.0010322574897923,1845.2445739323052,290.9615687454874,0.9791608962355924,0.10392253587450384
64,1,test,63,7745.096875,1985.5573530104778,8932.225615894778,1.0099677643564555,1909.2835386386184,298.18688474492205,0.9870233932695593,0.1055739592179519
64,1,test,64,7826.0,2069.0765638463163,9246.13231511467,1.028417881346326,1970.1319141752372,304.81644272866504,1.004455021856622,0.1061014320227812
64,2,val,0,2648.2,0.0,0.0,0.0,0.0,0.0,0.0,0.0
64,2,val,1,2729.1031249999996,6.034030330198448,12.25697119364212,0.004410164130922226,5.839678218890754,0.6071108781213752,0.003819501590458796,0.002004959259956085
64,2,val,2,2810.00625,13.292011346350385,26.850040000442725,0.009438417977424007,12.986139070701341,1.3803138420840355,0.008057212570002949,0.004562184867697161
64,2,val,3,2890.9093749999997,21.55353243651348,42.67646785736684,0.01491299392306425,21.06515035270462,2.4828423320286674,0.012957090650356218,0.0073220710919488785
64,2,val,4,2971.8125,29.89493337311444,61.87973471911047,0.0207307540958236,29.506313745859103,3.420803372069514,0.017875208357146302,0.009840652904513983
64,2,val,5,3052.715625,39.91379278598828,83.20015774865223,0.02719179028783103,39.25295731175993,4.470418770665674,0.023421308963732235,0.012144434274288796
64,2,val,6,3133.6187499999996,49.880331334691164,111.62259964904138,0.032566304076483976,49.025772409095225,4.960079954983598,0.027955491233411234,0.013311064680700258
64,2,val,7,3214.521875,62.144073522631516,144.80127932822873,0.03830091064028693,60.65160583762008,6.455063735650413,0.033426337572882436,0.01583568307567812
64,2,val,8,3295.4249999999997,75.29332867412108,178.85957677270434,0.04526418784527031,73.66415579242513,7.851499103423976,0.03944092657896803,0.0185960160892229
64,2,val,9,3376.328125,89.24744799646334,212.03543391116565,0.050753289737512364,87.57250246888759,9.545073095637235,0.04472888457571948,0.019762134307634016
64,2,val,10,3457.23125,105.20281331895376,248.93572926458452,0.05840679667643359,102.89191930624852,11.679544285556176,0.051351032834733024,0.022369947292048137
64,2,val,11,3538.1343749999996,118.7601402615428,286.9680995052958,0.06307469841804886,116.8970839317307,13.987096771572283,0.056584582772467584,0.023536869563504318
64,2,val,12,3619.0375,135.7786106610206,334.3359731367845,0.07086524504548893,133.25713914528592,16.442380688339142,0.06350711811484167,0.026064669903560697
64,2,val,13,3699.940625,153.7672793290028,377.14221182484374,0.07720761913772127,151.16127505364574,18.21796237308604,0.06711490541893086,0.028717680487559683
64,2,val,14,3780.84375,174.64834479073943,423.1251751669357,0.08534731301254248,171.5586606184729,20.00033214733321,0.07489250187698443,0.031220380194818542
64,2,val,15,3861.746875,194.99587654384243,462.6495904247994,0.09109584006873703,189.22032180627468,21.842192072512034,0.07962392778063099,0.032879424032856985
64,2,val,16,3942.6499999999996,215.9852534044191,524.8742438696295,0.0981189386412562,209.51271430521956,23.77240650552892,0.08522505943135694,0.0356796774859669
64,2,val,17,4023.553125,237.36811605022012,575.8780602830195,0.10565315266269915,229.362465766755,25.90263687670813,0.09339620778225921,0.038333449359856386
64,2,val,18,4104.45625,258.32338917956577,621.3946461883663,0.11094893666396474,246.80962984201926,29.684739604249444,0.09934071280721674,0.04064754327807313
64,2,val,19,4185.359375,279.02884253717275,675.2828209390997,0.11962131738461196,268.57944470769723,31.874071888466915,0.10647163654534109,0.044223536755112064
64,2,val,20,4266.2625,302.93859285075087,744.5742251216604,0.12855485132914207,294.8034045971326,34.22642158555789,0.11604309192528306,0.0475943914585511
64,2,val,21,4347.165625,323.98112919065625,804.6375215876076,0.14160797072315484,315.234806043577,38.85126275505968,0.12559302635138658,0.049711631648147875
64,2,val,22,4428.06875,346.0073172112743,898.6626629713675,0.1508807298590542,335.8478364285702,43.39633441003343,0.13304922970838046,0.051558780399314774
64,2,val,23,4508.971875,372.0797866807004,1004.0562725107453,0.16578417886210783,361.1113667757877,47.033320034046255,0.1479472647308369,0.053255641938327464
64,2,val,24,4589.875,398.19167043617654,1080.9183743794185,0.18286369494319166,386.54771793058273,50.37275018457166,0.16229982284005073,0.05521647855863854
64,2,val,25,4670.778125,423.46654617306,1155.5029929159496,0.198127001997752,408.8293430569365,54.50745119213707,0.1807863098601814,0.05646550172527798
64,2,val,26,4751.68125,449.83610736642277,1267.1727808908013,0.21758168308131343,435.9358558118629,59.1352795121054,0.2016353882220434,0.058629846155899834
64,2,val,27,4832.584375,473.4994600887603,1357.3184843012796,0.24150621597671812,453.589547293177,62.12308518093934,0.22185861821549802,0.06100404836088813
64,2,val,28,4913.487499999999,495.6231908170139,1474.0409304403897,0.26722793899259556,479.028809041381,66.82299649395418,0.24853634050703288,0.06174144902405983
64,2,val,29,4994.390625,523.0256340622193,1568.3982313255417,0.29080914460066776,503.4427710359637,71.88776254096751,0.2721959432578219,0.06258674693124938
64,2,val,30,5075.29375,548.3971506482703,1687.3386488467283,0.31862286112299687,536.8749673089326,78.1156027461094,0.2982810782237305,0.06421565376089206
64,2,val,31,5156.196875,580.8868627725872,1825.2186783551317,0.34677888517531397,560.2978812642476,86.21552215356587,0.32093983532016646,0.06509435459716925
64,2,val,32,5237.1,605.4814847353214,1977.152873723458,0.37744693688281095,588.0015107966301,93.58897514034936,0.34046401250326097,0.06657154009105659
64,2,val,33,5318.003124999999,637.5842068274793,2117.9023229342647,0.4049689515327748,619.7732147794497,101.56585781635386,0.37022738165311264,0.06788744696607091
64,2,val,34,5398.90625,671.3144065351742,2242.877481294247,0.4280208231303706,643.771260681774,110.74334622905901,0.40065954251215785,0.06898103719997495
64,2,val,35,5479.809375,707.8108113747508,2437.1285189146274,0.4545487741209539,678.1048214758414,117.45153849176404,0.4284014976311812,0.06994970349904692
64,2,val,36,5560.7125,735.4093882711936,2612.1299656630663,0.4819543136463378,713.324637142307,124.3025107008009,0.45656272742697346,0.07116549115500359
64,2,val,37,5641.615625,769.940122703531,2799.406374734854,0.5122205942105773,738.2892168014337,135.57923421393525,0.4885012921758414,0.07179890723188476
64,2,val,38,5722.518749999999,803.6622290215405,2930.4217889017314,0.5458741115252908,771.2412441987731,140.6281873250066,0.5236414082536722,0.07123837527811885
64,2,val,39,5803.421875,837.21901503678,3109.368404510345,0.5782783396209995,793.2609148341214,149.53266300739187,0.5604893781439718,0.07236533599739442
64,2,val,40,5884.325,876.5365691859905,3337.346265823638,0.6127919887718505,830.0577099169004,157.9663428492708,0.58677873488297,0.07316944164092141
64,2,val,41,5965.228125,922.7890721941776,3479.80792568428,0.6443846928910479,865.5423190732563,168.23263219589535,0.6193784466698715,0.07327448903575798
64,2,val,42,6046.13125,967.5558611701263,3752.824475149708,0.672040101440563,905.330188898489,176.8259127840679,0.652340157599185,0.07324003042220861
64,2,val,43,6127.034374999999,1007.2506692461047,3999.6566559658854,0.7003577002546862,945.9370139200587,184.31087411477165,0.6803641568549623,0.07387794173327467
64,2,val,44,6207.9375,1052.268362014729,4229.348451065136,0.7365619199773132,997.2875386821443,191.91379912922457,0.7071901187833407,0.07469470941393053
64,2,val,45,6288.840625,1112.0131564232452,4441.842719003743,0.7643899432057399,1057.9752479115996,200.54384832246797,0.7368949807167162,0.07602818723897661
64,2,val,46,6369.74375,1175.0710998035174,4620.020391786761,0.7917771279616487,1130.8806908979534,211.41231728108778,0.7678425301743397,0.07764746516672472
64,2,val,47,6450.646875,1237.931483095565,4879.795282355182,0.8242512069386032,1183.0217773936909,219.72482094020052,0.7961109244345455,0.07901665314176409
64,2,val,48,6531.55,1303.3460048793586,5137.825006050884,0.8492995832608125,1234.1339762590735,228.55430216858963,0.8171863231899723,0.08083329677895144
64,2,val,49,6612.453125,1355.8600776858043,5387.878567443844,0.8708983775304324,1269.172185465436,237.15348387279533,0.8450763225694713,0.08199390620602931
64,2,val,50,6693.35625,1410.1281148012818,5655.993684789837,0.8871285612929714,1301.3536997919032,244.43910110822742,0.8580428490754799,0.08299896527028117
64,2,val,51,6774.259375,1454.8257141386784,5922.657394553016,0.9088799141842019,1366.1328325243858,251.5484629849425,0.8807513197335859,0.0830455557687057
64,2,val,52,6855.1625,1496.1414332989307,6203.810160980627,0.9188532605454991,1409.721591908209,258.68252377875933,0.8953535815012237,0.08374566082537498
64,2,val,53,6936.065625,1557.0864243244387,6487.801671685509,0.9307876196575637,1470.6144362511627,267.5281777781038,0.9117852373237527,0.08715909924597587
64,2,val,54,7016.96875,1617.898957183911,6801.02325533135,0.9522851073889005,1526.8000977834504,274.17539276694924,0.9249308671608336,0.09016849863661969
64,2,val,55,7097.871875,1693.4955942855368,7100.851222196711,0.9664800217609182,1588.747992163178,281.390465312807,0.9345830689665713,0.09252677419972245
64,2,val,56,7178.775,1760.7540369295975,7410.0311690657645,0.9756739145607013,1644.2661203241187,288.0997854161933,0.9464568535315077,0.09306916916698715
64,2,val,57,7259.678125,1829.3368760417934,7753.263276031628,0.9957508656783798,1709.4789198160995,294.7448735771445,0.9570188133161267,0.09434261181465176
64,2,val,58,7340.58125,1896.5548335701214,8058.5068370237195,1.000768319095957,1795.706854853563,301.93622525348474,0.9655849691740104,0.09607803164499162
64,2,val,59,7421.484375,1963.5137723196294,8370.772664326854,1.0139422311850055,1852.8787781397612,309.33786547925024,0.97672630433282,0.09815360008403815
64,2,val,60,7502.3875,2029.7805425668685,8700.051556493992,1.0289591282536397,1915.004080712606,315.68082010045373,0.994890377518709,0.09822069208148543
64,2,val,61,7583.290625,2094.0297461024215,8965.95725146447,1.032935780185401,1987.2662856165562,321.5917686902259,1.0032579769081869,0.09976421780516498
64,2,val,62,7664.19375,2161.3899105500423,9274.218833513314,1.0462857216418238,2057.0329071410924,328.83734181153557,1.018025578823134,0.1009087087668406
64,2,val,63,7745.096875,2229.853689715128,9550.376695411722,1.0629715442039556,2125.712636844696,336.16965427074774,1.0322123443244278,0.10483646405895497
64,2,val,64,7826.0,2308.8943253377183,9849.735191831507,1.0695742854203993,2192.3386934555538,344.83770976362393,1.0461090544544165,0.1049945605339983
64,2,test,0,2648.2,0.0,0.0,0.0,0.0,0.0,0.0,0.0
64,2,test,1,2729.1031249999996,5.892287726588563,10.555751712968233,0.004707783935084878,5.802626217580098,0.5647165997135772,0.004153138420797068,0.001979895728039527
64,2,test,2,2810.00625,12.946967841962476,22.942098365970768,0.01015118282898797,12.815900388116308,1.2381421775735646,0.00898410201881708,0.004457255359479467
64,2,test,3,2890.9093749999997,21.163911084334686,38.92487531464327,0.01597048400498076,20.879361950733255,2.248996134701753,0.013886711762318527,0.007060231992578932
64,2,test,4,2971.8125,29.692421893512844,56.04814485937489,0.021630332437909364,29.297091078575477,3.2669924591886,0.01886622547919714,0.009566511224825408
64,2,test,5,3052.715625,39.73919406872817,76.33361849484288,0.02779925679487769,39.16383249606881,4.171440701561835,0.02445750305509614,0.011885831798416277
64,2,test,6,3133.6187499999996,49.57601951795709,99.68586793440866,0.03242763493653934,49.10489074287128,4.595414821268129,0.02911367162925009,0.01313771772669392
64,2,test,7,3214.521875,61.685237885702904,128.19226470647146,0.03899440522370928,60.739972837883016,5.938334857247263,0.03471273064686777,0.015620636479812475
64,2,test,8,3295.4249999999997,74.95557299314638,159.66647182021296,0.045662809632224244,73.85425369212584,7.535269221269125,0.03959051799123231,0.018019178299117852
64,2,test,9,3376.328125,89.06940379946704,193.9705044552369,0.05206696997758081,87.95500918940036,9.286323379910755,0.045553941752750696,0.019409067049911376
64,2,test,10,3457.23125,105.0032963147558,231.63793077611672,0.05882314111260202,103.5514730242495,11.49415017120603,0.052604273197524865,0.021607078569692295
64,2,test,11,3538.1343749999996,119.06714965263632,267.6950333163963,0.06386201023712194,117.45173726890101,13.592182150535592,0.0568540812700153,0.02349866739990037
64,2,test,12,3619.0375,135.93524390764424,306.7099552924049,0.07136919086771568,133.9103466938809,15.862114703416808,0.06459072301272933,0.026430899372149486
64,2,test,13,3699.940625,153.9002532846041,346.32055703824136,0.0787988349645891,151.99686582449345,17.817011404339667,0.06991995911217758,0.02879549887830745
64,2,test,14,3780.84375,176.09203170420074,399.53464786223634,0.0864743174145827,172.33234267605013,19.22799258606034,0.0767695694950275,0.030640074741457995
64,2,test,15,3861.746875,195.64228607970335,457.3803076611776,0.09272879360887505,192.08176451539939,21.070321468531716,0.08159057661847555,0.03331728966440503
64,2,test,16,3942.6499999999996,216.98793551957962,517.596487816908,0.10055109877485542,212.1245096942701,22.917420621098472,0.08844486798655071,0.035287848025831146
64,2,test,17,4023.553125,238.5674644098188,595.895073200115,0.10544621277786687,232.928917171904,25.117165417217535,0.09474705092287969,0.03753334549315543
64,2,test,18,4104.45625,258.1080933833704,662.0600656317586,0.10952073683915707,251.60098061680358,27.076286859619714,0.0998992159944815,0.04008978198083435
64,2,test,19,4185.359375,280.21947241431633,750.9068956041369,0.11996739539329483,273.89460424229026,29.906212448602254,0.1072304439414893,0.04366196866040055
64,2,test,20,4266.2625,304.3176327412951,836.0971722854706,0.1333994333879069,297.3806041557481,31.83744831257318,0.11770377264747446,0.04637243400853076
64,2,test,21,4347.165625,326.7621105177341,912.2017078572812,0.14140589162015776,317.8243345326308,35.52998127186413,0.12548654439079737,0.04922564041030808
64,2,test,22,4428.06875,345.6176306472969,988.2467570532388,0.1506617226673,337.2929064889194,39.91772649930425,0.13399044552574874,0.051303601916373454
64,2,test,23,4508.971875,371.1587331959372,1078.5680072491016,0.16520070166907258,362.36726884321513,43.40312166133842,0.15054707887376167,0.05254983108287682
64,2,test,24,4589.875,395.5070016428266,1168.6015459934824,0.18500105046326915,386.2434292268162,47.51065021612,0.1671934588859253,0.05487728566939791
64,2,test,25,4670.778125,420.9398292010924,1292.2424029425688,0.2025890658385889,409.02138189885306,50.66920032403743,0.18329288337937122,0.05635019871025673
64,2,test,26,4751.68125,443.9074040716981,1397.49016466397,0.22553996667242296,431.0005814505615,53.305207385044184,0.20467469791690326,0.05726054937463948
64,2,test,27,4832.584375,466.2703527071699,1529.7545526877975,0.24763784594336938,455.93822911114046,56.058652618666386,0.22752072227404108,0.058937733412966
64,2,test,28,4913.487499999999,493.8972864251241,1642.124366399975,0.2693959252797751,482.38782311434034,61.51821535733859,0.25008652019543887,0.06044239652889475
64,2,test,29,4994.390625,519.8373921089967,1774.895049312359,0.2934309689991942,503.7137528705884,66.06444478199691,0.27271381826017227,0.061897334635428736
64,2,test,30,5075.29375,546.6628976702559,1903.5580588795472,0.32007539104376576,526.5191350538885,72.9731498317463,0.3021926731569466,0.06307752648075562
64,2,test,31,5156.196875,573.7584862170912,2042.7226794799046,0.34906420839268293,540.6053668545758,79.67560880416613,0.327720901640155,0.06445628794696581
64,2,test,32,5237.1,598.6813168041465,2180.4282603827314,0.37863106366050475,570.5896481479158,86.8333547789426,0.35209379575534133,0.06592309356926243
64,2,test,33,5318.003124999999,627.7230094232932,2332.7185304939935,0.4060833607839077,600.5924245504843,93.64234841707741,0.3790462702392694,0.06722676847180928
64,2,test,34,5398.90625,653.4838137550948,2448.16710591554,0.429019021403439,633.7086734493375,99.89955532667238,0.40346780412093414,0.06894100540999655
64,2,test,35,5479.809375,693.1981127329863,2616.686007902392,0.4574318851584235,660.510034463826,107.51323001749036,0.4320645570122447,0.06873134897326852
64,2,test,36,5560.7125,726.0267309758319,2776.8098171263473,0.4805359333817788,694.5059243418825,116.20893755326733,0.45852272053842347,0.0695227741611612
64,2,test,37,5641.615625,761.3075620214431,2939.8348049770743,0.5065045614153287,720.3422953284075,123.72626432290978,0.48898684596321296,0.07017625239975726
64,2,test,38,5722.518749999999,796.5117721829113,3078.991388897686,0.5416766253219032,751.9676806145128,130.61321984332608,0.5175743081376055,0.06946603136411683
64,2,test,39,5803.421875,832.7489471492413,3229.601240584909,0.5671422122844466,785.1569141829771,139.12522136787686,0.5482499014281064,0.06998830702740176
64,2,test,40,5884.325,870.3553096340553,3380.743039664527,0.5960099901826597,816.5468460933596,147.9833764131726,0.5764083103947208,0.06950507515256482
64,2,test,41,5965.228125,903.6462454287886,3565.9290749990464,0.6214463353994837,861.9434010213212,154.2386089958825,0.6035687197612563,0.06908015636940094
64,2,test,42,6046.13125,940.549750102889,3773.9452582476906,0.6518581121674103,895.3766630570783,161.3080120439747,0.6264111958697791,0.06850597783386982
64,2,test,43,6127.034374999999,980.7775421432439,3957.8583334404843,0.682394133097633,921.8509640935438,168.7513585307272,0.6563323140483801,0.07026646618171675
64,2,test,44,6207.9375,1028.0751555867482,4204.732679582881,0.705549258925936,957.9944353861549,176.05943459892927,0.6869554272799574,0.06987945724839031
64,2,test,45,6288.840625,1070.550300759905,4461.073486403387,0.7369262449768293,998.0578564818713,183.55419498455782,0.7178175956530121,0.07093274781232346
64,2,test,46,6369.74375,1114.5468337170144,4677.9159788382885,0.7714487807435542,1046.9090021297234,192.00322330069142,0.7449192071838501,0.0723896618696502
64,2,test,47,6450.646875,1153.0518083148795,4899.316335401657,0.7962656569476673,1087.4120622210341,199.57776816762518,0.770027350538105,0.07370468719374891
64,2,test,48,6531.55,1207.016870465651,5147.873897384779,0.8234671124575932,1145.185793144691,208.81683355791836,0.7983912001581078,0.07641959036795362
64,2,test,49,6612.453125,1256.2344038585707,5471.016014106359,0.8431633644547243,1206.140539583444,217.2164507778529,0.82496069417589,0.0777928009502854
64,2,test,50,6693.35625,1317.7045012652825,5711.927270021596,0.8644212237901711,1253.70801872225,224.9358077093504,0.8463323377712761,0.08221392977566556
64,2,test,51,6774.259375,1385.7239001836915,6008.3292265646605,0.8868654083291003,1290.2491559802913,232.77082948373362,0.8625598055295447,0.08538189594451459
64,2,test,52,6855.1625,1432.8570369954718,6272.354289249583,0.9012103080742184,1352.1792636754526,240.11191649307762,0.8756609852908631,0.08690393936557159
64,2,test,53,6936.065625,1471.8373536385343,6543.887191020509,0.9125502638680436,1415.5652932282692,248.53009172190752,0.8945152135685919,0.09061214808532558
64,2,test,54,7016.96875,1531.4616303701814,6742.500923180006,0.9319171824701262,1465.6812741841065,253.87235264923902,0.9059695166543751,0.0931978029431674
64,2,test,55,7097.871875,1616.1906837629374,6990.827960616302,0.9445890711586649,1507.6208824479095,259.8644367221432,0.9158543508246825,0.09373848037909534
64,2,test,56,7178.775,1692.3773373416732,7285.836189548915,0.9595026720985653,1564.3558079785862,268.9826386079588,0.9313129411224336,0.09582204973542038
64,2,test,57,7259.678125,1742.3752457693809,7532.713683196713,0.9711602725321206,1639.7923059009472,277.19264607265615,0.9455736399243062,0.09726508099098738
64,2,test,58,7340.58125,1817.3431361706776,7766.240189079988,0.9879295438233946,1696.44465920112,282.8598574540848,0.9524957177060867,0.09914596003451556
64,2,test,59,7421.484375,1880.8779429918304,8041.742846962524,1.002320031028313,1754.8633208176625,288.7409741497464,0.9695005520888068,0.10137421194867041
64,2,test,60,7502.3875,1949.8029218438119,8301.28099402829,1.0074647675710966,1830.6610189068238,297.6269349822189,0.9840591616061476,0.10204090459071599
64,2,test,61,7583.290625,2008.1393892252777,8743.403660392212,1.024490798185243,1900.4149722152733,307.5044932185449,0.9977720689402849,0.10197829434319301
64,2,test,62,7664.19375,2065.2781701714675,9124.409722892151,1.0272823760627825,1979.1974205532767,315.1163096633951,1.000287775796728,0.10334421001408729
64,2,test,63,7745.096875,2146.3043574979392,9452.076639958916,1.0393096977642098,2054.540549264402,322.7425404438975,1.010591750051193,0.10502513567605884
64,2,test,64,7826.0,2224.9091963900582,9660.904304648748,1.0445711522060266,2127.357137141985,328.58021073138843,1.0186228524201417,0.10687371156634269
64,3,val,0,2648.2,0.0,0.0,0.0,0.0,0.0,0.0,0.0
64,3,val,1,2729.1031249999996,6.527125836441883,13.764204877094208,0.0049050345677925655,6.439727723687838,1.1995475563963964,0.004078483443720193,0.0019178957030930102
64,3,val,2,2810.00625,13.573933299291241,29.06945539050974,0.009715041896724355,13.445238154613737,2.614166366356585,0.007960442986600091,0.0037098127166415584
64,3,val,3,2890.9093749999997,21.770611625086644,47.08115317614394,0.01525861732778913,21.533753069347572,4.053177759203663,0.012665944771679538,0.006061806760399718
64,3,val,4,2971.8125,30.766339350925875,68.3099142283366,0.02042366575482032,30.303185855807158,5.899815414636578,0.016850520323928586,0.008348776999348578
64,3,val,5,3052.715625,40.987745796883246,93.46369202365267,0.026632374485725807,40.36355919282997,8.005760141017504,0.021767580853458007,0.01047655721470725
64,3,val,6,3133.6187499999996,52.161240887755866,118.630516090883,0.03260179158030862,50.93234528359858,10.085648110965906,0.02648215809942546,0.012554760900167217
64,3,val,7,3214.521875,63.0031824526327,149.44662003003577,0.03815317034241289,61.62045899662871,12.768655792683603,0.030986190316452042,0.015415474484491154
64,3,val,8,3295.4249999999997,76.16202613435085,186.42655150681261,0.046904332114220196,73.93225641470735,16.182888391753636,0.03815949400547483,0.019431651539354028
64,3,val,9,3376.328125,89.83939784452666,229.89170051270085,0.05483661263191997,87.61462551363408,20.256687162373055,0.04329684020454652,0.023009993343422325
64,3,val,10,3457.23125,105.24801901107139,269.6445578550649,0.06274640295281242,102.02051268037593,24.05153307085328,0.04808385327932218,0.02657228885488
64,3,val,11,3538.1343749999996,122.70592260301783,315.9652253988381,0.07219383641653057,118.69825356990304,28.113418857650174,0.05491989617818771,0.03101667900898969
64,3,val,12,3619.0375,137.23659875714134,371.69120874212797,0.07977215978004215,133.48588354602242,32.53091711714262,0.06042096225676585,0.03392921766964471
64,3,val,13,3699.940625,154.50771967550736,423.6428134925245,0.08723880444953087,149.76420523198186,37.69883017403686,0.0678952186713485,0.03847196590964913
64,3,val,14,3780.84375,172.27066267872004,479.88470324735243,0.09462855492303746,166.4589442560782,41.50147949171412,0.07449940467104928,0.042504163079931136
64,3,val,15,3861.746875,189.38442484807183,524.0322582828212,0.10096453919763992,183.03693425059464,47.13344332682112,0.07943596803043629,0.04597437960232598
64,3,val,16,3942.6499999999996,208.49621174862864,577.2670055039811,0.1053180078264826,200.35758442102747,52.43743038528237,0.08289182451863379,0.048996500334925336
64,3,val,17,4023.553125,227.18500452651824,639.4211789607084,0.11143559347346482,219.30117851607633,58.27121613583586,0.08683344523085362,0.051314763016254566
64,3,val,18,4104.45625,248.62894368391153,712.5042889402125,0.11769248550644318,240.06023758400374,64.0622721619124,0.09218753622469711,0.05686892048967912
64,3,val,19,4185.359375,268.45981978092937,784.7320836030531,0.126064066644534,260.31659808745644,69.79285548595726,0.09803326267251306,0.061697820422638994
64,3,val,20,4266.2625,288.63364614511335,853.1040199454992,0.136422001262803,283.36350476001826,76.21609170666943,0.10605396796596611,0.06469649701741631
64,3,val,21,4347.165625,309.1651218009197,936.262023392666,0.14615885040708543,298.85978120978507,82.1284276317158,0.1106333674780191,0.06916524978725636
64,3,val,22,4428.06875,329.350681322893,1018.0120189039158,0.15271896114488204,319.7832135283496,89.28834097974914,0.12125457365137239,0.07041756702418772
64,3,val,23,4508.971875,352.77595619750457,1082.0520573396354,0.16379562863540892,341.06585417038724,95.4216772390879,0.13380065767455707,0.07319943487842095
64,3,val,24,4589.875,375.03392515526457,1173.5344733853626,0.17487299256296884,358.7529112106722,98.92971785440352,0.14355406832158857,0.07668120274335194
64,3,val,25,4670.778125,398.6948792944247,1274.88365077989,0.1952718670212017,380.3253964699991,104.71572713193211,0.16242124210569253,0.07857703447834014
64,3,val,26,4751.68125,418.9391548473793,1400.3132132340397,0.2104733945997722,400.62300525610794,111.82506059088837,0.17838424941189757,0.08134492766041779
64,3,val,27,4832.584375,451.7755533588286,1514.0202548975376,0.23235722542996884,426.78863985574367,116.51104552689162,0.20252729301170613,0.08354023171994185
64,3,val,28,4913.487499999999,475.08625473849975,1620.9820962557717,0.25569604653902234,452.82827886327937,123.5305276649683,0.22571394236939324,0.0850213210721795
64,3,val,29,4994.390625,501.5469650477371,1707.0182036600436,0.2789312179385939,472.33373705965676,131.07845100307713,0.2523955884798229,0.08633639588678799
64,3,val,30,5075.29375,531.2846468737575,1837.6322186162445,0.3045209071483937,499.17967341764324,139.32604100494927,0.2805591419908354,0.08625615917690413
64,3,val,31,5156.196875,551.6002540241516,1962.3366511674376,0.33482659671105197,518.061631959057,145.81804591793457,0.3084393737614044,0.08799946689935778
64,3,val,32,5237.1,579.3172978532652,2112.480724697902,0.36483031112222175,539.3480766999801,149.24016847251664,0.33901205918557276,0.08952983701153439
64,3,val,33,5318.003124999999,598.6876723890191,2286.8587976133344,0.3982953256663202,559.1040602205908,154.77269457846887,0.36890185273773246,0.09053416196118727
64,3,val,34,5398.90625,627.7795517594456,2430.5045967131714,0.42983654296666063,585.9477077050208,159.5115722290359,0.4055367987128326,0.0919881226644284
64,3,val,35,5479.809375,649.9293590654815,2611.382489794487,0.4631981737793639,604.4536965273437,166.7206852618932,0.4366503591324289,0.09350206323138072
64,3,val,36,5560.7125,672.9790763427559,2780.5379683614697,0.4959923038251879,637.7204177885005,174.42798148044147,0.46868261673899125,0.09420983867083552
64,3,val,37,5641.615625,711.9780894849299,2953.417407106351,0.5341773484153073,661.6856605542125,183.26863742947808,0.5020110002129652,0.09658826725847391
64,3,val,38,5722.518749999999,752.5507149577777,3120.544670165363,0.5701418225236982,696.0315850303687,189.74754977881503,0.5443701948459473,0.09857579431713295
64,3,val,39,5803.421875,793.290979824306,3337.385168821865,0.6023926752152381,731.7595977918359,193.0790163069389,0.5810062071583966,0.09805844320331936
64,3,val,40,5884.325,831.3901821048262,3565.6946717407127,0.6389618949198816,767.1242508042724,200.4587483353646,0.6153806595402024,0.09911035510785232
64,3,val,41,5965.228125,871.2966393180182,3817.305712637125,0.6753190329287229,803.8723458488448,205.07022011253184,0.6505402702071672,0.0995956400784738
64,3,val,42,6046.13125,912.9184842231588,4043.479465738738,0.7075159729840186,835.3652493534582,210.50073998980423,0.6901136211851511,0.09994967093376189
64,3,val,43,6127.034374999999,947.1703505327014,4216.606486449482,0.7463363174446958,880.9717700610804,219.41206537999847,0.725611252492861,0.10009379589195552
64,3,val,44,6207.9375,985.3133538463226,4328.671259617943,0.7798999833330544,929.9680002965118,227.00838451686423,0.7558229049784149,0.10094377380466535
64,3,val,45,6288.840625,1026.5718037431384,4550.358850872065,0.8129570259997609,978.1987184652685,234.1613681811907,0.7971051814586183,0.09965688320596154
64,3,val,46,6369.74375,1074.7980665185396,4737.091190816463,0.8494149982654631,1020.2071957457406,243.27278606774883,0.8282461107385064,0.10044570809591806
64,3,val,47,6450.646875,1129.7274009955345,4969.491178951977,0.8868003956107318,1061.1321962600755,251.47447324394534,0.8664824901000179,0.10232230805357762
64,3,val,48,6531.55,1180.482629707484,5237.610863409549,0.9217111946359935,1117.0022465670827,260.56272834534866,0.9041914241315132,0.10444916493733067
64,3,val,49,6612.453125,1241.2243547307753,5510.664542515554,0.9549059654256065,1170.4475041452156,269.429989382715,0.9294511693359458,0.10641829455654284
64,3,val,50,6693.35625,1291.2390574080491,5789.156023550039,0.9777290782625875,1226.6457510136206,273.6984890782992,0.9586580302040904,0.10670649681457367
64,3,val,51,6774.259375,1364.1437644005237,6119.401953840991,1.0076812286844705,1292.9158932444125,282.2647955804314,0.9855090778675413,0.1099532605608744
64,3,val,52,6855.1625,1435.777209222124,6643.21176141922,1.028473358601678,1351.2386472922344,289.34032295703105,1.009362586739615,0.11007542532609493
64,3,val,53,6936.065625,1518.8365227650847,6961.1832068839285,1.0485816259354075,1411.9863085415716,297.47169619349734,1.0276731874737377,0.11085914278777947
64,3,val,54,7016.96875,1585.497037943128,7170.7058038298,1.0804940090158173,1481.1810771830096,304.40352320883335,1.051702299706525,0.11363848134801798
64,3,val,55,7097.871875,1658.9651826707836,7417.521363144467,1.090620470368564,1559.223724194112,311.92800584837244,1.065764733300889,0.11300146294870861
64,3,val,56,7178.775,1736.2975096775983,7639.789943683366,1.1071161916501315,1645.9632414042744,321.2280867555819,1.0836826404489464,0.11360659588906599
64,3,val,57,7259.678125,1820.525807255791,7934.466437256028,1.1302498805327577,1725.6188127751102,330.7630057397546,1.1042678800805006,0.11347486250859462
64,3,val,58,7340.58125,1905.9845243593827,8304.128278829892,1.1433035089082333,1810.7070961738145,337.8214069156371,1.117757374481998,0.11616511912440619
64,3,val,59,7421.484375,1986.8945271462053,8657.722811926464,1.1525719252433175,1894.8761744681235,343.18086458297967,1.1250681258384854,0.11893470526770297
64,3,val,60,7502.3875,2072.4096740632945,9007.978690750097,1.161493463948643,1984.5907353030725,349.30647726980624,1.1431531113295368,0.1214894146393565
64,3,val,61,7583.290625,2152.7133851650433,9330.381455254357,1.1721844170294315,2059.99713585868,355.50182707970635,1.1484963824446304,0.12429169691091646
64,3,val,62,7664.19375,2235.791590247004,9691.270896768709,1.1815878022408688,2121.3372306846168,361.0850307545661,1.1676211938377208,0.12522055508235388
64,3,val,63,7745.096875,2307.769661065038,10063.205774233309,1.1957610083176973,2215.8008200428867,367.41970343740604,1.1712310724811688,0.12837737940207036
64,3,val,64,7826.0,2392.0335545780063,10428.043698010726,1.203757298644581,2316.1045411024047,375.4182974606124,1.1786881615324443,0.1306488732855174
64,3,test,0,2648.2,0.0,0.0,0.0,0.0,0.0,0.0,0.0
64,3,test,1,2729.1031249999996,6.525039930878052,12.955023690241786,0.004654140780153797,6.405018947356567,1.1527857849529255,0.0038635624131583626,0.0019677445019933293
64,3,test,2,2810.00625,13.514677217173698,27.76873917203062,0.009317704004956334,13.293414074311727,2.406722811624462,0.007694863147486575,0.003783240261056968
64,3,test,3,2890.9093749999997,21.75703525132633,44.16735684723944,0.014821275959710743,21.544648189440352,3.7566377130957562,0.01219101514553407,0.006221111721724584
64,3,test,4,2971.8125,30.791580810131336,63.486151929828345,0.02031912548687044,30.139108852515584,5.413499540985356,0.016239191887396087,0.008395780602361846
64,3,test,5,3052.715625,41.17280849026117,85.49419376458334,0.02629667597653547,40.32523790787579,7.319008253901416,0.021189951929856572,0.010511925560683158
64,3,test,6,3133.6187499999996,52.21447110307054,109.82808600127782,0.031563827321090185,51.08444908513121,9.207874464170374,0.026399486670483294,0.012911343637525552
64,3,test,7,3214.521875,63.893343283396575,137.897550218986,0.037720661829292526,62.28241717887606,11.841916814532283,0.031098688233768823,0.015158881147283101
64,3,test,8,3295.4249999999997,77.15094945194379,169.87276942404364,0.045898442111023084,75.36892349639857,14.955287765324954,0.03770785952249972,0.019095126689993788
64,3,test,9,3376.328125,91.78854515074475,202.59827814631447,0.0538596657392882,89.3136912169723,18.393291205455853,0.04326685799675711,0.022661363772442066
64,3,test,10,3457.23125,106.80815151385659,235.38956583852863,0.06210524776442423,104.82208751906263,22.7057253845544,0.0487099483297837,0.02581928879758985
64,3,test,11,3538.1343749999996,124.78598918637829,284.6801340083154,0.07100954431769999,121.99280293471392,27.250750207481467,0.05576310074441662,0.03055695282466568
64,3,test,12,3619.0375,139.80427924371952,330.59794265236525,0.0776767631491572,136.39603385386678,32.104569536080874,0.06161796558072467,0.03389510613806962
64,3,test,13,3699.940625,157.670657478306,380.16666415170886,0.08523974452265487,154.0879962371946,36.036523376814955,0.0686178255550438,0.038134036062880544
64,3,test,14,3780.84375,175.16828738296653,430.5125597865271,0.09452050574612278,171.86221167641946,40.7637075737135,0.07455195884990481,0.04217416467763553
64,3,test,15,3861.746875,193.11101038962164,495.53663468977624,0.10063094206003848,188.95235567047132,45.59458852259013,0.07794766453679547,0.04489797482496111
64,3,test,16,3942.6499999999996,210.75868135606868,566.9809416649358,0.10718096389410528,205.83724681753466,50.475957246042924,0.08183977281164931,0.047125431478851634
64,3,test,17,4023.553125,229.90042389552912,637.3843466860802,0.11438686813535674,224.69404625903167,55.67490485920246,0.08651752609325526,0.04958973393177305
64,3,test,18,4104.45625,252.2281912701736,713.4516012139419,0.11958369256525464,246.33707805510596,61.93097142902815,0.09192160315854223,0.054654855845997705
64,3,test,19,4185.359375,274.27235181050946,798.3439641631039,0.12727514245366306,265.1905799088486,67.62381253856375,0.09750340078897198,0.059372576849608255
64,3,test,20,4266.2625,297.29254629776847,880.8236677469014,0.1368843275786312,288.81772200617206,72.47901050271466,0.10375670367734034,0.0626575732592386
64,3,test,21,4347.165625,320.18039572836443,968.0082529015626,0.1453391894471589,308.23262689373723,78.50191347007751,0.11028384418999143,0.0661312330512559
64,3,test,22,4428.06875,343.0945885903185,1076.6339755335441,0.1545731180634391,327.40007957358586,86.42638116369028,0.12001659710640655,0.06908108451940224
64,3,test,23,4508.971875,364.86079329672094,1194.7602930133344,0.1662813545789399,351.4906929567516,93.6214375419313,0.13124275640066102,0.07226962124985865
64,3,test,24,4589.875,387.5590311870809,1302.8414937595405,0.1736830531786429,368.2588646004963,99.06231233627238,0.14143776383708678,0.0747436010455748
64,3,test,25,4670.778125,410.16343003475697,1411.5195429088926,0.18936560928645152,394.8364814454841,101.80687478630546,0.15960411257468637,0.07670086459857489
64,3,test,26,4751.68125,432.7076152054152,1523.9199660845752,0.20481468050905643,415.53852321639795,106.38071016960282,0.1776442267491657,0.08011107060060685
64,3,test,27,4832.584375,461.2445903105211,1648.4433057791473,0.2275078744238615,443.2841621085615,109.28854048332326,0.20156871571894858,0.08114383860235715
64,3,test,28,4913.487499999999,484.0207488736157,1720.867752043637,0.251122657364624,461.88525818693904,116.42284248543433,0.22512843753883655,0.08316129688988833
64,3,test,29,4994.390625,511.4045169569117,1866.7722052326008,0.27565722920583047,479.96169160290236,120.5006323878024,0.25000021087084184,0.08420464806854593
64,3,test,30,5075.29375,535.0107639189048,1978.551479124549,0.3030372146111959,501.35890425254104,123.86228206126049,0.27684174202853573,0.08534225335068285
64,3,test,31,5156.196875,557.5034180503025,2112.497633549061,0.3310102874681774,527.8268042090559,130.19368150680322,0.30487538987786567,0.08604756309006645
64,3,test,32,5237.1,580.5778316106328,2268.34837693278,0.3591865284975453,550.6067518388562,132.39169464164746,0.33566272624078325,0.08885415475513858
64,3,test,33,5318.003124999999,607.4137294576758,2420.570818654899,0.39239092742022685,568.7190047897061,139.26996078845377,0.3652564200063817,0.09122712019255831
64,3,test,34,5398.90625,632.9061647930887,2529.916865723236,0.42610856096569893,587.9890705329558,148.3883001703532,0.39456415464134487,0.09258030954678934
64,3,test,35,5479.809375,655.3078190223118,2669.166144741886,0.4526650285099406,608.9520455235942,154.93709022263857,0.42459812477219777,0.09497070281807608
64,3,test,36,5560.7125,684.113041159975,2764.6808941753216,0.49067392993230874,637.9961830478073,162.95161718588247,0.46095294517591034,0.09596221737979016
64,3,test,37,5641.615625,713.0827688583565,2910.406658200892,0.5203398418535538,659.7370010367225,171.86587583034196,0.4915261759898867,0.09698351097443435
64,3,test,38,5722.518749999999,757.4469575728813,3006.6977660124912,0.5536278893844524,694.5459785624308,181.1054252981723,0.5256141392832088,0.09763532729344625
64,3,test,39,5803.421875,785.5806644813797,3168.272801110198,0.5860493286055091,723.1897367961474,189.28770501707248,0.5630591226583395,0.09810819103858293
64,3,test,40,5884.325,819.345901319096,3357.193251584477,0.6229585976710861,764.8696245231341,197.83705278768693,0.5992694642810992,0.09827863705325589
64,3,test,41,5965.228125,853.7266311009332,3515.554394574738,0.6510178860758362,796.6042284345463,205.47811954167372,0.6290038183906091,0.0990173372081779
64,3,test,42,6046.13125,895.6121250299987,3713.0126482207106,0.68451654335977,821.0983580659477,210.9173039740142,0.6587019734068944,0.09862889538986112
64,3,test,43,6127.034374999999,944.7824827191403,3890.9653874005426,0.7218441077563031,851.8224937241712,221.52859668648262,0.696304100286961,0.09837764898939019
64,3,test,44,6207.9375,986.3263954455359,4175.2950006618075,0.7617727495564108,900.8417327352873,230.044156913344,0.7333630203800422,0.09861706505140747
64,3,test,45,6288.840625,1025.9924781132527,4412.812643792204,0.7977591675648876,941.8329294039154,237.69660226250267,0.7685305345581441,0.09887924926333704
64,3,test,46,6369.74375,1076.0500379219131,4652.720459034263,0.8298700291345107,999.7997930334179,242.84448149637683,0.8023164790690318,0.10014447842269722
64,3,test,47,6450.646875,1124.7225739043215,4849.577880190631,0.860483302245002,1030.1511010719953,250.57142411665723,0.8369776643846888,0.10022094015919511
64,3,test,48,6531.55,1172.9303075088922,5118.250409191604,0.8893915654834204,1080.8634860680684,259.95934469759163,0.8744996111209256,0.09999274174765822
64,3,test,49,6612.453125,1231.7910053223784,5386.878966809261,0.9286227929447832,1128.7620765285596,266.7527199062789,0.9094709132729945,0.10013688553341377
64,3,test,50,6693.35625,1289.389952049774,5695.047796887392,0.9626803641585996,1195.8053165795768,271.102926355276,0.9341746827632551,0.10076271428397128
64,3,test,51,6774.259375,1355.6611351828565,5968.203599545634,0.9883027382024262,1270.453743230412,278.95935521582874,0.9664601958193839,0.10335228411894291
64,3,test,52,6855.1625,1419.1428483705479,6282.161493472631,1.0043549376938954,1329.42677317275,285.9468421767204,0.9850744100505099,0.1003031261072318
64,3,test,53,6936.065625,1472.6838747802447,6599.597433779918,1.032675695601698,1392.2191622828564,293.6978287524994,1.0126700306044913,0.10373047634306028
64,3,test,54,7016.96875,1540.4745991770508,6942.008979123003,1.0455606559430715,1463.5485922880775,301.93334593446974,1.020461086626706,0.10597667249340192
64,3,test,55,7097.871875,1609.032267257035,7279.578427053759,1.0586094780186266,1533.9265005514308,307.6291894919585,1.0403342102070154,0.10766427666387188
64,3,test,56,7178.775,1688.0715461737452,7619.781212127122,1.0798919891578418,1595.068043718456,315.7261794268038,1.0568058865751269,0.1086346560681033
64,3,test,57,7259.678125,1757.0256003739219,7906.764084389241,1.1009989121645058,1686.2519244626508,322.890563714445,1.0761209388310267,0.11094070918968563
64,3,test,58,7340.58125,1835.7280993097902,8125.590320362668,1.1174853114750833,1765.4281695984864,327.7535640066134,1.0858499822468288,0.11282301661576406
64,3,test,59,7421.484375,1917.3730264162145,8461.034503438834,1.1301976771206577,1832.160166156882,335.2089807739631,1.1075684799528447,0.11412531034112397
64,3,test,60,7502.3875,2006.2762975985677,8814.392560214346,1.1468506585420695,1906.313754754109,338.6546343742509,1.1196237943199154,0.1157146126189168
64,3,test,61,7583.290625,2079.8864232801006,9095.340391209416,1.1592836692014552,1990.189012176245,347.7662357002913,1.1278901220036497,0.11702116598080303
64,3,test,62,7664.19375,2155.7053194852924,9384.257218924708,1.1625369902925482,2071.0022470492504,353.04230665221326,1.1416581421750394,0.11951560752540037
64,3,test,63,7745.096875,2244.5215015937947,9717.119962593815,1.1737326907384424,2150.246262511871,359.40322036437067,1.148222209710739,0.12096190868665126
64,3,test,64,7826.0,2318.5786342180563,10075.05565141721,1.1816677411327947,2235.069783229292,365.6848613078125,1.1551388266176528,0.12404707841139495
64,4,val,0,2648.2,0.0,0.0,0.0,0.0,0.0,0.0,0.0
64,4,val,1,2729.1031249999996,5.604472483000222,12.305022592220988,0.004733520128752389,5.516219084398699,1.4170267764086475,0.004015508302021575,0.002092574641399114
64,4,val,2,2810.00625,11.631196399903843,26.555132112275075,0.009606678653517609,11.44099065048465,3.093156865084268,0.0078066517373368005,0.0045929464848465384
64,4,val,3,2890.9093749999997,18.566622483888295,42.81314548828646,0.014822111284340522,18.333454700609764,5.0406489095209395,0.012245639652866402,0.006770901648113503
64,4,val,4,2971.8125,25.69088447454959,62.16273922235231,0.019241563325108485,25.124608255588043,7.05218992747092,0.015287639940943232,0.008099315495738169
64,4,val,5,3052.715625,33.577816064337185,82.81797873522119,0.0233754829031263,32.59099448982283,9.661372714674599,0.018822225134891568,0.0091302759071335
64,4,val,6,3133.6187499999996,41.61055351460874,107.02858497162788,0.02818173906295879,40.622755516913855,12.63433406304415,0.02279252599902276,0.010450781481825822
64,4,val,7,3214.521875,51.97698633408265,132.1941739901975,0.03529395200945612,50.70997845035663,15.717679014585428,0.028907969768454667,0.012570353684883406
64,4,val,8,3295.4249999999997,62.56895066090351,163.99088371223309,0.04231887949252694,60.76982945573661,19.079139082862184,0.03494170691915009,0.014821445079684845
64,4,val,9,3376.328125,75.30529678774656,193.7251324942392,0.05185251923301576,73.09935708042303,22.941256954439382,0.043995183473310995,0.017338481696028973
64,4,val,10,3457.23125,86.81580902202768,229.04439813549905,0.05956158770780481,84.00711157317886,26.721450949693804,0.05067569821959328,0.01864694898044781
64,4,val,11,3538.1343749999996,98.97608638667066,264.9042651253579,0.06738564822997978,95.0778998267765,31.163558734419894,0.057740584162318045,0.019748742875934366
64,4,val,12,3619.0375,112.43284336167392,314.2783156176069,0.07776247405368031,107.05173397349199,35.117308221828125,0.06590192478765146,0.021603319278230837
64,4,val,13,3699.940625,125.97442930945135,366.72057718750443,0.08770549769519798,119.17211837641162,39.86959430203285,0.07374976557686375,0.023804970668585973
64,4,val,14,3780.84375,139.2969134871791,415.00296650688836,0.09538771476719221,131.0631571491001,44.72801132840232,0.07990954258581262,0.026994699420868247
64,4,val,15,3861.746875,152.85310783787054,469.54902425741926,0.10373664415483028,143.25784802761632,49.60627749659352,0.08569973756216309,0.03074473154447699
64,4,val,16,3942.6499999999996,165.43396512467723,526.7615251948761,0.11276056815491542,155.5492318598226,54.321769613366655,0.0941617073955403,0.034463860768725596
64,4,val,17,4023.553125,180.37635924990525,590.3164714464282,0.11874872994570296,169.63643838114706,60.01398579689976,0.09849709046119703,0.036767477591025804
64,4,val,18,4104.45625,196.38384369269346,645.0713401752975,0.12499726194831196,184.5841664803629,65.50472354091141,0.10448821886546722,0.04086373366270213
64,4,val,19,4185.359375,215.0929171833127,718.6870444569313,0.13386559400825787,201.9593079950539,72.07289657056037,0.11486787039623192,0.044614582709198713
64,4,val,20,4266.2625,238.95107257700943,789.0775810989988,0.1523086601954958,224.39229373167535,80.0412093929026,0.12876165984785845,0.046577221569185645
64,4,val,21,4347.165625,259.9430979117301,868.5839442608009,0.16652973051242692,242.5084018616417,86.32980074571606,0.14384428343693773,0.049880780313347334
64,4,val,22,4428.06875,277.39033449819317,967.518085069531,0.1761007893278932,257.9804187509467,93.37908467136913,0.15477420535191244,0.052579159249513396
64,4,val,23,4508.971875,296.2189165568674,1044.872195819881,0.1935506143703955,272.45825404076385,99.37972666284622,0.16956077610263964,0.05411028357634601
64,4,val,24,4589.875,312.7408735168929,1143.6530701928134,0.20588486553102525,287.47278910697105,106.81689776208714,0.18025971918940453,0.05669682747064253
64,4,val,25,4670.778125,335.27324175287276,1260.143493426683,0.2249936315846801,308.02233062320283,113.69635792445365,0.20007381757471132,0.0596725230000289
64,4,val,26,4751.68125,358.8535406063684,1363.1709803723115,0.24619373241327458,329.59074562100454,120.99952857033713,0.22090470414012214,0.06144051393227462
64,4,val,27,4832.584375,384.6547073827651,1454.6591097128069,0.2711439569229243,351.95541243200523,129.3648674578094,0.24444963849500068,0.06130760020853915
64,4,val,28,4913.487499999999,408.134968634954,1580.4964729694125,0.2916614480426086,379.5786829601866,138.6715052344698,0.269590047638088,0.06180172092167674
64,4,val,29,4994.390625,435.8979079322012,1718.7336661939062,0.3173306802485218,396.7839792085357,147.25021947199934,0.2977501230982671,0.06355391983542055
64,4,val,30,5075.29375,455.8662490172747,1841.810228697551,0.3438931529265443,413.54543706688673,154.91408595985945,0.3218946200961026,0.0648491099648485
64,4,val,31,5156.196875,476.7915922054655,1968.585985386576,0.374672319615979,435.3936129939484,162.66471837775498,0.3511955662967824,0.06633787448529024
64,4,val,32,5237.1,501.99673614083906,2078.5853275075588,0.4032156784306018,455.8327661193289,170.53673788086599,0.37960710706340384,0.06721684041598869
64,4,val,33,5318.003124999999,531.1990207453903,2186.6765715841684,0.43298403309285916,477.1252071553249,179.60206867390127,0.41144098697243336,0.06704302703595955
64,4,val,34,5398.90625,556.496908522945,2335.960761870103,0.4642565750087868,502.4127940194205,187.16743900742472,0.4439055708963663,0.06880340795049206
64,4,val,35,5479.809375,589.0612128283124,2517.495625244416,0.4969599950218895,530.1699409583307,193.97044656042794,0.4786803892339181,0.07036341687500017
64,4,val,36,5560.7125,619.705272702447,2693.4550780869154,0.535042634091043,554.2647999228905,201.50729822105973,0.5109274178151102,0.07211483172087085
64,4,val,37,5641.615625,652.0495332209748,2872.945884238125,0.5680505264574476,574.6628732860017,209.98191843460745,0.5463846457404581,0.07425609038734299
64,4,val,38,5722.518749999999,683.6070065599813,3030.537020499791,0.6035100849538788,602.1582912132999,216.58924122220924,0.586552175029495,0.07497507914546592
64,4,val,39,5803.421875,713.0939151049915,3269.638758846233,0.6401042989135248,633.0035509027728,224.0281486579292,0.621286620133929,0.07680644829457378
64,4,val,40,5884.325,761.0682455736253,3476.2550852083054,0.6769994361971245,672.4530807161386,234.56664945376815,0.6594272893909181,0.07657301120924526
64,4,val,41,5965.228125,795.4820546701526,3689.3184594454656,0.7138865202495626,708.3094887499328,242.569513932267,0.6921246702619455,0.07780379526312053
64,4,val,42,6046.13125,835.5499352472293,3889.706589481307,0.747975076993368,753.6592130180377,250.6528028349635,0.7242780361750994,0.07921906672923168
64,4,val,43,6127.034374999999,877.2444758530327,4123.630876846371,0.7785489580534877,780.7440812347579,257.66341061807907,0.7563989023051665,0.07904034105175178
64,4,val,44,6207.9375,923.4510927790751,4365.162502671614,0.8197545858560917,829.2066908923061,269.0045865797117,0.7954615541582444,0.07947165854323146
64,4,val,45,6288.840625,967.1720230419326,4603.795232106724,0.8581280418648585,874.3905651721633,275.72322310379604,0.8280536832884072,0.07992076861350686
64,4,val,46,6369.74375,1019.9946583124984,4860.8442824361055,0.8876917541430218,926.2478694646461,284.3729187747783,0.8658557606645717,0.08196955932840769
64,4,val,47,6450.646875,1073.9585048409026,5105.839373893153,0.9227225660137783,978.6456197111022,292.6696219554401,0.9001518694034538,0.08304661821442738
64,4,val,48,6531.55,1144.7925879894,5346.951819217669,0.948376865321704,1044.0079230994286,301.620462845932,0.9243425038037711,0.08563248526453036
64,4,val,49,6612.453125,1194.5843888796617,5655.4541641181195,0.9778433760181671,1103.4154939662565,306.2118291131117,0.9551334620059859,0.08510074572767759
64,4,val,50,6693.35625,1263.9078014301504,5956.593664971305,0.9986658304969864,1167.6789105751482,311.21969307918107,0.9823414504180339,0.08799177616016646
64,4,val,51,6774.259375,1332.4904425536488,6250.953256650765,1.0176994566404862,1235.4019517144934,318.8121889142437,1.0017761148146813,0.09076065715670628
64,4,val,52,6855.1625,1389.0013387455156,6686.634497524321,1.0417247273297736,1324.1981017312412,325.9090405538956,1.0290049174149773,0.09460231455466275
64,4,val,53,6936.065625,1470.4175725640312,7019.602643787389,1.0670529969703386,1392.3555015031893,330.80265012074506,1.042885870946697,0.09801666319759518
64,4,val,54,7016.96875,1555.5842215541702,7363.098913536809,1.1007024878102734,1454.3089759953318,339.5760477979479,1.070244591946684,0.10298174686687611
64,4,val,55,7097.871875,1626.5404962418302,7792.284616848572,1.1148033298344213,1536.1465277946422,343.2455259185758,1.0900703410624684,0.1040895575259472
64,4,val,56,7178.775,1704.519326149125,8083.198752006,1.1341451405593173,1603.1262757234117,350.09559483864905,1.1046847149946415,0.1066589336565088
64,4,val,57,7259.678125,1805.5921885525095,8393.703058200448,1.1514195570188068,1687.9083893356324,358.2567878392098,1.1286281333252879,0.10833666217172078
64,4,val,58,7340.58125,1892.1043263043202,8779.87941110227,1.1677292575437426,1776.2020928552147,369.8190841006692,1.1456491962886783,0.11046176678254291
64,4,val,59,7421.484375,1963.2756406501244,8960.998863651583,1.1844808950801782,1853.7025426937107,373.23387716450895,1.160780988585894,0.1147204621043986
64,4,val,60,7502.3875,2046.3559418562909,9324.657819329497,1.1882525566324353,1955.8238494445277,383.9841132756874,1.1734795900631145,0.11824574719447632
64,4,val,61,7583.290625,2134.866647205172,9699.475455682188,1.1955555893762293,2040.8298284903879,387.16506763978487,1.1763737005978658,0.11898324255509539
64,4,val,62,7664.19375,2217.8172705040424,10081.962407007464,1.2076594480858565,2109.77665976543,392.53605311620277,1.1795680519259832,0.12004561347616488
64,4,val,63,7745.096875,2305.481551570267,10471.535502955225,1.2201963293550846,2202.0230432365224,394.8272223128697,1.1906549045236636,0.12154930240810928
64,4,val,64,7826.0,2398.6415280805886,10867.901444536417,1.2298463967372608,2276.3529310943795,397.41250912255134,1.1983838640330369,0.12450718115767853
64,4,test,0,2648.2,0.0,0.0,0.0,0.0,0.0,0.0,0.0
64,4,test,1,2729.1031249999996,5.574712125564929,10.056965760244909,0.004726999401436643,5.4939571895022965,1.4158558720538394,0.003919785996127356,0.002122780790115089
64,4,test,2,2810.00625,11.528654041740083,21.071885820336806,0.009519599238339005,11.368895081339758,2.9506509123962132,0.007859604252306862,0.0044766423235587105
64,4,test,3,2890.9093749999997,18.429200441758553,34.85464344497586,0.01497133471246306,18.254319508077543,4.66631415175911,0.011917209240791538,0.0066280195408345045
64,4,test,4,2971.8125,25.42878562150719,51.06302315961244,0.0192306914217049,25.140460334679204,6.562332458404541,0.014941068458351053,0.007836593669680036
64,4,test,5,3052.715625,33.329293550199424,68.51184291408225,0.02380547044107499,32.67001571096895,8.975369229906605,0.018785083389991856,0.008724584376181878
64,4,test,6,3133.6187499999996,41.49700887506569,90.03645824937226,0.028530486025413193,40.464135209824725,11.768142204001464,0.022598680445040133,0.009968670732075956
64,4,test,7,3214.521875,52.09016682514189,112.68253078259865,0.036114299158006374,50.68760097839231,14.737912930321784,0.02915745362758182,0.012761978859032264
64,4,test,8,3295.4249999999997,62.521256523737634,137.66275061588263,0.04373275850655389,60.611600424024914,18.16214776598457,0.03594858084866436,0.0152963450472908
64,4,test,9,3376.328125,75.23742791651067,164.6977150719906,0.05409527750892436,72.70095121038622,21.599313914244078,0.044829433122972086,0.017411669472723948
64,4,test,10,3457.23125,86.95050040861929,199.07143724831803,0.06195142168797163,83.35351716161554,24.9593417504812,0.051216413429066784,0.01855953567900595
64,4,test,11,3538.1343749999996,99.60361750759361,237.69150385892,0.07014813584177654,94.27423552487113,28.621420850797108,0.05956805079282857,0.019775593953419088
64,4,test,12,3619.0375,113.3133153190009,284.5730703369584,0.08028151658609745,106.8192641632244,32.66075476755681,0.06838209154712803,0.021642729041176922
64,4,test,13,3699.940625,126.67901359277778,336.46750604909107,0.08966712898612374,120.02074264765383,37.24196673555235,0.07841171776852476,0.024044678545828008
64,4,test,14,3780.84375,141.1993516645751,391.1661223689892,0.09605378753330118,132.37062637426078,42.04418043746472,0.08400389100398156,0.02653868210786975
64,4,test,15,3861.746875,156.40665328589876,448.88103330340886,0.10533927010115138,146.15628872374486,46.381234134863725,0.09031598567229779,0.030496680584413995
64,4,test,16,3942.6499999999996,169.9553309903976,513.1038676602516,0.11303899097331901,158.4729784139043,51.96489179991204,0.0965620077910262,0.033999471551705504
64,4,test,17,4023.553125,184.34340448609987,583.4298164277961,0.11951901114181512,172.94206654116272,56.89172438582091,0.10331085473288398,0.036228437394921625
64,4,test,18,4104.45625,200.94282197496227,659.151785973016,0.12554966706723214,190.45595031830942,62.53416811241408,0.10902456871297352,0.04032829304271256
64,4,test,19,4185.359375,219.78545169787367,747.8376087442161,0.13714364344432142,208.41705129772237,69.68499734220757,0.11890401588086214,0.0428775059597708
64,4,test,20,4266.2625,245.55680549028125,832.6219284407465,0.154644337990964,230.9950668096583,76.44385940133614,0.13058084364609215,0.04531639578737108
64,4,test,21,4347.165625,264.383228339355,922.4050665444239,0.16964426096369167,249.8511207705576,81.86301923430506,0.14296039564247204,0.04828437056792617
64,4,test,22,4428.06875,281.7460781807384,1014.7651147628432,0.18028916101131554,265.87458551804133,87.67877920513456,0.1535568495743423,0.05113905039849653
64,4,test,23,4508.971875,301.97599684967713,1131.9505844773362,0.1952321960636753,282.8504423981801,92.6733831453248,0.17098642178087903,0.05305888021190849
64,4,test,24,4589.875,318.39269132386505,1245.7468197280828,0.20648514113419392,300.6246829741013,100.87132688968126,0.18051076138575484,0.05577955279538905
64,4,test,25,4670.778125,335.26155348466347,1367.4875804987423,0.22708944838137346,315.6890619021597,107.59349699153553,0.19709948155693935,0.05874293623451491
64,4,test,26,4751.68125,359.38619606850966,1496.336179552559,0.24633735435837523,334.1814749483074,113.4994694054896,0.2184595600381832,0.0596582102732144
64,4,test,27,4832.584375,379.45752409068234,1597.1505551895293,0.2707234194427935,356.19243079683827,122.4209261742466,0.2400277006365456,0.05976481819974094
64,4,test,28,4913.487499999999,405.4654784504219,1733.9373956835245,0.2930645750002705,378.8551716054034,130.71411151040735,0.267261241611888,0.061132960948361015
64,4,test,29,4994.390625,430.5454198993175,1844.2599824471363,0.3167893310203461,402.2122425511725,137.53187839635928,0.2930916409292529,0.062219420198149356
64,4,test,30,5075.29375,456.3782940021639,1945.626706230014,0.3451303473047812,425.19115829105306,144.5847901932069,0.3211412996794033,0.06391248113640291
64,4,test,31,5156.196875,477.82028084203887,2091.603064971378,0.37104947242567327,440.10233963085454,151.0200457744748,0.3523534821803023,0.06470654528033942
64,4,test,32,5237.1,506.5611537910826,2275.31123703213,0.4032586230771108,460.7330894629911,160.426540425739,0.3858108036068758,0.06650694614868785
64,4,test,33,5318.003124999999,530.0593477925872,2451.746055268547,0.4383016256472652,481.5108939000652,168.4053481770178,0.4211029043300063,0.06783407779722907
64,4,test,34,5398.90625,558.4930026562702,2614.0731614986653,0.47253100820166677,510.03219049482595,175.04913387544718,0.45327646777486297,0.06950852794677768
64,4,test,35,5479.809375,579.2049357862652,2771.158725732468,0.5063467133489472,536.8895511566052,184.70077511158678,0.4832133263486457,0.07089819119918561
64,4,test,36,5560.7125,613.1892787093989,2903.2782953770543,0.5411129081907221,562.6342588439132,192.91373696324854,0.5129202155634421,0.07195442489370957
64,4,test,37,5641.615625,643.5281739248353,2995.993039763886,0.5733770254016581,593.3079562248764,200.58496681680538,0.5453627018115054,0.07471590692128584
64,4,test,38,5722.518749999999,681.6299550259828,3064.4009029368376,0.6019316718842391,623.9332831535548,207.5080922144239,0.576537603275154,0.07545189894632778
64,4,test,39,5803.421875,717.0733932183708,3249.582234772806,0.6334889001938463,651.8381658580665,215.6550050184478,0.6145082465035465,0.07602591789974619
64,4,test,40,5884.325,745.4024344559684,3424.995650913887,0.6639893537137564,689.5718848091797,223.97053291467728,0.6459591408960186,0.07724640650864922
64,4,test,41,5965.228125,785.934244926608,3628.9712810253313,0.7076168557099771,719.6647103561418,231.09025266546013,0.6791909011662489,0.07800310543092624
64,4,test,42,6046.13125,820.1125741104107,3846.3297515423096,0.746829555977116,761.9507227562252,238.95994180602642,0.7187300901960372,0.07904319554069561
64,4,test,43,6127.034374999999,858.3052860031657,4092.1649112218247,0.780471487445214,789.2713967675355,246.67998358662402,0.7611040824724857,0.0780381386659458
64,4,test,44,6207.9375,900.0767284808546,4323.480525713979,0.8189591932345128,835.184583054911,254.06061210624387,0.7950521261209307,0.07783673076811656
64,4,test,45,6288.840625,944.0916896054015,4558.3006315372195,0.8533411886564074,890.6170379928006,259.60006523207824,0.8314085793736242,0.07927639712909576
64,4,test,46,6369.74375,1004.2127842447344,4722.575936681417,0.8881268095882813,934.5717482836449,268.6753144043479,0.865201936180171,0.08008527052398053
64,4,test,47,6450.646875,1069.9850280658866,4975.9849067098785,0.9203446627187127,987.2894266138985,276.9258574874698,0.8985596145727088,0.08336248915239743
64,4,test,48,6531.55,1125.6604448465453,5206.824211251732,0.9508435482981568,1056.6509867522386,285.83585050770296,0.9244118599912553,0.08542894353601432
64,4,test,49,6612.453125,1174.6079754989864,5466.709599738311,0.9790062812819189,1102.61433395749,296.73681931045337,0.9520132285066735,0.08867651045111995
64,4,test,50,6693.35625,1248.9904090152777,5737.560780612791,1.001156682668161,1161.1023739408672,305.37578013446876,0.9802874199345557,0.09222977392816817
64,4,test,51,6774.259375,1308.0448003914285,5966.132827805852,1.0281254269526308,1224.79927217978,309.75359038236047,1.006564660625334,0.09366540418342603
64,4,test,52,6855.1625,1376.4784378933257,6199.02710609503,1.0519875553926945,1297.4821082839867,317.0415070317478,1.0316347125841618,0.0969972660076774
64,4,test,53,6936.065625,1444.746571024183,6460.827324986484,1.0720894481557885,1375.9586249655342,324.6883293313232,1.0540737458868132,0.09921091165617998
64,4,test,54,7016.96875,1524.5253641851662,6768.207667599049,1.0864111801315648,1448.1455617819279,333.0603913050041,1.0792126111554279,0.10274660148859235
64,4,test,55,7097.871875,1594.7398251709828,7052.170206765351,1.1109398115987934,1530.6817600494896,339.2576656668638,1.0942273902489892,0.10395824872920165
64,4,test,56,7178.775,1684.3737436855672,7305.046150880093,1.1340002270887295,1614.2077334511669,349.2958730844009,1.1108105231843122,0.10385144725788467
64,4,test,57,7259.678125,1768.4059782500867,7559.181684497006,1.1516595105830127,1694.548391027304,356.00769987118497,1.136267769349296,0.10690008629189035
64,4,test,58,7340.58125,1862.419279602193,7915.740761232988,1.1647175698746848,1766.1912752814999,361.7652004604821,1.1565674146469944,0.10841034672339542
64,4,test,59,7421.484375,1932.3548391054287,8254.19170787534,1.180404845716465,1853.0344933419087,366.98162592828965,1.1621655013751009,0.11091295699669837
64,4,test,60,7502.3875,2019.4292218504017,8520.358591863165,1.1962882528277903,1940.6983264541786,370.91002247844074,1.1723138062790377,0.1130427221811281
64,4,test,61,7583.290625,2106.9751301437236,8880.217737008054,1.2146132085405839,2030.5317010273711,379.044711066328,1.183451400273504,0.11461391945873436
64,4,test,62,7664.19375,2196.5112456707348,9293.955895002025,1.222799903424797,2110.3675445952204,383.9782002792447,1.2030832926004447,0.11775643344551656
64,4,test,63,7745.096875,2287.971004802813,9710.626871165929,1.225726656388787,2189.8808867010403,390.2218075370172,1.2069231286669924,0.12195920853036273
64,4,test,64,7826.0,2363.890931974936,10143.387337950051,1.2383162627834579,2268.5564037490167,396.6167259644884,1.224463427504305,0.12466896500096247
64,5,val,0,2648.2,0.0,0.0,0.0,0.0,0.0,0.0,0.0
64,5,val,1,2729.1031249999996,5.825080931288085,11.300763024846066,0.004305565922770038,5.668202368390496,1.3032525793050809,0.0031663758416210393,0.002479341567884763
64,5,val,2,2810.00625,12.60390484094387,23.438580760415558,0.00866262463025333,12.338919682754579,2.545344722562959,0.006023146408008079,0.005057815316521479
64,5,val,3,2890.9093749999997,20.482665034904812,36.922124807742286,0.013512418107899677,20.108695946930766,4.043443654900614,0.00930710738331151,0.007909145040653487
64,5,val,4,2971.8125,29.655609272602135,53.090962469956786,0.01846503532827032,29.25325556361713,5.621154039360476,0.012832050021130414,0.010515781735841861
64,5,val,5,3052.715625,39.97199076911784,71.6082133488555,0.023241707945919135,39.3877811615706,7.449572443704255,0.01665783511619473,0.012878265999161087
64,5,val,6,3133.6187499999996,51.53879632924685,92.14882100397399,0.028774320077668003,50.574473030678746,9.708805119899466,0.020449827033742346,0.01565774215231061
64,5,val,7,3214.521875,64.02153375745456,119.0226023381341,0.034516246799964206,63.045151113314546,12.226795518685663,0.02474865871224469,0.018936881356934263
64,5,val,8,3295.4249999999997,76.97012503508738,145.5016219975049,0.03936631803789711,75.01482234584955,15.220890757490224,0.029286018386837087,0.022234281077370896
64,5,val,9,3376.328125,89.34667670240515,175.27545243456714,0.04448933620605777,86.84738634793909,18.722507158031476,0.0326499473117664,0.02460717313693475
64,5,val,10,3457.23125,102.62997357325787,207.38925055473484,0.049618627287237316,99.73298519243912,22.904242062196545,0.03646795339045479,0.02737831958289985
64,5,val,11,3538.1343749999996,118.23702871130592,250.14196474810117,0.05478604830719269,114.96706940994272,26.481329665926978,0.040441205063636645,0.029294249499260683
64,5,val,12,3619.0375,135.6441204661678,285.2405155336327,0.060015223624209496,131.7943076084589,29.14868379627933,0.044250336467384355,0.030766160728598613
64,5,val,13,3699.940625,154.4079056318708,333.24341606641474,0.06518982970609918,149.84809683494404,32.529819963940554,0.04810212086123547,0.03290913411028301
64,5,val,14,3780.84375,174.5526594050837,381.27104411459226,0.07262507425781495,169.0120210622954,35.936566824076976,0.05429475476536466,0.03654720658385728
64,5,val,15,3861.746875,197.07266933610867,436.7040941926628,0.07951778906481813,189.90523518661462,39.58168942330076,0.06124678207904827,0.04127165000104849
64,5,val,16,3942.6499999999996,218.8202243042099,485.11382758403835,0.08468543065552614,210.63767033754743,44.97018359666072,0.06635139066204099,0.04387710579796533
64,5,val,17,4023.553125,241.75757653588903,549.443474993211,0.0922349195151325,233.5064045877786,50.05197982447385,0.07215490695698656,0.04646828377270762
64,5,val,18,4104.45625,263.7037302548855,613.0663821909335,0.09975495393921546,254.86344466688138,55.26031733585057,0.07929268624555508,0.05011421337626498
64,5,val,19,4185.359375,290.5081421713476,676.8201885839733,0.11215977841073574,281.74515832699143,58.89306063933475,0.08800789369885209,0.05296422164581451
64,5,val,20,4266.2625,315.33366214022965,739.7010066822647,0.12076062896480139,304.8861485127503,64.67566635193123,0.09783784818608379,0.05569837691759075
64,5,val,21,4347.165625,339.71086448738674,812.4982771418115,0.1283118776731207,329.3899505442681,69.57005636394342,0.10385029216435082,0.05864592343266667
64,5,val,22,4428.06875,367.32399241788016,894.2006684970045,0.14491882942557766,356.7969017504033,72.69674929136727,0.11878795937808606,0.06314280619454382
64,5,val,23,4508.971875,396.2105049706537,986.707994045485,0.16189423308865525,386.7562098910753,75.50897991052352,0.13489313229998573,0.06617307543489714
64,5,val,24,4589.875,420.19344557905924,1062.7425437701365,0.17055141722774336,405.1321051278052,81.11316858531836,0.14415914636591032,0.0665459796713938
64,5,val,25,4670.778125,447.3032999774489,1155.2014169522508,0.1934223812706387,429.63138423783676,85.1248775267095,0.1640074373317757,0.06818993527237666
64,5,val,26,4751.68125,479.67783983301615,1227.8605512778568,0.21796758301911856,454.02008599684507,89.46765271520007,0.18680778701866962,0.06936806758868486
64,5,val,27,4832.584375,506.8850006315415,1354.6772909034103,0.23894487309350856,477.7312782433114,95.50737009789145,0.21087166998898232,0.07190414327807497
64,5,val,28,4913.487499999999,530.7290541752536,1472.0679225640674,0.26084399368817013,502.0879090041035,100.90988319044314,0.23786079620129186,0.0737193077361073
64,5,val,29,4994.390625,561.1216693412615,1598.7331539020397,0.29327246757110403,531.322210822168,105.57802621963219,0.2645111490619523,0.07500348693398329
64,5,val,30,5075.29375,591.2730483056521,1718.9256180724806,0.32330494596272824,559.4179532685644,111.01215575530432,0.2957770709278752,0.07590728472621142
64,5,val,31,5156.196875,611.848723640648,1861.936204728326,0.34106028738642435,587.2704461549461,115.82183593714035,0.3145359317333618,0.07707393253312232
64,5,val,32,5237.1,644.4620151290792,2003.3002150757707,0.3693444534284473,609.3882674838653,123.26376972384878,0.34556581397705843,0.07733185419195321
64,5,val,33,5318.003124999999,677.5806907068329,2153.1372530298686,0.4008982448001333,637.4395543739979,130.03981401908504,0.3765820622249477,0.07747817397881634
64,5,val,34,5398.90625,710.2174017878298,2334.683672975795,0.434771678023943,676.5366026718027,138.45801856120943,0.40564688415412054,0.07800544568513368
64,5,val,35,5479.809375,749.8698179013559,2490.5530105530547,0.47181700381318525,709.0968131163891,145.64032876853616,0.4444657027393162,0.07843863407611985
64,5,val,36,5560.7125,788.4050330937669,2657.3562209466427,0.4996195493056077,745.7363212088808,154.06668148078495,0.4811557008521927,0.0792810391665455
64,5,val,37,5641.615625,823.559681993288,2812.128445729297,0.5399865647134905,784.2189163687863,158.13875807708655,0.5173490583114115,0.08066878991577417
64,5,val,38,5722.518749999999,873.3289251437668,2991.8321477996647,0.5749334793898747,823.8307357515566,163.95010499775253,0.5516920221596833,0.08134125778290827
64,5,val,39,5803.421875,918.9680813738619,3178.863970597396,0.6147158849542644,863.4064450715186,171.6646754937301,0.588863481196078,0.08165343867588826
64,5,val,40,5884.325,954.9564447957301,3392.1803818217563,0.6482787346747954,909.0953959628081,178.25280599635107,0.6238954104329786,0.08223958742125531
64,5,val,41,5965.228125,992.3697842638148,3606.6461955004747,0.6859342543671237,953.4068055439207,183.74392646607873,0.6609744860394118,0.08353970237055851
64,5,val,42,6046.13125,1042.4449822027668,3833.645473648856,0.7212623097093764,993.0756012095117,192.41241775640106,0.7006690632094942,0.08378978964510009
64,5,val,43,6127.034374999999,1084.5845081554871,4069.94237696335,0.7580107163457916,1044.1235907409912,200.00328522746713,0.7346788971987067,0.08346074682514387
64,5,val,44,6207.9375,1134.5304033516186,4276.741305764201,0.7933581984777491,1086.9771921486802,206.85090362823644,0.7667287884885049,0.08273486007850939
64,5,val,45,6288.840625,1172.5313426584307,4479.71042786978,0.824658124240929,1126.9192328292731,215.0134169241369,0.8008563558526971,0.08206967953211172
64,5,val,46,6369.74375,1232.5950674963622,4719.5667402912795,0.8553402958059036,1179.7959090425393,219.2373090437627,0.8377236855062614,0.08314166793111852
64,5,val,47,6450.646875,1294.5567716462278,4951.516969682603,0.8907146853768394,1222.378497236491,226.35345566254728,0.8678744651179071,0.08276164187201798
64,5,val,48,6531.55,1349.3378788283508,5209.949207359625,0.9266155089414502,1282.3548376682652,233.6383576248835,0.9038022826867026,0.08317559156872933
64,5,val,49,6612.453125,1402.1896401931713,5486.332390962699,0.9512155256697352,1341.8975569329632,242.19621597853802,0.9386002244411162,0.08444504134173803
64,5,val,50,6693.35625,1479.3820519266774,5717.843538752662,0.9807824329351178,1399.91928869415,248.1143409273443,0.9631900283104955,0.08567022020460058
64,5,val,51,6774.259375,1556.3406276214664,6100.28671283257,1.0126965586472192,1460.205153775803,254.8109797840237,0.9935865552939127,0.08756693833986487
64,5,val,52,6855.1625,1608.1179752533785,6440.381963067887,1.040520653191962,1517.6750671344053,263.12065758691006,1.0158606749775811,0.089549826250028
64,5,val,53,6936.065625,1680.238940790261,6655.738650897558,1.0577265922756263,1586.7492308585724,270.1508547351068,1.0396117009379424,0.09168218880133139
64,5,val,54,7016.96875,1745.2347814683549,6951.195605690662,1.0787776256980242,1651.596297290439,278.82561724300103,1.0697525258001883,0.09263290773391109
64,5,val,55,7097.871875,1809.7449368572995,7268.37048462034,1.0900050365967862,1728.123715408742,284.99522603492267,1.073682903574985,0.09384894587508713
64,5,val,56,7178.775,1865.5974227235674,7544.83337118937,1.103095220064354,1795.1796880465736,289.9592922323109,1.092112348088925,0.09830785542921938
64,5,val,57,7259.678125,1943.1643385314885,7865.263305129542,1.1176011508539085,1850.9796962258633,296.6365881583499,1.1081479384622699,0.09869052573886024
64,5,val,58,7340.58125,2016.2651460316567,8233.807892547171,1.1415061364392909,1937.1574577144202,306.3569849311989,1.1113320822464245,0.10090766388417757
64,5,val,59,7421.484375,2100.637630163874,8552.713164106955,1.1456039269270024,2004.2126374777922,311.35169235676585,1.122237131076509,0.1032477238052526
64,5,val,60,7502.3875,2188.614166962566,8938.213132979345,1.1525932790981823,2072.307672478246,319.03546041984043,1.1350663456980854,0.1060487322416398
64,5,val,61,7583.290625,2276.129472557045,9341.939159793477,1.1683621437953984,2152.9843032014924,333.84033811711333,1.138290664119329,0.10666577012226341
64,5,val,62,7664.19375,2325.9248429177433,9687.331560623204,1.1771283121603526,2242.2027554748356,343.161661788713,1.147598097357927,0.108514117599115
64,5,val,63,7745.096875,2410.2510551382466,10113.696276834948,1.1789994469126874,2312.3473007675557,350.079007666352,1.1568481473316488,0.10982484586083419
64,5,val,64,7826.0,2472.1156238427398,10515.19031437591,1.1847422941071162,2388.1814869188815,358.21983180346706,1.163950534914429,0.11153090761203965
64,5,test,0,2648.2,0.0,0.0,0.0,0.0,0.0,0.0,0.0
64,5,test,1,2729.1031249999996,5.647405879159351,10.41338873419875,0.004108336029503765,5.548859116203175,1.1937004470716772,0.0029855991539595728,0.0025276860200311446
64,5,test,2,2810.00625,12.314429129379079,21.690000560931825,0.00854263612349443,12.1026291849482,2.3320580871795116,0.006161123473683722,0.004782271424826241
64,5,test,3,2890.9093749999997,20.171291655842083,35.426194761961945,0.01349154432531488,19.8968161605535,3.7034827199917686,0.009288374473970587,0.0073658326856032574
64,5,test,4,2971.8125,29.383345591998733,51.638847343809154,0.018113181694487737,29.123069018606174,5.279858651771718,0.012835359646317171,0.010025883909733913
64,5,test,5,3052.715625,39.92276753105184,70.81738638087246,0.023061521155248732,39.43879939700423,6.924626833988867,0.01648439512380844,0.012265264433649475
64,5,test,6,3133.6187499999996,51.535636593605716,90.64744381022936,0.02850577582121398,50.93384846548999,9.009238214673587,0.02023346446231901,0.014632218702369682
64,5,test,7,3214.521875,64.106248366679,115.63717374433296,0.03354008917630488,63.30168092760147,11.273301473980979,0.024151425533525117,0.01725268087546326
64,5,test,8,3295.4249999999997,77.12558229655286,140.16492976686268,0.03957007762606579,76.13131714615307,13.876227396593777,0.028740449646333377,0.02044353229900027
64,5,test,9,3376.328125,89.67166330644005,172.58357640748167,0.04395499476434958,88.1724951330849,17.22282168018552,0.03272292885007997,0.023508597076603646
64,5,test,10,3457.23125,102.44679523827216,204.49562803428313,0.05013934053633637,100.3786605304997,20.9716307871588,0.03674086411611932,0.02676937454732225
64,5,test,11,3538.1343749999996,118.33325234555758,244.85089848882387,0.05604998802306513,115.4844182668171,24.684469356408556,0.039864969516128536,0.029202527577244786
64,5,test,12,3619.0375,134.74903189759857,286.005081750492,0.05906233152559032,131.7970200720282,27.50637798972022,0.044268004320724204,0.030810316577253166
64,5,test,13,3699.940625,152.5451684632273,339.78452365831635,0.06367766088959462,149.0617600949182,31.437825303527234,0.04856287888211708,0.03299771547819394
64,5,test,14,3780.84375,172.13192039269387,394.1441032813298,0.07121756091954708,169.1763181347099,34.54621226237009,0.05276510562544044,0.036135961909240705
64,5,test,15,3861.746875,194.02901950582674,458.43620476955397,0.07754173098378087,188.87855866263337,37.885578250808294,0.05832947299038577,0.03967501391905436
64,5,test,16,3942.6499999999996,215.30976185272976,507.4411761996377,0.08495900004899283,210.10021525409428,42.31990655113549,0.06315035087270902,0.04201527508332879
64,5,test,17,4023.553125,237.8850165192148,584.220071705256,0.09146746697643107,233.26478539061668,47.27411165206519,0.069512451448768,0.04461885506646876
64,5,test,18,4104.45625,260.76623756814854,667.0320818511968,0.09964771941163748,255.30619737709515,52.31112300480589,0.07589812174894212,0.047585732062012734
64,5,test,19,4185.359375,287.89511534807133,745.0651238931634,0.1107002961660622,279.8174137674323,56.03956381751374,0.08734948087695676,0.051444930955711274
64,5,test,20,4266.2625,310.84353891962735,812.4009025314962,0.12062874893126879,303.9766023719537,61.17256630701462,0.09630460995466161,0.052672752712437654
64,5,test,21,4347.165625,335.57418847911435,902.2465095019486,0.12913502488717638,327.8071853228432,66.42942669775209,0.10253526266844076,0.05517823413241172
64,5,test,22,4428.06875,362.7240568732901,1001.9205581641565,0.1447070296492145,355.5979142726997,71.44923085703425,0.11818335127012497,0.057916076941040215
64,5,test,23,4508.971875,392.1851663420704,1104.6891438154112,0.1644464755667513,385.7246791245643,75.25681416870356,0.13722948692718345,0.05994249291618042
64,5,test,24,4589.875,412.32909586993395,1220.9223303592487,0.17327706669931653,404.0681127339951,81.06842453557483,0.1479910659876113,0.06143963707909948
64,5,test,25,4670.778125,441.29328775144927,1343.181580241465,0.19411253634201223,432.5595860176286,84.63468646428751,0.1662377761289524,0.06464379112172507
64,5,test,26,4751.68125,474.6066584922204,1469.195669767808,0.21490431032261323,460.1809920711517,88.90653054659792,0.18916225190165892,0.06640239908887319
64,5,test,27,4832.584375,504.31083102380825,1602.0710303029177,0.23797368471657754,483.9073502995035,92.9956512111545,0.2134106778164807,0.06841427378314995
64,5,test,28,4913.487499999999,532.8985213840039,1707.3282624977028,0.2636681268644095,514.0636849894306,97.49796259168164,0.23840457467812562,0.06968820155523955
64,5,test,29,4994.390625,560.115818613129,1808.6651038555933,0.29262619753171737,541.6362170009705,100.74776147246212,0.26642807412947944,0.07154042153739237
64,5,test,30,5075.29375,589.8888663809316,1896.0418850184503,0.3237918060797623,570.6653079730515,106.33906644640234,0.30220328319881945,0.07152980952875379
64,5,test,31,5156.196875,614.1757573654161,2030.824467636031,0.3398099036762692,590.3749908564606,111.10305480465854,0.316751480637055,0.07278700436399717
64,5,test,32,5237.1,642.2986217768347,2165.0707953716283,0.3720838867100861,609.9402893688932,117.30989836605232,0.3488103208498655,0.07395842150209955
64,5,test,33,5318.003124999999,672.9786555335737,2328.216251454764,0.40821179594972834,640.1572380363234,120.99769388225923,0.38247712156371655,0.07446079341097596
64,5,test,34,5398.90625,706.3347037965127,2486.411620797176,0.44059143893071184,680.4510976745632,128.49283910843923,0.41839119420685605,0.0751348914463301
64,5,test,35,5479.809375,739.1779980717388,2678.409692486007,0.4735817960592262,714.760795595204,138.45101004152482,0.45760431017157627,0.0755517925243622
64,5,test,36,5560.7125,772.2135350112751,2853.360438696541,0.5116207619489388,744.5648747462235,143.332161897348,0.49200247674565517,0.07743343082705591
64,5,test,37,5641.615625,805.9919572500683,3011.5671866030893,0.5431440120010345,773.3347798563179,147.88247273222055,0.5216496099963719,0.078278557217289
64,5,test,38,5722.518749999999,843.5413586166476,3156.3577823776827,0.5800623525035533,802.0777223657709,154.77286253931055,0.5546311815259192,0.07862867243693758
64,5,test,39,5803.421875,876.7910242743682,3340.8415986487516,0.6144548075024203,842.1051540377321,161.4370827996936,0.5871128645051626,0.07854517883493922
64,5,test,40,5884.325,913.614474166792,3517.486847493775,0.6460448217407087,882.1443944260494,168.0461470070327,0.6158854479168113,0.07841602464564966
64,5,test,41,5965.228125,957.0263569138717,3732.3690384046886,0.682224974596378,911.4045920984211,176.49607780089127,0.6511997968215097,0.07972740823263165
64,5,test,42,6046.13125,997.5605806852315,3948.67401510635,0.7143523245054308,942.7320051874091,185.587691988784,0.6944396017933702,0.07976031241853451
64,5,test,43,6127.034374999999,1031.9246093406136,4246.596531000233,0.750325674562291,992.5760162420261,189.03246401462326,0.7288396666742734,0.0798920609797161
64,5,test,44,6207.9375,1087.8619302830402,4490.479128573443,0.7840781409662669,1027.1924822727242,195.57177556515626,0.7617158011554881,0.08003682242824738
64,5,test,45,6288.840625,1123.1204637825413,4691.3910209498845,0.815551252337704,1080.2490760753612,200.6112705850569,0.7957920564085896,0.08037833680599367
64,5,test,46,6369.74375,1185.6056172962894,4957.383017997419,0.8512695813176763,1125.0773489815629,207.53703214366936,0.8304559055848371,0.07910978114363931
64,5,test,47,6450.646875,1235.2120639736484,5215.037475413293,0.886489189937216,1184.921741465132,213.77678996677218,0.8666045847388337,0.0790414037358448
64,5,test,48,6531.55,1285.3499761218359,5444.318763723994,0.9209448006964882,1224.9448515164047,222.40087661565155,0.899570193471047,0.07998820419322095
64,5,test,49,6612.453125,1339.5964241387192,5619.305717537817,0.9560438276058486,1283.0897341869509,229.67846703388162,0.9356169880130396,0.0799880353103237
64,5,test,50,6693.35625,1399.1124906249581,5918.698225700257,0.9964664879215448,1341.3608109864867,234.98172000175543,0.9677424662969669,0.08133184847909386
64,5,test,51,6774.259375,1463.2059397472403,6360.116943634786,1.020358952598839,1378.8312898429247,241.86636597087664,1.0028347031161151,0.082409866566319
64,5,test,52,6855.1625,1525.4998647759876,6694.447783843239,1.0434808681557828,1424.6943001929467,248.94973892928718,1.0236378312977121,0.08408686377597255
64,5,test,53,6936.065625,1583.8112752993538,6949.62040744141,1.066305301045685,1500.8076853385292,254.13260901463985,1.0446801787279125,0.08481540586701405
64,5,test,54,7016.96875,1647.729450367322,7112.491245202514,1.0816874052306744,1588.9838107632954,258.72135468033264,1.064740884810289,0.08627813341753177
64,5,test,55,7097.871875,1712.7000581585376,7283.205596197286,1.1013564554393784,1649.8698496880886,266.87664707479007,1.076548068900865,0.08955409323478311
64,5,test,56,7178.775,1798.141538583593,7593.802774297273,1.1167321040911684,1709.8733415376728,273.4264704228835,1.0892994612183293,0.09199321027080973
64,5,test,57,7259.678125,1871.130007050269,7863.013579346366,1.1281638308609754,1783.4256296990247,280.7800031069121,1.1140568901616965,0.09409430664447313
64,5,test,58,7340.58125,1943.1809169710305,8075.0511843054155,1.1405551099306979,1857.0035161951637,290.68673490428944,1.1186892132650366,0.09612360304742801
64,5,test,59,7421.484375,2020.2759143703765,8275.940660323808,1.141826988703909,1939.404135589239,296.2313158970318,1.1218570881920062,0.0974599621272115
64,5,test,60,7502.3875,2124.528795024581,8749.288119819244,1.151266701056787,2015.3912434801528,304.43177603631,1.1324065497176905,0.10081652122649826
64,5,test,61,7583.290625,2208.476414776783,9200.883097858947,1.164904646744569,2091.011398979788,308.2862571394358,1.148211521964433,0.10191673629027578
64,5,test,62,7664.19375,2298.0119204017838,9605.016333326776,1.1816384455287237,2189.2662712385586,318.7594781087739,1.1532033032672224,0.10334770518202925
64,5,test,63,7745.096875,2356.379625646696,9952.110624601266,1.195855758341191,2277.0305987390566,327.7036214855613,1.164859189530909,0.1042900568318933
64,5,test,64,7826.0,2456.976812933604,10232.216369929814,1.2049412533237103,2357.2608734409428,336.43973045835196,1.1824325254651513,0.10555477502701902
64,6,val,0,2648.2,0.0,0.0,0.0,0.0,0.0,0.0,0.0
64,6,val,1,2729.1031249999996,8.187931630306622,13.873667614012664,0.00489739216145979,7.963518451560958,0.96819479378496,0.004084687877387331,0.001880304055998372
64,6,val,2,2810.00625,17.206758034404857,31.505290318881393,0.01138514169347904,16.928632428047763,2.2156237304393755,0.009332934899644596,0.004372104632065915
64,6,val,3,2890.9093749999997,27.46867714852641,50.92485111940731,0.01607615010005073,27.024293348027584,3.5246570371327834,0.013211045471882288,0.006454563738076541
64,6,val,4,2971.8125,39.52267760507766,73.93910832415713,0.02219076131601983,39.015256300885426,4.835732963961448,0.018167389557476044,0.008848356228080556
64,6,val,5,3052.715625,53.41601406939844,99.62025820559269,0.028570089534135645,52.75544791838982,6.658729429091181,0.023511286503227757,0.0112494255025547
64,6,val,6,3133.6187499999996,67.6641263240576,126.99939987060127,0.034981604571049374,67.12830574495854,8.652946978401133,0.028089273965893613,0.01335622375415969
64,6,val,7,3214.521875,84.53591051310028,157.96880512900762,0.04222344597414052,83.88522023015454,11.122197972945003,0.03414415501819257,0.01583572095165825
64,6,val,8,3295.4249999999997,101.60662360229011,195.477433004612,0.04935893086483454,100.48450248891072,13.492445168481026,0.03998649510238497,0.01848805583543056
64,6,val,9,3376.328125,120.59890135154205,235.37047565021422,0.055789895449687155,119.82080216836266,16.13815772822136,0.04633810237219399,0.021773364944653595
64,6,val,10,3457.23125,136.0645258714328,275.3408850788617,0.06001492577194928,134.82092845970328,19.14956829489256,0.04832491567830291,0.02338872276164833
64,6,val,11,3538.1343749999996,157.23450352433588,318.1935335993386,0.06591046833255565,155.4529004296228,22.686269401017256,0.0537669813469345,0.02539801498484262
64,6,val,12,3619.0375,175.57478470429544,368.6352406775408,0.07304087156972255,173.6717027167831,26.689689717894538,0.05845746721336309,0.027719407528319084
64,6,val,13,3699.940625,194.94524644198208,425.8040943380648,0.07942588949362214,192.45591616908087,31.416603829491407,0.06274756059867787,0.03041170189076181
64,6,val,14,3780.84375,216.04742783484278,474.84564498294606,0.08423883552583075,212.05153512156016,35.58482390713813,0.0667105215445482,0.033244984589692744
64,6,val,15,3861.746875,238.53061344142645,530.7353859825625,0.08913402985861324,234.04167051720748,40.08365688184767,0.07117370466887957,0.034695290999316175
64,6,val,16,3942.6499999999996,261.41124944524563,582.4167079929338,0.09566176914551651,257.69821304324125,45.3077161741362,0.0769131036454972,0.03722851059510812
64,6,val,17,4023.553125,290.7966391543777,639.6305343638094,0.10349413098892368,286.8100420222106,49.7685064967186,0.08378062274819881,0.039134940655258244
64,6,val,18,4104.45625,323.9437432908687,714.3289292985247,0.11044271117071139,317.5832700150849,53.73398266971208,0.09306102505614311,0.04177513722158216
64,6,val,19,4185.359375,347.7956723145752,794.6247361752664,0.11890996640218782,340.83996728237764,59.169373793686475,0.10093515163950295,0.04392300442562086
64,6,val,20,4266.2625,371.8695546574793,876.2877802231169,0.1275059977257822,363.67909588409475,66.34235772830266,0.11021258355400909,0.0453375597099237
64,6,val,21,4347.165625,400.0159822489877,931.0538389563812,0.137968390547423,391.09207745845254,70.63977272855482,0.12161052473297351,0.04553317689625497
64,6,val,22,4428.06875,426.707991978418,1014.392382800906,0.14749249433664707,417.5930365479559,76.80405741241714,0.12846504400047723,0.04785542716244373
64,6,val,23,4508.971875,457.3391514948071,1096.3404668955257,0.16251891140361963,447.9561854720657,82.87212850603964,0.1442429953240898,0.0510205515949502
64,6,val,24,4589.875,483.1569960444426,1204.4633212687488,0.17438625690444076,471.7740446561862,87.22636475750534,0.15525812082292645,0.052138309785997386
64,6,val,25,4670.778125,513.1933612572936,1298.5178756914142,0.1894232018515435,502.1597299179916,90.07871593436789,0.1720772293221512,0.05252924218168784
64,6,val,26,4751.68125,545.6710569411598,1365.7754173354422,0.20916983172448306,535.3871147963379,94.44955121174914,0.1920918344446576,0.05452088408801348
64,6,val,27,4832.584375,577.7327528946046,1470.6944922477662,0.2275080162390808,564.6984072110968,99.2080439330465,0.21037519449773612,0.05630189341028491
64,6,val,28,4913.487499999999,610.0407709126898,1563.0071652409154,0.24877317852731173,599.6541011589045,104.54853035278688,0.23124536978854152,0.05688023155506075
64,6,val,29,4994.390625,638.0809014808335,1681.2852358963132,0.27275140357853334,625.5871368908039,110.58250858576457,0.2561554120985021,0.05751442898628556
64,6,val,30,5075.29375,670.4955772557604,1786.8527058918828,0.29546362633256495,654.2606271517002,115.26518291674392,0.27786200379203985,0.05970659824679203
64,6,val,31,5156.196875,699.2284565911291,1877.598442941621,0.31984662837022254,687.1208533412982,121.16734739498725,0.2968839480410345,0.061202405360172296
64,6,val,32,5237.1,732.2109273842373,2005.2604995995061,0.34588385555021917,716.2241068355257,125.64943884530066,0.3244439027234869,0.06176930947922321
64,6,val,33,5318.003124999999,771.2408626872502,2120.540040825319,0.375002661896065,749.2358860204149,131.67911975676816,0.34617498541718306,0.06282305195319526
64,6,val,34,5398.90625,796.7781616089553,2268.10052662531,0.40180400965617036,781.107120729672,135.14067172098265,0.3735486997640397,0.06215162035407007
64,6,val,35,5479.809375,833.9739807269098,2401.2215824588643,0.4265643641460093,814.4102445958197,140.48436235083273,0.399504271112322,0.06255197619197977
64,6,val,36,5560.7125,864.9381084861147,2552.8462441887214,0.4521851758608336,843.6687943968195,147.5622875769318,0.4261240838438207,0.06240438463132533
64,6,val,37,5641.615625,909.1654576517385,2698.2364956008573,0.4752216656080388,876.2319081192231,150.5145838492865,0.4557020044414495,0.06230887777683089
64,6,val,38,5722.518749999999,952.6477343261206,2844.331505026129,0.4968268273791432,907.0085069045319,155.44310792469673,0.4843796292260949,0.06329578970289823
64,6,val,39,5803.421875,994.8300059149346,3022.5796854329888,0.5301225215367522,946.3613433511,162.92548630278247,0.508526891840666,0.0632787973418314
64,6,val,40,5884.325,1030.7504506824898,3167.305397954186,0.55500676020806,986.8786063879043,166.87767218166982,0.5347462732427088,0.06358662559683217
64,6,val,41,5965.228125,1066.412310457622,3354.7935160304705,0.5809812238513277,1031.748646024539,173.08422863052897,0.5613813291213826,0.06408638817810564
64,6,val,42,6046.13125,1121.8273200955196,3546.4694882459553,0.6151411828238806,1085.524227068504,178.99651712411924,0.5893018093049984,0.06392397524453142
64,6,val,43,6127.034374999999,1173.3660801736933,3758.89246213959,0.6461827333378023,1127.7470391378301,183.3641283403722,0.6254588651704307,0.06524121133136274
64,6,val,44,6207.9375,1214.923511083498,3987.11881460281,0.6743427529463386,1184.1157799697157,189.0132817579797,0.6590577105849288,0.0671252491035862
64,6,val,45,6288.840625,1264.7587151725475,4192.7945930811875,0.7031848752898084,1221.5151895971558,193.27237917093498,0.687460184512656,0.06848440520862073
64,6,val,46,6369.74375,1317.0085888374956,4365.891987366306,0.7300125662877133,1274.0174157526667,196.39880406509747,0.7123800635279315,0.06959216628391225
64,6,val,47,6450.646875,1371.171867525618,4546.799469928555,0.7628872593912206,1316.6655653783437,201.46623647718798,0.746851876776311,0.07133978201909197
64,6,val,48,6531.55,1415.6355588764882,4824.331860235705,0.7968416638060583,1380.0235848086402,204.57932567336456,0.7839424818024687,0.07433279766017042
64,6,val,49,6612.453125,1473.9265959598242,5083.705910457033,0.8300268140641331,1424.035380811688,206.1103944494107,0.8100880204605643,0.0756729147180623
64,6,val,50,6693.35625,1539.2065826457895,5314.962200132708,0.8549577067924891,1479.637210008434,209.2900270105389,0.8323009620746225,0.07859021628493779
64,6,val,51,6774.259375,1595.0918361778577,5572.47980775233,0.8793254606035139,1515.5742104562364,212.37501316312546,0.8641959266270649,0.0806765225234013
64,6,val,52,6855.1625,1638.9026538272446,5809.786454795681,0.9032770605352236,1553.8365609556877,217.18977783322657,0.8877544915866509,0.08094083582359593
64,6,val,53,6936.065625,1698.6157516550975,6057.87738546355,0.9292256453382747,1596.196341599267,224.7368060246231,0.9135326986816628,0.08250963921734022
64,6,val,54,7016.96875,1748.8017956815156,6310.228016289272,0.9673886734551662,1651.7199816307766,229.0527678710248,0.9351265322244257,0.082792517048947
64,6,val,55,7097.871875,1821.478823605787,6565.64000798689,0.9792238754408045,1712.1520819807756,238.52365625918992,0.9566613332970264,0.08587803647686597
64,6,val,56,7178.775,1872.2590671790726,6835.486369869342,0.9902816122098479,1769.2797203922055,240.41761232882664,0.9772624709547539,0.08671987061492463
64,6,val,57,7259.678125,1949.1691884327338,7119.917723522147,1.0110178329675312,1837.4658729449038,244.64066491493952,0.9908155776415933,0.08941782595256464
64,6,val,58,7340.58125,2018.5061334952366,7453.708096890386,1.032718944838194,1896.591781430402,249.62214465557508,0.9952998338326885,0.09150754484315779
64,6,val,59,7421.484375,2074.4518518474706,7746.997645315798,1.0399720318656214,1970.9706838267493,254.83527346500523,1.0076913511141568,0.09320836121123194
64,6,val,60,7502.3875,2134.3523721924953,8040.95778099809,1.040474373679809,2041.7630660448297,261.20799142353235,1.0193149564115267,0.09521189384675138
64,6,val,61,7583.290625,2218.7158764845663,8362.877214200216,1.0510089227513952,2103.390881964515,264.9009946342602,1.020922424496931,0.09782731764422861
64,6,val,62,7664.19375,2272.604746975958,8781.193714574258,1.0598125688497662,2159.9148223239554,268.8536131784076,1.0282907388164952,0.09924505350261681
64,6,val,63,7745.096875,2342.9609997106127,9015.670122142345,1.0570370771676927,2234.88079111371,276.86673510454085,1.0366788719294306,0.10129849673252284
64,6,val,64,7826.0,2418.1391849954252,9345.773758658346,1.0578367200860805,2291.1015689406895,282.50519845040856,1.0383657741396823,0.10339355693574082
64,6,test,0,2648.2,0.0,0.0,0.0,0.0,0.0,0.0,0.0
64,6,test,1,2729.1031249999996,8.112051425145816,12.283603610877593,0.004882887016684819,8.008690329049273,0.9553697100823655,0.0041547157487806935,0.001793702002833835
64,6,test,2,2810.00625,17.093481506613273,27.358604135117485,0.01110205885142615,16.811117469785586,2.22661474053254,0.009304549681038443,0.004197490988840785
64,6,test,3,2890.9093749999997,27.385010985673475,43.67502754041795,0.015966668268960205,27.02306955017697,3.4323920557994825,0.013773712731713836,0.006014927125461839
64,6,test,4,2971.8125,39.0964473324793,62.64504246276915,0.022403250271812655,38.86897899711528,4.886180808338025,0.019099980978310154,0.008238816560851743
64,6,test,5,3052.715625,52.45403003036486,84.11970260258671,0.029562835555702438,52.05654850093211,6.641625304613541,0.025089893141686317,0.010425099127513594
64,6,test,6,3133.6187499999996,67.10810679387524,107.76436177869402,0.036321216730618444,66.55519000176646,8.57634987239031,0.030390982721378162,0.012800293044616662
64,6,test,7,3214.521875,84.20724062037976,137.43550855420497,0.04432423178252079,83.44297033207049,10.983582393691904,0.03711297952545961,0.015344749580582101
64,6,test,8,3295.4249999999997,100.87746564248334,166.13324962828395,0.0517069230714564,100.18998914274313,13.621331628556277,0.044551339223346774,0.017632243302333206
64,6,test,9,3376.328125,120.19219131482473,199.81900611263373,0.05843252474083821,119.33648316407997,16.272352724477912,0.050998161933419814,0.020657103522387157
64,6,test,10,3457.23125,135.51422770097332,229.55448777814811,0.06301414737215758,134.42692252705868,18.32407082265064,0.05425713402960105,0.022038407382627898
64,6,test,11,3538.1343749999996,156.31022738663347,273.72108188642204,0.07029962546011362,155.37120357340297,21.912857544515774,0.05851420243472606,0.02448084706193135
64,6,test,12,3619.0375,174.46510606643173,323.54329133525897,0.07637602489915171,172.8152704517285,25.941677958612352,0.06273122345216986,0.025798085521368253
64,6,test,13,3699.940625,194.39234854565868,376.8752705990906,0.0826460298517448,192.2109280710771,29.939776206404645,0.06686718214191263,0.028178131715633423
64,6,test,14,3780.84375,216.29389593433922,434.32413847921816,0.08777299852675852,212.76210475875246,34.48642692373838,0.0706939591879989,0.03032725962513966
64,6,test,15,3861.746875,237.92036489478363,495.1023900551054,0.09283292310255029,234.71034908115485,39.408477593553926,0.07674171088137283,0.03253572607289819
64,6,test,16,3942.6499999999996,261.69473268776323,564.9338190201718,0.09924588701783893,257.8628302661716,43.652997653623515,0.08072781810163597,0.034662621519092676
64,6,test,17,4023.553125,291.8046017461364,632.192148983378,0.10854799373775405,286.6707842507612,47.46430420038905,0.087946513464391,0.03789697056922627
64,6,test,18,4104.45625,322.15982175411636,712.1007827449283,0.12026667530855295,318.002854754063,51.886012397350356,0.09653436765867142,0.03876428353038856
64,6,test,19,4185.359375,351.16209743916113,784.30917337583,0.12804714290643154,343.5239966173782,56.55625749840709,0.1017218143463984,0.04186651099206788
64,6,test,20,4266.2625,375.820231737368,864.2933141345786,0.13524857181893601,368.7396294820928,62.52878720390953,0.11025781083514805,0.04399294265771542
64,6,test,21,4347.165625,404.7156033078636,967.3572220151229,0.14527924468945783,397.62958321468034,68.05572560362805,0.12106689103753149,0.044439497018300494
64,6,test,22,4428.06875,430.6774419229513,1045.4044762481324,0.15327401223801973,422.18563905132453,73.56904359627947,0.1301518527292711,0.04693468756052869
64,6,test,23,4508.971875,461.6658328099081,1131.4248334192273,0.16503300781962535,450.43194295631747,79.52894257269172,0.1423681874810033,0.048429548789796814
64,6,test,24,4589.875,484.70562508515513,1239.9355597045742,0.1766507146735768,475.5715022359155,84.95446720819722,0.15527542609712097,0.04943604176833177
64,6,test,25,4670.778125,515.2624941800141,1335.1242604340753,0.19375156762646908,506.14750765542027,89.03728019633573,0.1721349068876353,0.05198082261687162
64,6,test,26,4751.68125,546.0300278595796,1455.8408042151386,0.21185308077342063,535.3448149103261,93.63790392546889,0.189045486020889,0.05356252514189877
64,6,test,27,4832.584375,571.6340663189783,1582.0465395973977,0.23023083607244532,563.9877136212732,96.78290794975908,0.20745801557345983,0.05501181641607775
64,6,test,28,4913.487499999999,604.423589444437,1714.1159247655053,0.2514460371175562,596.3741718412656,101.07933960809135,0.226828007588541,0.0554565017883233
64,6,test,29,4994.390625,633.2257926728886,1838.7947929924565,0.26987751809242133,621.2338516217458,106.58576520845742,0.25051949338973817,0.056709984160231014
64,6,test,30,5075.29375,657.1846743569267,1960.1069646190706,0.2934385979722811,645.5045553221339,110.18344018942372,0.2732737575968855,0.05813526075047065
64,6,test,31,5156.196875,692.7425231777261,2081.3285222728105,0.3194080815341824,675.1930502810382,114.03876462077989,0.2945759429283639,0.05879246183998488
64,6,test,32,5237.1,723.8812764079796,2228.73246532877,0.343923548034461,705.8428412033493,118.94095999686272,0.32174626960855546,0.05950936591512211
64,6,test,33,5318.003124999999,749.2855094462527,2356.2481072457676,0.36802615861375454,733.2915609650481,123.78195572297557,0.3463139098540263,0.059741177812411804
64,6,test,34,5398.90625,778.493580544831,2503.0793625716146,0.3938705644779411,754.636787646433,130.79489852221826,0.3702109295013953,0.05966337541542634
64,6,test,35,5479.809375,814.4245177075788,2639.64439641381,0.42179439587541545,785.7389983004879,134.7469788518083,0.39966790257243284,0.05908044848107301
64,6,test,36,5560.7125,846.9380891266951,2792.6027821360894,0.4512709419421182,824.9233832294145,138.75895655742454,0.4309913883968619,0.058848454070207445
64,6,test,37,5641.615625,882.0353903715627,2959.1633584931897,0.4738413374701482,858.1701519292651,143.31978437421355,0.4598843897749075,0.05924611979092609
64,6,test,38,5722.518749999999,910.4523523793375,3117.7523430545393,0.5038779914755959,892.4193720548033,148.78780343335052,0.48646906080398317,0.05999417770577182
64,6,test,39,5803.421875,946.7302880949973,3312.8534470693876,0.5336398084779953,920.1466124082103,154.90767345035295,0.5154259890539845,0.061304176136509764
64,6,test,40,5884.325,984.2015953677219,3508.7864482420755,0.5626285536809161,949.5233244486876,160.40673755144041,0.5388805747302481,0.06201784677874363
64,6,test,41,5965.228125,1016.2912145320533,3733.934899752607,0.5920140822274089,983.4061187141785,166.19344386834456,0.5721912206654787,0.062066580052012876
64,6,test,42,6046.13125,1052.9158646328654,3932.401656611569,0.6161345288481501,1013.9463724359175,170.9322048257107,0.603656016849044,0.061998777553539094
64,6,test,43,6127.034374999999,1086.6997682623492,4146.239281184638,0.6472462506291327,1049.5492580605799,174.85163359256717,0.6334463988109246,0.06399843125405287
64,6,test,44,6207.9375,1124.7902465545963,4385.976834071414,0.6759993872754583,1076.4660541625135,174.60219144885514,0.6626432431179469,0.06423061638299518
64,6,test,45,6288.840625,1169.5649564387409,4644.898163504247,0.7050739014163587,1116.8597479812051,177.56191919420417,0.6885577514629398,0.0636707506370942
64,6,test,46,6369.74375,1216.9366339828116,4898.573875543434,0.7360601283989826,1157.8984746693166,182.89868539199006,0.7162313955785051,0.06598949813009167
64,6,test,47,6450.646875,1259.9143998767204,5102.374613204018,0.7653973690530079,1199.3330967836293,189.2960786572644,0.749962896224178,0.0687615132911627
64,6,test,48,6531.55,1324.29469535586,5357.605880318619,0.7991724992726067,1243.9340837500658,193.38740117557052,0.7811735917311706,0.07122313332328528
64,6,test,49,6612.453125,1376.7406276135148,5490.176014178633,0.8267949199277647,1293.4961405237414,193.64347004962212,0.8090350792746073,0.07199439089388207
64,6,test,50,6693.35625,1427.0068480463678,5652.476791237129,0.8572608337776427,1357.0227161524144,197.1702829531239,0.8410200554480468,0.07544186942640488
64,6,test,51,6774.259375,1493.2177480020243,5970.773328912742,0.886067861642843,1429.8984218432338,200.9027441250737,0.8664806487373999,0.07613482462650104
64,6,test,52,6855.1625,1541.5903447367327,6181.705243715913,0.9055076766369339,1476.341848823722,206.6588443555304,0.8889508465368747,0.07570169805608436
64,6,test,53,6936.065625,1603.022500979378,6406.182819040922,0.926481549459123,1546.0239684144597,210.80756015031454,0.904371434799503,0.07674598892080117
64,6,test,54,7016.96875,1651.228301329027,6764.710128262154,0.9452809237238541,1604.696667590531,218.14246659477732,0.9211898115929484,0.0783162709143883
64,6,test,55,7097.871875,1709.830637384357,6947.197421667167,0.9629361859860263,1650.208814178086,224.83659192159422,0.9420070075443349,0.08146728727000552
64,6,test,56,7178.775,1764.022491349074,7251.043578711373,0.977456556630587,1704.476586952552,228.95628183493955,0.9479939624201517,0.08315159624542462
64,6,test,57,7259.678125,1830.4977593287504,7517.0996903535415,0.9859984695079969,1762.392399072894,235.6649634974275,0.9709544816037807,0.08367470024447238
64,6,test,58,7340.58125,1894.5843816419767,7693.548926342581,1.0042952775353648,1818.7041125218002,239.78616963200494,0.987717466643806,0.08647643873539532
64,6,test,59,7421.484375,1942.3126084356,7932.713744456709,1.0167167957545118,1876.418942889643,250.4618871640183,0.9981455848275742,0.08876853564790052
64,6,test,60,7502.3875,1999.4795290835582,8172.818401867514,1.030477097838503,1919.881526203369,254.79995653824972,1.007551655388586,0.08977801319645651
64,6,test,61,7583.290625,2071.9280424143562,8415.64926382854,1.0383763005479691,1965.3448607487435,260.421289748308,1.0262425420442187,0.09219428389562953
64,6,test,62,7664.19375,2127.107562429728,8730.485038699511,1.050466426591401,2016.175096412951,265.8298365420819,1.0283154832402552,0.09327223161931415
64,6,test,63,7745.096875,2200.7571203361636,9176.480486044811,1.0685382328270545,2098.8645614266943,272.89936177831464,1.0448417639634007,0.0946873186152622
64,6,test,64,7826.0,2272.0585040859974,9460.162551318153,1.0786792569974433,2179.6142427461405,279.09812189701813,1.0585738206975657,0.09618677138245862
64,7,val,0,2648.2,0.0,0.0,0.0,0.0,0.0,0.0,0.0
64,7,val,1,2729.1031249999996,5.666101338164253,15.632393517750375,0.005373145317399963,5.346705658212159,2.0766874424396065,0.0043900593940174315,0.002408028300806761
64,7,val,2,2810.00625,12.63844033984185,32.619940317078935,0.010820655488200104,12.271008101208736,3.802917134194672,0.008859908065823874,0.004431780910134353
64,7,val,3,2890.9093749999997,20.79489169480553,51.7734221113204,0.0164225561023355,20.11450715426477,5.569422638899368,0.013673276000485124,0.006254823477724186
64,7,val,4,2971.8125,30.29205386624767,73.49006551543754,0.023250339623734784,29.58815781943258,7.961846925965688,0.018837847625529508,0.008534543871931144
64,7,val,5,3052.715625,40.967154644420134,96.05435461175469,0.031230305994223162,40.18213078487065,10.319846302536462,0.024921285177489927,0.010856028099408277
64,7,val,6,3133.6187499999996,52.09391831365906,121.88247273836043,0.03954897343127345,50.730061111238456,13.05951026621699,0.03227820636837048,0.013506443866335982
64,7,val,7,3214.521875,63.68136991174467,150.26599129575396,0.04684593457188885,62.27260496129361,15.008799617021396,0.038799968143599095,0.015658180986331816
64,7,val,8,3295.4249999999997,76.74086874647656,184.9687811497854,0.05490819292886667,74.93061075669516,17.613472923571294,0.046858621788201105,0.01776735754296932
64,7,val,9,3376.328125,91.68650710831017,219.12115679044302,0.06488135104646894,88.95000356476856,20.03719177560015,0.05474335601601821,0.021398954904224
64,7,val,10,3457.23125,104.70163027855506,258.8442437354857,0.07163674506095816,102.22091891832008,23.015601574684297,0.05977893732831904,0.024499401808136985
64,7,val,11,3538.1343749999996,118.8627088685763,296.6029550875576,0.07664472309019954,115.73081994387735,24.99286808169643,0.06251974217076108,0.02739880932746408
64,7,val,12,3619.0375,134.09447888778914,346.0279884458532,0.0825682912125418,130.75844120552915,29.29478895231341,0.06571888154588423,0.03163557095123043
64,7,val,13,3699.940625,150.97120596192326,395.64615344764877,0.08684707354003618,146.6904098307964,32.2726052307587,0.07023691179056796,0.03498251493621457
64,7,val,14,3780.84375,168.7044261508106,447.54309748818883,0.09229902834570307,162.97672465645974,35.47016801968539,0.07491502030146369,0.03963426815364879
64,7,val,15,3861.746875,189.02640677195848,513.740977234789,0.09869878413486244,182.0177510022063,38.59347882828956,0.07944420325322471,0.04426985664264527
64,7,val,16,3942.6499999999996,206.56523681074646,572.0015433698974,0.10456057388858603,198.7447720334643,41.637302812546295,0.08326182897035184,0.050428072702002336
64,7,val,17,4023.553125,224.78330860201368,624.9906615651355,0.11370611373118233,215.6394775368824,45.329293816365634,0.08777494712223013,0.0547218419465062
64,7,val,18,4104.45625,239.9204883879804,690.3995209130538,0.12036075032668958,231.2565547565555,48.37905109175722,0.09313130415073909,0.05937387337985947
64,7,val,19,4185.359375,255.1255971886519,762.069855090504,0.127282308590021,245.9412165879371,54.051693619442176,0.10067296024356132,0.06407002837646725
64,7,val,20,4266.2625,277.731090219163,838.8602237266069,0.14236864954206632,266.1666453253986,59.92760853530399,0.1102408803675542,0.06776921801882052
64,7,val,21,4347.165625,295.3212972283126,918.4774645366047,0.1523058325824493,280.4787205520469,64.88503728500916,0.12065441563429563,0.07096070039391139
64,7,val,22,4428.06875,317.1332800658675,1004.6252443853119,0.16554879376844134,302.4898846516706,71.58163287426511,0.13333631417298403,0.07282178461476968
64,7,val,23,4508.971875,337.5484788581389,1101.7007432923515,0.1826684768517638,320.9510340074644,78.11706128055107,0.14899358536087093,0.07547812090428
64,7,val,24,4589.875,355.1309507271867,1184.7594774772795,0.19285750554681735,336.1993175171283,83.34819121918713,0.16077501741042222,0.07934071911045587
64,7,val,25,4670.778125,372.26119453960393,1292.547744048647,0.20908133860482458,353.3246243479198,88.9400285816464,0.17614369291318877,0.0827097839859875
64,7,val,26,4751.68125,390.45756509460716,1391.3822887694835,0.22282483521715926,364.8130181270517,95.17432442746099,0.1915502070256314,0.08642633167648323
64,7,val,27,4832.584375,413.91603900231644,1488.1668660808862,0.242417232393103,377.9274405230524,102.03689348399081,0.20876494912382138,0.08908967378586097
64,7,val,28,4913.487499999999,435.5896801612005,1610.2065848778748,0.2655999739638176,396.4620997047632,106.73640256436556,0.23128923427120918,0.0911903813651787
64,7,val,29,4994.390625,455.29532414150253,1712.8480133287126,0.2878375332401595,416.9789126211185,111.76943254274363,0.2567563399156897,0.09384815640881353
64,7,val,30,5075.29375,480.84248961742304,1850.6202645185872,0.30915065434344857,430.9862516053329,116.55391550183936,0.27940015063662726,0.09482585443836705
64,7,val,31,5156.196875,504.28519429289054,1979.1738490135347,0.32984223526121015,448.76214801990955,126.04816534445717,0.3073842643249135,0.09568261294730374
64,7,val,32,5237.1,525.1514458020665,2116.8736532891635,0.35254682256202763,474.1587489681933,133.62646270613254,0.3306145045682274,0.09679825768300204
64,7,val,33,5318.003124999999,549.7645668926339,2282.353040583127,0.3762206480118213,493.80354560453554,141.32226664764858,0.3475644078058393,0.09718279570559984
64,7,val,34,5398.90625,574.7008316553774,2401.97089711644,0.3998517855024475,514.489528410877,149.23012887209097,0.3731693849689105,0.09897964027875614
64,7,val,35,5479.809375,601.6320946086466,2570.3982572206482,0.4292505258131907,539.0007534935393,159.62552719946643,0.3946271739536378,0.10041605139287854
64,7,val,36,5560.7125,625.6399380735331,2757.5325488070007,0.4507791346458623,558.7748741070584,170.4625995647433,0.41463768299956905,0.10157980862534992
64,7,val,37,5641.615625,650.5217340750846,2960.633320341513,0.4801995248687463,590.4080497612654,180.83104852041743,0.44333861149215004,0.10242204243916808
64,7,val,38,5722.518749999999,680.6965228352055,3150.3002002841913,0.5019629940781201,613.834060149884,189.91294837307748,0.4787207175049879,0.10210736216013927
64,7,val,39,5803.421875,712.55802198732,3318.8811116117777,0.5336384624922974,647.8944989628985,200.33628383789903,0.5065569014909288,0.1028914124907021
64,7,val,40,5884.325,743.9839817523648,3515.41215536974,0.5609337018512295,675.3676883326136,210.01604282506037,0.5251707254474158,0.10250021873402064
64,7,val,41,5965.228125,779.1135335454555,3668.928422898837,0.5861504644806281,699.5956683196027,223.50880355779168,0.549541840897616,0.10257246752069099
64,7,val,42,6046.13125,806.4497949235658,3897.3741977288787,0.6086757161225115,726.8265142855341,234.2469269997025,0.5771965558016012,0.10328926670336372
64,7,val,43,6127.034374999999,851.5291532737592,4139.4621539314585,0.6325360737585023,750.7552757463145,245.04793855697926,0.6067575427212146,0.10393905737274278
64,7,val,44,6207.9375,896.2124438686345,4430.956363206426,0.6651238788336761,769.69229744941,257.6280230485395,0.6415279523129119,0.10478896572336562
64,7,val,45,6288.840625,928.3410182084708,4680.737540614499,0.6926360763978499,800.8379090659901,264.10150679561184,0.6708237273608808,0.10572278191162479
64,7,val,46,6369.74375,966.6708999038747,4916.0132234125595,0.7210780448367038,848.5177829436736,275.9949777322106,0.6959641421770552,0.10493166398570924
64,7,val,47,6450.646875,1016.2612612358402,5125.522508851157,0.747250759935314,888.4697076238126,286.3576075553118,0.721683573115306,0.104387580275523
64,7,val,48,6531.55,1055.4067349866614,5340.999110080496,0.7691914750513479,928.3157699519506,297.2102050735435,0.7528235662583316,0.10537287330009137
64,7,val,49,6612.453125,1102.921111196977,5506.683357195111,0.7956460210520322,965.398576174266,306.7879113027061,0.7780247391919182,0.10842471866085324
64,7,val,50,6693.35625,1151.6670212555482,5722.408356831008,0.8194097883384155,1020.0321507817307,310.7773142283463,0.8025473763873942,0.10841683736376867
64,7,val,51,6774.259375,1207.9469527360516,6014.863699474341,0.8405463600403007,1073.1533665267534,319.4052828152678,0.8198777846130934,0.1075853314698727
64,7,val,52,6855.1625,1262.990715046982,6309.029427570856,0.8586818369499261,1144.6182361688955,328.30946789718496,0.8384505006198417,0.1079139725308556
64,7,val,53,6936.065625,1320.1733968740257,6611.083523502398,0.884533265508497,1201.0923468823762,337.9894862287074,0.8620686753516571,0.1072092896487152
64,7,val,54,7016.96875,1375.5712791355563,6956.501520536741,0.8967057647055465,1275.3526917506406,347.4536428466308,0.8814295070411968,0.10687863880669973
64,7,val,55,7097.871875,1437.3841912830585,7330.254894783562,0.9165112382240326,1327.592306614406,358.7806746170088,0.8914435990370062,0.10716679969623166
64,7,val,56,7178.775,1506.218070055752,7720.909266178579,0.92811822340165,1387.7098945990838,368.121295241167,0.9013691609953134,0.10790904715086286
64,7,val,57,7259.678125,1566.717939247269,8080.521552157104,0.9393443852485361,1443.184983893996,380.5549918785118,0.9128610987125807,0.10859230040703542
64,7,val,58,7340.58125,1634.9035781578323,8477.099604372075,0.9608694752027136,1507.7177024809387,389.5835033393382,0.932171789153155,0.1098455609364786
64,7,val,59,7421.484375,1683.8901767320067,8851.910720890875,0.9652397267357893,1567.1320919615682,397.38756128537034,0.9372015135462736,0.10986448523316039
64,7,val,60,7502.3875,1764.2702054939718,9206.445588395723,0.9896395876791975,1619.7458164738237,402.45928697737554,0.9592805359368295,0.11082870168769438
64,7,val,61,7583.290625,1844.5441107903662,9567.318224596731,1.0027229195526814,1706.064852562804,414.19966708736047,0.9654852080559356,0.1124334800439164
64,7,val,62,7664.19375,1914.980823478345,9934.044672673881,1.0098479474228983,1792.0559531778508,418.49910982705296,0.9777972610831853,0.11360776357876787
64,7,val,63,7745.096875,1987.616775406309,10316.266465140801,1.016851589210388,1857.6697736672259,422.54154643023867,0.9738331559059343,0.11562507118548226
64,7,val,64,7826.0,2060.057300627591,10703.044743359314,1.020648502108562,1932.6101642902104,431.29648608686466,0.9889192621535814,0.11717158105449543
64,7,test,0,2648.2,0.0,0.0,0.0,0.0,0.0,0.0,0.0
64,7,test,1,2729.1031249999996,5.531772133240409,12.472464383619556,0.005319290717373075,5.209802393235208,2.073817927691124,0.00433772068738833,0.002352347811738348
64,7,test,2,2810.00625,12.550525578035376,27.053797139727475,0.010978159922904593,12.112523710683831,3.711558669262871,0.008829921168347892,0.004222494923874359
64,7,test,3,2890.9093749999997,20.735354973156817,42.963337551847765,0.016722118521836707,20.144375446373708,5.359063240874207,0.013616107967415539,0.0061659381315592315
64,7,test,4,2971.8125,29.906763046493978,61.97605231386945,0.02386542689530695,29.264787091616284,7.348847643505962,0.01978216214433212,0.00826672486238739
64,7,test,5,3052.715625,40.33475751464266,82.21171923682822,0.03150237431229219,39.62356159783553,9.449244887569819,0.026154010067908767,0.010447315745738817
64,7,test,6,3133.6187499999996,52.08252851143769,101.86805361544346,0.04032672905053894,51.07557397600715,11.568006117574026,0.03364286133352573,0.01289846769241855
64,7,test,7,3214.521875,64.2354357005459,128.65673338577326,0.047820262191709165,62.862835524773786,13.703799499573677,0.03930508047974603,0.014454746136885466
64,7,test,8,3295.4249999999997,77.65769319355087,156.3592415881261,0.05664994834671298,76.16547483903702,16.015048105810337,0.047648283554739546,0.01678833305633967
64,7,test,9,3376.328125,92.05075767470028,186.4904963002292,0.06621184717962164,90.16915154274585,18.442766474478844,0.055609743737618234,0.020488916613641255
64,7,test,10,3457.23125,104.7910315601257,224.9903032045265,0.07170590910103623,102.79110729544527,21.156690464991357,0.060339363625969145,0.023146626743901607
64,7,test,11,3538.1343749999996,119.8100343388262,265.0189617851375,0.07676881707779047,115.71581280259124,23.15595453698549,0.06228753429232507,0.027079271139294342
64,7,test,12,3619.0375,135.2564637085898,303.94481502775864,0.0825252883900271,130.1345158551497,26.740159589806467,0.0672316901714834,0.0312946855029108
64,7,test,13,3699.940625,153.55174084471557,357.4535695192559,0.08755655063991119,148.29393356843212,30.166713574722337,0.07173304964160077,0.034403394370806535
64,7,test,14,3780.84375,172.089689393232,419.09416956328374,0.09332791374271845,165.12358552108532,32.81870599151304,0.07488512870103617,0.03837358540072222
64,7,test,15,3861.746875,191.68801755625253,484.7334251963279,0.10046480618458739,184.07709795116034,36.53419137549463,0.08009973724069377,0.04356502791832105
64,7,test,16,3942.6499999999996,206.73078323220295,551.9500540870752,0.106565423888072,199.82275989817566,39.18863768569736,0.08454923001851439,0.04903599149145253
64,7,test,17,4023.553125,226.34384023422172,625.0182111280311,0.11448146159097924,218.08665767541058,42.33384422536801,0.08943137320067442,0.05442050157445505
64,7,test,18,4104.45625,242.66250219880448,697.5592225260342,0.12179621899581147,232.9177687699726,45.32968425215955,0.09378005861538155,0.05765512989044409
64,7,test,19,4185.359375,257.1159251468984,784.9868105927922,0.13000678079876266,247.03876321396478,49.3309303294609,0.10215434730200673,0.062088269057703274
64,7,test,20,4266.2625,279.73196745688256,875.261434953859,0.1458054537169691,267.18082022182796,54.64250386131653,0.11489067718610871,0.0666094722637546
64,7,test,21,4347.165625,294.73659207602236,966.1391632195972,0.15549471271928372,282.0934460617517,60.56289410530269,0.1223610581416795,0.06899471248925267
64,7,test,22,4428.06875,315.4019601632534,1070.6818214345199,0.17149573638470042,301.9026179870128,66.17906317362099,0.1366387196167322,0.07147338849796021
64,7,test,23,4508.971875,338.6274998186849,1166.3903041702881,0.18682264517180108,317.96948018617854,73.83495134318352,0.15217695729940028,0.07406851285076017
64,7,test,24,4589.875,353.33441578378097,1282.6405805464021,0.19845319102981818,330.9176901728943,78.78334507694262,0.1642823083363859,0.07637943925936815
64,7,test,25,4670.778125,371.7474010905448,1384.291533263566,0.21214923684198875,349.25745594569514,84.64709486730371,0.17883861668021617,0.07926889349594429
64,7,test,26,4751.68125,384.73692105573565,1502.5173705697878,0.2284988048970836,366.27998730217826,89.69872280805191,0.19284892271913961,0.08101534737198213
64,7,test,27,4832.584375,403.8732014039681,1612.1492880259957,0.24775838473702333,384.04455122190836,97.10546717120394,0.21280571265237802,0.08308014509287795
64,7,test,28,4913.487499999999,428.62790877160603,1725.7813901372233,0.2710863048497811,398.6483784165853,102.40733129495538,0.23770146988335433,0.08504124092491121
64,7,test,29,4994.390625,455.48480498773006,1852.4830254233634,0.294703670371238,416.1761155576045,108.26531865508926,0.26642133621235586,0.08689732958724883
64,7,test,30,5075.29375,474.3636570092633,1927.11140541977,0.31838010421163937,437.3539760990326,115.48216171871405,0.2937707815962396,0.08848076566277986
64,7,test,31,5156.196875,498.79312232077666,2056.575256763439,0.34496768676652717,454.93147017481306,121.94435482061294,0.3187270671444302,0.08988901529324508
64,7,test,32,5237.1,522.883404031333,2197.140992762329,0.3679912663143263,480.00842238013774,130.34231935792207,0.33855864243748784,0.0913074727120146
64,7,test,33,5318.003124999999,554.122060497221,2337.575190331974,0.3863506174798109,507.24276900296104,136.62904909969242,0.3593552287254487,0.09360333374790197
64,7,test,34,5398.90625,581.1723374231121,2511.7434949802905,0.4105956111419423,533.3636038543688,142.7433668892597,0.3856049715042706,0.09421881826101197
64,7,test,35,5479.809375,609.5688122604059,2681.830039221062,0.4302795428197462,559.2730640005357,150.3424656863892,0.4101329528310256,0.09503502730095169
64,7,test,36,5560.7125,637.7148240219981,2851.8840085480856,0.4503425718814999,587.4316127789996,160.25136508914528,0.4267899500600518,0.09621268085423673
64,7,test,37,5641.615625,670.7803974612716,2946.1296440656088,0.4804605272569866,607.923351574243,167.47774439161844,0.45272246488702383,0.09766122775712802
64,7,test,38,5722.518749999999,704.0677074903954,3100.857953003693,0.5091123681795731,633.017285408286,177.31543416479667,0.4814934554296241,0.0987856652237977
64,7,test,39,5803.421875,731.8382943735315,3245.167214347411,0.5337615494028225,662.103652825266,187.1228131989966,0.5062925128534179,0.09946142655886858
64,7,test,40,5884.325,761.931858748369,3398.878052810678,0.5577373563862218,691.3470069578125,195.21077911584683,0.5355205771942206,0.10007191072432947
64,7,test,41,5965.228125,789.0241069328354,3623.4362597343875,0.5855892460689127,708.0094456391989,204.2845119754162,0.561288836442221,0.10050503602550102
64,7,test,42,6046.13125,823.079577923366,3748.124240316588,0.6098237129619349,734.0229864460355,214.8766375695601,0.5810782473251939,0.10074511520424129
64,7,test,43,6127.034374999999,855.0533428807796,3927.1684652729396,0.6305045454847933,765.8900714500874,223.21985000613688,0.6107379024885284,0.09925983280806727
64,7,test,44,6207.9375,895.5631927269465,4184.425604592526,0.660301170688611,794.0818536469862,232.16647081468977,0.6387347156206931,0.10083536036874491
64,7,test,45,6288.840625,929.4570623442553,4410.388305277128,0.6872318821991088,828.7697151956053,242.89929225412976,0.6672267120274369,0.1026918038293796
64,7,test,46,6369.74375,967.1521239500578,4632.671264127668,0.7168280326767738,842.0622140356446,253.99297934096055,0.6973348009487665,0.10268224402966566
64,7,test,47,6450.646875,1008.4435055221093,4808.268655426866,0.7422951331362213,873.9743951842343,263.3912661096929,0.7285019996511877,0.10245000640466112
64,7,test,48,6531.55,1040.9015466451012,5046.265747980865,0.771208546269192,919.9671120167068,273.50157567472166,0.7536703805737788,0.10228083546707112
64,7,test,49,6612.453125,1079.0310055434418,5232.3327747578805,0.7995734091254536,945.6078323879638,279.884544641547,0.7859797309052061,0.10326805916940537
64,7,test,50,6693.35625,1121.7351930126397,5501.008116404373,0.8277880843596646,997.2823742527908,287.0593469380225,0.8123956038163099,0.10544686003412414
64,7,test,51,6774.259375,1166.0110503003339,5751.227200850555,0.8576511147130317,1046.0600959837052,294.6948091984538,0.8388890690131656,0.1052653702914505
64,7,test,52,6855.1625,1213.2186486599323,5961.6569794088355,0.8742348125748076,1109.872061586202,301.6021265525455,0.8583024249268698,0.10387678302595411
64,7,test,53,6936.065625,1259.6585719848008,6206.714868967642,0.8979816779204965,1163.4216153118473,311.46272284831866,0.8738300336614407,0.10445403144810836
64,7,test,54,7016.96875,1322.782307559848,6474.179727962013,0.9170828802626818,1229.7125927652032,320.22862534817875,0.8981086887986587,0.10478595790491818
64,7,test,55,7097.871875,1378.3612592752875,6792.186561108626,0.9352024403486772,1282.8488740272164,330.1316424381042,0.9112823638612113,0.10621219927882224
64,7,test,56,7178.775,1453.8600396849688,7096.216448673386,0.9530499328297624,1332.4155821893482,339.41335219196844,0.9174504260937265,0.10619428085888952
64,7,test,57,7259.678125,1503.9265975930646,7378.943156961845,0.9658912128548691,1413.6846596057353,348.32064779863714,0.92363049833942,0.10637022676185295
64,7,test,58,7340.58125,1560.698245665428,7755.967136544,0.9716530235759635,1483.5608488380956,356.9046099533324,0.9447351604323153,0.10658131553265872
64,7,test,59,7421.484375,1635.4961467439493,8092.056510147227,0.9781070628196096,1541.5608976729372,365.3058399744964,0.9544102020358908,0.10787699803873566
64,7,test,60,7502.3875,1690.255920383521,8414.039613305144,0.9870695628402328,1599.351931189915,371.6306447120772,0.9696693520798161,0.10813451749712519
64,7,test,61,7583.290625,1776.3345396171103,8717.811330505128,1.0039794405503484,1681.9252339423692,377.22315275071594,0.9876914537395448,0.10986385021211076
64,7,test,62,7664.19375,1846.046342336308,9025.711103379741,1.0147778446019244,1737.9830715335843,384.97414942043304,0.9945357686461653,0.11153302534459841
64,7,test,63,7745.096875,1915.2896233444458,9352.3174406457,1.0239187918747312,1797.058636945124,392.0718714043048,1.006027893721645,0.11250073933428452
64,7,test,64,7826.0,1982.5968187053604,9771.847652330602,1.0300286666992051,1864.7771157596367,401.32643076455565,1.013677092450288,0.11428387379639957
64,8,val,0,2648.2,0.0,0.0,0.0,0.0,0.0,0.0,0.0
64,8,val,1,2729.1031249999996,6.059526413981331,11.87456574655438,0.004382131816853263,6.043776367675946,0.9478012179826578,0.003369990975041204,0.0018261212298446503
64,8,val,2,2810.00625,12.678569609605006,25.173603386684803,0.009149408262968534,12.614363018244035,2.374049527702482,0.006949878225720463,0.0037930106345715475
64,8,val,3,2890.9093749999997,20.43794342817762,39.53363324115742,0.014296020086568273,20.223752025884778,4.126142072863104,0.011079230368391674,0.0061092213146166086
64,8,val,4,2971.8125,29.204002534619633,57.87142935390931,0.020539964293547763,28.945846638016803,6.2691820061218095,0.015764460165573757,0.00885950303224775
64,8,val,5,3052.715625,39.4634662638218,76.93885772437164,0.026754816235541323,38.94811959693811,8.272257537896621,0.02105491492293554,0.011420931502401088
64,8,val,6,3133.6187499999996,49.737842880226424,99.92350447297049,0.03284468820856715,48.94315407915428,9.824416750689124,0.026103940105548507,0.013350698940699235
64,8,val,7,3214.521875,61.251717380123694,125.49400225026973,0.039820274923600685,60.69064585724249,11.659760161109034,0.031741483869956316,0.015157062234873522
64,8,val,8,3295.4249999999997,72.82787520414979,150.47463496226783,0.04605341960681186,71.90055216085511,12.844725444370653,0.03787674746891234,0.016999418903450303
64,8,val,9,3376.328125,87.67230829198525,181.23663681849098,0.05362705950937713,86.17092705799223,15.108604225758882,0.04403483147832725,0.019418154313870922
64,8,val,10,3457.23125,100.39161712421674,214.48008643862826,0.06069136754251886,99.24889018564542,15.878296830820204,0.04950220677599898,0.021670655007383077
64,8,val,11,3538.1343749999996,115.81948269156328,252.22609436740694,0.06731665090486255,114.16344353489194,16.815268472310407,0.05509877772119989,0.02510017888233268
64,8,val,12,3619.0375,130.71769086430152,297.201705467435,0.07522027537042869,128.48859224119025,17.982022966933187,0.06064829501331311,0.026948765183401613
64,8,val,13,3699.940625,143.77184689945466,343.46604513982186,0.08212433198583058,140.45894097816358,17.31503047387406,0.06549151992494423,0.028937058397168758
64,8,val,14,3780.84375,156.61686390947693,391.26822587970753,0.08715199420626737,152.3174702079615,18.241014957652624,0.06906121296189338,0.03087842440066286
64,8,val,15,3861.746875,170.161462893887,443.42009766130553,0.09179727859568235,164.62219540522938,19.9777898155844,0.07259755761398687,0.03234798866620647
64,8,val,16,3942.6499999999996,181.54040808229865,493.32225951041926,0.09672002367516058,175.88803943962716,22.633566312805442,0.07678031804286833,0.033457710283013586
64,8,val,17,4023.553125,193.6637533397345,556.066152762105,0.10122613444831993,187.64713828961277,25.30797801182416,0.0820572260914294,0.034322564814281975
64,8,val,18,4104.45625,206.51427293230995,617.4752580900871,0.10735562392041181,198.48789716508008,27.805768705803757,0.08945431899396589,0.03625379159538644
64,8,val,19,4185.359375,216.49876721048145,680.2250047349656,0.11522784173456646,208.61384621736434,31.425003923061468,0.09470720650559677,0.0374610293234906
64,8,val,20,4266.2625,229.7927968578506,756.6465724322225,0.12384601253620509,220.94453708223227,35.45182161448679,0.10178451662725546,0.03825576627138061
64,8,val,21,4347.165625,240.82726378810548,830.7942395509932,0.13124372507961057,231.77646202853452,40.20048595221226,0.1099304865320172,0.039670167425606695
64,8,val,22,4428.06875,253.95330189866883,916.3082105714689,0.1385129697714267,240.7394442646087,45.599958694367615,0.1184042079180117,0.04201990019469387
64,8,val,23,4508.971875,267.6859367781219,1008.5286450896044,0.15183559002242447,255.99511446577594,52.78340857563535,0.13033914187678824,0.04234581280794167
64,8,val,24,4589.875,285.6785540408566,1100.271656722694,0.17007614974773322,270.5196686963518,58.06614520085418,0.14741237710168276,0.043251737481736496
64,8,val,25,4670.778125,303.5214476150827,1196.080944386286,0.1866047155650169,286.10230777069035,63.98472709653902,0.16746510798631986,0.04529507506334518
64,8,val,26,4751.68125,321.1846785485193,1288.7629005443487,0.20835418437883946,300.2935550340169,69.60363196668595,0.18762724191395685,0.04560524153588569
64,8,val,27,4832.584375,340.2968178004926,1389.6574689464221,0.23294194316827999,316.4533056584631,76.29522917176246,0.2098580110236059,0.04545937017989832
64,8,val,28,4913.487499999999,357.8103149308163,1503.4489649492157,0.2530987640978824,330.38739011733753,83.93069057336788,0.23201661787497496,0.046296251408846356
64,8,val,29,4994.390625,373.51095466254947,1613.213720204778,0.28006188628008216,341.0826193055243,92.13436001076047,0.25499253514114917,0.046446479833421594
64,8,val,30,5075.29375,389.6983511323526,1738.7016833515067,0.3058807876069299,356.61416280975544,100.40680487952613,0.2844639618365674,0.04813701477247856
64,8,val,31,5156.196875,406.1356101373974,1862.6784047863023,0.33590691008849805,367.60360187105334,107.6949653352699,0.31647778568723306,0.049568004174254526
64,8,val,32,5237.1,427.2250802712847,1976.9244271206132,0.3636451614985603,386.2223096956825,114.71248923191979,0.3443325502137107,0.049832881950068186
64,8,val,33,5318.003124999999,455.53393033401335,2091.652790169282,0.39774759079060085,409.4203136914416,122.79143976981644,0.3727973629013559,0.050728562154517265
64,8,val,34,5398.90625,481.70861520486596,2234.005315166696,0.42250058382012345,435.96039661301234,129.39598831707144,0.40203542449755714,0.051375942165674676
64,8,val,35,5479.809375,509.65205906172173,2398.500525220721,0.45615594770467144,462.75502875521465,136.37947364895808,0.4328479057732759,0.05242111948788181
64,8,val,36,5560.7125,543.338172149646,2552.0705256372958,0.4925659923624981,496.44688578445084,143.8676425619292,0.4640894058985587,0.053866825789821576
64,8,val,37,5641.615625,569.4060661613207,2715.2093475893503,0.5212759646713314,526.7763994948496,150.96409077800388,0.4999565248701848,0.05630142895437368
64,8,val,38,5722.518749999999,600.3485602146554,2890.796257455326,0.5502102475440362,559.3317638428061,162.500953829408,0.531854847559049,0.05799241914189804
64,8,val,39,5803.421875,640.0556485741618,3050.043763581533,0.5857845573617113,596.5744507399648,174.67708142532956,0.562364135284571,0.06034872873530994
64,8,val,40,5884.325,669.8208985338852,3227.481043846478,0.620088914929734,627.28478766644,182.29911399527055,0.5929019147594972,0.06090557515873313
64,8,val,41,5965.228125,705.5568258493495,3456.102336825227,0.6564154133644473,661.709157711698,193.2407780551415,0.623430048688034,0.061958161647446275
64,8,val,42,6046.13125,751.443022816261,3606.6788782013073,0.6890609787883889,695.3126792370199,202.87254931167809,0.653995171514668,0.0629404783080989
64,8,val,43,6127.034374999999,795.3159117795394,3823.3503630298314,0.7220111569665177,727.2631639387441,208.5440259816096,0.6909605369561956,0.06439893314118804
64,8,val,44,6207.9375,841.0450119499728,4050.0956364176127,0.7524809786619915,765.986909914318,218.3903193332526,0.7287685449550163,0.06553339444107659
64,8,val,45,6288.840625,888.7227895925776,4289.744178337912,0.7851212442747807,811.8559919087147,231.28873602411204,0.759461665145067,0.06530162545639179
64,8,val,46,6369.74375,945.6799266054645,4551.324450095547,0.8179702578436227,857.6315576822822,240.01463233347664,0.7872157269161462,0.06697462248725361
64,8,val,47,6450.646875,1005.1319505118972,4786.7929696511665,0.8474318517598944,908.8623597986043,252.72435893951695,0.8192423644906577,0.06711916636320536
64,8,val,48,6531.55,1060.338098289435,5029.218372765551,0.8817321182451321,963.6878008691951,260.07563217177676,0.8583654654225059,0.06829599531390368
64,8,val,49,6612.453125,1118.693134876139,5225.485189603742,0.9154911267944543,1029.8915790514798,267.98920411329163,0.8904601895073777,0.07016227040721953
64,8,val,50,6693.35625,1182.9407283470346,5536.094716963333,0.9455490243996667,1097.7541813125526,276.9494485074233,0.9291497973596963,0.07133867849063585
64,8,val,51,6774.259375,1232.5353098595997,5787.871581363344,0.9723596191348813,1159.7099515939249,286.91243856280835,0.9557369902775531,0.07297596985660418
64,8,val,52,6855.1625,1308.8891038291877,6066.716471559311,0.9929459575327392,1232.4366170482506,293.0735966219231,0.9771693090547817,0.07629488708130183
64,8,val,53,6936.065625,1382.8714445003243,6455.930326286587,1.0289900097761318,1312.3135852684413,296.8700960822446,1.002395282367785,0.07894408205443015
64,8,val,54,7016.96875,1466.4597522910299,6828.541785297048,1.0532984349055328,1378.6692253551678,305.2054540019071,1.025257828438042,0.08239965419704412
64,8,val,55,7097.871875,1540.0747402257764,7166.935656302053,1.0687676708111686,1450.8391554171567,313.3802277138358,1.0457993357458757,0.08319212360743694
64,8,val,56,7178.775,1626.736663676212,7446.795383561432,1.0798824813719743,1531.6395827128417,317.8352631531602,1.0566136547493499,0.08600977614463962
64,8,val,57,7259.678125,1692.5688969798784,7731.571414367897,1.0943277878949706,1608.6628145615123,324.16656153222334,1.0728753476424435,0.08831413795137855
64,8,val,58,7340.58125,1774.3440693071761,8194.724488771317,1.11188438535903,1678.9120949126755,327.2659000064735,1.093027404537858,0.09064453804039085
64,8,val,59,7421.484375,1846.0360726132876,8490.32707466578,1.1213107631704577,1763.5639348964105,338.2538633062211,1.101779485422838,0.09288693298527273
64,8,val,60,7502.3875,1897.7758874694928,8796.638916781485,1.1261507501014179,1838.3794476688777,344.30937503678297,1.098485891454573,0.09283348330785951
64,8,val,61,7583.290625,1978.567601660643,9089.906438273127,1.1303349497891746,1907.4558233718335,348.5347044894045,1.1133515384293968,0.09377306004763192
64,8,val,62,7664.19375,2083.5771884458154,9439.100655946464,1.135603980108174,1997.4480287381198,352.8222794553244,1.1151845374155132,0.09469390212747328
64,8,val,63,7745.096875,2172.8890620590278,9752.094197239825,1.1472393541354653,2077.1166013941097,361.0982882858025,1.12787859702701,0.09488091295083156
64,8,val,64,7826.0,2256.2338673504883,10133.407132180959,1.1587397702039481,2169.683698630024,364.18297197954706,1.1388961369802608,0.09531978666965993
64,8,test,0,2648.2,0.0,0.0,0.0,0.0,0.0,0.0,0.0
64,8,test,1,2729.1031249999996,5.993498604052405,9.872059968718366,0.004553158423157427,5.986167583500901,0.8956879897432657,0.0033780875647159564,0.0018394900552021545
64,8,test,2,2810.00625,12.50194241138658,21.43476980109398,0.00931062636682343,12.433590307956877,2.3303990329459623,0.006897088415683261,0.0037332352824811198
64,8,test,3,2890.9093749999997,20.255303564709948,34.25088144088592,0.01455185857729413,20.180690976459914,4.048264961998171,0.011459967769116702,0.005964595726294045
64,8,test,4,2971.8125,28.9727572211973,49.59631994817152,0.02108394238381863,28.797784378561175,6.106397628890647,0.01613378091331122,0.008610803125606858
64,8,test,5,3052.715625,39.42145248586826,67.5958599927668,0.02805429140792951,39.10690649255599,8.068093459669967,0.021426823182452495,0.01122836425666851
64,8,test,6,3133.6187499999996,50.145615159195245,84.68877886900266,0.03388372760270309,49.69840062606323,9.09432594335513,0.026640396700083023,0.013544401297110875
64,8,test,7,3214.521875,62.08898388931061,107.73018787583347,0.04051766023463032,61.29789505813221,10.965841104159324,0.03330191782326304,0.01601672421910373
64,8,test,8,3295.4249999999997,73.20690353642422,135.93257657538268,0.047354781217551906,72.41449842917191,11.905128169324541,0.03954804228043646,0.017380084579087657
64,8,test,9,3376.328125,88.66659086089169,165.78906531497356,0.05591299475439168,87.7628809191826,14.038412448645232,0.04681442041588879,0.01938636068231532
64,8,test,10,3457.23125,102.4050270186514,198.0555571485583,0.06350995601301421,100.6251867042316,14.754619740884323,0.0523224739272677,0.021914174302475498
64,8,test,11,3538.1343749999996,118.76480197468098,238.3569939764776,0.07148288375494541,117.02052821037512,16.26209714974225,0.059237593936034214,0.02447894390645959
64,8,test,12,3619.0375,133.56612969878512,279.24196170255374,0.07821299530961362,132.4672115818757,17.430001129241646,0.06449875747968278,0.026803035832649938
64,8,test,13,3699.940625,147.2184638845242,329.25142993454455,0.08453109876148737,144.50011466965407,17.718062584208383,0.06874047691163288,0.02905581681753467
64,8,test,14,3780.84375,160.33084186184965,386.7249595774269,0.08976586280079468,156.4582606661169,17.756623336900645,0.0724328943030976,0.030707906375718012
64,8,test,15,3861.746875,173.44602428789813,446.1926493020039,0.09557244234360482,168.85902701132414,19.716222806437145,0.07637841471163243,0.032320151969980615
64,8,test,16,3942.6499999999996,185.6643577411745,510.2103642574681,0.10046764740730477,179.63482061302471,21.65061681018088,0.08164780979434683,0.033743384657163034
64,8,test,17,4023.553125,199.02681550326662,575.3243572689308,0.10520110357921386,191.6960049529992,25.132922245106215,0.08680783440363402,0.03564072832154368
64,8,test,18,4104.45625,212.99483256293783,646.7054822418236,0.11178163692467363,204.20738779248637,29.133562518268263,0.09428045339577792,0.03535604624082048
64,8,test,19,4185.359375,223.6857594300119,717.601356059171,0.11968245686102674,213.03138336734406,32.48345234224814,0.10206023314122611,0.0372678270878328
64,8,test,20,4266.2625,235.71699407693814,802.8825529412153,0.1303329154820278,223.6774587017578,37.613441990352214,0.11010750514730064,0.03742084768581372
64,8,test,21,4347.165625,248.0375843034004,885.4146963045174,0.13848653997476992,235.0360754797407,41.96151036901341,0.11779198411523972,0.03780842424567707
64,8,test,22,4428.06875,259.674575970406,973.2186220661519,0.1469219063550296,244.34787847233963,47.07272168705856,0.12281286874044062,0.039203988492161196
64,8,test,23,4508.971875,274.9804298847991,1047.5114863545855,0.1588561669890881,258.95347103988047,52.658620077835394,0.1336207450780627,0.040063083770771474
64,8,test,24,4589.875,291.235060584226,1116.595074350733,0.17573875609269707,272.74235793444393,57.86735116688746,0.15152089781830802,0.04028321184226108
64,8,test,25,4670.778125,307.7566786165562,1218.3095258936855,0.19251322609210864,288.78891252021964,64.89114539549945,0.1718827023999836,0.04219897594743942
64,8,test,26,4751.68125,326.4447162853088,1303.962186383548,0.21311353858034787,303.63930880689617,72.1564864091988,0.1944709812562312,0.04294467972086255
64,8,test,27,4832.584375,345.26504013800263,1403.5203573095316,0.2395852154196583,317.1087927538778,79.61344023429007,0.21555785186509746,0.04344193341210452
64,8,test,28,4913.487499999999,365.35928589500344,1502.2165315112813,0.258923888592933,330.956346074629,85.43093734400742,0.23577570798636802,0.042451164043390624
64,8,test,29,4994.390625,380.40709570744013,1646.4233620150349,0.2847417400037161,344.06237827930397,92.76394471100957,0.26468783852317057,0.043878181730504145
64,8,test,30,5075.29375,396.1096080366566,1720.7636043702894,0.30967011695353164,358.13060207404135,99.16899690293235,0.2914317046680756,0.04537698176267633
64,8,test,31,5156.196875,418.54988896148825,1800.250456614108,0.34002749371713803,372.69480147608647,105.64047213648564,0.32119110529306094,0.04557853186592381
64,8,test,32,5237.1,437.4587997359427,1960.5574484820308,0.365848965994061,395.2954664168402,114.14647576051351,0.344662411848079,0.045593035190015854
64,8,test,33,5318.003124999999,465.16900636709124,2065.6785926635594,0.39487185424952503,414.63495626121903,122.58058683625705,0.37438236738401853,0.04661009611054215
64,8,test,34,5398.90625,493.3261762467751,2182.1051696507084,0.4247429336747439,436.40128004251545,129.5269080234398,0.4039645011193159,0.04667664023065349
64,8,test,35,5479.809375,521.8210300876294,2305.3437646776656,0.454841646821743,463.8969799006816,138.15311744815517,0.4309147795956217,0.048431002486620106
64,8,test,36,5560.7125,553.7593095902871,2472.078484343595,0.4871127694500571,498.5317154245514,144.8522333156319,0.46001853450829133,0.04809942716834867
64,8,test,37,5641.615625,590.8446685889928,2638.3136176306257,0.5161542746183467,528.3311853141299,154.76899389436838,0.48974678263852267,0.05049476202913933
64,8,test,38,5722.518749999999,624.6396120378961,2787.315266141708,0.5520764367274132,561.5500070835892,166.09581086659375,0.5285386778096641,0.051892030552135204
64,8,test,39,5803.421875,661.997892691292,2976.2963365204714,0.5886482015729638,593.6192233244242,176.77944886661834,0.5577823431093878,0.05290040239993091
64,8,test,40,5884.325,706.7902094074636,3174.0786692046636,0.6205493541223579,628.7770061493134,184.44601178950393,0.5907121419431033,0.05400496816317102
64,8,test,41,5965.228125,743.827551786211,3400.805006616704,0.6528474633626241,658.8126316319638,194.2654656445768,0.6173856845157824,0.05505695836350438
64,8,test,42,6046.13125,789.1616823538641,3711.710020397824,0.6800809637038872,697.5433032264675,202.12819974594254,0.6498299385418321,0.05610436830096911
64,8,test,43,6127.034374999999,824.4647438466985,3910.148964575822,0.7069700542055233,732.2817567223047,211.02786148803432,0.6802416939431128,0.057396837917550805
64,8,test,44,6207.9375,872.7815678822992,4073.4704339320647,0.7364886815815624,763.4874472468454,219.13031573969022,0.7053201484527525,0.05802610340893688
64,8,test,45,6288.840625,912.4263494629758,4255.739967335997,0.7787341260080682,816.2815673037045,226.7696089122353,0.7518191288454699,0.059857784743272066
64,8,test,46,6369.74375,961.028367347513,4464.7258648567185,0.8191954525185625,871.5864745672945,236.05375102133763,0.792086749279497,0.06179941540824206
64,8,test,47,6450.646875,1008.7359649734822,4693.359929160945,0.85233213583992,918.2622859040634,246.25083216634636,0.8238581450414582,0.06370847007146352
64,8,test,48,6531.55,1064.9725445465208,4924.469649433144,0.8868414632511173,961.3424982709802,257.22069812134407,0.8561645439969581,0.0647879791875472
64,8,test,49,6612.453125,1117.772342597064,5194.91875622439,0.9189889993591743,1017.2971975784328,265.9448791475896,0.8970384348501101,0.06713606417000967
64,8,test,50,6693.35625,1182.0300014278473,5549.542189592459,0.9485038474663643,1082.749968173645,273.6597102859264,0.9233457838083853,0.06884690075886507
64,8,test,51,6774.259375,1249.7887132206813,5854.3247460309385,0.9679323085817898,1155.7265557714516,282.0411178865072,0.9449050032479117,0.0720277936803273
64,8,test,52,6855.1625,1311.8632061177138,6165.948144949069,0.9881464887643299,1216.8511349281061,286.1337930998218,0.9694007424724954,0.07555043406183562
64,8,test,53,6936.065625,1369.2515945474497,6455.458216589738,1.005197385192433,1288.9069472361002,294.5757977715431,0.9836916431898066,0.07778878770876158
64,8,test,54,7016.96875,1434.903298080684,6717.065172739107,1.019886840859241,1344.0576939907203,299.1970574290548,1.005512404496995,0.08000853079820867
64,8,test,55,7097.871875,1517.3991102020743,6983.699353286195,1.0449424245299044,1424.5638109715878,304.54767871816557,1.0211116736989627,0.0823639428082952
64,8,test,56,7178.775,1594.220911594377,7247.790831438655,1.0590679020618388,1489.7330139438907,308.43490127476514,1.0343907495083058,0.08330097330449919
64,8,test,57,7259.678125,1659.935248447141,7455.998768056831,1.0776017747863644,1553.6126635483924,316.2140689635464,1.0563688680906291,0.08607287697934587
64,8,test,58,7340.58125,1742.6026995676693,7772.901628905508,1.0930206896094183,1638.59653135043,323.55809969065064,1.0671689062200644,0.08672020173555728
64,8,test,59,7421.484375,1817.5284626974867,8107.27013938231,1.0978777818009129,1703.8317804682777,327.7107408659816,1.0772664258627205,0.08847384882555882
64,8,test,60,7502.3875,1921.6537763037707,8514.964679158584,1.111604227072148,1787.9139227551805,334.6664936361705,1.0909141690371646,0.09009468835675764
64,8,test,61,7583.290625,1996.8794635005338,8810.230651549226,1.1209956625025663,1879.7839895692618,340.20826725222975,1.1044231819587051,0.09085512937791196
64,8,test,62,7664.19375,2070.470241425653,9096.626514672367,1.12813887926648,1968.7460605512968,340.15086255705114,1.1071007548495784,0.09251491771861825
64,8,test,63,7745.096875,2142.508002896295,9404.271950832135,1.136075513052996,2036.1608961147795,343.7836666967984,1.1142732269159226,0.09380915105522436
64,8,test,64,7826.0,2219.012884629965,9718.02900736129,1.1426366417046503,2118.876251504009,347.4449249591913,1.1212718474585825,0.09391058474770425
64,9,val,0,2648.2,0.0,0.0,0.0,0.0,0.0,0.0,0.0
64,9,val,1,2729.1031249999996,4.276250177227325,12.312243562149646,0.0038721632991643717,4.087569542207348,0.7710711849924223,0.002817015660155908,0.001785067062887169
64,9,val,2,2810.00625,9.519284078606916,25.225743600356047,0.008024099760195469,9.077107402958973,1.6764484877427321,0.005846914918731377,0.0033240209719735854
64,9,val,3,2890.9093749999997,16.177762954860953,41.74637951433046,0.012418641944726694,15.408319483041444,2.8746381888993255,0.00956127524187958,0.005112304076900637
64,9,val,4,2971.8125,24.026855591728236,60.2028515338105,0.017536267360444835,23.04234489963619,4.2358351381324155,0.013565592163068685,0.007025680243889776
64,9,val,5,3052.715625,32.93128845245974,82.65891362979822,0.023613956755423604,31.980856806590907,5.663733624459155,0.018531688834561022,0.00923366273879872
64,9,val,6,3133.6187499999996,43.1309462400975,105.57985002728567,0.030263679674034927,41.93214953029667,7.0696224144128905,0.02407188531222161,0.01159122561325554
64,9,val,7,3214.521875,54.05448570643756,131.73038105016983,0.037223833943243745,52.39319746526494,8.212172373646354,0.030428836347105817,0.01417447423679441
64,9,val,8,3295.4249999999997,65.26785653352363,165.3292412759867,0.04415416622755627,63.55947113490856,9.521274686292713,0.03553701166505302,0.017145746762012998
64,9,val,9,3376.328125,78.79920158256759,197.91607786882537,0.05170319170338944,76.42112465563144,10.746705728280403,0.04245359691744388,0.020259222132543164
64,9,val,10,3457.23125,91.1910894066068,233.05849589438577,0.05847938988158552,88.34984946621915,12.384340064954813,0.04804129761521586,0.02328872189939768
64,9,val,11,3538.1343749999996,103.13133187487722,271.9635533314289,0.0644960416502291,99.34514461571098,13.844192962455537,0.052939031187818064,0.026237348306992758
64,9,val,12,3619.0375,116.39158082538526,316.37324583365387,0.07130041933765124,112.3348102719035,16.165297213944996,0.05839421281564512,0.028377792040533423
64,9,val,13,3699.940625,128.35662752315358,352.70262662839116,0.07934407676777472,123.43741365102049,18.340061852178735,0.0664768602668675,0.029933779648376457
64,9,val,14,3780.84375,142.4638707039776,406.9308136700605,0.08783864086040621,135.4282474863311,21.13806389797901,0.07299301474498338,0.0320228408264428
64,9,val,15,3861.746875,154.59203964900325,454.19232712613353,0.09599232413024308,147.91874951241368,24.487400461822517,0.08064963197780203,0.034318258998536355
64,9,val,16,3942.6499999999996,167.6337609499967,496.8619001502359,0.10377186425136742,160.37281040243556,26.43100774372442,0.08610534978423928,0.037212558961080555
64,9,val,17,4023.553125,181.04350985987594,551.2400784087986,0.11090148580762682,174.72558355200363,28.99919399862938,0.09309857171015817,0.036926896621183175
64,9,val,18,4104.45625,195.9225734031662,612.8637510331139,0.11713937373643117,188.0083952815772,31.478120176387847,0.09776315675122382,0.03941995702785861
64,9,val,19,4185.359375,211.46165155980157,664.4690833574205,0.12546033896320472,201.7053746061208,34.3175926215622,0.10186437047495639,0.04339714890884416
64,9,val,20,4266.2625,230.80083714242505,735.6144468552003,0.13989557867745417,219.60706682915543,37.427096121103176,0.11630145716097148,0.04801648153312382
64,9,val,21,4347.165625,249.16938428489033,823.6092258499967,0.15234765562179356,234.9958954457918,40.34578377459752,0.12613791960500165,0.04799635388765683
64,9,val,22,4428.06875,267.1676494313644,899.0088134206636,0.16268075155907724,251.20615997350382,43.92205124401016,0.13843654462505212,0.04891620910291855
64,9,val,23,4508.971875,285.61537075932364,969.5759378990133,0.17530321835838944,269.0016846687229,47.57144231263055,0.14792223289310236,0.05065664628306488
64,9,val,24,4589.875,307.3535792029105,1040.2454351635274,0.19555309013319713,289.2947342896903,51.07404390491865,0.166265677247604,0.05248887307909844
64,9,val,25,4670.778125,329.2635305940621,1127.9469532455603,0.21449660312404528,307.41973123679145,54.825349485355446,0.18419379166229044,0.05481455884304501
64,9,val,26,4751.68125,350.72995166075316,1216.031144126315,0.23478773899125727,328.3721199003935,59.302188081233,0.20144116223403535,0.05536391964550656
64,9,val,27,4832.584375,372.49427013330205,1303.6869630758301,0.25733655205630035,349.91221513014636,63.582410907002895,0.22614746428810395,0.05720807061959654
64,9,val,28,4913.487499999999,396.67173971889724,1394.584642524091,0.27781031360199493,373.47136691994365,69.41993741725128,0.25096952334427436,0.06001079486036773
64,9,val,29,4994.390625,425.66176958058577,1508.0170329655107,0.30425454780312783,396.55240233150835,73.83042238124915,0.27478925380540475,0.06006909856633158
64,9,val,30,5075.29375,452.5469262502142,1626.3162702960633,0.3278012531233443,418.3825866741131,77.86829811072593,0.3015907686475805,0.060560191573147404
64,9,val,31,5156.196875,476.47966527411256,1725.1955655843844,0.35588627278536344,446.36348746644217,81.98543572387962,0.32893793829809337,0.06314836480427952
64,9,val,32,5237.1,508.44096101940295,1858.1976526561893,0.3825563803964982,465.1726608177569,87.24150166469258,0.3571305493399596,0.06616463665910094
64,9,val,33,5318.003124999999,534.9446928913721,2005.8119370502702,0.41244821870456416,493.30201474003843,93.78095058698932,0.38872603652000975,0.0658828459259922
64,9,val,34,5398.90625,573.851918476521,2139.5505630163934,0.44402584168098946,519.8361971138752,98.44524755186512,0.41881139182745747,0.06737216591168327
64,9,val,35,5479.809375,610.1670960110823,2298.569286835804,0.470093297687553,550.46240482352,102.9153862449732,0.4506763329605312,0.0681406833101944
64,9,val,36,5560.7125,649.4842089381336,2450.4169859390436,0.5091720630943097,601.1155050961179,107.29196527461227,0.4855846506395464,0.06929398645237617
64,9,val,37,5641.615625,681.9296077755084,2605.5938050855602,0.5416138726861766,634.1407237675583,112.47488247011006,0.5261606303763877,0.06925544959013319
64,9,val,38,5722.518749999999,714.8659302839064,2737.1856475145664,0.5850541656445274,671.4542213596815,116.79325642901972,0.5671225133332471,0.0700822188744038
64,9,val,39,5803.421875,755.8172235118832,2917.1380093731623,0.6208350842653587,711.2477555700707,122.11618709332583,0.6041496924081846,0.0715617079955766
64,9,val,40,5884.325,787.3122112064266,3141.688836360859,0.6520128397004277,745.2633220715068,127.23631291680704,0.6392427472659834,0.0715523635884674
64,9,val,41,5965.228125,822.6478545841474,3362.9059210323217,0.6913328771976229,786.5234687490101,133.06891460467796,0.6792505968815643,0.0726698338324866
64,9,val,42,6046.13125,875.8227595690755,3544.96565049214,0.7223941859981486,821.065238049016,141.9205061117168,0.7112959382066242,0.07420911519617768
64,9,val,43,6127.034374999999,921.2395382580212,3772.386853902199,0.7541839067591316,863.3277769664573,147.18728344382725,0.7416703896433661,0.07435083211061733
64,9,val,44,6207.9375,973.5268842059668,4005.2309846258204,0.795136372835098,908.2366132325888,151.33601889283455,0.7790243778161843,0.07447772235953665
64,9,val,45,6288.840625,1013.8067091876337,4265.728472677133,0.8263048407224916,951.9478352240753,158.57933697818538,0.8098749447356945,0.07651396568774532
64,9,val,46,6369.74375,1066.9435854952667,4507.617086154816,0.861131850403915,994.2160973604359,164.435848891344,0.8460407079491916,0.07868878605880696
64,9,val,47,6450.646875,1120.3199740365476,4777.505782517606,0.8970881771485362,1040.0987071192135,171.79288992713282,0.876051097184416,0.07863665031503098
64,9,val,48,6531.55,1172.436582110322,5018.383442222963,0.9235611799387755,1101.9156290856813,178.42734876018085,0.9029829824747648,0.08012597324917603
64,9,val,49,6612.453125,1243.6667136415736,5295.858713777446,0.9500794215722697,1154.5825786856767,186.50217130675628,0.9368003025015115,0.08099625764833307
64,9,val,50,6693.35625,1318.4027358911408,5581.099331592157,0.9898067284331777,1217.7689890173156,190.75779998854614,0.9728187332033178,0.08405786496979567
64,9,val,51,6774.259375,1381.035223110672,5818.627972283845,1.0133088001063606,1273.3327120772628,194.77260918563744,0.9883068728977762,0.08553515386359317
64,9,val,52,6855.1625,1445.0568697608333,6177.694865881462,1.0485902069622688,1336.1885699713412,199.0827149317056,1.020252338560637,0.0892292704440939
64,9,val,53,6936.065625,1504.8183224172362,6543.24966683571,1.0678898154939664,1417.9483478446286,204.90478757896824,1.0441366203769176,0.09015826457064134
64,9,val,54,7016.96875,1577.1154717342597,6840.288946751814,1.0878103348656976,1487.6946573603789,208.963729180482,1.0637729745341662,0.09266712455028442
64,9,val,55,7097.871875,1642.4542372750182,7142.766453323098,1.1087014495267111,1562.680975188556,212.6391140637054,1.0840212786388803,0.09347587225008724
64,9,val,56,7178.775,1716.3202905655908,7473.8704846050405,1.1273947980494219,1642.3380435817876,217.86457234293266,1.0953328329739784,0.09416137385527545
64,9,val,57,7259.678125,1807.3689386634583,7810.39499401672,1.1510971591276176,1724.4972623772696,225.11256331063123,1.1140759593580296,0.09821780078656667
64,9,val,58,7340.58125,1891.323771961197,8079.719718403293,1.150726861030682,1806.6316319324756,230.1268257335778,1.1284930898770167,0.09733213404670982
64,9,val,59,7421.484375,1981.6091579883164,8380.686883026558,1.1558607170797375,1880.0742831077173,241.39684903701664,1.1365875920565094,0.09838879534808387
64,9,val,60,7502.3875,2070.422935606075,8655.117313612569,1.1676323203351213,1968.4735426462225,245.45390764205877,1.1337807321174092,0.0990167741991429
64,9,val,61,7583.290625,2152.388833908219,8886.769570967836,1.1841202050472885,2024.026707089149,255.70633870387383,1.14706106387924,0.10012156705006825
64,9,val,62,7664.19375,2240.43874149757,9332.913487136304,1.1837229794679216,2127.3851345903267,263.0614119079553,1.1568471182701323,0.10063187089770498
64,9,val,63,7745.096875,2317.8077166181765,9729.480333941608,1.1873120651600955,2215.6350772272617,269.3644310938339,1.165712104720329,0.10111213904655941
64,9,val,64,7826.0,2402.52125147876,10084.444613802047,1.20019476903796,2298.807596437655,277.7718984494584,1.1627945294916953,0.10263635972844465
64,9,test,0,2648.2,0.0,0.0,0.0,0.0,0.0,0.0,0.0
64,9,test,1,2729.1031249999996,4.228677035072792,11.08786365360004,0.003807898555224787,4.011212123110397,0.7609881295600474,0.0029037140230228457,0.0017535121728633196
64,9,test,2,2810.00625,9.442581797070915,22.706906337714376,0.008015512324066956,8.98204163855354,1.673803396073481,0.006104844919818837,0.003158896757744084
64,9,test,3,2890.9093749999997,15.918185917485062,37.977700503201106,0.012640996215361466,15.169278582586543,2.774952836968936,0.009834711100257902,0.004901070330391765
64,9,test,4,2971.8125,23.713875772696014,53.302341866660214,0.017516206852218053,22.994846631576138,4.128372419245352,0.013997180245171187,0.006739410507715891
64,9,test,5,3052.715625,32.5541957350417,73.69828112210541,0.023259620554013857,32.148671776582205,5.631939935593522,0.01898895078423536,0.008902220778900238
64,9,test,6,3133.6187499999996,42.769194246437436,93.9269013389212,0.029853016808554372,42.25935922426416,6.958082982198022,0.024639844427760266,0.011284220810299159
64,9,test,7,3214.521875,53.19367493455829,120.82968329954105,0.03705843472670209,52.300011579148986,7.753810303952946,0.031208625859351774,0.014540069771439013
64,9,test,8,3295.4249999999997,64.50853016409042,150.3587349438462,0.043739357894784225,63.2062507523079,9.072266087862602,0.037221315829597326,0.017283448318108213
64,9,test,9,3376.328125,77.56118385887135,181.60855723745627,0.0523244715908114,76.29273446530505,10.497218462774072,0.043717843047989355,0.02039940185445715
64,9,test,10,3457.23125,90.23686592326108,214.79536092242319,0.06017633434341266,88.17715481102972,11.872533226686244,0.04989241133717976,0.023540456770939494
64,9,test,11,3538.1343749999996,101.64795709792962,253.06751392439688,0.06657575265444499,99.39672955809442,13.251516948454167,0.05459638208042336,0.026387232094324774
64,9,test,12,3619.0375,115.21406221241648,296.54133799072406,0.07395246752243782,112.31325904586242,15.472624117386147,0.0605574447881535,0.028797004582655546
64,9,test,13,3699.940625,128.09546155776408,342.17917919318603,0.08079694260063747,124.38384933819258,17.076041433981004,0.0670420379741618,0.03091209156817461
64,9,test,14,3780.84375,141.83357829077892,386.58288132299754,0.08822128926412251,137.104067336427,19.17965491556828,0.0742215607541976,0.03282268313723781
64,9,test,15,3861.746875,154.4041623939316,434.63419233378073,0.0964103298526118,149.36549870138904,23.160020361487454,0.08192088838923249,0.035761332472631496
64,9,test,16,3942.6499999999996,168.7576365752328,488.4098242799652,0.10485907581728876,163.53589662030998,24.49913316462471,0.08873167719980653,0.03819953616327615
64,9,test,17,4023.553125,183.19285540755772,552.3678364493761,0.11342165621239762,176.5418960966052,26.58852431750347,0.09482848297680926,0.0402353403000915
64,9,test,18,4104.45625,198.7464956168452,621.7189922622149,0.12173436914729441,190.1871696736652,29.837744176312242,0.10168051600654981,0.04178424804283237
64,9,test,19,4185.359375,214.48247068244086,703.9706151460763,0.13094000181815194,205.2840888585088,31.67610274550725,0.10691969543720481,0.045985177178822084
64,9,test,20,4266.2625,234.4113730038373,775.8440897113665,0.14492913839289007,222.43800729040686,35.119063342420986,0.11669854009219681,0.048363618198404845
64,9,test,21,4347.165625,251.17579894344644,867.7323763707136,0.1575596049815664,238.58762644583288,37.93623116090572,0.12901471819965274,0.04894904811136684
64,9,test,22,4428.06875,265.7822998736492,940.971339747626,0.16889244404783876,251.79962500075703,41.92980532997126,0.14151804476419255,0.04875490510892859
64,9,test,23,4508.971875,279.68334263049144,1014.8896348300497,0.17965639724029647,266.1952658978777,44.864109964301235,0.15323998952274792,0.04949019866050397
64,9,test,24,4589.875,300.67228531578394,1115.0523530650883,0.19858882192374427,285.60603914715443,48.78012089345418,0.17018445839207808,0.051236314712368655
64,9,test,25,4670.778125,320.14815556175336,1222.7353029075987,0.21849244134241122,303.20419970831836,53.13522049408448,0.1879929350436932,0.052581270001605604
64,9,test,26,4751.68125,340.6433015915518,1324.6443601910357,0.23873177604846058,321.5512973938495,57.40713294828481,0.20721766540007097,0.05382945617370745
64,9,test,27,4832.584375,365.14699617248425,1411.5059968881676,0.25913985666864425,340.40620482615935,61.37789633085333,0.2318086035550766,0.0537312978724884
64,9,test,28,4913.487499999999,386.2265300923582,1518.8355560211699,0.2841245817458461,360.099316201989,63.78752779838237,0.2605834102224237,0.054273946914627086
64,9,test,29,4994.390625,410.8195927370417,1617.7466947545627,0.3103735232876381,382.6750671033068,67.49474707839909,0.28285339599421616,0.0540790787611229
64,9,test,30,5075.29375,434.93402962895124,1715.9217436086917,0.3329964807419067,407.5623935975443,72.89725478044318,0.3098181693684046,0.05538084508936551
64,9,test,31,5156.196875,463.2150419566301,1849.5214146491244,0.3597213683669137,431.389842061785,75.8619821881581,0.33418486127635705,0.056258056976178986
64,9,test,32,5237.1,492.3839550887301,1989.5364788929228,0.39211713690263594,456.0007266809123,80.02600481364652,0.36059184232815555,0.05795694924815194
64,9,test,33,5318.003124999999,520.5091480543445,2140.967211061381,0.41657661063727175,486.44327262472586,85.71469395118925,0.394798650823959,0.06004902004564175
64,9,test,34,5398.90625,546.9548560261401,2247.6458432554214,0.4523098809819867,507.43055804156967,91.07028858069555,0.42555408850729337,0.05967242943141077
64,9,test,35,5479.809375,570.1101428967128,2369.410571437393,0.4832340490746323,530.1270856799789,95.13515575633846,0.45496465657220847,0.06079263347689816
64,9,test,36,5560.7125,595.5821632312137,2523.636177830332,0.5150539467798513,563.0317568013368,99.63305356087915,0.48810527134765525,0.06211246739512913
64,9,test,37,5641.615625,632.1046497365135,2684.3008124867547,0.5485229511401312,587.2084232911163,104.35953786302576,0.5175275435355917,0.06234968507001136
64,9,test,38,5722.518749999999,668.8696274299773,2864.641092170466,0.5754315284134149,628.4878452956093,110.47301637582052,0.5496804626747703,0.06312661173184014
64,9,test,39,5803.421875,703.7488623084158,3078.761322801407,0.6054799169713209,668.994928334655,117.147493780422,0.5810369079130712,0.06375141345910107
64,9,test,40,5884.325,749.2341154437128,3308.4193641932484,0.6379315623504384,698.3294656478485,121.44322563142396,0.6127259157842901,0.06429737075522302
64,9,test,41,5965.228125,795.3994964919353,3463.733752807501,0.676160682216008,745.7575023175309,127.54298690447285,0.647856607743351,0.06501213171506912
64,9,test,42,6046.13125,844.5485610180015,3583.2009784127126,0.7118276994411664,787.1631215122861,132.10336243813714,0.6858839262323807,0.06687218153864256
64,9,test,43,6127.034374999999,885.4140630247684,3728.9922866793845,0.7470006639123394,831.2345029497692,139.74557028241463,0.7195339124426536,0.06665657658514162
64,9,test,44,6207.9375,934.196345374346,3983.7169540099144,0.7839717959397252,864.9959613167634,144.30659904977006,0.7587296223889005,0.06679007777492946
64,9,test,45,6288.840625,976.8142320277349,4235.501349602175,0.8190239900556229,910.7372430485015,149.51707727102814,0.7967608382558888,0.06769685530957362
64,9,test,46,6369.74375,1027.126623281248,4371.550664710499,0.8534162135687176,957.3114588186797,157.00229525504028,0.8316087894568238,0.07051922409805761
64,9,test,47,6450.646875,1086.527888043804,4539.831634466666,0.8869453365969449,1010.984369664925,162.54633142966668,0.8601651171634694,0.07284703308245086
64,9,test,48,6531.55,1143.0038399819864,4785.63992132054,0.9204142305788698,1061.8016268218398,165.94589387540282,0.8950886426315335,0.07357069961378554
64,9,test,49,6612.453125,1202.8614755294598,5101.436445351615,0.9491567206197717,1125.951535246024,171.34411205085343,0.9286588150969298,0.077139012599153
64,9,test,50,6693.35625,1280.1294548589865,5394.070888589235,0.971924963634619,1192.392661528629,177.29965128580716,0.9519169845769726,0.07784118946244263
64,9,test,51,6774.259375,1344.3065280429494,5624.793577866516,0.9968694197558525,1268.6840616068357,181.0064382109431,0.9680899832646556,0.07961498361605014
64,9,test,52,6855.1625,1422.115378713478,5825.904282961947,1.0214072974536679,1337.453101512068,182.35539118091992,0.9976492518400798,0.0810993456771495
64,9,test,53,6936.065625,1501.5270577199544,6089.401646707517,1.048538663541463,1403.9054346311843,186.89230976282545,1.022780982488869,0.08306781994723948
64,9,test,54,7016.96875,1586.4761152196252,6317.968037983962,1.0687964718098102,1486.018603735043,189.03542006655272,1.038002999300222,0.08630401631212065
64,9,test,55,7097.871875,1668.498384524451,6616.726789614271,1.0875176584265247,1563.1702953452873,193.692201142877,1.0560037782627179,0.08770233620342995
64,9,test,56,7178.775,1745.0107743705985,6924.22330921681,1.1094490874497265,1651.0349743000745,198.39395193861264,1.0696026930493847,0.08800659987542002
64,9,test,57,7259.678125,1819.9528159399172,7238.950013743903,1.1249039610632083,1738.313284676778,206.63507667497072,1.0814391056802215,0.08987499138071904
64,9,test,58,7340.58125,1889.5319779368974,7526.981298119992,1.1378297366243795,1819.97499778997,211.0529564385928,1.0993577423139902,0.09092799578618721
64,9,test,59,7421.484375,1992.871202223236,7887.518283623421,1.1394663163054042,1890.5702459765052,217.6921149917348,1.1140653487858656,0.0920089835703252
64,9,test,60,7502.3875,2050.0349055698875,8232.039271406104,1.1632889598934342,1985.1542987491139,221.45155861605303,1.132736941694232,0.09430339917099531
64,9,test,61,7583.290625,2148.1076579118526,8644.376141552635,1.177481838081293,2058.1321791119026,229.4252419441989,1.1528616231454638,0.09644180564327004
64,9,test,62,7664.19375,2246.7653879342038,9005.253808265375,1.1802864411436174,2127.343875924822,235.578005347179,1.1457040567652634,0.09706327075387038
64,9,test,63,7745.096875,2336.6813532428805,9341.477510407181,1.185672609194652,2183.208747686038,241.44783812317883,1.1540805388526727,0.09816417415473358
64,9,test,64,7826.0,2421.650744689302,9682.89175264883,1.190805549330702,2266.1702951851908,248.6175276334457,1.1559134138928104,0.099255306455822
64,10,val,0,2648.2,0.0,0.0,0.0,0.0,0.0,0.0,0.0
64,10,val,1,2729.1031249999996,3.5113774618196203,13.698024155103985,0.003743140276481899,3.201926920326059,0.8106033612094166,0.003204255986465239,0.0011783585882572944
64,10,val,2,2810.00625,7.9159054469926105,29.609902603987525,0.009101472680406175,7.387970924838783,1.5934073009589156,0.007694287851890691,0.0028788599733681197
64,10,val,3,2890.9093749999997,14.251560813988817,47.662331610008835,0.01408170864763969,13.06921833155883,2.927327654305145,0.01218113000611698,0.004206436034997693
64,10,val,4,2971.8125,20.59306942318173,66.82976964005272,0.019721936789895977,18.905416441114653,4.498024533063472,0.01727326738910212,0.005757259372615731
64,10,val,5,3052.715625,27.588110582172476,88.8830808965195,0.027060903009343273,25.330858613955343,6.186110272949463,0.023717115713008108,0.007917945656531894
64,10,val,6,3133.6187499999996,34.98737672293828,113.79841045925043,0.03475531724460995,31.985990843537593,8.37033423506739,0.030494018981678042,0.009936117360144492
64,10,val,7,3214.521875,41.14839582382501,140.54841053673064,0.03926311362065227,36.9067606861222,10.706650008657448,0.034227959757320014,0.011254813604772568
64,10,val,8,3295.4249999999997,49.412865314891974,171.6605168023591,0.04774506662623412,44.54059688063694,13.473565091146611,0.04198124225240907,0.013906858857097582
64,10,val,9,3376.328125,57.81873633054602,209.8925348780717,0.055767383556379335,51.586577946210355,17.142109128585048,0.0487594213375497,0.0164417815786827
64,10,val,10,3457.23125,65.89484875859597,249.49266894278418,0.0630067493483516,60.17786840982353,20.76353718226187,0.05500252026884034,0.01856206707041841
64,10,val,11,3538.1343749999996,73.9632427366459,287.2361945654516,0.07099343732611053,69.00079346206667,24.190498973325703,0.06171635941712439,0.02034152252607807
64,10,val,12,3619.0375,81.36168956882273,334.38165449688967,0.07722242166351492,76.42685873710775,27.587228116260576,0.06735182733456219,0.021890289510224925
64,10,val,13,3699.940625,91.10376077227755,387.096145941734,0.08685460643804988,86.48320916228158,30.74549898514789,0.07466549567899244,0.02407132292185643
64,10,val,14,3780.84375,98.60701207306022,428.0646520658647,0.09368174245635158,92.08336167802145,34.01245578186263,0.08064206494243914,0.026294800053453665
64,10,val,15,3861.746875,106.30003683802158,487.5186598293407,0.10026500920225223,98.53741226201862,35.24092551060676,0.0854324440065779,0.028708021685641683
64,10,val,16,3942.6499999999996,114.33256804548364,555.5200548555848,0.1069882329206677,106.57799329311501,35.609924126561054,0.0913128903654234,0.03056554680019169
64,10,val,17,4023.553125,125.23499344622735,613.9239272479656,0.11436975777101566,116.96574123406833,40.02969339740048,0.09748343751865432,0.030756537393549638
64,10,val,18,4104.45625,135.4322036678468,677.5033563987222,0.11977690830204668,125.9058494947567,44.00486411014981,0.10335495840595177,0.033764142233536076
64,10,val,19,4185.359375,146.84771353594783,743.4217669604546,0.13028311850060356,136.7070066786482,47.861824660600405,0.10967020187055421,0.03887877393881495
64,10,val,20,4266.2625,157.91478680779392,813.5984947213924,0.13808276762936056,147.06222640324995,52.549328695818076,0.11724513256314295,0.04266907184362692
64,10,val,21,4347.165625,168.86727589138673,904.2247000222807,0.1474906812150012,154.54031583107053,56.91974176173176,0.1245803400711995,0.04407940094208751
64,10,val,22,4428.06875,177.96847163917562,947.0661482894304,0.15579007781979515,164.90297823029465,62.352427749146955,0.13215124886517896,0.04728936430114378
64,10,val,23,4508.971875,194.17527320462113,997.3352237638547,0.17433642399228982,179.67309863007586,68.12164653439368,0.14787858033607493,0.04755810240977126
64,10,val,24,4589.875,210.1904949145421,1075.773596006364,0.19020129733638563,195.6607320795456,71.67394941842531,0.1619958777494962,0.05006927880199866
64,10,val,25,4670.778125,223.89643899111888,1180.3985156316228,0.2025620611707142,206.2926517751862,77.857100519239,0.17351371276536076,0.052519901242775724
64,10,val,26,4751.68125,238.53744220194528,1289.6077837980445,0.21889493029762092,218.2796473669555,81.74277598158142,0.1878664669768132,0.05496544509721313
64,10,val,27,4832.584375,259.1215190379472,1382.4091977659439,0.24115565103645376,234.09412690375575,85.3801073741014,0.20786304893195828,0.05661621952464391
64,10,val,28,4913.487499999999,279.2388181044885,1511.5453780520943,0.26528113745911963,253.68145436257805,89.81220646998622,0.23460771074779174,0.05770215059689929
64,10,val,29,4994.390625,296.2204388770573,1616.2984998611807,0.28547067528339465,273.5077273171669,93.71695339852693,0.2640378503025731,0.059737614062249644
64,10,val,30,5075.29375,319.08647158275016,1719.623015135659,0.3131719660232901,291.2568648889078,98.13237971172839,0.29531509512542575,0.060721697142225584
64,10,val,31,5156.196875,341.2104124798816,1841.5357287972222,0.34497023687254935,310.4688192363483,101.32789936352538,0.3254774376577618,0.061153912593259196
64,10,val,32,5237.1,366.7624002907992,1958.5219168967444,0.3826788325680397,325.38658561441025,107.14204895107571,0.35797773132355964,0.06166611509021702
64,10,val,33,5318.003124999999,385.44213355874035,2083.5895316265132,0.4142009914554212,346.62713081662844,112.59515865486946,0.39367316237550604,0.061260786644846965
64,10,val,34,5398.90625,414.8157275094331,2245.272733989652,0.44781826881887254,370.87001967353217,117.97618400771626,0.43475111017303447,0.06117759690434793
64,10,val,35,5479.809375,437.84009798145007,2350.4624987410066,0.4839681413791874,396.5093136029765,122.41581625289655,0.4651512856540946,0.06145374639228776
64,10,val,36,5560.7125,466.870977659255,2525.8625942207104,0.5242252633359534,426.0661860074606,127.65250592158317,0.5056665702976026,0.06174678840034642
64,10,val,37,5641.615625,499.39410538027573,2736.3180269591703,0.5614719288051379,450.33387632361155,131.90055042940685,0.5437722984298343,0.06265471524171881
64,10,val,38,5722.518749999999,530.5766185194045,2928.913413989634,0.5935917207490204,482.84559096333624,136.90321168189712,0.5786237062811173,0.062212292727591156
64,10,val,39,5803.421875,565.5207761168413,3117.9823548823433,0.6321004985146012,525.6544280516096,140.3934148256667,0.6173615678294053,0.06326850871879106
64,10,val,40,5884.325,612.8401793453406,3328.2017942311722,0.6717936797591695,570.0427986637351,144.45009674676612,0.6588985450345086,0.06445306947966585
64,10,val,41,5965.228125,661.0271485839405,3527.636621889086,0.7139103638813329,618.990964348086,146.31362207707355,0.6980773167060139,0.06386861568440506
64,10,val,42,6046.13125,713.5993772396603,3748.571824610681,0.7499083007963536,670.2162501840121,148.6576418947152,0.7355775867409764,0.06431445291071002
64,10,val,43,6127.034374999999,773.4728036794252,3999.003751131963,0.7909759906424008,727.663051889806,154.27958224378813,0.7718148266350755,0.06460853367867836
64,10,val,44,6207.9375,821.8503453826997,4248.557815612268,0.8255168516247691,787.8673079225251,157.5067978538982,0.8087184912119322,0.06420830042105224
64,10,val,45,6288.840625,885.4467665182995,4510.381941701003,0.862866134069884,836.2794335401986,166.0413148261739,0.8413919518629742,0.06684344258800837
64,10,val,46,6369.74375,948.8420183843722,4737.592630918887,0.9030381982875757,895.7605126082768,169.3268625200517,0.8778432828919214,0.06834910094973001
64,10,val,47,6450.646875,1013.4938887258613,5007.8373149014715,0.9349322126322307,964.7268845627366,174.00385523905015,0.9105976058841614,0.06995748794175194
64,10,val,48,6531.55,1078.8688469787076,5288.971166109143,0.9691885503804176,1034.155499926328,178.37724252706266,0.9498623215100088,0.0716572515076716
64,10,val,49,6612.453125,1139.8882012285583,5579.030989303486,1.0047686161361868,1106.0603573246226,183.23003271149219,0.989393651006143,0.07422700662530757
64,10,val,50,6693.35625,1219.4077445685707,5877.619887035214,1.0298947723944851,1175.86516757234,185.6701193401733,1.0121467270765572,0.07548376174168481
64,10,val,51,6774.259375,1300.5294396202771,6245.681439228098,1.0570589692285441,1252.949058406486,190.05596358130106,1.0392987839005219,0.07657597902280787
64,10,val,52,6855.1625,1377.2374492779704,6559.349752361707,1.0790686686086985,1340.4175337848549,194.89889031208517,1.061237678274235,0.07715448069700592
64,10,val,53,6936.065625,1459.5090705196938,6979.601223672682,1.1004769710574804,1422.488277716866,195.96105373969408,1.0703950621952507,0.07663734084401713
64,10,val,54,7016.96875,1542.2376998099026,7317.638566176877,1.1199751426178295,1509.7811876830888,199.17737250369782,1.0953767165969852,0.07828475677721519
64,10,val,55,7097.871875,1623.1661009552881,7662.706298131999,1.127280675849579,1591.5608592590047,205.78786101762603,1.1030515384434225,0.08144183211769573
64,10,val,56,7178.775,1700.7701633401666,8014.751401837255,1.1475019015427246,1665.8062392602062,209.7988276774565,1.1136697040900478,0.08371162661917515
64,10,val,57,7259.678125,1779.5847048018913,8344.35705714821,1.16280531910673,1747.6516605565564,215.73132495916525,1.1226626868122702,0.08473477271735835
64,10,val,58,7340.58125,1872.782254267861,8721.501189225663,1.1536410057485376,1837.192827186982,221.8777504724585,1.1370166303305562,0.08628499616045322
64,10,val,59,7421.484375,1966.5739910135471,9030.744074549975,1.1594834976302661,1907.426640424319,229.20930666538285,1.142698780914192,0.08785809628765029
64,10,val,60,7502.3875,2043.1067842562243,9343.055821218853,1.1588574749498148,1989.6276258079126,232.04199268063252,1.144969498687115,0.08894054457083203
64,10,val,61,7583.290625,2137.888832475028,9740.352209056653,1.1774057595963783,2078.575943253554,240.71875648797914,1.144765706012324,0.09046418290487371
64,10,val,62,7664.19375,2222.7519044347446,10244.910782880615,1.18214695768884,2173.919887402562,247.09858669265827,1.1442816214391194,0.09233971452429768
64,10,val,63,7745.096875,2298.1038974934336,10593.716800473907,1.1802052753966952,2253.8256230409247,253.33530889929534,1.1522365931110334,0.09440181435063297
64,10,val,64,7826.0,2379.219316273293,11058.989076736958,1.1864154197834265,2334.941783206773,257.0949288618749,1.1576103750867706,0.0934736960227639
64,10,test,0,2648.2,0.0,0.0,0.0,0.0,0.0,0.0,0.0
64,10,test,1,2729.1031249999996,3.562368441897945,12.418123556973626,0.0038607961701936366,3.2502215366179144,0.8426413754634154,0.003401108624531777,0.0010626716281866844
64,10,test,2,2810.00625,7.874391810469561,25.996307690749635,0.009397320207490262,7.474131013111673,1.4527573188516385,0.008274966947526344,0.002787014455135628
64,10,test,3,2890.9093749999997,14.042307944713727,42.82036702178403,0.014992383257989711,13.429966824219264,2.8315764366997342,0.012977164601545889,0.0041226062092517
64,10,test,4,2971.8125,20.685555797861355,61.723146724912716,0.020607967204263472,19.722569238851406,4.2475145909506296,0.01788262835168697,0.00561402300342656
64,10,test,5,3052.715625,28.166923090054752,82.53071368779534,0.028180661942170393,26.409149889843775,5.813711100234542,0.024718748053854933,0.008043669784796315
64,10,test,6,3133.6187499999996,36.501045647006514,106.0807829356321,0.03643508232940981,33.952856301475265,7.735786330698602,0.03133065330141252,0.010143115791502039
64,10,test,7,3214.521875,42.199051660563924,129.34888436206367,0.04043821924046981,39.515861890823345,10.197256814493016,0.034293945608693255,0.011418008299660293
64,10,test,8,3295.4249999999997,51.259925007220986,157.65850632936068,0.04898425376123269,47.24784415991223,13.069399714545682,0.041875117860232236,0.014551136908026382
64,10,test,9,3376.328125,60.127561107290006,187.83050510660365,0.05603323666405536,54.83208372827164,16.049766099648366,0.048751670281783725,0.016473350269597536
64,10,test,10,3457.23125,68.79623156940085,222.75365013463934,0.06258074239499922,62.73466640544356,19.32556747038916,0.05487248101114506,0.018555641144724078
64,10,test,11,3538.1343749999996,76.02222074846043,259.8606908071539,0.07066797325359225,70.50641641421862,22.240587949298174,0.061525971870692205,0.020568840909823
64,10,test,12,3619.0375,83.5407873006151,298.25180093586334,0.07912057838807161,78.77019834854693,25.6352708320442,0.06771527275977254,0.022071398363389394
64,10,test,13,3699.940625,94.10710945946121,346.19286921955575,0.08789597765266124,88.7453709582573,28.742468553836886,0.07447921790490475,0.024462410552827246
64,10,test,14,3780.84375,101.45934125034728,397.0671319734729,0.09497907732334068,96.09010309635835,32.101936338303716,0.08017652572647922,0.02624016443319348
64,10,test,15,3861.746875,110.14215741007227,461.246309878395,0.10314018191851046,104.2136166767964,34.0821135971936,0.08646622605287466,0.028751817034784917
64,10,test,16,3942.6499999999996,118.81004493294967,519.2971227096613,0.10836652243220854,112.06728167964286,35.89713685478557,0.09239281668729435,0.030526580706973297
64,10,test,17,4023.553125,129.79773849519205,592.6512246124032,0.11628391978167965,122.70908772246037,41.06864738977123,0.09888053769790875,0.03079667815490683
64,10,test,18,4104.45625,140.769070671098,664.3795923752975,0.12191354930992174,131.81548722136682,45.341356654503784,0.10694030275502572,0.03352129398435065
64,10,test,19,4185.359375,153.37507738099987,736.9746339550597,0.13051199166906535,144.095228793784,49.868998455085745,0.1142399553465262,0.03929161675553222
64,10,test,20,4266.2625,164.08592284874146,821.4374008435492,0.1400512512271636,153.79278670140906,53.512226017261355,0.12158298528303774,0.04451116726908802
64,10,test,21,4347.165625,175.8026398947976,902.7479342853187,0.14969399960806928,161.5019449336881,57.45114611929125,0.12709339777220927,0.04653082831242031
64,10,test,22,4428.06875,184.45147715952714,991.0374367541955,0.1589197907305058,170.65120184969373,63.06408078670245,0.13608060310403916,0.04726746199329099
64,10,test,23,4508.971875,200.54903053264007,1089.3349229913138,0.17343888889851528,184.71372233935313,68.10555003826124,0.1532448560347191,0.048098446251917254
64,10,test,24,4589.875,215.96105539877897,1193.2662619670577,0.19291260101930718,198.91645552063153,71.4298451867883,0.17292125775846684,0.05036586053724995
64,10,test,25,4670.778125,227.98597648637298,1302.4169685195034,0.20779792936601732,204.8349298472374,75.80539351368998,0.18670334562597563,0.05289819869228572
64,10,test,26,4751.68125,244.5415419807233,1374.992040572113,0.22500169872670917,219.3377407414694,80.50945070691995,0.2050289438668071,0.053920460716642624
64,10,test,27,4832.584375,260.75422226364253,1462.8450718163758,0.24893615648933706,232.10405130351575,83.50188047629103,0.22973113564333722,0.05608106143398586
64,10,test,28,4913.487499999999,281.49297687501473,1556.009587320469,0.2768306901596539,251.90426037198677,88.49258418734962,0.2543009960183154,0.0575306324699168
64,10,test,29,4994.390625,302.6240551102859,1661.6213346691127,0.2973345151343343,269.1893254161588,91.98311411742566,0.2801435540286043,0.05834541101750086
64,10,test,30,5075.29375,320.22120965885927,1743.0887477340932,0.3242342888253764,282.47281279605477,97.89877343494169,0.3056453633884203,0.058315514271321464
64,10,test,31,5156.196875,337.69857689698847,1834.757853205554,0.3533369244953302,302.00542833460986,104.09985154017676,0.33533006517768094,0.05889263092952873
64,10,test,32,5237.1,357.60690554106134,1940.5668127106367,0.38527671375555156,320.45630247486565,109.49715645620017,0.3689814592112012,0.06004266380306433
64,10,test,33,5318.003124999999,376.75145209155403,2038.120935324969,0.4166116778439588,340.7490104976363,114.51980702371856,0.39906810688794536,0.06013342687934131
64,10,test,34,5398.90625,402.3582875324365,2179.1840471226565,0.4540491135701166,367.4296849321337,120.52313713093099,0.4332278647515946,0.061464017152779854
64,10,test,35,5479.809375,428.1056893326785,2327.8050003721723,0.4931706254788573,391.493529191084,125.62346762583587,0.4648355000244561,0.06042741594092932
64,10,test,36,5560.7125,455.9593406476665,2470.022239664642,0.5297775411806718,421.9088669337907,129.58665525300717,0.5003852566976136,0.0612573514986673
64,10,test,37,5641.615625,490.5956942048082,2627.4341830673784,0.5641314715295748,451.7652977692137,134.60618424814186,0.5342708165067613,0.06168358088451398
64,10,test,38,5722.518749999999,530.4995387593578,2831.780131928982,0.5959123278234217,487.78302187110967,139.31784904238498,0.5787724308879694,0.06248342857871972
64,10,test,39,5803.421875,570.3787043411523,2954.2931533356527,0.6326874717659283,529.5134327710791,142.85871001053454,0.6125327397751992,0.06286882346660025
64,10,test,40,5884.325,608.8649315315564,3172.1850930202672,0.6716961453775844,569.5148264295682,145.6436688084608,0.6477937000493663,0.06208519347823487
64,10,test,41,5965.228125,650.0437952643523,3422.196819085471,0.7110669973848655,616.4428417288512,149.78378733764686,0.6835777829900456,0.062028119660044456
64,10,test,42,6046.13125,699.2829551519221,3658.331024196828,0.7430782160013447,660.1815306759669,151.07025731970225,0.724308876495501,0.062397796608220424
64,10,test,43,6127.034374999999,744.6143814360937,3852.9365498709653,0.7851430240466001,716.5548796301238,155.7965875117926,0.7550685555594121,0.06270182962584206
64,10,test,44,6207.9375,803.6549831887498,4088.084510908412,0.8157699063886594,769.747897875817,161.53393222652568,0.7931451218631397,0.06463232682151018
64,10,test,45,6288.840625,864.364237129756,4342.560004615803,0.8525192211559923,833.1391111944129,165.49584369926862,0.8308860347559927,0.06607082329686265
64,10,test,46,6369.74375,933.7254067660795,4594.111972725718,0.8929679114142997,889.9271656130701,171.42222156201825,0.8681007266847853,0.06575755071552315
64,10,test,47,6450.646875,1003.7760460752168,4813.59652251236,0.9263459318185687,967.778431531741,177.3855046299424,0.9045895029266073,0.06801265640781623
64,10,test,48,6531.55,1069.9640191320796,5092.3953049375405,0.9635210926497093,1037.218471799605,183.2552636918905,0.9422561478581379,0.06918807687967837
64,10,test,49,6612.453125,1139.9857254345561,5444.466682734095,0.9868972398395515,1091.8549571802039,184.18709392390298,0.9723403022282306,0.07113474267297394
64,10,test,50,6693.35625,1215.521516870183,5694.40698134937,1.013962085938347,1161.3881649500115,188.06158458190225,0.9987154782919936,0.07356619816141784
64,10,test,51,6774.259375,1285.098690161604,6046.523208999871,1.0435253960522846,1230.0652367008524,190.6103814591944,1.022966632464581,0.07395361420236418
64,10,test,52,6855.1625,1356.6192060595058,6360.357076115456,1.0736604269513257,1307.3256473053902,195.05920086575657,1.0427395337516896,0.07580597687547111
64,10,test,53,6936.065625,1424.5273139581514,6638.066652917194,1.089750421365887,1387.9194412001398,199.12506291771592,1.0656056750285026,0.07637283134825229
64,10,test,54,7016.96875,1506.5232549396228,6942.951258306098,1.1092893266146098,1458.2579627752245,205.59722842195072,1.084041134340366,0.07762609293982761
64,10,test,55,7097.871875,1597.6465740321687,7278.25380172825,1.1283183244881063,1526.3154570548209,210.5540785083466,1.099458831743394,0.07908107919476007
64,10,test,56,7178.775,1680.820413344166,7627.2550845781525,1.1412036433923243,1597.6268190121486,216.31285966154934,1.1136247287096417,0.08035001790805685
64,10,test,57,7259.678125,1762.3242679094915,8040.957257837101,1.16349823176478,1675.7998633701447,219.87981071211493,1.1222205212359573,0.08363981275369414
64,10,test,58,7340.58125,1826.7587077859275,8449.79957456565,1.1576786508343955,1761.6714235405198,219.43581593714612,1.1372694565756487,0.08593331133474602
64,10,test,59,7421.484375,1900.4584415317538,8785.79543889611,1.1714469352131391,1848.219146368252,227.80040328053985,1.1400076174602063,0.08586316642927166
64,10,test,60,7502.3875,1990.053791825801,9073.410590913823,1.171976229569327,1925.039311098274,237.48098260237072,1.1468951074386156,0.08712099784756108
64,10,test,61,7583.290625,2078.038801330692,9366.175010194822,1.1743284278733293,2003.1174024990719,240.5216523894289,1.1480152682315294,0.08882755456673594
64,10,test,62,7664.19375,2157.6347244858594,9681.4930612376,1.1806742163496808,2080.0570598104005,243.50508704453233,1.1469562829865136,0.09126391686777903
64,10,test,63,7745.096875,2240.7205256806365,10085.207430296925,1.1862399014247322,2169.3732334179003,252.6786021630869,1.1513541571900598,0.09168326552703304
64,10,test,64,7826.0,2339.638713964291,10464.908024360302,1.189312031935716,2267.428870914202,262.4043744134532,1.1648101052845612,0.09315635136657088
64,11,val,0,2648.2,0.0,0.0,0.0,0.0,0.0,0.0,0.0
64,11,val,1,2729.1031249999996,3.9732280832325273,12.934687321907742,0.004855615592803952,3.8690752009671314,0.6875244074535658,0.00406742359553014,0.002176372925880715
64,11,val,2,2810.00625,8.360378951230096,26.392070687150202,0.008402718128748543,8.123744076719674,1.1721210357578116,0.0067799071622465235,0.003661261803403898
64,11,val,3,2890.9093749999997,13.49944409907522,41.30351733424498,0.014915543354332369,13.107785267784777,2.234255720964029,0.01207773845955662,0.00620186194959238
64,11,val,4,2971.8125,19.653153317108263,58.295634974798546,0.02076316402266354,18.867563076888416,3.4654000538552054,0.0172120512456006,0.008379901153300617
64,11,val,5,3052.715625,26.60139520441618,78.18429087984369,0.027740259834416192,25.66053458148687,4.8049800088847405,0.023244202100890232,0.010903452796258428
64,11,val,6,3133.6187499999996,33.51605247137712,98.80340206532664,0.03630580473985498,32.53404872310739,6.251232996561384,0.03048537920768632,0.014028940242587912
64,11,val,7,3214.521875,41.48867431806025,123.81247938427292,0.043008432575540254,40.06229085703694,8.068857779285565,0.03579312184499514,0.01668237235738848
64,11,val,8,3295.4249999999997,50.55254695855638,153.42583780409313,0.05145134159308812,48.59779357806815,9.863087675853421,0.04275272103705652,0.019482797292372234
64,11,val,9,3376.328125,61.200384586555856,186.1882395827532,0.05994777177262267,58.94448965942445,11.903696982916045,0.04941731433895369,0.022817708837892525
64,11,val,10,3457.23125,70.04809456843475,223.05266059559438,0.06383379437032571,67.08456540924601,14.036751249626889,0.05228303455691308,0.025270198017835616
64,11,val,11,3538.1343749999996,78.46865989907315,262.0007333152892,0.06750087398872673,75.95769677318742,16.003970032556936,0.055194274330427895,0.027429824535088465
64,11,val,12,3619.0375,91.00505225915967,299.72931223412587,0.07220090958622027,87.7358900534091,17.63130230408194,0.058961769889974425,0.030472444500216286
64,11,val,13,3699.940625,103.29384274999853,343.94027776854153,0.07743121958336645,99.14011720522353,19.541582157067694,0.06399579881715897,0.033188447548467004
64,11,val,14,3780.84375,113.62738264728023,396.00391746955376,0.08236678505695039,108.23007828717834,21.317979351493932,0.0665021305487068,0.03569631139994922
64,11,val,15,3861.746875,123.99426784099887,455.2263996283269,0.08878131598674677,119.50555095596016,23.63948830572582,0.07110272715397936,0.038123959453059686
64,11,val,16,3942.6499999999996,136.48331374101642,523.8616206772505,0.09467200347446948,129.89033788776538,25.63645665469494,0.07791332453208066,0.03906370536095605
64,11,val,17,4023.553125,149.18479196995804,598.9247294655,0.10051827430422253,140.9178133392004,28.361636071963403,0.08344159027300947,0.04100640945614055
64,11,val,18,4104.45625,159.73204572605937,647.6319735793776,0.10743829122904919,149.5460006428857,32.01739946712223,0.08732714686006393,0.04156973898905959
64,11,val,19,4185.359375,173.37066326201978,703.2406315454684,0.11536955135842131,162.22759957611288,34.94778985515268,0.09574590966280033,0.044112341605215266
64,11,val,20,4266.2625,187.3818632340658,763.4512918039784,0.12285882386675606,175.38262766758805,37.55197145147804,0.10253806720769698,0.04665488427549325
64,11,val,21,4347.165625,202.70073483715123,842.9957081585874,0.13019522174735923,185.28400456483496,40.62364087263859,0.10691210302209847,0.04623120074066442
64,11,val,22,4428.06875,220.86785387034524,914.0764407907643,0.14028216188594414,200.55689993358783,42.945581806066,0.11723228924037654,0.04709639796924431
64,11,val,23,4508.971875,239.2511117162428,999.255092504893,0.15639562053021416,220.30801391917976,46.120647189567876,0.1301008812772536,0.04676671058180537
64,11,val,24,4589.875,259.8913784355723,1089.521167483019,0.17156486965175244,237.39053209828853,49.710783318573704,0.14349950370523556,0.04878385349735628
64,11,val,25,4670.778125,275.9583889834545,1176.084310773891,0.18242347468820988,253.12452093686488,52.87935732408755,0.1558120134029367,0.05219406028233314
64,11,val,26,4751.68125,295.8881458028486,1278.8171814749999,0.19680405843135185,272.8938219713939,55.71626414644015,0.17126757810112525,0.054085280133406646
64,11,val,27,4832.584375,316.92290412849644,1363.5758885595872,0.21315622230835482,289.79834431481777,58.482019691354026,0.18627322988867823,0.05369708610492713
64,11,val,28,4913.487499999999,335.1830521988006,1498.1917450348067,0.23149981640515835,307.93933938930707,59.52392727596134,0.2069173759719073,0.05432110918923705
64,11,val,29,4994.390625,357.56464948743627,1624.1775800244025,0.2554202956833729,322.2366060003594,61.606588480159985,0.2274460785612331,0.05408588235790435
64,11,val,30,5075.29375,381.86620637965166,1748.31939806544,0.27815064184752436,351.69980467310324,66.54571898698691,0.24933269956636805,0.0554822493999043
64,11,val,31,5156.196875,405.5446601660009,1879.3944590723083,0.30493321000799045,369.8790412666426,71.13303972779761,0.27106174526760063,0.056404514075574994
64,11,val,32,5237.1,430.598825293373,2038.5337040845138,0.33223999264643533,387.657426566534,76.8652596596553,0.30266695341879535,0.05662495919392385
64,11,val,33,5318.003124999999,456.4165993929237,2180.3407251696326,0.36099708127709795,409.1625744753742,83.43121696629474,0.33033393924636334,0.058332362439954266
64,11,val,34,5398.90625,482.7258761372377,2267.4333366035657,0.3942741688481785,434.2443421808184,89.33665663380452,0.37063947784553297,0.05931252983503582
64,11,val,35,5479.809375,515.363629120543,2452.43034205694,0.4293421542082773,460.8636262142909,97.04506045531502,0.40360869532224397,0.0601218931348263
64,11,val,36,5560.7125,549.3815397391018,2633.058858428789,0.4619657509009195,491.23230314569355,103.61770094476697,0.4415264153222048,0.06310432431657492
64,11,val,37,5641.615625,585.5342929230147,2843.2997574383367,0.49669232771042127,532.4508332200821,109.91017001970249,0.4754783110586802,0.06444459611331527
64,11,val,38,5722.518749999999,626.9420945570658,3032.0204342943243,0.5360011567629996,575.0893354149298,118.10010366392021,0.510618458275075,0.06732802198239352
64,11,val,39,5803.421875,666.2955679477456,3215.231295368106,0.572973688724332,611.8368556989253,123.53068020536284,0.5523526929583633,0.06984445590152519
64,11,val,40,5884.325,712.5270526449299,3396.661302477037,0.611785873662618,643.7008562784285,129.80602266495112,0.5878586915819967,0.07271736937065204
64,11,val,41,5965.228125,743.1502902832734,3682.485965603677,0.6474660842590019,684.597528471869,138.58687072587372,0.6257987888013683,0.07443969506373826
64,11,val,42,6046.13125,777.8553900117231,3936.0868644932534,0.6857988955113956,725.2425493298848,145.60058608235238,0.6671930132248205,0.07597768642387398
64,11,val,43,6127.034374999999,830.1038193216925,4153.095512829909,0.7263707751792858,762.9994002383,151.81522454605556,0.7087077192907271,0.07774792622186871
64,11,val,44,6207.9375,869.799625217027,4438.9370034301455,0.7647344371316672,811.4929689306507,160.61773945678226,0.7483025734198595,0.08123682708236629
64,11,val,45,6288.840625,928.2755030812382,4721.847135059485,0.804354388729861,859.3319474197187,168.13500858472707,0.7887667842746832,0.08440821420074851
64,11,val,46,6369.74375,979.8968517529687,5037.45055161911,0.8385917804462628,905.2978053556444,172.85792761624919,0.830020460554054,0.08689083195560082
64,11,val,47,6450.646875,1032.319412187519,5304.468167799423,0.8803670970135846,959.5334002617619,177.6080730512284,0.8688169016118491,0.08983186645825786
64,11,val,48,6531.55,1095.3067010617588,5609.537884566894,0.9190827664592172,1025.1246013853006,187.18259719528874,0.9106348125116348,0.09390383314350492
64,11,val,49,6612.453125,1161.7491069619064,5860.010510561059,0.9564972024385874,1093.4744678758648,192.42376189657762,0.945100626410178,0.09804846746861579
64,11,val,50,6693.35625,1227.4039026424362,6178.41340459369,0.9867778087219864,1143.9418450931846,197.61734110012696,0.9709080338755893,0.1015940518529733
64,11,val,51,6774.259375,1293.4298581975554,6520.878217519021,1.017292804571024,1209.6807809108582,202.81534592925254,0.9978223094258067,0.10330885171195431
64,11,val,52,6855.1625,1353.6464205931225,6851.066585125807,1.0532254956256148,1271.96365260113,208.3789756397607,1.0376843473688946,0.10065238123783266
64,11,val,53,6936.065625,1427.7015005255862,7168.894880918284,1.0752082818511477,1347.0204287817182,214.6085298193725,1.0589890550649141,0.10222326626760196
64,11,val,54,7016.96875,1489.3658207665794,7472.854332454717,1.1028835512965907,1425.6566243146835,218.1049531602639,1.0830528184725408,0.10222031615390176
64,11,val,55,7097.871875,1575.9732780913964,7719.121029805482,1.1301409731946515,1511.3085498156806,223.35016688188603,1.100057314338536,0.10200586667050149
64,11,val,56,7178.775,1668.2538982616961,7977.809043393615,1.1576457512319505,1589.9330122835238,230.0066036847852,1.1227273780343854,0.10286135259809231
64,11,val,57,7259.678125,1749.1792605926832,8288.974994126558,1.1725521350798573,1664.7876294845787,236.46945964645738,1.1288353701790488,0.10414696483917671
64,11,val,58,7340.58125,1831.0537119223227,8676.333498763266,1.182141312606022,1767.6280486444825,242.28299152014188,1.1449505738644061,0.10366020521784466
64,11,val,59,7421.484375,1922.0225627977356,9072.142480952543,1.2029227530367947,1845.40408586156,249.45535979662736,1.1727081091628122,0.10334224900172828
64,11,val,60,7502.3875,2021.7517257441102,9403.124957270093,1.197923009568197,1919.7386759110486,257.12867751116164,1.171425031788298,0.10376938054762475
64,11,val,61,7583.290625,2099.8327087447137,9682.818182818044,1.2010146695019264,2010.0056879348358,265.7094468235641,1.1766797398991558,0.10492329012257509
64,11,val,62,7664.19375,2196.795923320451,10066.486671395664,1.200756173470499,2090.742133126696,271.5856778735244,1.1833432650716347,0.10606293897977986
64,11,val,63,7745.096875,2278.24732870738,10457.176045518234,1.2099508980332878,2193.862408657111,277.22535274733673,1.1816645702199535,0.10700821903796746
64,11,val,64,7826.0,2371.2143301222427,10842.559017428099,1.2134581392716226,2300.5907949377615,282.4401018896481,1.1830920349046314,0.10906596099771737
64,11,test,0,2648.2,0.0,0.0,0.0,0.0,0.0,0.0,0.0
64,11,test,1,2729.1031249999996,3.9412894476384963,11.05618919055189,0.005065520115674765,3.8233893603241143,0.6789687791304289,0.004220316803566979,0.0021606157510050544
64,11,test,2,2810.00625,8.369379346255812,22.480886860728347,0.00861439366791521,8.13773883361435,1.1291558357982012,0.007394947039165815,0.003690679341682504
64,11,test,3,2890.9093749999997,13.529333854242154,37.208504324283375,0.015333177460510883,13.149027571763838,2.1546277360839916,0.013336092628270582,0.006181478248345508
64,11,test,4,2971.8125,19.589100421540273,49.99517600491288,0.021858709219878605,18.806516725856426,3.448769515841832,0.019004069512346816,0.008475755662481349
64,11,test,5,3052.715625,26.432787728001728,67.2195450359951,0.02857230914435783,25.286488874378676,4.747484023763349,0.025417074799826724,0.011306938195285339
64,11,test,6,3133.6187499999996,33.149378068870305,87.06303772622167,0.03802200977886128,32.09383006760058,6.0983052502300295,0.03362039544260384,0.014033407824457465
64,11,test,7,3214.521875,40.95432153194878,109.3851604852656,0.044852492563654534,39.60335148552652,7.69877869613822,0.03928477709798546,0.016418553050612933
64,11,test,8,3295.4249999999997,50.110245934590125,135.61475252741673,0.05418913736111386,48.70588681552057,9.492503087400905,0.0463060453323302,0.018359510635987397
64,11,test,9,3376.328125,61.34921867499088,162.15018107099306,0.06381525782507558,59.5583794549559,11.67876287949099,0.054157008338676094,0.02136724769418591
64,11,test,10,3457.23125,70.84538108657945,196.83069909702178,0.06771161661196443,68.48140786328827,13.844383683760952,0.05756540418842826,0.02349375094806358
64,11,test,11,3538.1343749999996,79.2278121436567,236.16396586373165,0.07191832767802428,77.05657124036236,15.548161667158666,0.05922376818152768,0.025687202111820268
64,11,test,12,3619.0375,91.68140287771998,278.2057388164065,0.07723277216772732,88.97183567563971,16.868086808017324,0.0632986002472228,0.028273868125653495
64,11,test,13,3699.940625,103.67117707433238,326.67650002235933,0.08232648187919038,100.39735469154465,18.326885160590223,0.06764181453669527,0.03040885897060558
64,11,test,14,3780.84375,113.47798146609733,378.36546619521374,0.08583529631843315,109.1783692253907,20.130332210612778,0.07132925711183374,0.03298516052624781
64,11,test,15,3861.746875,125.1489432442554,433.56382376024817,0.09205277026252609,119.8265136818435,22.249124995262548,0.0745123486537106,0.034319158637552416
64,11,test,16,3942.6499999999996,138.45091687125688,487.3077591431621,0.0981949561691467,131.71219128426515,24.20718085741047,0.07998965754521872,0.035173375286461084
64,11,test,17,4023.553125,151.2390097510945,552.7335020051443,0.10568313169061205,143.8415090532743,26.914226976998634,0.08601384045606175,0.036067080776268357
64,11,test,18,4104.45625,161.7422024741373,630.3319664000849,0.11168172408541205,154.04336128202624,30.353958750609422,0.08980023451084229,0.038176986299230664
64,11,test,19,4185.359375,176.06710662476033,707.3134343169448,0.11841325186159879,163.9012540461593,32.81034350726486,0.09660296713315947,0.04089475243872209
64,11,test,20,4266.2625,191.11876624829804,788.1768108351192,0.12711647366608858,177.56888567896567,35.1398517213255,0.10416815374302696,0.04372656419830527
64,11,test,21,4347.165625,202.98129596122294,873.2314679450848,0.13389216530337172,187.7536009551335,38.29849241351013,0.10949673601966248,0.04391730060439997
64,11,test,22,4428.06875,220.08511554403754,963.490085337142,0.14277962839095037,203.12437240826318,40.98213375015902,0.11987913266275907,0.043085586949063136
64,11,test,23,4508.971875,241.21002563622085,1059.966295443124,0.1577613914628181,223.89990446001562,42.89395484971337,0.1338959975191352,0.04315253771191782
64,11,test,24,4589.875,261.9795288282063,1157.9257700760625,0.175341982623119,243.53263881628706,46.22780233474799,0.147163512100916,0.04503447979032314
64,11,test,25,4670.778125,278.66764683521694,1245.2404928041794,0.1878148899427251,254.94654211908596,49.23166399944989,0.16187929588559746,0.04730848313407032
64,11,test,26,4751.68125,296.6649809099806,1362.9507013815605,0.2048217495250089,272.00732889164317,51.90134027829174,0.17905897976851215,0.049282411569515766
64,11,test,27,4832.584375,316.9173950456283,1413.0502541226438,0.22006129517693207,289.0224738759244,53.579398544062684,0.19665252005093142,0.04970792895839238
64,11,test,28,4913.487499999999,339.3228422057861,1523.3568747674528,0.24194343583077912,303.6772906764398,53.35511200023646,0.2173923365756253,0.050866515825878644
64,11,test,29,4994.390625,357.9454923909253,1633.8598367065006,0.2636446529732661,317.9583188927353,57.56891891360283,0.23696240817428632,0.05253051147343854
64,11,test,30,5075.29375,385.63392319523973,1803.0247447032855,0.28325667593557224,334.68064330556757,61.04986353874153,0.26186987720773147,0.05321117050853617
64,11,test,31,5156.196875,407.25079195365765,1923.0643639759712,0.3108572083019845,349.402042225762,65.42344171087677,0.28755382689912845,0.054179526177982815
64,11,test,32,5237.1,426.0679134941689,2012.3725941189236,0.3394464626828783,371.4377033479792,70.80846863264156,0.3150437748410152,0.05560161008290841
64,11,test,33,5318.003124999999,447.93420336145573,2123.2926590304323,0.3663160598450059,391.42052896819735,76.5174700786595,0.34509873848186795,0.056940719069337176
64,11,test,34,5398.90625,474.16232941615635,2278.041802921798,0.4019945718758029,413.42810502862903,81.70851082193487,0.3742205329761127,0.05815790269871968
64,11,test,35,5479.809375,504.4918968223051,2449.214866866515,0.4309468978963976,446.1565695443745,87.599118568221,0.404604468338305,0.05977534575807991
64,11,test,36,5560.7125,534.4858003738722,2607.939445028015,0.4632955114078491,477.1809095121853,93.47329185825792,0.4361624290707411,0.06211205109945758
64,11,test,37,5641.615625,564.4843516423127,2819.6896751492377,0.4941383419691282,519.1452963171059,100.7371617413213,0.47121023314633526,0.06467425387053638
64,11,test,38,5722.518749999999,613.1605856363649,3033.1294186120845,0.5324341595621535,557.4589735092133,106.89059816254343,0.5081585226522825,0.06685001639198523
64,11,test,39,5803.421875,653.5590805600009,3279.673710653359,0.5734640108265715,587.1474805942398,113.66768212158718,0.5432548845305668,0.07044488576842
64,11,test,40,5884.325,688.4560992837567,3524.03480565896,0.598357747964037,639.1913243617466,119.26535362823643,0.5733614327475545,0.07241462827890355
64,11,test,41,5965.228125,738.0976975883158,3746.7175611575417,0.6341686546833363,667.9770626920103,127.35816810740275,0.6100596918304988,0.07459411567373381
64,11,test,42,6046.13125,781.9594907591068,3888.7300275366697,0.6716692150943171,701.846862476657,134.74744295076135,0.6484407448284629,0.0759400759097334
64,11,test,43,6127.034374999999,831.285930099682,4118.841222072602,0.7063370086765747,736.4606005143912,139.6295629433908,0.6827974039027018,0.07546082745719766
64,11,test,44,6207.9375,871.6751658634223,4343.241127928038,0.7460465786156695,784.5631025060698,146.76206746511156,0.7179245496211767,0.07766544808357305
64,11,test,45,6288.840625,920.1426484152648,4564.306815608092,0.7843807035323863,833.8033604146204,154.06368751352062,0.7556873306660133,0.08134427476277559
64,11,test,46,6369.74375,973.6154387684408,4847.2208531216265,0.8181668021917804,894.3149704225135,160.32671102321672,0.7937991388226804,0.08567128413594638
64,11,test,47,6450.646875,1029.613479941247,5125.57383794655,0.8549114812414926,944.2354238928345,167.85076995888915,0.8228885421953867,0.08764905479689486
64,11,test,48,6531.55,1088.5442550380021,5325.085706731068,0.8861063739377534,1006.4607567868933,173.90603551958606,0.8640500902642873,0.09056182637284457
64,11,test,49,6612.453125,1152.5938085270298,5595.268406295841,0.922390686448872,1060.1126903884683,181.11191335026433,0.8989473229526063,0.09480873362044222
64,11,test,50,6693.35625,1222.5816143638895,5827.460558500684,0.9512503759326746,1130.7233910400073,186.39549179403048,0.9333887222566367,0.09613905902819408
64,11,test,51,6774.259375,1290.9885279574241,6050.642767765726,0.9823124683189244,1208.1295895277576,194.08096174528566,0.966197638975614,0.09686826509419524
64,11,test,52,6855.1625,1359.80459652842,6283.822805429373,1.0129997877149979,1289.736108074413,200.41686765210898,0.989786523295802,0.09648073738904081
64,11,test,53,6936.065625,1447.026972910578,6510.373036886835,1.0509608091512774,1371.2659412287708,205.9195534026088,1.025853492569312,0.09835594120442652
64,11,test,54,7016.96875,1511.648075864187,6767.412711187721,1.0844060859125282,1442.7200950501344,208.47932217392895,1.058634181448352,0.09917464567705918
64,11,test,55,7097.871875,1595.9238017459825,7044.481943328279,1.1055979980396318,1521.593374821407,214.2364428919734,1.0905332852303649,0.10036749965877667
64,11,test,56,7178.775,1670.9790710402785,7398.05473691126,1.1240071554231081,1588.8588741043961,221.0533722797834,1.1073344974457007,0.10028148182346201
64,11,test,57,7259.678125,1745.6869189514919,7664.369275032864,1.1441992996055332,1663.877210092025,228.28233929409691,1.1200218789291783,0.10105647490531687
64,11,test,58,7340.58125,1812.0474603015566,7917.983258883162,1.1563057301758952,1747.0149417788862,236.59122329530646,1.127298078744496,0.10053875969304746
64,11,test,59,7421.484375,1917.5414679151004,8232.026935729828,1.1688972322935616,1821.5780100273093,244.01406528730087,1.136354692088004,0.10081560274880635
64,11,test,60,7502.3875,2002.0771683698904,8590.156432417918,1.1733803793332054,1902.7013403034446,252.6463750765089,1.142681912087544,0.10009350775569241
64,11,test,61,7583.290625,2091.913043124173,8944.020498799928,1.1856585691474297,1980.371650636073,258.6201698583963,1.150485580893132,0.10163733060382374
64,11,test,62,7664.19375,2175.7316633621285,9309.430360447044,1.1855538829605161,2072.0830274435293,270.0870577179586,1.1627540262332676,0.10218812926111073
64,11,test,63,7745.096875,2268.866160130212,9840.607583084795,1.1921552203904007,2143.833613777677,276.9646725973072,1.1653265665474977,0.10360165960517954
64,11,test,64,7826.0,2370.5527473334487,10206.936062705374,1.2012637627890344,2235.6195535318075,285.43826472180456,1.1767362907352736,0.10337745472909984
64,12,val,0,2648.2,0.0,0.0,0.0,0.0,0.0,0.0,0.0
64,12,val,1,2729.1031249999996,5.353538214556863,21.662580116839035,0.005122414214398657,5.192943096666625,1.2506352220924555,0.00386814483350692,0.00259418859294841
64,12,val,2,2810.00625,11.76394224975752,36.08122358462536,0.008026584504049064,11.40615001253309,2.676878395320159,0.005871078811128805,0.004100172060204563
64,12,val,3,2890.9093749999997,18.6287310372677,59.23334109710367,0.012920167327956644,18.132474918587604,4.261365663623451,0.009773857067449376,0.006467436343485233
64,12,val,4,2971.8125,27.00193499330794,78.38406806158385,0.017591694411073742,26.2441519165435,6.550735401177121,0.01351308291775398,0.00839865892598296
64,12,val,5,3052.715625,36.12192222725952,101.31816337915893,0.021303135927061567,34.875919986170345,9.296214757711141,0.016122895964195555,0.009802943238226836
64,12,val,6,3133.6187499999996,47.413768958023184,124.80299587012375,0.0270480089746266,45.53755168069529,12.490053564178538,0.02058815769593811,0.012118213163297975
64,12,val,7,3214.521875,59.53517214071269,156.68101273953675,0.033195232554114606,57.39485191114113,16.069882166029004,0.025380205502525996,0.014250864921263456
64,12,val,8,3295.4249999999997,71.96162414560447,185.86761262947604,0.038507665271456104,69.59141936309265,20.079304313640023,0.029463753711957835,0.016711116951048655
64,12,val,9,3376.328125,86.21885151089259,213.12994481374398,0.04401564777758993,83.33482364093925,24.01970592853786,0.03387819399214981,0.01957846131829359
64,12,val,10,3457.23125,102.53841230701255,244.5025069111001,0.04943938536202362,99.03523431562888,28.436571449063308,0.0381360944867043,0.022735693543982083
64,12,val,11,3538.1343749999996,117.05903842607768,285.88341901564394,0.051706381333949114,112.32058553740742,33.578034965785264,0.04047983619520634,0.024374195633974916
64,12,val,12,3619.0375,133.8722640421679,334.01019449445926,0.05684761695338297,128.91930452511957,38.30873113668787,0.04209573725692632,0.026748319121307988
64,12,val,13,3699.940625,151.69490643299355,378.69964685551116,0.0647519514302558,146.3072096170137,42.57868535125908,0.047906326368748336,0.028482161373161174
64,12,val,14,3780.84375,170.8133538694483,435.67572883194265,0.07001085268407148,163.40524139042145,48.46515001188223,0.05154105881714777,0.03100629969478297
64,12,val,15,3861.746875,186.9972171555787,502.5731377358747,0.07550410439943235,178.10047566367615,55.61418660708739,0.055442554316075844,0.032481942301203215
64,12,val,16,3942.6499999999996,207.61126429228227,550.9639269400847,0.08412001345249609,196.45745590123198,63.99555226641951,0.06213927260088903,0.03574399252769672
64,12,val,17,4023.553125,232.70807056179876,600.4962963010017,0.0943526608656528,221.76083567026694,73.33021583258414,0.07229781526088552,0.03976285673411295
64,12,val,18,4104.45625,256.0150647851458,684.7350125360299,0.10232953948435819,245.08761166180193,83.32263830163811,0.08031799256162653,0.044679501687953926
64,12,val,19,4185.359375,276.95000579876705,770.094124489134,0.11039784539854103,263.5327679429338,93.82840200146347,0.08889431291103644,0.04966557983799441
64,12,val,20,4266.2625,301.8467246605496,837.9764668009618,0.12345672411522013,287.640430838592,106.28368869959104,0.1009841231373737,0.054373349080448496
64,12,val,21,4347.165625,321.1395809612867,919.8618926454784,0.13344805362224682,304.0193935504476,116.92746440620283,0.10855078687521669,0.05652481173972629
64,12,val,22,4428.06875,343.9450382661562,993.9738648703187,0.14715581597088065,325.566419509407,127.27410650228421,0.12092986780988524,0.0619552973468232
64,12,val,23,4508.971875,368.8899626908011,1061.5531671967424,0.16254319778860604,345.50493754079525,140.747933008754,0.13660226107710394,0.06484041359663961
64,12,val,24,4589.875,389.5204063510391,1117.8795408505778,0.18140962709845,366.6907381578426,154.33100380315068,0.15021190745719004,0.0666387628780532
64,12,val,25,4670.778125,414.8716909120367,1225.1128143191936,0.2006023813844876,392.0695554916165,165.17205818101388,0.16906303972066827,0.0692749444446885
64,12,val,26,4751.68125,433.8926059578281,1345.79121095159,0.21619091642810506,409.40028878615567,176.07666260380483,0.1856914243878946,0.07404279775972619
64,12,val,27,4832.584375,450.5265345239877,1471.815351496434,0.23779849494379168,427.1300243864289,186.61206304730626,0.20487890364356137,0.07581046220322962
64,12,val,28,4913.487499999999,477.4935817318138,1584.8645198060651,0.2587830721973716,447.15258091162013,197.85374355001295,0.22911967575688086,0.07905746898391464
64,12,val,29,4994.390625,493.71226045926164,1691.8031250542115,0.28363118520872976,462.57315306814917,207.49515243435468,0.2524554727514894,0.08023642109190876
64,12,val,30,5075.29375,514.0465457442218,1815.3512178518617,0.3077184568179119,483.37382735618917,216.74858320042745,0.28280207864770507,0.08283971142409793
64,12,val,31,5156.196875,549.0898955291073,1966.8749292449052,0.33496731053057893,511.51286493384873,227.82960866277335,0.3116249263474674,0.08533052035202687
64,12,val,32,5237.1,576.2719934523943,2097.022085618491,0.3659131659236592,531.3940028152047,238.45966206171454,0.34208990048539833,0.08799708875674439
64,12,val,33,5318.003124999999,608.0639257950224,2265.3491908073893,0.3980752248789604,555.0932544073817,249.69816328921723,0.3729925482913038,0.0911361846181874
64,12,val,34,5398.90625,640.838107155048,2377.471541339933,0.4289580390211267,578.7979446301961,261.3727542564561,0.4047295156875963,0.09415789508003189
64,12,val,35,5479.809375,668.9255728113963,2568.341639213376,0.4626991214099485,613.2779615693948,270.4396783571781,0.4348671534964432,0.09580887012463485
64,12,val,36,5560.7125,712.0381222421202,2742.925629288914,0.4914396845708824,649.1488069651723,280.1586432374279,0.4696087768098489,0.09883051232514872
64,12,val,37,5641.615625,745.6043906548757,2933.1634896182536,0.5294154482730351,683.2942552543386,291.26391571958266,0.5036936686065585,0.10092725282453974
64,12,val,38,5722.518749999999,784.4147511775645,3150.0433290190945,0.5632170606130193,727.1962716912128,299.11297503580414,0.543750393698389,0.10417723515190186
64,12,val,39,5803.421875,817.0341969120045,3343.1862292343303,0.6025752396674883,764.8858028245229,307.32737864713044,0.57692338892322,0.10687601080322517
64,12,val,40,5884.325,861.5169543222123,3538.141247490759,0.636819867400773,807.5354015946914,317.16282965709297,0.6149424387400237,0.10926791726053459
64,12,val,41,5965.228125,902.8656469469354,3743.2828055220284,0.6816213485929812,839.381778354209,329.09055812823954,0.6613722516526157,0.11121171835222488
64,12,val,42,6046.13125,950.6138602666283,3960.8971037466727,0.7223156073321024,876.0616842824334,339.665178194295,0.6985896630181467,0.11290251583302582
64,12,val,43,6127.034374999999,999.5677703569754,4136.5343901603455,0.7588555052544868,925.7407703030367,346.46247912334616,0.7396059524039655,0.11473100037772549
64,12,val,44,6207.9375,1048.0635707536549,4332.758924843095,0.8087115420323671,983.3318663939679,356.65661231993795,0.7889471508703838,0.11521105503609422
64,12,val,45,6288.840625,1111.9983158511673,4554.424860528445,0.8549313624099664,1035.0179567631699,367.96065339626693,0.8311488819104373,0.11675005478174044
64,12,val,46,6369.74375,1158.061800206724,4810.069679680548,0.8997591918575507,1086.2802186185263,377.72926896144554,0.8733485615197156,0.12062386263167468
64,12,val,47,6450.646875,1208.313345039187,5065.105752585022,0.9388802760239012,1139.9795051519277,387.1478389065146,0.9142539920030668,0.12460879705918082
64,12,val,48,6531.55,1251.4661862684734,5307.582564138923,0.9747641703098664,1201.3115937120915,392.81167560298513,0.9605557481652954,0.1275656844250181
64,12,val,49,6612.453125,1318.266545726459,5575.077464832633,1.006963064894839,1238.7033671390952,399.1148087442884,0.9928547101395457,0.13032974302086553
64,12,val,50,6693.35625,1369.387054075105,5875.352468996806,1.035892795979307,1305.7732744209432,406.0148849764573,1.0275688298057029,0.1345195133968742
64,12,val,51,6774.259375,1436.4250881155272,6199.913827557042,1.0682731066629647,1362.2463625408443,410.8433024189253,1.0559980184650235,0.13855841267909272
64,12,val,52,6855.1625,1508.4341774881693,6539.83688239587,1.104972111054342,1424.7639532577523,417.6883128427846,1.0901378845862286,0.1406878390771255
64,12,val,53,6936.065625,1562.1252138033412,6812.184442678754,1.1311598804309986,1493.8063173758565,427.87228635084773,1.1220718154582587,0.142998384464757
64,12,val,54,7016.96875,1628.8403046333997,7181.948702875238,1.1627535086505962,1554.0506589023266,434.27567053538496,1.1525097763901704,0.1452981526286999
64,12,val,55,7097.871875,1694.7746647150836,7515.734091186761,1.2054567694337326,1616.2970222292188,445.52509144153873,1.1807411015051645,0.14959823076203527
64,12,val,56,7178.775,1779.9881400457025,7870.955024044384,1.2166308079904,1684.7982254394083,453.2670295206742,1.1941805747893441,0.1519496745888832
64,12,val,57,7259.678125,1844.978909484439,8261.058204284425,1.2294717989626558,1772.3838263004836,458.15294984899424,1.2128099511675428,0.15459419904659266
64,12,val,58,7340.58125,1951.1760412069634,8655.738351031523,1.244991954946817,1839.9241799779702,468.9191546428333,1.220346381526266,0.154159852847377
64,12,val,59,7421.484375,2036.4928639451136,9094.477083981732,1.2537509842034111,1932.2870068590419,480.6235795867906,1.2341684894042193,0.15580490919898937
64,12,val,60,7502.3875,2100.591619324689,9584.676593618622,1.26380398600566,2004.4113893740132,490.48272937830006,1.2437922908930115,0.15672344583603226
64,12,val,61,7583.290625,2198.67670244156,10067.16163767132,1.274279281392829,2097.0124195706603,500.80888497153353,1.2498261190121152,0.15922544970332908
64,12,val,62,7664.19375,2298.679011830245,10563.62339633416,1.2858217589246934,2170.563774982668,508.76745675748225,1.2621164958195181,0.161036705379803
64,12,val,63,7745.096875,2369.1369904669273,10951.561197941082,1.2876767990488147,2266.2198355052396,519.8364708756635,1.2610001120775816,0.16143816207273703
64,12,val,64,7826.0,2468.9776659833883,11311.930699482498,1.2873182145710094,2355.3431449871027,528.4491543198158,1.2673301924064073,0.16374896658889748
64,12,test,0,2648.2,0.0,0.0,0.0,0.0,0.0,0.0,0.0
64,12,test,1,2729.1031249999996,5.283044344302823,18.038674555464244,0.00518491167301495,5.092328680092351,1.2227553331429775,0.0038285674565769444,0.0025763628190983434
64,12,test,2,2810.00625,11.570808842063407,27.77084743291738,0.008460739074673054,11.313569979968463,2.64110262679651,0.006198515784698599,0.00403601789752614
64,12,test,3,2890.9093749999997,18.549866245963997,47.61577449314418,0.01351263720017308,18.03233664644477,4.117365843633536,0.010202082583066208,0.006494802183579229
64,12,test,4,2971.8125,26.922695584435274,65.68446274936481,0.01847024542001377,26.208767145249112,6.351967973831307,0.014279119494571427,0.008596213736314709
64,12,test,5,3052.715625,35.76691053890002,84.83564518535017,0.02231314111346575,34.818030253532584,9.050219862768216,0.01726256561582803,0.01018360624447344
64,12,test,6,3133.6187499999996,46.99723823564206,103.52200120563147,0.028288117507210137,45.838888905649355,12.170292117943404,0.022499246120329455,0.01216701159684197
64,12,test,7,3214.521875,58.9359843069488,133.43221759826923,0.03425605160150419,57.26485894019362,15.435873771222575,0.026505876657012407,0.014508762750345405
64,12,test,8,3295.4249999999997,71.63026088846891,164.5096895892494,0.0399362876620955,69.4731970642728,19.213849105401692,0.03057954247656034,0.017019048826919132
64,12,test,9,3376.328125,85.66755688683969,199.87811596333532,0.04580166751733811,83.29113398690424,23.109185754300654,0.03534634613827983,0.01970824088492161
64,12,test,10,3457.23125,102.00077113126227,235.33143329723902,0.05116192393921776,99.16133711820052,27.319101798809697,0.03990090652227201,0.02275613712109971
64,12,test,11,3538.1343749999996,116.01010051204241,274.21635208611127,0.05423927984949707,113.03106014037922,32.08982415591777,0.042047266134387015,0.024606925555479414
64,12,test,12,3619.0375,133.34806018372802,311.88592469587496,0.057011788053827964,129.4103504299926,36.69150565904356,0.043227071137933934,0.026363338279146616
64,12,test,13,3699.940625,151.58964250024098,350.59196367834613,0.06578579298822636,146.15938475803603,41.317741204139224,0.04976684566900414,0.029828188709900977
64,12,test,14,3780.84375,168.37537389780977,402.3052406500938,0.07306561078749717,164.1886201345102,47.824665535443955,0.053947214200636764,0.03184944055617967
64,12,test,15,3861.746875,184.5725183525418,459.6969821561148,0.07962944231969943,179.44840774949,53.89186577975735,0.05837376928252008,0.032833342196374876
64,12,test,16,3942.6499999999996,203.43220222381575,518.1261615220899,0.08665221040006152,197.02194600716894,61.964436044862126,0.0662013596972981,0.03478234624601506
64,12,test,17,4023.553125,228.16790666921526,574.8559942384693,0.0969125271936995,221.53213162732044,71.90921778401548,0.075642169643164,0.03919360723208761
64,12,test,18,4104.45625,252.8716092235186,643.2886086411091,0.10655718144584811,244.44163645043915,81.77212774057097,0.08485764608123769,0.04256833639548416
64,12,test,19,4185.359375,274.8019017765415,719.0215765980274,0.11688248294625288,267.25052086202084,90.22858335207573,0.09300164093447444,0.046980649999224654
64,12,test,20,4266.2625,299.05543686926706,802.844061133592,0.12976688728550193,291.8090268827917,101.49365518694964,0.10539445425754301,0.05138612732134319
64,12,test,21,4347.165625,316.3679967484825,895.6899689163771,0.13861669137814553,310.1476049823475,112.35073028608156,0.11521091315289111,0.05600669714015413
64,12,test,22,4428.06875,340.0049937804432,985.951173828886,0.1520247199998971,332.27668817813696,123.90266433241237,0.12686751839769383,0.058742772796591125
64,12,test,23,4508.971875,362.8571566038321,1081.8409370715447,0.16762398531798214,354.99863238890583,135.49018348666664,0.14132579907674692,0.06319614535706466
64,12,test,24,4589.875,383.4564650769004,1189.3907009423751,0.18280287814998603,375.51571449248297,148.1169572223564,0.15570057363710477,0.06620026119518921
64,12,test,25,4670.778125,409.63803743241556,1314.7939622147824,0.20372247597118254,396.88337557560516,158.36103964227988,0.17348265927771833,0.06862392348340463
64,12,test,26,4751.68125,430.21998010971174,1429.2693973097764,0.21926029199781372,415.04550442861455,168.85546179956634,0.1898274609524117,0.07264348101743319
64,12,test,27,4832.584375,449.170508588864,1564.946715842827,0.24046091984209622,428.55488667199637,177.8466178935929,0.2126089950455351,0.07491094287681989
64,12,test,28,4913.487499999999,471.4241488701276,1704.8039311725472,0.2654253269910277,447.4968488517957,189.1631404536156,0.23552675713752955,0.07877919392634478
64,12,test,29,4994.390625,494.1280209640979,1813.9448475602815,0.28712839213332686,460.3524180811513,197.08947604490845,0.2598944115948555,0.08005481201848498
64,12,test,30,5075.29375,518.1591573729847,1955.8360054609614,0.3167073901772857,477.49393313345047,206.4240474390644,0.2881852419454357,0.08187995719165231
64,12,test,31,5156.196875,544.8796051411832,2087.181034538,0.34468279437313565,495.71332895691,216.6064406051369,0.3148026396828582,0.08408390320482906
64,12,test,32,5237.1,570.3829410248602,2234.3792060836136,0.3739860873592654,518.2532231895456,227.0346190721355,0.3491125443015053,0.0855156489718116
64,12,test,33,5318.003124999999,599.5585546429929,2378.6498383429557,0.40372402153942416,543.5794706005908,236.93012860695717,0.38219287020311565,0.08841183496755001
64,12,test,34,5398.90625,628.5608559086988,2571.1836153056083,0.43290514288105847,574.3209260821409,247.38272961918284,0.41038933179885284,0.0899023308490515
64,12,test,35,5479.809375,658.7006270410427,2647.6626017274393,0.4668061066463447,600.9023278521823,258.7377989432369,0.44526682730063744,0.09161552748095103
64,12,test,36,5560.7125,703.7802793795431,2746.495709901142,0.5010482265273632,634.8066261294463,268.550429145197,0.47819425417908523,0.09409826944689788
64,12,test,37,5641.615625,734.5544076049748,2937.618282806409,0.5375507825382403,676.6294416048879,279.27717395433405,0.5099837974408099,0.09708038344305404
64,12,test,38,5722.518749999999,777.59329414679,3147.007253993289,0.5658431534785111,710.500904383025,287.04283321924254,0.5482093076520089,0.09927844744188515
64,12,test,39,5803.421875,820.4038360363146,3303.3485438218368,0.6081396765561381,744.1035371119256,296.2059042878735,0.5911057414319589,0.10150427906137219
64,12,test,40,5884.325,863.4976100229323,3412.3250443497805,0.648024162553891,784.4401077883134,304.8194571415408,0.6216714955908,0.10386004379019965
64,12,test,41,5965.228125,909.4629449469807,3565.4106913834967,0.6787917965458481,827.6339404228565,314.65285449954905,0.6559787793624788,0.10616790338278947
64,12,test,42,6046.13125,962.4233243229696,3739.817561086715,0.7177710199735634,865.3160559167077,324.0253266233708,0.6969071495257356,0.10911233315356178
64,12,test,43,6127.034374999999,1009.4227567764165,3938.0638990765474,0.7579747750720913,916.0579062399279,331.67891315935805,0.7404186009194667,0.11196779170979075
64,12,test,44,6207.9375,1048.50104062902,4188.200605586803,0.8044195798845786,966.4324813206804,339.1840767197216,0.7877103510045697,0.11211585260554549
64,12,test,45,6288.840625,1101.6273507346384,4415.3302630006765,0.8446419752799446,1013.764995084216,348.96389138918596,0.8268107994445586,0.1149441866249764
64,12,test,46,6369.74375,1163.7092107791887,4563.853907025848,0.8803475745426531,1052.3018938945086,358.81665242978755,0.8685457806238903,0.11950017028110153
64,12,test,47,6450.646875,1217.822943979982,4846.361522568472,0.9236193551411809,1113.6382713869466,369.63457154134716,0.9113158423863301,0.12076275051607285
64,12,test,48,6531.55,1277.4244342521115,5081.00765313989,0.9601500488701786,1148.3754452921175,378.0549957816888,0.9498609622264759,0.1230948826904995
64,12,test,49,6612.453125,1324.1999767849252,5367.78507503093,0.9897767731362126,1211.104322429236,384.35524414155253,0.9767352259739959,0.12520846216969653
64,12,test,50,6693.35625,1365.384024166815,5695.675093896527,1.0155413570903729,1279.7691724011208,390.6110481374583,1.0057715924208925,0.12799422779874015
64,12,test,51,6774.259375,1422.1629504270084,6080.351501555655,1.0490015125970489,1350.6412643406236,395.8558542191781,1.0366434644243812,0.1323871277476192
64,12,test,52,6855.1625,1495.5133061585304,6417.412607565354,1.0769023959945057,1417.5216463350039,398.161092294945,1.0641145239928749,0.13399005144355824
64,12,test,53,6936.065625,1570.4896011285641,6768.870444369254,1.1165755271848115,1471.4679768615042,401.8026608140559,1.1057042503160899,0.13607810731498457
64,12,test,54,7016.96875,1640.3846329296066,7158.23398967057,1.1443280641546156,1538.5234917313965,409.3542703155322,1.1193136722261605,0.13745975281708595
64,12,test,55,7097.871875,1709.0012233337147,7551.518869934311,1.1615071133391914,1604.7517956477293,418.9327935541769,1.1431491064642987,0.14105744456380329
64,12,test,56,7178.775,1783.486279824416,7842.876793617666,1.1872614515353352,1682.8932052058362,428.2828140105099,1.1641983027581293,0.14545285569065106
64,12,test,57,7259.678125,1842.2195729893715,8241.145245650227,1.1942863138923316,1773.338437766668,438.83977720128087,1.1769860270999035,0.14708801304928482
64,12,test,58,7340.58125,1929.4974431585956,8511.509609908286,1.2041305779858167,1873.0618487591214,446.1241162280345,1.1856939883831685,0.1484621515720863
64,12,test,59,7421.484375,2018.6761527229748,9045.190759445648,1.216756487818174,1960.4412338615305,455.64563637705646,1.1970058610427174,0.1497793996981063
64,12,test,60,7502.3875,2118.893211141085,9310.247577849523,1.2336276913190307,2053.3374143474957,464.6560270291218,1.2166309152233865,0.15065249263812933
64,12,test,61,7583.290625,2211.280859911483,9413.849010038437,1.2453829862922179,2153.9753738588274,477.2227934895312,1.2271909407233477,0.15078941809401875
64,12,test,62,7664.19375,2290.5425364151597,9694.625832375512,1.2569649610809641,2234.8708163887923,483.8644404572108,1.2358104847391416,0.15254921243983316
64,12,test,63,7745.096875,2382.1512201761516,10027.911216091898,1.2566801194641153,2335.247417688599,491.427846816336,1.2346747839926397,0.15337739187968724
64,12,test,64,7826.0,2480.8979728421878,10365.839559536278,1.2685207162466683,2415.3412594764204,502.25683599992266,1.2446016120694348,0.15442948572186832
64,13,val,0,2648.2,0.0,0.0,0.0,0.0,0.0,0.0,0.0
64,13,val,1,2729.1031249999996,4.836511934030341,13.374479742562036,0.004937782658937656,4.325672783153323,0.5603824472615315,0.003844763337576551,0.0020356526024278843
64,13,val,2,2810.00625,10.179107714672675,27.881880315499046,0.009741768056467995,9.234130739372404,1.1670653704527467,0.007521291689793763,0.0039944330194816025
64,13,val,3,2890.9093749999997,16.827424079444597,44.63159819275113,0.015268459333389606,15.424398699352082,2.065081998836149,0.011809020720461583,0.006254184092654991
64,13,val,4,2971.8125,23.744012989027397,64.27364609128004,0.019348019460768695,21.862987389624777,2.695740982147754,0.015137445781872164,0.007769942083160966
64,13,val,5,3052.715625,32.97828372399181,82.54418417777738,0.025790024943121714,29.86292304570526,3.565577883156479,0.019966919659442084,0.009637477887423484
64,13,val,6,3133.6187499999996,42.14954657601311,106.13129227657492,0.03388098373018761,39.46747465607814,4.942028618515337,0.02643284806109255,0.012163192584735416
64,13,val,7,3214.521875,52.38339395185676,137.7786010061468,0.04229799064753726,49.108669717979225,6.636108664977769,0.03384192521391563,0.0147885361506837
64,13,val,8,3295.4249999999997,63.45249759826288,171.40270954918958,0.05023041836162839,58.51671910937739,8.75717343933502,0.0406974982271463,0.017497624099541143
64,13,val,9,3376.328125,75.24935968784519,209.52893522320028,0.05844809606250778,68.5416158815002,11.015061760531353,0.047112760382467256,0.020036326085935783
64,13,val,10,3457.23125,86.08993378572904,251.99983593979582,0.06432057792400692,78.46835142451081,13.327657553608319,0.051576974852599045,0.021977660829383683
64,13,val,11,3538.1343749999996,98.72150362853205,291.9664563627633,0.07097612207704329,90.04620458054546,16.259469790242065,0.05726976259437522,0.02383165680099053
64,13,val,12,3619.0375,111.55277736048674,340.08656038457394,0.07796742954589708,102.23200143801137,19.622596454738073,0.06297029997109904,0.02522922815761941
64,13,val,13,3699.940625,125.46461500275541,384.7266330000831,0.08462769369108059,116.2962341394973,23.78169061198321,0.0672999445064798,0.02739670695819582
64,13,val,14,3780.84375,141.55068226630019,435.04239902649573,0.09386539001563723,130.55638891836452,27.282561475772127,0.07357968299349926,0.02982200259422311
64,13,val,15,3861.746875,157.74059218347247,484.26879195464886,0.10136087090484303,143.7553612413467,30.68090561603043,0.08057945981456566,0.033084357154253285
64,13,val,16,3942.6499999999996,172.81902466683619,513.7970665883125,0.10816306594065364,157.14794812575406,34.1935158243416,0.0850596789145619,0.03505860589001093
64,13,val,17,4023.553125,187.54285145048755,566.7769734768182,0.11742448532189864,169.95829742125323,36.503863394216296,0.08944605003349815,0.037659408995194266
64,13,val,18,4104.45625,203.27991149946456,625.6333562925195,0.12713510926193328,181.28017254593942,38.69089784727464,0.09909062220990558,0.04087340379813412
64,13,val,19,4185.359375,213.76828708214646,686.5638254131721,0.13662700491161653,195.3454362261482,41.23098033982586,0.10979718055414978,0.04174263345267659
64,13,val,20,4266.2625,231.07925290707954,776.5295228467968,0.15082560885913698,212.38215685711737,43.93664030632749,0.12327728016132272,0.044677634844720975
64,13,val,21,4347.165625,250.09916393094045,849.9006244208316,0.16402576626072668,227.80405394553327,47.887525206789405,0.13655582313376602,0.04780931696196644
64,13,val,22,4428.06875,256.405391885977,950.7459713965252,0.16978405061157664,234.27215665736867,49.80929189397898,0.14268475785123025,0.050906726667661675
64,13,val,23,4508.971875,267.0315125504885,1052.9720746467503,0.18617890003389675,244.03476714547878,54.26470415474682,0.15731983491162893,0.05394294352669381
64,13,val,24,4589.875,276.8086850163627,1122.9009417442467,0.19859047754294118,252.3758631613191,59.61739865688287,0.17177706290932848,0.05466268316190988
64,13,val,25,4670.778125,290.0043442799074,1230.3689280985254,0.21781320943045634,259.98028672088935,64.14983210272851,0.1892895966060376,0.05782451498892449
64,13,val,26,4751.68125,299.4114800847427,1345.186964418933,0.23658998906990122,269.9495991995775,68.93725798886408,0.20635922627440517,0.06131892232520697
64,13,val,27,4832.584375,308.9688297701514,1457.1688040770125,0.25402067216372115,274.22132745900285,69.67908513369991,0.22941208500437682,0.06400445020012836
64,13,val,28,4913.487499999999,319.3789980115298,1554.1847199377337,0.2746611520886427,284.81076519717163,75.35738340025944,0.2513926197426075,0.06556193081362627
64,13,val,29,4994.390625,326.0461227388305,1679.0676733441715,0.3008036165108585,290.1031835550896,80.96398532893545,0.2784296602469233,0.06824287231931014
64,13,val,30,5075.29375,339.0441293964557,1807.1766726529372,0.32855217154056926,297.79270229056465,86.3688167401051,0.30475623035338545,0.07018480601223703
64,13,val,31,5156.196875,357.9856008736897,1928.432486157816,0.3528300394917694,312.69568186084484,93.34532674563434,0.33196442158414663,0.07241562817666448
64,13,val,32,5237.1,380.54635911655055,2067.3381899193323,0.380759498515848,324.03098118970775,101.47349381463755,0.35979324044345395,0.07400636179430084
64,13,val,33,5318.003124999999,389.4034683067389,2166.631075735948,0.4146691021611401,335.7123943579836,108.051013762406,0.39146390028876876,0.0748769479005755
64,13,val,34,5398.90625,402.9711383396517,2333.8395179968575,0.4416027359902819,350.01680165146354,116.56610832916492,0.4232849351162027,0.07843162239040691
64,13,val,35,5479.809375,428.7131768185901,2511.529208072834,0.47512933983469285,364.24306129754314,125.09115170126961,0.45505605016496475,0.07977491430993106
64,13,val,36,5560.7125,455.3018403821909,2682.096178177672,0.5047761146757257,388.9713294820467,132.22024040626934,0.4847309949589651,0.08016110729727743
64,13,val,37,5641.615625,478.09972939175793,2857.8768816420957,0.538851023163131,415.39108275810577,140.4868650943598,0.515600621045123,0.08106211787765188
64,13,val,38,5722.518749999999,507.16078829805156,3074.8714690934403,0.572640936350205,441.50334702658256,145.60428168138628,0.5466114014855833,0.08211695769660965
64,13,val,39,5803.421875,543.3117536902046,3270.2791435687627,0.6039154682716541,472.9703194116581,153.8273160842749,0.5818157083670727,0.08342298703033213
64,13,val,40,5884.325,582.2664020712978,3469.7940781997995,0.6395535674602049,513.2450699220499,162.25323281946658,0.6167768107957772,0.08380355344170601
64,13,val,41,5965.228125,623.9863231820095,3701.607479415036,0.6728546754675713,560.7933465449122,167.43268497292263,0.6578190510417858,0.08404710105759661
64,13,val,42,6046.13125,667.1239375401967,3935.736577395285,0.7106718483023688,605.0679065508575,172.2478912473684,0.6950580333366652,0.0849872934157031
64,13,val,43,6127.034374999999,727.831524253844,4129.945024606534,0.7520177183800159,655.389178029651,178.83453805661276,0.731502748266867,0.08326235445402838
64,13,val,44,6207.9375,779.100662464451,4444.24881346291,0.7848546223188924,705.3204002151574,185.6114528569215,0.7693154793775303,0.08455352595562043
64,13,val,45,6288.840625,835.7227709035726,4662.615448129172,0.8148324676099106,769.9317210233971,192.69227447182402,0.7969315741619271,0.08578149142114688
64,13,val,46,6369.74375,910.653605634522,4885.437931754311,0.8515174775119011,818.6638875128551,200.28733719330916,0.8345680076785045,0.08652581017939975
64,13,val,47,6450.646875,977.3347985135388,5169.777515058084,0.8822847212479612,881.5183493056793,206.55015984999636,0.8612206193696903,0.08760265491757416
64,13,val,48,6531.55,1034.6947431988838,5489.675086294934,0.9170439006797038,949.540468965381,213.41587227669834,0.8955371020397118,0.08994264561856119
64,13,val,49,6612.453125,1097.2741832962356,5857.1568226113195,0.9549773703047826,1013.9801141331191,218.8268200885659,0.9270611251787353,0.0908306520044002
64,13,val,50,6693.35625,1169.4413514490093,6122.255902386342,0.988832056657174,1091.1872501902167,226.26461195170577,0.9652638884287135,0.09155445936338824
64,13,val,51,6774.259375,1247.4649494141943,6446.483443922935,1.0166494911989647,1164.409044922138,231.76541827599806,0.9896209868854163,0.09365233605321266
64,13,val,52,6855.1625,1322.6389904586995,6696.369684128689,1.0332293032048467,1239.7053529419395,238.43539424387927,1.0183938039031726,0.09543193270137446
64,13,val,53,6936.065625,1404.7831961281076,7030.474862286065,1.067218249062002,1317.4148111838235,242.1905504323547,1.0451079729926622,0.09707447419045334
64,13,val,54,7016.96875,1474.156883627984,7492.875036212483,1.0915810133929198,1396.6137946480899,244.03521215731416,1.0718624940276174,0.09861145561671121
64,13,val,55,7097.871875,1551.9238321606394,7823.712872209109,1.1092009642779121,1471.9620936203341,255.53866086303856,1.0913684564874822,0.098939836381845
64,13,val,56,7178.775,1632.1771068084843,8171.8664475400765,1.1276808461531396,1558.8212135003232,266.8257520428483,1.1055788632275547,0.09994642572952461
64,13,val,57,7259.678125,1729.5453055770622,8536.933612386434,1.1369845653603217,1643.0083772306716,275.12661492608004,1.1133224407312847,0.10102923482120663
64,13,val,58,7340.58125,1818.998563395013,8911.516308230897,1.1533177845959308,1732.2824484829198,282.6269427715715,1.1339642584718632,0.10190579453819848
64,13,val,59,7421.484375,1901.6676577846283,9298.448829980616,1.174983191433887,1820.4193155029316,287.7681042186282,1.1470598596808879,0.10239414104634692
64,13,val,60,7502.3875,1988.4990966807834,9662.133875111385,1.181827693802484,1890.7138713728386,296.2335444049131,1.1506902543807762,0.10263572482548805
64,13,val,61,7583.290625,2082.6239284650683,10010.731876811906,1.1886999036226502,1983.7544949764379,300.5975130241154,1.1573083009683294,0.10310554644774472
64,13,val,62,7664.19375,2175.195293694742,10457.055074087493,1.1911062211121537,2074.926027004665,308.5645839512381,1.1657933431670209,0.10505757893725445
64,13,val,63,7745.096875,2265.137148180429,10842.980465706289,1.2014975264881267,2159.9704474654686,314.27014518997964,1.17131465222442,0.10567298345494358
64,13,val,64,7826.0,2362.263059024599,11236.027561055149,1.2088518841842921,2254.3012957036126,320.06391051617913,1.178434608607795,0.10562406952142889
64,13,test,0,2648.2,0.0,0.0,0.0,0.0,0.0,0.0,0.0
64,13,test,1,2729.1031249999996,4.507302656023171,11.178385882053737,0.005033452822356642,4.111328956078353,0.5169927554788956,0.00411326357804484,0.002019309435258472
64,13,test,2,2810.00625,9.808941245633918,22.79669174418332,0.009930933225155147,9.014590930462418,1.074444046675893,0.007808896216911221,0.003709250437249241
64,13,test,3,2890.9093749999997,16.41451981319264,36.854787968491834,0.01558710393207395,15.107559714767405,2.0707591277115966,0.012283642553500076,0.005701729112740986
64,13,test,4,2971.8125,23.472594105244937,50.475206439347176,0.019431892568276543,21.955567535485443,2.577826795501892,0.015337098833022311,0.007053654513403465
64,13,test,5,3052.715625,32.29015860404871,72.65932810516063,0.026328070656531782,30.472625752679505,3.560074483456521,0.021216354333129794,0.009173951214372367
64,13,test,6,3133.6187499999996,42.26267891493052,93.00204596073772,0.034366019798753866,40.07316841925501,4.878776722904377,0.027827347078464293,0.011610163953095463
64,13,test,7,3214.521875,53.431005638540974,115.2330823427008,0.04309888146217765,50.469072269038406,6.431169003043635,0.03548083270973196,0.014403275795078253
64,13,test,8,3295.4249999999997,64.24096400563428,141.08835994158258,0.05244304322884509,61.11665043288639,8.423259800256488,0.04168208215802466,0.017103683633034814
64,13,test,9,3376.328125,76.4534574385749,171.3449904659308,0.06077851088624742,72.87439061758505,10.616086733515218,0.049225738593065144,0.01990136610529117
64,13,test,10,3457.23125,87.35860494317649,203.82124948507538,0.06630344325290594,83.63769201548709,12.587584815591413,0.05308073748538228,0.02127942889934044
64,13,test,11,3538.1343749999996,99.70896370016646,239.14401516877783,0.07381196490681592,95.33977595917875,15.104612440888232,0.059089078859269825,0.023677877903249822
64,13,test,12,3619.0375,113.5821489220099,284.01148794052074,0.0815532505999742,107.51027375792432,18.590697817993718,0.06492741815698928,0.026227553975917417
64,13,test,13,3699.940625,127.63623199559149,332.57915847471344,0.08780024812655995,120.9806216884104,22.213304775792864,0.07048604226144936,0.028291251506749188
64,13,test,14,3780.84375,142.7059917343101,380.61131349892395,0.09713262421458257,135.85575643391223,25.631598572452674,0.07738186951173914,0.030250291398887987
64,13,test,15,3861.746875,157.45234725415713,433.63001630228945,0.10572597851672347,150.0237044718986,28.666307891022313,0.08466729727947715,0.03447544204910474
64,13,test,16,3942.6499999999996,170.39167590876048,491.50366421194343,0.11244979835506752,165.28113650723242,30.824453312895628,0.08984623575410133,0.03698936737061252
64,13,test,17,4023.553125,184.50882922612521,555.3901012095305,0.12153176341298064,177.01051498147535,34.01910771498251,0.09672382528126688,0.03931293675435432
64,13,test,18,4104.45625,199.9421746188048,621.4412371650545,0.13489440640748404,189.87138376043868,36.55073596237912,0.10904023188017774,0.042052481296152994
64,13,test,19,4185.359375,216.2277836691473,693.7189113500776,0.14600965382624564,205.38927796847872,40.03511314471098,0.1200344412609581,0.042776697799350866
64,13,test,20,4266.2625,234.12568199182715,780.3876612774659,0.15952444750693198,219.8448318161752,42.457300354822536,0.13465558613854656,0.04588212205373747
64,13,test,21,4347.165625,251.95883488981963,863.4353957830556,0.17438171090448581,232.6205646352264,44.70844444439592,0.1472243935566847,0.04895151079313282
64,13,test,22,4428.06875,255.36362475134666,951.815150678073,0.18105949196448207,235.4137744497109,46.996180247131036,0.153157131586994,0.05017693807269404
64,13,test,23,4508.971875,266.2669813542067,1019.7092089553358,0.19698042393992138,244.70584340079427,50.530093669209464,0.16846418811754943,0.05200883039271041
64,13,test,24,4589.875,274.2760232342256,1117.1814864333342,0.21327071988009716,252.03623458902058,55.25857106085397,0.1818010288519127,0.05299485744912798
64,13,test,25,4670.778125,284.3076671690028,1223.7617999462834,0.2299864145286351,257.2391462108712,57.6433061195587,0.19857818120117693,0.05554294733436764
64,13,test,26,4751.68125,294.94479228827686,1334.8767952079456,0.24574669324891815,267.0617681972267,61.098053197198965,0.21590782542408107,0.05811527606422364
64,13,test,27,4832.584375,304.06191890493517,1439.8623301264804,0.265710379396579,274.4026000059352,64.19449044850012,0.23808448943981111,0.06032253090384584
64,13,test,28,4913.487499999999,317.71039870614004,1551.1504781318552,0.2862058088946781,280.62517524318054,69.90023841530046,0.2614016683885542,0.06269606980676465
64,13,test,29,4994.390625,331.4022176593028,1669.721712502604,0.308983392705452,293.4704309983047,74.50204628482737,0.2837839623864788,0.06443891787532435
64,13,test,30,5075.29375,344.04300141528665,1788.2076467195066,0.3337281110528112,301.25918258369563,80.96484926541336,0.313566984350493,0.06704051915201216
64,13,test,31,5156.196875,362.1148194423114,1923.2602677072673,0.3603480921530212,311.73446313150066,87.70550718963221,0.3407294112228627,0.06772978770236546
64,13,test,32,5237.1,374.9575868128545,2060.1057575962104,0.38740285515554035,320.94695420958885,94.49552115564686,0.3656697860842176,0.06940551309337165
64,13,test,33,5318.003124999999,383.1686763106976,2174.504320022426,0.41610968600516546,336.273575703558,102.51842921125842,0.3927667286880189,0.07111234680343788
64,13,test,34,5398.90625,400.48325241561855,2335.9623937411743,0.4452429401515662,343.6156346843404,108.92329962550474,0.4209860937413115,0.07299871321055258
64,13,test,35,5479.809375,414.993443298485,2497.9199387784756,0.47507743103396977,362.2710971241752,116.8529091264463,0.4534315355153168,0.07391930976699546
64,13,test,36,5560.7125,439.1212238652429,2648.9173038455106,0.505846460918169,383.06338882240357,124.86062688440836,0.481288528989543,0.07422413421082075
64,13,test,37,5641.615625,467.7508491372038,2847.112555530841,0.5327731193234403,407.75327146632634,131.8038389295566,0.5131483727455338,0.07550269606169425
64,13,test,38,5722.518749999999,501.3554912457394,3040.888612019154,0.5729232775585902,437.9518543355445,138.52368169086304,0.5481980342096002,0.0762834143742483
64,13,test,39,5803.421875,536.1467493920173,3207.4805507391675,0.6072175323865516,472.25207706281935,145.68914610720185,0.5890539045397893,0.07711872404772124
64,13,test,40,5884.325,575.8038117983517,3340.9793565104314,0.6415373962243565,512.4869778692087,153.45498517838507,0.6222146340231494,0.07872697172000079
64,13,test,41,5965.228125,620.9571500475022,3546.322949921335,0.676430799639506,554.467747671886,159.9604912917414,0.6501259519479802,0.07933969218935563
64,13,test,42,6046.13125,671.06351372923,3749.4883368143296,0.7049639067319078,595.3782345262937,168.82516978009932,0.6822272061461354,0.07939082549978174
64,13,test,43,6127.034374999999,721.7921700617183,3965.030158405384,0.7421953034154813,642.5273892037069,176.12596094603106,0.720187561711827,0.07864729657823186
64,13,test,44,6207.9375,776.6642714796745,4116.6450783654345,0.7780470189795163,702.6390113010201,183.44494357788932,0.7580452070836339,0.07934191723986667
64,13,test,45,6288.840625,831.0594409427807,4305.215085015469,0.8127978725271101,759.9889352858042,190.839100284677,0.7906438724623321,0.07941704395825894
64,13,test,46,6369.74375,877.6279551830157,4603.4636052728765,0.8489382524774544,824.4278786695389,198.30284021548295,0.8373900785704214,0.08138234980949524
64,13,test,47,6450.646875,939.9610211273953,4924.146337822822,0.8843167174687472,878.1889375446142,207.0956176489318,0.8680103888844305,0.08310447244773769
64,13,test,48,6531.55,1013.874845978421,5195.284699016851,0.9214817755614814,947.0526435030636,214.58343485544162,0.9031930818677105,0.08493975085518161
64,13,test,49,6612.453125,1080.7617865820039,5434.936362120156,0.9576351210066371,1008.4102970980666,222.08267107791357,0.9322139915274654,0.08709400110579885
64,13,test,50,6693.35625,1158.9422557503894,5615.308230540567,0.9837854343313149,1067.9777521246338,228.66758438036072,0.9640997630908157,0.08951438725655209
64,13,test,51,6774.259375,1237.5099901477142,5808.326745058113,1.0192998074769963,1136.8555973139962,236.2773304196537,0.9975967352483135,0.09106759148301297
64,13,test,52,6855.1625,1312.976632696426,6120.047332028537,1.0408886599371363,1217.256269426045,239.85936489540904,1.0254026028026288,0.0932923986619533
64,13,test,53,6936.065625,1371.6322844951492,6363.666629092167,1.0689799097353958,1287.5937460890227,249.01884677144892,1.0603216174638226,0.09459512131075251
64,13,test,54,7016.96875,1452.161936033832,6663.669754223597,1.0932290335157988,1370.1862432559578,256.63604298667053,1.0821817885869125,0.09408608680754471
64,13,test,55,7097.871875,1531.822395460864,7017.125154254182,1.1162876799320556,1440.51476424346,260.69704698889495,1.1004304417741653,0.09551376851028794
64,13,test,56,7178.775,1618.0675162645139,7368.7523638850635,1.1303419713296694,1512.740759959982,268.3271732579726,1.1139173214854,0.09672683227166141
64,13,test,57,7259.678125,1692.6890307012031,7738.615402899368,1.1398049311777334,1598.0755591621687,274.4950020278196,1.1225467240130669,0.09942803329963772
64,13,test,58,7340.58125,1772.5200339543221,8119.211064332073,1.1521559420162237,1670.6085719504244,281.72091408026745,1.1315500662951035,0.09971200700890914
64,13,test,59,7421.484375,1874.1384136091028,8457.359472448245,1.1648302496387528,1749.0316229899463,286.77678186676656,1.1456431988580429,0.10259466970772776
64,13,test,60,7502.3875,1969.403642244174,8800.854458820548,1.1757420650913633,1839.2128831847535,294.6921793847892,1.1586915953441683,0.10175842070144847
64,13,test,61,7583.290625,2063.1409510521516,9258.68970297803,1.1871137172003374,1942.6407744186633,301.01207561867227,1.1643268709126202,0.10079603721874089
64,13,test,62,7664.19375,2135.9134806348547,9584.854920288877,1.1939015317596195,2028.8437510488393,308.50537686243484,1.1686245986680388,0.10144975274386722
64,13,test,63,7745.096875,2212.8686446025795,9956.536047344287,1.2011013542837858,2115.5127663583644,314.6546194857578,1.1804965774119962,0.10149827781371495
64,13,test,64,7826.0,2308.1152955151083,10257.01989931653,1.208310061231309,2205.9299031085047,320.9976422248104,1.1769738460514836,0.10271695096036176
64,14,val,0,2648.2,0.0,0.0,0.0,0.0,0.0,0.0,0.0
64,14,val,1,2729.1031249999996,4.6599989895597105,11.629161227784833,0.005503156734476544,4.545651788134819,0.8154035485290478,0.004752512760802796,0.0016421483478301635
64,14,val,2,2810.00625,9.568248655327238,26.249732797342574,0.011728809103925264,9.372234854453154,2.0237197117438654,0.01031782052807878,0.003701725120722199
64,14,val,3,2890.9093749999997,15.961158673775344,39.323076026951746,0.016223923041777666,15.514638791366053,3.7635994735865097,0.014078523485897693,0.005201487441916508
64,14,val,4,2971.8125,23.46290844526777,55.62705716394019,0.02292912278594947,22.616007650384518,5.155607055783662,0.01979611604510656,0.007018192599399231
64,14,val,5,3052.715625,31.463156829175887,76.56514426618322,0.030335887283638313,30.162290784780055,6.2593795496326265,0.02565146803632304,0.009439181463604535
64,14,val,6,3133.6187499999996,41.31161643496739,99.72327808755772,0.03932705605550358,39.66881801544275,8.009563361156324,0.03316058929903314,0.011923353596426933
64,14,val,7,3214.521875,53.230595150594695,122.16800004290175,0.04769541745254513,50.370861769010844,10.023113809737083,0.040002724737168635,0.014541158121293696
64,14,val,8,3295.4249999999997,64.63551738525553,149.0275698881615,0.0551428087606394,61.14522441248482,11.798427101439302,0.046700054830373094,0.017400752642230538
64,14,val,9,3376.328125,74.66528461878852,174.39572124431058,0.06163193825969339,70.67670146452087,12.9967209670383,0.05201279123033878,0.02006959503166733
64,14,val,10,3457.23125,84.49133421871124,203.07139923661364,0.06688046498430286,79.90191904590738,14.852260428725117,0.05729226460867917,0.022960850012021528
64,14,val,11,3538.1343749999996,99.27683116497121,242.98727272302793,0.07219465623840848,93.18612789712688,17.7319343945328,0.06184793854732695,0.025228696457459815
64,14,val,12,3619.0375,113.76829462648175,282.7184990972296,0.07727342621277264,107.01524424469255,21.064956483030528,0.06592713967893196,0.026978454469459012
64,14,val,13,3699.940625,131.54359808912375,330.0759089313445,0.08308425587240376,124.08458669943911,25.313697018034986,0.06977238307400574,0.02897645839774511
64,14,val,14,3780.84375,150.00177913533008,381.6424441864649,0.09019098960778502,142.43851474066105,29.482889125858946,0.07667384800554705,0.032217551578110626
64,14,val,15,3861.746875,170.5937360321741,430.4151570618008,0.10096837495217163,160.89571046819628,34.897063777123094,0.08683461947087134,0.03609467238736841
64,14,val,16,3942.6499999999996,188.1965254422937,479.7865134353372,0.10996315221072778,178.8030716644471,39.52676721449677,0.0934141330745028,0.038645770791767564
64,14,val,17,4023.553125,205.45716535883685,545.7826095427598,0.12046202424421948,195.356294513644,44.574474817437704,0.10336319242784664,0.041133204500955284
64,14,val,18,4104.45625,222.2861109044061,599.5290434218645,0.12625420040515872,211.95192223004256,49.452184076471895,0.10972016116192473,0.04605113848223791
64,14,val,19,4185.359375,244.64315776822332,675.5371339266546,0.14013914547979928,231.35079510871037,56.41856008095658,0.12479704054173257,0.049726957632759486
64,14,val,20,4266.2625,268.80523409217005,737.8723397026048,0.15763774185581503,256.1910525778899,65.18068831363166,0.13980964613773822,0.053675536802421514
64,14,val,21,4347.165625,296.5711307746801,810.3633958112765,0.1772381413840951,281.79388884382206,77.5972129815159,0.1560464931244926,0.05538531480872577
64,14,val,22,4428.06875,318.6131046865768,885.2717967673304,0.18615913673437207,299.40928230735153,84.40798396188143,0.16540575063194243,0.05972296522309406
64,14,val,23,4508.971875,348.62540531551645,955.7685690628396,0.20897816740614306,322.78472498326494,95.53234834717728,0.18190616128944265,0.062287505896672056
64,14,val,24,4589.875,373.3388127906778,1050.7919083645772,0.22397693373207156,347.2492496073585,104.57094756365848,0.19921409226333897,0.06377561315966222
64,14,val,25,4670.778125,399.2709583499163,1145.710344868388,0.2428168576217027,369.91064311460775,113.17067676561976,0.2170425146922894,0.06820899542634568
64,14,val,26,4751.68125,423.8825088661713,1251.5369448393317,0.25986610994604975,392.10348529672956,124.0530199391543,0.2340081756338347,0.07127563169925452
64,14,val,27,4832.584375,451.62349649663724,1363.928394054445,0.27829993866353153,410.79837705140676,134.25105566783202,0.2509392350393824,0.07438253433544872
64,14,val,28,4913.487499999999,478.34855952288535,1473.0714672734216,0.29563692903471217,432.5497541525465,147.43511643128926,0.2715771593965466,0.07847722832455759
64,14,val,29,4994.390625,503.0682770556041,1585.1350684882389,0.31320123507733166,454.3189175309408,158.61538016312693,0.28808775202537884,0.07919064129634397
64,14,val,30,5075.29375,529.5118459256543,1728.1824147767488,0.3375162269288745,475.9601831606801,172.3406903704756,0.3082433236169385,0.08198945561074984
64,14,val,31,5156.196875,556.5156815403327,1867.6544240514534,0.36125035766637614,500.4198905465387,182.47438419452067,0.33303648399185537,0.08303427237733342
64,14,val,32,5237.1,584.7106935891873,1999.8530604491025,0.3838141336721876,527.2222035954428,189.28846491316875,0.3565471414666288,0.08391884182860562
64,14,val,33,5318.003124999999,614.1362153231071,2124.8246410276374,0.40570599714032096,559.6686660023806,195.05494122745404,0.3761404850058589,0.08509509610497845
64,14,val,34,5398.90625,649.4507913259184,2295.005682622653,0.4339002081256427,585.6857901477213,203.53323476574303,0.4024107130216059,0.08662255193059298
64,14,val,35,5479.809375,682.0893731346587,2466.642157774465,0.46378514307665597,611.4994999269072,213.74247219284825,0.4325130272702232,0.08755885930265134
64,14,val,36,5560.7125,717.550281258557,2653.965555796749,0.491505631266289,643.997929354498,223.28135505600244,0.4671459821970758,0.0893401202853028
64,14,val,37,5641.615625,752.4247259566437,2857.2955037037877,0.5188545985238269,671.3549772408101,232.73020715350867,0.49851438099265954,0.09173356107256003
64,14,val,38,5722.518749999999,788.2072438693513,3046.0631308776856,0.5544968003445074,703.3805948696994,243.0065020555503,0.526590744420713,0.09495748506070656
64,14,val,39,5803.421875,816.9987296128056,3203.6622327528435,0.5877311328356671,741.577262856481,254.10417552885178,0.5608495934645574,0.09727791164546723
64,14,val,40,5884.325,856.2696302448103,3422.307854776211,0.6203507824318055,779.8994108258626,263.5583219662294,0.5928694089642056,0.10020107240532941
64,14,val,41,5965.228125,890.8613890558854,3643.9969790472287,0.6597078816199947,811.2216370619194,274.5011935142827,0.6311453372507894,0.10224075559559648
64,14,val,42,6046.13125,932.6252394749233,3860.1956670413124,0.6944760210372825,849.4233214101996,284.7473339590749,0.6648375300384035,0.10318447775884906
64,14,val,43,6127.034374999999,978.2048143059683,4105.222198193706,0.7265806065618746,890.1528362504223,293.57154720165113,0.7009726514095316,0.10505396315915738
64,14,val,44,6207.9375,1017.1116579575994,4291.435967368302,0.7632462425092024,925.9769788867516,303.02306739920937,0.7357488735341422,0.1060930684921857
64,14,val,45,6288.840625,1066.9525588566557,4534.767651144346,0.8051086327997559,964.1261863152124,313.10634844723495,0.7763613920733353,0.10743327586286433
64,14,val,46,6369.74375,1118.7040461713877,4835.5719456413635,0.8402138676108297,1005.7335606141909,323.5332372482844,0.8140112036951752,0.10967842284162477
64,14,val,47,6450.646875,1162.0939303453329,5079.964959796847,0.8758515617852403,1057.01744014317,330.6462919235855,0.8501526337612308,0.114151507750241
64,14,val,48,6531.55,1211.7729240213748,5358.515656747036,0.9082453199911189,1117.4982409494874,340.55367977617834,0.8867720995597433,0.1182303750178592
64,14,val,49,6612.453125,1273.4047084887834,5589.935116234088,0.9464510290820571,1167.9550091486703,352.7779151811501,0.916773559172801,0.12017848149167842
64,14,val,50,6693.35625,1336.48661839527,5899.675768767206,0.9752512321995199,1235.5472149991704,363.43342884586605,0.9586620109589411,0.12292890868113165
64,14,val,51,6774.259375,1395.8162070611024,6251.889570935246,1.0057348186876536,1301.4637963349428,374.7988441733128,0.9881613507487091,0.123414766841759
64,14,val,52,6855.1625,1467.3578025164318,6545.775880100278,1.0421714086451817,1366.1515594631055,379.5960324953853,1.0194226098113324,0.12515737424708892
64,14,val,53,6936.065625,1547.8503600690203,6847.80414993239,1.0672151289509295,1442.1351153280143,386.5555778965586,1.0431666472810464,0.12651284835975102
64,14,val,54,7016.96875,1624.1318123178276,7185.352806574139,1.0984836750840277,1522.6945614965643,392.5442156675558,1.0702446222567719,0.12583505547419938
64,14,val,55,7097.871875,1708.7399303918714,7473.0592121101145,1.1200777414297063,1606.5523145498018,399.1492191249222,1.0848874726720192,0.1262314765229644
64,14,val,56,7178.775,1783.4090582928752,7790.620725094432,1.1411130703047752,1682.7264963337711,408.4995886419449,1.0999129386435602,0.12860177256610386
64,14,val,57,7259.678125,1852.6585554061512,8138.371489971933,1.1543030781524521,1759.4471993990055,417.0714658091441,1.1165419216564998,0.12988808920974537
64,14,val,58,7340.58125,1920.4029105412133,8501.82086127642,1.162390768730398,1848.2465006693474,422.68115553542884,1.132509182977269,0.13092046807142155
64,14,val,59,7421.484375,2011.5685948986481,8869.15533713066,1.1763533381073805,1917.1487117960737,434.96829942388615,1.1464199805767405,0.13248882055629657
64,14,val,60,7502.3875,2105.313515017855,9273.70100913684,1.18682802098663,1999.724255436206,444.4165628453334,1.1543565044721815,0.1323414186279251
64,14,val,61,7583.290625,2207.5199110321364,9758.146783012031,1.1967070195463003,2087.8186525630726,453.60717706452647,1.1717190673681404,0.1352917039326787
64,14,val,62,7664.19375,2310.619839390501,10156.885225173692,1.2060343123816986,2182.2742417154473,460.2221501766053,1.1721206125748922,0.13591485250739888
64,14,val,63,7745.096875,2399.932411031614,10532.493611491613,1.215589525843913,2272.575571475073,466.52605892413135,1.1674299384634574,0.13688821144597005
64,14,val,64,7826.0,2488.785321215289,10873.753683322175,1.210568445681931,2349.8755522940937,478.13596730321706,1.1702132334513449,0.13619551831188167
64,14,test,0,2648.2,0.0,0.0,0.0,0.0,0.0,0.0,0.0
64,14,test,1,2729.1031249999996,4.667531101482325,10.331616805817493,0.005570891792610125,4.5586112632647335,0.81991820669991,0.0048640476235724435,0.0017152981061513157
64,14,test,2,2810.00625,9.55388022089565,24.440845897467867,0.012093839547250643,9.348536234803362,1.9289723350013332,0.010461147214429686,0.0036128942514429205
64,14,test,3,2890.9093749999997,15.980146191807876,36.11969808697496,0.017010930091612697,15.722163292245739,3.629196418501124,0.014601224583309785,0.005177216248025435
64,14,test,4,2971.8125,23.4321898168961,52.282034351326,0.023924155466517466,22.800378259077547,4.9869825833148695,0.020716164152681515,0.007220185347446215
64,14,test,5,3052.715625,31.573771872809075,71.86820399729186,0.03178176270931046,30.594814392728154,6.157324367585204,0.02739917653271813,0.00922587181568374
64,14,test,6,3133.6187499999996,41.55494743120158,93.41298955462706,0.04109682521561894,39.98183747103212,7.715298350881028,0.03503991326515117,0.012156954445802486
64,14,test,7,3214.521875,52.72140233767075,119.3005497618657,0.049528303789864864,50.304181236441536,9.318103400815403,0.042404246965531585,0.015106394311154014
64,14,test,8,3295.4249999999997,64.2996253336392,144.53656898855627,0.05791355777061413,60.949719223283516,11.011226246232297,0.04989910873595682,0.018078989863716966
64,14,test,9,3376.328125,74.47234147657866,169.3586280694099,0.0639089251336239,70.67793792997179,12.682770814834043,0.05381083057421493,0.020325092694633076
64,14,test,10,3457.23125,84.37375566350624,201.05158800370336,0.07024374971852013,79.47373801155777,14.284653663540148,0.05837711510581385,0.02262685038678658
64,14,test,11,3538.1343749999996,99.23448197991291,241.23580902015078,0.07399387306334,94.48678177206737,16.999934216386237,0.06327133923562586,0.025296925002443738
64,14,test,12,3619.0375,113.46196874247383,280.7485437016054,0.0787071107777905,107.85278376741303,19.38273143322533,0.06754841889298688,0.027565820560733305
64,14,test,13,3699.940625,130.89004566292317,331.6554476955446,0.08587464923107374,124.18904302280254,23.16519078114254,0.07318801946556985,0.030064762544160413
64,14,test,14,3780.84375,149.53247691055083,380.2785210475965,0.09335227748012188,141.54693607918034,27.068277279816755,0.0778294859831094,0.03332770409505102
64,14,test,15,3861.746875,169.93139831292225,433.27518528800795,0.10491959460355582,161.96191874139032,32.62468370121496,0.08932987622626079,0.03620498187578269
64,14,test,16,3942.6499999999996,185.89230272008805,483.53647543011937,0.11370138073802868,178.599476223809,37.76544589543107,0.09560032697149799,0.039245946837689234
64,14,test,17,4023.553125,202.8921348727888,547.8623258128382,0.12365256608923292,193.7244220120249,41.234354071100654,0.10583998634272618,0.041791486627407864
64,14,test,18,4104.45625,220.00008209542554,625.6893474467995,0.12895760513894836,208.13531291214815,45.35947638983373,0.11342748211336934,0.045938893357423335
64,14,test,19,4185.359375,241.07799814063748,697.0665527773086,0.14271571949207862,229.61357078372657,51.4402155888547,0.12744767815716165,0.05042313424576464
64,14,test,20,4266.2625,268.48117116659154,782.2130480988671,0.16059259706626555,253.1221121536973,60.998994010766694,0.14501960309473358,0.05255387659752926
64,14,test,21,4347.165625,292.16713935420734,875.4791387168123,0.1798435159051457,278.01446688426165,72.83953987463221,0.1635236173800378,0.05676365336386782
64,14,test,22,4428.06875,310.1302840627653,960.8093704911604,0.18993364365345322,296.1429732583216,79.45601607674746,0.1731013685237568,0.059329648720342965
64,14,test,23,4508.971875,337.57389513363023,1068.1746916395116,0.2102611241086086,320.03658365360366,90.34044431129473,0.19030002365753168,0.061267521271074314
64,14,test,24,4589.875,361.3354698058018,1175.654344459706,0.2285688666347728,341.51027194820927,97.30133530054275,0.2068640914137318,0.06317255130831
64,14,test,25,4670.778125,386.0357503809695,1295.0985521174396,0.24738293291223096,361.28433154437187,104.41217894257449,0.22569876581311765,0.0666170843257978
64,14,test,26,4751.68125,409.82004700540386,1387.3722034916455,0.2651730763609441,379.30539869626045,115.25372517850485,0.2437310120934344,0.07006526333606955
64,14,test,27,4832.584375,432.43136679096494,1490.7317021598492,0.2813918735797144,400.8278541540733,125.4764746011432,0.260350146672101,0.07201947338715109
64,14,test,28,4913.487499999999,458.6280072139792,1624.7227929537341,0.30266372324444857,422.65710894666597,137.62486005438745,0.27795688847526795,0.07500859950068488
64,14,test,29,4994.390625,479.13758871869305,1734.997455523544,0.31992593925768764,444.83375590210983,149.01833458551295,0.29849141651836286,0.07806672533171646
64,14,test,30,5075.29375,507.9632064869735,1872.6784384124144,0.3440058067992191,467.1456908504936,160.95364022082492,0.32027923589404705,0.08100533260636203
64,14,test,31,5156.196875,534.8402581494156,2001.476020036193,0.3679975830281788,488.3743487989278,172.30156774937555,0.3442783150520712,0.08299600325241928
64,14,test,32,5237.1,563.288035781902,2128.064222760505,0.3961089256809929,504.9776998276627,181.11819086677627,0.3646053762253083,0.08441462303503296
64,14,test,33,5318.003124999999,599.9010200016244,2252.630274098649,0.4167075798982012,530.1484549301136,187.6786221401767,0.3936787250923904,0.08512752518956279
64,14,test,34,5398.90625,631.2439025729759,2370.19134496537,0.4463083144355152,569.7912017328476,197.1500897568319,0.4266017013856427,0.08614463603912796
64,14,test,35,5479.809375,663.6724580837665,2466.1637820494566,0.4794835724682457,599.049209248534,204.35203014697834,0.452864540643208,0.08604952768373475
64,14,test,36,5560.7125,703.7498312453607,2569.1403335818522,0.5081712221815804,628.9943207105892,214.2758172464312,0.48546022294342767,0.08843236119961302
64,14,test,37,5641.615625,736.1436509232319,2723.740994534671,0.5400035841053585,666.2032016011779,222.63204923226886,0.5176362201165102,0.09151498046897945
64,14,test,38,5722.518749999999,777.2479517170581,2891.8368773096554,0.5687598786805748,696.1551173336034,232.649947197487,0.5449010943252841,0.09430438765889448
64,14,test,39,5803.421875,813.8221627128246,3062.2320092126956,0.6009415460444465,735.4293054295465,239.09350760249026,0.5775764400674233,0.09586951183210117
64,14,test,40,5884.325,852.9943129407868,3196.6978521129363,0.6347522347737444,772.2081909992085,248.6136749146901,0.6072001632906401,0.09732866625301526
64,14,test,41,5965.228125,893.9166339387725,3343.2276694332068,0.6710012953437539,816.9565009075939,255.56132731803416,0.6451494654819387,0.09891437556124819
64,14,test,42,6046.13125,938.2512502963714,3556.3231940158207,0.7023132672784247,849.8238538829845,264.42025310480057,0.6841491638826802,0.10073857665493909
64,14,test,43,6127.034374999999,987.074443573249,3728.8235882492922,0.7390115454876667,890.6147515486964,270.87207605740105,0.7200454369248808,0.10224204148988683
64,14,test,44,6207.9375,1033.6609188682644,3983.5666164454165,0.7727993419081696,935.5607342434666,280.0458715880012,0.755655623655406,0.10486111086844066
64,14,test,45,6288.840625,1078.2494950273785,4218.87846180681,0.8107806160896208,994.4787688963502,288.3424541426294,0.7949882085104693,0.10661986254899367
64,14,test,46,6369.74375,1128.212258886208,4420.619317023288,0.848948547352818,1043.50130319051,295.0464133134823,0.8300420401769204,0.10854582399940499
64,14,test,47,6450.646875,1181.0317740563505,4656.765094138047,0.8849285329303389,1080.1853644861055,304.5405615712582,0.8622973677987755,0.10926367857286984
64,14,test,48,6531.55,1229.5157076354853,4928.809216644425,0.9124952765654886,1129.1928310720039,314.5738943401497,0.8986228633869677,0.10970137034793659
64,14,test,49,6612.453125,1278.6884631430412,5209.200160179396,0.9320243789665907,1184.8277552117565,321.76223455831376,0.9196146869195204,0.11278274123013106
64,14,test,50,6693.35625,1343.6707460274279,5496.619675696405,0.960342914770429,1250.7588440773816,331.3354564410105,0.9440781433878997,0.11431862933609059
64,14,test,51,6774.259375,1407.5895849330386,5843.576239791654,0.9868185565565929,1321.4385356139076,338.8804364017233,0.9732964313955844,0.11488707834526965
64,14,test,52,6855.1625,1468.5753133960143,6223.804479265871,1.0198363048755932,1379.0791394769758,347.09495380021235,0.9987172964826124,0.11718417925236663
64,14,test,53,6936.065625,1539.4016928243257,6531.249993749435,1.0461002492493514,1455.2910630406614,354.7599255032594,1.0310976837500028,0.11827156004779946
64,14,test,54,7016.96875,1616.1623775023345,6808.706303007089,1.0717600397786713,1527.6512142660295,361.33821516615683,1.049431174976162,0.11732306655143673
64,14,test,55,7097.871875,1673.6315543671765,7075.066664168351,1.1005098933230748,1605.698599558721,369.0575065143804,1.0665127858977135,0.1205275963447063
64,14,test,56,7178.775,1752.7736177329487,7330.391580525583,1.1214077569428533,1688.2548422419532,375.4831673120691,1.0834063079215723,0.12168281119701203
64,14,test,57,7259.678125,1835.3813350486519,7611.222494178332,1.1322149492336808,1757.8459729941756,379.1235252007823,1.0954241766299444,0.12266223038454385
64,14,test,58,7340.58125,1929.8580617633297,8000.572832113156,1.1485989088266604,1825.076296104669,385.5243263563395,1.1125719382012178,0.12363477945020497
64,14,test,59,7421.484375,2018.8549573946943,8365.316370128952,1.1702451389496091,1910.5361400346937,394.296347792789,1.1324484270075208,0.12422050977121263
64,14,test,60,7502.3875,2081.0522605018778,8639.993408652692,1.176512409325585,1993.3987007265373,406.13382474646187,1.1536774165347639,0.12587163824937136
64,14,test,61,7583.290625,2171.9492735754216,8930.34678258002,1.1919946431834318,2088.140015773206,415.693052647228,1.1699336831786922,0.12706210351074668
64,14,test,62,7664.19375,2261.363573588241,9265.505907101959,1.2069392188662662,2160.4084537162294,425.22324546553136,1.1849746784177024,0.12721675163592047
64,14,test,63,7745.096875,2356.007776095282,9608.495711039726,1.2091774723370503,2244.4655793498214,439.42929217405435,1.1916427959548226,0.12743332907551655
64,14,test,64,7826.0,2439.985861594323,9952.552664937937,1.214787909151617,2329.1536073432794,452.57302995111814,1.2006259205210452,0.12901752495051225
64,15,val,0,2648.2,0.0,0.0,0.0,0.0,0.0,0.0,0.0
64,15,val,1,2729.1031249999996,5.1931435066876475,14.586107997075684,0.004802015640570367,5.064314220561528,1.1255707063355658,0.0033254778387123776,0.002533617900358359
64,15,val,2,2810.00625,11.560589504817642,27.39488719690539,0.00954704434816267,11.333374020978226,1.7202766612314235,0.006523398121363599,0.00492778177876331
64,15,val,3,2890.9093749999997,18.094959231454766,38.58693377935082,0.011780405221636925,17.916240974670927,1.6352847464560227,0.008117322346113537,0.005905164635405628
64,15,val,4,2971.8125,26.115659176340955,54.53419501956701,0.01681427994940088,25.89515809363263,2.874241366221497,0.012005870938351648,0.008641837767546512
64,15,val,5,3052.715625,34.999696158067195,73.66036581964553,0.022763331161679973,34.47312708314598,4.448450815090155,0.016682980771828837,0.011592608128815907
64,15,val,6,3133.6187499999996,45.136975971843185,95.4784656631133,0.03023675091378547,44.47653610968416,6.487788434498043,0.022080796550159876,0.014938061352429144
64,15,val,7,3214.521875,56.15317403106701,115.74181256229954,0.03598826448329706,54.993839122687405,7.856336474361569,0.02689415767592046,0.016805048158104186
64,15,val,8,3295.4249999999997,69.84119002021316,145.7377366506193,0.0442064402111364,68.0265080990381,9.873831187633186,0.03367765331523803,0.021002129794727483
64,15,val,9,3376.328125,84.02888686941878,178.70400314399674,0.05099856797394914,81.70449658447865,11.979392086040264,0.039799548008903965,0.023962746304494534
64,15,val,10,3457.23125,100.51594894707705,214.47837612375181,0.05843169740038512,96.8634243039066,14.485445924592,0.04606901443472006,0.026434361896608694
64,15,val,11,3538.1343749999996,117.96076566912461,252.70497922325873,0.06789645681889653,111.3433726820574,18.177643354704287,0.0541032702132023,0.029204811981688172
64,15,val,12,3619.0375,135.1819514713668,299.39648750257925,0.0770688039045328,126.523877856485,21.805837464334843,0.06271444143629568,0.033176468724027686
64,15,val,13,3699.940625,151.44049138932303,344.48985000415433,0.08397198966620528,141.66979606407182,25.181042867316705,0.06851508415323462,0.03600807500899264
64,15,val,14,3780.84375,168.76487166257448,393.06570009933307,0.09035385230358323,157.17561160751447,29.42444319720039,0.07503266899136496,0.03918807445017682
64,15,val,15,3861.746875,188.45507917595228,438.6810512572904,0.10207363217884513,175.09094681774684,34.1712499142659,0.08673533755312879,0.04192648111070452
64,15,val,16,3942.6499999999996,206.9795071383851,498.3656014238035,0.11409421963578387,191.55938161617314,39.223577239454244,0.09631135201251806,0.04410477002590729
64,15,val,17,4023.553125,224.74647557547377,558.2900660702394,0.12789839675092507,206.10442314894328,43.77051230689233,0.10740556903224285,0.047391566097324325
64,15,val,18,4104.45625,242.06654924208237,615.1768538022875,0.13907505716449428,221.1536572353694,50.15839105590203,0.1167073543869232,0.04912894277410082
64,15,val,19,4185.359375,265.6218581004737,688.8742192814615,0.15576028229055683,241.71718905927264,56.95120859843428,0.13276003474475134,0.04999820805713304
64,15,val,20,4266.2625,289.0978842414853,756.798811514547,0.1736061871069547,262.32446021180067,63.030493892924255,0.1465184793823758,0.05115877429608465
64,15,val,21,4347.165625,313.22747419254426,831.1214942065659,0.18777318024726203,280.2202463385015,68.91088203325424,0.16319247963691996,0.05345620293474053
64,15,val,22,4428.06875,335.42354499678595,912.6051254844039,0.2041300452873679,298.7393255103825,75.56887139732282,0.1788239045818832,0.05680869325564754
64,15,val,23,4508.971875,360.3353620615053,988.0973981653567,0.22338106782734263,318.9844537056956,82.60822423159198,0.19683379301425885,0.059073226486013736
64,15,val,24,4589.875,386.97426059923146,1063.402270570864,0.24400772771546175,340.67819009106336,91.07473512155195,0.21478166250821912,0.05968350701499037
64,15,val,25,4670.778125,410.85340107687784,1142.8678542271875,0.2646270585971028,357.5935994858668,97.47408122676404,0.2347568244840531,0.06247994581654037
64,15,val,26,4751.68125,438.37237495864656,1229.4026188438347,0.28485966080425695,378.4658064372479,105.44553021658487,0.2557379285160963,0.06459067206272817
64,15,val,27,4832.584375,464.50335481790717,1322.1984156641656,0.30483866820199546,401.83757633908357,112.69192298711062,0.2765515122443718,0.06664426150389952
64,15,val,28,4913.487499999999,484.4375985591505,1408.595528569581,0.3245734442236317,418.76411482124354,121.57503337364517,0.2983969031901193,0.06852610580773688
64,15,val,29,4994.390625,510.21550251219594,1525.1111022089099,0.3484528995122971,432.65644806677983,129.9146017625077,0.32385104121775143,0.07352421779292795
64,15,val,30,5075.29375,540.3981781248533,1666.2928619562886,0.3750729141698689,455.9468745525521,136.49826335799276,0.35072132592522953,0.07695524978593854
64,15,val,31,5156.196875,574.9028734976349,1766.621017271862,0.40229021599955117,479.66316051170566,141.7935069142402,0.3828464158814257,0.07921541436212848
64,15,val,32,5237.1,604.1047580727934,1885.5915169612533,0.4283111243533755,503.305406274535,149.6132613560235,0.4140362751416937,0.08105012174133147
64,15,val,33,5318.003124999999,637.2417499612766,2032.4103632055046,0.4620464250278816,539.8312587370242,155.58314363985914,0.4406397969528575,0.08322359082153785
64,15,val,34,5398.90625,674.3702464509056,2199.569512639656,0.4926181161211893,565.2888038891888,161.93190928940737,0.47177821736404946,0.08635892989288657
64,15,val,35,5479.809375,715.3976584505131,2335.4765822894897,0.518382253607147,610.3770173133398,166.364378021143,0.49604714991681453,0.08825732170568423
64,15,val,36,5560.7125,759.9069771879385,2517.596191381648,0.5474435347819911,656.6921501399747,171.28681588678774,0.5272938461209908,0.09187107296881533
64,15,val,37,5641.615625,798.6500873083742,2684.9469351357397,0.5757244381516535,704.4369170680085,176.97368317732298,0.5541997946091892,0.09454266047086157
64,15,val,38,5722.518749999999,841.2714530075505,2861.993199410006,0.6048461705746855,744.3069202914785,181.02119497007862,0.5859415117099309,0.09714878710253552
64,15,val,39,5803.421875,888.7576208722123,3022.639907998288,0.6394965096977873,785.6109800804774,188.3939042149052,0.6190469462772075,0.099784489593642
64,15,val,40,5884.325,928.7234632326431,3203.6405420538313,0.6681613515597262,825.8967266465618,193.9890426286297,0.6549482707335352,0.10219062031530286
64,15,val,41,5965.228125,965.0786867274519,3433.5070908637485,0.7036852949863781,865.8214441015843,197.7179088206782,0.6857030955797587,0.10535585750799659
64,15,val,42,6046.13125,1013.7565526364369,3712.742426340044,0.73549875123681,911.0871403804452,203.90945189144816,0.7150513071544629,0.10693756804455723
64,15,val,43,6127.034374999999,1056.16547440016,3904.973443141784,0.7685885426782814,945.174774377108,212.90067871314022,0.739912813372795,0.10768153950356518
64,15,val,44,6207.9375,1096.9921232687057,4229.446221313164,0.7930469944915641,995.8290799316245,220.1410976024789,0.7719208309692471,0.10626431016613064
64,15,val,45,6288.840625,1141.8632443034653,4421.452708389157,0.8185598710956782,1044.212005505102,225.47936182144213,0.8023550423395531,0.10633077604378649
64,15,val,46,6369.74375,1183.157454794582,4603.289662099222,0.8554687454910836,1090.062207997903,235.49272113858422,0.8357788668976601,0.1068555047061201
64,15,val,47,6450.646875,1236.093928422747,4875.772399799143,0.8929759530969805,1134.085442356593,243.24419019524157,0.8658512476780524,0.10853027760535441
64,15,val,48,6531.55,1288.915390093564,5265.795224402309,0.9239878791977296,1172.5386336626116,250.11950984293208,0.8942002769135384,0.10801468904358957
64,15,val,49,6612.453125,1346.987629322598,5568.402335845175,0.9531833990420041,1220.653962441645,258.2181136958184,0.9269738061032616,0.11054167964830164
64,15,val,50,6693.35625,1416.5704606020313,5792.663839988047,0.9791931267746357,1270.3497586657022,265.98421002222494,0.9645149184521612,0.1136272187257023
64,15,val,51,6774.259375,1464.3839951119446,6076.665765110551,1.0030926958718434,1327.1110735609,273.4393241754418,0.9853727627633369,0.11561338162586338
64,15,val,52,6855.1625,1516.1559347487241,6406.714748985815,1.0264068919523528,1384.1908757606234,280.59464039425563,1.004372513818963,0.11726993479890813
64,15,val,53,6936.065625,1591.9237593089974,6750.7992348214075,1.0503526493405024,1455.2547383832461,288.8002332702513,1.0195159070383597,0.11930738235082367
64,15,val,54,7016.96875,1646.8770343462893,7091.409252168578,1.0585831305751428,1525.8632695827146,300.89958726645705,1.0369221400104156,0.12086355832554435
64,15,val,55,7097.871875,1697.5413877802623,7437.825754363077,1.091875496053718,1604.585971104214,310.9796957688289,1.0569745307029699,0.12072881252236933
64,15,val,56,7178.775,1768.8015495597185,7790.964529252783,1.1187905654924668,1676.9883488194637,321.56300228679413,1.0842229555083627,0.1220479247966283
64,15,val,57,7259.678125,1849.6170041566984,8148.522508068854,1.1234931506234753,1752.4767300736812,328.1620262628877,1.0869563914687463,0.1220205844438809
64,15,val,58,7340.58125,1927.5473766200548,8537.873192488458,1.1401184420164467,1829.9696298065555,336.3138826290708,1.1077251896690343,0.12303736505771962
64,15,val,59,7421.484375,2007.1417122989033,8884.834838485696,1.1549209358212853,1913.1137311472912,346.99473050133986,1.1334416495656918,0.1235515235950696
64,15,val,60,7502.3875,2088.8135605192274,9260.420467676131,1.17543386535085,1995.0924655957465,351.7959174308771,1.1453203644544996,0.1246578143942606
64,15,val,61,7583.290625,2164.601834925179,9613.769081305183,1.1802308641149784,2083.7311099007393,362.57129498415,1.1575701976004464,0.12610546179672721
64,15,val,62,7664.19375,2256.5643907250887,9994.177457973981,1.1811595956335852,2159.86965162989,375.524615841087,1.1600079133903263,0.1269019696371887
64,15,val,63,7745.096875,2349.1288783250184,10371.067657629892,1.1904342649598498,2243.8980643518107,384.0588255638977,1.1633202303602541,0.12644255955033407
64,15,val,64,7826.0,2434.4862474024467,10754.956015689568,1.1951366277394015,2343.6181240905967,396.61686718891787,1.1665046198246487,0.12677661544799151
64,15,test,0,2648.2,0.0,0.0,0.0,0.0,0.0,0.0,0.0
64,15,test,1,2729.1031249999996,5.203211382848849,13.320388429688638,0.0047570606837091245,4.998591815120079,1.1109686087156234,0.0034829522983764044,0.0025184100779160334
64,15,test,2,2810.00625,11.509519351564634,23.138348049081984,0.00933076395494628,11.301173057447045,1.6846917419464091,0.006867879581005931,0.005021635019329673
64,15,test,3,2890.9093749999997,18.058878295676095,33.06326656214083,0.011746205653221427,17.92727108396619,1.5411867597237006,0.008697517132730953,0.0058846584019359984
64,15,test,4,2971.8125,26.03525319485467,45.71836287345122,0.017268195239568407,25.897854798882847,2.639829187337739,0.012909374482936598,0.008410216089336023
64,15,test,5,3052.715625,34.92311021225092,62.79384682295444,0.023200729524795738,34.49927662227825,3.9764794774583834,0.0177458353573935,0.01139869039410861
64,15,test,6,3133.6187499999996,45.30048976112511,81.11030762754018,0.029996659261026862,44.73912939743485,5.676445618775006,0.023857232982441023,0.014742081393201087
64,15,test,7,3214.521875,55.84931506170632,101.73987294431231,0.03579328073991146,54.89539468958071,7.208340739524033,0.02852781955996024,0.0164681278702547
64,15,test,8,3295.4249999999997,69.43158465325894,130.23212238181694,0.04405383841210066,67.98192806607872,9.582514905680739,0.03529704840777269,0.02053169074906283
64,15,test,9,3376.328125,83.55892653391095,161.6377956202371,0.05151596407379413,81.72424640309117,11.83516078074831,0.04074696356028574,0.023866425658599505
64,15,test,10,3457.23125,99.94171590538781,195.15760820826245,0.05926116927118573,96.7683856398489,14.470236263647962,0.04629578105017074,0.026661082985199314
64,15,test,11,3538.1343749999996,115.5865729409804,232.29324277006074,0.06737598161483428,111.49072854193243,17.377851441320757,0.05446000316927137,0.029315435504020243
64,15,test,12,3619.0375,133.29942440222453,272.002276714467,0.07705974694290205,126.41003591262034,21.000700897428004,0.06385093874238662,0.03297945941386528
64,15,test,13,3699.940625,150.35032709796826,313.87722980744,0.08496505406164513,141.23189891206778,24.917201803241085,0.0685961107261511,0.035289180398774024
64,15,test,14,3780.84375,168.2138250281433,364.40292409709696,0.09308140345998597,155.81177389221511,28.96091738126927,0.07534481414598823,0.03742160078061725
64,15,test,15,3861.746875,186.82020253166343,416.81696407409004,0.10554541010584065,172.3038598846358,33.84445839421346,0.08701123065431478,0.04136176837428451
64,15,test,16,3942.6499999999996,205.84505466193193,473.0455557526497,0.11831894120425263,188.31401962682293,38.895244016231345,0.09880909156082494,0.04344060669066695
64,15,test,17,4023.553125,224.1276933539993,530.6202063896405,0.13003357410225175,202.53025171887984,44.44569540227761,0.10897684723001379,0.0441607138285231
64,15,test,18,4104.45625,243.1790472141131,587.2371229973078,0.1388331031841601,217.46166476045835,50.58738837341359,0.11950285709858705,0.044913650917379616
64,15,test,19,4185.359375,265.2156247503541,663.1598386886353,0.15479752888400422,237.55253647962604,57.781399781227094,0.13383634678584486,0.04610015273994253
64,15,test,20,4266.2625,289.7690127672945,728.5425742462536,0.173192923181055,257.68055631680653,64.9446051535314,0.1496325311189442,0.048223226580879075
64,15,test,21,4347.165625,313.3202677218678,818.9935482717908,0.1860108463127858,277.1704510206199,71.94726910005045,0.16477902779347617,0.0504610378338423
64,15,test,22,4428.06875,336.2251233063063,901.515303221582,0.2046850263758941,294.58514213140677,78.2170495840333,0.18020211704375313,0.05272591388710054
64,15,test,23,4508.971875,361.1349615699737,1000.8113717651149,0.22314539330742927,315.9473832347004,84.77528322458738,0.19745055208567758,0.05507661296468274
64,15,test,24,4589.875,382.8141655005055,1085.9323851590632,0.24394841335186568,334.4945102109582,90.60396838268758,0.21863057547016548,0.05561313940820496
64,15,test,25,4670.778125,406.33219079012406,1187.7663172489445,0.2654914961036092,352.19531537896387,96.44528123766904,0.23972008680464563,0.05770567375966082
64,15,test,26,4751.68125,433.3886504772977,1289.4739504209017,0.2862233537935105,375.5212861827175,105.47028594772456,0.26073982944446394,0.05991441535933232
64,15,test,27,4832.584375,457.61968183422397,1431.2533089519188,0.3089751494189316,390.8106365146864,114.22868522502228,0.2843348084052323,0.06275263609877534
64,15,test,28,4913.487499999999,478.89218959409163,1541.9130410193675,0.3305203509497284,407.01784627837156,121.3016784720331,0.3046903290799888,0.06580627620014941
64,15,test,29,4994.390625,500.7939150358993,1657.2949799870587,0.3546513065920895,426.28703157263817,128.01323675193288,0.32613399791639464,0.06891937854259199
64,15,test,30,5075.29375,532.9607512538104,1768.0905450364821,0.37800125652948796,450.07705342303336,134.82748404392098,0.35381420378162787,0.07205069151459617
64,15,test,31,5156.196875,560.3190220301179,1906.517994866924,0.4082190709220057,477.6637048188519,138.75242410150435,0.3815580348974987,0.07458713592777433
64,15,test,32,5237.1,588.9848601131007,2079.092975716877,0.43472172518915775,504.61007264152613,142.22110170286228,0.4104068748635517,0.0765724375845849
64,15,test,33,5318.003124999999,625.9556129694204,2249.024597242809,0.4652253931545607,532.8851089613664,146.76908892941753,0.43874094454314505,0.07906830938549624
64,15,test,34,5398.90625,662.1416341135671,2354.3528218860256,0.4964571688338172,570.974580970443,151.91040838182346,0.47077064794178936,0.08235315328597448
64,15,test,35,5479.809375,701.1254283920323,2492.2704817464128,0.5236698491049696,595.278310086627,156.66414149536223,0.5035472688109804,0.08497337006095097
64,15,test,36,5560.7125,733.1542548220256,2611.298559501646,0.5575051387157679,640.282243149592,161.39059290709133,0.53142211495703,0.08671695267906641
64,15,test,37,5641.615625,771.951002532191,2812.078675010705,0.5864759746374675,684.005557540047,168.123063465754,0.561772393921297,0.0888537548742064
64,15,test,38,5722.518749999999,816.2156075490934,3004.5622004399097,0.6204167410114991,723.7892879617789,174.85976223443345,0.6023488838082436,0.0899147758635227
64,15,test,39,5803.421875,861.2339215864324,3187.901762385707,0.6552453889224452,753.8803685713376,179.97086846889943,0.6316565529663754,0.09241948814533649
64,15,test,40,5884.325,901.6369457972644,3377.3797755844757,0.6826174373121552,777.1148935676706,188.19937024157696,0.6621361514885029,0.09459709032645386
64,15,test,41,5965.228125,938.0010166147486,3551.6665687359177,0.7165195655699403,822.4141835814294,194.81164487218194,0.6914910104373504,0.0969047712120856
64,15,test,42,6046.13125,975.5560226975746,3757.8371434301293,0.751682526857575,855.8309843423046,203.27070756982835,0.7252668284058548,0.09958566757945278
64,15,test,43,6127.034374999999,1016.3528191292244,3976.6434158654647,0.7850963682408257,907.6377740167061,211.51611234465804,0.7560194534516618,0.10134227752037792
64,15,test,44,6207.9375,1065.8861443980286,4203.216088585101,0.8184002139300234,948.5962128845244,218.78330114866685,0.7948725115003545,0.10270405143383929
64,15,test,45,6288.840625,1114.0448194046257,4418.45382277742,0.8476333690142848,984.9267031321958,226.48146628739596,0.825446754933748,0.10142778594305332
64,15,test,46,6369.74375,1164.3995458503582,4705.089561750687,0.8764078239176589,1023.5905817363005,235.90393309427782,0.867059713248207,0.10288011568823988
64,15,test,47,6450.646875,1202.0813376735618,4927.788754726442,0.90816081310649,1074.8050717310207,244.02401908837268,0.8951872273646466,0.1053538480264779
64,15,test,48,6531.55,1258.4982792235166,5107.079468551304,0.9392379847401461,1134.8528901147788,251.91720743201884,0.9235206490504668,0.10598846269088691
64,15,test,49,6612.453125,1302.8906294179308,5368.502350685326,0.9661872692441273,1195.6875757142313,258.21678881357,0.9492185252595042,0.10615468627068353
64,15,test,50,6693.35625,1359.425552014443,5674.245955035705,0.9953392309507634,1268.8971666604232,266.726516986985,0.9742812964665843,0.10999609453504007
64,15,test,51,6774.259375,1451.5328959208773,5952.055180831207,1.0155990667299262,1332.3868353607509,274.26812505837717,1.0027704620472027,0.11226255189597437
64,15,test,52,6855.1625,1518.7789486205077,6072.657200019454,1.0489716921306957,1395.6123910849242,285.47125506152327,1.0348768413796783,0.11360427315429107
64,15,test,53,6936.065625,1600.1051653668005,6350.662663604923,1.0831226058581334,1481.439063811038,292.83729247053003,1.0583728090011735,0.11265305391067464
64,15,test,54,7016.96875,1671.6446702728263,6737.873555000855,1.104213230565629,1559.466746024455,300.4275686650928,1.0816755191090794,0.11356862684140483
64,15,test,55,7097.871875,1743.8600234825117,7069.6469459946,1.1261110409740773,1644.1170565498737,308.30919741940477,1.1033399617467707,0.11527815685723544
64,15,test,56,7178.775,1824.6797606941527,7378.335201694522,1.1493128338086605,1724.5754999887558,318.02777838987595,1.1231097085071737,0.11518118856360962
64,15,test,57,7259.678125,1905.642244940367,7751.346725968174,1.1710858287228774,1796.4493511919527,329.9425103733711,1.1395212652859295,0.11550835820505617
64,15,test,58,7340.58125,1997.0359911850437,8010.948842098573,1.187159109911736,1876.8021826252834,344.1328100065846,1.1715434959185187,0.11855657644760094
64,15,test,59,7421.484375,2076.2794715133737,8362.160653831568,1.210012724605733,1974.1996378056967,350.84452802280805,1.1873357427740796,0.11694847871893468
64,15,test,60,7502.3875,2153.439324396153,8730.058665082805,1.2174815599970552,2050.5269533652495,359.94756527902894,1.1914546589564639,0.11714191350664302
64,15,test,61,7583.290625,2262.6358079639745,9102.898778945644,1.2200635094584202,2154.6236785012097,366.0976116514121,1.2054702297012652,0.11764716669061467
64,15,test,62,7664.19375,2341.318929458353,9476.774058153798,1.2429254206591522,2256.7917669994913,371.4934206311824,1.215071245035039,0.11921106533963055
64,15,test,63,7745.096875,2451.003413730234,9853.074472305749,1.2511579078484796,2344.0021065268725,379.97208847312436,1.2349140002876693,0.12000162852019228
64,15,test,64,7826.0,2538.849503556008,10283.350683282508,1.2587586071940646,2442.154439916635,390.02110511852095,1.2400153195253685,0.12111414359762193
64,16,val,0,2648.2,0.0,0.0,0.0,0.0,0.0,0.0,0.0
64,16,val,1,2729.1031249999996,4.652963976980118,15.919596613286997,0.004695648447228945,4.501722065754166,1.2499470969729032,0.003546181864801101,0.0020209478171981377
64,16,val,2,2810.00625,10.758321633232981,28.944327527270257,0.008651219668384322,10.523443074987426,2.980009267673722,0.006238973044858653,0.003804114475938758
64,16,val,3,2890.9093749999997,17.08153563894399,43.67309481993063,0.011979063417832253,16.726423765874188,4.346348785588816,0.008235115758708708,0.005211762104842532
64,16,val,4,2971.8125,25.141140858430333,59.892156024682066,0.016399844786435525,24.508009269048614,6.171434067518078,0.012185059273518012,0.007149437495111016
64,16,val,5,3052.715625,33.324567272472905,78.16515887698394,0.022156819971757766,32.479861046715186,9.183965379527592,0.017065369365396044,0.009348762491444285
64,16,val,6,3133.6187499999996,42.63821366902221,101.80990419639208,0.02964076292510942,41.1767312416913,13.006710737698768,0.022727680088582836,0.012052461762231126
64,16,val,7,3214.521875,53.01266241676217,130.93445428968806,0.03744736028885032,50.78974013514426,17.159454372947636,0.029118732435322314,0.015424650777119686
64,16,val,8,3295.4249999999997,63.964152207859115,162.5922860586342,0.044898643784735404,61.21601647089392,21.37601402474587,0.034731375523427976,0.017845548331394886
64,16,val,9,3376.328125,76.19978333721633,193.40815649811415,0.05172114601618982,72.83525141770397,25.41430856121707,0.04063372707921453,0.019784004357308038
64,16,val,10,3457.23125,89.8440717571134,227.8122444897973,0.059867493787895895,85.43556486889514,30.152841133457287,0.047208621910557746,0.02307055023128765
64,16,val,11,3538.1343749999996,103.18200566246105,265.40317977083043,0.06737252205808036,98.78079853751842,34.749258553119944,0.05299686500482431,0.026021611341941683
64,16,val,12,3619.0375,117.53539622067422,305.63780984564005,0.07484160272571566,112.16188294810081,39.52393317536007,0.05938575674004076,0.030286549702784188
64,16,val,13,3699.940625,130.39153799871173,352.6693498988204,0.0811995926605219,124.19803305957089,44.773428136892335,0.06536061406840071,0.03356431108477928
64,16,val,14,3780.84375,145.20048683721143,409.0014745755318,0.09008882881150065,137.34324754450887,51.756297256531525,0.07094497595321048,0.03757250880657287
64,16,val,15,3861.746875,158.6252602921263,452.65422871107387,0.0975713230474684,148.93601433606563,56.780226129149014,0.07731446190553312,0.04064468143337441
64,16,val,16,3942.6499999999996,171.59211001585106,511.6386422213165,0.10511528406069448,161.1058261312479,60.19395281266782,0.08463059833080377,0.04452142463535688
64,16,val,17,4023.553125,184.32184420302633,573.2708397520911,0.11292784332242109,171.66838036237664,65.16795930792796,0.09216159781425676,0.04812255924468989
64,16,val,18,4104.45625,202.3140067697824,632.2279431399561,0.12264067611359245,185.15478915229266,70.15447830137589,0.0979775620390047,0.050513983445371
64,16,val,19,4185.359375,216.0907300555266,707.469156722648,0.1348936394320044,199.86002707967998,74.17644066552498,0.1066745422873272,0.052756260628422647
64,16,val,20,4266.2625,233.53652161445382,793.3394836371688,0.14772490535186478,214.41977781262267,77.63527558037708,0.11647083534671587,0.0551796691920306
64,16,val,21,4347.165625,251.09454077766634,870.7368406510311,0.15965730869543782,226.40700995567897,79.55050696030241,0.12957116354252174,0.05649300555808645
64,16,val,22,4428.06875,264.585458341184,934.7587644566436,0.17195544638300836,241.53775705804037,82.12522223195862,0.13968307603722668,0.06169807163033253
64,16,val,23,4508.971875,281.9237626572999,1024.2194038978705,0.18386612370098476,254.8176312192254,86.06150220572317,0.15325464153904955,0.06332852665683758
64,16,val,24,4589.875,296.9086519039479,1121.8307720079254,0.19771533449791656,266.61017680682164,91.33834367912641,0.16106791841120557,0.06426510930141599
64,16,val,25,4670.778125,313.91763939547343,1195.5965959492185,0.21048179628756908,277.2327065759441,96.69895182241817,0.17588894984169046,0.06714419482022754
64,16,val,26,4751.68125,333.14954185195234,1275.037491103208,0.22475178504922227,288.4296949407599,102.96094362894337,0.19083667706149,0.06995811997592694
64,16,val,27,4832.584375,349.47529767729435,1374.8370229036452,0.23918550926004672,304.9293274184066,110.94404635733213,0.20504501461526825,0.07190631534418485
64,16,val,28,4913.487499999999,371.3392920055725,1477.5835837671139,0.2551749934846595,316.9312871446799,118.34697140352546,0.21882192931946265,0.07335672717116672
64,16,val,29,4994.390625,389.7747800044158,1614.4011880186642,0.27305534900048944,332.89172385570964,125.49060810783885,0.23459908003134466,0.07522755580914586
64,16,val,30,5075.29375,406.8567441732114,1759.9696004788711,0.29237115943769876,338.9251050017492,131.57971850935724,0.2509141483656857,0.07767071677493645
64,16,val,31,5156.196875,429.56944517734996,1895.518775425124,0.31375539876499214,350.49558980472284,140.97023153061627,0.2704069510823092,0.08014294456080984
64,16,val,32,5237.1,445.6918855780998,2030.9626394607392,0.3368731693631655,369.0421900868728,149.08800557341806,0.2928474389252145,0.08181738187610504
64,16,val,33,5318.003124999999,469.61135111186536,2145.8782210229692,0.35506064985271757,382.5064610376785,160.42528025099045,0.3124528960231354,0.08275181494710182
64,16,val,34,5398.90625,494.68394023931415,2350.041601724308,0.3824327724085974,401.39156168663703,168.62399548431029,0.33721741553632834,0.08343559565512047
64,16,val,35,5479.809375,521.809256857864,2502.756700034393,0.4034479549990394,429.9095480564148,177.27134083686735,0.36693088668331153,0.0848294568685376
64,16,val,36,5560.7125,551.3241640149431,2642.828190101826,0.4334427399332874,450.0222022579692,189.42145485215178,0.3959569282938752,0.08583344823446387
64,16,val,37,5641.615625,584.2609382044373,2790.1952891387614,0.4638576603934602,490.3303673548862,199.38665206622375,0.4301991384521031,0.0885904058672421
64,16,val,38,5722.518749999999,624.2720356715381,2956.7744459474616,0.4984533681260516,525.4914391913985,209.463450653125,0.46793496064613527,0.09326227522608518
64,16,val,39,5803.421875,655.5731766973452,3165.1809393433946,0.5386777914324712,555.6099708480247,219.49786202480936,0.5079318984640979,0.09456182650590295
64,16,val,40,5884.325,690.3162324784948,3332.2162225067354,0.5764143886133888,589.7262491766924,228.16954538808432,0.5481436592554012,0.09684570352600647
64,16,val,41,5965.228125,722.3665309422813,3495.278921470808,0.6190072207161029,622.5795007419777,238.469660295749,0.5882397987715671,0.098075873040053
64,16,val,42,6046.13125,765.781147496682,3693.1385649505705,0.6597843754228561,653.9838499822679,249.222168498612,0.629694372351261,0.09960687421286044
64,16,val,43,6127.034374999999,801.7037891413565,3924.349480468054,0.7024278154562497,686.5013087149237,261.26921669591496,0.6680381384538414,0.10077453337707654
64,16,val,44,6207.9375,839.1385219098879,4175.488977418467,0.7393217407692717,741.9203808127293,273.2078427250997,0.7092312611240957,0.10232155323157496
64,16,val,45,6288.840625,870.8548920425301,4436.869991804093,0.7728979103339695,782.9519343104607,285.18229067115186,0.7543145443453109,0.10363552185085369
64,16,val,46,6369.74375,912.1593151814409,4684.642718359504,0.8100891461939597,832.1862650784624,297.9758173401521,0.78949197125322,0.10530351704804257
64,16,val,47,6450.646875,944.5845355811571,4984.3320384570325,0.8504065588357951,881.1753287535566,309.0469446501629,0.8239241217237667,0.10729888410210275
64,16,val,48,6531.55,997.7386214750368,5309.910432258575,0.8930564291741577,935.9873322231351,321.9179351254411,0.8629517882212667,0.1112481690374173
64,16,val,49,6612.453125,1055.0554831656882,5611.468743001278,0.9240983822456361,995.0486958002642,334.54331760330547,0.9010286386901822,0.1134070084352623
64,16,val,50,6693.35625,1136.3822121145404,5857.386342065449,0.9644293312967567,1050.4616108937626,345.78350782697953,0.9348394287165274,0.1172194932571348
64,16,val,51,6774.259375,1201.7385280159942,6200.767538400602,1.0126003984664012,1123.696703197993,355.4229933956208,0.9760317483313297,0.1186510096871235
64,16,val,52,6855.1625,1274.8738843410051,6536.663263209335,1.0471413630600002,1193.440154286236,369.55361775306983,1.0150583511889522,0.11938531759921045
64,16,val,53,6936.065625,1339.9706431433742,6907.32053350884,1.0741498539439398,1267.732497436782,381.8018557569758,1.0403130233966607,0.12026095493493372
64,16,val,54,7016.96875,1406.9555591289031,7259.296250343569,1.109141564150734,1335.7242360190185,389.48831002025486,1.070095316017261,0.12082208556793428
64,16,val,55,7097.871875,1486.7911111418834,7676.967434528192,1.1311049229019987,1415.1205561084907,397.7510544063705,1.084249733570783,0.12107618525922237
64,16,val,56,7178.775,1562.67532003028,8035.770859861464,1.1489772770060247,1499.6012143518556,409.39899991130346,1.0914301666615223,0.12436134587953673
64,16,val,57,7259.678125,1649.0862490354061,8362.535697866875,1.172545479396561,1579.6215011793606,421.0480623200965,1.1208554066446108,0.12456642051607292
64,16,val,58,7340.58125,1736.6666817668204,8754.371000675717,1.1919138821371993,1663.3693617045537,430.4887623744378,1.1490672153232628,0.12567528431234842
64,16,val,59,7421.484375,1807.902744505725,9149.561306781641,1.2030949811467906,1767.8031001063346,440.7206762428473,1.1695036530364744,0.1272541770416108
64,16,val,60,7502.3875,1903.1926420319394,9534.5212236718,1.2141787679629257,1847.650699590531,455.7606277276136,1.1858358915915468,0.12940370444462085
64,16,val,61,7583.290625,1988.6475687352458,9922.59247891768,1.221514414002367,1955.4130004035528,469.32758176004086,1.2007722738414939,0.1323046520651447
64,16,val,62,7664.19375,2079.182827731527,10317.609749681395,1.2266431263328603,2033.4932167531433,481.8508131023691,1.2024941753947527,0.132318965621242
64,16,val,63,7745.096875,2183.8274512555813,10768.975805710154,1.2305945001100382,2125.8931691536986,489.1213578227962,1.212655925457412,0.1321140044741459
64,16,val,64,7826.0,2275.428227180444,11124.697010379728,1.2377196079267627,2216.3241300137456,497.2465114344402,1.2223647988112984,0.13268017122830197
64,16,test,0,2648.2,0.0,0.0,0.0,0.0,0.0,0.0,0.0
64,16,test,1,2729.1031249999996,4.6299889414207485,13.666065270763287,0.004831360316702102,4.477658029662379,1.193049448758643,0.003659429544330267,0.0020177292886537634
64,16,test,2,2810.00625,10.668487930028503,25.057170056410882,0.009124589772370809,10.400737635116286,2.789289660576344,0.006499245204632186,0.0035397843456217576
64,16,test,3,2890.9093749999997,17.095804023812278,36.643692297470665,0.012425972853362909,16.70911202416292,4.070985211562572,0.008373257047132598,0.004907181700509848
64,16,test,4,2971.8125,25.199416515473416,50.92084268167414,0.016906490690733397,24.59715085208103,5.78774172836205,0.012899240780218924,0.006809486612116902
64,16,test,5,3052.715625,33.419238508464844,69.54202399548356,0.0228198368973807,32.46530823096094,8.701146530530224,0.01752707978126128,0.008838544064301151
64,16,test,6,3133.6187499999996,42.80247969552864,89.21427060583656,0.02992032004355341,41.38946831247381,11.668660620740567,0.02320289183498081,0.011824994312152268
64,16,test,7,3214.521875,53.048779098872956,112.38261170591672,0.03708420848749262,51.074591769175726,15.679578102854919,0.028431729067503186,0.014647299665344199
64,16,test,8,3295.4249999999997,64.10574064575813,130.77114414419955,0.04482135262415081,61.50168728930083,20.15710160598161,0.03377786060600836,0.017428605375661814
64,16,test,9,3376.328125,76.25458902569449,158.72501285529245,0.05167079686715058,73.23894164715483,24.00190214758169,0.0390052515544621,0.019632908683620214
64,16,test,10,3457.23125,89.13495537308691,191.33227179881237,0.058796365667040766,86.45612872990682,28.925814591675092,0.04627531088619366,0.022440717231223886
64,16,test,11,3538.1343749999996,102.6254822359478,229.08990477695863,0.06685940541688133,99.17240271175842,33.79372958650606,0.05287771280680729,0.025668025647167074
64,16,test,12,3619.0375,116.04952065728646,272.24539554941185,0.07396606486009469,112.54670506767184,38.419220174247926,0.05909779885337682,0.029502781693571678
64,16,test,13,3699.940625,128.7408571205617,320.85315884494736,0.08093134072567273,124.42784885963576,43.31676551952768,0.06505648137797998,0.03339149934837929
64,16,test,14,3780.84375,144.5076253424169,373.9534986171598,0.089460385128989,138.40344488255596,50.135124306237344,0.07286893640790805,0.037335697456298764
64,16,test,15,3861.746875,157.9655068089263,435.08189805879465,0.09778060590523413,151.156550172459,55.035683294789806,0.07781893611267339,0.040213696120397754
64,16,test,16,3942.6499999999996,172.78331839560047,497.3468940778135,0.10636725045890492,162.66725977082075,59.20281640479175,0.08553104018402952,0.04255449869563707
64,16,test,17,4023.553125,185.23144071448172,575.0545918634346,0.11520289507930409,173.67668682691573,63.36797212841816,0.09303693711327533,0.04426639373627996
64,16,test,18,4104.45625,201.5434611019433,658.7770871945775,0.12598235775164618,189.11568562478465,68.16356915162558,0.10135300788016721,0.04700871878614635
64,16,test,19,4185.359375,215.6734904461146,742.7802552414236,0.13849268711024937,204.21477144149324,72.70772984251295,0.11086185366091482,0.05095534468548511
64,16,test,20,4266.2625,232.2885453947947,814.9390159076107,0.1489430449279402,218.79614562609007,74.7578157060218,0.11929996223883702,0.05374064198783966
64,16,test,21,4347.165625,248.93963709887856,904.933054478474,0.16272349880072298,232.29871968241866,75.76857086714028,0.13306840501410913,0.05648035238492444
64,16,test,22,4428.06875,265.4336815302427,1003.5014988830902,0.17515944974906378,245.13718965798148,79.71454832985359,0.14690870799170114,0.05917461444594329
64,16,test,23,4508.971875,281.3799534442296,1078.332103858724,0.18867019218398068,256.70015393869505,85.1390061570072,0.15861726679144983,0.06165264951703969
64,16,test,24,4589.875,298.32972107449507,1182.5397748409268,0.19976890334826372,270.16489088407525,91.26028952985621,0.1673458780820751,0.06275585488216663
64,16,test,25,4670.778125,315.7530727400797,1280.7090329992548,0.2148216764375258,284.24421160889324,97.9799160408521,0.18257736536973246,0.06476928383751697
64,16,test,26,4751.68125,334.8265336304763,1372.4299931554085,0.23017782891561478,301.32972064083674,105.46697274177141,0.20052924547207113,0.06756393340453473
64,16,test,27,4832.584375,352.93059919824543,1476.736086323922,0.24406284090590022,314.2724990845824,112.69397763901168,0.21582808640220477,0.06902010055354936
64,16,test,28,4913.487499999999,372.3308052448502,1591.041271375693,0.2614438422350769,328.83224730835536,120.8325025245145,0.22972293412762412,0.07041770303550972
64,16,test,29,4994.390625,395.23952626614545,1749.4107508673535,0.2821340519486536,341.43865451909505,130.20681296233238,0.24927556834053108,0.07306807784247132
64,16,test,30,5075.29375,412.5156703075419,1870.507834598357,0.3030461018376507,351.3026027127495,136.91082236391594,0.27089472781298074,0.07517675177845518
64,16,test,31,5156.196875,434.85113528942065,1991.3460202237377,0.32435219015773675,369.2657022917274,147.18863715838637,0.28868546243573934,0.07607389758253896
64,16,test,32,5237.1,453.8651269591867,2134.3449541171103,0.3491436735750175,382.9123358548827,156.12296818522964,0.3128665011206261,0.07649292025356524
64,16,test,33,5318.003124999999,475.60982671826935,2276.306639552312,0.3672330387205942,397.90501084903696,167.15038036731755,0.3308042815320048,0.07722971459218171
64,16,test,34,5398.90625,493.4328192382509,2384.3882316145273,0.39584057600659805,417.26351643570325,175.41224229524488,0.3625806034865883,0.07763340465805069
64,16,test,35,5479.809375,518.3120461891857,2546.398944779935,0.4250203267633229,435.6018664453458,185.00369741889955,0.3938539042339755,0.07878937648226908
64,16,test,36,5560.7125,542.7871408840588,2713.803338491867,0.4542400573631644,456.62609319373007,192.9792483353694,0.4183541940461829,0.080193961217747
64,16,test,37,5641.615625,574.7678373784381,2903.16347632114,0.48524849116159813,489.78113347644125,205.17640976378715,0.4488846212027456,0.08163021707873266
64,16,test,38,5722.518749999999,602.5525933958846,3097.933538106634,0.5172325457431861,520.1886458522881,214.68223865630875,0.4818866315400988,0.08375594830444281
64,16,test,39,5803.421875,640.666816461561,3292.239724967317,0.5475159948092195,553.2522985962629,224.67888569720174,0.5192585834275787,0.08575141231391761
64,16,test,40,5884.325,668.8364868593482,3485.300918775493,0.5797507783652998,583.0241284337505,234.4854954619251,0.5580390040393797,0.08791833960405428
64,16,test,41,5965.228125,703.8537637623818,3683.71760661751,0.6162813140965888,622.0430406251012,243.71153126340062,0.5972691009567821,0.09065045361841655
64,16,test,42,6046.13125,744.6507298671996,3938.486098303961,0.6587853078519681,654.4966564506751,253.2672075592437,0.6304464880428282,0.09339228848470907
64,16,test,43,6127.034374999999,785.9861045046416,4133.32511468012,0.7059419770709813,695.4827790259461,263.2652479287856,0.6786397206312023,0.09526616263262014
64,16,test,44,6207.9375,821.9975504641361,4342.985751878298,0.7437132399908328,731.0636091470428,272.0818332264514,0.7212368732644192,0.096544755283378
64,16,test,45,6288.840625,867.4443995173817,4589.949229633542,0.7837274028902399,764.5448587607505,282.2727793225823,0.762295660604706,0.09735894639023915
64,16,test,46,6369.74375,911.834247179172,4853.562100856555,0.8235127641262191,802.146605310881,293.5933010575269,0.7977357562835574,0.099143885894863
64,16,test,47,6450.646875,946.5578960386836,5053.034018925525,0.8647971229201745,853.4658893738651,304.4552585632463,0.8454621153649311,0.10193163346707695
64,16,test,48,6531.55,1001.4886848704947,5163.760254554341,0.9043414170179509,907.2671597717914,315.9146697007884,0.8865798209616721,0.10354391718476845
64,16,test,49,6612.453125,1057.3340848656726,5411.581860376655,0.9426363911810703,974.5262097866565,326.99489142103744,0.9216184202132869,0.10510041815859905
64,16,test,50,6693.35625,1127.5237162218943,5666.502425737423,0.9750157567484097,1048.643998322632,338.8328485750449,0.9569514302459059,0.1066260737462685
64,16,test,51,6774.259375,1199.7217480605684,5968.291999465711,1.0061782186452999,1125.4028882918235,345.7861585064244,0.9888586400510074,0.10870254259050596
64,16,test,52,6855.1625,1267.3598222243356,6278.140281974707,1.0419951121232451,1207.3572020439692,356.0000834039165,1.0211323855907686,0.1123897274679167
64,16,test,53,6936.065625,1342.2586127075817,6657.0897476852815,1.079159273235243,1268.9548336291239,368.20557524697506,1.0510322442017563,0.11437385571818215
64,16,test,54,7016.96875,1421.6943386455512,6925.707064581469,1.1019601545442237,1338.1850324620075,379.62853557674237,1.072354140650801,0.11643846608599268
64,16,test,55,7097.871875,1504.032331347105,7260.427582941885,1.1287602564947,1415.480946134849,388.8735249540822,1.1034918801997584,0.11786324305385412
64,16,test,56,7178.775,1586.7557970641997,7602.286341024815,1.1525577790690718,1499.068613544324,397.6507351388463,1.1323754206972945,0.11857965310111893
64,16,test,57,7259.678125,1676.1820615216152,7952.232990277942,1.1673167602142405,1585.7648693973658,407.10481425571743,1.1492444533510588,0.11893068723293002
64,16,test,58,7340.58125,1761.3830259289784,8277.349260533023,1.1804533853818633,1671.5762128703914,417.3435173845945,1.1630265861884772,0.11924741601525811
64,16,test,59,7421.484375,1840.4994538507538,8615.34545201886,1.195477967465275,1756.2914832619115,423.5289706823977,1.18191416436815,0.1199044739441605
64,16,test,60,7502.3875,1910.9650261967063,8973.325266919614,1.2087289094530052,1848.5063063766916,434.1086531997149,1.19318367400547,0.11901527033125053
64,16,test,61,7583.290625,2004.418748407268,9336.382397851048,1.22702249732623,1927.8760066517223,444.6557898062693,1.20249925590794,0.12052283981574957
64,16,test,62,7664.19375,2100.0847195478514,9703.956219999609,1.2350553552965966,2023.0318837049026,459.01789656186764,1.210944811345288,0.12087238179634037
64,16,test,63,7745.096875,2201.740918191803,10172.731328834898,1.2448843302684809,2124.0746856156,470.04454386174643,1.2131652403103987,0.12048508161172956
64,16,test,64,7826.0,2287.7009096040692,10560.029326004438,1.2566986317982254,2247.2954673269214,480.99104019360084,1.2260349484791466,0.12102360045215116
64,17,val,0,2648.2,0.0,0.0,0.0,0.0,0.0,0.0,0.0
64,17,val,1,2729.1031249999996,6.017897446156439,17.7337627069459,0.00433367757874531,5.571626585066269,2.158731412418624,0.003563051692478253,0.0019716747873231577
64,17,val,2,2810.00625,13.268859622392881,35.70221358499235,0.008737302921987822,12.285353028513413,4.527069289807173,0.006774700277052681,0.0040968601590953
64,17,val,3,2890.9093749999997,22.013358421006046,52.0351035939256,0.013800761729687583,20.42724213200131,7.22788129223062,0.010664821382434797,0.006476589493195628
64,17,val,4,2971.8125,31.38078599438998,75.13266452291977,0.01900857593940472,29.651244889493,10.08164869057282,0.015055448609399558,0.009150508350427161
64,17,val,5,3052.715625,42.175816496069274,97.84617339411237,0.024879676211223306,40.743582809014356,12.551636542980305,0.01996614348736929,0.012203075920712986
64,17,val,6,3133.6187499999996,55.19602284883263,122.02059217735545,0.032013683269317,52.632220262754714,15.355239688659594,0.025563187715613167,0.015345159822325455
64,17,val,7,3214.521875,68.75937669315135,154.46539551186578,0.039172363223913265,65.40653748471215,18.28768048500251,0.031301084599554,0.018466426132667316
64,17,val,8,3295.4249999999997,83.59228102564487,191.55846784223883,0.04591702423435706,79.70194067093495,22.327275591266016,0.036892994383135036,0.02143042639384668
64,17,val,9,3376.328125,99.16591216781967,229.8954593534287,0.05341888888061967,94.76377488185861,26.176440417842173,0.04238855480709347,0.02424306561178008
64,17,val,10,3457.23125,115.6861348683833,266.8151814683758,0.060101167187725374,110.40180701772329,30.488186668613082,0.0475874424734693,0.026468076488164738
64,17,val,11,3538.1343749999996,135.5942079041199,313.3812762142606,0.06670022192832581,129.5327464703533,35.776938541893344,0.05509743084622376,0.028236836641187812
64,17,val,12,3619.0375,154.27408500239181,345.0325371282583,0.07404524558422831,148.19073158079732,40.799991580314554,0.05989587647684674,0.029674748475427837
64,17,val,13,3699.940625,176.52137529273304,396.0456885096616,0.08165852040137311,169.383698977434,47.376455036452825,0.0671684769699421,0.0331218820838336
64,17,val,14,3780.84375,200.86214367583466,455.35620392842566,0.0905001955171015,192.49652307507858,54.62572329309978,0.07512838833285962,0.03597560765055893
64,17,val,15,3861.746875,225.59472483965237,520.5450918738442,0.1012497344871563,214.96954286243164,62.71643707981411,0.08351263989736513,0.03933482061978938
64,17,val,16,3942.6499999999996,251.05080464015828,584.8940378540073,0.11085734274755843,241.8438440064392,71.10788451441863,0.0911778404826466,0.04248999779760815
64,17,val,17,4023.553125,277.24959871008537,647.3844744105265,0.1206394290417176,265.5250259327886,80.34401287831794,0.09908850563639972,0.04524401743369322
64,17,val,18,4104.45625,304.0852106511238,711.7281027059419,0.1318956274465148,290.752172652617,86.43632132043422,0.11037201077995773,0.047380624282458705
64,17,val,19,4185.359375,328.2085766321252,806.1460719920387,0.1436675829148415,310.218239693846,93.57219376963144,0.12212573162175,0.04962099335081849
64,17,val,20,4266.2625,353.05248076392814,883.6206263596436,0.15744685590951546,334.9097765621991,101.4530208681208,0.1347253566597803,0.05236030363325872
64,17,val,21,4347.165625,380.1340947125027,973.1970310335138,0.16821633121270885,359.77200360802897,110.85065204294153,0.14516465706121418,0.0559696471267232
64,17,val,22,4428.06875,404.6932044343805,1067.9877544086696,0.18407808985754226,384.92507179324775,121.75758355664357,0.1612761682072139,0.05823935676048386
64,17,val,23,4508.971875,428.8283875415573,1150.2710050280568,0.20206589511968798,411.98034991949584,130.7147236993842,0.1763896274327853,0.05963280974189203
64,17,val,24,4589.875,457.92926282524604,1230.6985027913868,0.22095738055621927,441.9461995548488,140.60646381562947,0.19464979239387087,0.06035804481202556
64,17,val,25,4670.778125,487.83567542296424,1326.3769983958518,0.23852947262655022,465.72162663802396,150.3146876812842,0.21360332349730504,0.061626227712455184
64,17,val,26,4751.68125,517.4618247616536,1403.4768962611522,0.2579520588059034,493.422747808836,159.62541315082035,0.23478984982303747,0.06292100953385338
64,17,val,27,4832.584375,549.8627874614783,1515.019129569757,0.2778598338845223,517.6612142419685,171.6704836057943,0.254480981958731,0.06485704040508009
64,17,val,28,4913.487499999999,579.964257137533,1636.019953739601,0.29777909301191563,546.172142722682,181.56701898740835,0.27410717002897267,0.0661699544223654
64,17,val,29,4994.390625,612.2588519078818,1745.066766055881,0.3210833930278323,574.3202237230634,192.51587499303469,0.2953078751291027,0.06715412613571281
64,17,val,30,5075.29375,641.312577504408,1857.8837066522728,0.34703180558071783,597.4871383765077,205.03642939326028,0.3230546985138749,0.0679924261184836
64,17,val,31,5156.196875,670.8681171293729,1977.4818127268472,0.3732966349786204,615.5587770854538,218.1702069918643,0.3473922699404608,0.06982988021053335
64,17,val,32,5237.1,696.7879332845541,2109.6243306956,0.4032857149425355,638.978049057755,227.35738333756217,0.3763605753556998,0.07113899931861581
64,17,val,33,5318.003124999999,715.5578512182359,2248.864071985229,0.43406902898579514,652.034872777449,241.98879396672623,0.40473832565882106,0.0718702192374146
64,17,val,34,5398.90625,734.1248874381563,2396.2145046830774,0.4618634859921422,676.4244827530064,256.13812922279067,0.4389772793213509,0.07289995895825174
64,17,val,35,5479.809375,755.9575157329324,2571.8091506760097,0.49900412725686905,695.196826571248,267.52065436005523,0.47292420299406557,0.07284820696611127
64,17,val,36,5560.7125,782.3307794046741,2716.326535530467,0.5321246313428409,708.8255846352638,275.9679065989076,0.5054583808143109,0.07461759725055969
64,17,val,37,5641.615625,811.9745244614478,2889.816906553458,0.5661099591318108,720.8747315712501,288.4670023682929,0.5375188352243071,0.07542040932446113
64,17,val,38,5722.518749999999,841.6172150609782,3009.925402030484,0.5995330146754407,742.908107785027,295.09777369503354,0.5695571301142649,0.07761899183486576
64,17,val,39,5803.421875,877.6397012355801,3212.9446789222125,0.6314053862608859,773.9515442688116,301.8589676548231,0.6045543823727517,0.07848113850605562
64,17,val,40,5884.325,910.0891874878698,3396.3822412309896,0.6670395981780569,810.2287307023062,308.3176346354719,0.6410334811057933,0.07921719729821544
64,17,val,41,5965.228125,949.9653467045732,3599.529989284179,0.6954239294327258,839.6183825882986,315.3361410160471,0.6753788263721416,0.07905594074677363
64,17,val,42,6046.13125,1004.6784129863511,3813.4420804952665,0.7253781846608687,874.0756761210023,321.1214614890707,0.7095983517757531,0.07862902254290524
64,17,val,43,6127.034374999999,1044.7485516122015,4034.7462841039646,0.752766581162162,908.0836011640372,326.8420807238499,0.7405013119813897,0.07975519284904482
64,17,val,44,6207.9375,1094.20753928282,4280.208093288321,0.7876980299592745,972.3807546386638,330.87965051566925,0.7716409538073843,0.08103312928505607
64,17,val,45,6288.840625,1147.8227357588366,4505.93108370547,0.8150029452158036,1008.1719111921075,338.61797521404924,0.8024727862113862,0.0832726446829829
64,17,val,46,6369.74375,1193.2771460277536,4746.216804282347,0.8483434842151971,1068.439535492871,342.93219191113167,0.8281680775623357,0.08401756262955973
64,17,val,47,6450.646875,1234.2688512563172,4984.356402213914,0.8778871548567879,1125.0900295847046,351.0994976676898,0.859299524490903,0.08747544510055369
64,17,val,48,6531.55,1286.6653440954678,5274.258151690598,0.9074065327097647,1178.7715298507067,354.88986074432205,0.8922009397629299,0.09006440560200071
64,17,val,49,6612.453125,1350.166878189384,5573.393264611617,0.9396633893154621,1230.4601858171793,359.99535812649697,0.9248978212251722,0.09183332779884312
64,17,val,50,6693.35625,1432.9357981937108,5984.399056121988,0.9675871101198774,1293.634886087034,363.4420932543918,0.9521547719772295,0.09045325793379368
64,17,val,51,6774.259375,1487.1075083726168,6196.948607070746,0.9928293531524801,1351.9712672841351,370.4018361487442,0.9799099069129902,0.09281936966386295
64,17,val,52,6855.1625,1552.18705772063,6521.047045082531,1.0283134901531432,1425.8258882099426,376.5539854726967,1.0076343770351603,0.09189872937286764
64,17,val,53,6936.065625,1625.3011305024643,6853.763463240372,1.0635356357572152,1482.2841742610535,377.98561231653593,1.0344091171145156,0.09331003349834222
64,17,val,54,7016.96875,1701.6408164885775,7299.312588659196,1.0866876803325431,1558.7896149339144,380.6158510756674,1.0650455586654894,0.09395695859407485
64,17,val,55,7097.871875,1793.8465425047525,7726.794093194111,1.1008931878936923,1615.1098373622972,387.20446595812064,1.0816406476332059,0.09490442008178168
64,17,val,56,7178.775,1840.7016259192233,8047.582915326678,1.1176599622932104,1682.2412257066617,394.44717908986604,1.0976548905465289,0.09576967813960252
64,17,val,57,7259.678125,1926.8955011932576,8372.848116015415,1.1423168030879198,1766.2029222717592,398.01785180489446,1.1151919375436414,0.0956785603137382
64,17,val,58,7340.58125,2008.4920021238304,8806.0653961851,1.1521934151167146,1861.3853984869593,397.33360028522213,1.1342281506173113,0.09628395045283011
64,17,val,59,7421.484375,2061.2823886166607,9286.732717316647,1.179901592757382,1942.652131073487,403.8367752373233,1.15998531621464,0.09672065042271027
64,17,val,60,7502.3875,2151.4132653500155,9602.282441004121,1.2098353605460717,2020.221583890958,411.40904701569525,1.185824296385543,0.09706959141127583
64,17,val,61,7583.290625,2256.039063711455,10117.0689929935,1.2314402157255766,2114.6978140469346,416.63141202786846,1.21114043620095,0.096664501682657
64,17,val,62,7664.19375,2368.7792325899863,10514.594001715204,1.2457385510365182,2211.484360246459,418.59252962069604,1.227119573073615,0.09629399625719903
64,17,val,63,7745.096875,2458.8814701509136,10902.676811148316,1.265382137190657,2304.8003220638975,420.60288822710845,1.2403499369032511,0.09947067825363289
64,17,val,64,7826.0,2547.6980195700207,11341.709655149512,1.2772597016994651,2392.8863132526885,431.02656276823836,1.2560030374529907,0.101099155474009
64,17,test,0,2648.2,0.0,0.0,0.0,0.0,0.0,0.0,0.0
64,17,test,1,2729.1031249999996,6.154605312961081,17.138909935543733,0.004449315081256344,5.510861958171631,2.0775024941084297,0.0038228018934185343,0.0019200164983277507
64,17,test,2,2810.00625,13.438267562809969,33.751661838867975,0.008974662882087897,12.231778844309815,4.3582540363829025,0.007365032951533491,0.0038270136871925223
64,17,test,3,2890.9093749999997,21.842506249903693,49.47000437240058,0.013982042534249617,20.334520534703415,6.915684246891374,0.011087498935941076,0.006099232258856974
64,17,test,4,2971.8125,31.001519987155334,69.00222970832249,0.018894704127077593,29.64399306744525,9.409541423658464,0.01528021094779515,0.00835739210245344
64,17,test,5,3052.715625,42.27813223243437,91.21267707647078,0.024894248630700146,40.89769195001483,11.60317828153623,0.020387592919293707,0.011322459141321559
64,17,test,6,3133.6187499999996,54.78673874818174,115.61051207747823,0.03180510628411799,52.52953313528508,14.219136472220839,0.025041127659251178,0.014160726171514454
64,17,test,7,3214.521875,68.19456457929718,147.53327779559024,0.0387556793709715,66.44843422277091,16.949790240232687,0.030824482546597774,0.017283381383978967
64,17,test,8,3295.4249999999997,83.30823469315973,182.9448345479577,0.04636686802746538,80.44485379058841,21.2959906045036,0.03721270629459747,0.020078117664271318
64,17,test,9,3376.328125,98.90328769235879,215.8006304633645,0.05280431588425803,94.77830028181167,25.72808540896432,0.04264779823270632,0.023455388346046643
64,17,test,10,3457.23125,115.03892206421452,248.015431791015,0.05859864731981579,110.06891777852701,29.98824426069291,0.0474923515466439,0.025679841646651484
64,17,test,11,3538.1343749999996,135.28138466140405,288.94223467610954,0.06633641961043685,129.86409693341727,35.36840260675156,0.0538317736623016,0.02750747579717723
64,17,test,12,3619.0375,153.37126260476452,336.3692726533246,0.0722194490763526,147.548564957372,39.76240881459603,0.058952465698404455,0.030425998967778013
64,17,test,13,3699.940625,175.1907198356193,383.2167209914559,0.08054797444619413,169.53187612888598,46.08784993470749,0.06683752977701928,0.03256558229288928
64,17,test,14,3780.84375,199.5831101565193,445.92852630213713,0.09161513106395372,193.13509585249378,53.11053266207111,0.07491062194619341,0.03527355880126107
64,17,test,15,3861.746875,222.8193022881122,514.5031029183286,0.10197895605679749,216.1560179379336,60.0327632054487,0.08345538713521503,0.038871678642887764
64,17,test,16,3942.6499999999996,249.2019331992168,575.517715180111,0.11146168447226379,241.31795912884968,68.62151536954286,0.09118241438412725,0.042129414966680934
64,17,test,17,4023.553125,275.64258596044056,639.1757109092229,0.12235382526793598,265.69180441507,75.41262409171168,0.102445342574373,0.04409153357851081
64,17,test,18,4104.45625,300.8708812928518,714.6666532393596,0.13404646307197537,290.9633397270426,80.08383392994034,0.11333329763893019,0.04551475596872509
64,17,test,19,4185.359375,323.10351338888665,808.3973398427713,0.14581802081609432,312.16017290250164,85.86538318803605,0.12311146642340204,0.047982435118373856
64,17,test,20,4266.2625,348.3141348149559,895.0961171314462,0.15779504908824266,336.10453384858374,94.81732322300829,0.13530060959940707,0.05083787683398972
64,17,test,21,4347.165625,371.8875709334277,955.1026526331203,0.17065623783580652,360.5227804699638,102.54880509592113,0.14418811594902117,0.05392826590744533
64,17,test,22,4428.06875,400.1685882720949,1062.788535878653,0.18541073836668767,384.96846432747134,111.3193450907417,0.15874784710664946,0.05703045362959007
64,17,test,23,4508.971875,422.5133859008565,1172.4004592424055,0.20367103485650906,409.76077147088574,118.98745435945557,0.17703759023762755,0.059090583487160855
64,17,test,24,4589.875,448.7400379466084,1272.4818104739202,0.22175015431803985,432.8746348586237,128.1819733176519,0.19868791751875836,0.06107495687308548
64,17,test,25,4670.778125,477.82230076816745,1392.9345105442671,0.24101144506571276,459.9264603572948,136.3188381252769,0.21771329636235265,0.06166650398400919
64,17,test,26,4751.68125,502.9147484895944,1511.1980629324428,0.2627058925877791,491.6452523624315,143.94771630782088,0.23700353851524233,0.06157893895936909
64,17,test,27,4832.584375,534.398567741455,1636.0265805714341,0.28198948740368324,515.4713128371924,157.51274416422234,0.25859021443823405,0.06133597684215668
64,17,test,28,4913.487499999999,559.1656708406845,1774.3516883207121,0.30126273895944233,541.0994829842082,164.41011106469006,0.2781028033016081,0.06258552445882574
64,17,test,29,4994.390625,584.3047345487413,1915.10609213988,0.32512842201844805,565.8247906726359,176.20490651788145,0.2985241689768461,0.06358710678474785
64,17,test,30,5075.29375,610.182947910678,2065.928658421199,0.35275680579156465,586.0263714643459,186.03185524321475,0.32458008754414347,0.06624263221163579
64,17,test,31,5156.196875,641.5387921495962,2194.833605978841,0.37676145802941796,606.2424457641669,196.1728451495972,0.3517299958656628,0.06693445465343756
64,17,test,32,5237.1,661.388522561424,2343.5681609674425,0.40237032371436,621.6606848630813,206.03290580451983,0.38759140743162973,0.0675073376184658
64,17,test,33,5318.003124999999,679.5650471341598,2473.4187875155544,0.4357886862722052,635.5865319732939,216.685338341307,0.4150503332275013,0.06867447393499468
64,17,test,34,5398.90625,701.4180166856861,2628.7974558111996,0.4625508433615949,646.5846352905231,229.30757122176715,0.44353969470660104,0.07042430579854049
64,17,test,35,5479.809375,727.9918505549432,2800.4445058582896,0.4936264367083731,658.3588719228715,238.39396511334954,0.4707714860179221,0.07178701109112046
64,17,test,36,5560.7125,758.2445301306464,2955.022846763626,0.5301764530377326,675.5654187406286,245.4112076724897,0.4989212400413126,0.07211182283131581
64,17,test,37,5641.615625,787.2123526642908,3144.6282976963607,0.5669259349824138,695.8968244337314,254.04716778606584,0.5306505926856997,0.07334975890829418
64,17,test,38,5722.518749999999,814.9690363285913,3344.4404800135494,0.5918594848115938,726.99364725554,261.43486564711793,0.5643077217678538,0.07415135397834463
64,17,test,39,5803.421875,852.7982682746966,3515.382083998483,0.6217020423723053,756.3926793546898,271.46688112385675,0.5983835855827291,0.07572622221821163
64,17,test,40,5884.325,890.9859440362525,3590.7848789898994,0.6599971593524798,788.7447357863806,280.44607437813875,0.6259970352537197,0.07616257061761333
64,17,test,41,5965.228125,923.8319219080893,3782.401517813472,0.6926180702862827,827.3766217230332,288.0489670462296,0.6631148863281076,0.07582899773887763
64,17,test,42,6046.13125,966.3353932451706,3950.491119992363,0.7266093756220677,863.6823275056145,297.0428949190165,0.6977702247747304,0.07602885538468551
64,17,test,43,6127.034374999999,1007.0825653950451,4175.731421292648,0.7618048204713901,900.1433862270574,303.2927833140775,0.7294843805021739,0.07750159406427196
64,17,test,44,6207.9375,1058.8341280593881,4379.541718621713,0.7934784454153854,931.9565155926455,310.28944853157725,0.7612703092937378,0.07951679985794807
64,17,test,45,6288.840625,1102.5228700623231,4654.468891076065,0.827317495490601,975.2090460868601,315.15353969609095,0.7941663453875647,0.07957378916295318
64,17,test,46,6369.74375,1153.0906528272737,4866.600303292753,0.855946918583643,1026.2712439680683,320.0331897010926,0.8231018200570012,0.07936159949250253
64,17,test,47,6450.646875,1211.1984179574479,5131.60483887186,0.8805806135462196,1080.99354989983,324.53269643158933,0.8533099524313942,0.08017797041174907
64,17,test,48,6531.55,1261.6661469438384,5394.814512032255,0.9089474030729849,1131.9738379211515,330.90483990187636,0.8810343367866846,0.08289140526349104
64,17,test,49,6612.453125,1317.492048496355,5587.696776102283,0.942163949313124,1190.8467080282037,336.7042230466666,0.9034863790330985,0.08559896741838421
64,17,test,50,6693.35625,1366.2343867688414,5929.039511476403,0.9672964103144555,1247.6733257051933,338.64523899831056,0.9298506947637772,0.08649655078743143
64,17,test,51,6774.259375,1431.1095742173165,6277.686445012463,0.9928042540408368,1306.133703795041,339.6744081219083,0.9556228879348885,0.08688060056607702
64,17,test,52,6855.1625,1482.308655373771,6536.787695811552,1.0133124688927464,1387.3462146896784,344.0420565780471,0.9975978204668189,0.08637279282058558
64,17,test,53,6936.065625,1555.8753941542936,6792.541093298212,1.0470850860668444,1461.8512565577646,351.6003340615441,1.0223671276260171,0.08659420457327732
64,17,test,54,7016.96875,1638.7407038352394,7123.181333137487,1.0733377337787084,1528.46503171072,354.55188250587355,1.0504170440651244,0.08456432339817334
64,17,test,55,7097.871875,1722.2443377118566,7384.644791522294,1.1025853905955496,1611.8215806378303,357.6419731826803,1.079896793243511,0.08496805098422935
64,17,test,56,7178.775,1810.7296674124314,7738.200223348354,1.130122425337221,1716.7121278567806,364.37246366034515,1.109249204878593,0.08552811948809962
64,17,test,57,7259.678125,1897.356759523163,8046.035542454503,1.1480016997997469,1796.1886567745821,372.0029040085109,1.117632814160288,0.08787693898874849
64,17,test,58,7340.58125,1984.646198205965,8323.71098873894,1.1653166512096067,1892.1993077150887,377.6068103058492,1.1381540358780668,0.08902289247189263
64,17,test,59,7421.484375,2077.2214534789837,8737.19813010785,1.1858323512291062,1992.6129801659158,383.2756439923912,1.1653202654887673,0.08898040693216289
64,17,test,60,7502.3875,2175.795983313179,9185.961539710148,1.2029858983078832,2095.3476675511524,391.57059899563507,1.179956221620808,0.08970769869010367
64,17,test,61,7583.290625,2270.056813790262,9674.64940733986,1.2206983363149126,2197.038247319597,398.6149905094365,1.1984355770963822,0.09025663691070857
64,17,test,62,7664.19375,2354.6474604670775,10193.517360781581,1.2414312339692861,2266.2674499833315,400.2711079000534,1.2084941007413779,0.09189749147314047
64,17,test,63,7745.096875,2446.632545153051,10626.64988121501,1.2553608493654362,2358.227122934295,405.64360941959876,1.2211307243116114,0.09229502202287576
64,17,test,64,7826.0,2535.5647296863426,11013.039597322064,1.2719042481134228,2443.587846063323,409.28639330178385,1.233093722470352,0.09133740483859704
64,18,val,0,2648.2,0.0,0.0,0.0,0.0,0.0,0.0,0.0
64,18,val,1,2729.1031249999996,4.973412837060209,13.3653782168984,0.0036782146241864933,4.727779173990143,1.401875471977121,0.0028220296294598907,0.0016387855623842262
64,18,val,2,2810.00625,10.900689852860523,27.5102470460382,0.008209601639240288,10.429745077118469,3.0540173125359615,0.006439387617251241,0.003728066552511483
64,18,val,3,2890.9093749999997,17.549931940763486,43.23462891444471,0.013434589207536596,16.741738608914147,5.676632122344927,0.01065274031339207,0.005894698133002141
64,18,val,4,2971.8125,24.759593906622968,63.273539328559984,0.019634937174450168,23.607061891292247,8.82215073919923,0.015606983634203209,0.007920554787460565
64,18,val,5,3052.715625,33.00413130740765,82.34873399300112,0.024053150538327905,31.570297915664014,10.648185130165189,0.01889851410259019,0.010111467094384152
64,18,val,6,3133.6187499999996,43.00545642760767,105.79533882913653,0.03059603963281865,41.10781279794651,13.19095740635845,0.024020759949949788,0.012360838247883754
64,18,val,7,3214.521875,53.222100242138026,135.31033160731448,0.038953990880670475,50.52437664261333,16.566828057761995,0.029549065981009093,0.015337628635994638
64,18,val,8,3295.4249999999997,65.4681545543383,167.7868860871083,0.04608478250629766,61.66187691474079,18.913734701897056,0.03488308423137587,0.017554099996968525
64,18,val,9,3376.328125,79.5091838132862,201.5457913599332,0.05407715014415365,74.32404325928132,21.075943185508095,0.04089437220456717,0.020080449637235875
64,18,val,10,3457.23125,93.72162255657912,241.10297710553252,0.06171580100350349,87.19693716551546,24.118163005368842,0.046217866093697935,0.02355991711005395
64,18,val,11,3538.1343749999996,108.31101730817494,278.5820176632342,0.0674278413654375,100.00040471655325,27.620287695100387,0.049115277109684774,0.027117842004126258
64,18,val,12,3619.0375,124.20775487413493,322.20756152761055,0.07360864214378537,114.38242330288517,30.297706112691003,0.05420743917043322,0.030039972029371857
64,18,val,13,3699.940625,140.39616401527155,380.6727446479127,0.08066816897361884,128.27126140658507,33.26088622725365,0.057639035525636206,0.03288975252850254
64,18,val,14,3780.84375,158.06060272002753,435.76468718813555,0.0874214121261152,143.38026271271076,37.58791084329971,0.06387452581527175,0.03600525733511717
64,18,val,15,3861.746875,174.95491554453224,494.42876775170635,0.09508767258520345,157.4173002012884,43.85037529343094,0.07073231545133563,0.04004742137532491
64,18,val,16,3942.6499999999996,193.74974577274884,544.4267523540825,0.10372450212144699,173.19717582981298,50.432466273619525,0.07807583665466952,0.04419511519888203
64,18,val,17,4023.553125,211.19173929648127,608.8191735168706,0.11227147008954774,188.54585368828225,58.31755520364368,0.08602829690316713,0.04832913970105254
64,18,val,18,4104.45625,232.7769890037814,684.42947477959,0.12396704908654993,204.5445496566458,65.78865132746614,0.09358182067983889,0.05096319359909618
64,18,val,19,4185.359375,251.01524873070957,748.6347482624903,0.1385676281370346,219.58212398729415,78.35957579999331,0.10609408486583066,0.05571529397238595
64,18,val,20,4266.2625,270.30319778916123,829.1876492621519,0.1506579917232853,236.58986415310324,88.66079420789674,0.11438734532602177,0.05961985347796572
64,18,val,21,4347.165625,288.4005917879475,901.1347463196819,0.16235441069995665,253.10417293090381,99.31410129927087,0.12659224079357434,0.06049905524993515
64,18,val,22,4428.06875,306.5987537543293,972.987857859918,0.17223098764146405,267.93356248817446,106.30160957111912,0.13805528787642907,0.061337303741709585
64,18,val,23,4508.971875,327.5276656446806,1075.0856614160741,0.18598836949729192,286.0405321625308,116.54606444673732,0.15080823999655268,0.06314761172844172
64,18,val,24,4589.875,344.1354625260402,1161.6790161700728,0.2004070751775791,301.3934044887492,126.51481124038355,0.16755883670889482,0.06331662606236244
64,18,val,25,4670.778125,361.09821567379186,1218.5742502519631,0.2125221728223048,317.90186827137745,135.54292283382097,0.17986223473121996,0.06484464583082251
64,18,val,26,4751.68125,380.4344150516954,1344.0884185346706,0.2210893623761645,334.51705189585823,143.3635443498531,0.19256057375473257,0.06625274192479129
64,18,val,27,4832.584375,402.6006915862581,1412.4090355729656,0.24294913409186533,354.11693990926096,158.38510558995722,0.21097733510149624,0.06711904935590568
64,18,val,28,4913.487499999999,427.52821726958246,1532.942649796675,0.267298407604033,369.5200396405198,175.07911157967726,0.23501512222472848,0.06865842743539793
64,18,val,29,4994.390625,449.1988669208098,1649.503208237699,0.2869130054704225,392.6664350760234,184.9825923808055,0.25381331510325456,0.06878077877010835
64,18,val,30,5075.29375,481.4794090853525,1767.5508420648034,0.31454442672114447,414.3303033022221,200.50310219039602,0.2813181832110323,0.06777061781951255
64,18,val,31,5156.196875,515.4494780297227,1900.066592475493,0.34656340974004163,439.29461616625076,216.8378415408938,0.31416939751144346,0.06851814507895237
64,18,val,32,5237.1,548.3664027968302,2043.7503104923042,0.3760845683746239,464.01199588456166,225.56880928303258,0.3359230627724419,0.07098866631723155
64,18,val,33,5318.003124999999,582.0620212510761,2150.2097197989115,0.40528099276300467,487.86105346164277,240.434946224525,0.371080709597682,0.07212054003346083
64,18,val,34,5398.90625,614.4608894014993,2284.2333569471602,0.43899919158379985,517.2926774674949,255.83707869895989,0.3991010503279213,0.0729353040858291
64,18,val,35,5479.809375,644.2706522978341,2445.459216174991,0.4679300749610149,544.472102891433,267.18463588122177,0.4317481112728061,0.07290477160680486
64,18,val,36,5560.7125,680.7706764953991,2595.0298510329912,0.5001312490147403,574.2288943006884,279.97761293187295,0.46862601012598315,0.07376104826562618
64,18,val,37,5641.615625,716.0278371675872,2782.6842504743263,0.5403283299787003,605.8911192062624,294.01993116488256,0.5078138916335961,0.07489833751570668
64,18,val,38,5722.518749999999,755.9244180144731,2961.1651350121656,0.5813498826886532,643.7783000571926,306.9494622384923,0.5470484156234467,0.07624353524684005
64,18,val,39,5803.421875,794.9887439025076,3157.9462802531098,0.6240901627120599,677.2414133733378,318.9332975704815,0.5899514730059313,0.07667691362171683
64,18,val,40,5884.325,840.7725709332681,3297.593268145179,0.6638508874295679,713.8520901023071,329.8679067464434,0.6285883748232829,0.07578828153122566
64,18,val,41,5965.228125,887.7774450809284,3498.6231356823205,0.7048357847675712,749.3100537046757,338.99511740568755,0.6779850835680473,0.07637498725074354
64,18,val,42,6046.13125,929.432304067177,3708.6419337961215,0.7503001065135156,784.5807035374719,351.5584275342576,0.7211667679226964,0.07721264570118708
64,18,val,43,6127.034374999999,980.5220811248319,3946.165106935767,0.7963404207472075,836.4431386028173,363.77852826921855,0.7647853678842409,0.07799007843958469
64,18,val,44,6207.9375,1026.744878843303,4162.556483030187,0.8338724735250103,886.794418601994,370.4317845877654,0.8025416871428048,0.07841905962231895
64,18,val,45,6288.840625,1081.8573626240493,4398.868510928667,0.8757650026295429,936.3974614034873,377.91097399298224,0.8511967687766797,0.07990937556441591
64,18,val,46,6369.74375,1138.6383764677107,4667.909587464097,0.9188720461757172,1001.541595497315,386.2836534601968,0.8953796148410825,0.07990125652480168
64,18,val,47,6450.646875,1198.69386650862,4952.291044171925,0.956683777452963,1060.3254127528317,395.1668433918485,0.9363247488346493,0.08053703292376907
64,18,val,48,6531.55,1257.5878702161845,5273.958684864297,0.9947202701939967,1122.693882792305,406.3565047725817,0.9769396088116222,0.08145888484470572
64,18,val,49,6612.453125,1309.0006884133345,5566.883639016914,1.0372078458159573,1177.2330984902055,415.2916613631916,1.0191446551029715,0.08279212744360248
64,18,val,50,6693.35625,1379.0379457557265,5843.19302534071,1.0758064966517877,1268.0957239142572,420.96185795256247,1.0476252800945551,0.08369634409022969
64,18,val,51,6774.259375,1439.4928439049863,6156.21325887524,1.1009726414602516,1336.7835997325983,428.0377405926856,1.0764821606203054,0.0843561084643979
64,18,val,52,6855.1625,1504.522059608746,6480.200212150851,1.1321056424385967,1410.070890113559,434.30966541041016,1.107636558521391,0.08477815991496385
64,18,val,53,6936.065625,1561.8179432166457,6805.552730731188,1.1631075710137329,1493.4497291550315,441.506299790035,1.1389969987219,0.08476942021023483
64,18,val,54,7016.96875,1632.27644973324,7146.695212095968,1.1858793121116151,1556.6120514621389,446.05852441776506,1.1590172669841414,0.08566708000176627
64,18,val,55,7097.871875,1728.9582736398188,7542.3161096971535,1.2105747375693032,1635.704597052893,448.7169663478312,1.1807771813794194,0.08811365884194705
64,18,val,56,7178.775,1805.6225433365967,7851.075874310335,1.2320353296229465,1736.693864139042,454.85304376893157,1.1993002410913833,0.08790254850085319
64,18,val,57,7259.678125,1911.7486025034793,8227.171359359329,1.2619061374089107,1830.3117583248536,457.8717858457537,1.2261353040150802,0.08903734176082118
64,18,val,58,7340.58125,1999.1705286380572,8681.482875150907,1.2827551468521659,1906.7185022361741,461.2507854494652,1.2547125853366174,0.0909908755868244
64,18,val,59,7421.484375,2097.1062477117357,9166.637677510762,1.2952159901441078,2011.5771789421615,466.3621901842703,1.2677137853052134,0.09214942577390195
64,18,val,60,7502.3875,2195.0902493791773,9631.29652578995,1.3010601619323214,2101.3638362419724,469.4143552253536,1.2795624013663687,0.09469443442325365
64,18,val,61,7583.290625,2292.2657878951895,10060.602969231737,1.3171890989541053,2187.8752532106773,472.45743881047275,1.2876438376208528,0.09572341775718543
64,18,val,62,7664.19375,2383.5592344606766,10451.273733308497,1.335017045594633,2287.0810727271473,476.9563275518891,1.3006414874204564,0.09717069589091493
64,18,val,63,7745.096875,2478.5356490840513,10849.649157677743,1.3389642254663103,2383.245657183579,483.50392989544844,1.305085805799383,0.09997296314515763
64,18,val,64,7826.0,2574.30488347552,11323.840019891071,1.3377251814940538,2480.065471089688,487.90620932169304,1.3095158426023878,0.10038250288579853
64,18,test,0,2648.2,0.0,0.0,0.0,0.0,0.0,0.0,0.0
64,18,test,1,2729.1031249999996,4.912796574870981,10.881857993526191,0.003580565863843619,4.67779214703512,1.3882539444196595,0.002827778234862355,0.0015712993649986268
64,18,test,2,2810.00625,10.768573587432329,22.722256001299,0.008129525647907962,10.350063361961759,3.0230015311936143,0.006627823702594349,0.0034576489071789715
64,18,test,3,2890.9093749999997,17.362330158562145,37.38641332586213,0.013550089329353353,16.55022104628756,5.1730497865030145,0.011053652696421667,0.005631430775311121
64,18,test,4,2971.8125,24.61198350132321,58.01761343432334,0.01936273514029606,23.326991563527244,8.417037784157921,0.015745740620784487,0.007382957003899959
64,18,test,5,3052.715625,32.93131421922624,74.45576825235777,0.023798620529091874,31.430696247660705,10.03168167339652,0.019391665852200313,0.009185887080912294
64,18,test,6,3133.6187499999996,43.10384508519371,93.05575044621048,0.030821669634324006,40.92835289721464,12.395162411461769,0.024331411984317153,0.011778911031047959
64,18,test,7,3214.521875,53.496575076700026,117.36784534963114,0.03872259021201829,50.51675447203685,15.324312764573023,0.030801709834187528,0.014376929935214661
64,18,test,8,3295.4249999999997,65.42637662852968,141.44379449557366,0.04566642844396583,61.954722263784845,17.350282963036534,0.036086839948521604,0.016422577972841773
64,18,test,9,3376.328125,79.0050738622714,170.20804727612534,0.053104640459747735,74.77184338767273,19.74237150790259,0.04250096178562077,0.019080410996547004
64,18,test,10,3457.23125,93.06703908511338,209.76029567214704,0.06066449899116283,87.75017475414515,22.704068106580877,0.04822035905721199,0.022505722594422586
64,18,test,11,3538.1343749999996,106.936522959856,249.60108406082787,0.06650723190088949,100.06779839966384,25.900402404726464,0.049308312033805556,0.024926459976577862
64,18,test,12,3619.0375,122.16025533636099,295.48209136263716,0.07382265783393205,113.69835959354546,29.297801614838193,0.05375914610775568,0.027875167196424796
64,18,test,13,3699.940625,137.8525308534826,341.1303263957312,0.08012842298345192,127.67181724913002,32.6739915892702,0.059040325007092206,0.03106169201884043
64,18,test,14,3780.84375,154.8381107026202,391.75851082481233,0.08696587211006473,143.62746615765332,36.26204797419474,0.06372261214362962,0.03444715568640187
64,18,test,15,3861.746875,172.8473680707907,441.9765119145154,0.09542011609069687,159.56778378391158,42.462416608376685,0.0710217738263963,0.03877506609176358
64,18,test,16,3942.6499999999996,191.6089228056279,494.01138412883313,0.10567458388278939,175.37840589331566,47.68406154461502,0.07825833502020374,0.04232460933354179
64,18,test,17,4023.553125,209.7790246569673,553.6466150268998,0.11387514046252815,192.26784523387153,55.50528075127659,0.0859504369048747,0.046411606633114943
64,18,test,18,4104.45625,229.68122109988974,623.3654427666006,0.1230010843659736,208.14758189825966,62.654967764188996,0.09359028601224617,0.04908164573441676
64,18,test,19,4185.359375,247.45293853482053,690.4054103700274,0.14003362537238356,224.33005742998802,73.20742283722836,0.10625203601343641,0.052615644163886074
64,18,test,20,4266.2625,266.66312414294066,774.1874991588671,0.14962391246320372,239.5007037524408,82.43462885772601,0.11732601913306065,0.055334557128885326
64,18,test,21,4347.165625,286.1281325722089,848.8917339652702,0.16275189638287335,256.34380224995823,91.78528541273323,0.13028412357224578,0.057935295077603255
64,18,test,22,4428.06875,305.36013049633937,932.4113562876342,0.175472722504869,270.8436778344163,100.42251986115502,0.14233038479318644,0.059432147398281836
64,18,test,23,4508.971875,324.12172768535896,1027.0732948582242,0.1863755563551832,285.9026602624084,109.17395755117099,0.15402862574584453,0.05971421177666195
64,18,test,24,4589.875,342.7029817986664,1118.1106261578855,0.20108353068629775,297.9656889055491,119.07459492930883,0.17061032751892677,0.06016864059453335
64,18,test,25,4670.778125,364.6624772911906,1213.17012272099,0.2135017862608165,315.86807224172554,125.98698338096881,0.18225131544831116,0.06055071261425529
64,18,test,26,4751.68125,384.879328016666,1292.775321103323,0.2244130071099651,333.80967095610714,135.08877061545377,0.19403433941286852,0.06172052305545954
64,18,test,27,4832.584375,408.6682476556618,1404.5217458600441,0.24359994059300338,352.50828658644195,149.9243931376668,0.214240210955792,0.06306065933817367
64,18,test,28,4913.487499999999,433.518480106299,1529.9035799660496,0.26509035444037543,369.9053586164496,167.10032014354857,0.24044394570914124,0.06467069591994294
64,18,test,29,4994.390625,458.94026045574776,1647.1305738090239,0.28641965229362143,390.56555759971445,178.12950358701585,0.2599116805154684,0.06712119056981586
64,18,test,30,5075.29375,485.5498052141911,1761.8782295186763,0.3141658850251694,410.63704328956874,194.63094120325763,0.2891089109990797,0.06894687487883112
64,18,test,31,5156.196875,514.5394734644028,1895.8889684918433,0.3427111456133572,428.57679332937334,208.81463141984824,0.3187126898644907,0.06970778786178321
64,18,test,32,5237.1,546.1178877223247,2040.4661353483634,0.3726844440035057,450.0225863698375,220.3093702271417,0.34482244732674666,0.07078626252038302
64,18,test,33,5318.003124999999,575.9099035457922,2150.663463882723,0.4052375461628191,471.2900246018386,232.9963078722326,0.37945288406706146,0.0722033715905325
64,18,test,34,5398.90625,601.8426817874775,2293.8340430689314,0.4413703367857208,503.02639088643275,246.01856772300934,0.40821490709920183,0.07312676444920095
64,18,test,35,5479.809375,633.9568919922556,2447.054825573833,0.47530278518033087,527.7863543440873,256.21276573887286,0.44424490706960335,0.07368343221270374
64,18,test,36,5560.7125,669.584562984511,2627.6235132167535,0.5059913920663125,553.8000367411655,268.4125623726814,0.48374365665142943,0.07328729981903245
64,18,test,37,5641.615625,705.4530124957843,2747.5456397426933,0.5437491548507325,574.4518533931746,280.2277789020451,0.5143819165232335,0.07446742930768309
64,18,test,38,5722.518749999999,746.371515008164,2905.044736412136,0.5834985637659246,608.9709434825323,292.12282884308394,0.5487206850106272,0.07559817311172945
64,18,test,39,5803.421875,786.9506013505827,3049.6738038967183,0.6227112238503529,640.4551358376623,304.30607475993554,0.5899445540627004,0.07575245660479228
64,18,test,40,5884.325,823.7796305777465,3233.2229931792567,0.6627497039934406,678.860739126291,316.18301540957106,0.6375650898341745,0.07511754243675305
64,18,test,41,5965.228125,862.0586371925469,3407.7131486832754,0.7031388632356556,721.1351366211786,326.0091097971696,0.6769050244890273,0.07688794095330777
64,18,test,42,6046.13125,902.4250813334618,3643.2069609368687,0.7489595777619915,770.3078437058082,334.75626667637925,0.7237346325945151,0.0752577491909736
64,18,test,43,6127.034374999999,934.5303934937306,3841.628871447663,0.7885049670313602,810.2181005614852,343.3935663513523,0.7648228768412855,0.07434661881781587
64,18,test,44,6207.9375,982.8822721426462,4081.576804122676,0.8252240411454232,853.4372260178068,351.18210567698327,0.8057714432073495,0.07622846826404843
64,18,test,45,6288.840625,1042.9104609661124,4386.926992766966,0.8652672713252083,898.8663740818267,362.81932057829636,0.8519151899736634,0.07676143773765456
64,18,test,46,6369.74375,1101.8174388217687,4579.245535375473,0.9171767084870941,959.5900209639083,371.2434701268137,0.8954262830234496,0.07784514771438586
64,18,test,47,6450.646875,1169.564382049515,4752.151639958172,0.9569979052655581,1018.108308026271,379.0627896490406,0.9357492213910579,0.07632062867768061
64,18,test,48,6531.55,1232.6876374848155,5015.587557796499,0.9909126032276866,1081.83656886348,388.28585335604515,0.9713333005948246,0.07990251575150722
64,18,test,49,6612.453125,1299.6817202328116,5332.90518514289,1.03405563919165,1152.9690514706772,396.8410757155709,1.0115781513373374,0.08189775636841153
64,18,test,50,6693.35625,1379.2881082590327,5570.842797161777,1.0682389279982676,1229.6157774933931,408.4486882876064,1.0455772508951386,0.08196331364297878
64,18,test,51,6774.259375,1451.8016145857473,5883.012857698054,1.1012404501332118,1291.2903308751174,410.83062694178807,1.072079432188948,0.08276965867148357
64,18,test,52,6855.1625,1509.3279615902447,6216.126945692962,1.135854577516287,1372.167186875643,416.0514543740703,1.110816992139236,0.08427049402898222
64,18,test,53,6936.065625,1587.9558413787151,6440.064851356688,1.1709823917274846,1461.8154699737431,422.26980854977114,1.1360372014252922,0.08471455645907186
64,18,test,54,7016.96875,1657.9638730574402,6684.779529873936,1.178086697998064,1524.8256819561875,427.7744631922076,1.1636715105159088,0.08447550155814233
64,18,test,55,7097.871875,1749.6223528959192,7069.038265118943,1.2015710025326531,1610.875455996812,429.54739610386383,1.1790934035692464,0.08491566092825101
64,18,test,56,7178.775,1840.5784764692044,7402.639893147919,1.2191831875764878,1689.4982117590303,436.9095652033206,1.18949102130457,0.08617733590817085
64,18,test,57,7259.678125,1919.1022563403521,7744.6661058989475,1.2334640029513024,1765.9081458236549,438.5011657337259,1.213906820042382,0.08623568522017536
64,18,test,58,7340.58125,2004.2127868098873,8091.266683425125,1.2466903480127383,1861.432991345513,440.78003669378415,1.2308070637013224,0.08537210275374497
64,18,test,59,7421.484375,2084.7309344210316,8372.485879670205,1.2601813454308288,1961.6556421614844,445.07018669123966,1.2410726583376372,0.08681303090025613
64,18,test,60,7502.3875,2175.1208895587833,8594.16325907664,1.2750062387719558,2046.3897566866435,450.70691444760416,1.247469103323108,0.08829957919867862
64,18,test,61,7583.290625,2279.022339654489,9002.246096995654,1.2839504616450719,2146.8866299080246,454.57110275016225,1.2583716102139708,0.0901848437192995
64,18,test,62,7664.19375,2374.6092673932253,9349.054468259576,1.3071791361040086,2245.647260338842,456.7957841691417,1.2760980448134478,0.09356551124330928
64,18,test,63,7745.096875,2455.389233852209,9696.459592275589,1.315051643607998,2358.4004330813714,463.3693074199243,1.2841306082928412,0.09382246840714718
64,18,test,64,7826.0,2581.458592501235,10048.589310862963,1.3212322113091493,2458.5916655422225,472.9872252213561,1.3037247043370115,0.09391089086559397
64,19,val,0,2648.2,0.0,0.0,0.0,0.0,0.0,0.0,0.0
64,19,val,1,2729.1031249999996,4.6085638255704,14.322057713755491,0.0033239085270309054,4.470796947821043,1.5234812788662566,0.0027999282693758065,0.0012126374778417826
64,19,val,2,2810.00625,10.18622099326194,29.86855993009384,0.007709914970663312,9.626968109361034,3.220309615670658,0.006524808335933718,0.002736850256493395
64,19,val,3,2890.9093749999997,16.832937063119722,46.383688980847595,0.012986095407251097,15.720109953868189,5.061345102205905,0.010947412148354374,0.0046407582939000935
64,19,val,4,2971.8125,23.833417206390095,73.14903032198826,0.018955011651750064,22.835136181722284,6.101143214024773,0.016014237402207226,0.007217223652038196
64,19,val,5,3052.715625,31.972306392731298,93.1553486781296,0.025667616505287844,30.545255845993324,7.868599310455693,0.022046896568712893,0.009247087907171547
64,19,val,6,3133.6187499999996,40.753187380660805,121.79811352035837,0.033087243423445684,38.74138196701438,9.68783847535093,0.028563954887914078,0.011604837629380915
64,19,val,7,3214.521875,50.84137814311873,149.94080846910833,0.04112472546990986,48.68013197324217,11.589319361902994,0.03490962802871634,0.013728365784270238
64,19,val,8,3295.4249999999997,60.63265472062085,187.3585775578617,0.050506580420911495,58.363384963683984,13.535302594956278,0.04296234866034421,0.016436481486036686
64,19,val,9,3376.328125,71.41140084193154,222.41023001802756,0.05560656853458891,69.10789151904595,15.373595750446611,0.04721136924890328,0.018386721598921685
64,19,val,10,3457.23125,85.02914992461541,254.33079752021467,0.06273548330563289,81.49211369152454,17.4736981164898,0.05191454572995441,0.022601436459131555
64,19,val,11,3538.1343749999996,98.22486183742285,294.3504164335421,0.06832304535863949,94.32398531794206,19.545258373256047,0.0548170565146458,0.026195014484680507
64,19,val,12,3619.0375,113.43278113658783,334.56426297550047,0.0747017227422514,108.7834017572078,21.400671147173256,0.05896756476057863,0.030108869430819918
64,19,val,13,3699.940625,129.28523778511192,385.96111389210057,0.08052366041616868,124.49374590054418,24.64161687120736,0.06354456782864046,0.03391473135202355
64,19,val,14,3780.84375,144.6578621847152,429.72694482324897,0.08615928166438164,139.03841812376072,27.292421267191003,0.066350693464938,0.03884362809992645
64,19,val,15,3861.746875,159.98572921606424,478.4137361334222,0.09076282707408401,153.77298805944406,29.9430242788592,0.07067715243569417,0.04409042332923635
64,19,val,16,3942.6499999999996,171.423669716404,528.9394830928298,0.09608243527060509,164.4767017820996,33.10498003540374,0.07340976134724911,0.04730302425823285
64,19,val,17,4023.553125,188.95985243847946,589.1817092144117,0.10499053191609375,181.26921355747072,35.005965461465394,0.07986406871386686,0.04961666773205253
64,19,val,18,4104.45625,210.1873566265624,648.8615069228151,0.11696424637029634,201.43367941437873,36.69664323008259,0.09040712471822254,0.0527165253987813
64,19,val,19,4185.359375,222.2265704636186,704.8156317307412,0.12806772196850835,212.62317907188688,39.76841693480537,0.09687707535303847,0.05653606277214451
64,19,val,20,4266.2625,238.00130947068965,768.0771220008537,0.1387705362239644,227.7605006105432,42.76429760618461,0.10749173588120269,0.061539341078602205
64,19,val,21,4347.165625,254.69214721306344,857.6449300023816,0.15123601347707266,243.5030081522136,44.885574138902484,0.11995882554527264,0.062203496045042106
64,19,val,22,4428.06875,272.91310017631076,953.9460021757477,0.16072053359791894,258.8504553490907,48.213218269097524,0.1315031591843166,0.06385090700853843
64,19,val,23,4508.971875,292.88924426246865,1018.9404297010984,0.17543058779552478,278.2048400243866,49.7457193995956,0.1475139437797368,0.06684889443144514
64,19,val,24,4589.875,315.7348801555031,1072.9166101745354,0.19028576198650698,299.45423299017193,53.94742896270799,0.16059663786535672,0.06981181576786594
64,19,val,25,4670.778125,342.9487907490625,1177.920829315474,0.20730630484219748,317.82846387292807,57.76840012956086,0.1769888305898637,0.07253954966847734
64,19,val,26,4751.68125,362.0363821972461,1296.4478160437973,0.22493961173427474,341.65671433032685,62.97336548948351,0.19564607528057415,0.07474340080439873
64,19,val,27,4832.584375,372.4783090234354,1384.5501472678086,0.24645242891280922,342.72257109142856,66.01018050218954,0.219503496755237,0.07757179573782136
64,19,val,28,4913.487499999999,386.46891832318886,1496.1160680161656,0.269191122551915,360.1541951224476,73.73992208883351,0.24225521882476064,0.07763270091892122
64,19,val,29,4994.390625,410.48639826846056,1614.3896440963886,0.29295123778346616,381.25344316509313,80.4065513242449,0.26921062930920087,0.07787819739054486
64,19,val,30,5075.29375,439.82214903127215,1710.234749082729,0.3193083557759824,406.5072540845449,87.39394396030775,0.29337708174989596,0.0787284882583692
64,19,val,31,5156.196875,467.08955393197016,1835.5444017727855,0.34602457985859203,432.1385116261638,91.37456781309083,0.3174666781823876,0.08169683281718243
64,19,val,32,5237.1,496.7112236396076,1981.0990532380342,0.3739451644225941,452.2015088438991,101.15698733803491,0.3423915487255902,0.08402536352033335
64,19,val,33,5318.003124999999,522.3657989209016,2150.040796727957,0.4053526543451036,488.72375456056716,109.53130787743248,0.3764200345465346,0.08606176955223976
64,19,val,34,5398.90625,554.4903733165256,2305.9707414046893,0.4337817088277962,515.0191822061743,114.05611693362516,0.40444408344397775,0.08752037410742972
64,19,val,35,5479.809375,586.9147604994325,2461.6320176599515,0.46925051886546887,547.5013274182298,122.09938542353171,0.4397550602212863,0.08861152270284514
64,19,val,36,5560.7125,615.4428824675051,2590.3178722875,0.5049827271080831,584.8327217357792,128.99174083375442,0.4752477938733887,0.09018044161325511
64,19,val,37,5641.615625,655.2529604334545,2756.7208062262334,0.5365567570125227,612.436726785063,137.26941051946451,0.5066582512645788,0.0920069013083391
64,19,val,38,5722.518749999999,687.5340619766348,2968.6579126878996,0.5738723384124678,646.9470632221714,143.52115708321378,0.546813599949042,0.09364464688360608
64,19,val,39,5803.421875,719.7276181881805,3208.9604275939823,0.605346935665968,677.8543282001338,150.47552674172948,0.5843601037638022,0.09355634588403827
64,19,val,40,5884.325,755.7798558718218,3361.97321619724,0.6395790224540467,708.7330596506263,157.40691951057784,0.6235451625620086,0.0943193604500403
64,19,val,41,5965.228125,801.2992919778696,3579.7735362143644,0.6740788210079507,740.0761253843484,165.3079219777851,0.6556838103931734,0.09640037432837034
64,19,val,42,6046.13125,831.7852620835424,3822.0029662418615,0.7054471589245659,781.3384978138629,170.03224942243378,0.6869024334216767,0.09887783185198035
64,19,val,43,6127.034374999999,874.3419994665942,4039.4175669233514,0.7406509076512413,825.8849555619889,178.26153038123493,0.7268526792134772,0.1002566826323395
64,19,val,44,6207.9375,916.4887479888648,4260.574630708551,0.7822020535622892,868.3746618950679,185.4855906542241,0.7722146572004401,0.10161268273593815
64,19,val,45,6288.840625,958.643639893694,4494.413735350415,0.8200958179386958,908.240982987536,191.67394942184,0.8105155829328525,0.10274140503774287
64,19,val,46,6369.74375,1004.9547096552942,4746.047942546444,0.86215858061367,956.0723529502866,200.2864012625878,0.8543855161914499,0.10426886127709328
64,19,val,47,6450.646875,1060.7161312543667,5038.109268990223,0.8992962243021541,1001.6122602247606,207.4963714827618,0.8915480541666354,0.10606219536779884
64,19,val,48,6531.55,1122.320864725566,5279.987960248675,0.9363565450787315,1055.0447914874894,216.43097690643742,0.9307316909157592,0.10804853771018141
64,19,val,49,6612.453125,1180.2076640247208,5568.574413153078,0.9736034083252243,1123.1872313378517,225.84696708318575,0.9653163332659642,0.11094391044320917
64,19,val,50,6693.35625,1250.1500092058109,5858.82917565079,1.0109061333694325,1190.0141234974626,233.72376680521256,0.9941786224933746,0.11231849141675465
64,19,val,51,6774.259375,1305.61912422786,6162.329998916783,1.0466741000763058,1257.3846489325433,244.88364898408577,1.0330869887456018,0.11481128981832844
64,19,val,52,6855.1625,1376.7885643300701,6458.369484129382,1.081517492965825,1317.8125412340337,253.3165478116075,1.0698551085053798,0.11868319764142196
64,19,val,53,6936.065625,1453.574244753952,6768.881053562278,1.122429403947578,1394.061094328805,260.31451675953576,1.0987687786845093,0.12109050887786771
64,19,val,54,7016.96875,1530.882621151136,7087.21283833986,1.1426899017416767,1482.1783140743037,270.51902976288034,1.1204726648945256,0.1224325062479173
64,19,val,55,7097.871875,1621.6331140066416,7425.365933961896,1.172524561586577,1561.249114991199,280.3418826894415,1.1520522486715978,0.12721119527321287
64,19,val,56,7178.775,1703.409786817133,7802.997166960845,1.1992998772293595,1637.3683716311689,289.1558616148302,1.1824790175777729,0.12959605705028035
64,19,val,57,7259.678125,1782.332878099396,8184.072303149318,1.2254301054988315,1712.5442616833197,299.41606195922077,1.1961174956511555,0.13157040155657024
64,19,val,58,7340.58125,1866.123661103316,8437.076815188459,1.2518759430419357,1786.7201850989431,307.11049664714096,1.223116891746312,0.13225406107204504
64,19,val,59,7421.484375,1956.821318896914,8794.424755899678,1.264490514221492,1878.4865425596706,318.0157591655757,1.2401910146842416,0.13296446236649162
64,19,val,60,7502.3875,2049.211058667069,9158.611713663906,1.2695787444406414,1977.260104760603,327.6155208750424,1.2486330715112541,0.13317893089563604
64,19,val,61,7583.290625,2136.3405288743706,9528.186160040414,1.283718268733386,2066.474178156909,340.1381310432896,1.2650639615088415,0.13460401146036996
64,19,val,62,7664.19375,2216.4835559362928,9902.374591313168,1.2844953638077028,2151.514767611161,347.4760615119976,1.2644043436950274,0.1359717127067256
64,19,val,63,7745.096875,2312.2640438658664,10280.263442684,1.2955100411772558,2252.2272729481506,358.555416616241,1.271937983103738,0.1373237766669061
64,19,val,64,7826.0,2404.653725720593,10662.066083226555,1.3006397695019682,2329.7684904866856,368.4803263709,1.2852132008946553,0.13878514312535423
64,19,test,0,2648.2,0.0,0.0,0.0,0.0,0.0,0.0,0.0
64,19,test,1,2729.1031249999996,4.54359791970127,11.235228033011445,0.003348407972905698,4.476263404455949,1.4698874032745834,0.002899085542034177,0.0011169352993030748
64,19,test,2,2810.00625,9.949556661579706,24.570052533312396,0.007818606874977936,9.605754479942163,3.078942362410686,0.006643180465039367,0.002694979914686854
64,19,test,3,2890.9093749999997,16.20355932152151,37.4455034099498,0.013136954521902888,15.613854336322674,4.734038577964839,0.011268263023993252,0.004818543022361635
64,19,test,4,2971.8125,23.101003528990027,54.818532845530434,0.01941234398603227,22.44395296926882,5.5815026760015485,0.016387544423257863,0.007214572585614518
64,19,test,5,3052.715625,31.211948016665048,74.57299409935062,0.02602989488577855,30.00596552992363,7.396505192364344,0.022439475271094148,0.009213193255330515
64,19,test,6,3133.6187499999996,39.61345340280076,100.38813655803912,0.03337518899067748,38.53543880117627,9.309597298283734,0.02902904612056426,0.011770557338502963
64,19,test,7,3214.521875,49.93614573816885,123.28725388288584,0.04166303933108521,48.07539150331408,11.009236309533321,0.035831995425129964,0.013935811082567938
64,19,test,8,3295.4249999999997,59.66925441332194,154.33649704460927,0.051648357474056925,57.619944803604994,13.21756193301482,0.044000103262605485,0.017324049235298115
64,19,test,9,3376.328125,70.39093220854653,178.68798195635662,0.0566613290214589,68.34521087458256,14.768546020906825,0.04678742252407081,0.019338402741288924
64,19,test,10,3457.23125,82.87013261557874,216.85217517367622,0.06381666258261157,80.27677183868676,16.775004526758508,0.05364716973328687,0.02267770834456402
64,19,test,11,3538.1343749999996,95.88945349398713,254.42162060984901,0.06921457760191807,92.72765420952744,18.639155182452072,0.05729104512135902,0.026614193110759965
64,19,test,12,3619.0375,109.67231851563497,298.95960245016516,0.07514139283187893,106.48336409737169,20.642215047537604,0.060685168012561325,0.03039249131381143
64,19,test,13,3699.940625,124.64206058370664,343.9204012372811,0.08043760202407213,120.97289517782883,22.96246157930426,0.06398602735431524,0.03381998341959319
64,19,test,14,3780.84375,139.57157183001212,393.76660735074165,0.0857300180375966,134.8526674325754,25.298521434145016,0.06656086491131641,0.03835308875074772
64,19,test,15,3861.746875,153.8773601848007,447.7525243232493,0.09163627194923393,148.0056089436914,28.025465174152053,0.06923962933974137,0.04183670620565988
64,19,test,16,3942.6499999999996,164.73713445774808,508.6214254835471,0.0975667812308477,160.0649183123224,30.920119514208366,0.07339686335269303,0.04590004171939506
64,19,test,17,4023.553125,182.75207898635415,566.7139264662195,0.10510429919861897,177.6170088571405,34.21994549389051,0.08159931491490309,0.04697551547510129
64,19,test,18,4104.45625,203.57309949846325,633.0604332630344,0.11716909367361777,197.3275944734887,36.96932732990987,0.090696224270638,0.04805828168282823
64,19,test,19,4185.359375,217.0733481820264,715.3205952736467,0.12686917099886563,206.9693825839103,40.31719905108844,0.10008224140307942,0.05133115737529677
64,19,test,20,4266.2625,231.32713838976747,790.9846453524219,0.13919859593713654,221.10195936672915,42.63305259124195,0.11186401686379827,0.05422348989570034
64,19,test,21,4347.165625,247.44740575935964,872.2275735499404,0.15135711266732205,236.24524729251561,44.98322827836532,0.12558146527080932,0.05509325024929046
64,19,test,22,4428.06875,263.6581512862719,962.9769617339969,0.16620772702299197,249.42416751443375,47.40061396194761,0.13807689981368623,0.056962804645812465
64,19,test,23,4508.971875,282.24964243619866,1056.4211805813395,0.18203212082632675,265.74502650266396,50.92364392421666,0.15320833603376174,0.05948673065940199
64,19,test,24,4589.875,303.35411080211827,1166.9901546822425,0.19711774431377393,284.6527523343667,53.717607485950225,0.1691488261243955,0.062321904935392844
64,19,test,25,4670.778125,324.8357240181008,1254.3969245768665,0.21183298035074363,304.7890570757286,57.499405426067796,0.18606119256231457,0.0642330352155461
64,19,test,26,4751.68125,344.7203206915965,1353.7633504096775,0.23078528950348093,324.9275629316628,61.86472019322764,0.20735778559697465,0.06840049817474943
64,19,test,27,4832.584375,356.69812594491646,1433.0648157864985,0.2504954797264633,335.48795903534057,65.81936634351138,0.22837745095342227,0.06943893730711972
64,19,test,28,4913.487499999999,377.39443212200285,1555.3550483788777,0.27689914486995343,353.7325932239028,71.101490053044,0.24893612738449006,0.06971668009197497
64,19,test,29,4994.390625,401.7259066619836,1670.6037467327885,0.2976520405315996,377.9978566579203,76.12471623736016,0.27533007200545784,0.07169662818997183
64,19,test,30,5075.29375,427.9360592830841,1802.6856804991485,0.3236368306721027,401.572938037237,81.99636168005497,0.2996938718038272,0.07242885165373021
64,19,test,31,5156.196875,456.9255912104318,1947.4387039249173,0.34392032739469225,423.0493180438941,87.85457319076073,0.32715369018548185,0.07453950130546089
64,19,test,32,5237.1,479.6276278819,2111.5879533166717,0.37561779962576314,449.2122840830177,93.2866691108174,0.35645512904825327,0.0771202273764618
64,19,test,33,5318.003124999999,512.9207675024077,2233.5605001697736,0.4038976059091981,478.54810575176646,99.64931248255127,0.38435040062678033,0.0782893923470529
64,19,test,34,5398.90625,539.3995552513147,2387.690359571173,0.4346363612626226,502.7636744715238,103.11732309804711,0.41428653301026075,0.08062476363977344
64,19,test,35,5479.809375,568.6256975053823,2521.937328750705,0.4698637973943598,529.0454582789366,110.85983432787572,0.4430283566293075,0.08158267201799005
64,19,test,36,5560.7125,598.8602904935192,2613.2757412265914,0.49714292741406474,565.0565805116869,116.61744075806979,0.4702005429219596,0.0828176937402638
64,19,test,37,5641.615625,629.3335347675821,2722.797306351688,0.5270173720547975,595.67600387046,123.0981863020304,0.502129139912752,0.08358008319957373
64,19,test,38,5722.518749999999,673.4162342122261,2881.0817387709517,0.560444422794286,628.8421371041579,128.1421430449754,0.5360928756571839,0.08554416485490307
64,19,test,39,5803.421875,710.5747804690026,3035.5257174266235,0.5958802550072341,650.7934217235913,134.64468787528716,0.573626224664614,0.08646608371882906
64,19,test,40,5884.325,734.0169467001374,3183.6113314760983,0.6358823153194831,681.6450639093574,142.4050072643439,0.606174653384986,0.0884659665848133
64,19,test,41,5965.228125,772.8752797831024,3377.0744690322244,0.6699461847704362,710.930556551503,150.4200638779878,0.6474178790202012,0.08957968864935217
64,19,test,42,6046.13125,810.0067610074433,3551.383696891482,0.7052076789706013,752.3206666811433,156.41241580764387,0.6861655533881017,0.09248865796976455
64,19,test,43,6127.034374999999,852.2275721496142,3792.987870488007,0.741643273218448,784.5388327294671,163.89733430759534,0.7157384226472927,0.09492858769218938
64,19,test,44,6207.9375,888.5919983453663,4064.892087389752,0.7825382206585083,830.2356190699741,170.46223632347335,0.7536891081786207,0.096119894522061
64,19,test,45,6288.840625,933.1354053234833,4217.418600699203,0.8118489590659694,873.6558012116902,180.00194165759353,0.7972230017613599,0.0987969905695647
64,19,test,46,6369.74375,988.1787702066785,4432.008329718269,0.8513223895082676,933.5763769129119,186.49870406255786,0.8280189610880839,0.1010198410749093
64,19,test,47,6450.646875,1032.9421901492424,4686.011723121908,0.8864330929627198,986.8788136312219,194.20008390346766,0.8696819893266733,0.10171833194567992
64,19,test,48,6531.55,1090.5662374013332,4954.587422195586,0.9236001735296526,1036.9273947224597,205.31395571693878,0.901840956905986,0.10278779681651556
64,19,test,49,6612.453125,1154.7305685053786,5203.652369371199,0.9652678456137029,1100.0391504022814,215.14379417862983,0.9390790445272384,0.10481207139974302
64,19,test,50,6693.35625,1228.4433731798572,5473.882929262349,0.9991549171029235,1155.2964815056016,221.62162651783035,0.9716028348096956,0.10866786725584159
64,19,test,51,6774.259375,1306.4309882410116,5757.860591724609,1.0367262102756043,1230.3548966536368,230.3591659274673,1.0073261689937523,0.11001207632127877
64,19,test,52,6855.1625,1395.402227585933,6072.3335387531,1.0683573263493353,1309.594899995119,239.45643713466325,1.0443496594012072,0.11183560996278971
64,19,test,53,6936.065625,1459.2943092274595,6339.773174780939,1.1000947224432194,1386.6181560656373,249.00875700484448,1.079453276697548,0.11375010899494949
64,19,test,54,7016.96875,1519.929420879862,6651.0788600150145,1.1252318295642132,1457.472440687667,258.29911341111256,1.107530248779562,0.11698274378862256
64,19,test,55,7097.871875,1597.045662703245,6971.338471267154,1.1531300694075652,1527.0039349803674,266.3530075976581,1.1330810158456939,0.12137681907003518
64,19,test,56,7178.775,1678.2277365654252,7287.9107777450845,1.178612523894604,1610.1430194266015,276.0786739871435,1.1642765953788352,0.12417350864363588
64,19,test,57,7259.678125,1761.189305493801,7606.4159244496295,1.1934081503905125,1691.0723514233723,290.56476805666875,1.1792553048404555,0.12482018166550674
64,19,test,58,7340.58125,1857.6668789132711,7935.41891138596,1.2151474084667186,1768.2495261141469,298.52831473262853,1.2046040459552099,0.12709034724192692
64,19,test,59,7421.484375,1944.9659722311594,8263.841825079086,1.2263474006788817,1847.184660921906,307.8207619585527,1.2133924175974573,0.12748554201622367
64,19,test,60,7502.3875,2028.9685999208727,8597.858835262059,1.2374091629579753,1941.6051906793257,314.6780180629918,1.2267269991742547,0.1288555585921571
64,19,test,61,7583.290625,2123.066028108667,9011.131067758348,1.2661907546013955,2040.2862580117471,323.90859899319935,1.247589161508661,0.13083208994724127
64,19,test,62,7664.19375,2207.4344913225586,9301.0515936913,1.2784848408732008,2130.687878633211,333.42203378653323,1.260459699887896,0.13374570340514946
64,19,test,63,7745.096875,2303.4323812123885,9596.62056096096,1.2790942897653728,2216.497308970247,347.6970083450226,1.267185377629848,0.13522232753417768
64,19,test,64,7826.0,2399.789224698093,9867.766083999888,1.2991564414901735,2296.2148097644504,358.7657205677317,1.2780388526232174,0.13746888196235554
64,20,val,0,2648.2,0.0,0.0,0.0,0.0,0.0,0.0,0.0
64,20,val,1,2729.1031249999996,5.87437640449906,14.76378012484218,0.004756425686900517,5.703466391278056,1.0542762035044007,0.0038205198793876682,0.002249449517912651
64,20,val,2,2810.00625,12.59625419784527,31.102701692190482,0.010394923709758364,12.151817561157685,2.287435773581592,0.008305197793073704,0.004919592193855515
64,20,val,3,2890.9093749999997,20.582479528471254,47.15308658887732,0.01615201495531668,19.852285270644643,3.7454548126163445,0.012979558485989862,0.0072705136819777895
64,20,val,4,2971.8125,29.460996575966014,67.0303799144278,0.022985295300412267,28.322810018451605,5.225727316584994,0.018361276554287875,0.009776294096444649
64,20,val,5,3052.715625,40.1511131571084,84.71864994138507,0.02855995809381527,38.665943253022306,7.413609907111152,0.0236032185448945,0.011786708519492817
64,20,val,6,3133.6187499999996,52.50904066632245,108.31559004298722,0.035804025880617485,50.03171915163307,9.893269304608765,0.029320135410376702,0.014606728180061729
64,20,val,7,3214.521875,66.09303985433712,137.9905890218905,0.04306111235731838,63.24562805508549,12.790642128024388,0.03499564199115068,0.01767966103598641
64,20,val,8,3295.4249999999997,80.38675367046011,174.88751500853527,0.05219396711636168,75.87746514724358,15.75102886164359,0.0417645314706519,0.021400302765338386
64,20,val,9,3376.328125,95.60925316358748,207.2015344039541,0.05917826594664666,90.93988130933894,19.09658242112755,0.047288235889425545,0.02467768892523009
64,20,val,10,3457.23125,112.14057529650745,240.45532211109955,0.06563297791782607,106.4573555777315,22.06641529596709,0.050770714318568166,0.027722509012305385
64,20,val,11,3538.1343749999996,128.4778943947913,282.4610000938459,0.06949129234146145,121.73675685622243,24.829943816925493,0.05248778140626298,0.030339141043736473
64,20,val,12,3619.0375,147.94236037172936,323.33560873980196,0.0741401533985199,140.81269879538638,29.076560299657217,0.05556473213578356,0.03308538801016607
64,20,val,13,3699.940625,168.86477395422617,371.82453817930156,0.08032024363699734,161.3169493370421,34.37621112900047,0.05985249714019619,0.03730180688930017
64,20,val,14,3780.84375,190.76731743845698,426.8950107929184,0.08466665509757748,182.24896399860313,40.2468038897581,0.06292677040622974,0.04112955138883129
64,20,val,15,3861.746875,213.09564604558773,485.0792332211805,0.09003001710030344,204.09986074271913,46.600954982405796,0.0675641007114175,0.0442367905162111
64,20,val,16,3942.6499999999996,235.59155780893093,556.382789246523,0.09727502810967514,226.0507475508433,52.37406446931203,0.07210035031558043,0.046295392663459056
64,20,val,17,4023.553125,258.11690283456556,615.7662349835929,0.1049804483628583,249.7097641925734,58.259889637255924,0.07799924938241276,0.04971098457950962
64,20,val,18,4104.45625,279.8012587761036,684.3635327592254,0.1152576293307131,270.388326525147,64.77476389298431,0.08724609179015796,0.054276197113187555
64,20,val,19,4185.359375,299.476413644868,753.3591680412892,0.12362773632774299,288.2058619980725,72.04799700878306,0.09585434431973183,0.05771759941600174
64,20,val,20,4266.2625,322.8314376470962,833.6783021241744,0.13552287258457307,309.4642350322232,81.34644400439228,0.10443687932645135,0.06215217856793409
64,20,val,21,4347.165625,346.13855140213445,915.1180526226382,0.1455593976890865,330.3172378685417,87.29549876159837,0.11565308637383892,0.06425791021541505
64,20,val,22,4428.06875,367.8127188611029,993.2971936347667,0.15953550029891572,350.62603464727005,94.58155735643459,0.1290201938659724,0.06699473036771847
64,20,val,23,4508.971875,393.7612152459735,1088.8857382460392,0.171331043375883,371.0938278618059,104.93089515836118,0.1423852275818649,0.06961767438165567
64,20,val,24,4589.875,420.2292400137537,1192.2280857646626,0.18760722219599013,392.4123812361264,113.8862857338836,0.1571114566770726,0.07236118860490248
64,20,val,25,4670.778125,441.71530589130725,1309.6244865203364,0.19998033108052649,413.87801185498677,121.66491521887224,0.17167111102489585,0.0739982054238919
64,20,val,26,4751.68125,462.89815163902404,1418.4395461072013,0.21369925851623048,435.1842247711204,128.78024845474556,0.18563633850093852,0.07664887664835407
64,20,val,27,4832.584375,484.2785027870491,1533.9795062459752,0.23635454680728807,451.3684827975766,132.0883164127622,0.206365287212254,0.0791849236331521
64,20,val,28,4913.487499999999,505.4517547806654,1652.3080880737764,0.25777355728537343,471.18652420140705,137.79432823380944,0.23049971894709836,0.0826889637252394
64,20,val,29,4994.390625,532.4441236553525,1759.4570147924182,0.27977404418216834,494.0994502565417,145.83435675247358,0.253322108938428,0.08800343259113275
64,20,val,30,5075.29375,557.4407066620779,1875.2353058466988,0.3060399555898652,513.6795852496334,152.14186287533948,0.2791982334267029,0.09227269510344444
64,20,val,31,5156.196875,584.5922631116025,1999.232643600685,0.33275814343011745,539.7643678176962,158.42508338367622,0.30185293724916157,0.09638775831369989
64,20,val,32,5237.1,608.0010837484338,2108.651162567802,0.3590497245984786,562.965778475153,165.1907047827308,0.33163644063864683,0.09834130618932568
64,20,val,33,5318.003124999999,633.9833888221165,2205.208619462727,0.38846105812212484,585.9617221067026,171.4143483050634,0.3617840461972166,0.10203638893018038
64,20,val,34,5398.90625,663.1945170917106,2370.3780694288803,0.41887644325261375,600.397813950849,178.08417597004222,0.39939915208214716,0.10466017732571609
64,20,val,35,5479.809375,684.9403354553942,2532.962950055411,0.4545240167173753,615.0635401077409,185.39139134435345,0.43348283970159884,0.1057821787654907
64,20,val,36,5560.7125,707.558735640248,2704.2674137533095,0.4890805474757759,641.9250199600697,193.36480556611946,0.4677060419353424,0.10827175240379905
64,20,val,37,5641.615625,733.5512606763501,2904.4640435979923,0.5216724152074682,661.7812393391773,200.94676827255853,0.504230159024191,0.11055697308251511
64,20,val,38,5722.518749999999,758.6995001162506,3080.771996889596,0.5567280151517612,690.6034405263028,206.82253016508412,0.5406397450663791,0.11449582383125934
64,20,val,39,5803.421875,792.1754939125378,3261.862333264844,0.59424886971568,720.1329995742185,215.84709015613157,0.5720783963804044,0.11711188798531336
64,20,val,40,5884.325,838.3664671078463,3555.630093268169,0.6315550061261055,753.9288806737368,225.207692421435,0.6067675095240664,0.12045072570403097
64,20,val,41,5965.228125,875.2537058607004,3793.508066500049,0.6708333195308974,776.049587567627,235.7235102478903,0.6440076758818525,0.12267839641073863
64,20,val,42,6046.13125,913.4068838341491,3990.612324391454,0.7070812380354646,813.7985297095156,245.80759838624465,0.6794065355064938,0.12536356709648075
64,20,val,43,6127.034374999999,956.544388358303,4182.375052842709,0.743877814569846,852.2878865065024,252.91580415699855,0.7165568438330973,0.12751678850573406
64,20,val,44,6207.9375,1003.4522063460827,4468.823181783339,0.7862658792922583,911.1000917965839,259.893747263618,0.7546280620747692,0.13085365301940266
64,20,val,45,6288.840625,1043.9146301190476,4716.799968142991,0.8188306951560121,963.7732443248694,269.09599818020524,0.803301628742592,0.13093043397428492
64,20,val,46,6369.74375,1098.165386917458,5022.161721535496,0.8594208924836665,1023.7801830774345,278.7749883754316,0.8395634937592225,0.1311937493413337
64,20,val,47,6450.646875,1153.6512073845415,5298.097155906768,0.9000480080163381,1053.8255099121443,290.0248182895666,0.8832710814345168,0.13448865991457815
64,20,val,48,6531.55,1210.896793335337,5651.116901210363,0.9416048476428505,1099.9491002569357,300.6892884287531,0.9215276971279718,0.1375677454433324
64,20,val,49,6612.453125,1257.8000222922583,6040.965411552178,0.9650297406401109,1163.3941436324662,310.3235263981219,0.9467485953723459,0.14039257825870094
64,20,val,50,6693.35625,1307.3447621692367,6318.282513421548,0.9998497398504835,1221.082657343743,321.0402608374068,0.9804399535759262,0.14139972496862546
64,20,val,51,6774.259375,1369.969375174719,6710.574174628185,1.0265610360140758,1281.487792606697,331.9774947319729,1.0058049215212472,0.14135925730283938
64,20,val,52,6855.1625,1451.6714882069834,6929.362466308487,1.049772320864062,1347.7561992701794,339.4659402376874,1.031421205080707,0.1434220956888499
64,20,val,53,6936.065625,1523.9046442682422,7268.692368398996,1.0860820210677191,1421.1209165250125,349.17354819197044,1.0556295182732183,0.14433221296865362
64,20,val,54,7016.96875,1604.9732898754314,7643.152767715675,1.1055007732955202,1492.9576414435246,361.987016281752,1.0695136854788345,0.14681527948594286
64,20,val,55,7097.871875,1683.078531903675,7957.386594927405,1.1296534078511777,1557.4242259984885,375.5105493317501,1.0995456337453828,0.14839179560679344
64,20,val,56,7178.775,1749.253794826842,8323.903570352968,1.1406503367139416,1627.9186204637172,388.0542811284613,1.1112700906862893,0.1500092417146548
64,20,val,57,7259.678125,1834.4501093981762,8692.042504246654,1.1610991652630243,1720.7204958783962,395.1934800873218,1.116614111126034,0.15078747993981997
64,20,val,58,7340.58125,1930.6768675706394,9073.934687469926,1.165383314850832,1789.0466207281008,408.6284218117271,1.1260859328878214,0.15199582544160595
64,20,val,59,7421.484375,2015.353368156866,9470.02050859307,1.1720627402447004,1883.3776598123393,417.7961968779442,1.133350034971628,0.151814509495439
64,20,val,60,7502.3875,2092.043252379881,9874.535520390336,1.1972626865339868,1965.1777956981107,430.8051066921621,1.1514188047751783,0.15341073302970257
64,20,val,61,7583.290625,2152.3837546741333,10301.237269357389,1.2057808793355662,2048.0323738534025,446.05485137930145,1.1660992321895214,0.15573017437099657
64,20,val,62,7664.19375,2259.9961214800715,10728.836120939508,1.213428260589497,2134.4209627789896,459.73781337588093,1.1759095598537772,0.1581816559199957
64,20,val,63,7745.096875,2352.685848226969,11104.000314703924,1.2407499726358184,2208.4246744649577,474.00197426247814,1.206429884466037,0.1597601348774097
64,20,val,64,7826.0,2473.7903611320926,11513.579496282755,1.2591483796525125,2317.182605401399,483.3876076259003,1.2179670688831634,0.16160178620724247
64,20,test,0,2648.2,0.0,0.0,0.0,0.0,0.0,0.0,0.0
64,20,test,1,2729.1031249999996,5.754054202679271,13.859524496403356,0.004975796205756652,5.604329884107528,1.1332956616874057,0.0040615720816497124,0.002256130527909621
64,20,test,2,2810.00625,12.462622287143788,29.778186470421986,0.010905580315814789,11.9294304176214,2.3997039196359538,0.0087806021824028,0.004817123950794783
64,20,test,3,2890.9093749999997,20.33401366038845,45.77470902156906,0.01645545890029739,19.496276118609046,3.7960198274828993,0.013892556255573445,0.006975170076171239
64,20,test,4,2971.8125,29.23490126865147,66.98587501083209,0.023618201222675664,28.10198968558808,5.336399050918317,0.019679091564183196,0.00933887717111722
64,20,test,5,3052.715625,39.956903220407014,79.58382505950362,0.02948599292491676,38.45287365977157,7.500936682539816,0.02465494999045418,0.011140714532049609
64,20,test,6,3133.6187499999996,52.71686550691079,99.82718183268916,0.03663437115270993,50.12890199702014,9.949566447716052,0.030888315810193717,0.01431092234929418
64,20,test,7,3214.521875,67.40070360687511,123.24094406653785,0.04394699661560385,63.52478801347061,13.148714686558094,0.03697136979293608,0.017250112491299166
64,20,test,8,3295.4249999999997,81.86484431790575,158.04591449887656,0.052784859788422345,76.2922945379163,15.867012208005349,0.04457587803325183,0.021075374985914455
64,20,test,9,3376.328125,98.22576867165367,183.7062712011459,0.058938149217595825,91.82782832548776,19.437016762783088,0.04948226952411483,0.02324478002125631
64,20,test,10,3457.23125,113.86715010540627,218.13102415158315,0.06355088343947088,107.76981095400728,22.585507401558402,0.05226919356936949,0.02613547981731288
64,20,test,11,3538.1343749999996,129.98453881596419,259.8524171642931,0.06783014962417205,123.22374390704027,25.87772893170026,0.053856098278831165,0.029106033472480093
64,20,test,12,3619.0375,149.83619700015538,306.71065848030423,0.07279128093715809,143.12837562168568,29.900277772153316,0.055832801911570584,0.03215823824475467
64,20,test,13,3699.940625,170.29133230497706,362.1795774960364,0.0782139994900384,164.4948291510957,34.81031692424352,0.059656105632761164,0.03573279932522766
64,20,test,14,3780.84375,191.69865941646557,416.5046194015882,0.08461592131321552,185.46069338666715,40.32572047039196,0.06296125562809014,0.03870979632190864
64,20,test,15,3861.746875,213.2488939566528,479.38483393507073,0.0906528479982932,206.20793542951787,45.712390083915366,0.06691431158692765,0.04298907536392366
64,20,test,16,3942.6499999999996,235.34809357823949,549.3027444311782,0.09746897988294027,227.1059831613087,50.88639352601021,0.0732115412364967,0.044981180246261854
64,20,test,17,4023.553125,257.7164591405037,609.9732396337821,0.10382295923165585,250.39267325276526,56.51889761944773,0.08018101294441672,0.04915093626550043
64,20,test,18,4104.45625,281.45482023902343,687.7362381895225,0.1134141321788261,271.7824197476517,61.23791947630153,0.08857451518660617,0.05365648360468583
64,20,test,19,4185.359375,299.84924508799793,768.9138333080303,0.12265518690397943,289.64091596051844,67.73683957546695,0.09553496876748245,0.05529370360201572
64,20,test,20,4266.2625,323.2605479609276,849.4776926573345,0.13505231853974847,311.56830925306167,76.0208607868691,0.10735375347013668,0.05816939829648548
64,20,test,21,4347.165625,346.2335313443887,937.2896320322162,0.1486823120410174,335.9321888621096,81.63486957742805,0.11885529780201326,0.06156923180885296
64,20,test,22,4428.06875,369.98122329679717,1031.5184461388747,0.1617223688331372,356.2207919321807,89.19312066340979,0.1299880018135937,0.06304921952967041
64,20,test,23,4508.971875,390.97461749028463,1122.0876190061506,0.1752350112799398,375.58980080416404,97.78812416449689,0.14212602105935673,0.0641491898239737
64,20,test,24,4589.875,416.29239181065003,1223.9050591320436,0.1883301344600373,397.26019039368765,108.00805867478402,0.157291247865822,0.06809205416686594
64,20,test,25,4670.778125,437.1311943875753,1346.1069922041297,0.1993856187078001,416.87955198358395,117.14237850033982,0.17424130045241154,0.07241844831456894
64,20,test,26,4751.68125,458.3992316886345,1459.155893037418,0.21299888681839546,437.0780106333143,124.47120288140479,0.1865837591477626,0.07513573215941344
64,20,test,27,4832.584375,477.81177949797103,1564.159401090763,0.23582527120293365,454.1751252479713,129.4182827767294,0.21044993226771586,0.07852233726502941
64,20,test,28,4913.487499999999,499.1454882555715,1670.1650805239435,0.2560982113340715,471.36188171842974,134.55705450371624,0.2306444314839895,0.08222897535609466
64,20,test,29,4994.390625,521.4868999996208,1771.2416393155659,0.276501888545732,488.184211265807,141.16990749479896,0.25431181522682367,0.08612026064993075
64,20,test,30,5075.29375,540.848991389466,1874.3763255443903,0.30087976260639165,511.28844849366214,146.66564797161817,0.2821355731329536,0.08947642494842867
64,20,test,31,5156.196875,566.4980451651402,2042.6728183180599,0.32875679657687684,528.4422163570497,153.0041575479686,0.306521064361083,0.09214747059346773
64,20,test,32,5237.1,592.1625447479641,2205.2330899494627,0.36346810671076396,554.9088272192506,158.00455459174145,0.3388458679300099,0.09501628541233165
64,20,test,33,5318.003124999999,617.2355685493329,2359.121315883874,0.3923629284790092,575.2188233560673,162.45015118333583,0.3674613993753517,0.09791027005139064
64,20,test,34,5398.90625,652.312233298133,2452.788656544861,0.4252826999904136,592.6976966231052,169.3023621735108,0.3946981860208053,0.10111201552019666
64,20,test,35,5479.809375,675.716513114466,2628.578600940722,0.45308755636412623,613.949946078094,176.6328321195516,0.43167626992866515,0.10414832467123963
64,20,test,36,5560.7125,708.0853949145904,2786.0076376261622,0.4848784510452422,639.1022331855769,184.047087944613,0.46232644549895274,0.10518595338626743
64,20,test,37,5641.615625,733.488727340287,2955.7080277021682,0.5238321552967773,665.2724786823363,192.09926022392665,0.49577311362194665,0.10661238832921152
64,20,test,38,5722.518749999999,770.6231959354,3134.890298841273,0.553988655564823,692.9319979058306,204.71209669172907,0.5314725498403224,0.10948351904583198
64,20,test,39,5803.421875,806.3496774211103,3231.9396139162645,0.5905631333403549,715.5036920440239,213.45190834561123,0.5654210448354929,0.11032036927802624
64,20,test,40,5884.325,839.7609876405099,3438.358423494055,0.6252702440609909,746.6436180345255,222.18436537296782,0.5998978351369686,0.1129555261103121
64,20,test,41,5965.228125,870.7334589847022,3639.9451915801674,0.6606637969808413,782.863988067355,233.74528041375697,0.6331783721011883,0.11677925407178923
64,20,test,42,6046.13125,907.3221693364957,3827.3908260748153,0.696200360927848,829.2618855854244,243.82699767209104,0.6762828130867649,0.11809930008165048
64,20,test,43,6127.034374999999,946.3286569743445,4015.9933272065937,0.7376265233529503,869.3926731153567,252.667707840331,0.7165516207622707,0.11850527274139509
64,20,test,44,6207.9375,1002.0384892343941,4237.232859398523,0.7790645892157034,916.3896652508186,262.08279522388267,0.7489578366331853,0.12026877304710526
64,20,test,45,6288.840625,1045.2352474470672,4430.218133364373,0.8135403312091033,955.6347448065594,271.85655441972045,0.7920411992375156,0.12130154214825412
64,20,test,46,6369.74375,1083.2933244537485,4689.740797484403,0.8528886262962462,1002.5932563858078,280.6353409340758,0.8299177795040089,0.12212911911765358
64,20,test,47,6450.646875,1133.9131936342426,5051.8984914518005,0.8856390967290282,1049.2744469792542,287.6598797809926,0.869583771619959,0.12391733320858168
64,20,test,48,6531.55,1187.0644435617237,5268.280682206749,0.9208167589943583,1102.8594570628059,296.4536326137761,0.9048500961974602,0.12644756618532954
64,20,test,49,6612.453125,1244.0741583511253,5504.050657675355,0.9605346141858401,1162.6810760961064,305.3835075751383,0.93885460821975,0.12773482911579254
64,20,test,50,6693.35625,1304.1543241634486,5869.350248499018,0.9951211189581366,1234.8040120004953,315.34077323016874,0.9729423562730207,0.13084220870106505
64,20,test,51,6774.259375,1381.1756707476377,6237.894463559906,1.0300934875789591,1305.8369482301089,325.5989128063135,1.0113844754408297,0.1324831074757081
64,20,test,52,6855.1625,1449.3558607938085,6524.352125627956,1.0639438882153809,1373.0147587942838,335.6014128457474,1.0404997444487392,0.13538166007278502
64,20,test,53,6936.065625,1508.6846420483225,6749.686105211395,1.0818078545608985,1431.582712939079,346.9991429615433,1.0623198881449385,0.13824144853101517
64,20,test,54,7016.96875,1588.9092225295656,6980.711348704176,1.106000878721529,1500.7008740096612,354.9808454633592,1.0862164846678901,0.13961103235044306
64,20,test,55,7097.871875,1656.507724965877,7313.3284104052045,1.1325193231829926,1577.875945599203,367.7102393216103,1.113462023339222,0.1404081506202956
64,20,test,56,7178.775,1744.6388299596692,7652.653703289462,1.1525043967499302,1654.3387335625255,382.385231955773,1.1344606082742335,0.14188049054985122
64,20,test,57,7259.678125,1822.841703043764,8023.729886845891,1.1715178651168916,1749.0465566671674,394.99537806714,1.1490675597661677,0.14348872726086762
64,20,test,58,7340.58125,1921.4977358509202,8412.158524453182,1.189010413381937,1845.3673294025316,405.46227561113926,1.1607585488877943,0.14380857791550586
64,20,test,59,7421.484375,1995.9836277482168,8814.406437797044,1.2035655359388455,1926.0554735149071,412.71617035766894,1.1797286864021483,0.14357172707938834
64,20,test,60,7502.3875,2087.584185629751,9187.661298614237,1.224834190516097,1985.0563115714124,422.11903072522006,1.197282982345102,0.14359862247370972
64,20,test,61,7583.290625,2170.6229622890587,9540.39364722151,1.2479761760676373,2083.157434912323,430.2311613296439,1.2209014433618228,0.14621233929482721
64,20,test,62,7664.19375,2250.751965983909,9882.953833155943,1.2581980713957872,2163.586402813273,442.9768301510748,1.237630570600716,0.14673022814258413
64,20,test,63,7745.096875,2342.858289810096,10245.962449787841,1.2745436675499142,2232.498840036925,454.36326955012873,1.2486323656670657,0.14756645211002217
64,20,test,64,7826.0,2447.053671490835,10584.573721623865,1.2868533428481364,2311.780717713532,461.9653015160452,1.2607319386477855,0.15073508815569536
128,1,val,0,2648.2,0.0,0.0,0.0,0.0,0.0,0.0,0.0
128,1,val,1,2688.6515624999997,1.5750597431321012,4.409795387618938,0.0026416987563421257,1.5498873396904145,0.29139068755767994,0.0022050116132883713,0.0008038624094534874
128,1,val,2,2729.1031249999996,3.275579773919901,8.543630614737186,0.005617199560222809,3.1880818797880295,0.5085370252402299,0.004580307360377289,0.0016494453686927146
128,1,val,3,2769.5546875,4.8446460091469135,11.746010922043126,0.006764792662202618,4.724665976691966,0.6468454540566881,0.005541475403880725,0.002072099845720765
128,1,val,4,2810.00625,6.968220229907729,17.573995424908155,0.010228176730138483,6.765906864188764,1.0099497504629795,0.008086389673880867,0.003258147415551027
128,1,val,5,2850.4578125,9.273929079895993,24.110854205377997,0.013126186659231931,9.002256145308252,1.4128851147461319,0.010293862857783248,0.0042882813899598055
128,1,val,6,2890.9093749999997,11.872099563134952,30.560522374960893,0.016761213046979917,11.475171953954089,1.90870205406668,0.013152267404344109,0.0054760463205419385
128,1,val,7,2931.3609374999996,14.545338655998385,38.97521232499339,0.020501543126110952,13.980793948194403,2.506292851563785,0.016158356218903824,0.0066938320419443476
128,1,val,8,2971.8125,17.060167013468686,47.07273639818295,0.023832462298430113,16.418768223019242,3.0896816875554123,0.018905591455177853,0.007809803285130368
128,1,val,9,3012.2640625,19.854271593459316,55.16892664668517,0.02755428326332854,19.246150259803585,3.716755457276122,0.022069638655725088,0.009043290188130715
128,1,val,10,3052.715625,22.256256847185796,63.98526564360622,0.029855078298168802,21.593775566354445,4.206440309388881,0.024165973553055484,0.009926183518711024
128,1,val,11,3093.1671874999997,24.99013804415995,74.03019055698222,0.03361394065104495,24.216788474497264,4.752602635051062,0.027182058851021873,0.011471440719623
128,1,val,12,3133.6187499999996,28.114123360580834,85.61654017471479,0.03810490035214588,27.17834676390396,5.572909050385988,0.03027655675708063,0.012876906690634238
128,1,val,13,3174.0703125,30.964180764414095,97.02959869192676,0.04152575994491314,30.124314007096586,6.325306774339623,0.032605478859935866,0.013970369994474596
128,1,val,14,3214.521875,34.46165376777799,110.67771683617731,0.04622672771925629,33.42972643762199,7.186236366422349,0.03671173800486385,0.015228058221621044
128,1,val,15,3254.9734375,37.87870158100759,125.62203606266984,0.05095718103160368,36.70799451474149,8.144137201817614,0.04051931616704213,0.0167406781611118
128,1,val,16,3295.4249999999997,41.76245675644452,138.2687635392102,0.05507105955849037,40.12370806280785,9.158825516571767,0.043363465484639804,0.01801683172457727
128,1,val,17,3335.8765624999996,45.74613282595408,154.81595299683633,0.0595347062382276,44.21969492233302,10.324763670439552,0.04675542476956229,0.019548218650597284
128,1,val,18,3376.328125,49.65617281129653,169.02604908948368,0.06390796935000845,47.87838645685838,11.573810448524569,0.05074373803470866,0.020806657661584863
128,1,val,19,3416.7796875,54.445496810217264,186.38957339085493,0.0697587622988799,51.97097869120171,13.023557479961312,0.05392888904372228,0.022173296617945815
128,1,val,20,3457.23125,59.311128160402404,207.28574605221866,0.07494611806822121,56.170549528062,14.497872783465482,0.05834313184280293,0.023427268939196777
128,1,val,21,3497.6828124999997,64.39960034649062,230.27019435024255,0.08045713729383508,60.44890643237011,15.598036305910057,0.06377071691282543,0.025147806700100486
128,1,val,22,3538.1343749999996,69.31156411479833,253.38272484739,0.08606457690503444,64.67630633061816,16.879345334729123,0.06892598921128673,0.026188491540918984
128,1,val,23,3578.5859375,74.05007244852868,279.6208790160051,0.08997871811308733,69.49014796135344,18.015730251100592,0.07428050690060084,0.027173261171454383
128,1,val,24,3619.0375,79.28461784365481,306.81233785365225,0.09545831808372568,73.50304038877198,19.367977080584353,0.07887729173565623,0.028176427216052014
128,1,val,25,3659.4890625,84.64033643274149,335.27041053391696,0.1015255845435159,78.18069495276347,21.592649907148598,0.08468554913515502,0.029534399177374646
128,1,val,26,3699.940625,89.47116598795901,364.3303789770212,0.10423618861390982,82.16274418633418,22.360171392634243,0.08751341715577954,0.03106630083670028
128,1,val,27,3740.3921874999996,96.00991318941965,394.8862889253284,0.10867009137355971,86.82233578346654,23.852109038198677,0.09214037367273956,0.031832830094041115
128,1,val,28,3780.84375,102.72434112314954,427.4144337293551,0.1164224030876333,93.61532036396625,26.12225458831574,0.09907188044633308,0.0328755396256028
128,1,val,29,3821.2953125,110.61482431862757,462.0748154660951,0.12487603674081124,100.15667440640641,28.01180152970062,0.10450514426844915,0.03437685181172795
128,1,val,30,3861.746875,117.52999704606282,495.70331291075706,0.13101820509164863,105.56647112448303,30.266798293894226,0.11077573602224708,0.0353904505995253
128,1,val,31,3902.1984375,124.5941189825146,536.9422436145242,0.1382621936190688,111.13731198150845,32.054216200123165,0.11739177847294724,0.03738394970979886
128,1,val,32,3942.6499999999996,130.6041461493237,578.9783381315615,0.14443114012363534,116.46791303284942,33.81208067121122,0.12385830141089897,0.03757372675868703
128,1,val,33,3983.1015625,136.89923692595585,615.2956858271948,0.15047987734521928,122.60639819859875,35.361488280202025,0.12842949781929902,0.03804088828684993
128,1,val,34,4023.553125,143.1688363070691,657.3030248787269,0.15695967321760484,127.56100109002944,37.72910747471769,0.13389252393969375,0.03976276719795668
128,1,val,35,4064.0046875,150.42191924241166,696.9779316631402,0.1628067344502937,133.52236811059015,38.612702968748636,0.14222488306848968,0.04053895238234281
128,1,val,36,4104.45625,156.6808771510182,739.5242066286055,0.17032665634784688,140.60313176298678,39.45990564056956,0.14893153977535606,0.042867569285107154
128,1,val,37,4144.9078125,164.54854709374445,781.8311626951414,0.178847805109017,147.4099898789092,41.70110520720982,0.156424149936496,0.04539833581215791
128,1,val,38,4185.359375,172.4856682197924,819.5517243314608,0.18745678361947044,155.08555887363684,43.34257486834758,0.1663831794619791,0.04751705091529668
128,1,val,39,4225.8109375,180.90904849583467,857.5368263153184,0.19769400915077562,162.7470108969078,44.447166154839124,0.17525998326876208,0.05004013544605834
128,1,val,40,4266.2625,189.7412708220969,907.4782666050777,0.2072935182675928,169.4224752136506,45.882777791803164,0.18374454214644537,0.0507985978214949
128,1,val,41,4306.7140625,197.47668685738518,965.1377458261002,0.21762379778106355,176.96772973690145,47.17488757198929,0.19308775780636778,0.05049096875223147
128,1,val,42,4347.165625,205.67151723741972,1014.4326201821339,0.22818780118072368,186.3443348225644,48.53975092309781,0.20392164238149102,0.05097708022297996
128,1,val,43,4387.6171875,214.19573002401648,1069.662923811783,0.23850027668462226,193.64451018410023,49.72154036008902,0.21544229462579223,0.05133290469790455
128,1,val,44,4428.06875,224.90352140829373,1129.7171762860396,0.2533644369757775,203.42800334191224,51.03817354529383,0.22811477726650264,0.05280803881307569
128,1,val,45,4468.5203125,234.07060402524849,1168.8468587484606,0.26511421669304924,212.35093722916076,52.378706934447905,0.23917577007855073,0.05236448433949478
128,1,val,46,4508.971875,243.15926083095718,1216.2966955212976,0.2753352046427071,220.84671278539503,53.93930898483745,0.247346315025411,0.05335715978346117
128,1,val,47,4549.4234375,252.2305225241155,1270.2906181717665,0.2882921083497622,227.63676290147572,55.47548495306387,0.2572453375502409,0.05426584570372012
128,1,val,48,4589.875,262.1211304204394,1327.4684805516747,0.2977543103511171,237.4179656370643,57.53600671056347,0.2683822563498278,0.05547494706123826
128,1,val,49,4630.3265625,273.975894137898,1383.654629790792,0.3113152013510534,248.47479554770757,58.81384187544114,0.2776019955666176,0.056279970148700315
128,1,val,50,4670.778125,288.2553306940565,1441.725509178684,0.3201819472165024,257.73293072393244,60.27433330927856,0.29198738400554314,0.05687200302659928
128,1,val,51,4711.229687499999,300.54723854433973,1501.704285981725,0.33072214308994125,265.82436841943036,61.79789286107962,0.30496759230742854,0.057528062903023335
128,1,val,52,4751.68125,313.1119807092233,1566.519223009896,0.34479319996560953,277.0348475654032,63.21422884155936,0.3203057158316647,0.05966818131437901
128,1,val,53,4792.1328125,328.494052335472,1633.9854812504861,0.3585763784411389,290.62420039632286,65.62813026732783,0.33288309201451316,0.06034758623271047
128,1,val,54,4832.584375,340.03860623437276,1688.305009635064,0.37397764352822827,302.49481433254743,66.58626223591568,0.34633418184951137,0.060754100567987634
128,1,val,55,4873.0359375,354.0413091395038,1756.1273099155326,0.38819112295318536,314.86175871714295,68.55663601757556,0.3601813516838498,0.061872004033777794
128,1,val,56,4913.487499999999,365.9042843937641,1810.9924864162076,0.40276231368177595,325.5718847132023,69.71689372249301,0.3747152944356402,0.06238647302233419
128,1,val,57,4953.9390625,382.1150655091117,1869.5176119576718,0.4176859556501433,339.63751893088556,71.11284366390436,0.38941097069916664,0.06290433459727601
128,1,val,58,4994.390625,402.8872120803726,1945.6607905271721,0.4302111703108902,352.05010544069637,72.19949795106118,0.40312187013191725,0.06308734997146573
128,1,val,59,5034.8421875,413.0820035423922,2029.1655327946892,0.44415076997283975,368.5244182628864,74.67346692679655,0.41781152802833343,0.0639589638727206
128,1,val,60,5075.29375,429.92847413461277,2104.5046450287036,0.45963259182944805,381.3955846130739,76.10793329328658,0.4262824247509636,0.06438849252333317
128,1,val,61,5115.745312499999,444.116369615287,2185.1616173239267,0.4763232084602359,398.53865982016146,77.62483263280018,0.4434255002947751,0.06509272042746345
128,1,val,62,5156.196875,462.3753644917201,2258.8857394803904,0.48774008769736366,417.89712168821325,79.53451968992908,0.45942234499390683,0.06607427163815571
128,1,val,63,5196.6484375,480.4679101902849,2348.033470483391,0.5002160089763036,434.38627967339016,82.33971737558932,0.47732853259456476,0.06666652303957687
128,1,val,64,5237.1,497.61555047894035,2437.2946239724774,0.5158293905525579,450.44494303158444,85.38254453451088,0.49114772851205357,0.06622954561410349
128,1,val,65,5277.5515625,516.8527296250431,2528.5595969428605,0.5322093860947175,466.2600738146807,87.88257604896899,0.5061682217379349,0.06697873585966019
128,1,val,66,5318.003124999999,534.673556613825,2625.6852477527204,0.5520243905937222,488.7593202800708,90.5902842673072,0.5178925800577925,0.0675697839343705
128,1,val,67,5358.4546875,555.3462170498165,2719.869289986841,0.5679936964038956,506.3788532875577,92.58123229454895,0.5342431877494724,0.06958254425474576
128,1,val,68,5398.90625,575.625654056168,2807.174446508626,0.5792568785265434,528.5135360213644,94.56302461774158,0.5524022911216551,0.06940803654909011
128,1,val,69,5439.3578125,590.7152550306769,2913.049963296513,0.5911703089524489,549.0263128519359,98.47046177912944,0.565340363452238,0.0698478816296283
128,1,val,70,5479.809375,611.6657082581885,3003.5274066434163,0.6065737827155582,571.1056873246889,101.51380765384488,0.5759607095422725,0.06896452545791798
128,1,val,71,5520.260937499999,632.9030610494258,3124.014501588529,0.6194421975160291,587.6185783248644,104.92406106155272,0.5895395751344401,0.06991579650383883
128,1,val,72,5560.7125,652.5707661575985,3236.500020556203,0.6289892845757344,603.3935422538548,107.66486715772317,0.600821406006969,0.07115083263392608
128,1,val,73,5601.1640625,670.7553986380645,3358.1507981113,0.6466492221361142,630.4400290861594,109.99164991254418,0.6153162307707474,0.07107477026962322
128,1,val,74,5641.615625,693.5230782009967,3466.221435742811,0.6616544143913938,647.3376839526885,113.35472023193915,0.6309069395584177,0.07196231647565304
128,1,val,75,5682.0671875,713.9214500223403,3577.8443557256082,0.6780593119112693,664.0427058115961,114.74749758150438,0.6535295395422025,0.07153015375112662
128,1,val,76,5722.518749999999,737.3794177923969,3687.3319912677393,0.6962875680512903,689.5910296204236,116.2118931264331,0.6677703186994399,0.07164541438198224
128,1,val,77,5762.9703125,764.6047467717451,3810.15249826398,0.711144283865671,708.1423622595793,118.76112012551232,0.6838316548820333,0.07135844484351064
128,1,val,78,5803.421875,793.902008334129,3973.273572158665,0.7270191750570754,732.9389021533643,121.57088690344153,0.6978470041192758,0.07032508694335224
128,1,val,79,5843.8734375,821.6937520122372,4097.091075266733,0.7451655509831678,760.4934713764919,123.92028153581691,0.7133162062423204,0.07036017836119582
128,1,val,80,5884.325,850.2243100787155,4223.447644468254,0.7602183379864513,790.6295137956647,125.87702705951642,0.7292321287908771,0.07016296819399581
128,1,val,81,5924.776562499999,871.3110589195594,4352.426528483202,0.7757098925623707,819.8353257444567,128.43950840135676,0.7444980483144112,0.07057489192270616
128,1,val,82,5965.228125,896.9913284323923,4483.528383229246,0.7952292308722048,844.2976144758063,129.55890603939224,0.7623489845791642,0.07066940240738062
128,1,val,83,6005.6796875,931.3530383692239,4591.122072729205,0.8098015059712776,871.5549887627958,132.76545188057298,0.7793529758794993,0.07125564662292111
128,1,val,84,6046.13125,963.4846574452354,4751.988255500019,0.8276223653166659,903.1861269254335,135.50645154862195,0.79221229288573,0.07144369767205644
128,1,val,85,6086.5828125,989.7827384550055,4889.390967704265,0.8463588235009534,938.0414714427126,138.45768717919782,0.8062285519774004,0.07075617240009935
128,1,val,86,6127.034374999999,1023.6446834893229,5029.04621759731,0.8636106753298622,970.3523927740321,139.20974543094644,0.8224674675414712,0.07070485275920135
128,1,val,87,6167.4859375,1057.8226301002474,5174.876308319368,0.8822037625453444,991.0400742319325,142.57624487163412,0.8385306975165797,0.07035165041328895
128,1,val,88,6207.9375,1090.246652327039,5313.3290702533795,0.8985600961460838,1021.1191357522296,145.7099688634571,0.8598273276148871,0.07151185689983908
128,1,val,89,6248.3890625,1119.4493583628002,5463.655140203225,0.9156048071361916,1043.3696631300222,148.59097795141452,0.869612812915907,0.07215430061242346
128,1,val,90,6288.840625,1151.5148321375932,5615.111714916888,0.9292374808970993,1085.8067113244942,150.95907188896263,0.8878939956877135,0.07265281089671033
128,1,val,91,6329.292187499999,1184.7723778999182,5767.688784101547,0.9426488185188542,1123.3848349657478,154.6130272179198,0.9060794973110992,0.07332838765272687
128,1,val,92,6369.74375,1221.8044109148423,5906.945222559569,0.9542798987940693,1156.1526182758826,158.15509179060427,0.915736309391596,0.07459787420431227
128,1,val,93,6410.1953125,1259.0602932048682,6060.665658821969,0.9722317902233386,1190.560666888672,159.09530396825033,0.9301849723218902,0.07579134877832433
128,1,val,94,6450.646875,1289.2302138091054,6216.2338692312105,0.9843015784335718,1218.8329873976045,162.39202942869468,0.9457616664422797,0.07738919108458975
128,1,val,95,6491.0984375,1321.8913191863066,6373.66283490606,1.0026608755174526,1253.845925827818,165.76075325217943,0.9587897623070385,0.07734698699984888
128,1,val,96,6531.55,1363.7956095194568,6531.6269005732665,1.0190530106030382,1287.7232963459994,168.93575978938458,0.9731001942612366,0.0774076075251845
128,1,val,97,6572.0015625,1397.4505789357465,6695.3913937834495,1.0303937134097663,1326.7406531117986,172.60382233206428,0.9911424975970751,0.07835305850960578
128,1,val,98,6612.453125,1435.6378482665946,6877.866420507919,1.0414590121523848,1366.5182401173297,175.89661857635974,1.0009465605154144,0.07969806862466802
128,1,val,99,6652.9046875,1471.5663950111234,7043.53717355024,1.0575575819384841,1402.4475004732722,180.24386585322816,1.0153083581923017,0.07947071587623514
128,1,val,100,6693.35625,1508.4553542913,7191.524198187284,1.0688597057804254,1447.4951565146625,183.26580612026078,1.028139954494911,0.07965612482568885
128,1,val,101,6733.8078125,1555.884824540815,7356.075875651587,1.0787710631757625,1489.3037670724425,187.19443505847266,1.043007414494819,0.08110748066277734
128,1,val,102,6774.259375,1602.8029828037802,7530.684448691481,1.0892983485228798,1534.4490728277833,190.0793159495322,1.0534992657534326,0.08154816897562936
128,1,val,103,6814.7109375,1647.2455749035362,7695.05441211773,1.092487097409195,1580.4094984065955,192.5608989839276,1.0667794733655311,0.08227360703229325
128,1,val,104,6855.1625,1684.830154897412,7856.576953614554,1.110422760404739,1621.1627538363728,197.58620353258038,1.0773213825126804,0.08335397684348239
128,1,val,105,6895.6140625,1732.8331765618188,8028.211803377351,1.1183702388603138,1661.5783702955582,200.43863057742328,1.0901921036455264,0.08293979634400872
128,1,val,106,6936.065625,1780.8067175747055,8204.005221466632,1.1291331556885498,1690.2712606463979,204.6528460602275,1.095906005172037,0.08297909564934647
128,1,val,107,6976.5171875,1822.4753064634456,8381.491079166546,1.1468262570819843,1733.1248680046087,207.60748482507552,1.1085345125433077,0.08286245240823192
128,1,val,108,7016.96875,1865.4606396459599,8560.469234866572,1.1566792118368474,1776.9591540395027,209.82567884620096,1.1181029593643477,0.08570727159078542
128,1,val,109,7057.4203125,1916.8854606018897,8740.897256256694,1.16348028340027,1814.8064694017876,213.4295408277751,1.1246793095483765,0.08779682913169669
128,1,val,110,7097.871875,1958.3295209523328,8922.717644317714,1.1674032865525985,1865.5578872132564,215.84792122132512,1.1290840597095175,0.08909000900191033
128,1,val,111,7138.3234375,2001.2611835408834,9107.317223152504,1.1796329378441217,1903.8923290887624,218.77219650144752,1.1416074667495446,0.09010738546092432
128,1,val,112,7178.775,2044.1146783032025,9300.294696385257,1.1927227197815748,1945.900957522099,223.4361619574372,1.152537725372521,0.0908121827767755
128,1,val,113,7219.2265625,2089.984099366177,9474.79109562007,1.2007636969419284,1990.2590269979328,227.56999475693362,1.1501219670774083,0.09165459779853988
128,1,val,114,7259.678125,2137.350156233765,9714.551525022158,1.2087613623517068,2039.5647820431932,231.37714955623778,1.1614652946671384,0.09320424626044904
128,1,val,115,7300.1296875,2182.0810983824686,9907.213601351159,1.215123898183068,2087.478741775328,232.7698691290152,1.1708209304276544,0.09412338538096823
128,1,val,116,7340.58125,2233.134615073027,10101.011561167412,1.2198866713829803,2134.098877603094,237.42918957168513,1.1846837718614278,0.09628027598206079
128,1,val,117,7381.0328125,2275.025567947182,10291.717485757543,1.2320047189923606,2184.301149618534,241.43353271233536,1.1916293353795293,0.09882059926040465
128,1,val,118,7421.484375,2315.2222882233104,10508.177888048278,1.2451248975551832,2231.807690589733,244.50301563899757,1.199086657456272,0.10049794259470862
128,1,val,119,7461.9359375,2362.5569517358826,10711.14629417833,1.2475099389808593,2279.97647306546,247.33150881394295,1.2069474409300285,0.10229048117122147
128,1,val,120,7502.3875,2407.0970841762573,10946.267651827695,1.2548197003653152,2323.2151371221335,253.32931064417608,1.2112223363667103,0.10265314760293798
128,1,val,121,7542.8390625,2455.18547686865,11147.578128376126,1.2567489041053481,2370.5093905904278,259.15992880567273,1.2194454382729591,0.10415623230842619
128,1,val,122,7583.290625,2508.064016423589,11334.517625746621,1.264631893256929,2419.233517790417,264.7570975269673,1.2277922264169183,0.10542818182780528
128,1,val,123,7623.7421875,2563.825173393468,11542.876121214658,1.2792065367521754,2471.6963949231285,269.6434144220632,1.2326124670157257,0.10722212536266179
128,1,val,124,7664.19375,2614.8164668498453,11734.562053140338,1.278474228878543,2520.948615097126,273.6323646338832,1.2327074946543308,0.10850731714463421
128,1,val,125,7704.6453125,2669.24701819363,11858.38986703188,1.272114329794738,2569.0082225602,278.8101467281763,1.2353994617143316,0.1103575433156756
128,1,val,126,7745.096875,2717.225867605862,12072.213290479523,1.2733337111754395,2616.835194232948,283.58040808706164,1.2349693317023487,0.11248487769795201
128,1,val,127,7785.5484375,2763.1327911421977,12276.959880116507,1.2807561584508158,2668.2771343026843,286.2288861321929,1.2418730528930833,0.114170287967931
128,1,val,128,7826.0,2810.4799369661464,12482.80968332603,1.287081558373246,2715.4116863797526,289.9237982527012,1.24716260543533,0.11554570290894794
128,1,test,0,2648.2,0.0,0.0,0.0,0.0,0.0,0.0,0.0
128,1,test,1,2688.6515624999997,1.5629104855839904,3.80438511551784,0.002686829868966522,1.523364043734432,0.28559565205910076,0.002278336215008614,0.0008261353674279825
128,1,test,2,2729.1031249999996,3.247093529687106,7.449226564469313,0.005597770555392477,3.1674586186163367,0.48971255367646904,0.00455547803586095,0.0018482066170937006
128,1,test,3,2769.5546875,4.838582391277768,10.047985195754453,0.006890183457775728,4.7565988608118115,0.6155511736452013,0.005668872902350568,0.0021950128954388148
128,1,test,4,2810.00625,6.87967221377761,14.998339576920827,0.01015856148873888,6.749752902093675,0.9045770707629686,0.008409323215743253,0.0034169806136146244
128,1,test,5,2850.4578125,9.237895239929017,20.119297762579794,0.013047611055255412,9.001699011687236,1.2850279999838676,0.01080705896757718,0.004493445663436221
128,1,test,6,2890.9093749999997,11.749844437357382,25.80161700168731,0.01652804831927656,11.48597455106426,1.7183073151443296,0.013420087670830763,0.005755781485684841
128,1,test,7,2931.3609374999996,14.369625823171361,31.943950127583783,0.02051130820237071,14.061837098321206,2.278730482252911,0.016416045735146573,0.0072928805754965235
128,1,test,8,2971.8125,16.990147033371983,39.004024078453625,0.023923219734524596,16.55948102442828,2.7818515109601094,0.019141235180713742,0.008726286760029267
128,1,test,9,3012.2640625,19.635821546472698,46.816771829070454,0.027567718568699433,19.280921138507434,3.3899808666006948,0.022256892668930106,0.010236397418008497
128,1,test,10,3052.715625,22.20634198884852,53.77872555092794,0.030310523379250068,21.808083708023673,3.9253653940320987,0.02457355025846375,0.010999568325053936
128,1,test,11,3093.1671874999997,25.18083697033191,63.803275801728894,0.03407028989308933,24.59158511769033,4.584003806550552,0.02805101366191911,0.012624875592245552
128,1,test,12,3133.6187499999996,28.4143944528914,74.94924384581947,0.038116021411890855,27.664239822713377,5.236416504594388,0.0313860195155051,0.013993956622913167
128,1,test,13,3174.0703125,31.607305659549834,85.14160633898484,0.04202497029966862,30.618598285343523,6.144392041441904,0.0346280334354767,0.014961076328754916
128,1,test,14,3214.521875,35.261939413672394,99.57257733847345,0.046429002662004906,34.087226656630776,7.025916080408479,0.038212008147530535,0.016534493783314924
128,1,test,15,3254.9734375,39.0477587750766,113.84767325688969,0.051221324229776544,37.5042108440482,8.14230234474067,0.042166144427242466,0.017766976263298075
128,1,test,16,3295.4249999999997,42.641154829365036,129.08234042537998,0.05545713847140629,41.152110964785734,9.161406207049083,0.04539185800538515,0.019071463137825678
128,1,test,17,3335.8765624999996,46.822378963657485,144.54689198033756,0.06006750433960612,45.42892426035294,10.318078398285024,0.04969012068296581,0.02086781873919183
128,1,test,18,3376.328125,51.06229834497533,164.90522078497636,0.06446458799147253,48.54126129779779,11.568682058651802,0.053669570122610255,0.021631320026774134
128,1,test,19,3416.7796875,56.2417582719128,181.53033255790456,0.07050300631858235,52.94912399465579,12.83687305721859,0.058260420329954085,0.023422083913897038
128,1,test,20,3457.23125,61.233233640713536,203.83875831018744,0.07613454579803292,57.80624154390068,14.195847699827624,0.06239123636955866,0.024868729303257914
128,1,test,21,3497.6828124999997,66.2933260888181,225.952854961956,0.08247248740083421,62.31392593082319,15.229281524838711,0.06544297145943262,0.02606314595329437
128,1,test,22,3538.1343749999996,71.35553259045224,247.8584154815645,0.08784357941710783,66.7819459331298,16.231575988712166,0.0704666229295707,0.02724373109178925
128,1,test,23,3578.5859375,76.86262043448622,270.41005244243223,0.09366582784909455,72.45659827709261,17.459355889459793,0.07547008375026476,0.028214622403058276
128,1,test,24,3619.0375,82.24686397824144,299.5529147654591,0.09905146981984553,76.75640096238112,18.92971051674408,0.07953380232889051,0.02933731749137601
128,1,test,25,3659.4890625,88.05270063620773,326.5628165493372,0.10565906730591011,82.009325316462,20.785594995071932,0.08521681392618247,0.03047971515903955
128,1,test,26,3699.940625,93.64095583396681,355.4228564570033,0.10793745544939413,86.99081767589689,22.114716444248117,0.08883023732479157,0.03062285816350912
128,1,test,27,3740.3921874999996,100.17339468004582,390.34676449149123,0.11318669923282132,93.0681944117211,23.514040248045376,0.09329883166215094,0.031811370548890695
128,1,test,28,3780.84375,107.60826497134701,419.8329754191401,0.12161073648071959,99.5891752097009,25.20743917264312,0.09956257037993521,0.033343786868725474
128,1,test,29,3821.2953125,115.1857866908852,451.9468282600451,0.12865746032016862,106.3986375846504,27.243635949612877,0.10666578299201555,0.03429972981517683
128,1,test,30,3861.746875,122.29886437157234,489.1249212727844,0.1356345199576038,113.3640642347089,29.497685762628123,0.11242427606875625,0.03549492931090997
128,1,test,31,3902.1984375,129.68604621804047,529.9616044935677,0.14228797564223503,119.710866740256,30.859302915466458,0.11812569382480508,0.036327433663191355
128,1,test,32,3942.6499999999996,136.50224530012878,573.1753846662137,0.1482291942107557,125.70750574202738,32.44103730051506,0.12575378447233404,0.03762177159209233
128,1,test,33,3983.1015625,143.33921337608047,612.5012203952814,0.1525440333043273,131.56219141016834,33.60092910503454,0.13268288898927572,0.03878579684236938
128,1,test,34,4023.553125,150.0867351989612,657.9047900062322,0.15924732838065725,137.8455209616225,35.09576064584419,0.1376507923561178,0.039407603840937305
128,1,test,35,4064.0046875,157.12881915136023,702.1291961317829,0.16640746828601882,144.7573253580785,36.28777861944599,0.14513173357918932,0.04066301192125199
128,1,test,36,4104.45625,166.10032340807024,744.2118556787798,0.1737796597309181,151.3566078537565,37.344527176478515,0.1555779876276052,0.04182865841873343
128,1,test,37,4144.9078125,173.70178711960804,795.1887041112749,0.18500073256965538,157.77967046208374,38.87522718784098,0.1632358164281641,0.044690832498051405
128,1,test,38,4185.359375,182.8379164087881,842.6890558284736,0.195006602441046,165.53631181596984,40.99869088985031,0.17098630292598088,0.04724527364344906
128,1,test,39,4225.8109375,192.25743005091545,890.162907030718,0.20356562727011016,173.47467288565355,42.72864171946367,0.1796017165054103,0.04905836294747355
128,1,test,40,4266.2625,201.50410200570334,942.9352831394185,0.2123771972731836,182.3168712258294,44.937042839151786,0.1882441135154754,0.049924828025356416
128,1,test,41,4306.7140625,211.04750394846405,999.714604528844,0.22049496252875972,190.64449828679741,46.88382417296566,0.19755062342523624,0.051207511208430784
128,1,test,42,4347.165625,223.3602862699291,1055.5334140086331,0.23310366277427483,199.7029058594606,48.002607611906,0.207616531043453,0.051590547045148774
128,1,test,43,4387.6171875,231.66247384214955,1109.8537653467265,0.24410627597989953,208.00891356373086,49.64025530862415,0.21615255177442894,0.05223828584854928
128,1,test,44,4428.06875,242.7746685884129,1162.4879944198215,0.2559085040495894,218.52831719322552,50.9406749963901,0.22948369650967193,0.05297983991606192
128,1,test,45,4468.5203125,255.12548056366924,1226.0411649458856,0.2665968001857328,227.5393426093828,52.0442003907462,0.23855281421332303,0.05350528291552404
128,1,test,46,4508.971875,265.5421308938268,1296.0261197489683,0.27673718930753405,234.23028594262263,52.66547095261842,0.2483766599455199,0.054181645430377914
128,1,test,47,4549.4234375,275.22818828543905,1364.3042573574046,0.28746803263450527,243.18418702494603,54.049772957291964,0.26080301571883985,0.05539864805986783
128,1,test,48,4589.875,288.1028449138965,1431.5856859335008,0.3022120159912392,252.83795294191202,55.549049800333705,0.27266857058393623,0.05656822476992132
128,1,test,49,4630.3265625,299.9464633232307,1502.9052736273889,0.3138851105683668,264.0953477907999,57.348548241051844,0.2851286032752032,0.05761111547240155
128,1,test,50,4670.778125,313.573264381489,1568.5143397395748,0.3250526245512364,274.1135430079886,58.7692062013474,0.297199994409518,0.05905806903564424
128,1,test,51,4711.229687499999,324.27860921812623,1646.9215898208893,0.3384259861813621,283.56834567919975,60.99032583665931,0.3126813284296953,0.060203613417401936
128,1,test,52,4751.68125,339.2208690915162,1714.26966581158,0.35192554993453834,296.24393177148534,62.85696471337587,0.3272039700454939,0.061096404064684987
128,1,test,53,4792.1328125,351.91598600212615,1786.7511507465651,0.36517652873937,309.1157757216365,64.76485053661207,0.33888451126133645,0.06301747570427227
128,1,test,54,4832.584375,362.81264937311516,1840.7797262696906,0.37813853311073276,316.88708407182986,65.88385930709251,0.35083332590644944,0.06444947377176688
128,1,test,55,4873.0359375,373.9262095800626,1895.83003482065,0.3890228274977753,328.8618519614439,67.42749012448357,0.36001953182467417,0.06568113977101675
128,1,test,56,4913.487499999999,385.2914329976329,1968.8316493857888,0.3994898730638602,339.9014648467187,68.84268751243638,0.3747425262477372,0.06639782844429412
128,1,test,57,4953.9390625,396.587358889434,2037.5022095541888,0.41161827531584205,355.28714072694356,70.94787223506671,0.38591525040369834,0.06784596101154852
128,1,test,58,4994.390625,409.30241289595415,2120.7307534598804,0.42618933601094866,365.15688772536237,72.6257672267181,0.39750059860325926,0.06817266222297093
128,1,test,59,5034.8421875,420.23137864400087,2211.101263584746,0.4396094305996259,375.5114045746524,73.74124613476774,0.40980437357824445,0.06865278768033306
128,1,test,60,5075.29375,435.50831708787996,2310.1248580585325,0.4542301629396131,388.73572381505994,75.97068257205741,0.4233818404685008,0.06915342396826779
128,1,test,61,5115.745312499999,450.73854756219765,2382.492275034616,0.46599397285285865,403.7815284359141,77.79909019424424,0.43672176673078056,0.06958893888697748
128,1,test,62,5156.196875,467.53538222125536,2473.9828111834026,0.4819866639651955,416.96573461632624,79.99982734880362,0.4490987502110341,0.07004724211759697
128,1,test,63,5196.6484375,483.967896655777,2582.9936756572915,0.4969769228849834,434.875649072481,83.2603472713771,0.46152075083147337,0.07067922833461221
128,1,test,64,5237.1,503.2230951850494,2664.066149567492,0.5133853719569357,454.5217987923422,85.01298968812598,0.47497604298544355,0.07181579108413508
128,1,test,65,5277.5515625,518.6558488442756,2739.256448524302,0.5239377614969405,472.97253161841013,87.39802874910208,0.48831678477086193,0.07184212229636738
128,1,test,66,5318.003124999999,537.5703537298548,2830.109507505708,0.5397203604018339,493.1210162056132,90.10720707613018,0.5076567537567258,0.0726003620210372
128,1,test,67,5358.4546875,558.5990769242812,2927.657019183976,0.5520167680077552,513.3584336580412,92.89786305427583,0.5242130293726874,0.07292137032160334
128,1,test,68,5398.90625,581.4241064985754,3013.412348856127,0.567069883771431,535.5536880618033,95.86394798243703,0.5419537000821012,0.07370230931716318
128,1,test,69,5439.3578125,599.0588030719692,3108.586685590389,0.5760792580341914,559.3340667934328,98.706880640691,0.5500579010071782,0.07415949013300956
128,1,test,70,5479.809375,622.9974423426121,3208.2884143342885,0.5905098345354645,582.5327061330938,100.43476286849184,0.5617815660595438,0.07386457635697591
128,1,test,71,5520.260937499999,647.7714419341077,3311.6197606518735,0.6061734752049672,602.7902096678374,102.9983522478517,0.5786352615985633,0.07447873470344327
128,1,test,72,5560.7125,670.1549483306551,3411.754376020249,0.6190165395629811,629.0892803237398,105.18113373585436,0.595281337708635,0.07398845073504877
128,1,test,73,5601.1640625,697.907355168752,3501.140842664265,0.6336045406792785,649.1921914608013,107.01459732783292,0.6046370501141887,0.07403668704703145
128,1,test,74,5641.615625,720.8180184139366,3604.355868565947,0.6502391296566878,670.2423037974468,108.89103221110474,0.6238113263994927,0.07430775815034721
128,1,test,75,5682.0671875,745.0100058928939,3710.4674498587037,0.6701384904109555,692.6173245406133,110.64400268992358,0.637477779652118,0.07418243906401942
128,1,test,76,5722.518749999999,770.1948582501217,3816.42907116075,0.6828266727702496,712.601585033454,113.52203768468172,0.6505200412211393,0.07400944731167716
128,1,test,77,5762.9703125,792.9787060498654,3923.971788496437,0.6945966021525696,736.2403087953027,115.68864152780023,0.6655139493983581,0.07425541056812773
128,1,test,78,5803.421875,821.4202954621896,4028.7177845935025,0.7109700383717381,759.1712371498858,118.76131436002524,0.680230225061515,0.07257939454227876
128,1,test,79,5843.8734375,843.9139602201635,4127.464459066073,0.728824642926583,781.6212315780995,120.44218250238714,0.6951373532367178,0.07237508668796146
128,1,test,80,5884.325,868.3091757689283,4219.361279103319,0.7462286114559152,803.8616034268493,123.25835532140417,0.7089766647597195,0.0726175055647954
128,1,test,81,5924.776562499999,898.964776178083,4292.18106695054,0.757494813766732,826.2864529188647,125.97196929972654,0.7242781511196932,0.07232439329595344
128,1,test,82,5965.228125,918.699974808689,4376.77964553198,0.7726055509711498,849.1063431992387,129.23683805320252,0.736659554810698,0.07151075343253717
128,1,test,83,6005.6796875,945.3357758002383,4486.958340312959,0.787277296274945,877.2505389759431,132.01915203220338,0.7502485567798256,0.07131718863388326
128,1,test,84,6046.13125,974.1914677308188,4584.973089962684,0.8011973924672913,897.0939223384704,134.23449201362203,0.7613380453288104,0.07155082485431861
128,1,test,85,6086.5828125,997.9806048475268,4677.171458304187,0.8171092104413378,931.1822410108022,136.43306019390877,0.7774426212582182,0.0714188064299266
128,1,test,86,6127.034374999999,1028.4591874136167,4776.264997226185,0.8323344387895226,966.9992552851205,138.69046401806173,0.7945420551717485,0.0709007726917843
128,1,test,87,6167.4859375,1055.768402232303,4872.366766270347,0.84987155898332,991.3820460071463,141.1309182943512,0.8079516049838698,0.07074741193223649
128,1,test,88,6207.9375,1088.6795596121742,4964.315600682245,0.8623340628415022,1014.3808423247087,142.4626787900536,0.8221042064606616,0.07037982182224672
128,1,test,89,6248.3890625,1116.3163749938399,5068.166384480822,0.8781872703744475,1044.6972293333943,145.27781221194402,0.840631582853954,0.07217398521839821
128,1,test,90,6288.840625,1148.0496422937065,5189.523207040601,0.8953330474264273,1072.6948293572605,148.15984000064475,0.8518811769220522,0.07169449656169863
128,1,test,91,6329.292187499999,1171.2369794704127,5304.689337623975,0.9109556945390216,1101.362995551412,149.16639736748039,0.8679247166193116,0.0729100635815938
128,1,test,92,6369.74375,1204.6076101152323,5466.819926465303,0.9237607328291888,1130.1734739816425,152.64094492856373,0.8861190821150416,0.07431325170418994
128,1,test,93,6410.1953125,1240.492517532327,5610.009117239473,0.9386694970649132,1160.995645990397,155.09501748806898,0.9008339990653896,0.07520941738274611
128,1,test,94,6450.646875,1263.398675692983,5753.3032441664545,0.9486455862036391,1185.9493616310317,157.9871551289287,0.9162208556448004,0.07640266639139491
128,1,test,95,6491.0984375,1300.1079249863528,5895.9330011069205,0.9609768753318787,1218.1014347298458,161.36857504315927,0.9263418943096547,0.07749802155704225
128,1,test,96,6531.55,1334.5143077072237,6041.8499092828415,0.9742813781837972,1256.9537972640746,164.37624461514667,0.9378482187584365,0.07685985814853344
128,1,test,97,6572.0015625,1374.6048798570882,6195.521781509814,0.9870570649483934,1291.162934109977,167.28415004564567,0.9521246480062723,0.07681396360305391
128,1,test,98,6612.453125,1411.0358841197126,6337.625900610558,0.9960947967326481,1325.9285805185427,171.18348942523198,0.9654013146242133,0.07725747621973277
128,1,test,99,6652.9046875,1442.7939759764145,6478.620933287206,1.0092238790026797,1363.9711394913547,174.4984199459072,0.9771455820664354,0.07777989337551597
128,1,test,100,6693.35625,1482.467332476773,6679.301949373441,1.0273900750053175,1401.7102259619892,176.87907252866353,0.9930894910068835,0.07959869378482229
128,1,test,101,6733.8078125,1519.4288998179957,6875.771471021232,1.037058317637736,1440.441810947192,177.5445356407559,1.0100896539984099,0.08049384474355989
128,1,test,102,6774.259375,1559.7953377381941,7033.730060389994,1.0498260200995508,1477.4950692699633,180.5391418828215,1.021256521751536,0.07978952535791714
128,1,test,103,6814.7109375,1596.2884769807886,7180.852146763782,1.0663053929143018,1513.831711898135,182.32651031940605,1.0340578558323577,0.08085088435269908
128,1,test,104,6855.1625,1635.9044007804046,7319.179291232251,1.077351109550262,1552.5939974304279,185.04514148062867,1.0492839222041583,0.08020252211818693
128,1,test,105,6895.6140625,1676.7384578762722,7457.482294519024,1.0946569923787273,1590.900486420395,188.07119896148805,1.0609601516704328,0.08106247775553177
128,1,test,106,6936.065625,1709.8175784105933,7599.220440836381,1.1065101476534291,1636.826513928483,190.6393228495915,1.0732599769326945,0.08176596275181985
128,1,test,107,6976.5171875,1747.9338965704728,7820.030317063327,1.1191019759334981,1679.2203281152567,193.6626080217998,1.0894309596284275,0.08267867720426064
128,1,test,108,7016.96875,1785.8926521099079,8070.9294098555965,1.1304052549650778,1717.1859941213086,197.49141277368665,1.1035991579084747,0.08327980402365875
128,1,test,109,7057.4203125,1837.7170212167043,8246.613407557921,1.13780754340306,1752.2481055630906,200.7886972690507,1.1083176677592725,0.08361578574329637
128,1,test,110,7097.871875,1886.9274201382068,8424.854718450992,1.1477379378595498,1789.5284619404563,204.456336446448,1.117345154642308,0.08416696805849111
128,1,test,111,7138.3234375,1927.9247642764403,8591.358020283515,1.1621131152424538,1833.063234515908,208.85792646873824,1.1281493374536087,0.0856142457668213
128,1,test,112,7178.775,1978.60032420499,8848.047251286984,1.1693000577787382,1878.3373267660368,211.93781232057063,1.134526409539507,0.08458938070917549
128,1,test,113,7219.2265625,2031.3522025769544,8979.324734005662,1.170659197275492,1921.9668664858602,213.88103435471706,1.1426767287000676,0.08575791959041651
128,1,test,114,7259.678125,2072.9740004175596,9110.268367325276,1.1800100322721732,1969.7283397635347,215.63520016444215,1.1478731170222467,0.08781953253506145
128,1,test,115,7300.1296875,2112.554868206658,9238.892508224788,1.186520453715492,2026.3251310253452,217.56104636745022,1.1551937653758033,0.08913429794021616
128,1,test,116,7340.58125,2159.0808973670264,9365.76136497545,1.2016553473223786,2071.660106743252,219.83959891741733,1.1622382651260907,0.0906326657318247
128,1,test,117,7381.0328125,2203.582174577832,9493.27475547556,1.1994845274305028,2115.8434208074937,225.8528755613156,1.1711388250434802,0.09121539172255497
128,1,test,118,7421.484375,2250.6474454691697,9636.892219463538,1.2085249701739194,2156.581145265818,229.2280076957809,1.1819804129207556,0.09266142576667535
128,1,test,119,7461.9359375,2299.913750965473,9797.154608682396,1.2142624880795914,2200.981444670745,233.29473426886693,1.1882261350221122,0.0930106094950995
128,1,test,120,7502.3875,2345.9622221592654,9952.007991360995,1.2258716347400331,2245.7950270688516,237.59073084137938,1.2000336719769877,0.09341358502916583
128,1,test,121,7542.8390625,2396.822069393359,10126.95022406346,1.239364532837857,2294.1193584478015,244.3248332405119,1.1999987083520514,0.09559748825159822
128,1,test,122,7583.290625,2448.814884977523,10313.455018098883,1.249826710993149,2336.930357181643,244.7385111235576,1.2039628910701405,0.09644941685084049
128,1,test,123,7623.7421875,2496.019880359924,10500.463049209726,1.2508797775289127,2379.0638106648885,248.08065279090386,1.2124186299543525,0.09832679286200276
128,1,test,124,7664.19375,2539.638569104106,10737.888093992078,1.2557675654258222,2423.6215132534085,250.0808814404536,1.2216728588590395,0.09984903211315929
128,1,test,125,7704.6453125,2583.2797916477616,10975.51291991213,1.258504490957789,2471.546228661225,252.73963283959944,1.2237830491021242,0.10052247770372773
128,1,test,126,7745.096875,2628.5924734655455,11246.665978257035,1.2576170275229726,2520.4435780390213,258.1394183494972,1.2262534711584143,0.10211564139016327
128,1,test,127,7785.5484375,2671.487480796138,11475.876893367335,1.2687136078344645,2558.9745325448234,260.6803693845592,1.2381492834099734,0.10319732069587195
128,1,test,128,7826.0,2718.2768742717844,11701.373172049127,1.265923462704488,2609.5724061989217,263.85145040550384,1.2439954262360926,0.10402948640173218
128,2,val,0,2648.2,0.0,0.0,0.0,0.0,0.0,0.0,0.0
128,2,val,1,2688.6515624999997,1.8420092560518242,4.216936218904262,0.0026440090290999474,1.7137545473957516,0.7511724797666375,0.0021213433707423235,0.001075075811138304
128,2,val,2,2729.1031249999996,3.871925713724522,8.46878912009572,0.00519610951677657,3.62679102623531,1.5285780189344678,0.004247666836387082,0.002153559950271444
128,2,val,3,2769.5546875,5.8618808236872155,13.12310923165113,0.00824159330129609,5.540631197476387,2.3547618479256016,0.00662688789430238,0.0034150993815512676
128,2,val,4,2810.00625,8.44525055705958,18.872017061789133,0.011369804776922843,7.9247267431696855,3.1787664321925035,0.009192558580214949,0.0047953697834557385
128,2,val,5,2850.4578125,11.1170626671111,25.07951446544384,0.014825023024050976,10.378846327085967,4.039394007570252,0.011794383942664854,0.006359772350387691
128,2,val,6,2890.9093749999997,13.439907988988864,31.64048264480355,0.017689503819332594,12.699415425416305,4.9430158374832445,0.01428615557494406,0.007889791470944846
128,2,val,7,2931.3609374999996,16.108780683794066,39.38301782060873,0.020641168407108633,15.170102174209887,6.098666700165012,0.016531297904992526,0.009325234687204698
128,2,val,8,2971.8125,18.41795838562632,50.04255604490736,0.023419136974128438,17.409129616282826,7.2770668111488135,0.018644144426205322,0.010630457817004113
128,2,val,9,3012.2640625,21.256183794235994,59.465994618150084,0.02676804628568355,20.163430191047382,8.575452546658369,0.021527052463360397,0.012356271306017408
128,2,val,10,3052.715625,23.991142168597435,72.30808234930912,0.029860923351022854,22.627982296796745,9.966050833455142,0.02361763739962275,0.013973795588657911
128,2,val,11,3093.1671874999997,27.41627037008243,81.74041927657638,0.033699580208887976,26.054054976498264,11.343079860978378,0.02675772741854432,0.015873617616471436
128,2,val,12,3133.6187499999996,30.528504458573025,94.83501387074955,0.036973335304564536,29.202516358530772,12.862721871272242,0.029846703699435567,0.01781977139701102
128,2,val,13,3174.0703125,33.73781984759816,110.1269525354098,0.04072230712011751,32.24681591790102,14.235622300702744,0.03247858690615807,0.01948616631895772
128,2,val,14,3214.521875,36.95534148283741,128.08325576753325,0.04396006313674931,35.11705486084793,16.02536182824288,0.035339633678400234,0.021512325544530142
128,2,val,15,3254.9734375,40.17644534833309,148.53613272959993,0.04708893800436627,37.76725727161789,17.701770515117232,0.0380803625885523,0.023073210317692272
128,2,val,16,3295.4249999999997,44.12454196169335,167.4086127461474,0.05079907875115645,41.47496213701629,19.67855662531548,0.04078397981477355,0.02468049654857224
128,2,val,17,3335.8765624999996,49.035334789834906,185.29997452186524,0.054965458740577344,45.95536471715178,21.58820403563766,0.04446145391406864,0.026901894168110396
128,2,val,18,3376.328125,53.31028970098828,210.0136284821557,0.059255930375756716,50.01997185793883,23.623263243820247,0.04776207780487346,0.02873798929622917
128,2,val,19,3416.7796875,57.756644892343445,234.05775865558948,0.0635238385257586,53.92521186526267,25.86458710510442,0.051243229384335606,0.030634189673160728
128,2,val,20,3457.23125,62.09328184041851,260.18916651553343,0.06735444538024174,57.34076007616018,28.27376148411531,0.054361695593961507,0.031537887688145964
128,2,val,21,3497.6828124999997,66.820579294677,286.72310411589365,0.07193348232344479,61.939913694175175,30.825743951794493,0.05766339956483901,0.03352715044044677
128,2,val,22,3538.1343749999996,72.40529837559961,310.5085780711305,0.07717815662353078,66.78053005285989,33.55332777374542,0.06104327573556653,0.03477478977250911
128,2,val,23,3578.5859375,77.44377265083813,341.38635915869276,0.08168218769237794,71.60876618015521,36.33708040540995,0.06390191568955098,0.03552430417302389
128,2,val,24,3619.0375,83.14077198673431,371.26928723798187,0.08586746369702858,76.31722651043304,38.855161761603085,0.06721983310919305,0.037662088985810846
128,2,val,25,3659.4890625,89.48720551163092,400.90839040560695,0.09051483477616126,81.13336617856248,41.57719303324825,0.07095496937216915,0.038192028473445216
128,2,val,26,3699.940625,95.68151371513522,430.3002891369143,0.09626213492455044,87.61120292626856,44.71828196943939,0.0757994887073182,0.03960663208613102
128,2,val,27,3740.3921874999996,102.03918419185243,461.11098802021417,0.10132370127686335,93.04939934405354,48.10980397633813,0.08134839493310203,0.0413398286280087
128,2,val,28,3780.84375,107.48983665900624,489.10393582234803,0.10627044912783074,97.9986914014006,50.75283357491145,0.08643778444016037,0.04241122541018966
128,2,val,29,3821.2953125,113.07091571404726,526.2147449696272,0.11062797499054866,103.40953387904506,53.912519916679,0.08972800517159478,0.04297237175409675
128,2,val,30,3861.746875,119.30045659622124,564.5822782984278,0.11643730163026639,108.74999957317755,56.487758417574696,0.09552240425806692,0.04413349948097396
128,2,val,31,3902.1984375,128.932482390411,590.7795910867326,0.12119898582643208,117.51883415186626,60.24195972830171,0.10117925125427418,0.04613107941819038
128,2,val,32,3942.6499999999996,136.37352877157127,622.7871379874109,0.12664637820854197,124.24466679840407,63.707091737093435,0.10567108066578818,0.046838003444182874
128,2,val,33,3983.1015625,142.1443980178836,670.904558263905,0.13357530443670884,129.51172946642941,67.02897761507032,0.11095239802125755,0.0483257999031087
128,2,val,34,4023.553125,149.31481289659132,720.8119390109484,0.13927060456099885,136.79389069060477,70.17934114027824,0.11703668182146393,0.05032169054090124
128,2,val,35,4064.0046875,157.73667781306244,757.5366797143995,0.1469438723556227,144.71045612033606,73.32441058775885,0.12088593618646282,0.05153073820803045
128,2,val,36,4104.45625,166.13918732362265,797.1866227670773,0.1537152894349209,150.71920353136647,77.19481780747995,0.12574941913057885,0.05458814364325826
128,2,val,37,4144.9078125,174.09131978411096,852.8134355001154,0.16184786983380883,156.74522431173443,80.23749758656606,0.13389418246187446,0.05646257558066664
128,2,val,38,4185.359375,183.81516010315124,895.0494328437162,0.17352170939070877,164.2409688246005,83.88027922845254,0.14146723241093007,0.0572925075303099
128,2,val,39,4225.8109375,192.93200991620552,939.7545109458636,0.1861152416177958,171.62934584447598,87.22634243657978,0.15233553232034402,0.059362886310462826
128,2,val,40,4266.2625,204.62058022116025,963.325505047499,0.1949091764292879,181.57717072145374,91.30109801735387,0.16030778996341255,0.060653373622168716
128,2,val,41,4306.7140625,215.3683457770228,1015.4829251626594,0.20439926498260452,191.57606251667403,95.69987449002326,0.17039867675280873,0.06300435079194255
128,2,val,42,4347.165625,225.89137655359082,1063.9443916189548,0.2143944599734965,201.4175024880238,100.8021154502785,0.18160612905265133,0.06293193092464164
128,2,val,43,4387.6171875,238.27938007315197,1130.3400762078775,0.2264562965815231,213.22270390353282,105.1752980152969,0.18981510274498903,0.0648356043754855
128,2,val,44,4428.06875,249.70349199227826,1187.0095565950085,0.2375404466000708,223.92281484637522,110.29327961676927,0.20095118463812553,0.06638422501829486
128,2,val,45,4468.5203125,263.4042886459227,1245.3481164751252,0.25153507211066184,232.49009346755756,115.1230382733246,0.21158166279015844,0.06808894094284187
128,2,val,46,4508.971875,276.2823875269902,1313.9731023792006,0.2636835776935742,242.7862122721116,120.16610465117594,0.225972699764862,0.06910455851116826
128,2,val,47,4549.4234375,287.704426780202,1371.5729167336415,0.2778538541847106,250.57021096395715,125.0519404404713,0.24124243106886378,0.07077865982356088
128,2,val,48,4589.875,299.5934085555376,1419.3623122044287,0.2930058773583898,261.0483020600185,129.03054439455275,0.2539178750276677,0.07209954806008945
128,2,val,49,4630.3265625,312.89370948042716,1468.326408580748,0.3047718466644561,273.1201293541119,134.2569024721172,0.26818624859741014,0.07273333364573795
128,2,val,50,4670.778125,328.8589455487454,1536.4095716991865,0.31690885036650407,285.6805132046816,140.23460065948257,0.2832068307455464,0.07337423776647249
128,2,val,51,4711.229687499999,345.16171204201385,1574.0579559458922,0.3313292308988122,298.252697717146,145.127507726329,0.2985820009269221,0.07442350154576727
128,2,val,52,4751.68125,360.0829601500024,1622.0293661591718,0.3473918376415766,308.57025922921366,149.77453408110364,0.3116806702378877,0.07594849225867756
128,2,val,53,4792.1328125,375.73299947172245,1689.6281672245716,0.3621329999893702,321.4055985875319,153.7401179068354,0.32732640722105133,0.07726734964676185
128,2,val,54,4832.584375,390.3944146133256,1764.012245912366,0.3740471508115184,331.4161917870422,158.43490764854096,0.34370568786645794,0.07817743581620823
128,2,val,55,4873.0359375,403.1721920735851,1841.9149962400618,0.39060076065564053,344.71537363034344,163.16859933212413,0.35779392626642326,0.07916871732130057
128,2,val,56,4913.487499999999,418.2926547356587,1940.7149949489817,0.4032572265644796,356.8380773976969,168.76346647927676,0.3723877016996724,0.07898894896015557
128,2,val,57,4953.9390625,433.03939035592975,2039.0631678186062,0.41769026562382683,366.18562336691696,173.77659392909095,0.3889869320923556,0.08068732025641456
128,2,val,58,4994.390625,449.0970214360459,2132.998250970273,0.4336711009006516,381.321449516264,179.26172850911826,0.4010175933561455,0.08189345191091449
128,2,val,59,5034.8421875,465.2608524904025,2226.4450140232634,0.45021674303778736,397.79944410085477,184.89199984655613,0.42147244300283493,0.0830068250894031
128,2,val,60,5075.29375,482.8937958952366,2297.5802073766345,0.46501889252781314,411.1504870033471,189.89544990458285,0.4319085632649433,0.08498475039954434
128,2,val,61,5115.745312499999,502.12734989653995,2357.583076523887,0.48230051557058423,425.9542183073677,195.05239216070436,0.4453054124888894,0.08669360166271324
128,2,val,62,5156.196875,518.3785586086174,2464.9957883223606,0.49890094919373407,437.1366222787856,200.54749327493937,0.4630537816837643,0.08780892620404573
128,2,val,63,5196.6484375,534.1633005951962,2546.096551019498,0.5139601098264335,452.2249384864949,206.3570708278064,0.47998257059927996,0.08916644069634737
128,2,val,64,5237.1,553.3249889450076,2632.3609317314963,0.5275198524365976,470.23385926240735,211.6351682724371,0.49382693324098725,0.09037591043793008
128,2,val,65,5277.5515625,569.610865963682,2723.484455055255,0.5411544456720985,491.2602619834274,217.46492780647486,0.5100990505091801,0.09134074500709993
128,2,val,66,5318.003124999999,587.5006166946264,2832.5382787736035,0.5529029856653489,505.57909864699013,223.25135621346703,0.5246746819184966,0.09251881618717317
128,2,val,67,5358.4546875,606.69582127505,2954.903749569932,0.5710419207147349,521.7274096910387,228.90932109353912,0.5413905960692313,0.09483068803220907
128,2,val,68,5398.90625,625.979321635981,3081.5268883943645,0.5865768692537299,538.112521209257,235.04989428374756,0.5571377221703783,0.09669006929660662
128,2,val,69,5439.3578125,642.7181456488427,3216.0000608362143,0.6032237176157793,552.6935284953538,240.1057683530894,0.5681910785655803,0.09694817987977895
128,2,val,70,5479.809375,662.7432032789784,3306.1029846460474,0.6159531735046436,572.992359022976,246.79625046718456,0.5863320883322531,0.0976428610974106
128,2,val,71,5520.260937499999,679.7226561388925,3416.331502139326,0.6321502092136166,590.2104993444652,253.69112328901622,0.6013099659629533,0.09959919112573906
128,2,val,72,5560.7125,706.0579735935448,3516.496470097406,0.6485646828186808,611.844785114954,257.96039776480484,0.6219717930662921,0.1009167788769737
128,2,val,73,5601.1640625,726.3797297227939,3638.5110924044134,0.663280380205411,630.2630551792134,264.56883905262174,0.6436471036546307,0.10301221943147948
128,2,val,74,5641.615625,753.2900000044265,3768.8577944054095,0.6826130341970951,646.8379143087191,270.0381906940379,0.6582830579517085,0.10448664368940819
128,2,val,75,5682.0671875,773.8724910080919,3892.943045134932,0.7022298596421062,668.0499614192854,275.955271532375,0.6731975946055041,0.10482434457220399
128,2,val,76,5722.518749999999,799.6142895784715,4016.8728912112383,0.7179268844615672,698.3473831702156,283.19014691886224,0.6892306065970077,0.1048348652847135
128,2,val,77,5762.9703125,822.6578887167477,4174.339758275357,0.7364258154263226,716.1535349744099,286.9356635287659,0.7097861396115901,0.10522476081151894
128,2,val,78,5803.421875,852.7897248445129,4330.4198852568625,0.7521844471221271,735.9452915586644,292.6677711787562,0.7183922173144563,0.10506401144871891
128,2,val,79,5843.8734375,875.0477952890208,4469.098080812727,0.7687183104152993,760.0665366790054,296.7783299026223,0.734289873196084,0.1043831338404938
128,2,val,80,5884.325,902.7913385053453,4603.390011015884,0.7857928606850029,785.8121277836858,302.1855530498101,0.7468649986588638,0.10596777889267106
128,2,val,81,5924.776562499999,934.5999731349366,4754.737948631581,0.8000895053872914,809.0129172295235,306.91615260735716,0.7591858792120459,0.10699534071688996
128,2,val,82,5965.228125,969.2609247129269,4884.623881309585,0.8155228954239702,830.2714831079356,312.14221234989736,0.7725417679108337,0.10671160783451428
128,2,val,83,6005.6796875,994.4791724985294,5051.720399030014,0.8254346585212791,854.7077196185455,317.74074373259964,0.7925082329445499,0.10769388275452124
128,2,val,84,6046.13125,1018.0767221237375,5210.906935920913,0.8458088140267384,878.4227279276422,321.9453542471058,0.8102822226460915,0.10776637470626821
128,2,val,85,6086.5828125,1048.7809717403707,5378.610663966434,0.8597205124789166,907.4886651211642,327.2471546470781,0.8224711034814369,0.10872705904502525
128,2,val,86,6127.034374999999,1070.90965303982,5532.0098934236885,0.8773441802683579,938.4656175588333,331.56949222205867,0.839891764104414,0.10918267501965756
128,2,val,87,6167.4859375,1096.7216407029525,5689.834707293244,0.8988661308672458,974.0283709817356,335.5109674083536,0.8544426001362987,0.11058608698864478
128,2,val,88,6207.9375,1123.6838165245047,5856.487000536666,0.9133904399989401,1006.7157026481368,340.119968767695,0.864735241411424,0.10972040333459901
128,2,val,89,6248.3890625,1153.176256988786,6031.965822160611,0.9258805835012651,1036.376197017532,345.3828713870166,0.8924975252070921,0.11046280197390956
128,2,val,90,6288.840625,1179.8747744462617,6203.401279565671,0.9402516015246803,1077.3805736697852,351.1873309288376,0.9132661656510166,0.11110350521515919
128,2,val,91,6329.292187499999,1212.2131175788268,6377.244480251718,0.9567760690608051,1110.0625827210813,354.71050136408167,0.9240269154738856,0.11204387963137646
128,2,val,92,6369.74375,1234.708599928581,6554.358402163724,0.9718515124645943,1137.9654260953203,356.48732404456496,0.9399952619532081,0.11444462331229588
128,2,val,93,6410.1953125,1264.8176426378513,6729.649180439699,0.9890235189368435,1172.2713884947211,359.69012009496737,0.9540372765106525,0.11401858071377613
128,2,val,94,6450.646875,1293.4549230113817,6915.373655037727,1.0032201009171626,1212.087262115915,363.2756289213148,0.9661129979006006,0.116143818750674
128,2,val,95,6491.0984375,1323.7671203675063,7099.2313683143475,1.0184108909568197,1252.0494173711825,368.0640482101687,0.980014927655648,0.11707178777974753
128,2,val,96,6531.55,1364.4487926731833,7283.363277868865,1.0334490875753346,1289.7533180803293,374.8197274383642,0.990228275041305,0.11865515945603394
128,2,val,97,6572.0015625,1408.7960199559006,7468.7010914768425,1.041718719861917,1321.7141328410378,379.8557071398534,1.0086088445856733,0.11819864652608605
128,2,val,98,6612.453125,1453.7859723591068,7660.484991188152,1.0524009601087236,1359.7065226498585,383.22306354530156,1.027613059833593,0.11975545276693422
128,2,val,99,6652.9046875,1490.4065960391258,7845.429775927584,1.0644993448355178,1394.3738102751126,387.08070610954337,1.0402901189783906,0.12004295126500676
128,2,val,100,6693.35625,1529.3506550964366,8032.3237875665445,1.0759470118564125,1431.9097075738368,390.85044922910583,1.0579259744048635,0.12112833265864875
128,2,val,101,6733.8078125,1571.510529814077,8179.329935311415,1.0819879928313654,1466.926929995111,395.25020896400065,1.0651161616637288,0.12067417052378376
128,2,val,102,6774.259375,1626.8558713251196,8316.661405218347,1.0945864225518354,1521.519074536286,401.4668935403449,1.0704019430098355,0.1211175454578009
128,2,val,103,6814.7109375,1662.737154284514,8462.885749215002,1.1042767757154792,1555.9978044759646,406.50304842935725,1.0752099604487282,0.12212270801898947
128,2,val,104,6855.1625,1711.4253957840901,8611.681797970426,1.1104581298155836,1602.089368656607,410.96557448446447,1.086229831286173,0.12191346675076084
128,2,val,105,6895.6140625,1741.5641764553698,8835.77993082539,1.1230858322572035,1639.294853686124,415.31911944103683,1.0916892583444082,0.12352143033624724
128,2,val,106,6936.065625,1795.9050029311356,9142.062622705604,1.129299397902045,1688.4567826182888,420.59067769281455,1.1028390908289776,0.12524099780545153
128,2,val,107,6976.5171875,1846.841053928955,9298.421528483217,1.144977934822558,1723.525689009449,423.8954942122035,1.111913021925162,0.12603699321261583
128,2,val,108,7016.96875,1876.8553981507239,9482.591920707875,1.1520019064381604,1770.7904353873687,431.3130689399145,1.1131376810420146,0.12464525141351462
128,2,val,109,7057.4203125,1922.556457451435,9760.929982348169,1.1582219810348655,1806.1659242492851,436.6390892968752,1.1197202528920938,0.1239455515285523
128,2,val,110,7097.871875,1966.505289567749,10069.914971296144,1.1601956298467053,1841.5614670181526,441.6716966261447,1.1244934079521909,0.12471857961695101
128,2,val,111,7138.3234375,2009.70786369043,10319.337385542063,1.1732043590745174,1887.9093101226374,445.2912371655202,1.1360197612841905,0.12674377837589706
128,2,val,112,7178.775,2066.1035038569366,10470.21914511429,1.18334008484966,1939.9751062039456,449.80770134088743,1.1489444154500206,0.12837937407432498
128,2,val,113,7219.2265625,2111.337253120908,10618.510471997655,1.1954318218552613,1986.817217378281,451.9270470495371,1.1588828846187116,0.12919620840654011
128,2,val,114,7259.678125,2158.9592360977576,10777.187408318316,1.202359830259292,2048.3024862711545,454.6810052034971,1.158893947931866,0.13022543172151735
128,2,val,115,7300.1296875,2203.150637717158,10936.198447943723,1.2064145065604215,2097.5164489968847,459.8934176819398,1.1668355370113848,0.13149028865400147
128,2,val,116,7340.58125,2242.045998300455,11095.027347195424,1.2153867125258428,2147.1990551006784,463.039479988959,1.1769993064569273,0.1325132122289331
128,2,val,117,7381.0328125,2284.2504870733364,11254.596231294516,1.2114618258248222,2194.1924363350154,466.63517084995476,1.1762298202646626,0.1331512281451952
128,2,val,118,7421.484375,2339.9815639569397,11445.34319510054,1.217902051270727,2238.4313741255255,470.42679503960017,1.1786650948312494,0.1343589180835547
128,2,val,119,7461.9359375,2386.7845362224216,11713.086697598545,1.219890935590176,2288.109270438895,476.72998205422346,1.1829379585203692,0.1356867737884876
128,2,val,120,7502.3875,2442.3192366985804,11986.33909120712,1.2328177345050928,2345.704736090852,484.5840545121973,1.185838894495972,0.13639654778905413
128,2,val,121,7542.8390625,2484.612421671386,12265.76954026476,1.2416410801315558,2388.696172269306,489.9492058836472,1.1920493384360715,0.13608862394148824
128,2,val,122,7583.290625,2526.665868355394,12548.157010685363,1.2464376615668877,2440.396105124023,495.5829354059915,1.195964480441434,0.136351209617587
128,2,val,123,7623.7421875,2588.9417286587673,12840.131484839594,1.2531979742410186,2479.088749310449,501.0072546533806,1.2080403606667123,0.13673939044860606
128,2,val,124,7664.19375,2633.670089223756,13138.508681345616,1.2633734770080562,2528.5219105886654,505.0845624059832,1.215026468334962,0.13698552484210647
128,2,val,125,7704.6453125,2682.9076710246227,13381.695049424106,1.2683164451522262,2592.8560324452405,505.10036318842566,1.213970809932463,0.1384456422872278
128,2,val,126,7745.096875,2730.6968022688807,13625.97542668599,1.2670439678831857,2643.841317747956,507.69968800111087,1.2208354728625581,0.1404311503074851
128,2,val,127,7785.5484375,2779.1138157939486,13923.614588904513,1.2705666883502942,2681.630927005699,513.6089865243889,1.2367386411999832,0.1410345489337864
128,2,val,128,7826.0,2829.668826216448,14160.832980978657,1.267250597789843,2719.0256302572066,519.0921601921445,1.2333019194261872,0.14206272238331472
128,2,test,0,2648.2,0.0,0.0,0.0,0.0,0.0,0.0,0.0
128,2,test,1,2688.6515624999997,1.821300232883516,3.689439811647333,0.0027406110033618286,1.7009528617641934,0.7058355966709229,0.0022901389823172524,0.0010189516035717487
128,2,test,2,2729.1031249999996,3.8370695409994937,7.085694822005806,0.005350059617930487,3.565245854016297,1.4285061430499013,0.004418050757213059,0.002167708688795983
128,2,test,3,2769.5546875,5.824063614646491,11.19532949792337,0.008446828708094233,5.476246832088805,2.222861439339141,0.007208889974241522,0.0034581316724104083
128,2,test,4,2810.00625,8.270839188838863,15.239372142254837,0.011728513061540213,7.801263348827803,3.0623476218423207,0.009877686155081687,0.004934373781203746
128,2,test,5,2850.4578125,10.942808594339049,20.616987404086736,0.015056055427089404,10.381196022447803,3.9124115024193884,0.012533327950994821,0.006585943852657414
128,2,test,6,2890.9093749999997,13.293788542367402,25.58171762024415,0.01831010057897365,12.772274857111299,4.76667184515378,0.015134893923053616,0.008004653462019562
128,2,test,7,2931.3609374999996,15.95304227725336,32.38981635481652,0.02143488496261607,15.31150780652979,5.763503673442472,0.017673778714557414,0.009438049146212775
128,2,test,8,2971.8125,18.405152750122333,41.65289927005063,0.024393682342476082,17.620690307516895,6.827165238732391,0.02026029589725399,0.010951051698109698
128,2,test,9,3012.2640625,21.498291680534187,50.30265701251865,0.02816638532738506,20.607906624601213,8.04943608159192,0.023533323595567937,0.012742844143776196
128,2,test,10,3052.715625,24.211621419087948,61.85392544053628,0.03162606617240771,23.292664404387153,9.304373061837623,0.025682128678024795,0.014348951837184556
128,2,test,11,3093.1671874999997,27.885368063152782,71.92312207379247,0.03526265148791341,26.837445946564344,10.570532644256225,0.029166183625660425,0.016533910374150196
128,2,test,12,3133.6187499999996,31.393607866267104,83.78200582342559,0.03891861369236535,30.093392968058907,11.907875636515186,0.03249771805084213,0.018532333919565533
128,2,test,13,3174.0703125,34.73576806639045,97.71830365019431,0.042135450788717554,33.19223153140172,13.347566248434362,0.03564195390620521,0.020384855430327295
128,2,test,14,3214.521875,37.97932953656158,114.92968989443608,0.04540379972589083,36.366410393652515,14.844544900302736,0.03877796245920981,0.022106348038404555
128,2,test,15,3254.9734375,41.54852365207873,135.4171365197452,0.0487021685120128,39.643781253422716,16.494964824389058,0.041606789515842915,0.02370072935264835
128,2,test,16,3295.4249999999997,45.56103869674644,153.7469692661035,0.051994804286964805,43.62984258662905,18.32136132533968,0.04445193916447626,0.025716312379854903
128,2,test,17,3335.8765624999996,50.582740197612,169.15787299117127,0.05719140336291756,48.00813844934737,20.223714503066148,0.04778514081747847,0.027792434067731853
128,2,test,18,3376.328125,54.905742502239896,191.7816437397783,0.06144090010221223,52.436187876640616,22.632287546663576,0.05159328840933207,0.029498893372524593
128,2,test,19,3416.7796875,59.55609526809269,212.84407136664925,0.0651616169668667,56.743052137754546,24.872541533961012,0.05497412760692086,0.03124893520905711
128,2,test,20,3457.23125,64.27679042443124,240.9096761114654,0.06958540397040101,60.83072897800079,27.092674117829674,0.05783049934815704,0.03280037984376011
128,2,test,21,3497.6828124999997,69.68831618146254,268.9106098952082,0.07372906382600072,65.13215769447811,29.530232693332437,0.060802778120447404,0.03366637834002588
128,2,test,22,3538.1343749999996,75.09798311179594,291.0911729163901,0.07890753572661283,70.19209839409424,31.94135499871642,0.06443537040018259,0.03526315888860085
128,2,test,23,3578.5859375,80.51299891373276,319.7595028832851,0.08343536036733903,74.80857704195375,34.763371146262045,0.06780869508161025,0.0360383097591406
128,2,test,24,3619.0375,85.64395412736303,349.15179695239556,0.08784551755459122,80.01629189212167,37.41448433937933,0.07229616978388607,0.037465020465889814
128,2,test,25,3659.4890625,92.27785852755855,376.75649166281323,0.09315217872412317,85.46380605864101,40.356790965159206,0.07624026746913364,0.038870537558904385
128,2,test,26,3699.940625,98.95699749705943,406.70414686304616,0.10042977572816136,91.48946554647353,43.368219829289956,0.08269536946623607,0.04012097939552588
128,2,test,27,3740.3921874999996,105.36461799091512,438.411054276553,0.10626635380069083,97.03135522947548,46.690271876169035,0.08730328930536738,0.04155833515476302
128,2,test,28,3780.84375,111.7839261834721,470.60538639028323,0.11145477130662315,102.29188129934386,49.20798582889674,0.09286131002177525,0.04337909404565285
128,2,test,29,3821.2953125,118.12916017504716,504.36575929920656,0.11390977970454977,107.75992625573849,51.954536497017756,0.09666410959863897,0.04411296117584618
128,2,test,30,3861.746875,124.37359432764782,540.7130826615492,0.11917838390303387,113.85142218257371,54.711997037404814,0.10114281660942442,0.04488512753720447
128,2,test,31,3902.1984375,133.99587408872372,569.571738543747,0.12575123494239748,122.50149596620474,57.62497309007841,0.10676098658644363,0.04632088102950356
128,2,test,32,3942.6499999999996,142.0935520696851,609.3841694906305,0.1319206636716131,128.9966282796442,60.788193007018876,0.11162651629547174,0.048229651407941804
128,2,test,33,3983.1015625,149.59163364594286,645.4649751714385,0.13828894314271006,134.7249784591149,63.70615506112287,0.11546755202465966,0.050186662876714264
128,2,test,34,4023.553125,157.40826339381897,687.2275815963072,0.14295893987534627,142.5473772717858,67.0613347128004,0.12170881128206745,0.052436635527397524
128,2,test,35,4064.0046875,165.22146660378922,740.8203374063004,0.15069042365581548,149.5637838511108,70.675557592077,0.12816145159568262,0.05373939179644828
128,2,test,36,4104.45625,173.5095317711206,792.9619702044135,0.1582573817231793,157.05420891162447,73.92536648491088,0.1346479034178144,0.05563203987304617
128,2,test,37,4144.9078125,181.9914146466246,833.3072570508659,0.1656473546421604,164.67605003449037,77.30780798521408,0.1397900517058348,0.057571520280221
128,2,test,38,4185.359375,191.20546420490746,869.9455950021788,0.17496380875942769,172.33256321269687,81.2507708466299,0.14854897204643236,0.059660410503478006
128,2,test,39,4225.8109375,200.3515911594036,919.116395865484,0.1847197244542666,178.73996947820103,85.55923558355971,0.15784923500624867,0.06097232530288214
128,2,test,40,4266.2625,210.92044986215797,975.5049909159807,0.19578554427021935,189.09886742638804,89.48507134326888,0.1655643039171241,0.06199909578150087
128,2,test,41,4306.7140625,222.22869554131643,1027.6373065870896,0.20633182454747948,197.89141601577143,93.77271101536166,0.17511035273121667,0.06316393820048061
128,2,test,42,4347.165625,231.48255822096075,1072.987870083624,0.2156237479280978,208.80880832396542,98.09455769404707,0.18569859153842652,0.06377444551641018
128,2,test,43,4387.6171875,242.18851004437525,1125.4873214781417,0.22695518383707147,217.6332386958535,103.18411624684032,0.19533313894760235,0.06548963374076837
128,2,test,44,4428.06875,252.3914815444943,1184.3646221034921,0.23482243177898754,226.2088182654054,108.21640882966221,0.20607495750376603,0.06675517233853401
128,2,test,45,4468.5203125,266.8917137305265,1259.3166774636534,0.24747066366131998,234.08715174194583,112.92618535789245,0.21427264999411555,0.06810388327656638
128,2,test,46,4508.971875,280.4035734191075,1323.15424067141,0.26196575055533605,243.52799457789587,118.11031609066447,0.22811824706965578,0.06924430702964779
128,2,test,47,4549.4234375,292.66843493455497,1392.3329178816646,0.2762574078138433,252.91073043609913,122.2632841100264,0.24104215135101192,0.07082934444753095
128,2,test,48,4589.875,304.6515058233794,1467.1967161853438,0.2903682915035011,263.1492410980094,126.72234621514988,0.2553750981773113,0.07159471231880411
128,2,test,49,4630.3265625,315.8872674895079,1544.426133352066,0.3041174566149364,275.200433783084,130.7547503620725,0.26754607783171025,0.07237892810889324
128,2,test,50,4670.778125,331.1549262111555,1617.4304555594467,0.31667206029934586,289.69086801905064,135.95551488493385,0.28223194254567086,0.07325724435572942
128,2,test,51,4711.229687499999,345.70273202641033,1683.317778991697,0.33020111503136856,302.15741656147264,141.10190993145721,0.2998048851589018,0.07421561311208962
128,2,test,52,4751.68125,359.3050197174392,1758.9725027817462,0.3444695110817811,315.100060075288,146.0685551837173,0.3162159787926163,0.07570306791052647
128,2,test,53,4792.1328125,374.027986139879,1811.504643622837,0.36067974119691204,327.14851425107486,150.97855355529077,0.33105199136476693,0.07760556197134805
128,2,test,54,4832.584375,388.41509278109675,1861.9808083898308,0.3746757632297898,337.3267439777834,155.43560061483674,0.3473874396685214,0.07937206926710016
128,2,test,55,4873.0359375,402.0089019811621,1910.8676736950815,0.3901535202743625,351.93999926924135,160.44753260708154,0.3602901350232765,0.08142424690164157
128,2,test,56,4913.487499999999,420.2083747221508,1995.4537755724612,0.40370243137274886,363.4195102888924,164.98420356985832,0.3730458182276408,0.08337669836168057
128,2,test,57,4953.9390625,436.4350415254279,2098.6129665273547,0.41827563444486043,369.7905111746689,169.24499928371972,0.38851382663868117,0.0838648716295267
128,2,test,58,4994.390625,454.5863642358006,2174.9986753516023,0.43335833399298085,386.91492706354325,174.35743143215632,0.40404334913610174,0.0854855815983057
128,2,test,59,5034.8421875,472.2671135685737,2265.4047571109504,0.44765171864888376,397.2884571641515,180.93159255955982,0.42004854605954406,0.08726608603283614
128,2,test,60,5075.29375,492.8330896759263,2363.380932851083,0.46337938619682006,410.4389750076507,186.0604305853215,0.4340250741298596,0.0880072954430565
128,2,test,61,5115.745312499999,510.7133406402942,2465.985704866027,0.4755859755500441,423.61601599081666,191.61644249284393,0.4504490226012858,0.08945469590546443
128,2,test,62,5156.196875,529.1443267484581,2561.310376466747,0.49186869615865103,439.31823005161164,196.05858276260335,0.4658447349998769,0.09098472684956026
128,2,test,63,5196.6484375,543.4263072822034,2657.4389524626527,0.507436878823396,449.34999821830957,200.6532241729371,0.481688401425949,0.09285536401944759
128,2,test,64,5237.1,560.5298455004344,2729.695479738474,0.5216571603613414,466.4717766525541,206.62522299749497,0.49565319367691346,0.09478780157501018
128,2,test,65,5277.5515625,580.8432433993751,2814.9131249005854,0.5321417922529471,483.18182537512655,213.9953719805394,0.5105079477225327,0.09628478129773341
128,2,test,66,5318.003124999999,601.2632896223948,2881.8259271208162,0.5486850715324607,504.3431268036471,218.83827393131128,0.5266111713852807,0.09708008104018437
128,2,test,67,5358.4546875,622.3982180536183,2966.761484836155,0.5632638604917556,518.1117490062022,224.01610627133016,0.5440044697691202,0.09885544234476581
128,2,test,68,5398.90625,645.6502256805408,3071.1342342722787,0.5790105123075796,533.0865787516714,229.35406160294747,0.5631687036331345,0.10042337340724662
128,2,test,69,5439.3578125,663.0102925536505,3127.050315064651,0.5965856055787089,546.9136694933017,235.78104105226316,0.5742903167333252,0.10087903839770505
128,2,test,70,5479.809375,682.6328028156041,3226.156769000932,0.6113707121007845,562.5376300228027,240.94788659871114,0.5886902449086622,0.10202792905926461
128,2,test,71,5520.260937499999,704.1329168930606,3337.2896480935756,0.6256733820465752,578.1193267493165,246.58165246906805,0.6032954557420311,0.10290155795293199
128,2,test,72,5560.7125,727.829570568014,3409.131562000659,0.6423569685156949,594.1702863543412,251.452299956739,0.6186360604068919,0.10338312887557029
128,2,test,73,5601.1640625,746.4469366927666,3488.949288762993,0.6576944935717428,610.1281191465021,257.151287402948,0.6367765914173442,0.10418345341142027
128,2,test,74,5641.615625,768.339559646197,3554.860218189766,0.6716896468167326,637.5956268834359,262.067310222875,0.6522777571791143,0.10568322181265469
128,2,test,75,5682.0671875,788.8495584791997,3641.7222883361455,0.685180998619972,663.7578587634393,267.29481640469646,0.6661990595877021,0.10670375354798756
128,2,test,76,5722.518749999999,815.5021393894799,3778.8488198797854,0.7003248172638941,685.8951340521528,272.0221125480702,0.6806330851182735,0.10725049357269631
128,2,test,77,5762.9703125,833.4750221940794,3898.1137241127576,0.7156482339583172,708.3699992595598,277.1632990488264,0.6952713623538109,0.10841579641735453
128,2,test,78,5803.421875,860.9302606850653,3938.3428832493046,0.7373684900801314,733.7255441964228,282.8085843360313,0.708418262713794,0.10892720435460093
128,2,test,79,5843.8734375,878.9968655485687,3997.679208891723,0.7540347036611887,756.6055085211332,287.3929586372093,0.726423548218301,0.10946417727765272
128,2,test,80,5884.325,895.5571110069513,4206.764237563215,0.7654882547326984,786.364805158616,292.96550561011435,0.7404545086020647,0.11062770936992074
128,2,test,81,5924.776562499999,916.4767001165579,4327.017116071785,0.7863551797088891,807.812389184086,299.1322516108852,0.7580373374359641,0.11106730205134471
128,2,test,82,5965.228125,947.0838026279012,4468.809856975261,0.8002940575330131,834.6335092403336,303.906262942256,0.7742412389524361,0.1109670241007648
128,2,test,83,6005.6796875,979.2434330148865,4570.979656094218,0.8062861381634839,859.7118666239254,309.27451689598763,0.7880979677334712,0.1116086632924041
128,2,test,84,6046.13125,1010.9841602858296,4695.637016787812,0.8222620810156428,888.5707810718015,312.94342039819156,0.7995044996632443,0.1125745716119373
128,2,test,85,6086.5828125,1041.383121698857,4818.850756505891,0.8385914467461536,912.1803233087392,318.2565630929588,0.8170191714307329,0.11255851189233365
128,2,test,86,6127.034374999999,1059.2084369551794,4960.940758523907,0.8573125453793795,941.8629710031752,323.45031963114934,0.8359369888571098,0.11341932174161254
128,2,test,87,6167.4859375,1081.8550723995202,5106.356460706073,0.8751138691641264,975.6781611866501,327.25870124372847,0.8514968461167637,0.1142124044049616
128,2,test,88,6207.9375,1113.765964885829,5233.491969618694,0.8902689414374623,996.9217393808414,331.92612541309785,0.8618633399014863,0.11586840254758021
128,2,test,89,6248.3890625,1147.2712301724073,5345.7718172535515,0.9021245178150554,1026.8062884964024,337.0964402983674,0.8827686613572111,0.1176387774182025
128,2,test,90,6288.840625,1178.9607096492034,5445.111930592921,0.9192791861535494,1048.206074022687,341.92728859571275,0.8974542063639526,0.1168478595084902
128,2,test,91,6329.292187499999,1215.5248883200613,5640.706316586052,0.9383358256858167,1083.6907668736976,346.7832700314233,0.9125943471905464,0.11749275349940899
128,2,test,92,6369.74375,1245.8159812211206,5858.391601166427,0.953421730654741,1119.2538975820696,350.6962351649179,0.9241701829624422,0.11810833166585842
128,2,test,93,6410.1953125,1274.3706213870425,6033.398046057015,0.970505276550647,1151.266748711322,355.13730419754097,0.9396235519886844,0.11966674314987588
128,2,test,94,6450.646875,1307.4369326630233,6181.1987630425565,0.9847086115571009,1190.0772815302503,360.234081523231,0.9494187053471015,0.12172127500687836
128,2,test,95,6491.0984375,1339.9059910279618,6325.98050966602,0.9968421583760045,1226.8584792606632,365.3673215528954,0.9611384821703595,0.12185881915591397
128,2,test,96,6531.55,1361.493960163622,6493.756392466723,1.0050285328202098,1262.4606910373188,368.62188414674745,0.9822801100770546,0.12229935844630929
128,2,test,97,6572.0015625,1394.3080342530366,6677.329582536582,1.0169013665536282,1288.6329538820007,375.0488367153366,1.001620001224321,0.1238460648009497
128,2,test,98,6612.453125,1423.2661029897642,6871.980540596762,1.0335435675951978,1317.8814468093947,380.3593904914919,1.0124618351977852,0.12456729117442736
128,2,test,99,6652.9046875,1456.2038888020084,7075.225809711178,1.0473303804027987,1352.015438694309,385.1476163852894,1.0205753289102213,0.12565204568460478
128,2,test,100,6693.35625,1485.7205115404531,7269.592325594465,1.0557044984507176,1392.7352533228827,388.96470246191586,1.0305376573766234,0.1260843976563274
128,2,test,101,6733.8078125,1528.6348979811564,7466.5843288747565,1.0714684066733142,1441.7910116109285,394.61553053689306,1.0430451430321688,0.1261011932346236
128,2,test,102,6774.259375,1562.4750788932288,7617.029440367187,1.0776290415683565,1485.706271882229,399.552851543433,1.0521326498119272,0.127276982020698
128,2,test,103,6814.7109375,1605.9078940151892,7748.105847129929,1.0897824595297694,1532.0031260095989,404.61464008025814,1.059591052697817,0.12718464775471686
128,2,test,104,6855.1625,1648.8501856702555,7915.024423092477,1.0981362024821384,1567.580926228068,407.78503806329525,1.0717540197631852,0.12754866998135067
128,2,test,105,6895.6140625,1691.4691320554452,8097.13363895493,1.1070905907906297,1607.481576467677,412.73637528378515,1.0740536220402164,0.1270038894877184
128,2,test,106,6936.065625,1733.6009014266267,8281.005436551632,1.1177690793768709,1639.8477994814584,415.762586512308,1.0904909971617416,0.128846690022201
128,2,test,107,6976.5171875,1780.8761169025615,8558.12085596213,1.1259940484802735,1690.0742795159545,423.5875656399628,1.1069977028781985,0.1290543755192025
128,2,test,108,7016.96875,1822.8503769328627,8750.18800227255,1.1367888889568314,1731.8234377119452,428.48146817264876,1.110439815659503,0.1286889967577146
128,2,test,109,7057.4203125,1857.531945325647,8915.190041002317,1.147516400954649,1768.4053363410185,432.7223974442802,1.115790681961354,0.1305946623212581
128,2,test,110,7097.871875,1912.271296453973,9041.451302184349,1.1563093978120413,1807.2575009951065,439.9087488847897,1.1319577659340205,0.13127198224246323
128,2,test,111,7138.3234375,1953.192626342883,9226.253431686868,1.169438187263963,1856.8262394977637,439.66558804508793,1.1487600927447896,0.131618510438857
128,2,test,112,7178.775,1995.83350021868,9461.758539179122,1.1826618669730782,1905.2516491192505,442.2099968362545,1.1540981847177334,0.13202855714380524
128,2,test,113,7219.2265625,2048.450306323126,9712.631100180006,1.1990982012782883,1949.0346333800517,445.03951182340984,1.156712931299049,0.13197106537634826
128,2,test,114,7259.678125,2096.560956775491,9908.740446333428,1.214725453690349,1987.1587756210688,451.39373544857267,1.1651680366945931,0.13120128114762
128,2,test,115,7300.1296875,2143.297903982926,10106.459942433881,1.2178464509447953,2027.7451856172881,455.7728088363078,1.1614580400486838,0.13129642376095813
128,2,test,116,7340.58125,2183.5655355612857,10305.682995946574,1.2224856495438654,2080.872105547577,459.117612757197,1.1605669280175395,0.13263823657253676
128,2,test,117,7381.0328125,2227.975303021509,10506.509402786212,1.2223517877211347,2130.6831194401034,463.61766524654513,1.1631939318472242,0.13246182447492622
128,2,test,118,7421.484375,2272.228881635996,10708.985461913924,1.212420000782699,2169.8148274943933,468.6497920068007,1.1700615298669974,0.1327394208779616
128,2,test,119,7461.9359375,2319.98600323513,10913.180875107259,1.2241959112158918,2210.454923499782,472.618938848278,1.1764755388688763,0.1343420147842337
128,2,test,120,7502.3875,2368.1579491087064,11118.953159910314,1.2306292037645021,2259.051740849884,478.555273947471,1.1847435475573627,0.13407751679172727
128,2,test,121,7542.8390625,2419.5481833213107,11406.370054723591,1.2315709636628314,2312.199347099964,484.8456836217281,1.1949858766967907,0.13418935869014165
128,2,test,122,7583.290625,2465.1340156205206,11697.484693613545,1.2377195722081056,2356.290681007863,493.13583764511293,1.193605176183936,0.1346276191979065
128,2,test,123,7623.7421875,2521.3154632433116,11886.203924325273,1.2505182094504872,2394.249790386368,497.92118086422477,1.203126677250428,0.13462174874583455
128,2,test,124,7664.19375,2569.000448120519,12034.862780377243,1.2475226901667302,2438.626043466378,497.688887844717,1.2082967060927652,0.13536922570163729
128,2,test,125,7704.6453125,2619.145987444526,12171.360857827905,1.241741766525792,2492.6545646906816,501.73725122649415,1.2122011529519943,0.13669681216432017
128,2,test,126,7745.096875,2669.807504385375,12429.499099363275,1.2510568285927364,2541.279778119161,506.49471449629857,1.2252386177053625,0.13740671903701707
128,2,test,127,7785.5484375,2712.495536321512,12703.04603961749,1.2642628070002742,2592.2550751720055,508.632051391416,1.2321163097634216,0.13666148783714455
128,2,test,128,7826.0,2772.1985735385033,12970.5917349873,1.2656995370441093,2642.0127089642733,511.0864408363085,1.2398449323878373,0.13742907014056144
128,3,val,0,2648.2,0.0,0.0,0.0,0.0,0.0,0.0,0.0
128,3,val,1,2688.6515624999997,2.2238986373537273,4.033542971751557,0.0030419772517886745,2.0139392746401086,0.44212606682947353,0.002444521058339588,0.0010924871804776637
128,3,val,2,2729.1031249999996,4.557624130335114,8.30659204434027,0.005861682462540707,4.1220534662329555,0.869532807527662,0.004750701022251946,0.0022059451417581755
128,3,val,3,2769.5546875,6.6653801956988445,12.900945817058561,0.007344530409330446,6.111796938926162,1.0978790203921562,0.005866824266016757,0.0029057594296971745
128,3,val,4,2810.00625,9.718756106508408,18.214713197596655,0.01084934958739403,9.10696796057664,1.6129270895817172,0.008994835123732337,0.004127866599614588
128,3,val,5,2850.4578125,12.852461004246862,24.444701655190197,0.013956373084635099,12.207855246657573,2.0641848706191013,0.011603170517883454,0.005248654292988077
128,3,val,6,2890.9093749999997,16.725647875077243,31.813850895929342,0.018319449681683746,15.79593199045437,2.6082954405524106,0.015260853970092136,0.006701784355225317
128,3,val,7,2931.3609374999996,20.14548380412151,38.762100962446716,0.020280526205181115,19.225542390472583,2.8758084147284535,0.016614169561945946,0.007804484894305408
128,3,val,8,2971.8125,23.737354452876502,47.93501198402053,0.02295300474865203,22.52822992963388,3.2814153652225286,0.018913400428068917,0.008847307370305618
128,3,val,9,3012.2640625,28.550307709949152,55.81994065578896,0.027284822374584045,27.18773814305564,3.965124753833038,0.02235129826931581,0.010262097668869985
128,3,val,10,3052.715625,33.067690431323626,67.79933511809035,0.03089617002148895,31.670219953685574,4.600068234068999,0.025296620039009024,0.011401126715701593
128,3,val,11,3093.1671874999997,37.60994444394328,78.96630205946164,0.034420373510667124,35.5640383932041,5.194881839358345,0.027820336362165132,0.012811222118630505
128,3,val,12,3133.6187499999996,42.83811553716532,92.27206667738832,0.03825374947083633,40.05303200477783,5.936022710642419,0.03093709122273247,0.014304204883359983
128,3,val,13,3174.0703125,46.48141873715872,108.38576749543049,0.04137545429724193,43.831763781469135,6.564312295420649,0.034104566282708304,0.01564750071617743
128,3,val,14,3214.521875,51.738806449606045,124.46553446287088,0.04561856767083122,48.92232089719073,7.338913553418536,0.037922224259662185,0.01695925429393008
128,3,val,15,3254.9734375,57.62584460984499,143.04150951438592,0.05070476773029291,54.234139237905765,8.3233040804771,0.04119277253838982,0.018294228956421826
128,3,val,16,3295.4249999999997,62.24800047229451,161.41870255071922,0.05516480970942789,58.07288013066625,9.153496604923816,0.044527228037806454,0.019580198816704364
128,3,val,17,3335.8765624999996,68.07310696711966,181.34442371021458,0.058494016598679976,63.463515678108706,10.19169854333768,0.047215744825062494,0.021191513585344657
128,3,val,18,3376.328125,72.64816512190464,199.04042449520313,0.06101711683313346,67.83213085844596,10.963880720808561,0.04912540838431824,0.02215154234000427
128,3,val,19,3416.7796875,78.83809843008294,219.5647779093903,0.06607293026233974,73.42307063868247,12.163604731286526,0.05258813580449884,0.023738131274436344
128,3,val,20,3457.23125,84.36212747416505,244.6668480021723,0.06973584708769992,77.9716895142144,13.534924607995436,0.05634067738374132,0.024939116464936517
128,3,val,21,3497.6828124999997,91.20173821872868,268.84620924683963,0.07451154757260464,83.82685460543371,14.936509977729884,0.05876036891753339,0.026278795499296015
128,3,val,22,3538.1343749999996,97.83097403509622,296.4943804297968,0.07906250024193595,89.21350962302199,16.596949556785034,0.06169463788028521,0.02797805919671492
128,3,val,23,3578.5859375,103.71397448133735,323.90829692444873,0.08175818484106728,93.84509393959206,18.12464529539426,0.06566749343745945,0.029573157743746636
128,3,val,24,3619.0375,112.60299921184469,347.06597311555754,0.08707753022351924,102.53520806259075,20.10411744814178,0.0696422482313469,0.03108151665009301
128,3,val,25,3659.4890625,121.28686212054163,372.4264433774406,0.09108991923280699,110.76410674802695,22.161715842933916,0.07355992946294493,0.03230657516775648
128,3,val,26,3699.940625,128.45605697581954,406.8351966898573,0.09553505453062383,116.6526655815403,24.43769900761339,0.07616552034431341,0.03351063081983435
128,3,val,27,3740.3921874999996,136.12261477754828,440.7547179681778,0.0968471803973539,121.8530165538354,26.398468672013564,0.07743887859290588,0.03526231906737093
128,3,val,28,3780.84375,144.69166431700842,476.2486048257224,0.10296042338630434,129.3362078880591,28.868033980870678,0.08024075774664893,0.03556633578907786
128,3,val,29,3821.2953125,153.55401015681025,509.586585766732,0.1093756207501892,136.68817485057616,31.194154133530105,0.08268526449944913,0.03648795595262433
128,3,val,30,3861.746875,162.51381583182933,543.4789943688168,0.11396322910451218,144.5028678805329,34.033995130897665,0.08804196757607186,0.03705424330365664
128,3,val,31,3902.1984375,172.23298259466446,583.8389936257264,0.11895481665788465,152.50244689073787,36.56693196032279,0.09270933643576451,0.037863913446768704
128,3,val,32,3942.6499999999996,181.71474707918378,625.6939862291276,0.12389883711778904,161.19848380127166,38.77778214758365,0.09677712586741993,0.03915565669547483
128,3,val,33,3983.1015625,191.61157753093505,655.0508139657451,0.12822986545983628,170.4153294462003,41.29069985685874,0.1012653019466167,0.041519255738031724
128,3,val,34,4023.553125,200.8382526940693,696.2262387731325,0.13316879179224583,177.84833318262372,43.88977683495909,0.10599410227256356,0.0431722379778815
128,3,val,35,4064.0046875,211.9722628177101,739.8149245373659,0.1387669195394292,187.57429520752567,46.36636651889603,0.11177478792378376,0.04463480356145175
128,3,val,36,4104.45625,220.7622122710251,786.170165520581,0.14184868991759872,197.50155753709464,47.820302447178165,0.11675099029126446,0.04648856095340603
128,3,val,37,4144.9078125,229.87106242920063,830.1897673909489,0.14675934527715734,206.3203364270727,50.29449461628133,0.12408061567600881,0.04951816727356839
128,3,val,38,4185.359375,241.5245884431556,881.7155223016256,0.1541351467341731,214.55058502424862,53.01075318148207,0.129321282150624,0.05229848964223918
128,3,val,39,4225.8109375,250.27182495921352,929.2238669297489,0.1605276862087779,221.61293059419052,56.3871306619248,0.13492651630329922,0.05424882419103466
128,3,val,40,4266.2625,260.9005369234225,977.8697298567786,0.170702916302716,230.79807773873284,59.105242177110995,0.1420947911367626,0.05679250986041773
128,3,val,41,4306.7140625,271.88407245674284,1042.1315593639247,0.18008219398622793,238.6202008315479,61.84669991955616,0.14935847296781468,0.05990371091152413
128,3,val,42,4347.165625,282.56329702044525,1095.7179076075342,0.1857391354783411,247.3664004527265,64.59290090376157,0.1571732081749322,0.06037511414563185
128,3,val,43,4387.6171875,293.9896322143909,1147.8706023609946,0.19542265520438445,257.21017608339025,66.87282685486196,0.16544582931563023,0.061206149692894646
128,3,val,44,4428.06875,304.83024647850243,1196.4855345515778,0.20555133127947434,265.22961735616946,69.82048726585788,0.17447652220923832,0.06293678737363806
128,3,val,45,4468.5203125,315.7878517246644,1256.4993667815193,0.21519218658332118,271.08094014843687,73.17730664736644,0.1832811990344907,0.06424678542157197
128,3,val,46,4508.971875,327.47704078883544,1310.8939411101512,0.226718801064312,277.10639846270624,76.06242020924014,0.19394945415751597,0.06574491110524286
128,3,val,47,4549.4234375,340.89855126487123,1369.294627609082,0.23583680749220126,283.9601244761525,79.26317714708375,0.20562486184197426,0.06689276960581726
128,3,val,48,4589.875,351.98456571333736,1428.3552401812985,0.248599691572704,291.71420673395687,83.2586549144878,0.21421526592038664,0.06820229503071672
128,3,val,49,4630.3265625,365.1275741425195,1495.7697621380132,0.25963363207670564,301.12656209900024,86.96789245448144,0.22636267315560843,0.07014636532386848
128,3,val,50,4670.778125,377.26020674480765,1571.7599016064364,0.2748773803571136,313.34282658202994,91.49423751479446,0.23986422814270547,0.07204826942418599
128,3,val,51,4711.229687499999,389.2711440176413,1652.6625708251534,0.2898446185742032,322.3238245746529,95.54644242486887,0.25406727308695254,0.07422637993991388
128,3,val,52,4751.68125,401.76355155170995,1713.7485938797684,0.3017883683398559,331.53958094879954,99.89578962352397,0.26829753949918905,0.07538052266089709
128,3,val,53,4792.1328125,414.4318348453453,1780.887568846415,0.31695983896673496,338.1704021069254,104.43751762244347,0.27935383625588006,0.07569544111151708
128,3,val,54,4832.584375,427.77404510530914,1838.7475404925135,0.3342637363572564,349.40348560030543,108.41972061007255,0.291251668233794,0.07563421878669513
128,3,val,55,4873.0359375,439.8109005225024,1909.8761159866744,0.3483018646379815,357.52503041453565,111.95373819320054,0.30776973264737273,0.0765894447792223
128,3,val,56,4913.487499999999,457.63906329764836,1991.760502966212,0.35948963482272667,367.5063789980868,116.13232248947725,0.3244036342976986,0.0767939244462057
128,3,val,57,4953.9390625,468.07014381676026,2075.7311017803127,0.37462964950944755,375.9261193954728,118.66920185610752,0.33876719484352347,0.0784307875066545
128,3,val,58,4994.390625,481.73248377793243,2161.616313898924,0.38957598105519853,388.005737854769,123.7067996566168,0.35380867692358375,0.07931435325228553
128,3,val,59,5034.8421875,491.6518946168935,2258.690970041222,0.4061816589163436,399.7347456180762,128.51859412744204,0.37470495041308505,0.08056908532672741
128,3,val,60,5075.29375,502.37633328498885,2345.039221340495,0.4223906368667784,408.18219579685433,133.47468815703678,0.39174823461504693,0.08132855523167865
128,3,val,61,5115.745312499999,515.962971533952,2436.7309521502425,0.43860824659689923,419.12357149533364,137.80937210424327,0.4039095063536752,0.0819078318845326
128,3,val,62,5156.196875,532.4896877822312,2526.6259286348027,0.45489341180149356,431.57142494305845,142.2723407188471,0.4262880572305644,0.0823832181153783
128,3,val,63,5196.6484375,545.338540683403,2613.7543183917282,0.47016831009538684,440.6744021970326,146.8035449159686,0.44468373440109676,0.08261145375099599
128,3,val,64,5237.1,559.3486955715434,2724.2028215017167,0.4882681325473204,452.9855713862503,151.82306198542506,0.46029741337122454,0.08278270174949878
128,3,val,65,5277.5515625,574.9807524691199,2838.7024774312504,0.5082208730870577,461.9819791007984,156.4874151058575,0.474645394671111,0.08401277834446577
128,3,val,66,5318.003124999999,595.4879983889896,2956.284074536061,0.5262632240625731,479.59714727541234,160.07400409628758,0.4968957980895361,0.0849347993046104
128,3,val,67,5358.4546875,612.0595643521938,3064.520227230195,0.5404376280238876,492.8833316830037,165.49423011959962,0.5107587822132664,0.08592167476020873
128,3,val,68,5398.90625,633.3318208927494,3188.6004456210712,0.5582035209653335,513.1955560237031,171.0638647742826,0.5307140922604647,0.08756306790355661
128,3,val,69,5439.3578125,654.3766472509844,3315.754452817868,0.5753026122263666,526.0364181449404,175.35646792424586,0.5486465117806039,0.08920433791635707
128,3,val,70,5479.809375,670.6527032296208,3445.955857886537,0.5904754008493329,546.7557328944963,179.92690470222783,0.5674232477145824,0.08962703112379289
128,3,val,71,5520.260937499999,682.8276120663759,3579.05125093069,0.6093887555098237,565.4895586359316,184.40700823782663,0.5877248571127536,0.09076602896651575
128,3,val,72,5560.7125,706.7047274726974,3708.628764975056,0.6345024506332064,579.8620072488347,187.87281182051174,0.6085010401707946,0.09040347610193497
128,3,val,73,5601.1640625,728.6887512518376,3832.4490392715256,0.6541451611052629,595.24166963031,192.98568882592804,0.6292086180763878,0.09137062886593189
128,3,val,74,5641.615625,738.5999348566088,3957.3964205254088,0.6714447944443924,609.9436317648497,198.87766116551475,0.6521843664681198,0.09214227234750905
128,3,val,75,5682.0671875,763.4098962396507,4096.327516640365,0.6984486326326658,628.7718793933319,205.1237981676195,0.6664005193145472,0.09295840908079417
128,3,val,76,5722.518749999999,781.8052693434083,4218.922066809769,0.7123139523247113,648.6282991415067,210.53002439877488,0.6770829427432817,0.09316872611445787
128,3,val,77,5762.9703125,803.8856359831357,4354.667889888727,0.7287839915051664,670.8945882405715,215.186033082432,0.6984209935770452,0.0944810418518835
128,3,val,78,5803.421875,824.3949823723647,4483.294581170893,0.7512061467021408,695.6596206551922,220.06985720369698,0.7125964029847248,0.09459447001671645
128,3,val,79,5843.8734375,847.5933738135382,4625.662038965565,0.7709219598957817,721.0196608252772,224.6114055515136,0.7333420139488123,0.09495861683711526
128,3,val,80,5884.325,872.825508105791,4779.793220193888,0.7898237107225314,746.1764794478398,229.67825749186943,0.7535065783408207,0.09539456460270351
128,3,val,81,5924.776562499999,894.8708312930762,4936.786462657864,0.8067720874118389,772.5128771078289,234.10581464008828,0.7740818834892915,0.09666524687788891
128,3,val,82,5965.228125,918.8598637375378,5079.244620509193,0.8260121146482918,799.9639649146957,238.45016445785916,0.7927891722993435,0.09652124829745423
128,3,val,83,6005.6796875,944.1033444410891,5233.453346608529,0.840118444054412,833.9559856271421,243.63475535041346,0.8139054071035212,0.09643562916110404
128,3,val,84,6046.13125,969.4480501954672,5366.660101870994,0.8588999232655992,858.7117461054277,249.06045849931502,0.839500534355081,0.09675434748437212
128,3,val,85,6086.5828125,995.1992820075759,5499.213445615253,0.8781504874775248,885.9571900011929,255.37360175428603,0.8559585556260907,0.0963097908770888
128,3,val,86,6127.034374999999,1018.3413842059963,5643.534790527156,0.8979052317671932,911.7490237038197,260.22281719610874,0.8728670995519217,0.0979284955803933
128,3,val,87,6167.4859375,1051.3414436234712,5788.808478751125,0.9217650449542745,939.9502659132111,265.0171097441216,0.8909935774804034,0.09715952371358583
128,3,val,88,6207.9375,1080.8047839329902,5953.741947210946,0.9416406013528639,975.1485060812541,269.83809297303196,0.9199762857736993,0.09837725836620015
128,3,val,89,6248.3890625,1109.6274393236313,6060.999155890683,0.9594825574236604,1002.8276769888862,276.0258953483259,0.9403958177155031,0.09736627752139626
128,3,val,90,6288.840625,1139.979891354301,6191.784352157688,0.9771009189016577,1043.1733912955679,281.86115258445454,0.9596568892948631,0.09734197842253822
128,3,val,91,6329.292187499999,1165.7130546669237,6401.502291554977,0.9961246542340985,1076.2604813323833,286.39464508967194,0.9808236138659499,0.0969742511267302
128,3,val,92,6369.74375,1213.646916851303,6584.291981958116,1.0148995801738947,1112.9243203252486,291.2264595174179,0.9858298802365093,0.09727800523902982
128,3,val,93,6410.1953125,1256.1206141915022,6680.268105514851,1.0345899035226203,1147.4446299684757,298.1735698312349,1.000393372542041,0.09807710398769195
128,3,val,94,6450.646875,1293.7063462197216,6855.329961747962,1.0510577848429485,1188.0065509547605,304.55398100741604,1.022705027581755,0.09991420200652912
128,3,val,95,6491.0984375,1326.2335507865544,7036.597376788817,1.068321233230668,1225.3629868837095,309.69063894385584,1.0346193701787632,0.10091118425106099
128,3,val,96,6531.55,1364.6585334843735,7184.080535263316,1.084824718637717,1264.1184006508367,315.6018632334394,1.0583564430843504,0.10144433941333686
128,3,val,97,6572.0015625,1407.7130108216807,7408.658630691507,1.1052755434440287,1303.445863699551,321.5121542627344,1.085583901195772,0.10240763322594965
128,3,val,98,6612.453125,1444.8016851953298,7575.874421442126,1.12358033425633,1336.5079585852868,325.4758817930963,1.108339174117623,0.10361840222462837
128,3,val,99,6652.9046875,1487.885268921275,7791.192164497798,1.1430082358966782,1374.0967770828263,332.11430713322443,1.1142954141257766,0.10571551898801157
128,3,val,100,6693.35625,1527.2017747429843,7985.7477927118625,1.1623278765652,1416.8530725765827,337.23859510348575,1.13159438186472,0.10626997797524157
128,3,val,101,6733.8078125,1566.1850706491264,8161.258460865697,1.1788706064527754,1459.9074386221673,342.9411875070514,1.146231880322146,0.1067858415149843
128,3,val,102,6774.259375,1619.9582312611085,8358.617782587806,1.1913688589346298,1506.9722662668,347.58746705432486,1.1658790460953443,0.10746700599433695
128,3,val,103,6814.7109375,1667.5409522748623,8558.103871801566,1.2026483881508454,1550.314090742745,352.1675256994854,1.173239006529124,0.10819390917045715
128,3,val,104,6855.1625,1709.7531285714922,8769.22887500883,1.2129456042582198,1599.6905410008821,356.7445385314692,1.1782324820504286,0.10971098301226084
128,3,val,105,6895.6140625,1754.8333933727918,8989.769238093922,1.2189457603831166,1643.9487952177387,360.6161644388575,1.1859049484637396,0.11052801518781491
128,3,val,106,6936.065625,1798.306596499458,9202.031045156764,1.2315922866705797,1691.0264723875912,366.40914527493965,1.200927257213158,0.11188653212997751
128,3,val,107,6976.5171875,1835.8415999985311,9493.491537464433,1.246001321600687,1735.9483980438881,372.0704898488947,1.2200847717770968,0.1139904694931887
128,3,val,108,7016.96875,1891.8436947524951,9786.309987085893,1.2615797073575186,1768.333660452413,375.639899407588,1.2307027375369206,0.11510674012068373
128,3,val,109,7057.4203125,1938.2597043242172,10049.059698984873,1.2778770447768595,1799.787264771112,380.0060837624244,1.2532287595143423,0.11676472340489338
128,3,val,110,7097.871875,1988.0832094756613,10268.210416700302,1.293742751674043,1868.0019270261141,385.14774161915,1.2542284080959698,0.11779580421795305
128,3,val,111,7138.3234375,2043.329248744783,10504.001086347269,1.2908731659649897,1915.9477440737192,389.4999461955422,1.2562778812444733,0.11733731406207357
128,3,val,112,7178.775,2106.032478918991,10797.101516795512,1.2957596514709298,1963.6553956772786,393.5476944405423,1.2592146233648682,0.11719542374596242
128,3,val,113,7219.2265625,2155.9537385926715,11127.869390015727,1.3006185086309185,2014.9507786307765,396.3848939536092,1.26763209145217,0.11690793064856458
128,3,val,114,7259.678125,2208.4436506497127,11361.203050391612,1.3116391024705354,2042.6551576190946,399.99975172150926,1.2858293010347133,0.11694967314114513
128,3,val,115,7300.1296875,2258.534039651657,11677.31583716541,1.3185465208188363,2108.746622009903,404.83040905456846,1.295290331165877,0.11753409183361957
128,3,val,116,7340.58125,2301.14320548455,11912.61714168385,1.3210036600489472,2156.7839089152303,409.17485010950827,1.3023356767871697,0.11880977539208137
128,3,val,117,7381.0328125,2356.96231546126,12150.043291464075,1.32908839623732,2218.662335749343,413.73206475665825,1.3123168955554154,0.11927407581333732
128,3,val,118,7421.484375,2399.609350147955,12389.090399759798,1.3461633022311126,2285.260873656085,416.9905217926697,1.319274025581775,0.11972222232744731
128,3,val,119,7461.9359375,2446.8172243825848,12630.147223615977,1.3544449132338876,2334.156261483713,422.23548345830864,1.326986716040146,0.12016973678752318
128,3,val,120,7502.3875,2496.7677425968445,12864.332775287923,1.366881460208011,2402.9172641818377,427.06024504008155,1.3253341902852538,0.12020673422084155
128,3,val,121,7542.8390625,2537.926829822368,13008.565639497276,1.373877988712302,2458.746432503517,432.13374712084374,1.3456233066252432,0.12155739246522135
128,3,val,122,7583.290625,2596.7929866226596,13243.468181351902,1.3831303975353344,2492.475282905133,436.9405373175823,1.3474168966434301,0.12243131437427585
128,3,val,123,7623.7421875,2647.4342849095933,13555.271433055754,1.3844961072476125,2537.1163424417773,441.36122553931045,1.3553337653626762,0.12375503456642581
128,3,val,124,7664.19375,2693.157792434732,13868.348708321106,1.4009197200708368,2592.314795483503,445.42392641109177,1.3728052890252183,0.12461157470667739
128,3,val,125,7704.6453125,2744.79127714892,14122.700740187978,1.4038732734453219,2627.1157819401196,448.03711895642095,1.378454179995582,0.12347049809545706
128,3,val,126,7745.096875,2764.2226589930488,14379.343976697279,1.411396334094761,2666.9460655039643,452.18941480118247,1.3809177202552396,0.12491632653210266
128,3,val,127,7785.5484375,2811.587336356183,14638.042570537542,1.4185954676332602,2708.167935570714,455.72143734159454,1.3902702009566115,0.12439646289865228
128,3,val,128,7826.0,2863.98111989422,14898.548111575676,1.4231957507000736,2752.400223504253,462.20593028101575,1.397284337762511,0.12572687483024952
128,3,test,0,2648.2,0.0,0.0,0.0,0.0,0.0,0.0,0.0
128,3,test,1,2688.6515624999997,2.0403377114632804,4.0860514311944485,0.002955083581689111,1.8422217718854217,0.3724951983041791,0.002482739351371624,0.0010509612084173836
128,3,test,2,2729.1031249999996,4.308272228225718,8.244231978144967,0.0056927429369210344,3.91360185542311,0.7445724072212556,0.00473272775102819,0.00208808806227527
128,3,test,3,2769.5546875,6.363356472213866,12.616490040444717,0.007209931711040993,5.987015628619474,1.0155031214047483,0.00580975015847425,0.002811131685637354
128,3,test,4,2810.00625,9.267753398656708,17.40018910415202,0.010792519300742084,8.759606726698621,1.4245859363128943,0.00900091674079645,0.0039117245668914
128,3,test,5,2850.4578125,12.438537386334048,22.81954540108604,0.014189574800916455,11.781043825594306,1.7925286886182334,0.011707888115948528,0.00507203151061536
128,3,test,6,2890.9093749999997,16.034081958146373,29.902943904758676,0.018932354979780963,15.468275160461786,2.226666048983361,0.015366751154155533,0.006525169892828819
128,3,test,7,2931.3609374999996,19.623241396097058,35.96131252578518,0.020713791766890227,19.14873891972846,2.5136372674587903,0.016569094238723728,0.007360491279851528
128,3,test,8,2971.8125,23.875714282167948,44.13309314489737,0.02338688872047072,22.978492361858116,2.914899963627704,0.018849299847914544,0.008580527989476144
128,3,test,9,3012.2640625,28.52985716266332,52.237423919882545,0.027571845734507272,27.417561112450528,3.5166808978104314,0.022089535493211715,0.010194821910851706
128,3,test,10,3052.715625,33.06615770749488,61.782605280237135,0.031221736012063475,31.860941205923865,4.075559861774991,0.02509073618917057,0.01126686536182973
128,3,test,11,3093.1671874999997,37.22730572832944,72.01012572666556,0.03428726885695496,35.81788076072456,4.734188093586056,0.027492173847686735,0.012772831509272331
128,3,test,12,3133.6187499999996,41.917867717131685,83.42510329296218,0.0381392177801268,40.24073165083597,5.462230214387631,0.030543749470070703,0.01412791098713887
128,3,test,13,3174.0703125,45.78156687402668,97.56136580195262,0.041522630267914466,43.826378434253854,6.1531616367140884,0.0333869057508665,0.015379648809890623
128,3,test,14,3214.521875,51.07507274783529,112.0959891949923,0.046290182071568806,48.669224527799315,6.985250607524307,0.037044105099215324,0.01706075291973627
128,3,test,15,3254.9734375,57.08134762917183,128.4678244458519,0.050979055251962335,54.1937191319235,7.9087448530792415,0.04016033608601928,0.018660157628542368
128,3,test,16,3295.4249999999997,61.96658441717773,144.82902719770436,0.05478536940776686,59.05568498039315,8.81653629771506,0.04284782076293889,0.019604027639039817
128,3,test,17,3335.8765624999996,68.12125531295976,163.82844774278738,0.057899952111892944,64.84266532985572,9.704516740947078,0.04626456123373035,0.020857650831793834
128,3,test,18,3376.328125,72.90378907588035,178.60842211516683,0.060252397158971786,70.00989642092748,10.418772239724206,0.04835574493892644,0.021572537872660558
128,3,test,19,3416.7796875,78.5911302894462,199.91122754649425,0.06464375441660739,75.53069254248169,11.702631207704428,0.051466627651627295,0.02302437394953276
128,3,test,20,3457.23125,84.08936279336388,222.7502606835028,0.06878681580169826,80.4672276828029,13.098556686273355,0.05483937988663701,0.02479687418748417
128,3,test,21,3497.6828124999997,90.46804798485653,245.89875313112026,0.07292967837847428,86.76745156805055,14.531589950635748,0.05843188338498111,0.02637410801859842
128,3,test,22,3538.1343749999996,97.96962023563083,269.42490007829537,0.07644458618082627,92.96495060769328,15.967649272745632,0.061181421749666,0.028312975516827862
128,3,test,23,3578.5859375,105.21274134330483,295.7567627552962,0.0804336118808717,98.01325726768084,17.784885807614614,0.0641293696626577,0.029872196467271937
128,3,test,24,3619.0375,114.1234980872241,326.3222912922466,0.08634134564037632,107.08038151671673,20.011515635065535,0.06775415670742801,0.030959918436266817
128,3,test,25,3659.4890625,122.86816616131091,355.66315758119987,0.09092967611775132,115.44114952175022,22.19452152880308,0.07091011167778202,0.03194630007296445
128,3,test,26,3699.940625,130.73645426391067,389.70425580486824,0.09538475283940823,120.756044215371,24.332415032535692,0.07344724490696009,0.032851395063676625
128,3,test,27,3740.3921874999996,137.9285818469782,421.79799688522337,0.0996486177577598,128.0730933062627,26.47101248563999,0.07580269789871606,0.03484025632625792
128,3,test,28,3780.84375,146.32985273441614,452.30370164275655,0.10247162241299769,135.69278162007237,28.495680845818327,0.08081260118832176,0.03591919810287149
128,3,test,29,3821.2953125,156.17007693624174,491.1539555093058,0.10757753043814586,143.19314530506944,31.069338283543857,0.08525813315528666,0.037583793877762894
128,3,test,30,3861.746875,165.64745147150006,527.2264907262625,0.11346822268188143,151.5501980154994,33.63891099317229,0.09255738361153235,0.039100480438302235
128,3,test,31,3902.1984375,174.5519980932233,568.2376796160889,0.11858391678585406,159.34581982940443,36.18456922872326,0.09745209403914587,0.039871501396955555
128,3,test,32,3942.6499999999996,185.29419597175269,605.6318494679118,0.12467296137809837,168.20029716251383,38.74648257139057,0.10160484454706675,0.04053623808313728
128,3,test,33,3983.1015625,194.76059155698522,650.5066071692823,0.1290834055831004,176.34355583257388,41.213613156770634,0.10628751668699532,0.04173216472650593
128,3,test,34,4023.553125,204.93678521663128,697.8964976710001,0.13412956560146863,186.29777336224151,43.18812627165158,0.11191149146901752,0.042447843210436514
128,3,test,35,4064.0046875,213.64663900824786,745.6533096730674,0.1377407202405213,196.4861532870792,45.186792573503,0.11802035134270139,0.044236450952912613
128,3,test,36,4104.45625,222.17917563408918,796.9521659568039,0.14376695225222155,204.74539424164107,47.213152919709955,0.12190847731346696,0.04593698745075647
128,3,test,37,4144.9078125,231.7307781552671,848.4547122882775,0.14996958069049549,213.2464283247808,49.95761383023023,0.1269528029820971,0.04810473032227508
128,3,test,38,4185.359375,242.20409957504785,893.1840975194818,0.15840877788604601,222.85988371955233,52.664472688872976,0.13171313129129186,0.049560196208694396
128,3,test,39,4225.8109375,251.41310338609202,936.5469344394519,0.1662746212035167,230.80682898475402,55.621715358171286,0.13807978578731817,0.0522097227392479
128,3,test,40,4266.2625,262.02555382765524,984.319283391655,0.17405008497299243,238.70580117885254,58.399407606827936,0.14720663008990428,0.05455771830311772
128,3,test,41,4306.7140625,273.5477718546218,1038.6424458110166,0.1815671749542322,245.73229740938984,61.01925355855009,0.15430755412400127,0.056420527940938964
128,3,test,42,4347.165625,284.3527336157905,1088.9436796445507,0.19083660932410312,253.32347403497124,64.43685765639273,0.1627783450564753,0.0597669563487304
128,3,test,43,4387.6171875,295.25657907259983,1141.2358911926506,0.19965680582677714,262.3595988399927,67.2961239148222,0.17322643131698762,0.06163212588624831
128,3,test,44,4428.06875,307.344576007182,1205.1754259031284,0.20763797907580317,269.8564222314914,70.23770262992812,0.18109180239561304,0.06341791287501654
128,3,test,45,4468.5203125,317.4322278041417,1267.1883964153585,0.2154852622073501,277.54579040601254,73.13498409573072,0.18877614576955254,0.06487830362501433
128,3,test,46,4508.971875,327.4165547907444,1336.609386119853,0.22495558884649824,284.88165717852354,75.98220159430724,0.19845048124598336,0.06477752313322101
128,3,test,47,4549.4234375,338.06717941639874,1413.1995919294889,0.2348326050515548,292.8775416461704,79.16183838270285,0.20749660207618204,0.06644539775669395
128,3,test,48,4589.875,349.51278204203004,1474.0903948331606,0.24993172993240803,300.20968979520825,82.88069089423189,0.22016146131348738,0.06862581997333153
128,3,test,49,4630.3265625,360.43389298342987,1550.0665457785212,0.2631579268854677,308.84874518182494,86.529003377251,0.23198264195284715,0.07024964356817487
128,3,test,50,4670.778125,372.92739050231205,1621.137389676637,0.27550056912935617,320.1435983608292,91.16992114341826,0.24812477977648012,0.07191659619820018
128,3,test,51,4711.229687499999,387.3920218327953,1704.381029520352,0.2853387732519516,327.16929642501213,94.92887968254848,0.26167848534126503,0.07308879868873214
128,3,test,52,4751.68125,400.0893674237034,1763.338277879206,0.30044006438467025,336.06320338235207,99.29948045567215,0.2746596830684733,0.07481930749851651
128,3,test,53,4792.1328125,411.52272749739893,1842.327279773086,0.3173705941331012,345.2810588083821,102.60966028164376,0.28628723431233305,0.07596254724006116
128,3,test,54,4832.584375,424.756099165009,1934.4460539783017,0.3325264681599879,352.96842432894596,106.21266186639033,0.29841627482303856,0.07781858715864928
128,3,test,55,4873.0359375,439.62288269133956,2022.1443654569998,0.3459757825141005,358.6487093132362,110.35048908804868,0.3105736071620686,0.0779169260224765
128,3,test,56,4913.487499999999,454.3926506011644,2116.003812752775,0.36182037986044746,366.74062580407707,114.37821624587485,0.3255809164193213,0.07874099693339684
128,3,test,57,4953.9390625,469.7981653969947,2214.941785078938,0.3778561781215273,373.8526731380887,118.9441578951147,0.339986611316713,0.07960896206131007
128,3,test,58,4994.390625,483.3113676204164,2307.944499493912,0.39345990364673955,382.4203460230482,122.3540353595638,0.3562665893787134,0.08168037094271122
128,3,test,59,5034.8421875,498.3023106663609,2395.12061929091,0.40602265825178535,396.49495812700764,126.62817291284867,0.3728266101280086,0.08391462257989175
128,3,test,60,5075.29375,512.3351211223053,2502.490310999933,0.42066682930710486,409.67790468161525,132.46937057071762,0.38924737373259577,0.08454300486870817
128,3,test,61,5115.745312499999,527.9616344159876,2596.6495243351337,0.43413376362968353,424.1497701753758,136.75110319382443,0.40376526051084416,0.0844995737879434
128,3,test,62,5156.196875,545.3329032987515,2692.436684080092,0.4493254292935664,434.7993883634018,141.26942887540395,0.4190425580646727,0.08482554977935797
128,3,test,63,5196.6484375,558.2212656658951,2794.2604428411123,0.4675957219234042,447.3598225027331,145.5574055001705,0.4378319780204425,0.08562725013155047
128,3,test,64,5237.1,577.4278366239116,2898.0589539109405,0.48286523328702585,458.4691364926812,150.8706551502783,0.4575416026198105,0.08614128400978582
128,3,test,65,5277.5515625,587.7212491938195,2997.26953489251,0.5036963114290229,470.96440811122875,155.51857666572744,0.4762044660611628,0.08723336963192656
128,3,test,66,5318.003124999999,599.3784511833695,3039.933469231809,0.5210834832292295,482.98930342825486,161.70967516206503,0.49558678477105295,0.08875197871776805
128,3,test,67,5358.4546875,613.351365822723,3112.056911136726,0.5408912188439794,496.1050180179143,166.48808017394856,0.5124929720122726,0.08899993387571394
128,3,test,68,5398.90625,632.015914601638,3189.9760097721773,0.5589719495751031,510.5021227117845,171.38596940375095,0.5312074167885122,0.08878606497700336
128,3,test,69,5439.3578125,646.2607528626307,3297.9223973628823,0.5768922994603964,529.3509852978104,175.86134912561135,0.552106005588901,0.0900542229919938
128,3,test,70,5479.809375,669.0332509693917,3404.354002313874,0.5936196214183475,548.2173430857955,180.56602302294067,0.5645467280165767,0.09062145339633516
128,3,test,71,5520.260937499999,688.9383491083407,3508.714389598135,0.6056057483257196,565.9525533481968,184.26105667624526,0.581730233195632,0.08995074065921808
128,3,test,72,5560.7125,709.0173417346648,3631.013999165421,0.6226747277083972,589.2480021383903,189.11929133681048,0.6026202718567748,0.08945078563969526
128,3,test,73,5601.1640625,733.9945777871435,3728.367118597589,0.6394893302375353,604.5802719215345,194.28151508455827,0.6214546204182797,0.09114923963866525
128,3,test,74,5641.615625,753.5759958732662,3799.3956867450534,0.6591527633871136,631.8540941830722,198.75717948298188,0.6373162456252204,0.09079006344812554
128,3,test,75,5682.0671875,782.6627469579677,3876.727999022624,0.6779464095049599,648.6184432775151,204.28808225051043,0.6516959649590093,0.09056482745506064
128,3,test,76,5722.518749999999,809.3818898070708,4007.116309796954,0.7016289363678472,667.7792849231565,209.5971426367953,0.6681564806376266,0.09137678100870801
128,3,test,77,5762.9703125,839.5004932192336,4081.4018480627847,0.7172854791569899,692.0429887648538,212.69105365286123,0.6860507958457301,0.09132305184771095
128,3,test,78,5803.421875,858.9212984720831,4156.65682197172,0.7337138117106262,725.1108041408827,217.28983002719005,0.7057941541588064,0.09120321125641252
128,3,test,79,5843.8734375,883.0156599744114,4259.378798075862,0.7551701989294557,749.8766249116998,220.4405287141924,0.718966250374993,0.09194138373017688
128,3,test,80,5884.325,910.2432519024787,4391.59327504239,0.7715868380698404,769.0663802175948,225.12011667475917,0.7378140965036972,0.0918870507205247
128,3,test,81,5924.776562499999,934.6991008571522,4507.407569859758,0.7896410049188194,795.44545410252,231.16624338601,0.7593517821963581,0.09280431838961603
128,3,test,82,5965.228125,961.4260284414158,4663.6445472241,0.8105087704422947,823.4885252402862,235.40907108806763,0.7787439506149979,0.09368582405723871
128,3,test,83,6005.6796875,986.6694579319528,4802.1254414898995,0.8285503053066419,854.7687504008295,240.77778339113465,0.8013734857006405,0.09406694615799946
128,3,test,84,6046.13125,1010.5730676142173,4928.240106964241,0.8448244495761065,876.2416480088655,245.9754528574969,0.8228898580874555,0.09516034310874666
128,3,test,85,6086.5828125,1033.3446195626693,5045.3755606732275,0.8603237177307599,900.115290055119,252.27128015740874,0.8438782781829621,0.0962891827711327
128,3,test,86,6127.034374999999,1058.4730956158382,5177.479264549564,0.8774996842266791,941.1581125025918,255.8991388105394,0.8579289665103101,0.0961845690653256
128,3,test,87,6167.4859375,1090.56693792634,5318.931271543961,0.899513775395041,973.617491676066,261.5878468627368,0.8735286231599665,0.09606919783543624
128,3,test,88,6207.9375,1121.3540108392444,5455.842227299867,0.9137554491964461,1014.0359388917091,269.39305995001206,0.888306294976736,0.09531464062354639
128,3,test,89,6248.3890625,1152.169762885869,5633.89751783771,0.9361009486936744,1035.6624902370584,275.46865171219537,0.9019799027720314,0.09505788239713361
128,3,test,90,6288.840625,1186.1962050213037,5854.429682542881,0.9467864210772198,1067.0744066097768,281.98264854252386,0.9196151756945131,0.09571769363686186
128,3,test,91,6329.292187499999,1224.219941801465,6018.937895986608,0.9678774796643558,1100.6776469896522,288.0725213615136,0.9388597629584085,0.09701498075807488
128,3,test,92,6369.74375,1259.8671381620363,6205.3726171670405,0.9866682090135976,1133.8577840941184,294.1519534732393,0.9567361386142795,0.09665854774032305
128,3,test,93,6410.1953125,1297.381286934673,6371.292424299342,1.0054830684232963,1164.3384287979472,300.58263393105733,0.9756319808875771,0.0973823414703763
128,3,test,94,6450.646875,1343.8613402690223,6528.091311845992,1.0329188156432272,1188.8562072825407,305.34369438616693,0.9956676043580553,0.09888880567795848
128,3,test,95,6491.0984375,1375.4972675303065,6785.927618373802,1.0478825504077853,1223.5272439454689,310.4929616007368,1.0130967567519438,0.09961784344996068
128,3,test,96,6531.55,1414.329353887382,7035.640408999455,1.0611860148820595,1259.7798601475852,316.3409298483373,1.0317310870818428,0.10101471053566499
128,3,test,97,6572.0015625,1453.806718577809,7198.953729465349,1.0828635015041748,1300.964260192508,323.0900696448771,1.0501308135082086,0.10214584985749048
128,3,test,98,6612.453125,1492.0140514131363,7409.274891559167,1.098543599512246,1342.1826993116497,331.32376542268105,1.073868858882443,0.1029795931535944
128,3,test,99,6652.9046875,1526.062192602609,7597.640205312824,1.1195277395038423,1385.0152039473685,335.57146624586665,1.0957138628153174,0.10444745743725357
128,3,test,100,6693.35625,1555.2942242371691,7795.053233090977,1.1343424995714986,1437.7230322109112,340.5269195963285,1.1117006980864708,0.10634029116553831
128,3,test,101,6733.8078125,1589.3058275306942,8013.616351421425,1.1496213299582447,1457.9924766613885,346.76299263992405,1.1298234098962232,0.10669799970525293
128,3,test,102,6774.259375,1628.7523152764861,8209.839670631884,1.161465929937565,1502.4391117739083,351.0348976964295,1.1470607065055365,0.10692620133481517
128,3,test,103,6814.7109375,1676.0794986247447,8408.150564056104,1.1797896301722621,1549.7424552163038,356.9437181881483,1.1568357516125727,0.10926918869733071
128,3,test,104,6855.1625,1723.268577454114,8608.432139343575,1.1980105766649234,1599.5849416913738,364.17097048978064,1.1772282773027942,0.11148849340823427
128,3,test,105,6895.6140625,1759.738412168204,8810.64560503559,1.2161087618402093,1644.8953458550193,370.33352474741577,1.2004595017695852,0.11221443956482835
128,3,test,106,6936.065625,1800.9373256273166,9014.723382876366,1.2408019562821226,1680.603589913062,377.3892738853988,1.2161035172006118,0.11177240667022484
128,3,test,107,6976.5171875,1841.3514334271763,9220.606059664555,1.2564991766047182,1722.8073211057335,382.71519086323735,1.2343616949459584,0.11224076613958103
128,3,test,108,7016.96875,1881.3985408002623,9428.192919755895,1.2635629936923465,1775.310334272982,386.4028142203324,1.2443014332436733,0.11291080897613166
128,3,test,109,7057.4203125,1936.850000108734,9637.47494520693,1.2777074062908094,1817.434105348326,391.92065034986,1.2578910402123027,0.11290697488162971
128,3,test,110,7097.871875,1984.8074416763097,9848.3399641034,1.2845590480349833,1855.4435702118467,396.48891566297095,1.266996367931983,0.11293057187580433
128,3,test,111,7138.3234375,2017.0728483934113,10060.69691072032,1.3038105866836902,1892.940283013516,401.20477492698114,1.282400472675589,0.11224939004113484
128,3,test,112,7178.775,2065.45257848201,10273.018165653451,1.308649975243513,1941.3350517902188,406.2061859985562,1.2862520885931483,0.11360364640818944
128,3,test,113,7219.2265625,2106.015729695816,10404.456377556055,1.3163601049095488,1985.0448286465507,409.7975047792204,1.296033006725969,0.11316678545257933
128,3,test,114,7259.678125,2159.152615769642,10611.302288649602,1.3217659691814598,2018.0665168795215,413.0273114611782,1.3036460540797186,0.11261572423070312
128,3,test,115,7300.1296875,2200.9072946819115,10899.078463955015,1.3345106824474984,2065.246826819447,418.98556569765157,1.3139212897190742,0.1135738614741989
128,3,test,116,7340.58125,2245.6234803740927,11144.567122940036,1.3458602511059528,2125.405770144127,423.8348395583742,1.3304085459780457,0.11404744819296792
128,3,test,117,7381.0328125,2302.1288697255927,11365.797010311018,1.3535519392219726,2174.9351625148847,427.9337045535385,1.335266909307603,0.11413996673135217
128,3,test,118,7421.484375,2349.929121566049,11595.399251518545,1.3588197387717216,2225.8315556920534,431.8600849397427,1.34126768822046,0.11652389000779174
128,3,test,119,7461.9359375,2397.0536983501415,11840.339662107244,1.3654936961166042,2281.9972745154632,436.88445364476536,1.346734170829457,0.11710150258287949
128,3,test,120,7502.3875,2442.2204751620884,12178.851289448236,1.3788985556405855,2328.9412115953173,442.96242322692336,1.3506727225170088,0.11772662372921527
128,3,test,121,7542.8390625,2489.63472774642,12380.354730965768,1.391030463495646,2387.8641966181267,447.7695364069092,1.3605448505281879,0.11803414012807141
128,3,test,122,7583.290625,2551.388162167854,12593.30581010057,1.4087621744486993,2434.480143845974,454.7311059612582,1.3744302917898799,0.11835463549960581
128,3,test,123,7623.7421875,2601.1731008526194,12911.969370262264,1.4155050064938792,2486.4717449973455,460.20920761701944,1.3825881243190867,0.11910228622635691
128,3,test,124,7664.19375,2656.7773261513707,13165.295129646629,1.4249251232005475,2545.075339211053,463.7009031008006,1.391334720847015,0.1202014730146729
128,3,test,125,7704.6453125,2701.076130282786,13386.067957566578,1.4321811253350802,2601.2000668860082,468.2991890371113,1.3964051860046733,0.12064501584486184
128,3,test,126,7745.096875,2771.2169181763784,13519.92965827463,1.4349026777913456,2658.01969639881,472.7778343063562,1.4041951158717536,0.12237004860663966
128,3,test,127,7785.5484375,2845.9093010993965,13719.079458953987,1.4344118421715235,2727.056552114334,477.41683863782214,1.4112351485672456,0.12211688705964213
128,3,test,128,7826.0,2908.7516844922447,13921.110251418893,1.4443020541924854,2784.747063775569,484.08063107655863,1.4170965316683963,0.1229190911319249
128,4,val,0,2648.2,0.0,0.0,0.0,0.0,0.0,0.0,0.0
128,4,val,1,2688.6515624999997,1.52046000818018,3.7457849122119926,0.0020491488053504814,1.4857955672553658,0.40679381210395604,0.0015598077818118616,0.0009026162674855009
128,4,val,2,2729.1031249999996,3.721522949557965,7.389143842523535,0.0056834294997073175,3.6768510835258894,0.9723718143277438,0.0047454290466181215,0.0021784128495482002
128,4,val,3,2769.5546875,6.002118181584137,12.38755962674246,0.009699957309705631,5.924916282367576,1.6072414404106894,0.008337956718625084,0.0035474260742796027
128,4,val,4,2810.00625,7.92600506586183,17.57087822529399,0.012910047317286899,7.791016169687914,2.086528767634377,0.010747729226351366,0.004734135526911903
128,4,val,5,2850.4578125,10.318391081881373,23.282098094462352,0.016202471451901707,10.133945952802037,2.680787437327581,0.013315129871752096,0.006037868804563418
128,4,val,6,2890.9093749999997,12.990353517508435,30.083527438006282,0.019941161591453642,12.78871756056077,3.3033918653728733,0.015918514975298698,0.007495145811633325
128,4,val,7,2931.3609374999996,15.888344241986374,36.604677287743904,0.023646440846285255,15.651807463654244,3.9882853067041424,0.019062138604336587,0.008908476537332344
128,4,val,8,2971.8125,18.270993695637117,44.990953408142765,0.026361799798799157,17.88766349288551,4.602983009306172,0.020773117794620384,0.010293196988723705
128,4,val,9,3012.2640625,21.14687045707342,53.85310154709372,0.03019453725483512,20.75919899180434,5.472622552332496,0.0237738957001854,0.011623018787140782
128,4,val,10,3052.715625,24.009806011484613,61.337887698618914,0.03416984202547248,23.44709607602624,6.162961919244481,0.02729363055446049,0.013393617384369755
128,4,val,11,3093.1671874999997,26.624548581565932,72.84180252911197,0.03904462450107001,26.024660859775395,6.981659165958831,0.03108939724127957,0.015021327254283179
128,4,val,12,3133.6187499999996,29.34632477388277,86.13337055330481,0.043178591000815614,28.574335959262953,7.789418581864993,0.0351896623209183,0.016599522293655328
128,4,val,13,3174.0703125,32.09052839282123,99.65916755560326,0.0480330535602147,31.10374744895239,8.708122189247547,0.039855181091143915,0.01815035747775029
128,4,val,14,3214.521875,34.77563345548518,114.49571965556515,0.052027731168691194,33.71801695092813,9.756918734908027,0.043751297371955045,0.019595355074304016
128,4,val,15,3254.9734375,38.44566047153819,132.18489313422398,0.057931322013348927,37.26682809610793,11.031468584164372,0.04893408805904664,0.0213280263717322
128,4,val,16,3295.4249999999997,41.615669727548266,149.34008114490206,0.06363098553525265,39.559742597845116,12.10240462972223,0.05388106079810871,0.022515484641638314
128,4,val,17,3335.8765624999996,45.18492714086619,168.72180675099648,0.06891057233096229,43.18525777958371,13.5344474954735,0.05897706368290789,0.024334448356810867
128,4,val,18,3376.328125,49.36468279447581,185.21667138868585,0.07546792265913113,47.27782782057943,15.196400004356292,0.06474666735034086,0.025857465977038863
128,4,val,19,3416.7796875,52.904040324420976,203.744228302699,0.08220200581410611,50.65690949248847,16.533125755977096,0.06943515226541172,0.02590976584652526
128,4,val,20,3457.23125,57.370325552767554,224.97044789862755,0.08907817714093325,54.83918206673977,18.054897228324762,0.07544394803091214,0.026778382285735924
128,4,val,21,3497.6828124999997,60.73494967802162,253.01289479557,0.09472688512631583,57.62376525723312,19.286822617530675,0.0785922424762428,0.02769613457214576
128,4,val,22,3538.1343749999996,64.01199429893722,273.09410085626655,0.09754503301824709,61.13250973766071,20.811223015357427,0.08069348303695739,0.02801090798437364
128,4,val,23,3578.5859375,67.0021873563087,299.1866153072124,0.10358144813791409,63.74300973283198,22.2607731109008,0.08495026064776756,0.02839047198248401
128,4,val,24,3619.0375,72.56121077472244,319.5850521336665,0.11042323347858207,68.21025618805976,24.115036154455538,0.09094289579198583,0.029761091458913036
128,4,val,25,3659.4890625,77.99939298486436,347.52993624720494,0.11770689094579975,72.82296708316949,25.981399058053967,0.09788607889099632,0.0312974541863964
128,4,val,26,3699.940625,81.98180795640297,375.9663468963749,0.12349238116562272,76.13061106998487,27.72637843699499,0.10197575830106151,0.03175563446534968
128,4,val,27,3740.3921874999996,86.76473652285921,406.2439201199143,0.12932188638743042,80.56262948812787,29.54500940591487,0.10793444226102344,0.03319589952612001
128,4,val,28,3780.84375,91.87672661966673,439.6201569434969,0.13600580345686855,85.83980123577817,31.367297395348714,0.11380047657011394,0.034933547506915685
128,4,val,29,3821.2953125,98.1446056177937,468.71349175944624,0.1452520581288197,91.8554261271538,33.38653367148936,0.12127490207941571,0.03692999918583628
128,4,val,30,3861.746875,104.70259352362632,499.61641277792575,0.1544091436854536,97.2611866218358,35.47361666599613,0.12659992605590364,0.03939947561785312
128,4,val,31,3902.1984375,110.57838654716079,540.3221753591308,0.16146526374268694,102.38127863271984,37.33381225694643,0.13252017002611527,0.04152438455193308
128,4,val,32,3942.6499999999996,118.09862912747349,578.7975374087193,0.1690634681018044,108.93328171326999,39.09646541697498,0.14037435679816607,0.04457203067758601
128,4,val,33,3983.1015625,124.91227714493292,609.5583111708592,0.1758397037184556,115.06367998532596,41.04089591461957,0.14583545367078538,0.046972395926915544
128,4,val,34,4023.553125,132.03882451760762,649.3211062199293,0.1847651319245025,122.17500402010728,43.14623632471637,0.15414474135765077,0.049043253633682116
128,4,val,35,4064.0046875,140.32847137175963,682.0789505824562,0.1939642703941546,127.99870439479832,45.71757276450228,0.16115954365567703,0.05178980443575065
128,4,val,36,4104.45625,147.6815167648624,722.54200566244,0.2065311368161984,135.39734976582452,48.180139782061815,0.16988183243794516,0.05402700959351858
128,4,val,37,4144.9078125,157.38696255175455,769.5356797697731,0.21709330541978475,142.62487968048276,50.44941754660215,0.17889525171010945,0.05588449316645122
128,4,val,38,4185.359375,165.19221723862287,814.98593520123,0.22539086734699176,148.2402716570661,52.89190551658862,0.18854609278880047,0.05645407435984212
128,4,val,39,4225.8109375,172.6786271115941,862.7610170526685,0.23370997649321823,155.34346821684863,55.78089544408016,0.19432640099838888,0.05711072292013952
128,4,val,40,4266.2625,181.28869573916973,902.6920478441585,0.24578664612869006,161.0804874952123,58.3125317157851,0.2062398767531115,0.05765507812324766
128,4,val,41,4306.7140625,190.048796772885,959.2776799493561,0.25683282571543203,167.0836396679647,61.96813157960479,0.21809525324452406,0.059128333095979924
128,4,val,42,4347.165625,201.50987414531585,1002.1120853730109,0.2672222166603677,172.06914115695326,64.78399898881548,0.23098147153174584,0.061057129212387096
128,4,val,43,4387.6171875,211.30771382037494,1066.2968887251402,0.2772335412602328,180.81166574307872,69.13723361021252,0.24168951446480735,0.06267891849737195
128,4,val,44,4428.06875,220.4696411009479,1109.688880532878,0.2899613775652119,188.06820209803732,72.24380723310108,0.2555937775465811,0.06501402258451104
128,4,val,45,4468.5203125,230.58218889998727,1161.4134078888833,0.30069833812768065,196.68119326502165,75.7228008930042,0.26810381374703374,0.06678035853641476
128,4,val,46,4508.971875,241.3795187392509,1206.544934901513,0.3148470842409684,207.7191418682105,79.17739929041545,0.27976837379107417,0.06825605482563973
128,4,val,47,4549.4234375,255.65680357884446,1267.0378591069298,0.3273647702164706,219.3693607531344,82.51132150758167,0.29028341015188697,0.06877818212448761
128,4,val,48,4589.875,266.20226867245833,1337.348165038206,0.3405683786732172,229.36532911893437,86.29415481115643,0.30631388382287156,0.06977125752411634
128,4,val,49,4630.3265625,276.52076409310666,1397.327290473145,0.3501659404880758,241.5717758586311,90.1806379181096,0.31816214800946263,0.0716087869364751
128,4,val,50,4670.778125,287.13853022378544,1471.203508127662,0.36465856443082534,254.53644491545901,94.78384376062232,0.3314538646669238,0.07214791691586425
128,4,val,51,4711.229687499999,303.8558488042895,1547.6616184192203,0.3800224854434431,264.4693927241093,98.64176345912767,0.34647326684919544,0.07364867634753261
128,4,val,52,4751.68125,316.6376018093189,1591.0691905401895,0.3947843694016573,276.1743869258453,101.65135703761052,0.3629012894544176,0.07557120294622403
128,4,val,53,4792.1328125,331.9472911483956,1676.6888614254544,0.4068860464650492,290.10878926273165,107.09008584275637,0.37883320566696466,0.0773471974620174
128,4,val,54,4832.584375,346.3116695631996,1757.2205655379225,0.4223387444551169,301.4645853907041,111.60756028669994,0.39448687667451715,0.07840115850293872
128,4,val,55,4873.0359375,359.6943276628224,1846.4461900790072,0.44079665415450164,313.26970071026716,115.81143438057495,0.4107969300752301,0.0801525899140551
128,4,val,56,4913.487499999999,372.9468255855437,1940.9510362099559,0.4542851577243323,327.5496131537352,120.73049487378285,0.4272964276364165,0.08094730457933186
128,4,val,57,4953.9390625,386.5312048004306,2028.1253293789348,0.46913073594580246,340.75058942313774,125.84410743454555,0.4423198737621148,0.0826845449131211
128,4,val,58,4994.390625,402.2770781751319,2105.213453163981,0.4835675220856983,359.25660281139926,130.3458125744612,0.45930975698860177,0.08496645714509837
128,4,val,59,5034.8421875,418.3845480100672,2198.6659342396615,0.4991111052835284,376.77448034119675,134.77349966457552,0.4724315156177713,0.08673899081336478
128,4,val,60,5075.29375,436.17870776389367,2294.080131863381,0.5137793002086694,394.5494956673201,139.15303614763985,0.4867081108315893,0.08810767895594401
128,4,val,61,5115.745312499999,460.0399472946606,2388.9812077950546,0.5298460615652673,415.0442026593595,143.84548188257895,0.5048537263724617,0.0896922205812084
128,4,val,62,5156.196875,480.34281682797086,2481.619508397469,0.5461752665935904,430.25282297574563,148.66632977149052,0.518864510805267,0.09073556009783768
128,4,val,63,5196.6484375,498.85831926582114,2591.3138365636596,0.5653684857789554,453.76945860850526,153.4886105100668,0.5348870104768394,0.09270566326752272
128,4,val,64,5237.1,516.7874778431099,2699.475199263688,0.5846126922762623,475.7920430587319,158.53775153445326,0.550816318652031,0.09460169357376758
128,4,val,65,5277.5515625,535.5449981769311,2806.7109916994323,0.6042428249338205,497.22024444555404,162.94938878019138,0.5668126881838015,0.0954338683134548
128,4,val,66,5318.003124999999,557.4167503660874,2917.1723058832877,0.6193401207359607,522.3022089449607,168.01600773182201,0.5890023717202708,0.09630442241698178
128,4,val,67,5358.4546875,584.1317725603403,3031.226563920088,0.6407349216295821,544.8735970026917,173.56351064866882,0.6086526099135653,0.09898009039743111
128,4,val,68,5398.90625,607.6752528536601,3141.5442784440065,0.659608689210174,568.7301682213723,178.79522095978473,0.6236198725259462,0.10012260790270844
128,4,val,69,5439.3578125,632.4759146930319,3246.6029488758863,0.6756253686562574,592.5028287947498,184.29648302699064,0.6412872716618223,0.10165969656329883
128,4,val,70,5479.809375,662.046582846699,3324.7521014922418,0.6927445210167527,613.3184700420954,191.06349526418853,0.6587935684156596,0.10263457113497687
128,4,val,71,5520.260937499999,687.2708982078066,3424.706610509009,0.7101612803975671,637.6032066097572,195.95951385255717,0.6755317536182026,0.10412215360285776
128,4,val,72,5560.7125,719.7957743742336,3508.360023695697,0.7257355100498686,663.4955633530878,201.09069265396684,0.6897097485396853,0.10463307715913653
128,4,val,73,5601.1640625,749.4381571475515,3626.065019675397,0.7468518034943195,689.8960965787637,205.98862627718972,0.7090311418839201,0.10594091725489585
128,4,val,74,5641.615625,775.3806220229045,3820.0138385407363,0.7631210565242491,717.7294350810257,210.80981732791315,0.7236383295864957,0.10697850978409751
128,4,val,75,5682.0671875,804.2888899542504,3961.6360665465922,0.7772871467620623,749.5332512938937,214.97618551507003,0.7417289836240126,0.10740229763279985
128,4,val,76,5722.518749999999,834.2077479395016,4148.862631582192,0.7941307404239484,781.396926609915,220.82315088300675,0.7531940920209867,0.1097425192815478
128,4,val,77,5762.9703125,860.570350709736,4285.509098579662,0.8078654068230384,812.6175992829872,225.95222810517157,0.7790231498208122,0.11046863053609801
128,4,val,78,5803.421875,893.8111443941139,4427.190314367613,0.8255665700343529,839.8241499365895,231.34945652321903,0.7944422214805624,0.11164903303678697
128,4,val,79,5843.8734375,924.4773464728269,4571.547441902596,0.8437914083830254,869.8896850096958,236.82573696081022,0.8105355921091961,0.11195891138941413
128,4,val,80,5884.325,955.5287461270723,4717.725756421259,0.8696871800217276,900.1562692878906,241.9711160436293,0.8291478830145943,0.11229413332323503
128,4,val,81,5924.776562499999,985.0586984539405,4862.421689239697,0.8840449547104917,927.7277486601747,245.27485457245746,0.8456235577211924,0.11228671879569274
128,4,val,82,5965.228125,1023.126022810203,4969.811597966077,0.9025730950052435,953.7470330956239,251.3405810575584,0.8645222705704891,0.11352479492981321
128,4,val,83,6005.6796875,1061.5851678279,5076.317352234055,0.922805663967019,990.0845424756426,259.0491045294243,0.8924340099904609,0.1136011292172806
128,4,val,84,6046.13125,1103.3138351438083,5182.234181316712,0.939096012495727,1024.6512193209014,265.0308768900977,0.9092373267675646,0.11294782824623761
128,4,val,85,6086.5828125,1134.5629942151447,5289.25660669456,0.9595070411550048,1059.7842964898873,270.6925289706703,0.9265038191403272,0.11438898729735497
128,4,val,86,6127.034374999999,1173.4813640455995,5425.219816176943,0.9806013666636693,1088.5157762431845,277.4528790378099,0.9549609554497934,0.11598424784155931
128,4,val,87,6167.4859375,1215.2311491101955,5586.505929881048,1.0023416142744268,1117.889695204436,284.5913712181556,0.9693244397999401,0.11547573460553295
128,4,val,88,6207.9375,1250.5985915760505,5751.232280359617,1.0199474126322827,1157.5366170292227,290.80447189254596,0.983053952791052,0.11548778127961007
128,4,val,89,6248.3890625,1293.7345133351528,5920.33606050053,1.03425573799535,1199.7104017991091,296.591379772984,1.006895228559082,0.11657902255250013
128,4,val,90,6288.840625,1335.9733513776746,6159.488505877381,1.0509398334463542,1243.6197107558087,303.21581956533095,1.0213943648070822,0.11742027508392441
128,4,val,91,6329.292187499999,1371.0002415108847,6324.848443981271,1.0712997398480972,1276.4552922516827,309.6835106403546,1.0404129259476425,0.1188979296900608
128,4,val,92,6369.74375,1411.8140230455083,6449.79845690535,1.0848292699083273,1329.2449820855427,316.52663468307196,1.0565812732887814,0.12038979283153506
128,4,val,93,6410.1953125,1449.9163764554055,6625.993717131795,1.1010566639594548,1373.3477225480897,321.49103247124344,1.0693905979068663,0.12269559303834665
128,4,val,94,6450.646875,1497.7301997922154,6807.571102741612,1.1181720390411043,1417.9185363978775,330.0774885912574,1.0837408281086056,0.12418290822746592
128,4,val,95,6491.0984375,1536.9801435950308,6993.753440776755,1.127842438423496,1459.9167437576739,336.1997333082627,1.1013605502258743,0.12500999198757426
128,4,val,96,6531.55,1579.7604406352264,7182.756821239794,1.140195975675301,1501.4553773801254,342.00677272019675,1.11665095818686,0.12549359235120797
128,4,val,97,6572.0015625,1623.4654507436765,7374.6133901328,1.1623566715039668,1543.756824209936,347.3618112832355,1.1299557784331808,0.12579986261263085
128,4,val,98,6612.453125,1665.087763246518,7519.512551711475,1.179463835133829,1586.1460389143076,353.2717240601073,1.1448100808769401,0.12893162991645807
128,4,val,99,6652.9046875,1707.8114024554054,7688.531086982338,1.195156467198616,1630.3182797759064,357.3361268153121,1.1630907325359263,0.13003895626411896
128,4,val,100,6693.35625,1756.77494392815,7884.673602280034,1.2082285710953018,1670.2267562382644,363.8688537878636,1.1788151228288302,0.13150424439212216
128,4,val,101,6733.8078125,1800.9577646986372,8086.303415657956,1.2271551895256527,1712.6339959877441,368.7698037437297,1.1889133700746095,0.13289443081733987
128,4,val,102,6774.259375,1861.5207046916566,8297.306392885464,1.2385599352444516,1758.1345569483346,374.3736260971957,1.1955937375585368,0.13511986855191394
128,4,val,103,6814.7109375,1903.5306259403342,8499.57964805979,1.2439533752487408,1792.7869761856527,380.8821041114925,1.2138963383898846,0.13699914770163701
128,4,val,104,6855.1625,1957.1450474804806,8786.616073032503,1.261474697359266,1840.1586709098297,383.9788994801694,1.2326886916029651,0.1387264875765369
128,4,val,105,6895.6140625,2009.7419283579256,8997.803143857267,1.2853025130155349,1887.6484975796188,390.0649539071992,1.2369473354460203,0.13964128969130157
128,4,val,106,6936.065625,2065.6953807446425,9211.813758033973,1.2905831012779423,1937.3252304856123,395.3637442202762,1.2482607491116904,0.14340367829203565
128,4,val,107,6976.5171875,2114.7473454568626,9387.57765000805,1.3006514940117897,1985.6286714802138,402.6614229950809,1.2613283372973627,0.14624354850754223
128,4,val,108,7016.96875,2161.3227860899824,9651.14402382561,1.3105223762417961,2040.5189997684374,410.33022820623444,1.2750311394221503,0.14801364742732942
128,4,val,109,7057.4203125,2213.175299472937,9874.545867908604,1.3246336635061584,2091.2727078548696,417.7276868398394,1.2918539086831937,0.1500891154471145
128,4,val,110,7097.871875,2261.650368397937,10115.34250426978,1.3389633980252085,2147.0741719267608,422.82429063027394,1.3073576930551223,0.15380628862343704
128,4,val,111,7138.3234375,2312.032301830868,10351.855461569932,1.3497870899677467,2192.9848943551633,421.7332311197364,1.3222337076354285,0.15463598958151414
128,4,val,112,7178.775,2375.4635138204776,10603.100045625364,1.3551814226867993,2241.9577882901367,427.26245397776097,1.3291544080512308,0.1578379738721783
128,4,val,113,7219.2265625,2418.8605750155148,10780.827211242862,1.3681863388064694,2295.777286093312,433.56321232249684,1.3372312702335243,0.16014311619404198
128,4,val,114,7259.678125,2463.593064072398,11050.905871110588,1.3844924965085437,2346.2384839099286,441.3611664654695,1.3489297847616433,0.16140570736162402
128,4,val,115,7300.1296875,2528.852626704804,11322.715163733274,1.389890165685581,2394.1685713768093,447.1882101140068,1.3469576981423592,0.1633878340045261
128,4,val,116,7340.58125,2578.4938389870717,11593.424653926724,1.3977205676799498,2440.061269301623,453.88382092738766,1.3596512907511626,0.16489690285447986
128,4,val,117,7381.0328125,2620.8551232404034,11872.047085369211,1.4052563641966942,2494.179378664967,458.4902556930306,1.3564507109041501,0.16656874130508217
128,4,val,118,7421.484375,2683.5617255168245,12154.870044019188,1.4160599204172188,2550.0005227164593,462.2998280549382,1.3598184728250973,0.1665983819268621
128,4,val,119,7461.9359375,2727.5741339319666,12414.384022263444,1.4169375324711297,2608.5501297440314,469.5070059592581,1.3744322920723056,0.1671889688345772
128,4,val,120,7502.3875,2771.371545529405,12685.178225689791,1.4233591686748925,2669.421753785514,476.8013598662151,1.3972819219447985,0.1679067822337628
128,4,val,121,7542.8390625,2827.7368538232113,12958.885384059442,1.4412482618594014,2728.36710277943,483.8160689412163,1.4056486491096227,0.16957109010814
128,4,val,122,7583.290625,2888.311135163349,13210.022899804228,1.4342571504371848,2788.716712099472,489.4143857778275,1.4098026240786758,0.17177568462816914
128,4,val,123,7623.7421875,2937.466898560615,13457.60958744646,1.4363648120662709,2842.504347733666,497.4702075967343,1.414598421285329,0.17355874750035402
128,4,val,124,7664.19375,2990.233988474529,13714.946288499981,1.440336398621317,2896.461191661615,504.3528065511964,1.4085858030086218,0.175617832987425
128,4,val,125,7704.6453125,3050.380267054777,13979.396613736555,1.433014051971146,2951.762704830344,510.2136629442384,1.4085011124143065,0.17649649796974698
128,4,val,126,7745.096875,3101.1164681252694,14243.875409680724,1.4420959227871428,3012.560153986982,516.708119572229,1.4076770583084097,0.17828166978058752
128,4,val,127,7785.5484375,3159.685600219518,14480.259922490965,1.4539124589367514,3062.3215410652165,519.7731285107636,1.4181405131308,0.18026626838368864
128,4,val,128,7826.0,3224.968997158726,14705.433811991366,1.4588942128891114,3103.5906125489987,524.5190898166356,1.4208484129935028,0.17984573051548283
128,4,test,0,2648.2,0.0,0.0,0.0,0.0,0.0,0.0,0.0
128,4,test,1,2688.6515624999997,1.4885143147473912,3.1776502047279127,0.001963853728408939,1.477651736898622,0.3751186333071921,0.0015528158203385184,0.000907949795684183
128,4,test,2,2729.1031249999996,3.610315548080223,6.433425301214518,0.005571229777554844,3.571804690469804,0.8723674091157818,0.004524360811901189,0.0022287808466511794
128,4,test,3,2769.5546875,5.863435151181262,11.643802157666988,0.009661372833795305,5.782050858699428,1.490883460938619,0.008002269529569679,0.003494295732011732
128,4,test,4,2810.00625,7.757014150572061,15.40783782099738,0.012706466121604337,7.684390000378016,1.9116798633511678,0.010291996967133144,0.0048706872587441895
128,4,test,5,2850.4578125,10.174466550587624,20.587730834591873,0.015970214383109922,10.037074186098893,2.4486484885919424,0.012631941665019325,0.006234011431233491
128,4,test,6,2890.9093749999997,12.799794921363628,26.56776402929175,0.019536665676216092,12.592612020931426,3.0472425602283693,0.015423466921521065,0.00783587085232719
128,4,test,7,2931.3609374999996,15.77243451750121,33.15504434595483,0.02333341893290047,15.561951594765588,3.709031180963329,0.01846989797810107,0.009483438498360253
128,4,test,8,2971.8125,18.24076541756625,38.13295371982549,0.02610784613348363,18.031948796121355,4.346531164625134,0.020389975903119598,0.010753454918091543
128,4,test,9,3012.2640625,21.228064551529258,45.55083978542244,0.02977004721547126,20.85159200279918,5.130206707587348,0.02309768895336628,0.012117234673389085
128,4,test,10,3052.715625,24.168050481936376,53.25905066658407,0.03395602847756918,23.783505745385014,5.878513708058364,0.026667713188456392,0.013960477871792845
128,4,test,11,3093.1671874999997,27.00742204644868,62.3820662615799,0.03863260298075759,26.75717264024513,6.697891659108279,0.030676600473624263,0.01563995301971221
128,4,test,12,3133.6187499999996,29.796238752581417,71.81912000468174,0.042533795047892085,29.42510178979285,7.481788078919749,0.03493559655657827,0.017173104193583116
128,4,test,13,3174.0703125,32.416586729851815,84.79977373578546,0.048223451603650325,31.889580149425,8.402151292104865,0.03942670116114386,0.019115755509016563
128,4,test,14,3214.521875,35.185064547743394,98.58732049516308,0.05276942572014602,34.55375204971034,9.348745460938446,0.04328012268153131,0.020636586794591308
128,4,test,15,3254.9734375,38.93648934831617,110.98642934372481,0.05869842538160867,37.86260354265103,10.389969487260231,0.048237440029861745,0.022202930859954468
128,4,test,16,3295.4249999999997,42.432379035808765,126.57920595790844,0.06423260340885804,40.92728401398404,11.420348100525501,0.05285675629829005,0.023306113867339884
128,4,test,17,3335.8765624999996,46.157638832610814,139.76440688601744,0.07002103392898112,44.72024791164131,12.857299112084775,0.057797245134104044,0.024818495720029064
128,4,test,18,3376.328125,50.60379069703913,156.61816743031488,0.07699432661396194,49.15688997834167,14.293631630135195,0.06382381991555143,0.02576853460192069
128,4,test,19,3416.7796875,55.155368410557905,175.53479519074426,0.08247525130113814,52.84044580992031,15.679476091639444,0.06897954577055705,0.02611240500377185
128,4,test,20,3457.23125,59.29537525377526,197.1270465823981,0.08936006050178254,56.68609191147311,17.28438211524619,0.07515163281674506,0.02670397623617468
128,4,test,21,3497.6828124999997,62.65349417135724,220.7813225168682,0.09364322927486127,59.95267735625731,18.828852412704045,0.07886260913764166,0.027408841348776705
128,4,test,22,3538.1343749999996,66.39645068099193,246.33491855875747,0.09714114312599828,63.44365200612856,20.4533336456052,0.08004932180477956,0.02740225017201954
128,4,test,23,3578.5859375,69.99539411856404,271.8029564871255,0.10256673087981512,65.80342298549624,21.602369041076486,0.0847187869970397,0.028275350135293503
128,4,test,24,3619.0375,75.69812056996739,297.0628842946017,0.10890049569712255,71.37087088420913,23.41608184716293,0.09253252102397677,0.02947341893039853
128,4,test,25,3659.4890625,80.58275961581174,325.2807999803493,0.1155281408001755,76.17796686047029,25.221279533919727,0.09816861234507313,0.030509316300581825
128,4,test,26,3699.940625,85.25314498072501,353.8823354614084,0.1213193376879626,79.19984431654825,26.88241349732934,0.10218204389099786,0.03247367205174486
128,4,test,27,3740.3921874999996,89.85458078699793,386.43993405623905,0.1286669722508193,83.6796160170934,28.504190387010908,0.10827235753404357,0.034179015736214916
128,4,test,28,3780.84375,95.66683696348832,421.7546650641058,0.13652116495618644,89.01846932698732,30.21521042886599,0.11318888122247754,0.03666415085949292
128,4,test,29,3821.2953125,101.46338644733888,457.766931260597,0.1444826409666214,95.10829929678266,32.46024035365913,0.12139178259734998,0.03866223385551662
128,4,test,30,3861.746875,109.38323886351498,498.01329080258876,0.15349909954833102,100.94192057894702,34.36723291900279,0.12753182119252127,0.04175780365330527
128,4,test,31,3902.1984375,116.95906030906045,538.7328008617491,0.16029833295267032,106.63452953606622,36.29745162113984,0.13428038400318393,0.043919647610380155
128,4,test,32,3942.6499999999996,124.38509402066344,581.5284900539599,0.16909123398652082,112.87555734925903,38.29799406235779,0.14192262143852483,0.04499299900062245
128,4,test,33,3983.1015625,132.05106489190223,626.6823761493401,0.1752306017758099,117.49168595234183,40.455365808673704,0.14790062112237864,0.046991656306634606
128,4,test,34,4023.553125,140.45092005042648,669.331174176709,0.18626130199004415,125.45636268539795,42.60672482638839,0.1571307546041241,0.04952189369014214
128,4,test,35,4064.0046875,146.9627366518722,709.548491534495,0.1965983837163836,132.4219308215284,44.8898977507568,0.16888147111970495,0.05139124849916528
128,4,test,36,4104.45625,155.17412905779793,743.128162130165,0.20597894777639458,140.6662716012761,47.50918078327726,0.18029776447931606,0.05283424569443081
128,4,test,37,4144.9078125,162.68342972762184,786.3101654274188,0.21552956040953378,147.36662856565607,49.91192178849424,0.18763308703250228,0.05451561687279567
128,4,test,38,4185.359375,172.42298338522843,838.9091047369649,0.22478336231618323,155.02727606508415,52.01638146421317,0.19706420079032907,0.05452205513789034
128,4,test,39,4225.8109375,179.0149540037298,890.4519074422656,0.23174374628846459,162.31786006159865,54.54960470885872,0.20225549390040162,0.055277927756249706
128,4,test,40,4266.2625,188.0896835861776,950.7484404574091,0.24530799515554408,168.72240949265205,57.135457704518444,0.21362447832524306,0.056050478842223014
128,4,test,41,4306.7140625,197.58467045880934,1013.583778259636,0.2564133437214719,177.87988504555585,60.898941593656275,0.22514475718513408,0.057049500239608406
128,4,test,42,4347.165625,207.7185033098914,1070.6968099452645,0.26893272709183413,184.6425981512425,63.47377464063442,0.23710067097372847,0.05806056296768676
128,4,test,43,4387.6171875,218.03365788703388,1125.528929867211,0.28035985619818615,194.07957524342123,67.13858721146337,0.24791805038451228,0.06160667354632599
128,4,test,44,4428.06875,226.24244311767328,1190.7734444599016,0.29345831064023914,202.1025221138677,70.7296340609247,0.261350138760082,0.06407013022101003
128,4,test,45,4468.5203125,236.90607559726118,1262.6046414752245,0.30313918895623176,208.50140342695855,73.37931791237962,0.2742417794866052,0.06532276455423831
128,4,test,46,4508.971875,249.08762639919502,1334.6859164493756,0.31628307082229995,218.6095196388287,76.73824468704282,0.2838425334449404,0.06628725745106909
128,4,test,47,4549.4234375,260.87281290310926,1403.3188310467922,0.33157020012856975,230.40750547595934,80.57668971594012,0.29655082511495423,0.06666998773358773
128,4,test,48,4589.875,276.41727751091594,1456.2522219590257,0.3456120113284125,239.5955264081806,85.12289641632975,0.3110265347488379,0.0686459447058784
128,4,test,49,4630.3265625,287.9486209552695,1530.605312279655,0.35785916183554006,250.437893467776,89.38894321162927,0.3237595429048563,0.07022688045398191
128,4,test,50,4670.778125,300.19461765624555,1597.2167760661828,0.37128380746044143,263.7359101181289,93.58606185748953,0.3385547977521469,0.07281211573052349
128,4,test,51,4711.229687499999,312.96861787163266,1666.2648324520246,0.38308174970908687,276.45221434266887,97.95509104601763,0.3527451481261934,0.07512966314359576
128,4,test,52,4751.68125,325.470424989895,1751.0658585936492,0.4004195949910208,285.1160724851116,101.48081650314155,0.367426839248626,0.0773479378111115
128,4,test,53,4792.1328125,340.73019887253156,1849.6209022599946,0.41538549318526075,296.3696922768122,106.19210024876847,0.3805168171967174,0.08028769280497144
128,4,test,54,4832.584375,352.0979152128234,1946.0810528680477,0.42761189451544224,309.2508730719885,111.36692174037721,0.3923342032140509,0.08223229189386347
128,4,test,55,4873.0359375,369.32470778772597,2029.3634839997603,0.4420542200338634,319.7503503553776,115.24439545003062,0.40669352213536236,0.08282098062304538
128,4,test,56,4913.487499999999,383.01644936116475,2117.1660324141685,0.457055914772287,331.0761457674545,119.52690123626297,0.4219314270541936,0.08520055653826698
128,4,test,57,4953.9390625,398.0685714354628,2209.8281116116327,0.4699410734472359,343.83075090973847,123.86049805455457,0.43179640871071623,0.0874891884128804
128,4,test,58,4994.390625,414.7341746444795,2297.9318119143354,0.48645728509884645,360.04889038495594,128.0943453687584,0.44878762377602993,0.08815488983711373
128,4,test,59,5034.8421875,429.95468254945024,2386.88809161129,0.49822230369674786,373.24729709195026,132.01861578744456,0.46075534632761955,0.0904005242960183
128,4,test,60,5075.29375,443.67935737815856,2477.968629592732,0.5134186708989839,390.22899204519314,136.00547120746853,0.47977353493575126,0.0917800579865167
128,4,test,61,5115.745312499999,462.7459213984366,2582.0459754083936,0.5246818522172091,411.6086627436424,139.89582463657513,0.495485270900084,0.0929265506970263
128,4,test,62,5156.196875,483.10791896891914,2695.6561261014267,0.5399383367362589,432.2526405934468,143.6385380666394,0.5136349626818428,0.09315847418994716
128,4,test,63,5196.6484375,503.0588469085657,2794.9940787390974,0.5579988729053909,450.769862779012,147.16544675644272,0.52697789388758,0.0936932337542596
128,4,test,64,5237.1,522.1001762176769,2902.507028257751,0.5723081922380385,471.6708167168804,150.27945042602653,0.5423428824473318,0.09439052852054783
128,4,test,65,5277.5515625,545.5879374023169,3001.206744367948,0.5922524965466108,491.9410865503071,154.39223896144227,0.5611530077205256,0.09454550266188924
128,4,test,66,5318.003124999999,570.5835397944163,3117.0809168130436,0.607100320541655,513.3920794147571,159.16307832346277,0.5758145295206747,0.09609703374243231
128,4,test,67,5358.4546875,593.1643780423776,3216.088354817579,0.6255320093738539,537.7595158877142,164.38572500725712,0.5943374444213785,0.09735329557424423
128,4,test,68,5398.90625,619.2470370047047,3306.9965725978323,0.6409829580569169,559.8241402440038,169.26469301043312,0.6143627485467491,0.09888721442628855
128,4,test,69,5439.3578125,645.8983030548922,3346.307723319507,0.6578411568695895,583.4881244414626,174.57219296261428,0.6334145760184331,0.099564837064893
128,4,test,70,5479.809375,673.5662885983515,3441.7645947075134,0.6765031565122565,605.1716046415611,179.60283075679584,0.6521615628094224,0.10162907496931266
128,4,test,71,5520.260937499999,700.8338979828181,3530.5162840757544,0.6950275240370125,631.0770779433028,184.82265767076456,0.6714604256143064,0.10236277723357085
128,4,test,72,5560.7125,726.6857539721241,3612.882453431722,0.7147194426769705,662.9109406909635,189.35685901121246,0.6844052446166853,0.10404286210733554
128,4,test,73,5601.1640625,753.0750010139968,3667.1042595872514,0.7293000938865613,689.2367192381314,194.2315546816218,0.7030277310358102,0.10502333193624161
128,4,test,74,5641.615625,777.8882815046018,3763.416536928707,0.7480013242971948,717.3289895454644,198.53675896424505,0.7191925080695174,0.10616031927524784
128,4,test,75,5682.0671875,806.6830779269978,3885.285152704385,0.7683972800057864,744.0841085688205,204.73050462721432,0.7339343687334243,0.10881651837469676
128,4,test,76,5722.518749999999,839.3350493161585,3988.176975067677,0.7894655379392101,774.5669368380161,209.617935539697,0.7570318722446602,0.1097363291562084
128,4,test,77,5762.9703125,871.7112409778665,4067.537263642993,0.8030442437406277,804.1881292402948,215.0698895781602,0.7728411634399038,0.11019243134060934
128,4,test,78,5803.421875,897.4605926684518,4143.1017152919485,0.8217357666871483,837.902799649811,219.13084762555712,0.7930254455523096,0.11000426006760669
128,4,test,79,5843.8734375,924.5852952643538,4265.295428440254,0.8404948916559546,866.5470031237419,223.44033229044413,0.8112269945635895,0.11104315016554397
128,4,test,80,5884.325,959.1482193144003,4389.001613196552,0.8618126366571819,895.7099780274973,227.78714833552272,0.833204115926238,0.11135722273326182
128,4,test,81,5924.776562499999,993.714683873705,4514.722342631325,0.877188315263032,923.1823887910373,232.97485430933307,0.8499935811358064,0.1117219163468954
128,4,test,82,5965.228125,1030.2420200890906,4643.746583553569,0.8978606428851066,955.8387145820789,239.23600442609148,0.8635178651691944,0.11332690467725755
128,4,test,83,6005.6796875,1059.8943669280488,4788.8795076101715,0.9153145498620452,986.5956385758778,244.16517565683904,0.8839111351037487,0.11474566793624914
128,4,test,84,6046.13125,1097.4080046843396,4929.410761819454,0.932285610262533,1020.0247189735023,249.9067288953878,0.9056316344621518,0.11654688686020889
128,4,test,85,6086.5828125,1131.1733623357725,5073.802373425041,0.9527737272536502,1054.3894305913852,256.5772675036939,0.9243854073526514,0.11740094890219308
128,4,test,86,6127.034374999999,1168.2291447354203,5207.962830275944,0.9732657374023207,1087.5738144877614,260.9452326880799,0.9415143156185496,0.11875968409672845
128,4,test,87,6167.4859375,1204.065738849451,5318.4195599824725,0.9914405270380136,1114.9408723652812,266.20407439701665,0.9655389115488279,0.11962200671891167
128,4,test,88,6207.9375,1237.9247419376752,5474.247325819773,1.0087197267961838,1151.826333752581,271.9323327100387,0.9865072875967218,0.11879360408896837
128,4,test,89,6248.3890625,1269.6743862727471,5662.370537393203,1.0220778755475335,1186.7680948326242,278.6242953073028,1.000553702216446,0.11815943807248373
128,4,test,90,6288.840625,1308.4911293508553,5794.542272864719,1.0390335630043497,1222.0153837025264,284.00906030289974,1.0194842446389074,0.11716692666869331
128,4,test,91,6329.292187499999,1344.0049051443345,5984.937098732937,1.0591746389418262,1261.6425739381682,290.6457274617935,1.0393736471476962,0.11846736474918368
128,4,test,92,6369.74375,1383.2629461684576,6125.008327060389,1.0770926820379314,1299.9773201564722,297.45881658337225,1.0524800838508166,0.11899172597891819
128,4,test,93,6410.1953125,1411.1805738298813,6291.000725115717,1.0952396080693427,1336.7503936500214,302.87738374799744,1.0667690864105683,0.11941852221032494
128,4,test,94,6450.646875,1449.7003030452493,6434.237394471027,1.1120105059466008,1377.5469083862076,308.25354032369034,1.0829786989188102,0.12193411645146672
128,4,test,95,6491.0984375,1487.755574007224,6561.607305699778,1.125166948555743,1415.076735680792,313.32830854958615,1.1034011394625842,0.12362073081111177
128,4,test,96,6531.55,1527.2008366086284,6730.94690627081,1.1407969554530148,1456.0533486538675,321.14200731238185,1.1199198589134027,0.1258602706082721
128,4,test,97,6572.0015625,1571.667230625053,6942.168400561875,1.15911317989148,1501.723306748545,327.0481631524889,1.139499076703133,0.12684958692410486
128,4,test,98,6612.453125,1617.0442221168882,7154.072533319702,1.1762673539111348,1546.679725492033,332.8408604140378,1.1532967170553299,0.12815464355635198
128,4,test,99,6652.9046875,1666.6022087995316,7309.667951927392,1.1925861338365416,1581.8056883893378,337.4684500452503,1.1802163045053353,0.1297328828501372
128,4,test,100,6693.35625,1710.945545671251,7501.30568659147,1.2109327461604993,1617.632886823941,343.26473620356523,1.1951019029204646,0.1316211190185053
128,4,test,101,6733.8078125,1755.6474718975182,7695.736529615824,1.2337828094845098,1661.1141221883158,349.2156917654512,1.2156737289847064,0.13241300974846293
128,4,test,102,6774.259375,1803.1514509109456,7886.665447832761,1.254323406065544,1707.600925608375,353.82882460444876,1.2361506916280103,0.1344920891119079
128,4,test,103,6814.7109375,1845.936539269104,8031.093170440118,1.2675550217191507,1753.192112421652,360.7465902425844,1.2535431106837358,0.13644708487220608
128,4,test,104,6855.1625,1893.2576497269054,8226.148137945342,1.2823764568318103,1796.9880570270318,367.21157954123385,1.2629423896540863,0.1395431790016718
128,4,test,105,6895.6140625,1936.125907792313,8419.05025296611,1.2984845080217107,1848.2326742721966,373.0088370071343,1.2775984837786747,0.13917910368589637
128,4,test,106,6936.065625,1985.5637917597733,8616.110508722642,1.3076435941961202,1889.7997570450116,379.73413920641974,1.2864833270552212,0.14121777395691842
128,4,test,107,6976.5171875,2029.162142009028,8815.28528416663,1.3194642095984335,1941.7747869223092,384.1993789080593,1.290309845123891,0.14564261956025
128,4,test,108,7016.96875,2076.5403766016843,9016.547251038457,1.3284181167619937,1987.8509142866392,387.70238946308666,1.3106465539649212,0.14505391831164638
128,4,test,109,7057.4203125,2124.113053986235,9219.839018389344,1.3443400143855895,2045.1676650951747,392.82182221379713,1.3284539861354028,0.14763370260041306
128,4,test,110,7097.871875,2170.34699145006,9425.164897510089,1.353414792498786,2095.2249994089307,400.61471292901626,1.3364237401246384,0.1497573126616157
128,4,test,111,7138.3234375,2218.460525426636,9632.240427352313,1.3659364082381082,2146.157242675315,402.88809493524803,1.3466565397427175,0.15017183958351268
128,4,test,112,7178.775,2272.2660750867904,9841.252174390364,1.3732293324140097,2199.191248670843,409.10706499680316,1.3523514259269829,0.15238210544451722
128,4,test,113,7219.2265625,2329.6232181214123,10089.594725081886,1.3767603822145147,2252.9458328997976,414.4273982518456,1.3569654951055,0.1545994400674426
128,4,test,114,7259.678125,2389.9822214794476,10342.409225670313,1.3850687304922462,2309.483119772548,419.6765759766379,1.3612630190842703,0.15661504649756852
128,4,test,115,7300.1296875,2441.845620472279,10571.640734132332,1.3932729284604517,2359.6572056188306,425.09896855233364,1.3669517412564711,0.15781432774313042
128,4,test,116,7340.58125,2501.1684532507343,10740.385463802584,1.4000570462354909,2412.020645294064,430.060952541119,1.3823950123468474,0.15956001416116486
128,4,test,117,7381.0328125,2565.0870167348503,10914.99534753874,1.4157881305198323,2465.412065907401,436.54059855639815,1.390906245560545,0.1616946642815486
128,4,test,118,7421.484375,2626.798708909405,11134.991663493161,1.4232917323524203,2514.1504535024524,443.59899138643755,1.402919025650283,0.1618407638335033
128,4,test,119,7461.9359375,2681.1273136224827,11356.711254427217,1.4361032810179633,2572.4189535118285,448.27060708712276,1.4122530201014434,0.16449485576695583
128,4,test,120,7502.3875,2738.318368412706,11580.235963924142,1.447927535436072,2645.704140002611,457.34051701664316,1.4217990333024455,0.1652512598698773
128,4,test,121,7542.8390625,2797.3076324921635,11805.432405908881,1.457929030540872,2701.205666535344,460.4877375865435,1.4383030796303875,0.1654351143792832
128,4,test,122,7583.290625,2852.9524581256564,12032.367868208965,1.4607760872772797,2754.1685397279707,466.2690801236238,1.4382405936414524,0.16796691047013187
128,4,test,123,7623.7421875,2899.3592556964813,12315.167043717305,1.4663290136560647,2806.6898370812796,472.60596566521684,1.4436572597990027,0.17041830830186525
128,4,test,124,7664.19375,2951.897392954734,12588.243953588713,1.4746822353816358,2864.6599996185387,476.6964390749422,1.4557395499981625,0.17207425760482237
128,4,test,125,7704.6453125,3017.5686105777404,12877.271977488394,1.4792966572048718,2918.5400002567403,485.79272871404555,1.454669944736732,0.1729869485002887
128,4,test,126,7745.096875,3076.390393960594,13113.389524413917,1.4905217182432582,2968.1896198529357,493.8626973885576,1.4678111738205062,0.17443791381812138
128,4,test,127,7785.5484375,3136.0445836005174,13351.149771864653,1.502011326817723,3022.884465478967,502.38196952858516,1.4755808997470865,0.1763165543484796
128,4,test,128,7826.0,3197.925646811569,13590.609922462667,1.516152864193071,3073.9066886066266,508.23741804336464,1.4877597040306236,0.17754100267878237
128,5,val,0,2648.2,0.0,0.0,0.0,0.0,0.0,0.0,0.0
128,5,val,1,2688.6515624999997,1.9757148076493536,3.722088618951601,0.002700055494714304,1.8856573431236257,0.22264959592521727,0.0022084650185619226,0.0013528622512751914
128,5,val,2,2729.1031249999996,3.432646279316387,7.714954425691171,0.004867455049722275,3.3415614920500047,0.4873581088098433,0.004003708293346536,0.0024673890410137345
128,5,val,3,2769.5546875,6.114729420971798,12.056034093882312,0.008291960029216394,5.8954185681443505,0.7269541825678516,0.006859780983657637,0.003956689503203936
128,5,val,4,2810.00625,7.962091484600364,16.49553168162184,0.01095039637349915,7.803219938857353,0.9960803743496172,0.009056583913299998,0.005472065181533203
128,5,val,5,2850.4578125,11.010262906013146,22.324188301240607,0.014383791193537526,10.820505615519949,1.3561394671626203,0.011923862102723466,0.007073839611890231
128,5,val,6,2890.9093749999997,14.600231740807601,29.30628719646888,0.01849130143814076,14.203417987161515,1.863393683152026,0.015204858183332122,0.008946656696227906
128,5,val,7,2931.3609374999996,18.0156447732287,37.54982072473748,0.021866618935745263,17.468725438185118,2.2981961876382684,0.018050993909814184,0.01082786752631959
128,5,val,8,2971.8125,21.05798509825263,43.814481352693214,0.02474380253902203,20.291984940101315,2.80815451982086,0.020253668287113606,0.012446261963422467
128,5,val,9,3012.2640625,24.520203998037005,52.215231458395984,0.027390193396828466,23.653357129134633,3.28836193827442,0.02245171441652566,0.014290073104776709
128,5,val,10,3052.715625,27.211540339534324,59.9193921069641,0.029450616258239193,26.248353401527424,3.8042669752584857,0.02401267706352017,0.015976768137963837
128,5,val,11,3093.1671874999997,30.253950508267735,72.68479930247051,0.03233352816311985,28.85319401819686,4.477988808389455,0.026223823144599923,0.01745287678145413
128,5,val,12,3133.6187499999996,33.01927983518382,84.15073506813532,0.03556974646054707,31.793373912428535,5.174403720722864,0.027614714298365706,0.018863057913709458
128,5,val,13,3174.0703125,36.672453195357946,96.59630737330765,0.0389629286959986,35.391779580535854,6.102085079163544,0.02927290584237019,0.020742503177240135
128,5,val,14,3214.521875,39.60507408481817,108.12970441297689,0.04193072511809656,38.205940701622865,7.006182526993143,0.03062428750791324,0.02259226690753957
128,5,val,15,3254.9734375,42.94166902420571,122.6715826962247,0.044580745022088086,41.12400025960028,7.976499507293511,0.03207002768943791,0.024398350954253634
128,5,val,16,3295.4249999999997,46.062041882805715,141.03808374382842,0.04710987190961052,44.11721071724628,9.118677938744213,0.03381239503414887,0.026151771620075426
128,5,val,17,3335.8765624999996,50.24857558802864,159.49786335461553,0.05043580211758908,48.0557215871773,10.245519517653179,0.03597468857938213,0.028155855536046714
128,5,val,18,3376.328125,53.8070727889135,176.9716452878013,0.054364338844394705,51.38692379283327,11.671607150567809,0.037786569509069834,0.030319414890900287
128,5,val,19,3416.7796875,57.61789026593789,195.95124944287645,0.05829848502089674,54.728235201288555,13.025828644060766,0.03929862557988401,0.03255230282261934
128,5,val,20,3457.23125,61.368300490393324,217.04458290961384,0.06159927505598045,58.312767289508294,14.685354096499736,0.041615767784608515,0.03517857025050336
128,5,val,21,3497.6828124999997,66.40339307796239,237.97317055914957,0.06535383217696208,63.13469444424413,16.081877655111043,0.04389914787045028,0.03796611045914222
128,5,val,22,3538.1343749999996,70.25655233076122,261.43906822678497,0.06825960311607204,66.75067972571469,17.794277650114765,0.04584072107914963,0.03986040820652681
128,5,val,23,3578.5859375,74.55987318482826,284.00004542841157,0.0725187602404441,71.27214031811491,19.573097402684425,0.047731342280317446,0.04241487038222913
128,5,val,24,3619.0375,79.80258681538999,312.19917909119334,0.07680410577809611,75.97798253769383,21.42776446851613,0.049707162055489,0.045581240406445886
128,5,val,25,3659.4890625,85.08264876758176,343.8089388902309,0.08210342153554262,81.53989464544509,23.269785116340813,0.051914794652524465,0.04768766523936818
128,5,val,26,3699.940625,90.31927142933682,374.1938476040812,0.08704344187121515,86.10609217404885,25.03666161621254,0.05513225702919594,0.05006902225895837
128,5,val,27,3740.3921874999996,96.03711945140958,398.6965732985961,0.09116522366283374,91.30560344445371,27.639736844516705,0.05875164350630652,0.05251934147892934
128,5,val,28,3780.84375,101.81693088880905,431.5283247570102,0.09546594130907526,96.66185910483804,29.77634160549769,0.06148215637056219,0.05447637913599465
128,5,val,29,3821.2953125,107.08659507912444,457.5349372235222,0.09830241326962141,101.57281713298971,31.954686653023145,0.06376080230201253,0.055484487994082385
128,5,val,30,3861.746875,114.45355829091852,492.0250159475015,0.10120754988572622,106.76733898754742,33.76963527807675,0.06895040479833062,0.056948373572167366
128,5,val,31,3902.1984375,121.8932108348092,527.1668153186432,0.10667894838876923,112.36711920361131,36.505583320618484,0.07288503994911516,0.05830091785334092
128,5,val,32,3942.6499999999996,128.65135395091443,564.1285749936272,0.11071022163272604,118.25703011933797,38.87651227886124,0.07845391251928846,0.06011439537100677
128,5,val,33,3983.1015625,135.67903170846307,604.289149173765,0.11648156832093359,124.82293093627916,40.73933667885399,0.08558436941527234,0.0601316599014301
128,5,val,34,4023.553125,142.69335860011267,639.3496380230711,0.12239908568931158,132.82708679221855,42.52997631584776,0.09147981169585484,0.06002280942354887
128,5,val,35,4064.0046875,149.44370041057198,673.8317940921748,0.12698807681766483,138.99880162361455,44.41961453600385,0.0948737914078443,0.059717831721955994
128,5,val,36,4104.45625,158.26543084415334,713.0686142966292,0.13481232889694938,145.9904474084226,46.67016025679516,0.10213628642503914,0.060164650077522766
128,5,val,37,4144.9078125,166.47394193300613,750.2235578932165,0.14504191304670622,153.89555380205877,48.70465802681423,0.10997216420587097,0.059690288841393775
128,5,val,38,4185.359375,174.80308605402683,793.9717396313667,0.15062372944654734,161.7588057352748,50.76133823041573,0.11887206054168181,0.05873562027557469
128,5,val,39,4225.8109375,183.3504035561333,832.9505347371711,0.15637135359622412,170.69433673656675,52.162637238396314,0.12968462302982536,0.059222718207499817
128,5,val,40,4266.2625,190.73305878589508,860.7583749218742,0.16432135385854862,178.32897584305707,54.16825719461826,0.14106097749841395,0.059586259288490345
128,5,val,41,4306.7140625,199.12827617079643,899.1677927557364,0.17605342916728745,185.70872346788292,57.160507286113216,0.14875159662688064,0.060507160856100584
128,5,val,42,4347.165625,206.3893217682562,933.3841074931931,0.18690961471912876,192.46020223447147,59.390994944521935,0.1576339637559751,0.06078968375380911
128,5,val,43,4387.6171875,216.08870636629263,976.1104717702095,0.19769863210736607,200.85853310536095,61.73124963022669,0.1710798482996989,0.06075579791779001
128,5,val,44,4428.06875,226.06827961618592,1018.363499153225,0.21189275010773806,209.20150973478968,63.81122152853891,0.183693072557084,0.060743769516230506
128,5,val,45,4468.5203125,236.29728631328817,1066.8696300973497,0.22528071086787282,217.879981638319,66.08138707234446,0.19719765072451212,0.06120892956560167
128,5,val,46,4508.971875,247.72534957287462,1125.811615650084,0.2382449018451839,225.57189010967704,68.64158360911699,0.20807916556577627,0.06119132917795306
128,5,val,47,4549.4234375,259.8075564039277,1189.4959956871405,0.25173743537261484,235.6247503267319,71.30812760249228,0.2195292050151676,0.06140437096924245
128,5,val,48,4589.875,271.65770463085437,1247.144923560742,0.26352307839461186,244.94331989689044,72.84985475796191,0.23270286344548308,0.060879449765689764
128,5,val,49,4630.3265625,283.53617190259683,1291.8137174701694,0.27547240489181335,254.1100984075797,74.61965466274023,0.2455430832890293,0.06084197798042826
128,5,val,50,4670.778125,296.58769284435493,1358.3156606838252,0.29064313486612536,266.00484532150404,77.82281148791981,0.25923277863003485,0.06076842606977072
128,5,val,51,4711.229687499999,308.98342729228114,1426.478485187715,0.3050726460001041,275.1209577488254,79.55552766185292,0.27172976788610026,0.0609837832738231
128,5,val,52,4751.68125,321.1533107693185,1499.7707317202814,0.31981756386408045,286.16296263273,82.85999219015139,0.2906301976926817,0.061116258363982934
128,5,val,53,4792.1328125,331.1996802027579,1576.2171804287623,0.3329790695087431,297.8549513670714,85.63011590620384,0.3076239782214778,0.0617004982784268
128,5,val,54,4832.584375,344.3481883809909,1637.1336359329543,0.35036113882570136,312.67836395522863,88.41482180460503,0.3245212039156857,0.06260092677485771
128,5,val,55,4873.0359375,358.30964766765305,1718.0455336885911,0.3646967652700672,327.44868927631643,91.26026220469541,0.3393977057032649,0.0633692383897877
128,5,val,56,4913.487499999999,373.389876597372,1800.0858576326384,0.37843814986954216,339.01980190161396,93.40625948107117,0.3555348976498063,0.06370213978527245
128,5,val,57,4953.9390625,387.8721665062983,1877.0771161443076,0.39612865074431514,352.79918328637905,96.66443901204147,0.3732646742098389,0.06359562776741406
128,5,val,58,4994.390625,403.5581123216616,1941.6668067622538,0.4137929062951601,364.9648309376232,100.11884795645187,0.39082322124153746,0.06405346004296347
128,5,val,59,5034.8421875,421.2879933451177,2014.9480233349846,0.4302119841919916,377.1289420660082,103.0940869962933,0.4081542378415737,0.06399435884088533
128,5,val,60,5075.29375,440.2302812813872,2110.6769203568224,0.448470914344995,394.9555438724701,105.13271478390607,0.4252530527278364,0.0646899456109018
128,5,val,61,5115.745312499999,456.8491268327648,2196.251767070817,0.4692201703282439,413.29602475792626,108.245827530979,0.4407264810987882,0.06528431248255251
128,5,val,62,5156.196875,473.81884253928774,2289.180450490914,0.4861669272496205,422.4527572647503,110.6794628484522,0.45638126993417794,0.06568787111151976
128,5,val,63,5196.6484375,491.0404524804477,2401.743239926702,0.5038398418567569,442.8716371742212,113.7249597101686,0.47551979065132977,0.06694375578046585
128,5,val,64,5237.1,511.4081530890644,2505.3888608933057,0.5265767939010013,460.544407077208,115.64628733886195,0.49400698938045773,0.06866172490236841
128,5,val,65,5277.5515625,530.9326405355819,2611.5593848341955,0.5421358934551562,481.00286620297084,119.58470176998048,0.5130984845966025,0.06835755891348994
128,5,val,66,5318.003124999999,549.9572795967538,2681.7541920252143,0.5606493744937657,497.3701133109216,121.91942222078467,0.531134437164904,0.06821357322364663
128,5,val,67,5358.4546875,571.4179260504864,2787.080405819264,0.5761549832561663,516.5661181622454,124.4895479608914,0.5481784033286169,0.0694061483931252
128,5,val,68,5398.90625,589.6712421458119,2872.4361979908717,0.59363363751333,535.9365732271683,128.297435583832,0.5656754354986943,0.07012034916576651
128,5,val,69,5439.3578125,610.1113574973738,2976.6126231264775,0.611146952748165,547.931631669428,130.94975087170724,0.5864439388811316,0.07072310831942458
128,5,val,70,5479.809375,632.0879235730672,3083.895940327926,0.633279977515111,566.5844360204773,136.48940193036196,0.6079006621328431,0.0710995004843673
128,5,val,71,5520.260937499999,652.319095090661,3193.6338398106304,0.6505782896680141,585.3632625102136,137.39918024027986,0.6226998606533307,0.07143790077203394
128,5,val,72,5560.7125,676.4145491370499,3311.0788696198056,0.6674597770119639,603.4975582521156,141.99905598789897,0.6434260029522798,0.07181669134051494
128,5,val,73,5601.1640625,694.1205255228624,3423.7086840369197,0.688940174152039,622.8886344214288,144.76856739360855,0.6660040002481604,0.0728200181857189
128,5,val,74,5641.615625,713.8525117671861,3541.3706265803476,0.7099381980136821,647.5898573484073,147.90878536180685,0.6867768586354128,0.0743587713548377
128,5,val,75,5682.0671875,734.5786614896781,3662.853154359331,0.7304307682880207,661.1755888952899,152.5915910416984,0.7070575720391492,0.07556956649849324
128,5,val,76,5722.518749999999,759.7951903173055,3786.7290470534663,0.7496583874471441,685.6550611346393,156.63850948021718,0.729518399867013,0.07658900356967424
128,5,val,77,5762.9703125,789.8089241089963,3898.996110527754,0.767375556914647,704.3378376591534,161.38012246634048,0.7517853879271813,0.07622540983653761
128,5,val,78,5803.421875,818.7294070985445,4000.4686651869533,0.789182233315585,720.6200124824136,165.17287189728336,0.7678099355854506,0.07551028106226329
128,5,val,79,5843.8734375,848.2840262100808,4109.621738547588,0.8071108072183475,748.472604837815,170.14060724908475,0.7873588046458102,0.07667602106964377
128,5,val,80,5884.325,880.5908717968123,4236.521157243046,0.8220098858876812,777.9108766849845,173.98791361704724,0.8054363267445686,0.07780115985329528
128,5,val,81,5924.776562499999,908.4121933537119,4359.9895162321,0.8412888120898909,808.71535057355,179.36053095763782,0.8208085569503809,0.07710982283792162
128,5,val,82,5965.228125,932.5754219098599,4476.1041122658435,0.8599056148505535,838.572728623717,183.38687310199475,0.8380032614673516,0.07759689543020316
128,5,val,83,6005.6796875,964.3766330012511,4606.383078924686,0.8749200247202826,873.1089581628595,188.52657461275157,0.8552743655366735,0.07870641626091072
128,5,val,84,6046.13125,991.0342550802227,4734.458892877475,0.8894285415195977,906.3416624987894,190.98833206196275,0.869192055166848,0.08012474217071117
128,5,val,85,6086.5828125,1020.2375233826899,4857.910584189867,0.9041799303893122,935.3339095163165,192.6340052595812,0.8891535134832179,0.08042141341089298
128,5,val,86,6127.034374999999,1052.4963324306818,4961.80576540787,0.9258544554328063,971.6188683488696,196.32246846310863,0.907905564653505,0.0809718117093911
128,5,val,87,6167.4859375,1082.3932222416488,5100.41141897658,0.946725101376944,1010.0463708747895,200.0342552427945,0.9240795073378605,0.08103045590181386
128,5,val,88,6207.9375,1109.789003825881,5286.785069023793,0.9660261970261541,1050.5257567340038,204.15768573477067,0.9425216951183674,0.08183640445594623
128,5,val,89,6248.3890625,1150.0547779281192,5428.879776016429,0.9860173801484184,1092.0219785949996,207.5662171457111,0.9590988180546434,0.08247024185542573
128,5,val,90,6288.840625,1181.79079532581,5570.604889236434,1.0102783590631714,1129.509998609338,211.21953637766921,0.9780601380900145,0.0835767566135185
128,5,val,91,6329.292187499999,1224.2879387447942,5703.692642412305,1.0274030925932833,1170.5875269703654,215.86884453947164,0.9963258460715663,0.08530999450984122
128,5,val,92,6369.74375,1264.8694396419771,5873.088658981985,1.041626649508451,1203.6749018421062,220.2978552905961,1.018588948094673,0.08540737307804504
128,5,val,93,6410.1953125,1306.95809104094,6042.689175005648,1.0602302222340876,1236.8584785552343,224.22253898935196,1.0394893685081037,0.08506553625958974
128,5,val,94,6450.646875,1355.13648237189,6265.205990671272,1.0796424598644994,1276.348893569093,227.2996822451887,1.0583556954112812,0.08704777399436148
128,5,val,95,6491.0984375,1389.4527984015922,6508.541521733887,1.0955841997068103,1314.3086884001605,230.2122195103422,1.0791978087016652,0.08771446829246299
128,5,val,96,6531.55,1429.014871004,6649.6609986494705,1.110949547773299,1354.1419807440604,232.24631970094833,1.097478629602494,0.0881573806059549
128,5,val,97,6572.0015625,1474.7836634502532,6793.503010018167,1.1319525926856562,1396.653145110804,235.21662417252287,1.1093098181323424,0.09044928206303898
128,5,val,98,6612.453125,1529.290422441477,6940.528551102693,1.14956288044564,1442.6188493702625,238.14520667702598,1.1211838725756207,0.09198942680359312
128,5,val,99,6652.9046875,1577.3337964510574,7088.937903036084,1.1669046228308944,1474.18389550635,241.56576464171397,1.1358680473380622,0.09417628812619788
128,5,val,100,6693.35625,1612.1233787511073,7235.1136766417085,1.184370624078876,1520.7866855561747,243.58439491776096,1.1506024509649881,0.09363137304432487
128,5,val,101,6733.8078125,1654.206401754351,7411.295653040993,1.194741389479781,1563.1900278597755,247.1763382546044,1.166402888864007,0.09434359129051328
128,5,val,102,6774.259375,1697.242884527796,7575.262085157975,1.2081671190637688,1614.4914143096116,248.56958081448965,1.1786367537163847,0.09631121372639592
128,5,val,103,6814.7109375,1734.3814312829409,7777.661882679748,1.220470029379521,1656.151778434591,252.2580989437646,1.1817749335531202,0.09826027942183568
128,5,val,104,6855.1625,1771.2269420273294,7977.3538328544255,1.2274658038956554,1704.0286229699007,257.3657784146519,1.2020724223946941,0.09863387022197335
128,5,val,105,6895.6140625,1820.2406463012721,8186.801922175739,1.2321734386025462,1753.9337541538202,260.1839647011843,1.217398596215613,0.09677502050358527
128,5,val,106,6936.065625,1865.2602475684716,8401.041967319594,1.2512674855800072,1802.6937598521329,263.7447980770844,1.2340373484184401,0.09666203850237746
128,5,val,107,6976.5171875,1913.6467257677054,8611.298597373101,1.2611241444062116,1841.5362397998365,266.44583522568155,1.2405764049663037,0.09598013180245335
128,5,val,108,7016.96875,1961.338485345351,8839.86868650556,1.2792425051054295,1900.8635484809702,270.28420996879277,1.254638791555032,0.09683762090853532
128,5,val,109,7057.4203125,2020.618919200274,9062.477913535398,1.3012822353011404,1944.1075400052487,276.1560785054371,1.2663279612229044,0.09860072908443596
128,5,val,110,7097.871875,2074.5283043358427,9282.206073803154,1.3101695027512017,1989.5457288163243,278.7748199584712,1.2883281728069962,0.10061433247491539
128,5,val,111,7138.3234375,2133.678160291851,9508.070877837166,1.321079228253419,2037.5767848308897,280.96089783360867,1.299933285146715,0.10198364806376925
128,5,val,112,7178.775,2184.4740233904076,9742.771560360914,1.3338594695291028,2096.158043949117,284.0109301435234,1.317209837882749,0.10355245534043878
128,5,val,113,7219.2265625,2238.319054806084,9965.812236595722,1.342183956683396,2144.15255033839,285.74676445325053,1.3279650984240783,0.10373492012947377
128,5,val,114,7259.678125,2283.1839379667827,10232.304891559732,1.3504994283566607,2210.2950228689906,292.5736581780711,1.3320303923222698,0.10478649297995801
128,5,val,115,7300.1296875,2351.676136122819,10462.41414976036,1.3660992651240016,2264.2014559401105,299.68883874897756,1.3431139908925416,0.10602596649125773
128,5,val,116,7340.58125,2391.2284081358166,10679.476196080606,1.3730467887288489,2325.0845891464564,305.303960743025,1.3532670988446869,0.10796879264082793
128,5,val,117,7381.0328125,2452.603558485521,10962.155965494707,1.376556717944108,2379.705345424867,308.63314517719687,1.3613746417469734,0.10868934042047862
128,5,val,118,7421.484375,2487.0879390555274,11234.845106762228,1.376953740980652,2425.077500607472,311.40415659740484,1.3683186517065016,0.10971764531713529
128,5,val,119,7461.9359375,2554.9694554907205,11512.681694263485,1.3779403943028345,2477.1916372578744,315.2660683909687,1.360650473889259,0.11113724432858761
128,5,val,120,7502.3875,2605.578055855858,11782.37214650334,1.3823614845268617,2530.5746697978293,320.5245682651281,1.3613832990275465,0.1125292367474811
128,5,val,121,7542.8390625,2652.9501632721804,12008.57952941687,1.3841778973725238,2578.7414813370333,323.955327089152,1.3628614301239572,0.11448211956988086
128,5,val,122,7583.290625,2715.3017588815515,12238.924455582408,1.3934610041819337,2634.925997511459,330.36466996253466,1.3676859985214673,0.11938899832131256
128,5,val,123,7623.7421875,2765.6092026453507,12475.135021744105,1.3944259037198954,2689.5469087409083,335.3942381740893,1.3689874515332157,0.12193687158500166
128,5,val,124,7664.19375,2817.144937472847,12746.53467062804,1.3891709757324762,2739.4033449559743,339.7089414953882,1.3762823345058601,0.12336172708931475
128,5,val,125,7704.6453125,2880.1099914423958,12954.69731710027,1.3955190830082231,2786.135601624437,344.3482307393424,1.3741367011707861,0.12563493273737292
128,5,val,126,7745.096875,2945.9802247957896,13170.728202226885,1.399495708145973,2843.520072735487,349.1023997506062,1.3812839259304543,0.12792787925901966
128,5,val,127,7785.5484375,2991.1146929989627,13408.332491332214,1.4020940720194663,2906.238945588541,354.19041342493074,1.3795695346245362,0.13041656437533244
128,5,val,128,7826.0,3042.5544920434504,13669.132038748887,1.40951751173779,2963.682920840718,357.5597897750171,1.3854612173289371,0.13172335675869576
128,5,test,0,2648.2,0.0,0.0,0.0,0.0,0.0,0.0,0.0
128,5,test,1,2688.6515624999997,1.9532021322312687,3.5924998553298346,0.002616656191730283,1.8482813221396555,0.19521052496651592,0.0022352561808739943,0.001316646420827794
128,5,test,2,2729.1031249999996,3.378491828097907,7.229069824653325,0.0046709466291880355,3.3057908878291187,0.47571568262250175,0.003944122634496824,0.002432801168301968
128,5,test,3,2769.5546875,5.979073253692846,11.648147736764265,0.00783349476503152,5.82958897606467,0.6177595758600773,0.006834202973975134,0.003909833284951314
128,5,test,4,2810.00625,7.9056596894204745,16.057851481220634,0.01038811280843975,7.775791525524767,0.9369293413925561,0.008946434637602946,0.005471738875187544
128,5,test,5,2850.4578125,10.949448115070481,21.389400391160507,0.013774011903741645,10.776149944090818,1.2517202998987287,0.011915233384621887,0.007136175223670244
128,5,test,6,2890.9093749999997,14.488302145682752,27.496168571542512,0.017633116773985852,14.152329335093583,1.6572141145658748,0.015188468029845963,0.009054595537797555
128,5,test,7,2931.3609374999996,17.925950670204276,34.65730727274377,0.021199697152770366,17.555881728670286,2.0493132687597893,0.017863693984902437,0.011104799255198111
128,5,test,8,2971.8125,21.161306289059212,40.835444306129915,0.02384136091827284,20.554062344906754,2.4795509198227705,0.020093840775926852,0.012636573191438655
128,5,test,9,3012.2640625,24.763364923618525,48.76432115833681,0.02687391450190233,23.945874159430502,2.9968371432573804,0.02224715906601446,0.014568507498772566
128,5,test,10,3052.715625,27.587611222733344,54.82304002699082,0.02853927820470597,26.624554145690205,3.5199120114981497,0.023786899181612448,0.01584789675565003
128,5,test,11,3093.1671874999997,30.63604375027751,63.290907180501705,0.03128871933578189,29.54175937827941,4.152024192890735,0.02518169547105053,0.01750863355449994
128,5,test,12,3133.6187499999996,33.70334541654074,73.06457363969443,0.034502806932224656,32.5071470136038,4.992044488204783,0.026512840569387117,0.01902655833399322
128,5,test,13,3174.0703125,37.52279164809735,84.07347198768065,0.037692784917366974,36.084322821523074,5.74836712795701,0.028683886143836095,0.02080257168745399
128,5,test,14,3214.521875,40.9002602831805,97.11129455762378,0.04047673349117341,39.34951672464848,6.716004836437861,0.02985339879050565,0.022763026676744444
128,5,test,15,3254.9734375,43.825425195066714,112.6265043416151,0.043287914474010765,42.36338581821997,7.533598139097819,0.03159561284490041,0.024658173105551046
128,5,test,16,3295.4249999999997,47.396295471733296,128.5668360667523,0.04683613975402928,45.43581048651202,8.639224641960652,0.032390130652988625,0.026344872922943324
128,5,test,17,3335.8765624999996,51.93469195972966,146.30105223425682,0.05019155644180474,49.75491281769617,9.930090072757025,0.034530495105718206,0.028369428795990345
128,5,test,18,3376.328125,55.56457574355633,164.195807691744,0.05358242449875726,53.22229108807619,11.169389532074803,0.03575712126474735,0.030497834220558073
128,5,test,19,3416.7796875,59.13477623406038,186.12699814447672,0.05751906614884228,57.05461740538098,12.487063908331208,0.037561578657557826,0.03308382242478772
128,5,test,20,3457.23125,63.06362560227541,206.0649212713806,0.06067699907708784,61.031769993178386,13.959621324639349,0.04036407615356022,0.03569954147697452
128,5,test,21,3497.6828124999997,68.19781045024342,227.10146007546794,0.06474976325437573,65.64847826658848,15.418939147835431,0.04272453607105653,0.037943948457712456
128,5,test,22,3538.1343749999996,72.2170801269746,254.24649120656088,0.06746476516978575,70.07554380167136,17.247863583335743,0.043796623075513304,0.03981154590015738
128,5,test,23,3578.5859375,77.0020892456671,283.5855766578016,0.07106722541446245,75.01085569410648,19.04350983435954,0.0458784641369607,0.042165369055615104
128,5,test,24,3619.0375,82.13972493514365,311.74880248998033,0.07546871245041852,79.96031054480923,20.887514395546702,0.04794432104041936,0.04460938333967091
128,5,test,25,3659.4890625,87.36889812189119,332.57402911524696,0.07961432390201327,84.89280748773353,22.6855618039572,0.050315028956065405,0.04675279499152113
128,5,test,26,3699.940625,92.89041927853958,361.95770573212593,0.0849007886587691,90.09872221048454,24.62975271825485,0.0526094089727952,0.04898633134891445
128,5,test,27,3740.3921874999996,98.35206431031196,396.58541768980353,0.08877247628366787,95.07146621388074,26.281679037705175,0.05492943040076624,0.05150550385188586
128,5,test,28,3780.84375,104.08146179734956,427.5418265796099,0.09351185406073284,100.31750584178667,28.106296984669044,0.059020997958026886,0.05333992403557149
128,5,test,29,3821.2953125,109.95885657528248,453.40222929199,0.09667191347086232,104.23820759135438,30.06657112430311,0.061909313484410054,0.05447709163916743
128,5,test,30,3861.746875,115.5745056228028,490.1199517850468,0.1010644903698902,109.25991479967698,31.814431810346377,0.06621297493767611,0.0556464615913228
128,5,test,31,3902.1984375,122.31654855064633,524.1317762245986,0.10583751340977401,114.72687633133916,34.01494249396109,0.07065671043642203,0.05659429800450874
128,5,test,32,3942.6499999999996,129.96698405561347,561.9455327261486,0.11037762134210802,120.55068740389174,36.17967508595754,0.07536039601258646,0.057280329993497636
128,5,test,33,3983.1015625,137.45551658199417,603.8051365417317,0.1164069947788629,127.33395923032731,38.1935009097667,0.08176070395218837,0.05723554918258579
128,5,test,34,4023.553125,144.46461045582737,641.4905925659807,0.1221225226538242,134.54532095645533,40.33200790116709,0.08904064790212418,0.05720628739934924
128,5,test,35,4064.0046875,151.7079765373026,687.0901753115849,0.12875731801808774,142.07987440710212,42.69378571236615,0.09714169562801897,0.05683354701246316
128,5,test,36,4104.45625,159.02924790496797,727.7939225173834,0.13544036369726253,149.05899672084288,44.358482699138335,0.10519612801050682,0.05700247396913348
128,5,test,37,4144.9078125,167.42271296223876,780.33401542003,0.1431920853411893,156.9483673398384,45.83467923661999,0.11399057974560527,0.057861317417938485
128,5,test,38,4185.359375,174.20962270341533,831.4916727380004,0.15141602656815797,163.63574730119979,48.44320940878788,0.12390495322535042,0.05702168346184266
128,5,test,39,4225.8109375,181.77168396836407,882.3594993543167,0.16321775338013975,171.15052301979716,51.27627846609073,0.13380259714463638,0.056299072858471966
128,5,test,40,4266.2625,190.75481527043792,928.4098378930163,0.1727969049707626,179.97275781240774,53.423524699375946,0.14460635003668565,0.05638164686442258
128,5,test,41,4306.7140625,198.60583761020223,983.3820668717526,0.18150291563678694,187.4359751053909,55.78804092192513,0.15426918447298751,0.05648574362636426
128,5,test,42,4347.165625,206.3572632044952,1037.739378657232,0.19270282954243767,193.44725280058483,57.623668656297866,0.16467612421061562,0.05728336375078989
128,5,test,43,4387.6171875,217.23432166567136,1097.608724263432,0.20274972239073957,201.88998411882153,59.67140455487652,0.17671946884216527,0.057419200048139905
128,5,test,44,4428.06875,227.8409895453919,1137.7248548378793,0.2147424682258422,211.6924388272139,61.814647209224916,0.18960366889789074,0.057918690385790755
128,5,test,45,4468.5203125,236.816562392832,1193.039034489856,0.22655573825718783,220.38624679602492,63.11618017156917,0.20094509287220397,0.058327991825759054
128,5,test,46,4508.971875,247.02010592364942,1260.078038228798,0.24079912553062915,229.76273321755158,66.35265507334687,0.2147575418737814,0.05864273752385386
128,5,test,47,4549.4234375,259.12541181327776,1328.7943814301861,0.2566484895389458,240.08414509252773,68.66719285706147,0.2299446814160236,0.05879176752372067
128,5,test,48,4589.875,269.86898605839826,1401.6430624691684,0.26945161095173753,248.2783901235308,71.1479527586274,0.24416243209017877,0.05907992153525443
128,5,test,49,4630.3265625,279.7410474954063,1472.201123999251,0.2831514322880341,256.8081052169049,73.75826642448757,0.258984708453959,0.05929427347107358
128,5,test,50,4670.778125,293.66368976783974,1538.5139620649354,0.2972066411823324,272.04862775224115,75.48416136348024,0.27490214482916997,0.059185043657456346
128,5,test,51,4711.229687499999,306.71643669370496,1591.5073747643576,0.31118702319062747,280.3024311111315,78.26516454578325,0.2914159605525782,0.059159389970381976
128,5,test,52,4751.68125,318.42800508107416,1668.7613121337959,0.3270846060012683,290.2825762229426,81.10029237684557,0.3058937657974062,0.058794614603571736
128,5,test,53,4792.1328125,332.62404093982445,1753.3714394808624,0.3433945884118855,302.3868381746837,83.28603070704332,0.3194399029696343,0.06032283809908473
128,5,test,54,4832.584375,345.66049198829774,1832.4217216211284,0.35762290777321615,314.0158786706984,87.2666714104895,0.3365469818810939,0.06035622798212549
128,5,test,55,4873.0359375,358.4423763090143,1912.4009773446055,0.3725825962003354,325.21092347214164,88.90727621960792,0.35123123102886317,0.061378961632441165
128,5,test,56,4913.487499999999,372.79529199133776,1964.8223920279088,0.3894925332769139,336.53821173351,91.59864858844813,0.3670696838649762,0.061356143038319294
128,5,test,57,4953.9390625,387.836179187218,2043.0739208052512,0.4101740043879337,353.28542568198884,94.2100752155639,0.3829920463612191,0.060751799167533746
128,5,test,58,4994.390625,402.38532536720584,2139.760607521869,0.42825867570462545,364.3756985664357,96.68707511261232,0.40155080196805804,0.06094082228392649
128,5,test,59,5034.8421875,417.3584424909418,2231.4750136856223,0.4467228904904592,380.96093689527066,99.60554645778785,0.41962023843179763,0.06088689987716889
128,5,test,60,5075.29375,437.6084585144113,2310.2368116622292,0.4647952892439522,398.70913449973244,103.53825345439205,0.44077610339422757,0.06145267220216723
128,5,test,61,5115.745312499999,457.2604939561984,2397.130854895291,0.4813024097007589,414.6502560549905,106.4198948445636,0.4556207952557505,0.06181041115354419
128,5,test,62,5156.196875,475.3613808092041,2501.4211180124016,0.5009484394289144,428.6271615875137,109.65875969742544,0.4737061868240952,0.06349341572809991
128,5,test,63,5196.6484375,492.22906245231,2595.722924752105,0.5172599469027706,441.52634967603177,112.126750456504,0.4903297228896972,0.06461931215907997
128,5,test,64,5237.1,508.431438203246,2687.9135309075523,0.535738835001881,458.028259546694,115.40070528261026,0.508805529419426,0.06501706209814141
128,5,test,65,5277.5515625,533.7007639844114,2776.034835942007,0.5496648258189458,469.93925865964314,119.72246455664504,0.5264069394289445,0.06452410917853237
128,5,test,66,5318.003124999999,551.5796008850735,2863.973318252979,0.5703666979548703,490.57755101337364,123.06930196665178,0.5444197516030896,0.06551553752747255
128,5,test,67,5358.4546875,570.6662060623771,2925.0184485227,0.5871888569580347,508.2642236484958,127.71761644829094,0.562331572082849,0.06636737212715754
128,5,test,68,5398.90625,587.7823621849814,3026.660550146327,0.604063155536426,523.292946571722,130.24241727953267,0.5811622249501727,0.06747709535621059
128,5,test,69,5439.3578125,605.2840976928167,3122.116982226473,0.6241961214777589,542.4646892483267,133.68733056264404,0.600482370154894,0.06767728726396124
128,5,test,70,5479.809375,626.5801043435886,3187.8985699265727,0.6406205563333836,559.2636724604318,137.65125042163007,0.6208089958600547,0.06746356353885904
128,5,test,71,5520.260937499999,642.9234513739317,3276.6370274191586,0.6543060974935483,574.9890645725131,140.29450506351537,0.6334788149406911,0.06751334759586089
128,5,test,72,5560.7125,665.1075875867747,3360.032976652013,0.6730860279013409,603.0842767718241,142.71478096103607,0.6540575505066433,0.06804559608600075
128,5,test,73,5601.1640625,689.4783527094432,3461.28027887354,0.6948910282821019,628.2035354911031,145.6139943313275,0.67655204621829,0.06877094534677711
128,5,test,74,5641.615625,710.9895655048462,3559.7672148399656,0.7122480690383917,646.6636314996776,149.79548869310122,0.6976739022005949,0.06918595333616114
128,5,test,75,5682.0671875,737.7283305425806,3648.4510434866097,0.7308869661272477,670.6021484922395,153.65614098968905,0.7152221057458996,0.07004300532387123
128,5,test,76,5722.518749999999,760.0921089487684,3716.5170877287583,0.7513766375322022,699.6003920230152,157.33820809622046,0.7314326031885483,0.07027546718387304
128,5,test,77,5762.9703125,787.406277481665,3807.8286925307093,0.7678755071493099,721.1779140580887,160.1703600468518,0.743853020030917,0.07047105456876954
128,5,test,78,5803.421875,816.2975119474112,3866.284126563008,0.7829577523392368,745.9099743111892,163.61727189166686,0.7617496297528531,0.07001912136888666
128,5,test,79,5843.8734375,838.2954758618837,3927.0000068946156,0.805131979292828,777.179186662238,165.37914996537495,0.7815047742232711,0.07061238891422142
128,5,test,80,5884.325,868.3632448278485,4055.4310448665983,0.8256679761461174,803.2569436626886,170.00727211010513,0.7988105323763067,0.07234473104186095
128,5,test,81,5924.776562499999,901.1446788327397,4184.498055124404,0.8402657468485515,834.1906817529292,173.75920741910278,0.8174922417651873,0.07290293186440563
128,5,test,82,5965.228125,928.4202213070216,4315.071186656294,0.8574482454182588,861.3881726646966,177.61234620676447,0.8372320305528314,0.07364320031732727
128,5,test,83,6005.6796875,957.8012776436537,4458.104461383635,0.8815981766273802,884.0121041595221,181.79420368713295,0.8584968449575348,0.0749778512391143
128,5,test,84,6046.13125,986.785954945283,4598.733310789186,0.9018789773747315,910.2352387551491,184.00515445638632,0.8794715544703027,0.07557673225934945
128,5,test,85,6086.5828125,1015.358623029738,4707.138840536582,0.929978461141177,942.5846083533429,187.1047638561052,0.9029601553799185,0.07596633598417821
128,5,test,86,6127.034374999999,1046.397748099892,4877.276568513302,0.9531339899874134,973.9722917907229,191.90310515230635,0.9245448618000474,0.0766520552959258
128,5,test,87,6167.4859375,1078.3010262666012,5024.814519692696,0.9689263487793476,1006.9307771108527,194.64529834894506,0.9451717877808283,0.0777224590939353
128,5,test,88,6207.9375,1115.410903351517,5168.587287137935,0.9868031453819162,1035.5994882995958,197.6649465915301,0.9604141738402197,0.07833102203737285
128,5,test,89,6248.3890625,1147.9065400829286,5280.152649797709,1.009370525298023,1070.0277389017501,202.93583659170622,0.9834552652161279,0.07817877444791274
128,5,test,90,6288.840625,1182.743735539791,5418.321599425777,1.0323804811933068,1106.1535666529423,207.37470072345587,1.008582826189084,0.0786743050701956
128,5,test,91,6329.292187499999,1220.4524719651317,5590.19844115335,1.05357502525584,1127.6639252451305,210.91495308037622,1.0242006828737464,0.0791600650707977
128,5,test,92,6369.74375,1254.398529778058,5746.036516708109,1.0758834878410624,1163.3632811958705,215.65130799491783,1.0557642716247928,0.07906802624246811
128,5,test,93,6410.1953125,1293.5622126291973,5886.554258866489,1.0944003110209821,1211.227139426427,219.18099063942265,1.0786038194348369,0.07907755923131261
128,5,test,94,6450.646875,1327.450195118999,6006.115990117828,1.1175461989992792,1243.9280125868067,221.5256523730602,1.1013395075223642,0.08043795448524946
128,5,test,95,6491.0984375,1371.285357979602,6170.23899948034,1.1309546716764403,1293.667174913537,225.08007954591847,1.111223701712797,0.08138804587446737
128,5,test,96,6531.55,1403.8121945856437,6366.976664448848,1.150389328600676,1333.4122954083086,228.71739408205372,1.1310007567015279,0.08289660145352441
128,5,test,97,6572.0015625,1443.876171849979,6559.116652257026,1.1699137317070645,1379.537135051372,231.6977838550116,1.1537461318873836,0.08373922611883394
128,5,test,98,6612.453125,1486.4993888121205,6790.391500712916,1.1886892932353454,1427.0385469754528,233.53765411417447,1.1773070744015706,0.08486057407942373
128,5,test,99,6652.9046875,1531.8836780849097,6964.910810208948,1.2102319767751113,1465.7708391277708,237.0003499905593,1.195895212051462,0.08663729307181907
128,5,test,100,6693.35625,1566.0341873520736,7150.172995255231,1.2237624790969943,1508.1382611473905,240.2800919325685,1.2086243394109353,0.08670917580277243
128,5,test,101,6733.8078125,1619.4477078001626,7360.878360796177,1.2435819354369229,1549.2467868786548,242.4287625625574,1.22436101464235,0.08746816393351417
128,5,test,102,6774.259375,1668.300792676888,7594.601835410189,1.2535476284795954,1592.01693743875,245.58543230016738,1.2292651027168735,0.08786042839993569
128,5,test,103,6814.7109375,1718.5189708255919,7835.115997950737,1.2632601255785842,1629.8677632683223,247.85217434605755,1.2367778660265782,0.08862484477308334
128,5,test,104,6855.1625,1769.8942238080235,8063.78099636105,1.2733318584269155,1663.4051279896696,249.76976101960702,1.2503660948288626,0.0892344934638157
128,5,test,105,6895.6140625,1810.1128869294598,8286.536426138702,1.2855760341739937,1719.5038400701605,252.75511615978985,1.2652725066236714,0.08991008987672272
128,5,test,106,6936.065625,1861.879756103889,8571.194220764617,1.294296851763757,1761.5334360907582,257.07095743496564,1.2808661847093714,0.09052401717350028
128,5,test,107,6976.5171875,1903.6667790244976,8743.893188200651,1.3064780810850758,1809.183793592183,260.0459085469584,1.2907703881367416,0.09033104175290747
128,5,test,108,7016.96875,1955.4563824904535,8912.081347168543,1.3178463702913854,1852.1725709479852,261.7284665864048,1.3029017652487345,0.09267991403451997
128,5,test,109,7057.4203125,2002.4831166655304,9203.324416359821,1.3275601977159255,1892.197638207122,263.72556158420934,1.3189857523378639,0.09367417340137504
128,5,test,110,7097.871875,2050.4926227251162,9455.775897839103,1.3425775802041322,1943.2932286215419,265.72476950204305,1.3261158626327318,0.09439806084480043
128,5,test,111,7138.3234375,2101.9543451723735,9711.452491911785,1.3600842241684106,2002.6872351181169,266.1713539547108,1.337840824000798,0.09562422175573562
128,5,test,112,7178.775,2149.3564196740354,9964.583196383708,1.3716743637060964,2064.3404326294785,268.1744133702466,1.3466137315413795,0.09715265331516725
128,5,test,113,7219.2265625,2196.5545706322587,10150.658042815794,1.3772963540005234,2106.859159308826,272.9333573544608,1.3552193537016421,0.09703487391396308
128,5,test,114,7259.678125,2243.8819808284334,10393.750966803018,1.382511586979933,2162.2239718990386,275.38092459367647,1.36606887136307,0.09900334525629606
128,5,test,115,7300.1296875,2296.3026905932793,10640.318910933715,1.3903210347241401,2222.8533041755013,278.60820645389595,1.3798493602437194,0.10042297086511331
128,5,test,116,7340.58125,2345.131778283275,10890.771178346213,1.3996181498451206,2260.8273194834396,280.3507427784595,1.3902643790425773,0.10164055146708581
128,5,test,117,7381.0328125,2397.9268043098045,11116.784109291648,1.4076246592318111,2312.1196365184674,284.51340827967186,1.4001520326960282,0.10336036158346568
128,5,test,118,7421.484375,2442.971933171798,11335.224156179476,1.4112401910719372,2375.0098600046667,288.36493218614123,1.3985585344685885,0.10444854578490863
128,5,test,119,7461.9359375,2497.513382733978,11555.313509217141,1.41754455976148,2432.1473365978363,293.04404429150213,1.4035728420974185,0.10596428785436714
128,5,test,120,7502.3875,2558.9310351498184,11776.835645209238,1.4245512820152753,2478.371342121079,298.2060246417859,1.4086243109467587,0.10649866398593742
128,5,test,121,7542.8390625,2602.818313892783,11999.850854842012,1.4334026931444241,2528.973017373744,302.66771323025665,1.4216586094708585,0.1081860657675714
128,5,test,122,7583.290625,2660.195640018138,12224.255773108298,1.4361906226446202,2583.928917559547,306.3256112044144,1.423189812530243,0.10951582771707297
128,5,test,123,7623.7421875,2717.849123226195,12450.107433447709,1.435038459153798,2646.922966263307,309.0935772241039,1.4232188182086625,0.11305899400924045
128,5,test,124,7664.19375,2771.7298369828286,12677.461453664728,1.4436822260768047,2699.864170027663,312.89181111426956,1.4257487285210326,0.11509666706282629
128,5,test,125,7704.6453125,2831.7105480559803,12906.263483012423,1.4459174662054541,2754.075725872802,317.28150402597066,1.424277619051853,0.11646740886478857
128,5,test,126,7745.096875,2891.4507824588827,13136.720798493658,1.4470079122004957,2806.932031707028,317.8185679324912,1.4255187857458094,0.11835420802674065
128,5,test,127,7785.5484375,2943.84586380545,13367.649261216056,1.4516220376603883,2877.440092961365,321.73812662504275,1.4255529678159629,0.11939213386452131
128,5,test,128,7826.0,3009.6663788826772,13537.993010662824,1.4557485179923415,2928.136660589331,329.08956739542464,1.4309242813168033,0.12011101214350062
128,6,val,0,2648.2,0.0,0.0,0.0,0.0,0.0,0.0,0.0
128,6,val,1,2688.6515624999997,2.1545876851618573,4.454749312058932,0.002807750939096132,2.083273147405862,0.34976161980182496,0.0024248232297907624,0.0010393267256153006
128,6,val,2,2729.1031249999996,4.530439994013591,8.932253949358314,0.0060605710112786315,4.404264594497498,0.7290476963213166,0.005294872631006822,0.0021676412740659345
128,6,val,3,2769.5546875,7.017098748491435,14.021004329520887,0.0094230374394072,6.857632413698411,1.1411168000643457,0.008208885877436511,0.0033851184063349304
128,6,val,4,2810.00625,9.704793797212119,19.55914999401783,0.012948505448140413,9.385171428831995,1.5821009145327025,0.011089063834304747,0.00468828424156657
128,6,val,5,2850.4578125,13.051762910051501,25.67364914243907,0.016825930731712013,12.447353872673261,2.0766429210112847,0.014534782013783665,0.006139374667639419
128,6,val,6,2890.9093749999997,16.419876527862698,33.116273224450715,0.02041399034296773,15.78095938894819,2.623252991213576,0.017363185919536117,0.0075971111309011685
128,6,val,7,2931.3609374999996,19.734774631650964,41.301609604959296,0.021834085918742696,19.248408813822948,3.1458294099806494,0.018552004305286834,0.008530495390735027
128,6,val,8,2971.8125,23.616106816675142,49.158355859458375,0.02600178166034875,22.933339281856036,3.7349222070375276,0.022071970028817063,0.010087787515818819
128,6,val,9,3012.2640625,27.450897436974486,59.39133752367726,0.029856538582978542,26.591525802253102,4.397902082573069,0.0247453872033003,0.01183552712402669
128,6,val,10,3052.715625,31.073311438294837,71.02611108498702,0.03322302682954442,30.304994414494857,5.078318804663695,0.027046395737501117,0.013247876065811126
128,6,val,11,3093.1671874999997,35.10219998129571,82.13590393605718,0.036606222085299595,34.035552995121066,5.8205804792166305,0.029453275451005352,0.014967153437006001
128,6,val,12,3133.6187499999996,39.31181222271718,94.44733423956666,0.040641365623886316,38.144257906481016,6.830995072164114,0.03265558807317992,0.016681732054147497
128,6,val,13,3174.0703125,43.79165838147259,110.09795637259569,0.04480016116064148,42.003930154123736,7.959096786976261,0.03556274499949552,0.01834463519690896
128,6,val,14,3214.521875,48.92054884079755,123.32244075524119,0.048875898383548416,46.57087549757932,9.236505897298741,0.03950308613291653,0.020501902045104436
128,6,val,15,3254.9734375,52.71627898829934,140.20500787091518,0.05105229176077808,50.4975163851995,10.27710478501831,0.04158285394478649,0.021087724776408523
128,6,val,16,3295.4249999999997,57.225863858661796,156.04410019746234,0.05465649844513254,54.973238975627225,11.702421039856858,0.04501838031551776,0.022729775528959606
128,6,val,17,3335.8765624999996,62.17004150524019,174.50461614337766,0.05798728366467054,59.17811801212736,13.121308003007925,0.047291412384693754,0.024880319864266927
128,6,val,18,3376.328125,67.29228885183147,193.2716225927009,0.06150895965853498,64.11973827383832,14.48525165582737,0.050375027778304035,0.026604914443895122
128,6,val,19,3416.7796875,72.18189202313852,213.79467007782284,0.0650059677874469,69.2242115225099,16.270035071951128,0.052600037235377844,0.027968353513450894
128,6,val,20,3457.23125,78.19856203042264,230.49078662713748,0.0699541741243058,74.64662427435087,18.11985618894596,0.055160057378156324,0.029219933017229915
128,6,val,21,3497.6828124999997,83.20362456913699,253.94112302454545,0.07335853652624957,79.62557260161151,19.95682721042158,0.05775908838221572,0.030736872480195687
128,6,val,22,3538.1343749999996,88.85817961726161,277.68848841789037,0.07663565862847665,83.94982945623042,21.415306705478088,0.05998965085928648,0.03177808722339831
128,6,val,23,3578.5859375,94.57922635789373,301.2590631365806,0.08102548531289944,90.06861617694994,22.637717020806747,0.06404199884620793,0.03314018794742246
128,6,val,24,3619.0375,101.34093636467867,325.9718803429738,0.08643730894561386,95.93264744262342,24.644177792538358,0.06814133722017612,0.035864998780580845
128,6,val,25,3659.4890625,107.60153824962515,355.4268050091907,0.09222039342953597,101.60979719968566,26.33255391020839,0.07191291053859628,0.03686645950886844
128,6,val,26,3699.940625,115.30703956540123,382.60358229172306,0.09785556346363772,108.87831739242415,28.288639211837108,0.0758777010646896,0.038653256746623565
128,6,val,27,3740.3921874999996,123.54015257747619,403.6822476841317,0.10261218550931123,116.9514245040233,30.109587625588574,0.0815843912319314,0.04076329560736419
128,6,val,28,3780.84375,132.18940810833146,431.87178321845727,0.10827731496515502,123.94818152046838,31.41608096757409,0.08560613547921314,0.042543507543697096
128,6,val,29,3821.2953125,138.20310107259104,465.5459091514697,0.112587229506661,131.37286307267004,33.30839957644116,0.09127984875278994,0.044736228558883706
128,6,val,30,3861.746875,146.15790145195385,500.9120007539286,0.11711063812279258,139.3571450170441,34.69679359821498,0.0956868618960556,0.04617522261740788
128,6,val,31,3902.1984375,154.28225983498578,535.4781983934571,0.12198833848169575,147.20281982089034,36.42850861233171,0.09955203530316592,0.04719589761166543
128,6,val,32,3942.6499999999996,162.91102485570264,576.0385168056523,0.12695312067193681,154.3976753911096,38.17495995599529,0.1035088980386456,0.0493266504547063
128,6,val,33,3983.1015625,171.14343098000973,607.3241823646308,0.13120228129107592,162.82824008754915,38.8217316524333,0.10966464214237637,0.05106773415778851
128,6,val,34,4023.553125,180.01769727248984,645.4864706713847,0.13850568499454777,171.2008730247536,40.34875433162455,0.11547139288453634,0.052673440413349495
128,6,val,35,4064.0046875,188.39524887671644,678.89146975304,0.14397707426552947,179.49013621435307,42.74604901041812,0.11992519940726316,0.05412528307819839
128,6,val,36,4104.45625,197.55383049971442,711.4229988795541,0.15051484474516708,187.0010459364977,44.339074888341656,0.12452778593680797,0.05533723843892738
128,6,val,37,4144.9078125,208.17680029264807,756.2641750873024,0.15681960238130357,196.27373597825226,45.98051255595692,0.1314540399658271,0.057012739404411344
128,6,val,38,4185.359375,216.70401842973774,786.5120868169054,0.16360645731405138,206.09286363007584,47.57989212239977,0.13835202662429436,0.05814516813795051
128,6,val,39,4225.8109375,226.1713809488981,822.9382472135966,0.16913511301580586,215.70379289593689,49.44401951915012,0.1445614471221185,0.06046967300697703
128,6,val,40,4266.2625,234.63873367785482,875.1157362392242,0.17695618135886784,224.0299755867028,52.52652046150086,0.14854269890112076,0.061319291786918195
128,6,val,41,4306.7140625,246.25733374761083,919.8432268119623,0.18548685597001915,233.5472588556513,55.32470823254698,0.1557393029496673,0.06230248884240425
128,6,val,42,4347.165625,258.584356017721,962.308258197994,0.1939958665148657,244.5899359880883,57.86475780928413,0.16281565106572582,0.06484437435148177
128,6,val,43,4387.6171875,268.1272716829426,1009.1702333503455,0.20298046820266258,254.70152181529215,60.04399302001673,0.17209584938984723,0.06568003105761333
128,6,val,44,4428.06875,282.0378304004407,1060.490004523919,0.2115725614211944,266.93937336284534,61.83916765922959,0.17973046630219425,0.06816454173389636
128,6,val,45,4468.5203125,294.0840014389323,1110.1624042684798,0.22067486858654006,277.6224095303377,65.22746709030969,0.18864046419317382,0.07037707475175681
128,6,val,46,4508.971875,309.3335395869872,1151.5398373412374,0.22908402085876964,289.8328677866573,69.06210432339321,0.20002492208719136,0.07135791001931097
128,6,val,47,4549.4234375,325.48417031279087,1216.2151376698027,0.23963798281644022,301.758733659824,72.62553308430597,0.2127679869501596,0.07344359351355456
128,6,val,48,4589.875,335.6726071485729,1281.5015786140536,0.2514456267435905,313.45719645808856,76.26665234479901,0.22390146879557038,0.07488764434723447
128,6,val,49,4630.3265625,347.8101339687214,1340.7503820521947,0.2643311466106468,321.3570200825302,80.29709367912119,0.23618256896013046,0.07641460979545579
128,6,val,50,4670.778125,358.94192729504937,1401.4570260679398,0.2780749710760422,330.2377339365421,83.4677724120425,0.249772922846489,0.07890184106031095
128,6,val,51,4711.229687499999,370.23839266953473,1461.1454833488212,0.28861420916446656,343.6530651739602,87.03286534390031,0.262207941036062,0.08011314527588131
128,6,val,52,4751.68125,383.3392056325806,1498.420359799155,0.30277005651487693,355.09566509426804,89.50489720334076,0.2743747861864848,0.08112424901745782
128,6,val,53,4792.1328125,394.6869944322202,1545.023510466841,0.3159564897445219,365.5260454929561,92.18011630804313,0.288167357486227,0.0825880455774114
128,6,val,54,4832.584375,411.20326036593724,1615.7074844085573,0.33155439336752474,378.0659708975804,95.42424593772125,0.30009977436526447,0.08450637930334029
128,6,val,55,4873.0359375,424.4820290973621,1688.578963745128,0.3441322812528791,388.05657749779954,99.71508779372584,0.3126241726787993,0.08535002509332812
128,6,val,56,4913.487499999999,436.7728320103588,1759.6792634624237,0.3568987139002944,403.461680620012,102.22165265261651,0.32314660267279693,0.08619628887381915
128,6,val,57,4953.9390625,452.23116928318063,1818.015896571791,0.37154576097424286,415.23582124327163,106.05584042193072,0.33738260097643247,0.08678893892479292
128,6,val,58,4994.390625,468.03762292580586,1880.493698014505,0.3862931021420962,433.97815497721126,108.94250408743744,0.35167895839073593,0.08826212250082999
128,6,val,59,5034.8421875,481.6818685167874,1956.8957649356325,0.3987137564639698,451.8219764769782,113.15624926282908,0.36449352328695156,0.0893458244601332
128,6,val,60,5075.29375,496.4598556365445,2037.6780315468816,0.4103857486493362,462.5603506209632,116.08406694739415,0.3766832447910373,0.09064752504752902
128,6,val,61,5115.745312499999,513.3285057134458,2120.602507902692,0.42455650651176263,478.4838523148096,119.56028555408693,0.3897013176227121,0.09146481300360831
128,6,val,62,5156.196875,530.8618502157856,2203.1730962850047,0.4372959049694508,494.81751113616923,123.06487509425779,0.40310948581943895,0.09254035037762112
128,6,val,63,5196.6484375,547.0858352469463,2290.8168745026896,0.45077168012483404,509.9873451327994,126.88441827233987,0.41956762174441553,0.0940923894842266
128,6,val,64,5237.1,563.3024657662986,2395.0017204740725,0.46892572343595895,522.6437756590485,129.42582382606815,0.4325709500699482,0.09551998177395951
128,6,val,65,5277.5515625,576.4826625000694,2462.6450908514744,0.4805887172023293,540.9700798591075,133.80220284795996,0.4444405168110288,0.09514756711039019
128,6,val,66,5318.003124999999,594.0079995487224,2537.4517662925023,0.49613261591600205,556.0998581233605,136.7861382561273,0.4607545261773316,0.09542716897563419
128,6,val,67,5358.4546875,616.1647993156905,2631.289979768264,0.5107284456347672,569.3933887687876,140.5278103486457,0.4769152024022699,0.09487021748269889
128,6,val,68,5398.90625,635.6745258562455,2719.343171648454,0.5251736533633672,583.9214247634459,143.42691568208465,0.4959713497296979,0.09517130974300708
128,6,val,69,5439.3578125,652.0627059777553,2819.656061321138,0.5388216972862653,599.843942785526,147.22791278542147,0.5089626540516756,0.09632832185018508
128,6,val,70,5479.809375,671.9291487523833,2924.64952397066,0.5560338610088589,616.5976400499744,150.52214670777175,0.522216404759239,0.09693125282742021
128,6,val,71,5520.260937499999,690.0357130118664,3026.3484158420865,0.5763637274082134,634.8782602182155,153.91364824317932,0.539155990133047,0.09760562937258244
128,6,val,72,5560.7125,708.8993791972484,3122.5896305966435,0.5877611683032663,661.211062146208,157.95152863603334,0.5521349572464376,0.09733097510158939
128,6,val,73,5601.1640625,734.6258887267965,3225.6933536358933,0.601301069402635,678.0265439400637,162.45542043759542,0.5707966429963629,0.09786525999435497
128,6,val,74,5641.615625,761.4792240818105,3344.2518529337713,0.6221514652918758,698.4161371402138,166.11219224034812,0.5826919348587839,0.0985863671434245
128,6,val,75,5682.0671875,788.0431140982012,3461.996273824294,0.6351008164626609,722.0927361316285,169.6452462605862,0.595927951409142,0.0984981785269283
128,6,val,76,5722.518749999999,813.4694599095695,3583.362791034415,0.649340566233475,743.064154122294,172.9705306711935,0.6149931040758255,0.09944664562089398
128,6,val,77,5762.9703125,837.6650539679531,3704.2157263419217,0.6641825384213762,764.5020752716505,176.49461517913778,0.6276247410488822,0.09995781498510665
128,6,val,78,5803.421875,864.3912550676873,3808.3214257057934,0.6800729196333732,785.259284723054,180.87540420333426,0.6438721859431396,0.10018263280162087
128,6,val,79,5843.8734375,889.3465261248252,3908.6180349325127,0.6986863947385513,802.904593499818,185.87203823494747,0.661334902481367,0.10090269374388519
128,6,val,80,5884.325,911.6496315179106,4034.3477629015542,0.7169543298229872,821.7145453202761,189.70572641387662,0.6780455612975383,0.10169008744331798
128,6,val,81,5924.776562499999,938.8656279058125,4158.218788610211,0.7329330791051997,839.6750225224991,194.60756903487209,0.6937190069465082,0.10176339483935343
128,6,val,82,5965.228125,963.7440313538264,4295.035968591437,0.7509285827265733,862.1280636964457,199.84489824105367,0.7089329911964537,0.10209011298253912
128,6,val,83,6005.6796875,985.9008296673437,4408.367473473756,0.7672811408274416,887.6938231038529,203.01431259372293,0.7258113793909421,0.10401284688558651
128,6,val,84,6046.13125,1011.4183861267492,4536.9282715934,0.7834418506500462,915.1780605291151,209.22176419490768,0.7441939679898729,0.10626142229496968
128,6,val,85,6086.5828125,1036.6689737062522,4665.340610758444,0.7994766842103207,944.1056394970815,212.23274268695036,0.760389263320671,0.1071720278033178
128,6,val,86,6127.034374999999,1060.6462849499962,4796.733478335757,0.8157880300097287,971.2750906736005,216.08089638894512,0.7747963253720985,0.10709974553469587
128,6,val,87,6167.4859375,1090.180384636028,4930.278949661059,0.8267125788123391,992.4112302677486,220.67874727528647,0.7910495820024621,0.10775210758909304
128,6,val,88,6207.9375,1125.9810085870186,5117.835677617912,0.8395145428612694,1021.5492665025749,225.86083184321382,0.8049058122073967,0.10685949928523897
128,6,val,89,6248.3890625,1153.6358560867939,5267.0705450177775,0.8534901767662251,1046.9154590814683,230.44677286134174,0.8150356110096235,0.10711439507496423
128,6,val,90,6288.840625,1189.4404150643823,5415.915594985921,0.8690943063228984,1073.9619011882837,236.43924521854842,0.8361445013049112,0.1075739511544882
128,6,val,91,6329.292187499999,1218.0587079221823,5581.519400048673,0.8828137699483513,1096.3130705519006,242.21263401365434,0.8510770009251822,0.10924865227956299
128,6,val,92,6369.74375,1248.5096219918148,5733.407170024299,0.8985777026770392,1118.9961556401613,244.73453722740146,0.863151891823441,0.10982835698597482
128,6,val,93,6410.1953125,1279.623099676428,5886.826873271064,0.9093969513792044,1147.8632644716527,249.48589279318867,0.8795890461789357,0.11007540244201836
128,6,val,94,6450.646875,1307.5065778566568,6033.883636736295,0.9242729226822399,1173.5899794218199,251.14224935441598,0.890446823502089,0.11164288339667039
128,6,val,95,6491.0984375,1340.3950933907254,6191.427575669632,0.9401274585064123,1207.4771744702844,254.4672798519514,0.9020408179775952,0.11243913315496512
128,6,val,96,6531.55,1371.7164834530422,6350.971432944594,0.9534434503687961,1230.983962976552,258.94718475827005,0.9180084400383925,0.11372625304905543
128,6,val,97,6572.0015625,1407.323963947789,6512.694335421367,0.9689705007350502,1260.4895636432047,263.910800350601,0.9354868316142351,0.11508562021724303
128,6,val,98,6612.453125,1446.6940250050584,6719.895703321472,0.981828089979625,1296.4102301990295,267.78110811895317,0.9506999077805167,0.11614021575093658
128,6,val,99,6652.9046875,1479.0935380484598,6905.442181827269,0.9950349360313138,1328.5984186443898,271.8449641016605,0.9673441858447305,0.11666797676855145
128,6,val,100,6693.35625,1509.6539322574642,7009.7107877852895,1.0094931962867093,1347.4857096142898,275.0979464513179,0.9820812847565752,0.11662993560742772
128,6,val,101,6733.8078125,1546.1343376471177,7179.355966700525,1.0228373410801073,1379.3147547783065,278.5437132377799,0.9877400978394735,0.11736773384475596
128,6,val,102,6774.259375,1586.45296633199,7350.985723418744,1.0361481777932113,1408.7758684694336,280.3780388710777,1.0043129649424942,0.11879080011403115
128,6,val,103,6814.7109375,1625.8373843318736,7524.386233682234,1.0494629904662518,1445.137688080763,284.1621630451847,1.014825683378684,0.12278989175566746
128,6,val,104,6855.1625,1667.7745860761775,7699.607408912324,1.0637526107511175,1494.6854096031075,290.660320988934,1.0259849092648237,0.12298162726465112
128,6,val,105,6895.6140625,1707.611889231714,7876.587503080242,1.074299425250086,1535.1212810559646,294.9340206576885,1.0536354871789055,0.12396498424748631
128,6,val,106,6936.065625,1750.4462281783617,8055.185806492528,1.092604343960288,1569.8239163227754,299.46282740544564,1.063428269297291,0.1251575934515673
128,6,val,107,6976.5171875,1787.8606412469935,8235.500097696084,1.1091581537432116,1603.0268661887276,304.39499743403076,1.0823686213156103,0.12428630135041807
128,6,val,108,7016.96875,1828.9147679604412,8377.206485858638,1.1288908635516681,1642.8463588378008,309.651171501514,1.0956557592598086,0.12363051833046135
128,6,val,109,7057.4203125,1871.3078652277204,8562.444928463357,1.1397983066328277,1699.397274137084,313.88274679733286,1.1074797453435037,0.12310862590216715
128,6,val,110,7097.871875,1911.808359212955,8787.281695465992,1.1445979646773352,1745.8845587161989,319.7802807634247,1.1077996970469406,0.12545061667483537
128,6,val,111,7138.3234375,1968.7005647413116,8975.162224551153,1.1548003014942299,1790.2171990788247,326.3446286623548,1.1254859278900797,0.1277447508572921
128,6,val,112,7178.775,2008.3522710908142,9200.306062133488,1.1646344865067353,1825.1153657712534,330.23771443561856,1.1289081718565963,0.12905131315354285
128,6,val,113,7219.2265625,2044.2080895636536,9457.476472435492,1.1756401211241163,1868.3000116995174,336.07805204388796,1.1337063748081966,0.13047074287256266
128,6,val,114,7259.678125,2095.7807351985593,9701.213973389353,1.1788094607507045,1896.079728626546,339.01076470354496,1.1384521936527725,0.1316470088040915
128,6,val,115,7300.1296875,2153.151517617175,9898.282557426568,1.189399272374561,1948.1375432314962,344.1775330442738,1.1397737744089746,0.13358924845212686
128,6,val,116,7340.58125,2193.5277957055914,10096.658314697279,1.1950795142176425,2007.6986431068865,348.28618332323913,1.1478138497854617,0.13343145070957713
128,6,val,117,7381.0328125,2225.4352392691317,10296.343330273157,1.19552789257088,2076.254222496459,355.6016889426701,1.1600566658820783,0.13590118462528283
128,6,val,118,7421.484375,2268.847502304425,10497.234782916945,1.205739570488168,2130.234919662229,362.14616011807266,1.1613932000089644,0.13658342988583094
128,6,val,119,7461.9359375,2333.2254468083847,10699.385428719022,1.2074512464957943,2173.0478681262753,367.127641730022,1.1662754656896324,0.13625776638802323
128,6,val,120,7502.3875,2377.989159322567,10902.634223484902,1.219198863743387,2207.4361186244005,370.25231823378135,1.1869809273487333,0.1376967319655087
128,6,val,121,7542.8390625,2446.4926788515413,11106.982144316054,1.221253283332946,2254.118449832362,375.82021287380485,1.199334669385363,0.13942211098534607
128,6,val,122,7583.290625,2501.2920158790166,11312.355323815946,1.2316022135753206,2292.8551988215704,383.2445329143326,1.2039933832131144,0.14111777362797034
128,6,val,123,7623.7421875,2545.319365007572,11518.748118508629,1.2382625760469779,2341.214890221522,388.94750123154154,1.2016045453081547,0.1419676351266802
128,6,val,124,7664.19375,2584.080873592484,11726.116100756271,1.2403302726980148,2369.2864128126703,393.8611903373612,1.1974703703543503,0.14280196097936002
128,6,val,125,7704.6453125,2642.5821475256726,11934.633149390429,1.2345870672055836,2419.4189513474385,398.35961255548114,1.196455535615537,0.14525868948707388
128,6,val,126,7745.096875,2685.486246292612,12147.495080188415,1.240012057985601,2458.7118824473464,402.90222424469846,1.205616458328812,0.14486573646929277
128,6,val,127,7785.5484375,2728.6604393756875,12477.99308600679,1.2449700092018872,2504.453975596107,406.19816293315125,1.2016310935260566,0.147014905179918
128,6,val,128,7826.0,2754.6595917958994,12691.917349661528,1.2474523928825558,2541.8742142464907,411.80648471242876,1.2161102951410707,0.14793464470258533
128,6,test,0,2648.2,0.0,0.0,0.0,0.0,0.0,0.0,0.0
128,6,test,1,2688.6515624999997,2.1244510161153585,3.955076728195906,0.002737694065750346,2.075870032548721,0.34374191252162234,0.0024350579799720194,0.0010173865274479277
128,6,test,2,2729.1031249999996,4.468841671538826,8.200173247078627,0.00589784692729689,4.369948372090704,0.7209527559268736,0.005257343645091814,0.0021179635332760002
128,6,test,3,2769.5546875,6.900465593432159,12.83632129560033,0.009108333367792432,6.7765578582204,1.139073236203103,0.00820567821162169,0.003323658292533503
128,6,test,4,2810.00625,9.427287405657125,17.961981173777986,0.012490211655816555,9.291758442842024,1.5553522622049343,0.011006770459637532,0.00451207989350666
128,6,test,5,2850.4578125,12.59387141010393,23.82650773843125,0.016186830977995247,12.304064999121067,2.048307964761076,0.014380752621438947,0.0058733718151134096
128,6,test,6,2890.9093749999997,16.045302004563666,30.048895401162675,0.01992476782788563,15.683213557267095,2.5689795447121355,0.01736505565553062,0.007288281881223484
128,6,test,7,2931.3609374999996,19.463255899152543,36.166401048092226,0.021594437275203673,19.018531511292736,3.1084560358962676,0.01859632001592528,0.00808258789771095
128,6,test,8,2971.8125,23.281817974982744,44.185763177083025,0.025823928596366154,22.84084974795686,3.7797217608108724,0.022186866017518653,0.009695896729888798
128,6,test,9,3012.2640625,27.119395353693676,52.50179060801341,0.02928091661734552,26.445591484076658,4.388859904263853,0.024964900555181357,0.011360093989203762
128,6,test,10,3052.715625,30.86309577264501,62.0962276360416,0.032371749566502406,30.097155672111104,5.132686682337351,0.026963777372348424,0.012631165091243554
128,6,test,11,3093.1671874999997,34.90254018620931,73.15930001647999,0.03596415033098321,33.87105119032263,5.82291178129779,0.030182780799041867,0.014317113145648902
128,6,test,12,3133.6187499999996,38.97030548115321,85.85771235335858,0.03966192628856828,37.896382836546394,6.849119027378947,0.033636877408644086,0.01584341231299774
128,6,test,13,3174.0703125,43.16160496093424,97.77707045188538,0.04353951191614271,41.732862683812044,7.808853706610108,0.03709292117462862,0.01717338334362127
128,6,test,14,3214.521875,48.23705212871943,109.76115763341036,0.04791638937843602,46.33124358599616,9.011060062891207,0.04066667811383068,0.019211607908791763
128,6,test,15,3254.9734375,51.841298979860895,125.03800041482408,0.050805150960271314,50.029214467045335,10.03556852300136,0.04276423276683666,0.02022597491361383
128,6,test,16,3295.4249999999997,56.36548181090717,141.2490659116756,0.05466654725013939,54.400882191991684,11.327091798187361,0.04529149119960815,0.021836640272422658
128,6,test,17,3335.8765624999996,61.54178660079879,156.88551077101923,0.05805242617335643,58.88443526049869,12.546966030917872,0.047554548643216794,0.023526994419985382
128,6,test,18,3376.328125,66.59915850317333,173.73367939442377,0.062334997804038006,63.73013690666607,14.011082284353549,0.05035252946889498,0.025368595439379665
128,6,test,19,3416.7796875,71.59567072275763,191.96140030357046,0.0660461502086443,68.78199729548129,15.275274464322308,0.05281976632251148,0.02690164128381963
128,6,test,20,3457.23125,77.47692954375829,213.20929059072725,0.07100611723477157,74.19818687591828,16.722175079806334,0.056969841968426,0.02887130178363614
128,6,test,21,3497.6828124999997,83.20140131692,237.35902964283804,0.07528815114573977,79.92337949032446,18.226435058110724,0.060920316410643244,0.030497926579335435
128,6,test,22,3538.1343749999996,88.50834172292288,258.93543252063864,0.08041189147976573,85.2619857673318,19.525291652001897,0.06328796880479028,0.032720113244556065
128,6,test,23,3578.5859375,94.4053163716565,280.91800899764934,0.08642584590163802,91.5473335461563,21.284257358473724,0.06685679108020147,0.03414030298115253
128,6,test,24,3619.0375,101.57858251898321,308.9491443248372,0.09095279058976558,98.06125477797423,22.74135603140337,0.07061690979687144,0.036010800589025144
128,6,test,25,3659.4890625,108.2718277390029,339.64669749331165,0.09331881272136644,104.44979322314651,24.481434944480185,0.07495633728174175,0.03709399822528388
128,6,test,26,3699.940625,116.00091475766573,368.8121871901459,0.09849964036330247,110.68344008595865,25.75118209460925,0.07824172643903712,0.038886259492877835
128,6,test,27,3740.3921874999996,123.23264129742739,399.2845829188568,0.10363770210865958,118.46661043584206,27.878225255170364,0.0839651449023246,0.040164878799806014
128,6,test,28,3780.84375,130.85534563496637,436.1054826414087,0.10881131151088512,125.84300770407387,29.364636774836583,0.08834663707719004,0.04101070108293581
128,6,test,29,3821.2953125,138.05111606136933,470.11350815191935,0.11316610586239659,132.05727509458143,30.68205443951655,0.09166229046943773,0.04275313192719874
128,6,test,30,3861.746875,146.44155721634888,509.64434762425884,0.1185763875295974,139.78893496465616,32.68740043189666,0.09671510564495181,0.0438097311655887
128,6,test,31,3902.1984375,154.98590274573587,546.8020951166434,0.124025499390416,147.90874429532153,34.83069779687753,0.10057476922480102,0.04632227815262388
128,6,test,32,3942.6499999999996,162.91284226252856,587.4770973926396,0.12822909189802792,156.17187159024581,37.031052411933274,0.10401580596562134,0.047439241874842886
128,6,test,33,3983.1015625,171.7409129051788,630.6753372281115,0.13300895197812523,164.29006000937818,39.259875254096244,0.11085521406237198,0.049062745046817534
128,6,test,34,4023.553125,180.24901201551913,667.8330944619427,0.14098145462486475,172.52999012231385,40.34243178881525,0.11660608324713835,0.05024754273736873
128,6,test,35,4064.0046875,188.607276958507,710.0885343494152,0.14800927430837912,181.22726607748518,40.90495428615526,0.12401931652993026,0.05219175699825579
128,6,test,36,4104.45625,197.10279397521367,752.4163965575248,0.15563514324182237,187.34479108551483,42.60885520319846,0.12926349105886992,0.053806757105156124
128,6,test,37,4144.9078125,207.10911740238203,794.4575570207705,0.1629559050044544,196.3891890640266,44.5595132071972,0.13658943021207898,0.05496426346376232
128,6,test,38,4185.359375,216.43746294133416,844.0885842737879,0.17027240461334886,204.79817770306852,46.28744146689989,0.14427213057221014,0.05646709176572451
128,6,test,39,4225.8109375,225.9135616366592,891.5739627332742,0.17821351716988676,215.00594428211883,47.99127122786828,0.15136925749220959,0.0586213956793296
128,6,test,40,4266.2625,234.27916391210601,947.7218184150042,0.18569052915719253,223.00599801305054,50.15971747356218,0.15885454016209555,0.06063901715351941
128,6,test,41,4306.7140625,243.90786251157692,1000.0131104255871,0.1938181101628347,232.53659628107215,51.73747849396193,0.16714454104378718,0.06210824077749512
128,6,test,42,4347.165625,254.6327134495101,1040.4389192303684,0.20202916567918158,241.63258989378278,54.92217986876824,0.17425796862939602,0.06334853711418426
128,6,test,43,4387.6171875,263.57009408755147,1082.5654232439379,0.21103158596767063,250.48146247411296,57.04237612201979,0.18331581389442048,0.06485451549149979
128,6,test,44,4428.06875,275.5516615809199,1140.544958908693,0.220041545448124,262.48181942706594,60.07598316860552,0.19087023155452826,0.06677118365122722
128,6,test,45,4468.5203125,286.5999780435402,1202.0164299756027,0.23038162194589928,271.12488108786437,63.9324869325506,0.20006720020846608,0.06861150424550527
128,6,test,46,4508.971875,298.36120692879575,1260.3226681060735,0.23669459179080815,282.9558491908273,66.47971797900354,0.2103476464994751,0.07085086623884326
128,6,test,47,4549.4234375,311.8211805529132,1315.9477293621185,0.247113034977528,294.443965270176,68.86814724116874,0.22188199327652022,0.07224476020963044
128,6,test,48,4589.875,321.1906358520373,1383.3037084195348,0.25779603992521355,307.44356362107794,70.91535776718416,0.23245601261914772,0.07232819210685817
128,6,test,49,4630.3265625,332.52481547817325,1452.8164063348452,0.2698316790701455,318.1533934509275,73.93655799202747,0.24341873803536418,0.07379164457009361
128,6,test,50,4670.778125,346.6751809707205,1528.4867432716546,0.28366788294699635,328.562680013448,76.47798974728914,0.252306836099404,0.07577557599549103
128,6,test,51,4711.229687499999,357.7983428436582,1604.6570382541327,0.29781011142799435,340.34122313791215,79.72493915807632,0.26323565740801746,0.07672419253145285
128,6,test,52,4751.68125,368.8442807558303,1670.0630785839808,0.30919949495709226,350.8080887658309,83.1278721884594,0.2766310281470813,0.07764621140030764
128,6,test,53,4792.1328125,379.9610140723696,1750.73714813987,0.3173313690536689,361.9900054146017,86.12279096239206,0.28710548313974105,0.0787587391692865
128,6,test,54,4832.584375,392.74139295474697,1826.7847448925975,0.3306641170595856,372.37689046851585,89.56454215981057,0.29917589272075545,0.0795728936090574
128,6,test,55,4873.0359375,407.89036343508656,1911.328340417273,0.3432418394989558,384.63614810250135,92.21673782173889,0.3104294702050564,0.07999701136609909
128,6,test,56,4913.487499999999,426.65463792093306,1979.5565742250433,0.35715141312704646,399.06081738985046,95.64039473676189,0.32503555042908555,0.08007360920830528
128,6,test,57,4953.9390625,439.35692949532523,2061.7751079624604,0.371653386502491,412.8023725026543,98.85380301834346,0.33926627309771584,0.08116640575385123
128,6,test,58,4994.390625,455.7490243739828,2145.8113002760956,0.38726403315819496,426.313324882468,101.85578165982578,0.3517515853402736,0.08224626455121536
128,6,test,59,5034.8421875,468.62139821459436,2231.018687882629,0.40079949944536386,439.97698415424225,105.69419617770848,0.36689768361559266,0.08324641524445203
128,6,test,60,5075.29375,481.65355999623927,2304.8475894133053,0.4137874013115991,452.3108084943317,108.36366700446831,0.3834696370580808,0.08432356688819337
128,6,test,61,5115.745312499999,501.11853513887183,2396.9225921941575,0.4284847992107148,473.4765498200027,111.86874039273897,0.39974210406709676,0.08514844308306173
128,6,test,62,5156.196875,523.0183194047555,2479.351863483056,0.44329493007534,493.72004609472594,114.3654197090811,0.4144512046673557,0.08535982037161625
128,6,test,63,5196.6484375,539.0372380333623,2555.316588304951,0.4583135364210449,510.8477632601378,117.92671034797664,0.4295334026850131,0.08580609201324502
128,6,test,64,5237.1,558.0871791899433,2644.854127702431,0.4752003318484084,531.5189175026518,121.50968387974359,0.44367825895473556,0.08632393798227098
128,6,test,65,5277.5515625,581.3173474518508,2722.463857578538,0.4892151351842261,553.3957602458202,125.3488725613181,0.4578685622878137,0.0867134001906987
128,6,test,66,5318.003124999999,602.1397075485027,2797.216665898458,0.5027506537913853,570.5342354311256,127.39765197486008,0.47457734968657517,0.08751941727212124
128,6,test,67,5358.4546875,621.0221113923353,2870.566428874653,0.5178284044610737,584.1341592818026,130.68283910150313,0.4899475425664511,0.08836105305804604
128,6,test,68,5398.90625,639.146130009209,2954.129714421528,0.5316896704818872,601.4140352742032,134.85586376705783,0.5081865902165222,0.08870326244479254
128,6,test,69,5439.3578125,653.9791945474178,3058.5242993857746,0.5455624018863015,617.7173389663153,138.60039717337713,0.5241957628767182,0.08870299517248735
128,6,test,70,5479.809375,675.8348728828576,3184.5476485113313,0.5625855296021374,635.2455018902745,141.65046305120654,0.5380877725092853,0.08873310873966649
128,6,test,71,5520.260937499999,692.2085810470833,3262.375242106923,0.5796291452469238,652.5172430172894,145.6743736365098,0.5541471187523253,0.0889809724136057
128,6,test,72,5560.7125,720.4065570909931,3330.7591807729123,0.5982109187675291,678.9356250960701,149.59108330580762,0.5703046497450154,0.08937233371207262
128,6,test,73,5601.1640625,738.7695187558165,3392.0981593098604,0.6115430933367055,701.4414791536154,152.05184880868217,0.5835193108597938,0.08964742646053701
128,6,test,74,5641.615625,767.6864513275348,3488.284678858796,0.6281986903100695,723.3679169060423,155.74872883928137,0.6038753156278193,0.08959702663246548
128,6,test,75,5682.0671875,795.1167527965595,3591.379371356461,0.6471594083208854,744.9937143861724,159.2818837194585,0.6212086405385786,0.09031261517652295
128,6,test,76,5722.518749999999,815.0454433141117,3701.0698569049805,0.6644074900788011,766.2385169317076,162.61902325736344,0.6331111724722851,0.09071626135084832
128,6,test,77,5762.9703125,842.0308732287651,3830.963306385309,0.67965720917023,786.3813428592863,166.11858027119553,0.6521156327810723,0.09290276062934572
128,6,test,78,5803.421875,863.8247964932617,3904.4648171766617,0.6961878812634381,800.8800436167149,170.36382057109023,0.6676815447589566,0.09339416760327968
128,6,test,79,5843.8734375,887.9142582252655,4029.0266848593433,0.7111657119828128,814.698373463429,173.4174129756667,0.6821319477558346,0.09264451650817587
128,6,test,80,5884.325,902.960984030349,4128.532922861761,0.7253432063294568,833.6261295958138,177.59613860374657,0.6953679392145209,0.09326138066878585
128,6,test,81,5924.776562499999,926.6785305202445,4215.812832008352,0.7411229310531411,859.1225136800489,180.46964974337243,0.7080363558046847,0.09461496715362609
128,6,test,82,5965.228125,945.5162039143943,4367.418347914295,0.7558142811762841,880.3041841646136,185.27084937282723,0.7242841411407245,0.09531804580032929
128,6,test,83,6005.6796875,967.6033868986025,4486.567383108606,0.7684080983005663,903.1996908829001,189.41969337689812,0.7362865729686335,0.09518589882703388
128,6,test,84,6046.13125,986.6872851902144,4619.534444299868,0.7835466500814847,926.0110768751417,193.17421881885633,0.7503423836995871,0.09520590447203818
128,6,test,85,6086.5828125,1009.878827851665,4743.377413076989,0.7943145018838721,942.322488403704,195.80353099317716,0.763409318105139,0.0954752076302483
128,6,test,86,6127.034374999999,1035.3965395292307,4882.339979541486,0.8076581932734486,957.8201744324417,198.97371525765806,0.7780099607399906,0.09549467984139477
128,6,test,87,6167.4859375,1057.7704017229762,5020.618348383535,0.8184140050292235,990.3626707296028,201.42047265690977,0.7914107363006726,0.09596447957307616
128,6,test,88,6207.9375,1087.7218856792013,5146.099291805785,0.8339732363169261,1019.0320301183391,204.1627826763186,0.8077165111161355,0.0980136718523629
128,6,test,89,6248.3890625,1118.5315201246412,5277.635115728819,0.8469294342827866,1046.2810180515448,208.02832643786928,0.8214256380116267,0.09898240626703657
128,6,test,90,6288.840625,1156.9555044420808,5423.20651282981,0.8616476697656128,1071.7315639991511,211.79956027258663,0.8366626605526284,0.09871757416986672
128,6,test,91,6329.292187499999,1182.0134035126841,5580.839516739197,0.8760901203696547,1094.5403787221437,216.1644481299163,0.8540746968730556,0.0989862774928938
128,6,test,92,6369.74375,1214.6760732827602,5715.776014707998,0.8894479246873057,1119.6785502974649,218.9786663824549,0.8725444139701249,0.09996725323318015
128,6,test,93,6410.1953125,1250.9289531400896,5848.863836109352,0.9021753096183152,1136.5627735416056,223.37124694350052,0.8867624385911071,0.09993036111956635
128,6,test,94,6450.646875,1281.382572019524,5924.671160668098,0.9212202284438544,1165.5588326723603,227.36459887778437,0.903488440807218,0.1015705258406649
128,6,test,95,6491.0984375,1318.7627536957366,6076.8297531292355,0.9367186714440007,1199.164979387291,233.67828201722318,0.9171829472462492,0.10147385173253295
128,6,test,96,6531.55,1346.6633776090475,6271.274394610328,0.9558761012824109,1235.6429566495137,239.52315065958453,0.9349202035961839,0.10458686728183689
128,6,test,97,6572.0015625,1379.8742221436414,6442.534522009032,0.9655573399978655,1277.8529310883187,243.23597299030553,0.946181818510361,0.1067745783099091
128,6,test,98,6612.453125,1410.516091660158,6591.50630764753,0.9777462443694568,1304.1185510920882,247.48552803882262,0.9608769214431643,0.10940856536589913
128,6,test,99,6652.9046875,1439.6421159390957,6727.278678811314,0.9956242823831938,1342.778791879482,251.15712537469915,0.9724139530205428,0.1098689786156442
128,6,test,100,6693.35625,1465.5827187697525,6845.574049378186,1.0133109158560263,1375.0245273040207,256.4605541528522,0.9853882096520356,0.11119073856164993
128,6,test,101,6733.8078125,1493.837885163714,7011.899717958364,1.022906136073476,1400.4858032529341,261.49091464724705,0.9966784350662963,0.11339468683237847
128,6,test,102,6774.259375,1535.0120863100258,7179.808401501236,1.0320656104264372,1432.8552897988375,267.1888011395822,1.008957481813018,0.11413837092196302
128,6,test,103,6814.7109375,1577.999461097079,7337.256657786714,1.0437657630167907,1471.8912196237,270.61730259572414,1.0186096905911781,0.11602109397691913
128,6,test,104,6855.1625,1609.4770218449385,7471.839198535984,1.0627413630912228,1501.354932545098,273.2752153111164,1.0332224927413964,0.1168058547843416
128,6,test,105,6895.6140625,1651.7965760603417,7625.260715631753,1.0699528403929834,1528.627666945752,277.01870564099096,1.0459849170946085,0.11755688255013844
128,6,test,106,6936.065625,1683.6763374113275,7775.693059272413,1.0852539314654963,1558.9982591733929,281.52833811232017,1.0511889033841884,0.11769756630249789
128,6,test,107,6976.5171875,1715.8949450094667,7970.954743664171,1.0941724528760743,1601.487521217102,285.50796320996596,1.0598584543787397,0.11891469987839387
128,6,test,108,7016.96875,1756.7375940338934,8163.605470556492,1.1087227996956077,1643.769034785457,289.27920884919445,1.0663633146734823,0.12061041517861734
128,6,test,109,7057.4203125,1797.8416056719802,8425.90015527086,1.117484243203057,1686.7646424589361,291.64774174281405,1.0816415863462576,0.1208531466945433
128,6,test,110,7097.871875,1834.9086220914046,8652.482813620689,1.1262860780809347,1714.8084625884935,296.41299844170635,1.087389693437718,0.12146776885892108
128,6,test,111,7138.3234375,1879.3527909132736,8855.750486472847,1.1355957862252826,1758.7210020953598,300.5230228865301,1.0970265310668303,0.12314664354104443
128,6,test,112,7178.775,1917.2408333054136,9146.19999625187,1.1469756462468146,1807.5794108956416,305.95380154479557,1.1143778455582343,0.124816865515456
128,6,test,113,7219.2265625,1959.473407901939,9466.527221637734,1.1595590705906766,1845.6394792553397,310.16076951846827,1.1315635093654826,0.12581957008822064
128,6,test,114,7259.678125,1986.9709576266246,9686.130238652098,1.1692752335667294,1895.9165538277034,314.7261530793495,1.142187022219014,0.126898638316799
128,6,test,115,7300.1296875,2044.361804607206,9901.020905059415,1.174375230822696,1943.9244997808487,318.0402017809878,1.145130157680918,0.12899883411543814
128,6,test,116,7340.58125,2095.1034953957333,10114.007071009075,1.179580800798663,1991.430185918105,323.0295577393534,1.1621747191517402,0.1289108310346572
128,6,test,117,7381.0328125,2138.247627839036,10299.169422141906,1.1815454536777785,2039.8508014875833,327.0094358290905,1.1652261104519168,0.13006172978853245
128,6,test,118,7421.484375,2185.434725389939,10473.669759237795,1.1896994082372174,2080.0640370102287,333.5197503559826,1.1652089703398718,0.13133890308923354
128,6,test,119,7461.9359375,2260.6084129559463,10644.123164614324,1.1947073729072013,2120.6658664420565,339.3735517332104,1.1751310427405848,0.13128266722183674
128,6,test,120,7502.3875,2292.2284195118436,10814.971935559495,1.2047711756447144,2168.2874082260355,344.5886901026478,1.178445246667985,0.13261909165766633
128,6,test,121,7542.8390625,2332.2508915214403,10971.001500528082,1.2159661649828388,2219.770632049318,350.22741676513647,1.1869704311737244,0.1331164325733356
128,6,test,122,7583.290625,2381.8103710125624,11130.907690954034,1.224939129233743,2260.7650924979052,355.57883947709,1.1948584446398112,0.13337899466780295
128,6,test,123,7623.7421875,2434.574268812298,11288.403132281312,1.2261923516655726,2313.6033765797492,358.76318676981356,1.2046917416126333,0.13473355218446084
128,6,test,124,7664.19375,2482.9753718678376,11504.482397881762,1.2309419467038811,2363.527894719383,364.6125212895299,1.2140789348838756,0.13569608939484942
128,6,test,125,7704.6453125,2518.3760977006245,11749.537236585413,1.2411550303160421,2409.3892214164753,367.55812744614855,1.2187258771033105,0.13716979639522356
128,6,test,126,7745.096875,2565.032355101046,12000.240997906145,1.2451157313764645,2460.6434045161477,372.6727730999961,1.218121509762013,0.13802481514424597
128,6,test,127,7785.5484375,2629.2376150984182,12264.872799009425,1.2471988640178135,2508.815886907669,376.380949619211,1.218523849316866,0.13912581122458786
128,6,test,128,7826.0,2670.6963088818156,12523.73742487453,1.255876703689391,2555.811127481377,380.6075246623095,1.2216861231044152,0.13964471549727553
128,7,val,0,2648.2,0.0,0.0,0.0,0.0,0.0,0.0,0.0
128,7,val,1,2688.6515624999997,1.8260033969781375,4.009590600685437,0.002972534791846615,1.7111446790849527,0.5710233813971399,0.002529667028225435,0.0010914399016931364
128,7,val,2,2729.1031249999996,3.7232958766821866,8.160906701727908,0.005867273442580756,3.5299337708920575,1.1845554231584288,0.005014659207614944,0.0022271552987118692
128,7,val,3,2769.5546875,5.868961687365726,12.845571916980695,0.009215295455861083,5.578651132805312,1.8082254343880777,0.007848480961011872,0.0035218278825830535
128,7,val,4,2810.00625,8.317710272507384,18.28728299760484,0.012751250763444813,7.927017672454184,2.4924944239046454,0.0107948943309788,0.004910301238447712
128,7,val,5,2850.4578125,10.998179057757795,24.271530273497852,0.015881308931653404,10.630578035176086,3.2672903733050873,0.013418406546991668,0.006196318044222882
128,7,val,6,2890.9093749999997,13.94669062092646,30.450249710000314,0.019664083216408557,13.46469060305111,4.037291449556335,0.016453643867686205,0.007864904755022425
128,7,val,7,2931.3609374999996,17.03377629749525,37.456041508655325,0.0232143338190563,16.26570037649344,4.922750155074596,0.01908600173840258,0.009453275160845043
128,7,val,8,2971.8125,20.36508156388095,44.328208513114376,0.026951870268906303,19.408924370594605,5.858258002945149,0.022291891310218796,0.011111506618352585
128,7,val,9,3012.2640625,23.804436375286286,52.80435077302312,0.03110034593418326,22.78684661486352,6.8205384575747985,0.025383926421464198,0.012980049685862305
128,7,val,10,3052.715625,27.674610959039114,61.257957328850985,0.03590467313961329,26.263216499870623,7.955255413669704,0.02897148337842846,0.014706199308944096
128,7,val,11,3093.1671874999997,31.72384889231239,70.43560930915189,0.04024136724718741,29.93594357813123,9.117214944296848,0.0327730098360797,0.016397448139676002
128,7,val,12,3133.6187499999996,35.7358146121598,81.68687952352796,0.044295061701019045,34.09543239493473,10.293867354619124,0.0363713039016611,0.01827825072006628
128,7,val,13,3174.0703125,39.92768603254149,92.71438960945201,0.0485701243017017,37.542124318010295,11.467284202865358,0.040254674687580094,0.02007610300962942
128,7,val,14,3214.521875,44.684136703914135,105.32703985375629,0.054207087341946736,41.69023967449448,12.549706944128047,0.04435196790781269,0.022074695070355838
128,7,val,15,3254.9734375,48.630265172931786,120.60129396850236,0.05829642248563914,45.21425861101136,13.647376754178708,0.04814904282564661,0.023367194213901737
128,7,val,16,3295.4249999999997,52.78598549816138,135.78496025827027,0.06428543375894269,48.7997635599271,14.696397955333396,0.05187934900008611,0.025241068738249967
128,7,val,17,3335.8765624999996,57.163286075137876,153.47151341755415,0.06927266394639309,53.308799144815566,15.917725498425739,0.05508868110240539,0.02666344521413261
128,7,val,18,3376.328125,61.90000965468556,169.43207082989767,0.07449075588318241,57.62065153399476,17.37659147914883,0.05843051660872449,0.02882134125755699
128,7,val,19,3416.7796875,65.74595992009336,185.82604953809167,0.07975318127783487,61.09571138024705,18.695190186008404,0.06121971755645994,0.031063529194852446
128,7,val,20,3457.23125,70.33810630881021,207.082954655646,0.0850853533057444,64.84299737211074,20.03772995391273,0.06537769593001341,0.033326896123326774
128,7,val,21,3497.6828124999997,75.79376873889032,230.16611014469999,0.08972344085448475,69.2987934763778,21.70930906395796,0.06849233190764359,0.03544592663835833
128,7,val,22,3538.1343749999996,81.15781423642687,250.44576127241947,0.09510983910839725,72.7616337117496,23.65914103400657,0.07240618303337112,0.037731152268752344
128,7,val,23,3578.5859375,86.87772636619684,272.3047932300018,0.09995079756944247,77.36516476386157,25.271132374030003,0.07588137176241239,0.039191457275059016
128,7,val,24,3619.0375,92.01214826789794,298.8607087688231,0.10531426521276713,82.27104524567963,27.20720723327652,0.07989502784616631,0.04078665045040286
128,7,val,25,3659.4890625,98.16771369354171,326.57567121569474,0.1076709758090072,88.44136773730327,29.101583735453573,0.08265092985146327,0.04093223576799024
128,7,val,26,3699.940625,104.50045937341201,352.5882084431273,0.11320012027074555,92.47832723673355,31.329152525053416,0.08682297664312777,0.041657033474390426
128,7,val,27,3740.3921874999996,111.60757252093845,380.7885488250882,0.11894225185225121,97.75954346056004,33.31494714316818,0.0920796137616614,0.04225507922769878
128,7,val,28,3780.84375,118.29824458368421,412.8168216726713,0.12187747985340988,103.0864669894811,35.29854127282306,0.09388005075733341,0.04366963304215654
128,7,val,29,3821.2953125,125.12737563032772,447.5100081711941,0.126547331546073,107.76096856362471,37.683312750502296,0.09573561034988132,0.04595993833736434
128,7,val,30,3861.746875,133.05848898772865,478.9793952221557,0.13090584629023425,112.51220387793026,39.74900775271806,0.10059126403223762,0.047871933531125344
128,7,val,31,3902.1984375,141.33732801920473,515.3081937141732,0.13674923248856163,119.69197063623938,42.46035537374837,0.10615865511416633,0.04997150151100915
128,7,val,32,3942.6499999999996,148.29387921901116,552.9604874118814,0.14090944513958648,122.85446035047975,44.948033040512314,0.11015148692966256,0.053318368106458625
128,7,val,33,3983.1015625,155.97913714529454,592.9248220049387,0.148663222353268,128.55591036960945,47.70236377198955,0.11306320722133563,0.054672833482483085
128,7,val,34,4023.553125,162.21935283905253,632.9682886164021,0.15323440427265217,133.63835312597416,50.54777066295202,0.11888693187507571,0.05666688576318191
128,7,val,35,4064.0046875,168.6927538418388,675.695512250806,0.16014549868758643,138.14708698942013,53.22678035484785,0.1255475458409403,0.058806059712109615
128,7,val,36,4104.45625,176.77217674301104,719.2445998996516,0.16892097007681003,142.9587752491841,56.42135931442738,0.1326264218411699,0.061571312365452796
128,7,val,37,4144.9078125,185.221849749567,755.4095225248886,0.1779952528130624,146.82514300221783,59.12232000250839,0.1399658549272806,0.06183287690719741
128,7,val,38,4185.359375,192.96131713122122,797.7084277851382,0.18839623928676788,151.25424382193842,62.16886379742448,0.1495181785639288,0.06375225423287112
128,7,val,39,4225.8109375,202.16732265009796,842.9477246893533,0.19525503463083127,155.95745491206702,64.58354865591787,0.1585182319005316,0.06643632711208353
128,7,val,40,4266.2625,210.27892579152763,887.7932376222517,0.20587369549163181,163.97960981795734,68.14013962281251,0.16765777124581188,0.0675655730713147
128,7,val,41,4306.7140625,217.97155472631147,935.1290277110656,0.21566327261350604,170.66472855735526,71.15022727586506,0.1772534560168168,0.06938916426413311
128,7,val,42,4347.165625,227.8836135695883,988.0568834945676,0.22509918887957114,179.0992762072392,74.43997840574212,0.18648964474335394,0.07115145906834777
128,7,val,43,4387.6171875,236.65567384800568,1043.6189210046787,0.236549594854793,187.05373935242164,78.06052299278576,0.1970853104325196,0.07456300024226425
128,7,val,44,4428.06875,245.96744683445593,1091.9801575125646,0.24781417707640807,194.73865071933005,81.72225784630882,0.20976357571475535,0.07737160960899492
128,7,val,45,4468.5203125,257.50133250932095,1159.1850748264735,0.25876529810449184,201.7342909652058,84.66766689212335,0.22257424059315967,0.0795071371516888
128,7,val,46,4508.971875,267.521038418181,1213.9047911293046,0.26835548946507054,212.1489715113256,88.59644020376223,0.2355546343980261,0.0808610522698601
128,7,val,47,4549.4234375,279.3087630017226,1274.1098949405723,0.28070226309565016,221.78375371566972,92.51484344676086,0.24507323340061324,0.08304262295051601
128,7,val,48,4589.875,288.81899667000255,1331.0588795503165,0.29353093463270474,228.56089265505375,97.1003789813949,0.25773790259867035,0.08539097284569058
128,7,val,49,4630.3265625,300.9368594095463,1398.069792873692,0.3057004483227599,237.14248941455196,101.50429397365812,0.2696222483276195,0.08655886639741955
128,7,val,50,4670.778125,313.72169531437066,1461.8243949587259,0.3172846526460424,243.7841569073953,106.13581359721991,0.2799129395760491,0.08825832027332947
128,7,val,51,4711.229687499999,329.5046415937577,1535.1733357258465,0.32890926767835393,257.32819191003387,111.48279519106552,0.29069357205586954,0.09014844400043881
128,7,val,52,4751.68125,339.0285954361616,1608.4836037409614,0.3394055314802427,261.46995295918884,116.6554725460145,0.30313401715519395,0.09145136044363782
128,7,val,53,4792.1328125,352.5789898639289,1684.19530771623,0.3500004527253464,276.57728674284954,120.93782509629136,0.31387735409660333,0.09270694194623424
128,7,val,54,4832.584375,368.0949952938022,1769.3287039955792,0.36046911699273015,286.5423977449808,125.856183103906,0.3231426004473223,0.09389609118671746
128,7,val,55,4873.0359375,378.5618293248376,1853.9918708249727,0.36973456116104475,297.60808953164997,130.4356397387787,0.33407115675791743,0.09579470693309167
128,7,val,56,4913.487499999999,392.3493793374746,1938.5540859858968,0.3812669980757938,309.8949935202029,136.63602598325042,0.34310447818124146,0.09736791425449254
128,7,val,57,4953.9390625,402.0594823550141,2024.61041386491,0.39255395576212604,321.12237817863587,142.9569621120379,0.3528958102891472,0.09933546794226034
128,7,val,58,4994.390625,416.8071492443346,2103.777505148267,0.402400355278415,339.74399808022326,149.87213746471184,0.3639351889112019,0.10056194430136246
128,7,val,59,5034.8421875,431.3972312640715,2169.3491605799886,0.4160537234597639,352.2974237341714,153.67394333782158,0.3746317361168483,0.10157572328805858
128,7,val,60,5075.29375,446.4458747269191,2264.96195954086,0.42558789242200246,362.7384584785318,157.5238678514097,0.39033232951969643,0.10260311257542787
128,7,val,61,5115.745312499999,460.55409553287063,2358.3056848923097,0.4378377787059573,376.9984523777552,161.55986846035918,0.40104298519999526,0.10428136580620251
128,7,val,62,5156.196875,475.8624694011777,2447.4638014746806,0.44937916854317916,388.375755143727,167.45836800119207,0.41173494498325525,0.10541339827352392
128,7,val,63,5196.6484375,490.36637323763443,2534.4649496947213,0.45825495090468826,400.91523433163445,174.24343261541253,0.4222767910618125,0.10633503144714951
128,7,val,64,5237.1,504.1911153946046,2623.2472765865064,0.47049938020490334,415.8880564376659,180.846695160767,0.4339554015184294,0.10791463643584562
128,7,val,65,5277.5515625,520.2050222001731,2716.3664465935794,0.4812724711990568,427.6318876868146,186.94707785505216,0.44647713353183904,0.10831629993921302
128,7,val,66,5318.003124999999,540.0510753837864,2817.8471733969986,0.4927343843771359,443.31985074130387,191.98776414995677,0.4599697817838089,0.10996773056461129
128,7,val,67,5358.4546875,560.5541644456231,2921.4641848463343,0.5029204003302312,461.83163803618754,196.45578550054665,0.4733525039209846,0.11094799332027859
128,7,val,68,5398.90625,579.6194031451378,3019.3477823200665,0.5140711125250774,480.40466971906426,202.84044321545025,0.48678078620240095,0.11180368303913973
128,7,val,69,5439.3578125,604.422160315579,3124.8980431495647,0.5273328289528978,498.55638101617217,209.30817004523306,0.49847268145830625,0.11289873601933723
128,7,val,70,5479.809375,622.8651886089551,3230.702790483387,0.5376089751043256,515.0957282564264,215.55240845754042,0.5124524740634656,0.11384054372010066
128,7,val,71,5520.260937499999,646.2407283436704,3346.4330152482144,0.5498653761395467,530.3343223280627,221.1205842691868,0.5273668871091097,0.11371997495515651
128,7,val,72,5560.7125,664.3667910681756,3464.042375549188,0.5618744821165172,542.8069660389383,227.67363783540873,0.5357064444461296,0.11439514608622708
128,7,val,73,5601.1640625,681.4304047310031,3567.5879420104784,0.5717570216536085,558.8973426762891,235.0277980459765,0.5488654337438559,0.11487528376294756
128,7,val,74,5641.615625,704.0895418105748,3650.0490504515146,0.5872914150456543,581.2545640880842,239.28252697203334,0.5620678161296078,0.11538516058308412
128,7,val,75,5682.0671875,725.624106963437,3764.021607344173,0.6036761445115529,604.9092632100326,244.69656755609037,0.5776425162316925,0.11642453127524988
128,7,val,76,5722.518749999999,749.3384932102742,3889.5529103764097,0.6186574261370786,617.9850734290894,250.95282950923092,0.5870702426492014,0.11714389973693784
128,7,val,77,5762.9703125,770.2217920443104,4018.0256071155995,0.6323427038216617,640.5462723126548,257.2218538484208,0.5998359364370043,0.11782691320436772
128,7,val,78,5803.421875,797.5002431248868,4109.9567433204,0.6442129516695538,666.6678117080771,264.0828319614599,0.6149166704993436,0.118953884568819
128,7,val,79,5843.8734375,822.9601902339425,4263.517416379697,0.6628430240999406,684.8314312098864,270.2697359550683,0.6311187314126387,0.11979095936012762
128,7,val,80,5884.325,848.6080987084534,4415.534682247819,0.6776861872046167,711.1041953552331,276.71358466989204,0.6479002554721156,0.12025065462864526
128,7,val,81,5924.776562499999,869.7630644863068,4548.600588890505,0.6919365835289654,734.53519514851,282.2316631388446,0.6669099009262505,0.12126635117969131
128,7,val,82,5965.228125,899.3468862990994,4678.903242428514,0.7086652075578015,756.7073528526364,288.0217413588042,0.6762690346369948,0.12233599716146917
128,7,val,83,6005.6796875,926.120858000786,4810.522086854933,0.7224204939652035,781.2516220836301,295.1651038824252,0.6912470387151759,0.12313569169976682
128,7,val,84,6046.13125,951.5722285647144,4943.588095747789,0.7334330797876543,805.9729524558747,303.3190077426582,0.7068042817769404,0.12336481657487103
128,7,val,85,6086.5828125,982.6398476002396,5075.7350778372,0.7481525323957544,835.1343753288631,308.0475240974607,0.7242247666919,0.1243700146716471
128,7,val,86,6127.034374999999,1004.1102520666527,5208.503172766211,0.7623551557315311,859.9040512162901,314.920446525889,0.7402736477498395,0.12539795533860615
128,7,val,87,6167.4859375,1029.3455781197736,5320.433360570301,0.7782180327361443,886.8862067749888,322.13362608312934,0.7557272029298234,0.12558920843750918
128,7,val,88,6207.9375,1057.3316298251143,5467.627081095058,0.7935958831724876,918.179549932816,328.7284849210437,0.7709375434835908,0.12671847242593307
128,7,val,89,6248.3890625,1086.672831071695,5617.561918478611,0.8047909789747065,945.276883860771,333.9614803882682,0.7826031441722225,0.12719276879891855
128,7,val,90,6288.840625,1108.0149057351036,5768.4810556259,0.818230396596828,973.8354745202287,340.19127372764046,0.7945325428606043,0.12673402758271723
128,7,val,91,6329.292187499999,1135.346026561706,5929.02846753361,0.8326889036679719,1009.0847075427973,347.6083729816182,0.8110030661413054,0.12656790361502412
128,7,val,92,6369.74375,1168.5341636480189,6065.596432687236,0.8480067051880036,1041.2015979535454,354.76879420362195,0.8241165487281044,0.12708378834698497
128,7,val,93,6410.1953125,1196.9083231389845,6238.061555494763,0.861607337123732,1073.622141802275,360.97794415632654,0.8380314494873531,0.1277243351818242
128,7,val,94,6450.646875,1223.5365529269302,6401.730823896267,0.8812106196450231,1104.9186761160854,367.2962861574831,0.8513925582185611,0.12752740230552798
128,7,val,95,6491.0984375,1256.1505717061864,6569.633360000444,0.8973819004803041,1130.2977378267087,372.50565377473777,0.864740988126611,0.1276328377955785
128,7,val,96,6531.55,1285.894857938814,6736.524889161035,0.9132733941624727,1152.943085043745,379.9205262511123,0.8867022392791413,0.12842334931592245
128,7,val,97,6572.0015625,1323.5075053577816,6884.692042613963,0.9335635015301075,1178.1369654714524,384.5514231262008,0.9037811913463756,0.1292786597196574
128,7,val,98,6612.453125,1359.292524335956,7060.315685569789,0.9451308269129294,1214.5631747292782,389.8973005074424,0.9221822082209896,0.13027395711777412
128,7,val,99,6652.9046875,1389.5114677436595,7214.408388059883,0.9561043173806905,1243.931190414429,394.787766892847,0.936063541885801,0.13209669673050656
128,7,val,100,6693.35625,1422.1713002478255,7350.823920232132,0.9709104168192095,1279.2509576703708,401.5188937039511,0.9509351864144117,0.1319456297426509
128,7,val,101,6733.8078125,1458.5402708091237,7479.7511728105155,0.9839873989162182,1313.272299834125,407.5065750837439,0.9539001983691203,0.13290877319568906
128,7,val,102,6774.259375,1493.6077940871826,7631.542483372314,0.9933131513967797,1355.2156104210553,412.69908957677615,0.9572260784087572,0.13295010249104317
128,7,val,103,6814.7109375,1540.4019824125896,7825.458785019446,1.0022195643440146,1390.6768615201486,420.37291978772373,0.970719248888155,0.13351373107445275
128,7,val,104,6855.1625,1574.8512644948391,8032.880721819578,1.0107386958370725,1424.940015629545,424.7869019790471,0.9822519966749682,0.13437028340757862
128,7,val,105,6895.6140625,1608.4555626457586,8215.95962615749,1.019586115727125,1458.742604069812,430.5998394410153,0.9918135979855025,0.13441211402978603
128,7,val,106,6936.065625,1640.8558082402465,8394.614289135716,1.0316120496571686,1489.8908118920815,436.1822146238694,0.9948867917483062,0.1353317379901471
128,7,val,107,6976.5171875,1678.7108659214027,8569.434906005868,1.0346078764030542,1516.6730655770664,442.73662583835096,1.00160434569746,0.13572021579152937
128,7,val,108,7016.96875,1712.8450361865646,8746.570865711306,1.0500139342162207,1542.6878968700066,448.39286788835864,1.006593995032827,0.13407218565852919
128,7,val,109,7057.4203125,1749.3816017576478,8925.982084983807,1.060159671817107,1578.3827893387752,454.28838655584514,1.0189116002123633,0.13533042237913245
128,7,val,110,7097.871875,1790.2158816966107,9108.58890204451,1.0730840326245439,1618.2652592323166,457.85648201075446,1.0393722609159939,0.13463156380525212
128,7,val,111,7138.3234375,1829.2875945887204,9298.821610223114,1.0762936222342145,1652.081345847023,461.86943607254705,1.040164164625622,0.13547836436697375
128,7,val,112,7178.775,1869.7397713817736,9493.990705858647,1.0796945237248612,1694.2218140386558,466.8469673594018,1.0376921134130495,0.1357435750084443
128,7,val,113,7219.2265625,1914.0562252368625,9690.742466004169,1.0899625072998687,1735.829732411787,473.05662322297337,1.0503124347782666,0.13423513672002585
128,7,val,114,7259.678125,1958.2920349156439,9888.515276248216,1.0930245387673343,1781.4674499015766,479.46856834293783,1.061687773996442,0.13477372016838796
128,7,val,115,7300.1296875,1997.6595185152064,10074.113989535555,1.0979232715619403,1822.3213912089307,483.2871527351017,1.0617587201930123,0.13646434856140477
128,7,val,116,7340.58125,2033.0179313288,10269.827656538655,1.1154147379251467,1869.1854938663255,485.0175216073467,1.0694030133401693,0.13930950918968066
128,7,val,117,7381.0328125,2065.547474368941,10475.278232566461,1.116744199963965,1911.4033018174582,489.0776377010866,1.061760206529011,0.13965374478826925
128,7,val,118,7421.484375,2106.1975865009117,10710.762936769152,1.1176874809599169,1952.921025716627,495.18207643239975,1.0642057658417774,0.14275190532803128
128,7,val,119,7461.9359375,2143.0775610626824,10981.952566556787,1.1097294668909186,1986.5883396573877,500.3650560493611,1.0682348414029486,0.14485516771092777
128,7,val,120,7502.3875,2189.6935656707797,11256.45782109145,1.1146614629801572,2030.9312183663906,501.40608738878,1.0737217954761291,0.1466035903219913
128,7,val,121,7542.8390625,2224.5179624121647,11467.15115657642,1.1147663455476353,2079.6330338944244,505.49984757526545,1.0699363412396412,0.1470073810165024
128,7,val,122,7583.290625,2265.5174060789777,11672.71808652394,1.1140542506642148,2113.3053490598286,511.30703549358714,1.0787497842022487,0.14677999028450683
128,7,val,123,7623.7421875,2313.5268825224102,11879.685791965781,1.1276001295213722,2160.9963216785104,514.9071763572266,1.0814075260700828,0.14841833700743323
128,7,val,124,7664.19375,2359.048144430403,12087.903721313149,1.1366446443153433,2211.952766818101,518.4841712583648,1.0889446727889718,0.1487597386583689
128,7,val,125,7704.6453125,2408.4623112106838,12304.744395945065,1.149172948667121,2249.1442971800097,520.4919301434643,1.0940039848405247,0.15049979395513266
128,7,val,126,7745.096875,2452.1569540030087,12525.923850352034,1.1504962649431516,2305.2211229617114,525.9237379559352,1.0962773412550308,0.15078772036726357
128,7,val,127,7785.5484375,2505.6660955961547,12835.688991052182,1.1564973588548688,2343.7487753990354,528.1405889561768,1.1027543376303794,0.15159457062983994
128,7,val,128,7826.0,2548.740655373649,13103.479561706352,1.1491697627000752,2380.947048890903,534.2242269635449,1.1143460731314891,0.15227669724100432
128,7,test,0,2648.2,0.0,0.0,0.0,0.0,0.0,0.0,0.0
128,7,test,1,2688.6515624999997,1.7978274822070262,3.721750005924207,0.0028462896560933065,1.7020237912142022,0.5520963698621983,0.0024020591189166662,0.001015101137804772
128,7,test,2,2729.1031249999996,3.716238895066226,7.439999359529281,0.005774195326834625,3.4881596685476524,1.1503812682818193,0.004787869157473878,0.002082767803120167
128,7,test,3,2769.5546875,5.8297725347529195,11.728384260418068,0.009000457524901972,5.553160931000445,1.7727440829489183,0.0075292735151819,0.003364825299540436
128,7,test,4,2810.00625,8.325849269235519,16.441800982197208,0.012506265294972424,7.918327787180601,2.4445340270276006,0.010312968634204264,0.00463301019031255
128,7,test,5,2850.4578125,11.051188493516939,21.408414097021662,0.015753996545566848,10.546321584786966,3.1781925076206363,0.012841629859726422,0.005804321914130647
128,7,test,6,2890.9093749999997,14.102194528675227,26.837156409194318,0.019447164370748476,13.382357354369212,3.906706647462954,0.01577493348915021,0.007429964158093411
128,7,test,7,2931.3609374999996,17.21056941908472,33.14701269575054,0.02263280629080308,16.31859050507245,4.6783174961753105,0.018396033656895364,0.008778734317446343
128,7,test,8,2971.8125,20.726511394986602,39.95045621647365,0.026635053893273204,19.63670613508839,5.482717930892278,0.021641749369346285,0.010298792413956231
128,7,test,9,3012.2640625,24.13312688558733,47.628622230766396,0.030613833037635915,22.826830781861318,6.3782781047052595,0.02473019900804392,0.011878703816560476
128,7,test,10,3052.715625,28.079177373758313,55.69496849348642,0.03487463282398316,26.48978807626179,7.366053208013312,0.028451895827447463,0.013903133355677201
128,7,test,11,3093.1671874999997,31.990149167395288,64.4998817954786,0.039368261398603846,30.16437185510057,8.348830683978292,0.03194260625607667,0.015908488005962486
128,7,test,12,3133.6187499999996,36.214348232505245,75.65195126493123,0.043870878542158834,34.2141542171035,9.35905775291701,0.03568558681705386,0.01779853012318089
128,7,test,13,3174.0703125,40.44286411399867,87.13011942784642,0.0485288310580435,38.07670312879097,10.534462902285213,0.03931394646139799,0.019413893553735587
128,7,test,14,3214.521875,45.00123933592093,99.96889126255373,0.05415048408494508,42.51438016384412,11.730739581203409,0.043081954078851015,0.0217366679844469
128,7,test,15,3254.9734375,48.74553236235357,113.68715939164603,0.05858901420523015,45.923662182001834,12.624588837651274,0.0466892260333621,0.023075081954648802
128,7,test,16,3295.4249999999997,52.96760176698001,126.90270225444924,0.06343269931868671,49.80088926074444,13.623502896152218,0.04993291423179783,0.024941696131170615
128,7,test,17,3335.8765624999996,57.63677626218655,142.9630783239475,0.0691156907409625,54.0345382061691,14.734293048235259,0.053860995561557864,0.026978026809712854
128,7,test,18,3376.328125,62.292471371268476,160.1573252673085,0.07414530721225071,58.27147071943806,15.83644370591486,0.059342253460645256,0.029192116359876095
128,7,test,19,3416.7796875,66.51094690182546,179.3558777622338,0.07896524542323063,61.802694717205675,16.873634731165765,0.061779184144405974,0.03114178582163448
128,7,test,20,3457.23125,71.2915472783493,200.83320980930858,0.08423495908005266,65.83406326633323,18.264245343040386,0.0655872552891984,0.03324854216342314
128,7,test,21,3497.6828124999997,75.90096369362698,222.58214115058323,0.08975520018423937,70.41669461958122,19.68079707499726,0.07056963398315366,0.03547354999232713
128,7,test,22,3538.1343749999996,81.48129675421956,248.68963820688967,0.09471557511041241,74.96712345219692,21.09837041913032,0.07392183625450771,0.036946453433332055
128,7,test,23,3578.5859375,87.29076729193963,274.0323666758844,0.09992132490705893,79.92912862043866,23.107983989532954,0.07846586014013945,0.03837719791894602
128,7,test,24,3619.0375,93.48486737121675,301.37708771636267,0.10574859749249224,84.49877906992143,25.07223803358727,0.08250780434518323,0.039551143107028695
128,7,test,25,3659.4890625,100.00821706091934,330.99242978396296,0.109802926705011,88.86937150408158,26.911035626469015,0.08608007316554533,0.03990656626883665
128,7,test,26,3699.940625,106.92803548267088,362.20231094714353,0.11416512374014742,94.02985877727232,29.155066731291868,0.09009628426584829,0.0404930828470651
128,7,test,27,3740.3921874999996,113.76659887944385,393.9533013540295,0.11970615682779448,99.74447926358643,31.3388134508088,0.09531404201397475,0.04099926167052282
128,7,test,28,3780.84375,120.9635296923679,428.8667700624247,0.12411196209784203,105.52283543060526,33.350371791129874,0.10067457546768482,0.04268257750394619
128,7,test,29,3821.2953125,127.89587766783228,464.09529137913415,0.12904081089201713,110.0288640256224,35.51097980174234,0.10342078590144452,0.04433358344545571
128,7,test,30,3861.746875,135.5970604865817,501.39823198595616,0.13395013098906408,114.99998032886083,37.71707514177791,0.10611878109014969,0.04606799340298867
128,7,test,31,3902.1984375,143.62492875638466,541.0607749581576,0.13839218843366036,121.48458760147918,40.04994600852285,0.11051844472551031,0.047845983202121634
128,7,test,32,3942.6499999999996,151.39172887310437,579.2566435067799,0.14362906325796587,127.1787325109841,42.42502664325798,0.11306396710107462,0.05083607470571369
128,7,test,33,3983.1015625,158.88911659337168,621.6500501412812,0.1491784701481225,133.04562536220567,44.593069491238424,0.11883891456563461,0.05268252613701511
128,7,test,34,4023.553125,166.2930731568153,664.3815620156901,0.15709985192851988,138.01501995707,46.949261683678856,0.1256947436422688,0.054933615032231535
128,7,test,35,4064.0046875,173.63546940227792,707.809997551783,0.1654053781812723,143.900609353528,49.71965800967837,0.1324127742903282,0.05798831433606036
128,7,test,36,4104.45625,181.64840041336916,749.9261820238854,0.17453707048463224,148.9287154585952,52.64340649389254,0.14043931535412696,0.06015378254759256
128,7,test,37,4144.9078125,190.59295783787888,800.0150497824438,0.18370239744794348,153.82960996285533,55.92503190658249,0.1479860792579675,0.06063432769198851
128,7,test,38,4185.359375,198.62715370839013,845.8021442804878,0.19373335802950684,158.10607008855726,58.83461546947544,0.15661926803300225,0.06370473862523165
128,7,test,39,4225.8109375,207.3563398644822,900.5416559630739,0.20377632968020948,162.3697421760255,61.766356371372844,0.16572554390369837,0.06491383139825904
128,7,test,40,4266.2625,216.0968333246842,959.3231935062895,0.21280771421970396,168.81126395756985,64.45331619088357,0.17624385156351022,0.06749186041366245
128,7,test,41,4306.7140625,224.99117805334734,1020.4377533841384,0.22273420929197854,177.96748461979917,67.82541715575263,0.18584213760686544,0.07031779507724045
128,7,test,42,4347.165625,236.34422990613757,1081.6618768953872,0.2324411681148171,184.4839239906264,71.31777592669786,0.19597230102275792,0.0716348000988163
128,7,test,43,4387.6171875,248.01076109669395,1141.978523182147,0.24188368933537094,192.51981685441422,75.37648028052679,0.2058688038543803,0.0727536546261219
128,7,test,44,4428.06875,259.3155181933682,1209.383079312863,0.25264223130300534,201.41258630207392,78.90159838085876,0.21537286600301855,0.07493460587048965
128,7,test,45,4468.5203125,272.14147707384484,1278.7750992563226,0.2655318063094561,211.61690583883797,82.6629364407907,0.2260333019925495,0.07791173501643266
128,7,test,46,4508.971875,283.93157365805877,1344.7398936741781,0.2760149449781285,220.50079712364834,86.49926458817191,0.23894548354264425,0.07984657336733945
128,7,test,47,4549.4234375,294.9500633437765,1403.252746365451,0.2881114951762964,230.54365898606477,91.01894800311516,0.24896020169318592,0.08135462402976759
128,7,test,48,4589.875,302.9279727774998,1463.3682541637797,0.29955080108894777,237.0175468718685,94.49657174596315,0.261553336551399,0.083000239063203
128,7,test,49,4630.3265625,315.3512545029713,1539.3246143140764,0.31118563509087516,246.68362743912553,97.63984405418746,0.2762648109552318,0.08508079367205643
128,7,test,50,4670.778125,327.20879220310195,1611.8341186243595,0.32248634180181807,254.55045353569972,102.87713668457776,0.28767624265776254,0.0866699527069855
128,7,test,51,4711.229687499999,340.48779396163553,1664.0198293626102,0.3349599950838167,264.2097127063465,107.84229398473855,0.2997963998268016,0.08867067637948964
128,7,test,52,4751.68125,351.25291034155026,1728.5976052348258,0.3419587395439086,271.7654711687345,111.31106740238295,0.3109546904270615,0.09076837819410079
128,7,test,53,4792.1328125,362.5879952255076,1793.209634918595,0.35519499927232423,281.58166161927943,114.5440931361783,0.3195190419204297,0.09186461131244911
128,7,test,54,4832.584375,374.69099177701537,1870.1141045062307,0.3658640005548969,293.82145351334543,119.34817416310395,0.3285712157340345,0.09346372685059383
128,7,test,55,4873.0359375,390.2343179678667,1937.6742857796369,0.37553891356184765,305.8026743681346,123.91157645763684,0.33943380672297324,0.09427735009514757
128,7,test,56,4913.487499999999,404.82273844881433,2005.7307968721511,0.3849296093458854,319.2297043192589,128.9950990619424,0.3505900990986785,0.09551775635807669
128,7,test,57,4953.9390625,418.8834685655891,2050.098802210509,0.39883937039696116,333.7525746191261,133.19888214501674,0.36175068734861693,0.09597086197930035
128,7,test,58,4994.390625,434.837951047669,2113.3973796881573,0.41129785507837757,346.2066378610249,137.86822976567947,0.37775693560422463,0.0975394170371624
128,7,test,59,5034.8421875,448.42278505275954,2197.9394231263736,0.4241127226144656,356.03281266560316,142.8882891388028,0.38941630984126036,0.09890948210339573
128,7,test,60,5075.29375,463.6431884144443,2288.933271214119,0.4296885341900439,368.2344473843031,147.13486232459027,0.40564438248748624,0.09979132672121444
128,7,test,61,5115.745312499999,476.6010682124602,2393.1947478125753,0.44273206387661057,380.1214845096723,151.34519407123292,0.41604425327025285,0.10082667156452799
128,7,test,62,5156.196875,488.72400850114417,2516.2617313871533,0.45454428986942824,394.66389884100295,155.574370759183,0.42825548099989336,0.10198117143249766
128,7,test,63,5196.6484375,503.41679522449124,2599.5695255538812,0.4678963144440079,409.0834902523852,160.8508065487939,0.43952512340809935,0.10293184525690972
128,7,test,64,5237.1,523.8180110629642,2702.25422809568,0.4773514361226493,424.1375794298392,166.40261025565195,0.45276178155790464,0.10433195960099592
128,7,test,65,5277.5515625,533.9954981607598,2787.8048205877585,0.48621009699215123,441.5687558293548,171.55618470257394,0.464807376478249,0.10528221630701044
128,7,test,66,5318.003124999999,556.5352251418005,2863.456158574008,0.4973695702590805,454.7402263637714,178.4674950741838,0.4719877995257893,0.10618241635159494
128,7,test,67,5358.4546875,575.2288354098596,2984.3591560792,0.5091365351966581,467.31408502959937,184.43427455559515,0.48525036493537055,0.1073572859501045
128,7,test,68,5398.90625,593.7041125770088,3081.917791678278,0.5254615438389232,487.81258916681304,188.4525718730501,0.49707057104756563,0.10767500551526599
128,7,test,69,5439.3578125,610.2525523649689,3181.698260000549,0.5316281199189699,505.19900455234534,193.50363715846441,0.5104590579738284,0.10708832029047294
128,7,test,70,5479.809375,628.1242242643045,3263.2321713743722,0.543375789352258,519.3498979708693,197.60407241834343,0.5194923341695652,0.10763290311266611
128,7,test,71,5520.260937499999,647.9787130373893,3341.246947954345,0.5539229806952399,539.2154142816707,203.46746745235578,0.5318828040281296,0.10847236399225221
128,7,test,72,5560.7125,665.2185736349522,3420.5595809876468,0.56922172671265,556.5922075332992,209.805562775216,0.542404549930528,0.11054658847236676
128,7,test,73,5601.1640625,683.6312952784667,3527.8161320458985,0.5842624746736913,577.6837098772347,215.95781214483978,0.5546705895112489,0.1117438467623244
128,7,test,74,5641.615625,703.2252474647436,3647.0945697398465,0.5933053050859033,595.7208995468051,221.99032689056963,0.5680560416262137,0.1117788215429065
128,7,test,75,5682.0671875,720.1389982613193,3768.4427516392875,0.6090813206905619,617.015600388612,227.31104607169783,0.5820954933244971,0.1131612774038504
128,7,test,76,5722.518749999999,745.2525218260248,3913.6065206895632,0.624543842230424,636.4577973542182,232.594131441072,0.5938302786849848,0.11364299987217351
128,7,test,77,5762.9703125,765.1086670873894,4033.0397227405506,0.6384658656990693,653.9279765628265,238.0352735426028,0.6101326709120336,0.11507233146732312
128,7,test,78,5803.421875,785.6793694705715,4132.917590088733,0.6527456495159165,679.1638219464176,243.42685710692535,0.6244062523570146,0.11469254872555458
128,7,test,79,5843.8734375,803.6221021572771,4231.191998266359,0.6660397062777518,703.6109852097923,249.0397520869152,0.6362732848355159,0.1142532272235394
128,7,test,80,5884.325,829.8550059218286,4345.110705479007,0.6814141955021822,733.0490668866929,254.89306650192668,0.6495176779597323,0.11536985938857602
128,7,test,81,5924.776562499999,853.3104584837616,4443.219033616999,0.6889191352240781,755.2945121281027,261.12226961161866,0.6639993545207099,0.11552102726905154
128,7,test,82,5965.228125,879.5823947431671,4548.051248585514,0.6989340877519568,769.9129497456489,268.97354091210013,0.67516132501649,0.11601778511014134
128,7,test,83,6005.6796875,903.7229166671814,4677.808948441176,0.7098193633045708,798.076668225491,275.67110692194774,0.6896797967943988,0.11701428386300768
128,7,test,84,6046.13125,931.1092732706072,4812.971862417412,0.7207996851754939,821.5093253452892,282.55197187822745,0.6988771771294575,0.11732736664284843
128,7,test,85,6086.5828125,956.0368749239814,4934.301969919714,0.7346670546054881,852.166527936788,289.21836304411386,0.7108526192103406,0.11789976967410534
128,7,test,86,6127.034374999999,978.3848797355965,5016.21421159076,0.7437296391991297,876.9847406705935,296.3173962594716,0.7295093594161597,0.11729352891418424
128,7,test,87,6167.4859375,1004.7796399259425,5189.412481132515,0.7619889631868189,898.7912102135738,301.733615596401,0.743179535267112,0.11794306564291138
128,7,test,88,6207.9375,1031.5303851357244,5313.5257432583885,0.7782840828435833,924.6211162746008,307.0054602544303,0.760546856085953,0.11902475032289031
128,7,test,89,6248.3890625,1057.5479978108149,5394.4304916092005,0.7917376519301356,957.1240509997735,311.4562410820074,0.7763337387750868,0.1202955061583421
128,7,test,90,6288.840625,1084.9712003304433,5546.993285182321,0.8105943202775662,982.1582050389495,317.4320162564257,0.7921918077898222,0.12137466504859307
128,7,test,91,6329.292187499999,1116.3076136675586,5732.674377937131,0.827161612680736,1010.9058941067287,325.378026610295,0.8081860997410616,0.12159431713724272
128,7,test,92,6369.74375,1140.537931941708,5957.203008828941,0.8442470315342867,1033.9991837507512,330.5449512758969,0.8230850684826838,0.1212623687365591
128,7,test,93,6410.1953125,1170.4839471240725,6107.636220212084,0.8545775657843937,1067.8034797682158,335.7090821029658,0.8413667774092998,0.12170863105247795
128,7,test,94,6450.646875,1199.5416212191046,6260.065027746752,0.8667354142375076,1105.05883657882,340.97726384408134,0.8557530286852564,0.12065059128570782
128,7,test,95,6491.0984375,1233.002989117434,6414.465236516822,0.8726785539449264,1136.1165274559658,344.4940622742081,0.8638193681994051,0.12148753637437545
128,7,test,96,6531.55,1267.619280922865,6570.861919182265,0.8874671092768405,1162.5097282197103,348.8127278752273,0.8746056188735987,0.12187038855383803
128,7,test,97,6572.0015625,1301.5325079812783,6736.644484417708,0.8962418654977523,1201.3203957541236,355.9013351598832,0.8850222782642372,0.12251327204757126
128,7,test,98,6612.453125,1332.9716581053503,6893.268748084238,0.9044576522251047,1232.8841998240136,361.6980379041852,0.8910973228224497,0.12227211251031242
128,7,test,99,6652.9046875,1367.6530233283586,7072.030599149339,0.9211713219396817,1266.2734591289393,368.8621902633571,0.9025185125450981,0.12348892093758806
128,7,test,100,6693.35625,1405.4645382962008,7190.406575290496,0.9324537624820911,1305.9201472464395,372.8649121971799,0.9099597905659271,0.12399410752078448
128,7,test,101,6733.8078125,1442.5790538759456,7328.135059605184,0.9432184823303311,1342.782209931272,379.2080159251441,0.9232107675638223,0.12392100187786151
128,7,test,102,6774.259375,1478.4566480247463,7464.330420554801,0.955180435152414,1373.6605002250021,384.21941730307907,0.9377019443053483,0.12392140222719852
128,7,test,103,6814.7109375,1513.3793141045544,7631.796665322872,0.9638193243874625,1415.3306966800585,388.34012662799466,0.947127491180727,0.12258938970296021
128,7,test,104,6855.1625,1542.999130519057,7800.841321997802,0.9703315357726949,1452.1554969586532,395.13095828256087,0.9543389042398764,0.1227479313440534
128,7,test,105,6895.6140625,1583.767017137765,7971.407674973624,0.9781629058349464,1479.049958384337,400.1418281738296,0.956700034401705,0.12230843877977793
128,7,test,106,6936.065625,1623.2854162438598,8143.499620567621,0.989480904443417,1511.4901502806788,406.220128857413,0.9725219843912669,0.12236156027720796
128,7,test,107,6976.5171875,1666.661190911384,8317.11189335946,0.9989388171808555,1547.778597015082,411.6284498143088,0.9744237216630508,0.12461376587310624
128,7,test,108,7016.96875,1705.5034022777277,8492.218117001083,1.0096195735920175,1588.2815199730853,416.63620784507316,0.9851109678412975,0.12452907706812961
128,7,test,109,7057.4203125,1742.970787801582,8668.749405331639,1.0189174291427712,1632.6506365097941,421.1505807050031,0.9900862646622655,0.12455395858404494
128,7,test,110,7097.871875,1781.8142414997737,8846.816119575831,1.0234046467577917,1677.7393302893522,426.7135132264457,1.001098522180499,0.1266386064217046
128,7,test,111,7138.3234375,1820.4008310819688,9026.394856287327,1.0249997664532051,1720.0785243653343,434.0189500198335,1.002185597310433,0.12816851756835246
128,7,test,112,7178.775,1853.2607852163778,9207.520891441196,1.0440459917571698,1759.6486960956668,437.7349165359825,1.014761729027619,0.1297804579893317
128,7,test,113,7219.2265625,1893.9326373042072,9367.870341361662,1.0553440368127887,1788.6190736077624,444.1357750635566,1.0227888174086652,0.13060337890906035
128,7,test,114,7259.678125,1932.1766910733231,9574.223583704468,1.0644444957724901,1824.1600620171425,449.19963761293104,1.0245529752202567,0.13027718280979578
128,7,test,115,7300.1296875,1968.6854018868303,9759.659094861132,1.074396815550629,1863.0864508936752,457.62392765779225,1.039655989871692,0.13177026541944664
128,7,test,116,7340.58125,2009.9581214246598,9946.261383187164,1.0877369525155445,1908.9860504682151,462.07703779540975,1.0519128457504925,0.1324091225082249
128,7,test,117,7381.0328125,2047.7488794235512,10134.07501691467,1.0916403111888227,1953.58309613151,467.1666088692315,1.076111742627367,0.13332495053847496
128,7,test,118,7421.484375,2086.725821895321,10323.356427561548,1.1085841533423277,2001.8903260707361,471.40175706459786,1.080146367548787,0.13523634528978945
128,7,test,119,7461.9359375,2133.82534364564,10555.19987388316,1.1283349353736483,2034.0068797849256,478.2960424529306,1.0914902572182332,0.1353762092233604
128,7,test,120,7502.3875,2167.008568093738,10757.880867873873,1.1299080936609114,2077.3122188598736,483.9934007417501,1.1007083049124553,0.1369679357757091
128,7,test,121,7542.8390625,2211.554214916763,10954.031781954835,1.1274447020255054,2118.5411768190042,487.89503833722847,1.1005666303444892,0.1387285665327906
128,7,test,122,7583.290625,2266.2688170337724,11151.960005285388,1.1265710606868233,2167.4452826956667,491.4941458615658,1.1029126041561912,0.14059387615364144
128,7,test,123,7623.7421875,2305.6039594006525,11351.609321140784,1.1377038712490872,2209.6055099605746,494.9895963358699,1.1124547184433315,0.1438249323961766
128,7,test,124,7664.19375,2344.6736739886946,11552.889934187902,1.1447805323145932,2247.1304714170446,501.72797242720435,1.118134362356745,0.14374202206849512
128,7,test,125,7704.6453125,2397.9477087573005,11755.550869407305,1.1448703676601792,2294.1349769223225,509.2295951829726,1.1186173013582947,0.14377592965124886
128,7,test,126,7745.096875,2445.337786758394,11965.852556658661,1.1467534104185537,2343.516932853646,511.69756528292965,1.125210408384647,0.14422334713324464
128,7,test,127,7785.5484375,2489.688869324489,12225.024816119616,1.1458447639085823,2390.5007751232715,515.492293862934,1.1301882397115464,0.14598957788649647
128,7,test,128,7826.0,2539.3699197086335,12477.587892408086,1.147515764465243,2435.5110291458145,518.8802918351456,1.1381240984994558,0.1472721808390108
128,8,val,0,2648.2,0.0,0.0,0.0,0.0,0.0,0.0,0.0
128,8,val,1,2688.6515624999997,1.5703499159656076,3.325434506582778,0.0018771465699618517,1.530143283634544,0.46104231720534017,0.0013390909682324537,0.0008555364776619001
128,8,val,2,2729.1031249999996,3.6239705113416676,6.6363405348710085,0.004693478065226353,3.5188399614582977,1.0030117052082232,0.0035619822527487716,0.002151465318595003
128,8,val,3,2769.5546875,6.181538021337474,11.04399213717002,0.008355115718589046,5.986855002653613,1.719801457994663,0.006622086256305448,0.0037615710088700904
128,8,val,4,2810.00625,8.679387618116152,15.499531682584951,0.011904873561677937,8.415841815676117,2.454177588674611,0.009436741631049794,0.005411913328957907
128,8,val,5,2850.4578125,11.217576948524766,20.730260696564056,0.015256908752522835,10.846818952018111,3.2270040875630457,0.012041942986006082,0.006954895098811031
128,8,val,6,2890.9093749999997,13.958346747529049,25.79056700146934,0.018622708830386137,13.535057591617772,4.129172257329117,0.014454268748520516,0.008451990495070977
128,8,val,7,2931.3609374999996,17.153216586411446,32.73442596200763,0.02249730851805465,16.64679545658032,5.048137542232212,0.016889069646718047,0.01019473858172859
128,8,val,8,2971.8125,20.514031778063213,40.28414539939642,0.026351854125114364,19.777701372163392,6.052444744170771,0.019821167128878173,0.012024030944635111
128,8,val,9,3012.2640625,23.967791140876216,48.987504597184255,0.030045560529490256,23.076078073813733,7.276879798965297,0.02236917269681296,0.013720797002458873
128,8,val,10,3052.715625,27.157190238412454,57.52822712084933,0.033431379710770204,26.17805862535505,8.381291906289334,0.02508705256054622,0.015110077648955444
128,8,val,11,3093.1671874999997,31.399176454876,66.65162021597995,0.03843624745278329,30.253254411547914,9.507473403292721,0.028279045900952288,0.016977349420101845
128,8,val,12,3133.6187499999996,35.53590128309736,77.73121311203111,0.04319526608239678,34.35841135120654,10.72695800993273,0.03175944948584364,0.01877029037040262
128,8,val,13,3174.0703125,39.57944723617857,90.99551707650436,0.04692900803134861,38.00114765374474,11.881015558444119,0.034699197948399874,0.020276531349967125
128,8,val,14,3214.521875,43.77047410849144,104.43780547133197,0.05110627473613183,42.1202657398112,12.997232353676225,0.03817253386580177,0.022040536523311102
128,8,val,15,3254.9734375,48.59728221190096,116.96364000073766,0.055132268043669996,46.619874632312985,14.103110074721315,0.04160541473677282,0.02374262603286291
128,8,val,16,3295.4249999999997,53.458014037126134,131.69297640613414,0.05915446735087204,51.61415290442051,16.061923030989078,0.04448832126003818,0.025360499233351153
128,8,val,17,3335.8765624999996,57.79203333634797,148.6297000373155,0.06290161397387584,55.79720557439316,17.959413250423495,0.04752767853322473,0.026706450171481294
128,8,val,18,3376.328125,62.345356428579635,166.52811396820647,0.06741783334270751,60.11862737688034,20.0493582357808,0.050431749405934964,0.02826899471067984
128,8,val,19,3416.7796875,68.59039092620378,186.68468728472087,0.07135529540171215,65.60644534729931,22.17995346464363,0.05329304946058433,0.02997011287418118
128,8,val,20,3457.23125,74.20428607213125,205.16220142025355,0.07528358580358163,70.33680254039609,24.264166888528393,0.05478861792707762,0.03146115277870287
128,8,val,21,3497.6828124999997,80.80049070855466,225.06936656128198,0.07973478841293014,76.10237872874848,26.542540751961496,0.05688258491509668,0.03360398893992311
128,8,val,22,3538.1343749999996,84.53975654506962,245.86568195761038,0.08303323424492526,79.21190513614818,28.295476627562266,0.0594918642737724,0.03522798977462216
128,8,val,23,3578.5859375,90.2922664895982,268.4401597935397,0.08712604827240678,84.4966843327235,30.7831625052728,0.06172433431554658,0.037271361480257365
128,8,val,24,3619.0375,97.84609696635016,295.0598728545656,0.09180084453350168,91.66391369751636,33.391500515300265,0.06499831743508877,0.0396326870816463
128,8,val,25,3659.4890625,105.65922026698615,324.72763832624923,0.09783763892416697,98.21673346658599,36.19025108283225,0.06946112052572812,0.04137655400442142
128,8,val,26,3699.940625,111.96406595439612,353.81302142438915,0.10194783738426416,102.6904530903181,39.1017296195173,0.0729494705506567,0.04266729889071397
128,8,val,27,3740.3921874999996,119.01360767602398,382.1492171057569,0.10644152370957449,109.39036691661374,41.99857716322697,0.0774399706632966,0.04422960838366963
128,8,val,28,3780.84375,124.82286885143168,417.0740583077612,0.1082894137492546,113.59739827778981,44.67212321014813,0.07954816222541239,0.04424717575288173
128,8,val,29,3821.2953125,132.27199319896954,453.63295357017097,0.11400315630156338,120.2884366473711,48.02184237075835,0.08431613801414273,0.04512632382550931
128,8,val,30,3861.746875,140.10473722778727,488.56526650689136,0.11766298168525147,126.82646832638511,51.48163444061993,0.09030217101736043,0.045638154590701974
128,8,val,31,3902.1984375,149.8302271614378,522.053395395251,0.12246339275651108,134.81365715202287,55.05416627676141,0.0962034992061725,0.04717949533338331
128,8,val,32,3942.6499999999996,155.9256135918332,552.8837959768955,0.12734839451335297,140.03608470060058,57.52457504775066,0.10097132727628078,0.048354949204187925
128,8,val,33,3983.1015625,164.8372267589906,584.8662907324713,0.13245838925589337,147.3820921709148,60.29376352040572,0.10854089152764756,0.04954026622026875
128,8,val,34,4023.553125,174.84093966334058,618.481685629053,0.14072553352934175,158.59818796069192,65.15353826664949,0.1147806001040863,0.0498618639444004
128,8,val,35,4064.0046875,181.91528788990752,653.1863922182794,0.1455238904591108,163.88450832078405,68.29555741365567,0.12154573048372974,0.05079014640500465
128,8,val,36,4104.45625,189.51311612102018,690.2633122331832,0.15266406147104727,170.27444939151337,71.78576563358874,0.12913364960466522,0.051445512877917876
128,8,val,37,4144.9078125,197.64352141160657,732.6783257975628,0.16235274736000477,176.36524916144936,76.26767200244444,0.1384743831336038,0.051798848052696245
128,8,val,38,4185.359375,204.89984247594606,774.624135115729,0.16943424723261935,179.19739375062704,80.6061987927933,0.14471674700226173,0.051775690418282005
128,8,val,39,4225.8109375,217.02249127059048,815.4493197329002,0.18018418067709818,192.0483742939041,85.40745077931433,0.15542197084486564,0.052464560113124614
128,8,val,40,4266.2625,225.3323396846696,856.7746701240434,0.18978766365793098,196.0778618356187,89.0754309549564,0.16338653354274965,0.053242367109936205
128,8,val,41,4306.7140625,238.81130791545502,905.5794777168155,0.20032325033842932,210.33620243420614,93.36063643536363,0.1739520453159782,0.05460721296855764
128,8,val,42,4347.165625,247.61455513583996,954.1144367712044,0.21188087203092948,218.77253372099403,98.12419131411687,0.18624299451858173,0.057695084498307625
128,8,val,43,4387.6171875,260.8155970971797,1003.9212954457099,0.22159908304034137,232.971013073211,102.47737902665222,0.19769043898550803,0.05892134468478112
128,8,val,44,4428.06875,269.4283959109498,1059.7129115066027,0.23457283325422143,240.71152962504527,106.41059973275446,0.2087389065259168,0.05971482322434524
128,8,val,45,4468.5203125,282.17041409561716,1115.3560099208087,0.24721426767843752,250.45963087029577,111.68785246821145,0.21822537631312894,0.060103766495900324
128,8,val,46,4508.971875,293.9455876887962,1161.6382929671322,0.25851120933705063,259.94645100885805,116.44487947754101,0.2280767606542486,0.061132497580617534
128,8,val,47,4549.4234375,313.04220578765296,1229.5107349032762,0.26900941144992335,275.996724693897,120.34324807612506,0.24124914216568094,0.062198039072092204
128,8,val,48,4589.875,332.90180779823686,1290.9563709391107,0.28098401282550256,295.9806017439064,125.08312226827911,0.2527960950997818,0.06396930122992521
128,8,val,49,4630.3265625,352.0815449656993,1351.8481293748368,0.29555326947605653,312.2479136845868,128.91651121441328,0.2641618384707223,0.06419873477234161
128,8,val,50,4670.778125,368.7383702315685,1417.485571706821,0.3063100154918341,326.37766370039856,133.55815734314547,0.278556565783461,0.065996694439064
128,8,val,51,4711.229687499999,385.53483432880853,1505.743193325116,0.32211508605136524,341.8927259983775,139.04686650090525,0.29377658381443683,0.06776393885801063
128,8,val,52,4751.68125,407.8453392336314,1581.4999715432214,0.3379170508475554,358.95572266005615,143.23649581663744,0.3097253787084486,0.06872968034089127
128,8,val,53,4792.1328125,427.2099255538535,1650.2087442121187,0.3532318144121929,376.171441132783,148.4506227370197,0.32521998484627557,0.06904465638528368
128,8,val,54,4832.584375,444.85334417407785,1703.2396954625517,0.36938275373713664,394.39790370202843,152.48692614866854,0.34072106497132215,0.06877750059533505
128,8,val,55,4873.0359375,455.74238109628595,1781.3376508440695,0.38222236125223796,403.7862832321224,157.24418414596641,0.35449740750169434,0.06852406673669986
128,8,val,56,4913.487499999999,471.6501534118578,1862.2884615412413,0.3995273948980832,417.7328137641325,160.8891891647488,0.369424532045466,0.06928252748911179
128,8,val,57,4953.9390625,492.6581485419774,1938.955056293065,0.4156844552865319,436.16554339595837,165.69121102693884,0.3837693429276784,0.06929829645060948
128,8,val,58,4994.390625,518.2108139351556,1998.9940807241385,0.4321188263430309,459.7962154904849,168.2138158290769,0.3981822504121324,0.0701702326017864
128,8,val,59,5034.8421875,536.389205335638,2081.570153356462,0.44646822927627006,479.06253522609177,169.86176453767143,0.4142477113682763,0.07041014982651916
128,8,val,60,5075.29375,562.2027073095239,2166.8811919350337,0.4602122084026647,497.3203700961335,173.4212692707331,0.42764853892181265,0.07043407482975542
128,8,val,61,5115.745312499999,579.917617312276,2254.56542377607,0.4715471220634593,511.77227622869736,177.7454571193573,0.4471933623645674,0.07094427169640996
128,8,val,62,5156.196875,596.6657428890585,2344.581733676942,0.48656328455939923,530.6181562743859,179.54958555003486,0.4637336370878764,0.07004328517590946
128,8,val,63,5196.6484375,604.8013869973374,2431.519016120974,0.5031947503797152,536.8143749150676,184.04362605861024,0.4772997811152424,0.07092162248599487
128,8,val,64,5237.1,633.0359980058802,2552.604469312157,0.5158973970304237,557.5495858520334,186.2692240621584,0.4914018759498706,0.07131699339009423
128,8,val,65,5277.5515625,658.036427661699,2672.6404249553193,0.5316947603837326,575.2039032615812,188.23342367744544,0.5100413895238465,0.07226126519194881
128,8,val,66,5318.003124999999,684.1394115477897,2783.511289793556,0.5484380624849877,593.7884052525817,189.28315685492692,0.5260977953355644,0.07191050672894495
128,8,val,67,5358.4546875,714.5945372335518,2901.726284483408,0.567184315762248,621.2971919719905,192.4899829612059,0.5481096361798082,0.07193146173286885
128,8,val,68,5398.90625,741.429591722806,3018.3460079278902,0.5885996860113263,642.0823955387505,194.44196031489014,0.5620793231040366,0.07155810600427154
128,8,val,69,5439.3578125,760.509625810073,3112.437913175492,0.6045485991281463,659.4211407961126,197.44971604565364,0.5778778334166665,0.07190211308343714
128,8,val,70,5479.809375,789.6671469000012,3220.1299276547215,0.6230050980209068,678.5878572395063,199.3516928278396,0.5915542602160234,0.07113771361779786
128,8,val,71,5520.260937499999,808.6998732453594,3330.5274258359264,0.6384012785657367,697.3741492736281,203.26816020097738,0.6068119624565993,0.07174324319880743
128,8,val,72,5560.7125,830.4648635104286,3427.682447172785,0.6539920426368584,723.7412530986091,206.7027211793402,0.626033463114184,0.07238885098050096
128,8,val,73,5601.1640625,857.9656300604199,3512.4126919697674,0.6732790786428133,756.1519172128897,209.42299272039122,0.6441296455525075,0.07363776777730147
128,8,val,74,5641.615625,887.0629300989208,3650.5024740991385,0.6918455700921783,783.1668208438814,212.51161440176247,0.6616452318699145,0.07500917822731573
128,8,val,75,5682.0671875,920.4212598140202,3768.163399116892,0.7142657777704786,813.2801967851719,213.27323017059996,0.679927844408984,0.07562129690273645
128,8,val,76,5722.518749999999,944.8288479169915,3895.424113091043,0.7300742007193064,837.6953070234094,217.79506060229892,0.7012957137458586,0.07742991367801211
128,8,val,77,5762.9703125,972.8027736442186,3983.9740548585696,0.746278423828517,863.7077004820526,221.70363329175302,0.7169657487765546,0.07731571125953315
128,8,val,78,5803.421875,998.1400609701368,4085.9915290832814,0.7605258385090519,882.8619287828019,225.98194935915217,0.7343798394520151,0.0785076334965662
128,8,val,79,5843.8734375,1027.713888222575,4213.5592708190325,0.7806118726666755,906.2603821670905,229.38714160608242,0.7551992523172624,0.07870628556487513
128,8,val,80,5884.325,1053.9187432087829,4324.823062498133,0.7939337757554427,915.9298716537165,233.18584251461516,0.7698064541368788,0.07908698470325548
128,8,val,81,5924.776562499999,1075.4271695448665,4476.93631721336,0.8131274703782401,938.5278805444273,235.3841007113857,0.7889268942035677,0.07957185909632236
128,8,val,82,5965.228125,1105.5749613966696,4613.444714677478,0.8340231125214675,965.2383036282117,239.24883828813392,0.8093031993873512,0.0802092875817062
128,8,val,83,6005.6796875,1128.6797203945298,4776.238010271672,0.851058866500512,996.5917448084838,242.49583112406725,0.8251654314079815,0.0809987261973788
128,8,val,84,6046.13125,1160.5213791443703,4961.464677935617,0.8699287608267547,1018.8391406945811,243.39501570625544,0.8463020390098719,0.08258672357230878
128,8,val,85,6086.5828125,1188.312465814672,5088.022909762116,0.8933458777238695,1050.0929500556708,245.48555311150722,0.8646837698835022,0.08422278245205292
128,8,val,86,6127.034374999999,1220.2726360471843,5243.989837146333,0.9136887204976296,1088.3890250797776,252.16666965150125,0.8778098951162661,0.08400640001997306
128,8,val,87,6167.4859375,1246.1076734503642,5409.9813451285145,0.9324282203010403,1121.4810263318213,256.55073254574745,0.8978158163194805,0.08475274036243846
128,8,val,88,6207.9375,1274.9196904788391,5502.77553079163,0.9544565711509245,1159.6879371839464,261.1932687568128,0.9168056704125793,0.08591103683251722
128,8,val,89,6248.3890625,1311.0403144265774,5641.27718534546,0.9730180441809427,1185.6490941071343,264.4342318206441,0.9337122152415223,0.0863214920503591
128,8,val,90,6288.840625,1342.9630051280128,5820.924073767879,0.9912278083185067,1216.7548158907948,270.01107535625124,0.9480034498511314,0.08703252130638425
128,8,val,91,6329.292187499999,1382.3399881076525,5974.2393100640165,1.0068648198925945,1265.3043657469993,274.04715019599735,0.9737798261050707,0.08805087950437829
128,8,val,92,6369.74375,1423.5343419049968,6114.072087508334,1.0263295208775876,1297.657374580922,280.5710276427078,0.9959179860978273,0.08922733554528328
128,8,val,93,6410.1953125,1447.181707121679,6352.210018767052,1.0397683728346623,1327.7924312914138,285.95663682423833,1.0105636477481665,0.0920817324569223
128,8,val,94,6450.646875,1483.8278737639712,6549.123087820406,1.0620747409795794,1365.1719805250195,291.55971938149605,1.0275628555300176,0.09345063511603455
128,8,val,95,6491.0984375,1511.8745623177006,6673.099518909804,1.0823761554953348,1392.4521642461941,294.14308805144174,1.0486651102632472,0.09568098420767099
128,8,val,96,6531.55,1549.2431129563329,6791.395418733523,1.0949109654030398,1429.7980454153958,297.20311484575745,1.0609667483165788,0.0977487012088149
128,8,val,97,6572.0015625,1574.0061767808697,6934.914202890299,1.1146333256393803,1462.6324911869517,300.91012745288026,1.0706890750671465,0.09883518654697776
128,8,val,98,6612.453125,1618.7045520146626,7137.371527579792,1.1371832354560505,1508.9642826679324,304.1063943634015,1.08558460601077,0.10090164190149076
128,8,val,99,6652.9046875,1662.477271599414,7340.472382822096,1.1478327955389278,1536.8040185313703,306.1861738596008,1.1018482941009267,0.10263437010134746
128,8,val,100,6693.35625,1710.6916364112692,7508.194715907725,1.1596736379799744,1565.5357648221297,308.8104198939048,1.1173160828085171,0.10366979419772346
128,8,val,101,6733.8078125,1758.0664145372252,7662.94723799293,1.1714576091615136,1614.2702227559553,311.004983878405,1.1348910299544546,0.10496682461653278
128,8,val,102,6774.259375,1806.4378559809313,7884.082093013199,1.186536163764948,1640.2013310737686,314.301409552769,1.1553431067839537,0.10609896182144953
128,8,val,103,6814.7109375,1847.990216764515,8061.992810397532,1.2045909646364317,1674.3687952144342,317.1310246529231,1.17667227285001,0.10708923138649795
128,8,val,104,6855.1625,1891.6515738821859,8246.117103857692,1.2194348676312639,1719.6705499700045,320.85937263391884,1.1875499515428407,0.10803994751326651
128,8,val,105,6895.6140625,1929.9617100293958,8436.118933705437,1.2348295200345083,1759.1901610388732,324.5604197855698,1.1969640819699812,0.10887454301048739
128,8,val,106,6936.065625,1986.2954826103305,8630.351268215574,1.2428103888622033,1807.584497805692,329.310934830346,1.2076813796194075,0.10955183712863838
128,8,val,107,6976.5171875,2037.0465259124444,8827.436691420502,1.2607393956658304,1877.502181049067,332.58523775214144,1.2228987124226487,0.11196783167861935
128,8,val,108,7016.96875,2093.1674410398955,9023.38193731612,1.2752864232951355,1940.4276001608878,336.43877260942645,1.2278055353322492,0.11352637000822986
128,8,val,109,7057.4203125,2142.7896802082387,9243.44427603046,1.2893851773495835,1979.8273630615313,338.6719519923247,1.2418832431592697,0.11614122699485363
128,8,val,110,7097.871875,2187.059359205591,9462.39615875336,1.2917238183078883,2013.1278976626845,341.4385884393596,1.2495350617973133,0.1162617323970383
128,8,val,111,7138.3234375,2227.62116078934,9688.149472101682,1.3011124245733696,2061.1127407979666,341.4203063914556,1.2650320212402173,0.11837593521224835
128,8,val,112,7178.775,2288.133991862651,9911.822185026376,1.311227513364625,2104.3742073061367,346.01456164216415,1.27989485565988,0.1212660257340209
128,8,val,113,7219.2265625,2328.442287336884,10114.933297576958,1.3073374069509787,2154.5500684803756,349.26714138569537,1.272971190784955,0.12204425770576122
128,8,val,114,7259.678125,2369.322993605664,10298.613207378536,1.3198283555401202,2211.7769518341106,353.86262655333667,1.2766352008208304,0.1230267491059353
128,8,val,115,7300.1296875,2407.6961490070516,10491.212562791497,1.3268159476922392,2248.7876298162632,355.8546846381887,1.2855106734171875,0.12310217525378364
128,8,val,116,7340.58125,2442.1698680181407,10693.26359775946,1.3355151358088042,2298.315323618624,363.9287163235281,1.2977060641328197,0.12258681378118572
128,8,val,117,7381.0328125,2483.552691516252,10893.214577405612,1.3418751552917163,2348.5316957126797,367.11100749963066,1.3094534925705559,0.12408417598942095
128,8,val,118,7421.484375,2526.857499259336,11097.988268504721,1.3490529591082545,2390.2100629190954,370.03170408760866,1.3100832042980681,0.12753155856702614
128,8,val,119,7461.9359375,2575.5973806512957,11306.860528028346,1.348651338446888,2453.4051499796306,376.4470246539986,1.3277888340441635,0.1303238927137379
128,8,val,120,7502.3875,2622.343698270356,11517.01152889045,1.347920205747739,2508.31013933373,379.2833248733647,1.3325936082264485,0.13186073373190696
128,8,val,121,7542.8390625,2663.7417844045785,11728.298103394513,1.3558517669226,2553.9827851532095,382.54953952429105,1.3298639569297166,0.1334701419138523
128,8,val,122,7583.290625,2714.9717831624685,11940.839973990935,1.356673817445836,2603.3545150892505,384.33529557971724,1.332585095966482,0.13482534539777102
128,8,val,123,7623.7421875,2760.8414631376377,12154.543147333105,1.364629796873615,2662.47989223325,386.1268517320582,1.3379271594928799,0.13791257564990667
128,8,val,124,7664.19375,2818.6831894928446,12362.708940562425,1.3809398741650436,2706.8532790572276,388.4430904811893,1.3389505486062214,0.13915656209699534
128,8,val,125,7704.6453125,2881.217853733233,12559.598330453366,1.3855319846568097,2767.4301134448456,394.5450851230987,1.3503460132137657,0.14092049580322064
128,8,val,126,7745.096875,2941.182969765407,12759.596323385938,1.3867081653233249,2824.4207224987363,396.1551156628502,1.351942521509164,0.14191839837936898
128,8,val,127,7785.5484375,3000.155234155102,12961.895052184267,1.3943665203244304,2881.060433841327,399.5828938024033,1.3574346023494943,0.1425293342090933
128,8,val,128,7826.0,3044.446993007,13165.24934026788,1.3881178497125446,2923.237714344992,404.782961112403,1.3577833584012406,0.1435927807291026
128,8,test,0,2648.2,0.0,0.0,0.0,0.0,0.0,0.0,0.0
128,8,test,1,2688.6515624999997,1.5302926275779782,2.785786769763377,0.0019105103197768203,1.5068712739605417,0.4392422389525308,0.0014234405535662464,0.0008435279241665594
128,8,test,2,2729.1031249999996,3.5078995857951156,6.0531205745448355,0.004672434126249542,3.4282927870576962,0.9569045612138893,0.0034719204989319685,0.002117019145398639
128,8,test,3,2769.5546875,6.035358319481432,10.07015021303346,0.008164858212054982,5.846698486713819,1.6375971783730847,0.006475920494833712,0.0036344118838245454
128,8,test,4,2810.00625,8.493344549520998,14.408067225338073,0.011831371106781063,8.303890732690888,2.2899289667988043,0.009388163337301081,0.005270036020087014
128,8,test,5,2850.4578125,11.041554007569232,18.879974354819144,0.015170617021777535,10.801873822682495,2.997592957903805,0.011978492844514493,0.006789072701612192
128,8,test,6,2890.9093749999997,13.86930033968703,23.787777553413036,0.01862365903462814,13.510121106719453,3.8348847314111367,0.014266343477037369,0.008309227125889891
128,8,test,7,2931.3609374999996,17.095837746952114,29.898064734462082,0.02254525229087624,16.672894840255026,4.70349942916215,0.017055621493396438,0.009943824555120467
128,8,test,8,2971.8125,20.53006559087578,36.52342482541826,0.026507102594847815,19.982071326076323,5.665593342587982,0.019777278567669268,0.011823426529809083
128,8,test,9,3012.2640625,24.070045856207088,44.23716715359377,0.030364308337537532,23.494815150268522,6.789449910087342,0.0228644895445395,0.013432202258529223
128,8,test,10,3052.715625,27.33987334788779,51.55858866414891,0.033965738358348804,26.54983062648597,7.685964113079535,0.025557032593324577,0.014737009341418607
128,8,test,11,3093.1671874999997,31.530392395803908,60.28779562687138,0.03839747120975255,30.807331097902235,8.793640501555622,0.029516826548017794,0.016668742456772342
128,8,test,12,3133.6187499999996,35.799156356837614,71.11781206272028,0.04301129319857515,34.81603285172952,9.970213724145083,0.03316507511781641,0.018488785632094634
128,8,test,13,3174.0703125,40.00252507772473,83.2046577551708,0.0474462899845117,38.88032713651768,11.347335819265503,0.03667919090953424,0.020074058030922215
128,8,test,14,3214.521875,44.618548437544476,96.39620477404733,0.05237041058037649,42.93738820122428,12.676903577948817,0.039054774062276254,0.021557846234725262
128,8,test,15,3254.9734375,49.60330358564386,110.9130871940675,0.05688573687143844,47.599963041466964,13.88245283134637,0.042622230336904904,0.023327026964047384
128,8,test,16,3295.4249999999997,55.07284681500568,126.08024732317637,0.061888886676721155,52.63404864397003,15.404138258816147,0.046103062996893755,0.025195684847430927
128,8,test,17,3335.8765624999996,59.86263116501789,142.90540320384224,0.0660360353902014,56.7084668241975,17.083434581696366,0.04874766841381001,0.0264924531972726
128,8,test,18,3376.328125,64.5199482668577,158.73952165391256,0.07002649665464594,60.97461522818293,18.888174474255948,0.05170808698235635,0.027746721736434873
128,8,test,19,3416.7796875,70.61584732159787,175.79578356680656,0.0755403953484543,66.59917997828302,20.898489544570964,0.05514406665576774,0.029756856436188167
128,8,test,20,3457.23125,76.23471058081233,196.18347782978995,0.08100219178020993,71.90535892509686,22.949963243462435,0.05850551870071469,0.03136953999653691
128,8,test,21,3497.6828124999997,82.79393384389522,217.68467542334787,0.0850016222327353,77.75458030836013,25.227846781774588,0.06249102204971928,0.033575814318794785
128,8,test,22,3538.1343749999996,86.29426596526457,239.30083378802024,0.0871790089594501,80.85066697520915,27.801646043926098,0.06516189294981109,0.035399643683568446
128,8,test,23,3578.5859375,92.27414303198955,264.48177183464605,0.0919649424434392,86.88455113865245,30.161359203859206,0.06899126410863862,0.036935446773394415
128,8,test,24,3619.0375,99.49190736690383,291.08888954504323,0.09776853764599525,93.67131031732612,32.875848337194924,0.0725491650820087,0.0388995702762596
128,8,test,25,3659.4890625,106.95832569882668,317.3842542054236,0.10352961752749246,100.7063524678955,35.5355942064044,0.07754523725826343,0.04039734374987683
128,8,test,26,3699.940625,113.6655843064105,344.54224747109674,0.10784061821352518,106.37316259069962,38.215837173240175,0.08178346800833541,0.04236209156473214
128,8,test,27,3740.3921874999996,121.34344661208729,373.43689842606574,0.11496078075803884,112.95159743753302,40.57450757913017,0.08536126118419227,0.04411268874152281
128,8,test,28,3780.84375,126.36171817245412,406.2806424972701,0.11843854721391503,116.81987713235742,43.24166935090368,0.08787863018766898,0.04457390654727389
128,8,test,29,3821.2953125,135.14209950562872,439.79301947257284,0.1265141285130204,123.94904014464636,46.79682419897624,0.09266449292007553,0.04622443185907377
128,8,test,30,3861.746875,143.50304577191775,477.01120231647076,0.1316417663743425,130.39761520080617,49.94303414699708,0.09851924551340652,0.04718189045948597
128,8,test,31,3902.1984375,152.25534861821765,507.33271915535465,0.13664943222246526,137.40461096422507,52.726137277126384,0.10521202841269531,0.04871523187740569
128,8,test,32,3942.6499999999996,159.02374897048065,543.4457387161854,0.14104324803399132,141.4697691528204,55.36104753681492,0.10900255386911417,0.04925809780070671
128,8,test,33,3983.1015625,167.94702112225934,581.5955214206425,0.14662588082895323,148.53461553380498,58.61102550684638,0.11628654105057777,0.049965610244196226
128,8,test,34,4023.553125,179.63130509875924,627.2306184407405,0.15490581932460154,160.42629369927042,63.43110851076972,0.1224499255101407,0.04935052220292335
128,8,test,35,4064.0046875,187.09554307259424,669.950467178485,0.16118666164150397,165.58126648813243,67.35611769940242,0.1306457520328253,0.04952659371799603
128,8,test,36,4104.45625,194.75733980338816,708.6292201422475,0.16702566091587184,170.8277031675962,71.19874946840099,0.13947169726296824,0.05068431324935056
128,8,test,37,4144.9078125,202.50790580862343,749.8844910955303,0.1741381514098212,177.78915597085643,75.73074256995938,0.14845322338597963,0.05106438628026469
128,8,test,38,4185.359375,209.8466059823636,796.3176258376144,0.1818217653488316,182.66268760704918,80.52588618433276,0.15614013366346824,0.05146259467933567
128,8,test,39,4225.8109375,221.7475536956499,843.2911085935488,0.19283287141622432,196.37795766782062,84.87535073739849,0.16724904833172355,0.05136944068499967
128,8,test,40,4266.2625,230.50415774379297,896.0409569195207,0.20160833901365638,200.81189746574069,89.1653047230534,0.17710923328150344,0.05130612829937209
128,8,test,41,4306.7140625,245.0373093231093,946.3723815811345,0.21039628322421997,216.2232917300244,94.37260062607322,0.1900967388376515,0.05257699011176897
128,8,test,42,4347.165625,254.721251391949,996.3487960761296,0.22447391324941987,223.7012194482233,99.08363418738908,0.20040131628208496,0.054461376498768366
128,8,test,43,4387.6171875,267.82828184437506,1051.749405733825,0.23829056521054193,234.43114864764425,102.16995581229682,0.21203612306960712,0.0560288564477922
128,8,test,44,4428.06875,276.22307419583336,1108.786589199175,0.2496762936808547,242.45652330950307,107.14098232185165,0.22115590020130305,0.05747225887380546
128,8,test,45,4468.5203125,287.7275447369456,1168.3642587782617,0.261871258262757,250.71354094060894,110.58595722934683,0.23283393160440646,0.05870065306209406
128,8,test,46,4508.971875,302.0518562893244,1226.67252584565,0.27759396830178557,265.08530831691246,115.22559309590008,0.24548311992015487,0.060143802457397755
128,8,test,47,4549.4234375,317.19923463522014,1283.4190034120484,0.29131962251147725,279.63700662778734,119.72762730025454,0.25806251699963567,0.060506343953390176
128,8,test,48,4589.875,335.1758215942269,1348.7163191641923,0.30376460321305043,299.50548110418754,124.86900781305366,0.271827947741575,0.0619549631153387
128,8,test,49,4630.3265625,352.6035837162169,1413.1766465980904,0.3176243767943551,315.1741260902554,129.04294760881285,0.28602853404632345,0.06352265123910766
128,8,test,50,4670.778125,369.73299019055617,1484.1685804707727,0.32841907170794854,330.44586310882096,133.38629295989702,0.29599547422031913,0.0638842922771575
128,8,test,51,4711.229687499999,389.6678295185492,1551.5598657044868,0.3395664371163773,345.33536864780245,137.86899441647904,0.308888833538962,0.0630180749107128
128,8,test,52,4751.68125,408.34613063213965,1632.2735359366868,0.3516205950128415,363.8758664143751,142.28032632777854,0.32521626089004363,0.06314468717490487
128,8,test,53,4792.1328125,424.7848870681139,1711.6144048750114,0.3669685423218494,378.9874787705827,147.1056107261859,0.3436790316802482,0.0624776336108886
128,8,test,54,4832.584375,446.57564739628697,1787.9800700776004,0.3819103968935797,394.60514599954877,151.37411797586608,0.35853526859311313,0.062087441050015686
128,8,test,55,4873.0359375,455.99509921237313,1861.3322108158295,0.3949569647318657,403.2361882354252,154.14376237309568,0.37165789450270204,0.06250144315840013
128,8,test,56,4913.487499999999,473.42056850769154,1942.8092340868209,0.4108923645905309,416.3505717624503,158.90974064694063,0.38913080030948677,0.06374825711093646
128,8,test,57,4953.9390625,494.81469580126003,2016.6547776405005,0.4252686387102647,435.89938549199303,163.37497156368386,0.4031016933900497,0.06485405697269526
128,8,test,58,4994.390625,520.2259377924063,2105.8877750373313,0.44076640071216006,458.53134349164293,167.29017402459158,0.41801623567142704,0.06503924238633911
128,8,test,59,5034.8421875,540.6101212162042,2177.0850025811137,0.4582689561356996,480.5412222559795,170.85036351301142,0.43447963394979,0.06559695562789909
128,8,test,60,5075.29375,566.4589837318914,2276.4748818709754,0.47368294177622255,497.93016238514554,174.7987243506799,0.45142360768198747,0.06466147232821141
128,8,test,61,5115.745312499999,582.6242724166661,2379.020358533539,0.4909045848297544,517.6710515056442,178.87810070126875,0.46485030817594586,0.06436880861643204
128,8,test,62,5156.196875,599.3692558093393,2468.121513994737,0.5034385670188574,534.0978520835478,181.42722014921375,0.4825414942777988,0.06326724312337093
128,8,test,63,5196.6484375,612.2133230383433,2545.86105402315,0.516279287821074,542.5554815125082,186.69775226437358,0.4946915227326265,0.06422334300507787
128,8,test,64,5237.1,630.934619703865,2630.673954198666,0.533903305006828,560.8169173057149,189.354197207507,0.5116819382690769,0.06537441026605723
128,8,test,65,5277.5515625,653.5052235883932,2709.13469894108,0.5486550123673245,577.439736835629,191.88049458819378,0.5266393076830758,0.0660270391455442
128,8,test,66,5318.003124999999,672.5374619541924,2805.0956218071105,0.5644364622154896,600.7697134191403,195.89650768747902,0.5388520814808397,0.06648977683068949
128,8,test,67,5358.4546875,696.7325139263992,2896.1448641304055,0.5817114671759667,624.1522698880146,198.78117581858845,0.5572074471437427,0.06709950941546916
128,8,test,68,5398.90625,724.7847952002076,2996.6162625508505,0.5965987897516394,642.9750459809895,200.6325330105625,0.5709901992599631,0.06711772866430446
128,8,test,69,5439.3578125,742.6911729257029,3098.257548342122,0.6138513007839519,663.1790090351757,202.55538188118294,0.5908968968456191,0.06742496157512504
128,8,test,70,5479.809375,764.4103197234813,3209.607567235227,0.6294092447665794,688.5755664878559,204.3528276752049,0.6022635173820665,0.06740895812430703
128,8,test,71,5520.260937499999,786.9013034159877,3311.052731505684,0.6465708954301528,705.637186244651,207.42352248078788,0.6211846137072208,0.068841138009295
128,8,test,72,5560.7125,811.6362237448698,3411.1670672842592,0.6652988526017339,728.6175864656883,209.65393973907885,0.6376957184935848,0.06863562494244246
128,8,test,73,5601.1640625,836.2490362942623,3496.0169985707207,0.6789321198028899,757.7236877662301,209.80128612347926,0.6549418576788577,0.06994534821293079
128,8,test,74,5641.615625,859.1288362205205,3605.9633768807316,0.694897998218702,782.7457434679488,212.20595493120342,0.6695949041088701,0.07021752208391496
128,8,test,75,5682.0671875,889.2362710162494,3755.8747177981677,0.7118663564312094,809.9012671409778,216.19841608492862,0.6881502295745384,0.07158095864352211
128,8,test,76,5722.518749999999,917.808857119752,3924.779329873387,0.7296894762949362,834.6199458535252,219.28452695861722,0.7064274568407969,0.07244923681628407
128,8,test,77,5762.9703125,940.7246510192184,4059.1131737755704,0.7469245238060085,852.3668081167557,220.49163630587998,0.7193459358695812,0.07318205250937639
128,8,test,78,5803.421875,967.3522763037852,4257.604167808123,0.765507839745147,874.3406164948055,224.62077541855408,0.7335944024398633,0.07355008967293956
128,8,test,79,5843.8734375,1004.6582137056106,4393.787411069631,0.7812536256638982,901.4272396448746,228.77541919611133,0.7489598629768155,0.07463291084763846
128,8,test,80,5884.325,1027.367877033896,4532.03877720114,0.7971547735930242,929.4828581862191,232.2887366793438,0.7637907237603714,0.07517294889840612
128,8,test,81,5924.776562499999,1062.6740508033663,4672.882826422535,0.8188883933239605,953.9952395902276,236.82877763820898,0.7887454788980557,0.07558817887557237
128,8,test,82,5965.228125,1090.9534121199158,4840.301370167881,0.8362070379462488,983.1710299650922,237.22825683182515,0.8041258977456289,0.07595514180896686
128,8,test,83,6005.6796875,1124.6573528613055,4996.071488105441,0.8579931447601983,1005.3391369722391,243.0970880186365,0.8240125969556228,0.07635992894412108
128,8,test,84,6046.13125,1160.3838992721976,5120.208586444653,0.878110274872182,1034.488734736982,244.99676182006704,0.8453067364868339,0.07790751542219353
128,8,test,85,6086.5828125,1191.5140183798912,5277.47119310014,0.8945322018504911,1060.879092344873,249.34758266670087,0.8589208532245179,0.0789448776103768
128,8,test,86,6127.034374999999,1226.412363964009,5451.551134542218,0.9190665710489994,1092.7478727466032,252.38164814483355,0.8872954020254336,0.08041116316502908
128,8,test,87,6167.4859375,1262.330289013505,5608.266991450458,0.9392279346531612,1123.9977631103511,255.89994411538441,0.9089615210116225,0.08127692793936069
128,8,test,88,6207.9375,1298.7385334247392,5767.391528703594,0.9581600674132342,1154.6981732659774,261.1640791482017,0.9304334560449878,0.08227501253665892
128,8,test,89,6248.3890625,1323.8404903025298,5928.450551828042,0.9769987547477641,1184.021453375884,266.32400294845837,0.9503116819582075,0.08339108548529456
128,8,test,90,6288.840625,1366.1087062492925,6072.593298758134,0.9985791537190438,1225.7622202375558,272.76941170014624,0.9706643201583404,0.08492173936468575
128,8,test,91,6329.292187499999,1407.9551890673656,6208.13502414916,1.022009331551263,1268.1911612753538,273.21692517305786,0.9880273444709473,0.08605165077329134
128,8,test,92,6369.74375,1446.5899234463536,6373.168552673503,1.0430247165742201,1305.5927884281004,278.277425008385,1.0004255770955095,0.08806313955239328
128,8,test,93,6410.1953125,1487.42934041573,6540.563166469698,1.067422242368457,1341.7420587214083,280.82134404453996,1.0289989826788304,0.08703432587710107
128,8,test,94,6450.646875,1527.4883527380166,6767.917563254313,1.0912249890670869,1383.8410498195371,283.51092109983256,1.0482666500871707,0.08828608723160554
128,8,test,95,6491.0984375,1569.0576250738939,6929.466556233556,1.1062576056757938,1412.1427678309146,286.4993903356492,1.0621773695979353,0.08864242905571793
128,8,test,96,6531.55,1611.388771522332,7077.936270835841,1.1227843831594504,1440.2437013471426,290.24293793608535,1.085152557703077,0.09118493843467135
128,8,test,97,6572.0015625,1655.8693172886194,7206.497044193264,1.139009228063436,1477.1290551347888,295.67475231429796,1.1046816596980285,0.09210514621851677
128,8,test,98,6612.453125,1692.334561754919,7374.015014720006,1.1561092092495646,1508.359180600678,302.25643125781687,1.1261510406331068,0.09362366909717451
128,8,test,99,6652.9046875,1721.5343412861444,7544.097427182909,1.1716603943439652,1549.618513327374,305.9065612367604,1.1426233562552013,0.0936875724065131
128,8,test,100,6693.35625,1752.5296798533532,7718.055391678072,1.1872078577830278,1580.3379231389235,308.609363647939,1.1585963739166107,0.09480938936413073
128,8,test,101,6733.8078125,1794.1561523700216,7899.356035356559,1.2003931769960645,1624.4337997461855,310.92978569169816,1.1757153879653777,0.09569191446208869
128,8,test,102,6774.259375,1826.6360752839787,8072.240341214117,1.2128151994155734,1667.8159315414441,313.8986746398018,1.1947185605827513,0.09908642873242973
128,8,test,103,6814.7109375,1868.7716453239887,8250.116807670345,1.222560395868072,1713.956106995468,318.2281309503452,1.2066019766596852,0.09972608699775326
128,8,test,104,6855.1625,1928.5357216141392,8427.863168584923,1.2387660772287812,1757.6827167154574,320.97017639668303,1.2145726972182802,0.10039195896716958
128,8,test,105,6895.6140625,1965.5770664829079,8572.051097150548,1.254526247298767,1794.8902332394568,323.3597686124057,1.221292133536063,0.10189177677720658
128,8,test,106,6936.065625,2010.2713485788115,8715.668993068562,1.2668398866567814,1838.0583215828779,327.23381542163565,1.2269119712042462,0.10431643441888772
128,8,test,107,6976.5171875,2058.283584698205,8918.509865169552,1.2783588505312915,1887.1294086006642,332.11926989801555,1.2406931800582055,0.10488501272077352
128,8,test,108,7016.96875,2101.3498795784662,9139.324706234516,1.293706498583444,1929.815080723273,336.64337952762224,1.2541619578533767,0.1061185019784281
128,8,test,109,7057.4203125,2139.443378498024,9371.007400558598,1.3014165801616961,1969.6600599983326,337.78509704738724,1.2669201330974753,0.10831745617142369
128,8,test,110,7097.871875,2186.139551548431,9584.48459656969,1.306572081134147,2029.8577082245117,340.3172355210984,1.2753673659617326,0.10949864525590033
128,8,test,111,7138.3234375,2232.090921459289,9804.549814692418,1.3146683429190453,2086.3372863718578,343.4367598184238,1.2858479486300491,0.1125576100551029
128,8,test,112,7178.775,2290.542732116868,10031.442425807962,1.325218515112251,2123.6418669677732,346.52800543347337,1.2958629745320471,0.11327743548745095
128,8,test,113,7219.2265625,2350.671436326806,10247.972736369113,1.3264439687854963,2193.3304069762585,351.2255983259678,1.2983691342936114,0.11614283440407151
128,8,test,114,7259.678125,2389.0456774995955,10465.594254474528,1.337421323292315,2239.097974944709,357.0785515345989,1.3029378355545322,0.11751654532364195
128,8,test,115,7300.1296875,2427.687660040732,10677.371051314582,1.3470681842250447,2269.7530874373515,359.65080088422496,1.3076512209384272,0.11710397422297868
128,8,test,116,7340.58125,2487.904950920637,10790.163073841906,1.3519109816935992,2325.4991581344766,362.3096651803195,1.316596149372899,0.11769945170152576
128,8,test,117,7381.0328125,2537.080084242973,10899.116393890452,1.3563256119609457,2379.760956845459,364.3989318812579,1.319233823388319,0.12021801188872618
128,8,test,118,7421.484375,2584.7940984743045,11095.93539356972,1.3582330177915602,2431.7289133530408,368.30705746974604,1.322753544026948,0.1217906298796069
128,8,test,119,7461.9359375,2629.550970083301,11308.575568961256,1.352347652574859,2478.9151970562243,374.45783083532547,1.3251354865134424,0.12256754075174814
128,8,test,120,7502.3875,2673.009820127845,11521.700142806581,1.3608841192309233,2529.3062344663326,378.07705241345957,1.3288792814822037,0.1240764253527208
128,8,test,121,7542.8390625,2717.175802349157,11735.301635433128,1.3635225555400088,2570.071357000529,380.0695155148688,1.3368267214181815,0.12580796318494708
128,8,test,122,7583.290625,2776.7027382660103,11949.998023576227,1.3746331103504232,2611.7899403979977,383.05858351486677,1.3479711870611615,0.12713305875836425
128,8,test,123,7623.7421875,2827.755199799405,12165.203527353024,1.375493002319962,2670.3657463197314,383.4137598392999,1.3520965610097564,0.12813559574908648
128,8,test,124,7664.19375,2874.7442469615407,12376.14993054856,1.3801963045030203,2730.632406395273,385.3542867412489,1.3549624111044989,0.1295359767347062
128,8,test,125,7704.6453125,2928.800370726851,12586.916103815034,1.3785722448682174,2775.655544992162,389.3869362447617,1.3557708449910764,0.13138178967888392
128,8,test,126,7745.096875,2988.534311492174,12798.937628878914,1.3952075091506062,2828.7293869819478,392.47639261245126,1.3707432577527676,0.13308322327986333
128,8,test,127,7785.5484375,3052.562312561406,13011.922465415179,1.4045187672213424,2894.4274504205796,393.0501101584447,1.3772234265078538,0.13425729895628122
128,8,test,128,7826.0,3116.1112812940246,13224.74010547528,1.418060290811665,2945.4044165132273,394.7188990635482,1.3926235472769415,0.13500010087559838
128,9,val,0,2648.2,0.0,0.0,0.0,0.0,0.0,0.0,0.0
128,9,val,1,2688.6515624999997,2.040853983348967,4.626625704462127,0.0028267313516060558,1.9569797579919168,0.7483372550041167,0.0024763156943365117,0.0008878049363135465
128,9,val,2,2729.1031249999996,3.193096852004196,7.394177768776793,0.004094342138355467,2.963888407727211,0.9176689009109396,0.003281403286557738,0.0015116178279503054
128,9,val,3,2769.5546875,5.166448594877693,12.07997797247024,0.006535579922771484,4.791698857452786,1.6511703014430168,0.005221490794980743,0.0024247423088333275
128,9,val,4,2810.00625,7.610305076735102,17.966276928798646,0.009556282331762977,7.153476774981016,2.639115578247697,0.007705238721358865,0.003340152476695446
128,9,val,5,2850.4578125,10.061209974367102,23.84761672900595,0.012168925614092219,9.475326464219336,3.4711581778807954,0.009638069137103342,0.00435983748453073
128,9,val,6,2890.9093749999997,12.761748775545811,30.705563368397293,0.014970385147613022,12.026822719150232,4.448458952168721,0.011723776004548755,0.005394517772362023
128,9,val,7,2931.3609374999996,15.692769908483228,38.62093767396146,0.017861229630031228,14.62084921786655,5.409947314831243,0.013792467923975926,0.006468711162856827
128,9,val,8,2971.8125,17.70958565981573,44.104905234217995,0.019395454918990675,16.4006168657167,5.752035174054981,0.0148939604313926,0.007413465231087546
128,9,val,9,3012.2640625,20.35875275055332,51.73039375374344,0.02212896618100646,18.970027825304214,6.601661645092349,0.016987604699864392,0.008664212489288559
128,9,val,10,3052.715625,23.541249518729046,61.368847284484175,0.025297044181527006,21.921947738277936,7.6230751240515815,0.019180092357122536,0.009721645471191115
128,9,val,11,3093.1671874999997,27.566477861256544,72.52998821992301,0.028511712645007403,25.580280976697622,9.034858410473134,0.022074252266510164,0.01101298307294718
128,9,val,12,3133.6187499999996,31.64343283276594,82.35980555412822,0.03206429377757003,29.357265240435026,10.381033524652139,0.024716420036624553,0.012592806046696908
128,9,val,13,3174.0703125,35.0157439099803,93.22308557959778,0.03581607832594744,32.50318658225382,11.254691133784078,0.02727927642732792,0.013968899223754105
128,9,val,14,3214.521875,38.227117311635084,104.09776047703755,0.03936948568712684,35.56062188044962,12.090436640704638,0.02980105856500992,0.015527531084889162
128,9,val,15,3254.9734375,42.32372921632077,115.3946524259083,0.043923408514733725,39.48692327375625,13.476941862279546,0.03317793385433643,0.017721299227446696
128,9,val,16,3295.4249999999997,45.91377971959787,127.40650561678987,0.04755311410176155,42.53867071628292,14.438459516327384,0.03562953639424382,0.01958966143431745
128,9,val,17,3335.8765624999996,49.77235186191109,140.30572257932187,0.05143214292285814,45.881256611295385,15.350844886484083,0.039036553014185765,0.021266281319334834
128,9,val,18,3376.328125,53.72233026504425,154.3038522164128,0.055454483734539324,49.490415073933036,16.02614513561207,0.042419161702882124,0.022604446665401567
128,9,val,19,3416.7796875,58.21588142805467,169.3392668404669,0.05973838164088571,53.72900575670769,17.09709158365058,0.04602093432878873,0.024711424815311578
128,9,val,20,3457.23125,62.01847374082092,187.24614996719268,0.06432298386894325,56.31936481211142,17.2944734568361,0.049359755646807835,0.026214484085620646
128,9,val,21,3497.6828124999997,67.76199499654246,206.68229830611418,0.0693978001453776,62.17538052281313,18.692710783199118,0.05369684342606401,0.0283413648919581
128,9,val,22,3538.1343749999996,71.6659283524308,223.36882038829899,0.07381206539299455,65.51263458271706,18.66556093904137,0.057051338264474394,0.030332748161158996
128,9,val,23,3578.5859375,75.91773946903402,244.05756913695456,0.07867264628953763,69.48335518953286,19.195690470738214,0.06112353923871938,0.032423754843623545
128,9,val,24,3619.0375,81.2397466739121,264.3703515365953,0.08397796354554614,73.79959190909346,19.81357459428068,0.06578832716221464,0.03444750214764286
128,9,val,25,3659.4890625,84.98371866420484,287.36411045963854,0.08767147510196915,77.06730089947467,19.80461661483446,0.06854707829540008,0.03549363384350995
128,9,val,26,3699.940625,89.88188571812117,310.03889915388197,0.0937721197280944,81.14928562551427,20.712961248293027,0.07398435805526515,0.03750614619257159
128,9,val,27,3740.3921874999996,93.47639401720187,335.64292724769433,0.09662147760047596,84.76846356819578,21.739237674523793,0.07635119198290494,0.0384522190994864
128,9,val,28,3780.84375,100.87240847747125,366.5959470327771,0.10246164684070413,91.49220311485351,23.811328856368164,0.08106577067878984,0.03997310335119089
128,9,val,29,3821.2953125,106.9713591538175,393.44757943127104,0.10918753739615206,96.7749491711487,25.847077556477416,0.08691581926560839,0.042160434668224445
128,9,val,30,3861.746875,111.93944362014463,423.94479999343787,0.11366380427177414,101.43511451980203,27.42111322666574,0.09230318755940048,0.04353453241158489
128,9,val,31,3902.1984375,118.37951900363919,449.56594347842287,0.11987508869808206,107.48823036228572,30.263911909770513,0.09793781275386007,0.0450297687054485
128,9,val,32,3942.6499999999996,123.96506417690034,482.1234374647758,0.12331436229493647,111.8381123904797,31.900061140305525,0.10287105355215884,0.04712446465303388
128,9,val,33,3983.1015625,131.7316295806421,518.8296728860262,0.13141584430515635,118.17433674576705,34.1677698104661,0.10945968151390706,0.04830240512183892
128,9,val,34,4023.553125,138.17823936494733,552.2716624671489,0.1371498731784493,121.7035574340315,35.51691965330406,0.11451937398614787,0.0497889376482874
128,9,val,35,4064.0046875,144.1510876237544,589.2933075795936,0.144938623471624,127.2178652485465,37.5014976858381,0.1218861849572768,0.049681466650967204
128,9,val,36,4104.45625,154.211156454096,636.5186197884427,0.1539055353913174,135.1573087627571,40.35180730718935,0.1282648602485073,0.05079414647837441
128,9,val,37,4144.9078125,160.81787177495244,676.2456157304671,0.1611145801206082,140.5947874081619,42.83177494056645,0.13559429028752248,0.05237957461791398
128,9,val,38,4185.359375,170.16707258522956,712.9195994575971,0.1692455847356455,147.60018543381648,44.493154724534634,0.14191758001878657,0.05428281423548731
128,9,val,39,4225.8109375,178.21077125421425,777.030852833182,0.1777349280007029,153.13534977688192,45.947920092501704,0.15002044998586178,0.05633892775885538
128,9,val,40,4266.2625,189.38952234145745,832.2677999665033,0.18631137568336786,162.30774962974692,50.80369054796563,0.15851439658558752,0.058659588784459954
128,9,val,41,4306.7140625,197.1517772329321,887.2667112642384,0.19409292297492553,167.74252321934568,53.946882761522374,0.16599476806740399,0.05995596276239801
128,9,val,42,4347.165625,208.34565907046,938.866999519122,0.2040250195188692,178.2721048876965,58.53221824347088,0.17479891936240943,0.06249748186057044
128,9,val,43,4387.6171875,218.4749142923863,974.0279677434814,0.2137061287477704,186.00071253774786,62.38777198369405,0.18191109217002843,0.06586233416665255
128,9,val,44,4428.06875,231.65007976332674,1014.1650994889142,0.22205607290898266,197.98100568670662,67.41325062117198,0.19162728489502054,0.06893021920961057
128,9,val,45,4468.5203125,240.05613742750143,1068.8998122418775,0.23137938476859576,203.40056679376062,68.75645402055852,0.20074966431912755,0.06981231222515788
128,9,val,46,4508.971875,251.2004719592511,1124.0013764998312,0.24250659132045438,212.7081808887965,73.59180292968404,0.21058310431121274,0.07061120258087389
128,9,val,47,4549.4234375,263.7162454973918,1183.5889451900175,0.25301822000609736,222.10997231661622,76.69606597130496,0.22043746335408815,0.07274901533899092
128,9,val,48,4589.875,273.9397974222868,1246.4402815511814,0.26642049090024045,229.7256181323064,81.12514141669891,0.2311599759745372,0.07561502231802353
128,9,val,49,4630.3265625,284.82926138883613,1290.0129860813104,0.2795109088514214,236.1771163980393,83.36463521460757,0.24077937597136168,0.07810804444430969
128,9,val,50,4670.778125,299.16346620365175,1355.6582729149966,0.2907058023813164,244.39390070125455,87.10823965390091,0.25245904518771123,0.0819224730998977
128,9,val,51,4711.229687499999,311.8862444557067,1415.627052992997,0.30089234847981844,252.321566304488,90.65844909838461,0.26559079214832915,0.08261095174979388
128,9,val,52,4751.68125,323.6376178658702,1470.8935322063544,0.31357034005827233,262.3061601662471,95.16782406473112,0.27823190908194034,0.08525716392494137
128,9,val,53,4792.1328125,336.99277724167587,1542.615018002331,0.3266508832926174,274.4533355072818,99.9450951329095,0.29334623503320806,0.08727296748492833
128,9,val,54,4832.584375,354.1259747714207,1618.527996322579,0.3383944427183677,288.4814107168836,103.95044745757787,0.3053254499523206,0.09081827446293794
128,9,val,55,4873.0359375,369.7064616354169,1685.2695877739993,0.34867785969161513,299.53314613570114,108.81403797523603,0.31787906428010215,0.09298704237475268
128,9,val,56,4913.487499999999,386.3625498560168,1758.4526765773514,0.36353698450891647,312.9145925985881,115.0582584320432,0.3305266198777024,0.09476353168915916
128,9,val,57,4953.9390625,400.20805048789043,1832.0109615440876,0.3756923481776503,328.27583029751395,121.78747731930173,0.34702331795036234,0.0958252478115082
128,9,val,58,4994.390625,415.7314994205876,1890.5596000752628,0.39128713324152603,340.43765388605607,126.28763924097086,0.36081336818322846,0.09708190387322513
128,9,val,59,5034.8421875,434.5487413722253,1950.856670819632,0.40559744842771916,352.1654398090277,130.38955467325763,0.37930267428687436,0.09767279245979921
128,9,val,60,5075.29375,457.0166406205658,2039.4068072329535,0.4212074715799763,371.67883784684363,136.93829407640123,0.39505430087451165,0.09853399070600122
128,9,val,61,5115.745312499999,472.67305532483306,2112.2156852845706,0.4347243189818939,385.6155976438629,142.41414807382924,0.4113899649582087,0.0998303902325047
128,9,val,62,5156.196875,492.12706470750334,2196.6692353154313,0.4515251354045985,396.9440867561289,147.41312216327174,0.4280128479379197,0.10107989747300955
128,9,val,63,5196.6484375,508.8612858372841,2291.269888739238,0.4681766646517094,408.93772825228325,151.43638450953745,0.4432699475684365,0.10171631404573556
128,9,val,64,5237.1,531.6905705786326,2389.700722481269,0.4870626197722161,421.4848270093796,158.40008131891636,0.4628737244930514,0.102933204785393
128,9,val,65,5277.5515625,554.7914775855531,2482.0368139124107,0.5011423439703344,442.62282744216463,165.77797757254586,0.48171098369420573,0.10291534373270232
128,9,val,66,5318.003124999999,576.5544042423869,2577.273645625689,0.5189003473811127,461.23353081918594,171.30436142116423,0.4951538158000507,0.10502018711227266
128,9,val,67,5358.4546875,597.9348558367974,2675.979734588368,0.5396468346872269,480.8975434351197,174.41315972629923,0.5074858896522566,0.10785595292788636
128,9,val,68,5398.90625,616.6092055345302,2779.7898010954596,0.5532278786348072,497.89834997989146,177.993179275461,0.5259781772025962,0.10953141292660562
128,9,val,69,5439.3578125,642.2940581260264,2886.12919595997,0.573623535694831,514.5169306816229,183.42883170976165,0.545197228084715,0.11036028786682445
128,9,val,70,5479.809375,664.2405576464512,3009.913675229131,0.5879232127102736,534.9204127727205,188.2132061499533,0.5670775805429185,0.11161794500466615
128,9,val,71,5520.260937499999,687.2923169176488,3126.9450962989217,0.6052588394341307,555.3448085524622,193.10359033238456,0.5848778405978805,0.11287071325419284
128,9,val,72,5560.7125,709.1212147623196,3220.068696890416,0.6217532362692568,577.6124732120707,198.1626966943395,0.6017470939250757,0.11305701261330597
128,9,val,73,5601.1640625,733.3495001750805,3348.0659443232753,0.6449906296291386,602.0423812432796,203.32962847936642,0.6219684460349595,0.11389369670023602
128,9,val,74,5641.615625,758.7088700934146,3473.6905283854753,0.661709868417043,619.7304354994913,209.12676497175653,0.6374805013621698,0.1146680004080608
128,9,val,75,5682.0671875,779.9839351496303,3602.0906118544876,0.6779110087922966,645.5021520877002,215.19371571207557,0.6561909599070992,0.11545329514379456
128,9,val,76,5722.518749999999,808.2434307023618,3733.3065454885254,0.6994873271193164,669.7702488562385,220.43047044212472,0.6712390119571823,0.11603507127262713
128,9,val,77,5762.9703125,830.4656924588585,3868.8957297708776,0.7217229826714383,695.0322344450797,225.1514303404889,0.6894940887493262,0.11648540872495963
128,9,val,78,5803.421875,855.2616739365533,3984.548525704291,0.7404966172218086,724.147985773925,229.78500757886877,0.7092742530651341,0.11790783906926589
128,9,val,79,5843.8734375,876.8171286308615,4089.0485883061892,0.7576976041819977,749.9833390818038,235.33619311325538,0.7294291995859903,0.11895614816880007
128,9,val,80,5884.325,903.0938565724682,4217.487209346168,0.7723412387385387,775.0488595609379,240.63219764560984,0.7499315464441353,0.119172663353595
128,9,val,81,5924.776562499999,934.0368523693456,4352.016215194706,0.7883090847777413,804.6228184821302,246.7942704583379,0.7687630400555756,0.11972596773878082
128,9,val,82,5965.228125,961.5910278372155,4498.96342100175,0.8057847223856274,831.5021262278322,251.83137692781088,0.7850343947454763,0.12088588261020827
128,9,val,83,6005.6796875,990.5424303034067,4664.637551574482,0.8242664690843449,859.3684838003526,256.9938086759862,0.8096737059179772,0.12130195147941336
128,9,val,84,6046.13125,1013.8150192557305,4827.941505926699,0.845114993624857,886.5767667959972,263.80021595568337,0.8284895387419972,0.12209490633289383
128,9,val,85,6086.5828125,1040.071444466264,4958.167294218914,0.8631996501701766,917.8350676284026,271.23724196655985,0.8434808279393913,0.12185237772846177
128,9,val,86,6127.034374999999,1070.6759395644453,5096.005175014081,0.8810005201223686,954.6484608369497,275.3139171389023,0.8600909279633251,0.1226959295592871
128,9,val,87,6167.4859375,1098.5176942200496,5253.910939436064,0.9009921509283425,989.8923488722744,277.96779551115947,0.8800840109867425,0.12393679079502046
128,9,val,88,6207.9375,1130.4539620446405,5439.517220375128,0.9191280280544806,1012.0799175210777,284.2639817884276,0.899455775880742,0.12492479958492106
128,9,val,89,6248.3890625,1164.6306127523758,5644.082194002276,0.9414937146482588,1037.9360187428617,291.9477632003691,0.9163843388112423,0.12499834898950339
128,9,val,90,6288.840625,1199.9836517381368,5808.037032547511,0.9586446939206239,1068.584691142405,297.448142136048,0.927216893040525,0.1255526559255874
128,9,val,91,6329.292187499999,1234.0884569512127,5973.829407175027,0.9801495471102872,1109.445036871307,302.4820517324258,0.9461571219366582,0.12642801761897882
128,9,val,92,6369.74375,1269.5563107756698,6134.312530638237,0.9999859751070872,1144.8195845464895,307.87620369422086,0.9680643838091418,0.1266259182626621
128,9,val,93,6410.1953125,1304.9006282428195,6278.643785179166,1.0151511092009735,1176.3872918950256,312.53709304655786,0.9911961012719073,0.12720851209342687
128,9,val,94,6450.646875,1342.4690154141672,6484.725529356057,1.0326389076485976,1211.8920776315463,316.78531515683517,1.0139339957077609,0.1283254243786107
128,9,val,95,6491.0984375,1382.0519085135743,6660.619970821052,1.048310481189238,1256.4381709337767,321.3843994765284,1.030616986975319,0.12809345821012535
128,9,val,96,6531.55,1417.9651512475857,6883.519321795772,1.0681744521854886,1308.013209904452,327.1032613871512,1.0516647959860763,0.12922831277803123
128,9,val,97,6572.0015625,1460.3885685356772,7015.76885959075,1.088232547667947,1347.4325824432185,332.96829889843593,1.0674762679948464,0.1309895287707058
128,9,val,98,6612.453125,1503.6875269156553,7196.133054586556,1.108901449832722,1389.0246535952429,336.95788219537803,1.0882370289091725,0.132628989721488
128,9,val,99,6652.9046875,1544.4395876609178,7389.206811893784,1.1275598469596693,1428.86738591136,344.0053727412078,1.1080068471440163,0.13533233311502357
128,9,val,100,6693.35625,1589.4600957227567,7617.035247815061,1.143671235591892,1473.2260708324816,348.193318177934,1.1254874934243653,0.13616259021758834
128,9,val,101,6733.8078125,1638.1611410839696,7761.168776842665,1.158091368442471,1511.3483197336848,356.56906915534137,1.1437639695960622,0.1382096382238282
128,9,val,102,6774.259375,1685.2386471339287,7976.725736265655,1.1757060931205099,1560.940210603519,363.3264425294698,1.1580934234762807,0.13915370246101072
128,9,val,103,6814.7109375,1720.7552848547039,8192.251092040642,1.185673769035528,1607.281926418068,368.65002455027707,1.1691793687834406,0.140420051965625
128,9,val,104,6855.1625,1764.275593245202,8413.859259403976,1.2001410206324836,1640.0451627445705,372.9048701072877,1.1705287600463632,0.14303299998217472
128,9,val,105,6895.6140625,1800.6627726121565,8586.842902434208,1.211872809560588,1688.4436709271995,380.4179066720827,1.1850673290990932,0.14442840364991757
128,9,val,106,6936.065625,1845.099956323537,8778.96790468139,1.2205326555280172,1739.7318160440136,385.8444173391149,1.194154192540986,0.14590496689080146
128,9,val,107,6976.5171875,1888.0540868856315,8959.409152437041,1.244183427849002,1792.599729751295,395.45962405568247,1.2049471740029905,0.14668490151733063
128,9,val,108,7016.96875,1919.3804700658745,9159.417052138471,1.2495890358028838,1848.3013892503095,401.9785461965739,1.2125288400494094,0.14574591649136637
128,9,val,109,7057.4203125,1978.1795576088825,9400.257445435363,1.2613261021729438,1892.4912396839773,407.2361226631074,1.2237622644820783,0.14698805201260323
128,9,val,110,7097.871875,2021.7763554038584,9611.185264779313,1.2653574137656207,1934.4401592430813,411.8089841723247,1.2341186251089986,0.14690764478199336
128,9,val,111,7138.3234375,2075.421263949238,9822.742279881764,1.2859781988901613,1978.4654208804113,414.9873852375663,1.2493226512598556,0.1474024499567867
128,9,val,112,7178.775,2121.4089480276925,10036.247478205078,1.2898638256688688,2018.4892942610873,418.6514085776025,1.2683881368998895,0.14783920322158395
128,9,val,113,7219.2265625,2190.8667713766476,10251.624158800028,1.2982529614297966,2061.2090193180848,426.69169958242037,1.267674727492868,0.14922313302314608
128,9,val,114,7259.678125,2239.2426801345664,10448.133860024238,1.3031416155243891,2126.251140463694,431.27481999044903,1.2700131078933197,0.14898068322856242
128,9,val,115,7300.1296875,2288.7365884662927,10668.863045478887,1.307915781804128,2178.610280399255,436.788761159562,1.2747200753562282,0.1492824075460808
128,9,val,116,7340.58125,2346.131932041999,10891.361454560809,1.3089999724246737,2232.301151073216,442.3821949876583,1.2755398404079439,0.14975005238877098
128,9,val,117,7381.0328125,2400.2081105044226,11115.559272706196,1.3133521295142503,2284.669916330131,445.57107668680374,1.2774570516019406,0.15107315891481865
128,9,val,118,7421.484375,2454.596696036333,11338.010648706202,1.3221192849006969,2339.1425014181095,454.15535523284234,1.285240238628943,0.15119378780757697
128,9,val,119,7461.9359375,2489.7012950814315,11560.142489437176,1.3225754992480798,2391.2849821957707,464.4125025966446,1.2641671123718305,0.15296160257539243
128,9,val,120,7502.3875,2544.327317685884,11790.24506069989,1.3291878443676408,2439.376449680367,469.21640196785575,1.2726076076385595,0.15443156507103512
128,9,val,121,7542.8390625,2596.086863350763,12036.846167650443,1.3188194874527437,2490.062853442282,477.7678988564844,1.2751868918510212,0.1555747253383197
128,9,val,122,7583.290625,2635.4468981857053,12268.47536960354,1.3261187231004694,2532.930721382172,485.3731237430594,1.2693901364373983,0.15573728353448363
128,9,val,123,7623.7421875,2694.1555640682714,12501.49076025582,1.3240691680149879,2568.129519966078,491.33761016307176,1.276951599729903,0.1558170218669691
128,9,val,124,7664.19375,2748.1147350464425,12735.885592246435,1.3193124431192527,2617.4293023769906,501.4113663332296,1.2788971066821364,0.1570661935557799
128,9,val,125,7704.6453125,2802.9241499325226,12971.662975232373,1.32502668437863,2673.6952191700425,509.63192412218916,1.2790712322585662,0.15730219897029316
128,9,val,126,7745.096875,2855.688332327304,13208.734762346487,1.3291746896311185,2731.5882177033473,517.9152547631247,1.2875808051259763,0.15841864549486806
128,9,val,127,7785.5484375,2894.9390209080548,13446.993599526886,1.3290102733886089,2783.9291066154724,524.5223231440264,1.2785859992267556,0.16011994477702074
128,9,val,128,7826.0,2950.931838824374,13686.593541043092,1.3371802013650014,2832.5926085046904,533.4498634003921,1.293846235546653,0.16053682577076533
128,9,test,0,2648.2,0.0,0.0,0.0,0.0,0.0,0.0,0.0
128,9,test,1,2688.6515624999997,2.019475872714338,4.446269480645526,0.0027974863674562044,1.9078124082305692,0.7439288524861976,0.002413072619403267,0.0008974989412335183
128,9,test,2,2729.1031249999996,3.118790544849759,7.123201522259139,0.004127837197135872,2.888409876646847,0.9539768945288074,0.0034189114127534687,0.0015446575551102126
128,9,test,3,2769.5546875,5.0587207843157955,11.898778481653952,0.006716557604926135,4.67438247796359,1.657563554154251,0.005456666430795135,0.0024369306108086575
128,9,test,4,2810.00625,7.458343198384121,17.369584235134997,0.00967387147927854,7.012704875489106,2.655180584165251,0.008024072679642391,0.003358405803765771
128,9,test,5,2850.4578125,9.93022711279501,22.92367747665481,0.01241645177901124,9.362602226612005,3.4861769934195763,0.01002418560329052,0.004282113843575609
128,9,test,6,2890.9093749999997,12.570869233968551,28.790111651460396,0.015426511590361028,11.844905306759301,4.453393953255613,0.012371366391350155,0.005353045475892245
128,9,test,7,2931.3609374999996,15.387381059358773,35.68244007807949,0.018444357443317405,14.541791886876432,5.394714192085814,0.014498516291361167,0.006354242925693532
128,9,test,8,2971.8125,17.47988074311735,41.48807900186427,0.019926898860607445,16.501564275273495,5.718148713235394,0.015622794775682625,0.007290343234381096
128,9,test,9,3012.2640625,20.202260648167325,48.360989224289604,0.022739070841531345,18.945437593817616,6.581449031859421,0.01765536508040004,0.008268456396879134
128,9,test,10,3052.715625,23.49572053614679,56.94289464025247,0.026143514868206402,21.855490715964265,7.497497911899131,0.020160293131632652,0.009554282595827107
128,9,test,11,3093.1671874999997,27.45507378516976,66.40894559141942,0.029891628058144326,25.39542962466612,8.990590004415822,0.02279683871717281,0.011115311585662563
128,9,test,12,3133.6187499999996,31.481637454593425,77.11493333275573,0.03348112145399457,29.25438300869132,10.58855509496226,0.025439498364126047,0.01256228634699888
128,9,test,13,3174.0703125,35.003658596719944,88.06344445341097,0.03691680354129048,32.49249751646399,11.273190011930723,0.028084408782960008,0.014354789052810346
128,9,test,14,3214.521875,38.266347245240695,99.74828353410888,0.04006282893252028,35.57737583732745,12.156119205190663,0.030869443185111648,0.01603201350939415
128,9,test,15,3254.9734375,42.42881694135825,110.2540922557538,0.044295213059465655,39.394224329292626,13.879349939273311,0.034346655311156236,0.01785081576776565
128,9,test,16,3295.4249999999997,45.86280155600342,121.71811568222071,0.047769923224718486,42.484806347335535,14.234481409360455,0.037977005199934036,0.019514793234608196
128,9,test,17,3335.8765624999996,49.74936884177872,136.15034185682057,0.05156978409827373,46.169319423604804,14.969420574228565,0.04115031674340949,0.021646425400177055
128,9,test,18,3376.328125,53.88442563582174,150.82535065667534,0.05595615461181057,49.60758309062108,15.340009393582932,0.04421117502208423,0.02344060642757613
128,9,test,19,3416.7796875,58.39386345139985,169.34981526001764,0.060421327611363124,53.93463002484289,16.045311554911734,0.04773570424496782,0.02553716930265605
128,9,test,20,3457.23125,62.097227406944455,188.87813199320647,0.06503719787850307,57.459066884096856,16.266166690973805,0.05146358331553992,0.027704921122813364
128,9,test,21,3497.6828124999997,68.17975908503371,208.08192744918517,0.07063553294793523,63.25164653227944,17.81658175912071,0.05616282129130082,0.029730833467689344
128,9,test,22,3538.1343749999996,71.46422681996611,229.4893751332931,0.07594021311159611,66.56997920909191,17.945366806209506,0.058739908861899295,0.03152489007409755
128,9,test,23,3578.5859375,76.01543304200398,251.16356862374687,0.07999441558277295,69.7795345000074,18.323274229572917,0.06259283313448348,0.03396728733984916
128,9,test,24,3619.0375,81.52144588058974,276.00932032837494,0.08520106615137954,74.5690205482461,19.27132408715515,0.06766340253876353,0.03591016829486947
128,9,test,25,3659.4890625,85.02184791259282,300.11450770907265,0.09031098452566902,78.1559787907149,19.633478985113584,0.07028089130440338,0.03711471940136442
128,9,test,26,3699.940625,89.60704259709607,327.5574335624627,0.09576340135399736,82.08182783061613,20.33971539302115,0.07484471737778664,0.03906470220063022
128,9,test,27,3740.3921874999996,93.21753324960724,354.05316192848096,0.09836521207417376,85.11543486423889,20.99865272069934,0.07745614356126362,0.0401437146146863
128,9,test,28,3780.84375,100.41427499040623,382.71011202636,0.10407049029970139,91.69491409393515,23.031428663131237,0.0820270390098684,0.0429912576350765
128,9,test,29,3821.2953125,107.03883092831745,413.22365647255384,0.10985418484802224,96.86384998998676,25.27359980086885,0.08664469765696375,0.04449265490451672
128,9,test,30,3861.746875,111.96393150248518,445.72441239609805,0.11481195719055731,101.27949903975875,25.929081309620017,0.09137384197072627,0.04684920955795558
128,9,test,31,3902.1984375,119.90659410869853,479.01997862563803,0.1207187844353792,107.49789930267895,28.201572096619998,0.09846849963222187,0.0493812158148272
128,9,test,32,3942.6499999999996,126.58751595694184,517.5280470106215,0.12572675888860607,111.53172185207261,29.95353213730567,0.10239478106386507,0.050657715680382104
128,9,test,33,3983.1015625,133.28176566236039,557.3562741306791,0.13197470293395408,117.6693039829928,31.735856931128126,0.11024872385949049,0.05240498157474578
128,9,test,34,4023.553125,138.69482024389868,593.7752891228229,0.138777519393821,121.17731173835011,33.77883919465319,0.11569558261926086,0.053364448684747316
128,9,test,35,4064.0046875,145.62590936201758,631.0451854797184,0.14729613984683712,127.69430659788839,35.88802988301154,0.12178208998688358,0.053591298718479174
128,9,test,36,4104.45625,154.61486521198253,676.3757880508765,0.15560344648608143,135.49720040110202,38.552447259277756,0.1295470325845885,0.054929704568941605
128,9,test,37,4144.9078125,162.37225564037772,718.446642203756,0.16468655319262435,141.485643249176,40.91213902607649,0.13580909555553428,0.05588189938738469
128,9,test,38,4185.359375,169.86424050242022,764.7209657845005,0.17397001478029403,149.7145890409666,43.37172823677804,0.1443460148460307,0.05680569793975812
128,9,test,39,4225.8109375,177.25554220311324,813.9803517283602,0.1837983023867929,156.44940735039725,45.61417169771431,0.1522337549509775,0.05836778852580729
128,9,test,40,4266.2625,188.06820784379852,865.463627424279,0.19443273481514062,165.34851991328736,49.967845385679,0.16062100754947894,0.06259369830421621
128,9,test,41,4306.7140625,196.48608509928422,919.0452461212766,0.20384485467899588,172.97614192266053,52.74695972674803,0.16923594812205678,0.0636380033756951
128,9,test,42,4347.165625,209.27953121405807,973.1801426848357,0.21365832726049153,183.5776787986667,55.64425747300561,0.1773570314993131,0.06468979724151558
128,9,test,43,4387.6171875,219.67850818226964,1023.2443149382593,0.22303986266253817,190.56130705404684,58.356699943217905,0.1872488309966648,0.06657731044323704
128,9,test,44,4428.06875,232.88093632162088,1076.5420837093127,0.23205632028659023,203.63716926816267,62.20548465601894,0.196025310763695,0.06779196819197211
128,9,test,45,4468.5203125,240.66786978200483,1133.7420790895387,0.24210054261054187,210.11948720602902,64.92492702031427,0.2069721616013917,0.06983976384963148
128,9,test,46,4508.971875,254.98372921963863,1198.794833444208,0.2528035104015381,219.0428549002661,68.7540695915203,0.21726569995235423,0.07226613028296289
128,9,test,47,4549.4234375,265.8869180099721,1266.1176388410654,0.2650283701037008,227.92431390091394,71.75847372823796,0.2302307804639761,0.07343942278240437
128,9,test,48,4589.875,279.7265104923312,1334.3992656438907,0.2775070509369211,235.88570985612023,75.31712609497276,0.2407564353422674,0.07619316344174538
128,9,test,49,4630.3265625,289.00690002436136,1395.4314008689892,0.28973033367281353,243.0061732305866,77.84071075626642,0.2510036212797426,0.07663794600189754
128,9,test,50,4670.778125,302.45224844579525,1458.8896916920655,0.302971665861379,253.68346904873107,82.05490970455287,0.26497611449994435,0.07836389190446924
128,9,test,51,4711.229687499999,314.84308394408345,1518.2498876518596,0.31663836300621384,263.6628783800177,85.35988389622418,0.2744360233226037,0.07942619452116183
128,9,test,52,4751.68125,330.3308833923495,1572.2289548752806,0.3295353822261567,270.7702293534737,87.79513438763331,0.2903319352274558,0.08108301217642526
128,9,test,53,4792.1328125,342.6971788148876,1651.344141392309,0.34290580874449594,280.21217462611855,93.22366071064891,0.3028990033986101,0.08200526067853042
128,9,test,54,4832.584375,359.16099883266384,1725.6478602500583,0.3549113913479778,296.53627494397483,98.30985257063651,0.31746042552713294,0.08395014910396979
128,9,test,55,4873.0359375,375.5891573761829,1796.2238396436494,0.3675188680893546,309.4100002713205,103.694619171538,0.3312837176543057,0.08557975698284155
128,9,test,56,4913.487499999999,392.25420319300497,1867.6110023647848,0.3797356274740024,326.41163254172056,109.38401772945383,0.34350492642632596,0.08797354909821989
128,9,test,57,4953.9390625,411.2420786325299,1948.0745116433816,0.39271256036009505,337.00896270184444,115.11599502585312,0.3587329542387163,0.09015590334515797
128,9,test,58,4994.390625,423.46600214766283,2026.3382950486814,0.4068226819401721,350.38632242604706,119.03451961540767,0.3727347878039952,0.09257320633976676
128,9,test,59,5034.8421875,438.3154912650511,2107.2764530272752,0.4203009605474144,357.227661339401,123.26353511959476,0.38544365332823793,0.09389712431257143
128,9,test,60,5075.29375,459.66145836369066,2162.900724273092,0.4324387230294838,378.44376657473686,128.1928434558779,0.39860964519009695,0.09496823527459404
128,9,test,61,5115.745312499999,480.2678354871901,2242.3546317181226,0.4473052819825123,392.33006002037655,132.7333645379838,0.41339899038660144,0.09579678272806334
128,9,test,62,5156.196875,496.99085927699116,2329.9901789851224,0.4617193126697852,405.5172762321959,138.03074937422366,0.42930266310818244,0.09711848132614234
128,9,test,63,5196.6484375,511.9551033974403,2410.390298267176,0.47556406758697717,422.48081642468804,142.33049794518138,0.44509043758465294,0.09722243444386207
128,9,test,64,5237.1,528.1591483569628,2490.382964996253,0.48997634704734533,442.4646481276753,148.50793204976753,0.46096109493144916,0.0990895914537897
128,9,test,65,5277.5515625,549.8767140209253,2551.923310758167,0.5075899652379201,456.2022413916793,154.54415003675592,0.47989222548475846,0.10085532652868642
128,9,test,66,5318.003124999999,574.1416217890531,2654.6688237524895,0.5246747672548562,470.9591900337955,160.78091873274093,0.4958963491029922,0.10268149515875544
128,9,test,67,5358.4546875,598.0127387705725,2764.066959173277,0.5450573577849283,481.1105485050575,166.53701125020604,0.5138932126488513,0.10410593874898583
128,9,test,68,5398.90625,619.3891589515488,2869.0281552258225,0.5661453857104676,498.21007416964846,171.59506649142742,0.530176007075403,0.10508356331394558
128,9,test,69,5439.3578125,641.0949459141992,2949.104369010404,0.5835733397129249,519.4175541547104,178.09030270063886,0.5479477937119781,0.10647039644813908
128,9,test,70,5479.809375,665.8954883424286,3040.136799968506,0.6000278675100494,540.3566815601232,185.01462481904696,0.565959200815291,0.10769833008550128
128,9,test,71,5520.260937499999,686.4670422787854,3132.1919985532672,0.6145431003362379,562.7546881263825,190.69648214301083,0.5869008296345707,0.1093371481425652
128,9,test,72,5560.7125,709.5780261235589,3245.283014591745,0.6324083478243085,586.8019299396959,197.8087561465358,0.6068087517195273,0.10946342497220908
128,9,test,73,5601.1640625,730.8535284186775,3403.6302820945425,0.6511276417533012,609.3453092070433,202.63794938028923,0.6300224306340918,0.11128880554180359
128,9,test,74,5641.615625,750.0462698713477,3529.152351373257,0.666071167215801,638.1734439867089,206.9143500479811,0.6463849814029206,0.11200196989156336
128,9,test,75,5682.0671875,773.2269041097197,3618.1973189656683,0.6885590307140338,665.6756230447822,212.35138473201687,0.6619656011092045,0.1132116605264133
128,9,test,76,5722.518749999999,799.8370962260761,3793.5918128348144,0.7072159702373771,691.3862146532352,217.3795328639585,0.6771780254844726,0.11474484291374408
128,9,test,77,5762.9703125,828.2980542857317,3869.363931981811,0.7243167876896766,708.4148650473026,222.70435128466914,0.694872489856585,0.11637264052286912
128,9,test,78,5803.421875,852.6834819569444,3945.3317546048343,0.7424197765169629,727.1647577987253,228.28400289564854,0.7144997247250373,0.11660702191007913
128,9,test,79,5843.8734375,875.7576082481648,4028.9945592627537,0.7618770319947135,755.2137264514656,231.2822936089276,0.7348322349917564,0.11727349902913506
128,9,test,80,5884.325,902.7152171285451,4145.049121767289,0.7772095694304794,773.5663500699275,238.19043282091457,0.7556871047624709,0.11894910937191965
128,9,test,81,5924.776562499999,934.4524693252225,4270.516101181316,0.7981530908904161,796.9207007870409,245.86078950986234,0.7722007020038862,0.1197910193007608
128,9,test,82,5965.228125,965.943827283013,4383.06176987761,0.8187974253257256,830.9584750803083,250.39837412658983,0.7928569598216177,0.12067548386961342
128,9,test,83,6005.6796875,998.3968264861574,4515.640439816618,0.8427566665505648,856.0790884409926,254.79470387230663,0.8128027087150707,0.1215452618687331
128,9,test,84,6046.13125,1033.246727856266,4659.723786711926,0.8644494937038033,880.6581987326041,259.6809479679507,0.8318629019908458,0.12209526831680628
128,9,test,85,6086.5828125,1067.263944811259,4875.405519429702,0.8814860176785331,908.8192967762723,263.0170196204631,0.8498970682646878,0.12246839887773003
128,9,test,86,6127.034374999999,1104.3809440709822,4990.950289207536,0.8982622904511393,937.0112958153811,267.61478650688275,0.866661158612711,0.12306487642043967
128,9,test,87,6167.4859375,1143.4397418647109,5120.701290953687,0.9167615538394154,963.9269813709177,271.9441206248092,0.8841016594412394,0.12372195214997825
128,9,test,88,6207.9375,1174.9818787476443,5233.6161349319755,0.9294144604691466,1001.7675552543394,277.8298858421806,0.900437094323213,0.12463788156790584
128,9,test,89,6248.3890625,1210.681651825439,5374.677458679689,0.9490175686773517,1027.471954935706,282.50140852624384,0.9216518637362794,0.12460474677081138
128,9,test,90,6288.840625,1248.3037016340645,5532.388316641351,0.9675044016901959,1061.8959964451947,287.2195086230107,0.9419489145782376,0.12522236348400506
128,9,test,91,6329.292187499999,1287.5164014894126,5666.87761710528,0.9841659929536034,1095.5195048184692,292.7795032643985,0.9599053906082406,0.12608107091770324
128,9,test,92,6369.74375,1315.4503396012096,5883.653100270795,1.0053534588693736,1131.636048132364,295.9358266564962,0.9823282642716369,0.12646421462525764
128,9,test,93,6410.1953125,1355.4830118521863,6059.906467655536,1.0261893087435379,1164.6624730593908,300.3601669777822,1.0004689255977555,0.12772159991575066
128,9,test,94,6450.646875,1381.9209040817952,6257.093832808214,1.0436649256711923,1206.6010442660229,304.7366991255558,1.0189244513829148,0.1273304167816172
128,9,test,95,6491.0984375,1410.8294710196424,6457.298558787063,1.063069755416743,1239.6303708993842,309.24450652223356,1.040479030470321,0.1280690750140208
128,9,test,96,6531.55,1447.4380092721547,6657.52603012931,1.0818786484170229,1279.7276117326105,312.95485254578637,1.0601210778131211,0.12952085746245753
128,9,test,97,6572.0015625,1489.2557593510992,6824.37174539411,1.1009371006048645,1314.3312002994207,318.86750627369054,1.0800506503676615,0.13166368933378944
128,9,test,98,6612.453125,1528.597542733479,6992.796205872649,1.1206445198404942,1353.0469234657048,323.1695949085065,1.1023146303580504,0.13367329327616806
128,9,test,99,6652.9046875,1560.3099751197328,7162.250089101777,1.1411518231329854,1390.195207472857,328.2293331206887,1.119297319612897,0.13618821984535284
128,9,test,100,6693.35625,1591.2920702193105,7331.860476631785,1.1567868552783203,1434.1467455537754,330.0561349113096,1.137819855522755,0.13783478331109467
128,9,test,101,6733.8078125,1630.140805630674,7509.273086296366,1.173799994078184,1470.5963635841854,334.0428683964518,1.1452268504736802,0.13955690932802162
128,9,test,102,6774.259375,1672.0430674835852,7719.016681708482,1.185669520502433,1505.7898266336451,339.4748482775043,1.1564535442828983,0.1410485982242093
128,9,test,103,6814.7109375,1708.776602375906,7945.366772889413,1.200994088579422,1556.6428493059536,343.3918640952953,1.1748811454644401,0.14235209367013252
128,9,test,104,6855.1625,1759.6080499318223,8127.103934268494,1.21667153348759,1602.2750476120962,350.57971261832677,1.1841127162110638,0.14427562799701302
128,9,test,105,6895.6140625,1804.8803842491202,8302.774661227142,1.2272361332703041,1646.568948112215,356.8132502177406,1.196694976428169,0.14694288079437728
128,9,test,106,6936.065625,1849.963931658852,8518.787359677674,1.2419106875630885,1701.9485622586715,359.33652557736195,1.2152022896196462,0.14922186391632708
128,9,test,107,6976.5171875,1888.3828578240696,8749.517921209523,1.2562313518782453,1755.5094503990886,366.40490686967553,1.2303915137619539,0.14999712004938776
128,9,test,108,7016.96875,1934.4633285620603,8981.235065141384,1.2756650511206655,1805.240866307912,373.22763236082324,1.2354601165616153,0.15148471595190988
128,9,test,109,7057.4203125,1988.9057774327644,9211.802514730767,1.2875810453269674,1851.345081879103,379.282986182659,1.2513840531278229,0.15197707060488236
128,9,test,110,7097.871875,2032.1358644283976,9444.555956363001,1.2949072134620239,1897.7178544731998,385.2196996778581,1.2641157894040385,0.15316992714217453
128,9,test,111,7138.3234375,2075.1120952028828,9677.886840307428,1.3012262125937508,1946.6547998608094,388.7035740096749,1.2704090923485385,0.15425764465277786
128,9,test,112,7178.775,2113.7284170239636,9911.850470232615,1.3098910030440725,1989.530905356773,399.69340500724115,1.2715605624820658,0.15485776435833576
128,9,test,113,7219.2265625,2158.412748443283,10148.4398590934,1.3156660108423548,2031.8890169079111,408.08484219967056,1.2737244122745794,0.15572404804857498
128,9,test,114,7259.678125,2213.5339762281774,10383.570852059142,1.32544163740006,2094.612725451583,413.85928633462044,1.279624626929883,0.1554338449681683
128,9,test,115,7300.1296875,2262.6761794417903,10614.747949302418,1.3363447118057148,2149.301979809181,422.6811909357622,1.2826911422898144,0.15657729269515608
128,9,test,116,7340.58125,2307.131701273129,10749.292485246691,1.3459201543060406,2188.9397944302686,431.95710106395427,1.2820981166813405,0.15785748784977877
128,9,test,117,7381.0328125,2355.0404777249128,10942.292482133807,1.3564401168410094,2249.3949344330204,436.3258102059575,1.2896255583642602,0.15781476403614342
128,9,test,118,7421.484375,2414.9106151215847,11187.820519372883,1.3691986093732207,2287.399601992519,444.1585999210105,1.2943525187634823,0.1595212517293658
128,9,test,119,7461.9359375,2458.841904474866,11434.184549328123,1.358198783888858,2354.874737701678,451.13341494871406,1.304383182376273,0.1617153665190874
128,9,test,120,7502.3875,2487.9052235786503,11676.568578649194,1.3658891025429831,2400.8530142852323,459.59256434359474,1.3159450746392798,0.16243169863035603
128,9,test,121,7542.8390625,2539.454957647443,11921.87116264534,1.3854963722457412,2429.3928858437966,466.19320044379896,1.321846710307717,0.1629325668690597
128,9,test,122,7583.290625,2599.00808843318,12179.779099360238,1.3861379978048656,2488.4436394062845,470.4225542732132,1.3272618137049954,0.1641110362022545
128,9,test,123,7623.7421875,2644.49247177461,12455.010647506722,1.3913698862155766,2542.902201508298,476.7329134519116,1.3356005899202439,0.1645881927844449
128,9,test,124,7664.19375,2700.7312990460973,12716.751854731056,1.4011526778177839,2595.509525082202,486.7059837694967,1.3522974084562192,0.16498786869830698
128,9,test,125,7704.6453125,2760.7766969860277,12977.162128070308,1.3983542675358658,2656.108540696266,497.6194265928626,1.3522600475713835,0.16589727890851252
128,9,test,126,7745.096875,2817.175519258778,13215.322597981454,1.4043142232365164,2699.386441710942,503.82228774076054,1.3624207709005618,0.1657291160412494
128,9,test,127,7785.5484375,2868.9231339954804,13423.091293617821,1.4084607615612725,2758.5673307326033,509.60242445636794,1.362213473848295,0.1656882849234934
128,9,test,128,7826.0,2919.174291814123,13653.92305157988,1.4128555722686884,2819.378741004698,515.8249292220489,1.3616563645423159,0.16667182169601868
128,10,val,0,2648.2,0.0,0.0,0.0,0.0,0.0,0.0,0.0
128,10,val,1,2688.6515624999997,1.5483844700696636,4.808015113847828,0.0030625938209905,1.420731047048207,0.37394455743822164,0.002618277040872252,0.0009023685162840023
128,10,val,2,2729.1031249999996,3.116444503483251,9.545693250521479,0.005974399621796328,2.8078193577201205,0.741195250554938,0.0050384182743515304,0.0018196842753726017
128,10,val,3,2769.5546875,5.258537779369021,16.05057046581635,0.009329344424206798,5.024286862358451,1.154984328721298,0.0079371926541838,0.0028470042041858767
128,10,val,4,2810.00625,7.411164921833802,22.203677190012872,0.012424519384102162,7.25137782027474,1.5789775463588285,0.01034228053537617,0.0038735244531559743
128,10,val,5,2850.4578125,9.96735356762457,30.261163307154895,0.015547292381179467,9.586055326415988,1.9678236380080705,0.012987534674911878,0.004986405150749981
128,10,val,6,2890.9093749999997,12.095754900684597,37.43788673661039,0.018424413624901215,11.725327880697023,2.3852873079022174,0.015586099749864343,0.006105112912588306
128,10,val,7,2931.3609374999996,13.487867696007072,42.94127530306041,0.020527753838664453,12.941096827038479,2.847520041768803,0.017104895807980303,0.006988067715783808
128,10,val,8,2971.8125,15.468610151792461,49.19208092055597,0.02334570726496288,14.661061925629326,3.4057841333492433,0.019061218342844577,0.00810382810711649
128,10,val,9,3012.2640625,18.523817141215204,59.930841104274116,0.0270275094070363,17.441936805880687,3.9911958696707828,0.02215126582470403,0.009523181564385919
128,10,val,10,3052.715625,21.23047409881096,69.06523490598457,0.030823818101880646,19.79974579504784,4.660395651910676,0.02488560109850657,0.010809276389014185
128,10,val,11,3093.1671874999997,24.184508979415043,80.29090319580233,0.03454642077841373,22.425044081700207,5.359407529795135,0.027724375108905547,0.012240873752622505
128,10,val,12,3133.6187499999996,27.15040878165098,91.61306806490609,0.038488495235305606,25.134844220183084,6.165013853603796,0.03135676643628571,0.013498704448416943
128,10,val,13,3174.0703125,30.932937974739616,105.90673950881201,0.04277491196205338,28.72079585971221,6.848083863189913,0.03478735233346242,0.015028947438509854
128,10,val,14,3214.521875,35.637474862042495,120.32189063726825,0.0473343846158214,32.69824275937572,7.749811379653693,0.038892775906544316,0.016523721059140406
128,10,val,15,3254.9734375,40.32492778765118,136.63137778241887,0.05269550630735559,37.66027201538691,8.70386224138997,0.04361742034857076,0.018346671142428772
128,10,val,16,3295.4249999999997,44.0311428934308,152.76599279148382,0.057081461426203295,40.86967174043821,9.441909449598995,0.047228093069506816,0.0202796823628084
128,10,val,17,3335.8765624999996,47.92104534885766,166.6322717966109,0.06132968901160357,44.29430663048439,10.257319929650066,0.050908988481833395,0.02201200472059378
128,10,val,18,3376.328125,49.28956354915215,177.02110618638991,0.06594686587653442,45.13245148652345,11.21292550999442,0.05365150678734651,0.0233902551228099
128,10,val,19,3416.7796875,52.12611681514545,191.4196400602691,0.07050922939307903,47.95604918575691,12.39356823461435,0.057380597518745524,0.02511089136946615
128,10,val,20,3457.23125,56.11298096118844,210.47374668996773,0.07520362508257883,50.88700937299606,13.518156285556415,0.0615033022008476,0.02664132226109367
128,10,val,21,3497.6828124999997,59.1330799943961,228.8176204807029,0.07984513143675931,53.5866085971195,14.701311282180995,0.06474960650201117,0.02824444470848203
128,10,val,22,3538.1343749999996,62.710568942350164,249.36526202200153,0.08519824853250044,56.12220050448968,16.141472161990578,0.06916735377903577,0.029994130662396035
128,10,val,23,3578.5859375,67.13458258640159,270.2184813837927,0.0904376876696214,59.61797692851789,17.701050343980285,0.07368175909799185,0.03156012702989694
128,10,val,24,3619.0375,74.15095111730352,292.4673957138933,0.09647452123563716,66.22581275096096,19.53044016461547,0.07927784844425842,0.03310083747762316
128,10,val,25,3659.4890625,79.75538824746309,319.07665916739467,0.10156973988548201,71.98586830929798,21.15002533093957,0.08470015645088702,0.03489558239483381
128,10,val,26,3699.940625,82.4549301613331,340.87052470818827,0.10647322535463355,73.38713189483315,22.990730731976328,0.08856534520976928,0.03621392993968797
128,10,val,27,3740.3921874999996,84.11657231403069,366.8570778257445,0.110070117956277,74.93497006308303,25.124173639064384,0.09334001161826096,0.03688888410653679
128,10,val,28,3780.84375,86.83139447680333,400.9635752410856,0.11388604491718857,76.58468402191687,27.11909522059841,0.09751852403366845,0.03740512408885108
128,10,val,29,3821.2953125,91.4200440950026,430.0517405361027,0.11937437568115827,81.6449407089408,29.069788042846767,0.10217902969264503,0.03872895947726329
128,10,val,30,3861.746875,95.27442281079601,465.0136197091988,0.12483791279644524,85.33490013583389,30.72645084532155,0.10633394119514972,0.03928499475605585
128,10,val,31,3902.1984375,99.96392294016232,500.47219024838034,0.13024049456546866,88.3116768251,32.4677712963819,0.11072664341046229,0.03992560382297394
128,10,val,32,3942.6499999999996,105.23376395173756,535.3228084725771,0.13645877853509653,92.43958914077766,33.75442001565432,0.11443115634218043,0.040273798483001465
128,10,val,33,3983.1015625,115.91864740969271,574.3771392688188,0.142928133390674,102.05668095141363,35.69126945120615,0.12072293032870662,0.04379397705627647
128,10,val,34,4023.553125,128.32664270287353,611.8500168089105,0.15021883742254508,111.45432640176267,37.30641084172959,0.12783273253300087,0.044964594331939334
128,10,val,35,4064.0046875,142.13142396619105,655.6678201479027,0.15869876278497286,126.06823501221243,39.63095018366403,0.13458910791445955,0.04699680033765086
128,10,val,36,4104.45625,148.042629537656,698.7421858219504,0.16759188742181302,130.1787061061077,41.4417708571051,0.14276840163675308,0.048373691881521685
128,10,val,37,4144.9078125,154.65621303062704,734.7076835865001,0.17656786576544792,136.544016059692,42.760519563898924,0.15269132755462572,0.049167934841880256
128,10,val,38,4185.359375,169.14061431593552,783.9964001156866,0.18725228488689072,149.8716373347122,44.157364624027196,0.1607073540725104,0.051657845770571725
128,10,val,39,4225.8109375,176.63188299979993,830.3986701488155,0.19696022494317816,155.93112618332583,45.68392769309071,0.16919149880876422,0.05235379704873755
128,10,val,40,4266.2625,189.98267236928257,887.0472351896977,0.20741116267684878,167.8555478883439,46.99106360615701,0.1788557011022096,0.05424495131759778
128,10,val,41,4306.7140625,202.56729851757882,952.27524736812,0.21738590804938618,180.38974974145106,48.54883188880876,0.1914284078532941,0.05734901710332391
128,10,val,42,4347.165625,215.09973816989714,1005.7264103470483,0.22771440555024308,190.59624518970963,50.28024444720813,0.20242263018752094,0.0594518939050076
128,10,val,43,4387.6171875,229.73913750902852,1066.9761719306753,0.24143808520116217,205.78166196460757,51.82050115550396,0.21397621965806024,0.061892627003646075
128,10,val,44,4428.06875,241.16490158510828,1120.2854165089955,0.2533022202763774,215.1142924467706,54.163194693543915,0.2280123570750081,0.06433387396442836
128,10,val,45,4468.5203125,256.3244054782601,1177.1535634678219,0.26670229490428216,232.04365799978177,56.48962150718262,0.2419445413449628,0.06606243502192688
128,10,val,46,4508.971875,271.9012053772758,1244.4017342593036,0.28046871320827443,247.20671537727412,59.56118735986138,0.25647354326200494,0.06746863789049498
128,10,val,47,4549.4234375,287.8264154965109,1304.7254236170475,0.2954284884811517,267.94978294935845,61.953883364651574,0.27085153251108635,0.0689290917286825
128,10,val,48,4589.875,300.05769098022483,1365.0783733551086,0.3103252388548805,278.40474740688137,65.30843759500726,0.28435405650402423,0.06952825574515348
128,10,val,49,4630.3265625,317.03817797396994,1426.1816330750835,0.3268276032245346,296.76579829020966,67.6491988764667,0.2984230500789678,0.07073043734192111
128,10,val,50,4670.778125,337.4405901531645,1497.360986600138,0.342519527172222,315.83173386124486,70.4470215722921,0.315027035621529,0.07230956233354909
128,10,val,51,4711.229687499999,356.45231620699747,1563.6773415597997,0.35951305332745237,334.9646047219039,73.4943725081667,0.3342765459653785,0.07455303999673313
128,10,val,52,4751.68125,378.37093655429044,1629.2031532393182,0.37358911170342485,352.5616147738617,77.16269599565351,0.3495987277983559,0.07490573131793687
128,10,val,53,4792.1328125,385.8512113787249,1688.353547850646,0.3885743798686392,363.22800869628225,78.62644693463494,0.36364490653567616,0.07611144658754149
128,10,val,54,4832.584375,408.0665211639243,1781.5807181254422,0.4040799458324036,386.5001815075857,81.52028242898268,0.37805634553135514,0.07751544936997895
128,10,val,55,4873.0359375,428.8339973991242,1867.3927477474174,0.41881654485763364,408.1111056388238,84.95805078130303,0.3949459139108401,0.07798692481949132
128,10,val,56,4913.487499999999,450.4844381178401,1932.6811000350397,0.43553901037868964,428.82549751749366,87.09071846993766,0.4143960795731285,0.07963239649788276
128,10,val,57,4953.9390625,472.5814779300208,2017.3563469863286,0.45452302595153093,450.94814328066946,91.2334361157292,0.43107215646291663,0.08038641988967338
128,10,val,58,4994.390625,497.0418794031275,2115.081326762035,0.4681470945828714,478.94502281961593,95.04382030883107,0.4464545837096212,0.08192104326504387
128,10,val,59,5034.8421875,523.1791567751429,2204.1323191043202,0.4863068802123949,501.54516298374574,99.7433616546175,0.46424775760978143,0.08336331691696786
128,10,val,60,5075.29375,551.2995263834953,2289.551462537403,0.5042376347005328,525.6470904576531,103.34392808474036,0.4800171363329442,0.08467557687981755
128,10,val,61,5115.745312499999,580.2976289134278,2384.8347910602956,0.5216767623754115,552.1453183720837,104.93438462410154,0.4993713692109103,0.08648958440409665
128,10,val,62,5156.196875,601.5110745689753,2471.258965640795,0.535515872979675,573.150052465877,107.61639699126135,0.5188439262590328,0.0874039743846422
128,10,val,63,5196.6484375,623.2099573366128,2573.454449325394,0.5544388827123242,594.8856100092428,110.01886139075623,0.5375763268205269,0.08851720957386844
128,10,val,64,5237.1,651.6235276322498,2679.0923992161324,0.572672082004913,617.8412891143239,113.64097417015273,0.5569950011394196,0.08930597211838018
128,10,val,65,5277.5515625,674.2474889571781,2780.9886205074845,0.5906605050759045,643.5675272041692,117.59904686223877,0.5766851650069182,0.09004586862626854
128,10,val,66,5318.003124999999,701.4196705292193,2873.762834845345,0.6079775703614065,664.0514644846292,121.27913114721878,0.589829114219953,0.08979670556377717
128,10,val,67,5358.4546875,731.0323386465072,2980.757248414128,0.6253541193514678,689.6917825137123,124.40300091910217,0.6058453355619053,0.09028430171561727
128,10,val,68,5398.90625,759.3863884427776,3089.73220653617,0.6406307868211392,719.4357067039334,127.86792856253015,0.6195289595860853,0.09044270024641254
128,10,val,69,5439.3578125,784.1665429790652,3201.463986731731,0.6607440564537423,747.730991181669,131.4207770330853,0.6422726976908072,0.08993605300557442
128,10,val,70,5479.809375,812.5999856944901,3325.0006663657614,0.6829410727813567,776.5997198150956,136.4073057098949,0.663186611606803,0.09074026134048285
128,10,val,71,5520.260937499999,838.9345177686209,3448.7050614622203,0.7050441934738361,801.5777964099584,140.71820074480001,0.6781227608354812,0.09140668262035134
128,10,val,72,5560.7125,869.4139267299761,3594.9226895465085,0.721173677919823,836.4569293008941,142.07285047075402,0.6955299651509178,0.09223230427117535
128,10,val,73,5601.1640625,901.3712710195705,3726.087081425923,0.7415752670851122,868.0094338973277,145.76055987889447,0.7125955494783759,0.09246476900361122
128,10,val,74,5641.615625,937.9872724533413,3860.921449787858,0.7617429261503605,896.2723692492318,149.23532359273395,0.7330192925146528,0.09251921549748021
128,10,val,75,5682.0671875,970.0968300796831,4003.732760361246,0.7843012052717729,932.3353833276258,151.06144282297862,0.7513611555967775,0.09237070249366874
128,10,val,76,5722.518749999999,1004.9999508211727,4146.9502074461,0.7993226887924865,969.2904768129545,155.2756291258106,0.7667386560730183,0.09245977781091597
128,10,val,77,5762.9703125,1040.2543669928832,4293.36010456031,0.8168414314738276,998.4415675419314,158.98329018176582,0.7875675025353218,0.09170767333602572
128,10,val,78,5803.421875,1071.078770080412,4442.913145815844,0.8407773865008183,1023.472857688887,164.1840472972831,0.8069961258766467,0.09200561887726805
128,10,val,79,5843.8734375,1095.8663508756104,4595.03607700801,0.8592594179681942,1043.417035213828,167.2281184241342,0.8247052105758435,0.09194923780291324
128,10,val,80,5884.325,1128.2840550897504,4740.5350566533425,0.8780075035795809,1081.297965367014,170.0178149555427,0.8417181239799149,0.09254613635087394
128,10,val,81,5924.776562499999,1169.0320043469096,4899.698887811686,0.8971295991264672,1112.3679139212754,174.08335780629614,0.863911365259859,0.0923846772193232
128,10,val,82,5965.228125,1201.517290959977,5059.36708060526,0.9177019538385844,1147.3930726093683,177.24985747854305,0.8830509487100097,0.09307257313747978
128,10,val,83,6005.6796875,1236.709305035788,5223.87764896977,0.9364173469196407,1184.369796400233,183.53609204467602,0.9070879180193281,0.09414846311949139
128,10,val,84,6046.13125,1266.024844956064,5391.215644854321,0.9568943008547159,1209.5825102055642,186.55416913905754,0.9256259280636114,0.09518868260580994
128,10,val,85,6086.5828125,1312.0755278174556,5535.2339698510095,0.9736387210087794,1243.0514186296157,189.59749951346794,0.9437645669240907,0.09486470780439848
128,10,val,86,6127.034374999999,1350.1832594378698,5700.967319122276,0.9975242355409752,1273.1746183022778,194.3698992795646,0.9657464518187941,0.09728635470349815
128,10,val,87,6167.4859375,1386.7735674006099,5871.920749876376,1.0204188130373688,1303.5720987396503,196.99867949248073,0.9868692388003558,0.09807363081968876
128,10,val,88,6207.9375,1418.1546441963633,6036.636444217332,1.0401258290066302,1340.383840678669,202.16582228314905,1.0097567240980183,0.0984624873147915
128,10,val,89,6248.3890625,1458.679329631309,6230.717954032842,1.0593326073916332,1374.060496197913,205.55829694185945,1.0280781550765228,0.0992626853623755
128,10,val,90,6288.840625,1493.644178675254,6411.528223025059,1.0738229632635266,1404.8629604867244,208.02854042170793,1.0460204888348146,0.10012272409938745
128,10,val,91,6329.292187499999,1536.0237573652284,6598.586812136696,1.0937814644663424,1440.027830478897,211.83276026219744,1.0624660961472132,0.10069075222695484
128,10,val,92,6369.74375,1579.470307563838,6768.609393217031,1.113552357805303,1476.0125465873557,215.11095318697926,1.0807916944430007,0.10218571509267027
128,10,val,93,6410.1953125,1620.0242579246265,6975.145487993716,1.1275172908143671,1523.1753017530991,218.75567378040728,1.1013336812759622,0.10389128169264236
128,10,val,94,6450.646875,1656.045343563605,7168.7305018106545,1.146565870653371,1565.6449519534021,221.97710538830506,1.122677592696554,0.10605144852254139
128,10,val,95,6491.0984375,1693.9483655657739,7364.0074786980085,1.1645431001714168,1604.7187016973794,225.49594420146946,1.136185467298323,0.10872204084010767
128,10,val,96,6531.55,1730.563310822454,7561.92301200474,1.1951666126079687,1643.817637606503,229.01526856897192,1.1554534643063303,0.10920115821392434
128,10,val,97,6572.0015625,1771.2441440178281,7758.646652410968,1.207431564402707,1683.8148822785115,233.63278851388714,1.176229906665771,0.10916213536164149
128,10,val,98,6612.453125,1811.659717303428,7945.617797887226,1.2297520790810688,1726.9996218829817,236.64785588724158,1.200349142615048,0.11029331723312781
128,10,val,99,6652.9046875,1850.4801220833542,8152.906561408329,1.248538293284307,1776.208741271141,240.42689499759717,1.228046650433301,0.11350444064014975
128,10,val,100,6693.35625,1898.0539260772389,8322.564621096837,1.2725557301360158,1823.3244167716975,244.5021753948282,1.2376447617779007,0.11455520546272552
128,10,val,101,6733.8078125,1945.9213571390137,8494.954738314245,1.2882602511235381,1865.6932335728698,247.80937543675918,1.2694008339168665,0.11672994759111266
128,10,val,102,6774.259375,1994.34335786799,8674.681587405217,1.3054080133729218,1922.5268473675214,252.31518355224125,1.2756569136306295,0.11796745762299166
128,10,val,103,6814.7109375,2044.0426495339636,8855.39872840642,1.3184307440020082,1975.9178378712363,255.6058115073938,1.2878528251123733,0.11825117839012601
128,10,val,104,6855.1625,2100.848664004957,9032.851748375744,1.3297312898082891,2032.1917660240842,263.7173330167002,1.302766518032905,0.11877670411573893
128,10,val,105,6895.6140625,2144.327138009089,9216.325219500388,1.3407789442405615,2070.3012471481657,267.2737134582235,1.3136176289720858,0.11987887078615403
128,10,val,106,6936.065625,2189.413614908574,9405.563685171644,1.3471550559398249,2110.6669211986855,270.6213076015729,1.3246266429940423,0.12050116869070926
128,10,val,107,6976.5171875,2264.793258774688,9649.261057655685,1.3592083445506664,2158.327176471687,274.45286333730223,1.3328504427536636,0.12188512733941892
128,10,val,108,7016.96875,2318.7587636730314,10026.25292420944,1.3653661783112336,2202.6979914192852,278.4221636102586,1.3350267544053884,0.12144092820265753
128,10,val,109,7057.4203125,2360.1597652984765,10326.088872552415,1.3692849127721896,2244.89809889576,283.9743902317764,1.3503069103316667,0.12300830089259293
128,10,val,110,7097.871875,2402.6128756258913,10560.857148844972,1.387155250662686,2293.66955231626,291.4237700265403,1.3649086921146691,0.1278695673907898
128,10,val,111,7138.3234375,2458.106360281363,10798.216381217117,1.4059790344604917,2337.7269142896466,295.3087938050203,1.3686966403669705,0.1285855596927371
128,10,val,112,7178.775,2497.6425809992834,11038.135890222076,1.4101421441669038,2387.0358645971237,297.32870993808547,1.3841565944389123,0.13188046225108552
128,10,val,113,7219.2265625,2561.8929901852284,11302.303135659055,1.4277708008809675,2428.3683342136205,303.64544675336447,1.3873656275319446,0.13390487634847015
128,10,val,114,7259.678125,2626.4399616214364,11584.308765685806,1.4355821222655218,2483.005945499656,303.6832821924236,1.3919529414610499,0.13502167023617118
128,10,val,115,7300.1296875,2672.4467916325807,11827.42060649922,1.4439977103844481,2542.6548617874687,309.60339276668947,1.4024678738058238,0.13644665210746365
128,10,val,116,7340.58125,2733.35198037546,12072.857282518497,1.4526680734445567,2608.5747353474176,316.4981343021509,1.3968382039944993,0.13766733026705086
128,10,val,117,7381.0328125,2790.761622088894,12316.474631993897,1.4400659213173461,2664.149116275702,319.929025082331,1.4104265264161948,0.14119011374215396
128,10,val,118,7421.484375,2867.794602143647,12561.990079377665,1.4474892088991442,2720.9847269441243,324.27873086373893,1.4280524821773666,0.14142831285597451
128,10,val,119,7461.9359375,2905.7623597522593,12809.194382915191,1.4618053670041598,2774.4560991873186,331.0834076052558,1.4290169125943804,0.14330069858375927
128,10,val,120,7502.3875,2948.6017575450205,13058.112133960614,1.471709848793995,2828.9462661006155,335.24581254562236,1.4320258955546339,0.1447248284852133
128,10,val,121,7542.8390625,2992.1875811519953,13313.437480159193,1.4715643882965979,2876.5277809249596,340.118242002859,1.443524206356253,0.14640930593583928
128,10,val,122,7583.290625,3043.256160298398,13597.399054553967,1.478300232605645,2932.662708062594,344.7318560699415,1.4504365807740671,0.14855167864119556
128,10,val,123,7623.7421875,3096.9992016844117,13857.283643708479,1.4770790561682845,2980.622822278292,352.14188297351257,1.4560521024351014,0.15015655603292655
128,10,val,124,7664.19375,3151.5271068275297,14118.969816482333,1.4858571760647323,3019.9026167046554,358.0941059484246,1.4680682753494545,0.15247662387128658
128,10,val,125,7704.6453125,3194.223395261901,14382.374324372993,1.4880541434580952,3075.7099464219664,364.18091191859503,1.4625889861954864,0.1550364842771504
128,10,val,126,7745.096875,3251.7954231249178,14647.478094307371,1.4876628759631638,3145.5427791233888,368.85898446226406,1.4623966642358655,0.1571307577146741
128,10,val,127,7785.5484375,3288.3083993406217,14914.163801851506,1.5013663534762245,3198.779864201725,373.5830505475235,1.4627028966868183,0.15746213803702336
128,10,val,128,7826.0,3352.4738408210624,15182.417179762027,1.5003246400424053,3247.60693832377,380.34537734344906,1.4560419502131356,0.15860829323117737
128,10,test,0,2648.2,0.0,0.0,0.0,0.0,0.0,0.0,0.0
128,10,test,1,2688.6515624999997,1.5428825543986058,4.807946881627246,0.0029930142706607876,1.4251386711769953,0.38272458571242396,0.002662535589682477,0.000886070733088079
128,10,test,2,2729.1031249999996,3.0814129975311744,9.560604113413266,0.005748586357998478,2.8950450031004493,0.7591472627730411,0.005099843391585465,0.0017736230072673553
128,10,test,3,2769.5546875,5.243252320095593,16.201577003902656,0.009015733160738088,5.081943140112344,1.1847423817528124,0.00801824751055398,0.0028359027192410152
128,10,test,4,2810.00625,7.43027870878521,22.539437241042055,0.012004085279811345,7.292049097828546,1.6165814160700176,0.010337255344416638,0.003895051144429257
128,10,test,5,2850.4578125,9.975774456835174,30.13653800304894,0.015294271424284855,9.698056456041826,2.031400905625702,0.013211238875747693,0.004945352826520727
128,10,test,6,2890.9093749999997,12.36810357964302,37.155901135056986,0.018406260398815683,11.99581421203888,2.4553488067429186,0.015452506459056985,0.006042958127912886
128,10,test,7,2931.3609374999996,14.014838420436604,41.657961857191594,0.020596582787343887,13.411875693307485,2.848195136891718,0.017174094232906643,0.00665169743349972
128,10,test,8,2971.8125,15.998202558296981,47.6665142980778,0.023716139481540915,15.172049018531197,3.309118837957925,0.019505235846910968,0.007648200621903495
128,10,test,9,3012.2640625,19.18352947772295,57.53908473022876,0.027855185907525726,18.358551244610055,3.8670546533055017,0.022771196279024707,0.008998585325114411
128,10,test,10,3052.715625,22.03288052748053,67.28068318940149,0.03150183911745583,20.988731145472173,4.437955382719849,0.02585279547184967,0.010582053992035101
128,10,test,11,3093.1671874999997,25.014681346021916,77.52763771266302,0.0358949958413346,23.913358013230468,5.092118828379455,0.029360287238110877,0.011894484553619591
128,10,test,12,3133.6187499999996,28.19290754915471,86.84822131048979,0.03992007151415195,26.83710393935712,5.813572750437146,0.033320504230775067,0.013166265109181355
128,10,test,13,3174.0703125,32.135868551279145,100.06364874775501,0.04462159689387277,30.510437533008528,6.435534367051687,0.037840975752248235,0.014780121079069342
128,10,test,14,3214.521875,36.586616204559164,113.88306862121956,0.04993098186738959,34.48974137697691,7.166465598530181,0.042035490771422795,0.01640204192619732
128,10,test,15,3254.9734375,41.84285659317677,130.39542737313354,0.05534885860170556,39.522409874525266,8.012259069602123,0.046765435497623034,0.018545928508192228
128,10,test,16,3295.4249999999997,45.902858153770154,143.81489674382314,0.060385062353528196,43.233345346777696,8.731090304181066,0.050212145220322746,0.01977361672284711
128,10,test,17,3335.8765624999996,50.38205440170884,155.81854141466638,0.06512905968781083,47.03452796335539,9.53605748945563,0.05419395341186954,0.02165470848877922
128,10,test,18,3376.328125,52.309986127326624,167.03783454402415,0.06939202947010142,48.62238124979967,10.422280796746008,0.057668974915285956,0.02345161638850693
128,10,test,19,3416.7796875,56.203555489304335,184.86370015508186,0.07426155864364431,52.030704372612036,11.542921175347942,0.06145860031326472,0.025473148458771133
128,10,test,20,3457.23125,60.02043257014833,203.3668409205413,0.07888274604789085,56.143818083384645,12.850017510857015,0.06566431002657386,0.027292506764513974
128,10,test,21,3497.6828124999997,63.21898887772903,225.52707284390752,0.08530193979933652,59.80813698759491,14.182774521479757,0.06960285790380202,0.029292085119994593
128,10,test,22,3538.1343749999996,67.06699221485835,246.503171694034,0.09077266471413858,63.2168778267328,15.720234470551375,0.07401566313095312,0.03123040440266775
128,10,test,23,3578.5859375,71.25385343486457,268.8978002937177,0.09664936868234233,66.57236025480273,17.275583134171768,0.0788369324844617,0.032811961484075294
128,10,test,24,3619.0375,78.26168845140558,290.92284435983026,0.10292818219385588,73.61333160646666,18.974068290900092,0.08455285226815178,0.03463480106600733
128,10,test,25,3659.4890625,84.49404947063766,318.45261359387894,0.10957925157460952,78.73075161451482,20.879354344511825,0.09017777102470273,0.035554077862492206
128,10,test,26,3699.940625,87.07326118631542,343.9914858983259,0.1134154534689184,80.69646095382765,22.632044104128113,0.09434657046755897,0.03657207041047033
128,10,test,27,3740.3921874999996,91.10647163284824,372.68544295275314,0.11801134234748836,82.67801524719998,24.43850703486561,0.09883071872171176,0.037073735974293975
128,10,test,28,3780.84375,93.39007358334017,404.9146381570726,0.12206668256437535,83.72502916422775,25.644572082555328,0.10115913959943615,0.03807614949720038
128,10,test,29,3821.2953125,98.85765386620449,438.3071326599464,0.12937729366369402,87.79543114907717,27.823978120792958,0.106379730730982,0.03937812025263908
128,10,test,30,3861.746875,102.8686478831986,471.93229807215727,0.133114675112617,91.4718173742628,29.73680994725214,0.1119828546036171,0.040420771327534175
128,10,test,31,3902.1984375,107.06068150344095,512.4051147055916,0.1381645661870795,95.29470879846969,31.766794415297284,0.11832668299050289,0.04226985112629027
128,10,test,32,3942.6499999999996,113.11397108487142,551.3566494777522,0.1447320790876292,100.27575439536207,34.002573821023674,0.12337605538283343,0.04306858493581317
128,10,test,33,3983.1015625,122.93626069441643,583.1513752221316,0.15335686900996848,111.52022184925414,35.60735084778344,0.13065777128904582,0.04444475782453862
128,10,test,34,4023.553125,135.10780277789536,619.2126562585713,0.16208472936440727,123.05117476899596,37.11408532301519,0.13852687948166797,0.04490005593620148
128,10,test,35,4064.0046875,149.32088227931928,667.9770154591098,0.17340870376920947,136.56689341367922,38.54187654547481,0.1472904118700602,0.04567041972114959
128,10,test,36,4104.45625,155.87745792454655,714.9151628679896,0.18161518110484337,140.42173138433435,39.867619635103324,0.1553052250392959,0.04673919093927227
128,10,test,37,4144.9078125,162.3184866064804,761.8037759172711,0.19151142814568567,146.88589948359976,41.64406959565348,0.16451123428450065,0.049008529979984936
128,10,test,38,4185.359375,177.0257288266066,818.4934440428924,0.2014606206126746,160.71613973528542,43.38039937163529,0.1754092678424718,0.05081223175859052
128,10,test,39,4225.8109375,183.4733483816908,866.0804422158483,0.21015715322119863,168.45066736546244,45.87468558978003,0.18234941144731898,0.050600548183900654
128,10,test,40,4266.2625,194.1811702706455,907.493022304783,0.2216601228791984,179.95903900073273,47.71975849985566,0.191046398637788,0.050998183255454445
128,10,test,41,4306.7140625,207.45801686069854,956.3963017644153,0.23233072782699246,193.38231382192106,50.015230957278334,0.20135891261254674,0.05442566263399312
128,10,test,42,4347.165625,218.90803372234615,1017.940605306664,0.24282477040746264,204.6378324327236,51.76632816743876,0.2151131977954808,0.05619226231552525
128,10,test,43,4387.6171875,233.80794009195327,1091.437081622175,0.2548064821736862,217.9632155871074,53.68715741084884,0.22241320863018635,0.056460106226995446
128,10,test,44,4428.06875,244.57359076745888,1155.4862064288816,0.266236296523191,228.93079886149792,55.29453464700751,0.2344654587679712,0.05894323127670926
128,10,test,45,4468.5203125,259.89859838043117,1229.8107091686068,0.2810515885434458,243.7735880393177,57.53845387349443,0.24553191160060858,0.06118211531081982
128,10,test,46,4508.971875,275.9174817762329,1285.22884279444,0.293365754807276,258.680325464546,60.753980840090094,0.25978541526053106,0.06334066381065862
128,10,test,47,4549.4234375,298.52037976196755,1353.4520145985307,0.3063602427958653,280.1336937921306,63.15500183196576,0.27620915748197833,0.06535217657484271
128,10,test,48,4589.875,308.47261234376333,1410.5571863120929,0.319192214850994,291.02183072291865,65.60055815421606,0.29108690794849706,0.06635330837239523
128,10,test,49,4630.3265625,327.6324708036817,1482.100102184677,0.33430457432158045,309.04413889893334,67.4136861011263,0.30695460486967335,0.06802181341783106
128,10,test,50,4670.778125,347.3946198584201,1569.410010472503,0.3493685867874147,329.80885825473473,69.69580493292327,0.32508453212918254,0.06952728479696271
128,10,test,51,4711.229687499999,367.2968412015507,1631.9927618140625,0.3657997627078552,347.5917231015515,71.42674053278597,0.34062608210863254,0.07009383024431624
128,10,test,52,4751.68125,386.22507130619965,1707.8541759315483,0.38291346733040565,364.83466422123456,73.96522739022515,0.35549971568624505,0.07141934893818876
128,10,test,53,4792.1328125,397.95905826039757,1764.381830609265,0.39622745509320867,375.839405895789,75.76634767349333,0.3696163843601771,0.07255164032465497
128,10,test,54,4832.584375,416.65541256508476,1855.8827705409367,0.41230466428704426,398.33062970862443,78.96148025745475,0.3862947040985838,0.07473327695521614
128,10,test,55,4873.0359375,439.35538164666355,1938.267653393423,0.42584605865868264,416.89993949850646,81.61316503532845,0.40317314171863655,0.07605724562766408
128,10,test,56,4913.487499999999,460.10538649335683,2016.217732429926,0.442196983298386,440.2215550521831,84.38211456466149,0.42086034976546866,0.07701234237580327
128,10,test,57,4953.9390625,483.979051965461,2096.1886755175537,0.4598173053453128,461.18491018785335,86.37021999279959,0.4386178881291142,0.07789350855670227
128,10,test,58,4994.390625,509.67405618694886,2212.97112914649,0.47532104598205227,485.5355674906434,89.92358168203651,0.451455611319887,0.07937379262366873
128,10,test,59,5034.8421875,535.1009010824299,2280.826412796341,0.4887784626173633,511.94732412669805,93.33636841505921,0.4690482743844454,0.08034883784037666
128,10,test,60,5075.29375,556.6218682027966,2404.1494935858686,0.5063795861319637,537.0709005850927,95.92941755899886,0.48383505974149144,0.08070171290393888
128,10,test,61,5115.745312499999,580.9464611986002,2510.874561784787,0.5243069713704516,561.207358036242,99.03593993515614,0.5034477099557406,0.08270825349639058
128,10,test,62,5156.196875,600.6460794586559,2617.4582104323886,0.5425910511691057,576.8541025115894,102.05883616329459,0.5220507328959727,0.08227626925635251
128,10,test,63,5196.6484375,627.3659528726539,2728.870613491035,0.5620208149809749,600.4708698809225,105.122371149875,0.5411185849537592,0.08341428857290036
128,10,test,64,5237.1,652.0037476310989,2816.7194594914677,0.5804001416301643,627.3478032228503,108.64362327900778,0.5574730339043474,0.08443285241151871
128,10,test,65,5277.5515625,680.2187586990893,2928.424535870106,0.599249611787981,648.2309130986152,111.45111385760487,0.5775212793353024,0.08416509320138474
128,10,test,66,5318.003124999999,709.3134825851024,3047.7556503102255,0.6172508020040948,675.9338539073453,114.35596755282518,0.5944688034171253,0.08469330498612104
128,10,test,67,5358.4546875,733.8187361318944,3139.5838009289755,0.6358883821217971,701.5076157669,117.14741674699525,0.6155388233145889,0.08600683129764336
128,10,test,68,5398.90625,760.4773822758659,3215.2370775188397,0.6545646413413653,727.4900949802045,121.11345924096639,0.62996164418775,0.08614593156620497
128,10,test,69,5439.3578125,787.4651034037754,3319.675137948428,0.6753520551121689,755.1409173078127,124.52704505009326,0.6518321071574684,0.08646817439579177
128,10,test,70,5479.809375,812.772739100172,3424.6023444583348,0.6918983006917317,782.4042957597612,128.31036462178423,0.6754806376901429,0.08637303053011039
128,10,test,71,5520.260937499999,845.4124496788395,3529.6180123774016,0.710655638915654,810.0907477197836,130.61616619548744,0.6965404172682987,0.08619773686506862
128,10,test,72,5560.7125,876.7400671604122,3653.143538517129,0.7310236770905736,839.5289523884628,133.10794678007198,0.713591816271987,0.08651294374632627
128,10,test,73,5601.1640625,907.629783088872,3786.1474940556595,0.7488103432627263,869.0610117391628,135.5899470270856,0.7339468883016259,0.08646099385035098
128,10,test,74,5641.615625,938.6373347805232,3906.168335544268,0.7711675843774801,896.7937523706127,139.35647628382242,0.7546169817675541,0.0865367063457535
128,10,test,75,5682.0671875,972.0101213826524,4045.8529129046224,0.7953703714516855,929.0510886966103,142.83155384852364,0.7721197859705196,0.08678518922776608
128,10,test,76,5722.518749999999,1003.9002459575759,4191.560401657264,0.8149858981325274,964.7839743687925,145.8681392007577,0.792722577901802,0.0866587009282771
128,10,test,77,5762.9703125,1035.9328520576767,4337.20800262887,0.8296733934807371,994.1508719575438,148.9144010394483,0.8093468733775949,0.0873901336296422
128,10,test,78,5803.421875,1068.9519572194702,4482.996870848315,0.8502491190353484,1024.1921806328237,152.9173086847493,0.8291965182885275,0.08635417041397142
128,10,test,79,5843.8734375,1090.7576957944939,4619.215680998736,0.869150998694286,1049.7065368701756,155.39538542596532,0.8439209978492908,0.08615587503993047
128,10,test,80,5884.325,1119.2882552039691,4768.377954246425,0.889237651959543,1079.2619332006125,158.7036793768135,0.8653964190483907,0.08632244468339753
128,10,test,81,5924.776562499999,1154.9670372116623,4926.236205978044,0.9092862233035376,1113.1123539398259,162.14949177581417,0.8887052695026771,0.08731967357917483
128,10,test,82,5965.228125,1188.631533929673,5068.065712290643,0.9274996337706627,1143.145666290394,164.79243865962445,0.9093663236798416,0.08717054083338949
128,10,test,83,6005.6796875,1225.6266410022647,5229.78782545812,0.9478438412782314,1176.2471668780279,168.44645472956898,0.9320608074519787,0.08697983274901015
128,10,test,84,6046.13125,1260.6004804179606,5387.968363946282,0.9693883524906424,1208.373850131295,171.78294202261668,0.9536147068184078,0.0865141479672836
128,10,test,85,6086.5828125,1296.0358720309414,5559.215501633042,0.9932655220056957,1239.4341086630902,175.16569148526884,0.9762117328912523,0.08682263759302056
128,10,test,86,6127.034374999999,1325.4924213399875,5717.714469729498,1.0149907569524803,1269.6920986347068,178.3307298265555,0.999127530050839,0.08702170427404322
128,10,test,87,6167.4859375,1359.6720051905181,5848.070177583026,1.0361482979654724,1315.156941433628,181.38102581538362,1.0221784601834005,0.08753609346387903
128,10,test,88,6207.9375,1393.257685236506,5975.281014669011,1.0542452670325997,1356.2925589983906,185.2116324950117,1.0451029902527367,0.08868558768731918
128,10,test,89,6248.3890625,1432.8329591155295,6155.186055124554,1.0804532879253523,1388.2380849474316,188.79249137722098,1.0635794698421326,0.08968095389902435
128,10,test,90,6288.840625,1477.7934533433097,6357.926771577008,1.1020102331165473,1426.2033744211067,192.0447471266442,1.0825258092351173,0.09087196111939388
128,10,test,91,6329.292187499999,1515.3638526036168,6570.885054906109,1.1240035524816214,1461.7394011739293,195.622771626347,1.1021972711262595,0.09204830644672472
128,10,test,92,6369.74375,1556.3370541975578,6814.891263849197,1.1467380136534964,1505.1810758525457,199.31301138803548,1.1265366290271057,0.0935771097751361
128,10,test,93,6410.1953125,1602.59248842857,6998.30227238419,1.1643327515498543,1550.115135223649,202.7301483715931,1.147359905697091,0.09363419346888066
128,10,test,94,6450.646875,1646.0065871126233,7163.225648684025,1.1825928034995825,1595.715916504993,205.462108371961,1.1601809513679673,0.09492081172324252
128,10,test,95,6491.0984375,1687.9685961453815,7326.200889302494,1.206139188530797,1627.5511942064895,208.63623361462658,1.1839584437156117,0.09651482567569732
128,10,test,96,6531.55,1721.3926019044275,7490.927080432326,1.2285098277396156,1677.8543800596353,211.68537735163895,1.2069002483657623,0.09659806055889106
128,10,test,97,6572.0015625,1772.0991979795997,7659.468035029487,1.2457756201227252,1714.8745512749883,215.30282828948089,1.2236652581608214,0.09717281097977917
128,10,test,98,6612.453125,1807.1423232989616,7852.641175151911,1.2589556586474067,1759.5568527285436,219.78797570064046,1.2409056038443709,0.09664039904208263
128,10,test,99,6652.9046875,1859.6424924496519,8048.354620747097,1.2773893449291238,1799.7192930246727,222.45344070671536,1.2619838249610522,0.09789641854126424
128,10,test,100,6693.35625,1899.5143876288835,8225.547838445309,1.2887575071515305,1838.850428940404,227.0140191008636,1.27631335193569,0.09780642871681355
128,10,test,101,6733.8078125,1944.4037090874815,8416.50230504589,1.3028675665870888,1868.5267556557612,230.78121726100065,1.2893351027909032,0.09899236609823073
128,10,test,102,6774.259375,1991.9959600222796,8602.599164752914,1.3171427065072905,1918.0514613697426,234.1249390020934,1.3055583597862894,0.10061380633437367
128,10,test,103,6814.7109375,2041.629224420376,8802.56236124855,1.3340776518943471,1960.1540691973014,237.44648942955493,1.3091283359185912,0.10264674681306415
128,10,test,104,6855.1625,2085.510836183261,9006.984371638007,1.34046690908117,2010.1300874679423,241.0462993442195,1.3174026874169347,0.1042376610673832
128,10,test,105,6895.6140625,2126.7999773525476,9195.34498837194,1.3537077898955474,2052.3143383755096,243.86994857982324,1.3354017325735712,0.10812899657659802
128,10,test,106,6936.065625,2172.4339916145823,9405.881345557322,1.3618503216557276,2104.5146880502016,248.00487142206862,1.3444324117059119,0.11047296463095575
128,10,test,107,6976.5171875,2215.733077150148,9608.156851885036,1.3819576423996227,2134.3549145060197,253.40907269069214,1.3583063906084936,0.11154447617299978
128,10,test,108,7016.96875,2269.920819275171,9833.249169414894,1.4041186924259597,2180.8344355710005,259.4206047654595,1.3623059448764137,0.1124042382229587
128,10,test,109,7057.4203125,2314.0755662213624,10015.013505641766,1.4122199481598832,2232.7921936231405,262.15890124423424,1.3707963911362897,0.11355673453939362
128,10,test,110,7097.871875,2364.07097999853,10224.8915187339,1.4379685669252824,2284.6684952116902,266.83816958090745,1.3767819321083703,0.11575162603518277
128,10,test,111,7138.3234375,2421.60936142065,10436.568655397266,1.4264173162461917,2344.4560438582157,270.14573181350164,1.3895384166138935,0.11793573946434388
128,10,test,112,7178.775,2484.1774042358084,10649.981891206899,1.4316932114196435,2397.4942242763573,273.53621794333446,1.3937343320377242,0.12048986007560264
128,10,test,113,7219.2265625,2544.635756482421,10864.987512236576,1.441957457478979,2451.55845485138,278.0909950131054,1.39617370543256,0.12182316337098001
128,10,test,114,7259.678125,2587.241445716273,11111.775211504044,1.4518693129014493,2502.8991170592863,283.56574038808446,1.4073963472639937,0.1225439026466199
128,10,test,115,7300.1296875,2647.6187787416734,11356.548597737095,1.4580020636731466,2561.6465497434147,286.2392691459768,1.4252223224946112,0.12407814963090458
128,10,test,116,7340.58125,2703.7610290473,11538.077268749583,1.4675786651895395,2627.0595348000825,292.6105288239853,1.4471124016669779,0.12481338750591764
128,10,test,117,7381.0328125,2761.430817142923,11743.786513316716,1.470737663484739,2674.7628810071687,299.61031900452895,1.4346088243421262,0.1282095877518496
128,10,test,118,7421.484375,2829.504420389142,11963.836931498612,1.4678492376025836,2733.8790041086722,304.1638470996837,1.437708193950421,0.12929508374083348
128,10,test,119,7461.9359375,2893.771034766969,12188.428998834668,1.4779023243838563,2802.998655762096,308.1367633370036,1.439919481160533,0.13169365212534895
128,10,test,120,7502.3875,2946.882729334172,12414.374373591416,1.4860673295060411,2861.0235469585064,313.78678482400346,1.455745724340443,0.1343534188448514
128,10,test,121,7542.8390625,2998.582712946916,12642.238734745573,1.4870488761390965,2914.5035975518426,318.7420185518093,1.4586745888009038,0.13696209565569434
128,10,test,122,7583.290625,3061.2559883035715,12871.389196866294,1.4883972903504683,2952.9232213849355,322.5790518219469,1.4635212212723014,0.14012212688701597
128,10,test,123,7623.7421875,3134.3706241496534,13101.214335252444,1.4987950520975493,2992.597738299253,326.1793817518228,1.4783035584098116,0.1410726840471244
128,10,test,124,7664.19375,3184.8208750002414,13331.56284887017,1.5247667434941796,3072.335509019581,329.72633470433976,1.4903889338594434,0.1420199743380427
128,10,test,125,7704.6453125,3227.8406527621682,13553.833582737263,1.531315445821288,3149.55298255672,333.44593854715754,1.4964106766454377,0.14389560411072477
128,10,test,126,7745.096875,3313.8938273103236,13778.37706506657,1.5328295059191255,3203.788747644552,338.0377112070789,1.5157807862670458,0.14757125683291603
128,10,test,127,7785.5484375,3366.135925554147,14005.092871664569,1.550775352031658,3258.6359234229435,346.19919781018103,1.528774756831136,0.1485576220920824
128,10,test,128,7826.0,3419.792698182704,14233.883834165166,1.5709984365698537,3343.036522712282,352.064777580523,1.5413674359258112,0.14976185929099425
