restart,round,in_round,phase,loss_before,loss_after,gain,factor,factor_renewed,n_iter,func_evals,early_stop,wall_s
0,1,0,train,3.610290958103318e-07,3.120692771081614e-10,0.9991356118364706,2769859.8578474526,1,200,212,0,184.64
1,1,1,train,3.120692771081614e-10,2.0177449431229676e-10,0.3534304428104184,3204416689.9947853,1,200,216,0,187.3
2,1,2,train,2.0177449431229676e-10,1.0515453248854066e-10,0.47885121532859554,3204416689.9947853,0,200,209,0,181.89
3,1,3,train,1.0515453248854066e-10,6.853572976185657e-11,0.34823798708509945,3204416689.9947853,0,200,209,0,182.42
4,1,4,train,6.853572976185657e-11,5.085960718469713e-11,0.2579110580507315,3204416689.9947853,0,200,208,0,183.45
5,1,5,train,5.085960718469713e-11,4.1068349445942e-11,0.19251540231520245,3204416689.9947853,0,200,210,0,186.73
6,1,6,train,4.1068349445942e-11,3.514050667945581e-11,0.14434090598866095,3204416689.9947853,0,200,208,0,182.3
7,1,7,train,3.514050667945581e-11,2.9829248479169774e-11,0.15114347236749315,3204416689.9947853,0,200,207,0,181.31
8,1,8,train,2.9829248479169774e-11,2.752584208925218e-11,0.07721972585149438,33524143281.662476,1,200,217,0,189.73
9,1,9,train,2.752584208925218e-11,2.4755221286753608e-11,0.10065526037368336,33524143281.662476,0,200,217,0,190.74
10,1,10,train,2.4755221286753608e-11,2.1751459509415227e-11,0.12133851451150951,33524143281.662476,0,200,215,0,188.07
11,1,11,train,2.1751459509415227e-11,1.9216420506481346e-11,0.11654569670768883,33524143281.662476,0,200,211,0,188.49
12,1,12,train,1.9216420506481346e-11,1.7281419819851908e-11,0.10069516775909423,33524143281.662476,0,200,211,0,186.11
13,1,13,train,1.7281419819851908e-11,1.5874846798517895e-11,0.0813922140655493,33524143281.662476,0,200,215,0,189.33
14,1,14,train,1.5874846798517895e-11,1.463591108235713e-11,0.07804394788089751,33524143281.662476,0,200,211,0,185.93
15,1,15,train,1.463591108235713e-11,1.3610714509437162e-11,0.07004665217977397,33524143281.662476,0,200,219,0,193.21
16,1,16,train,1.3610714509437162e-11,1.2557235667319522e-11,0.07740070085131805,33524143281.662476,0,200,216,0,188.02
17,1,17,train,1.2557235667319522e-11,1.1551735287498664e-11,0.08007338609067398,33524143281.662476,0,200,220,0,192.12
18,1,18,train,1.1551735287498664e-11,1.0779595491064968e-11,0.06684188801221143,33524143281.662476,0,200,212,0,187.6
19,1,19,train,1.0779595491064968e-11,1.0054404870922551e-11,0.06727438156130394,33524143281.662476,0,200,215,0,191.13
20,1,20,train,1.0054404870922551e-11,9.370588951525793e-12,0.06801157583919878,33524143281.662476,0,200,218,0,190.97
21,1,21,train,9.370588951525793e-12,8.84588422324554e-12,0.05599485058992109,33524143281.662476,0,200,219,0,192.42
22,1,22,train,8.84588422324554e-12,8.400564177333097e-12,0.05034206131052624,33524143281.662476,0,200,222,0,195.53
23,1,23,train,8.400564177333097e-12,7.938342425497102e-12,0.05502270348498599,33524143281.662476,0,200,215,0,188.83
24,1,24,train,7.938342425497102e-12,7.575017324976218e-12,0.04576838350458692,33524143281.662476,0,200,218,0,192.46
25,2,0,train,1.3372266161199076e-11,1.0909240704341616e-11,0.18418908412129628,74781640444.87813,1,200,218,0,191.73
26,2,1,train,1.0909240704341616e-11,9.827757296806441e-12,0.09913461778368965,74781640444.87813,0,200,218,0,193.09
27,2,2,train,9.827757296806441e-12,9.096249668020746e-12,0.07443281378381211,74781640444.87813,0,200,219,0,195.09
28,2,3,train,9.096249668020746e-12,8.584000033217056e-12,0.056314377188280355,74781640444.87813,0,200,213,0,186.67
29,2,4,train,8.584000033217056e-12,8.158193904395824e-12,0.04960462804910445,74781640444.87813,0,200,215,0,188.84
30,2,5,train,8.158193904395824e-12,7.747557618522927e-12,0.050334214984965736,74781640444.87813,0,200,219,0,192.24
31,2,6,train,7.747557618522927e-12,7.345258532637719e-12,0.05192592371606101,74781640444.87813,0,200,218,0,191.48
32,2,7,train,7.345258532637719e-12,6.978926343994669e-12,0.049873287239012645,74781640444.87813,0,200,217,0,192.88
33,2,8,train,6.978926343994669e-12,6.62703923123192e-12,0.05042138223246137,74781640444.87813,0,200,218,0,192.42
34,2,9,train,6.62703923123192e-12,6.3203671707105605e-12,0.04627587823474392,74781640444.87813,0,200,222,0,195.78
35,2,10,train,6.3203671707105605e-12,6.022315281285356e-12,0.047157369401957694,74781640444.87813,0,200,216,0,192.41
36,2,11,train,6.022315281285356e-12,5.757191834127099e-12,0.04402350836432327,74781640444.87813,0,200,217,0,190.29
37,2,12,train,5.757191834127099e-12,5.512778356329843e-12,0.042453592799954594,74781640444.87813,0,200,221,0,197.75
38,2,13,train,5.512778356329843e-12,5.2612833508950885e-12,0.04562037310025076,74781640444.87813,0,200,223,0,194.99
39,2,14,train,5.2612833508950885e-12,5.017864452641667e-12,0.046266068945328635,74781640444.87813,0,200,214,0,187.05
40,2,15,train,5.017864452641667e-12,4.829102859314767e-12,0.03761791397683641,74781640444.87813,0,200,216,0,189.81
41,2,16,train,4.829102859314767e-12,4.6694261835466305e-12,0.033065494858975565,74781640444.87813,0,200,210,0,185.99
42,2,17,train,4.6694261835466305e-12,4.516172455040253e-12,0.03282067699161585,74781640444.87813,0,200,221,0,195.23
43,2,18,train,4.516172455040253e-12,4.3744896082997465e-12,0.03137232870334301,74781640444.87813,0,200,221,0,195.19
44,2,19,train,4.3744896082997465e-12,4.226061571324696e-12,0.03393036680060621,74781640444.87813,0,200,215,0,189.13
45,2,20,train,4.226061571324696e-12,4.094922793834547e-12,0.031030967078182575,74781640444.87813,0,200,220,0,193.16
46,2,21,train,4.094922793834547e-12,3.9889689716060205e-12,0.02587443709269779,74781640444.87813,0,200,216,0,191.62
47,2,22,train,3.9889689716060205e-12,3.881940185808969e-12,0.02683119035492534,74781640444.87813,0,200,219,0,192.3
48,2,23,train,3.881940185808969e-12,3.780361167630616e-12,0.026167074533938014,74781640444.87813,0,200,215,0,190.1
49,2,24,train,3.780361167630616e-12,3.671978194907328e-12,0.028670004773966792,74781640444.87813,0,200,222,0,194.67
50,3,0,train,1.70051837879759e-11,9.049012390271201e-12,0.46786741601289733,58805597896.98271,1,200,211,0,187.9
51,3,1,train,9.049012390271201e-12,7.924581988275704e-12,0.12426001352417176,58805597896.98271,0,200,211,0,184.23
52,3,2,train,7.924581988275704e-12,7.357095755104798e-12,0.07161087285240952,58805597896.98271,0,200,214,0,188.87
53,3,3,train,7.357095755104798e-12,6.9364366661692964e-12,0.05717732960640383,58805597896.98271,0,200,216,0,190.46
54,3,4,train,6.9364366661692964e-12,6.65383191494442e-12,0.04074206466891126,58805597896.98271,0,200,223,0,199.03
55,3,5,train,6.65383191494442e-12,6.413302790475651e-12,0.03614896311530559,58805597896.98271,0,200,216,0,189.64
56,3,6,train,6.413302790475651e-12,6.211190231442042e-12,0.03151458236678991,58805597896.98271,0,200,214,0,188.54
57,3,7,train,6.211190231442042e-12,6.027797094973526e-12,0.029526246924486493,58805597896.98271,0,200,216,0,188.55
58,3,8,train,6.027797094973526e-12,5.859532131022206e-12,0.027914835436586453,58805597896.98271,0,200,220,0,191.9
59,3,9,train,5.859532131022206e-12,5.710650738442784e-12,0.02540840962219445,58805597896.98271,0,200,217,0,190.61
60,3,10,train,5.710650738442784e-12,5.557879036206558e-12,0.026752065435870925,58805597896.98271,0,200,223,0,195.66
61,3,11,train,5.557879036206558e-12,5.422748758450164e-12,0.024313281537092474,58805597896.98271,0,200,214,0,187.7
62,3,12,train,5.422748758450164e-12,5.295399124270989e-12,0.023484332365708217,58805597896.98271,0,200,216,0,188.7
63,3,13,train,5.295399124270989e-12,5.1749592238705494e-12,0.022744253563138174,58805597896.98271,0,200,221,0,192.82
64,3,14,train,5.1749592238705494e-12,5.063169430428027e-12,0.021602062664932607,58805597896.98271,0,200,220,0,192.48
65,3,15,train,5.063169430428027e-12,4.9561896385350375e-12,0.021129016787404947,58805597896.98271,0,200,216,0,190.78
66,3,16,train,4.9561896385350375e-12,4.851631347711975e-12,0.021096507286587185,58805597896.98271,0,200,222,0,195.53
67,3,17,train,4.851631347711975e-12,4.7485697398705365e-12,0.021242670857513194,58805597896.98271,0,200,222,0,194.46
68,3,18,train,4.7485697398705365e-12,4.663812726631135e-12,0.01784895618732392,58805597896.98271,0,200,217,0,191.56
69,3,19,train,4.663812726631135e-12,4.570073350573827e-12,0.02009930105513047,58805597896.98271,0,200,221,0,193.1
70,3,20,train,4.570073350573827e-12,4.474668835368137e-12,0.020875926464880745,58805597896.98271,0,200,219,0,192.15
71,3,21,train,4.474668835368137e-12,4.391259685111421e-12,0.018640295701313876,58805597896.98271,0,200,217,0,188.38
72,3,22,train,4.391259685111421e-12,4.309115619970017e-12,0.018706264496247692,58805597896.98271,0,200,218,0,191.62
73,3,23,train,4.309115619970017e-12,4.231463888095858e-12,0.018020340766512072,58805597896.98271,0,200,214,0,186.97
74,3,24,train,4.231463888095858e-12,4.154247505587252e-12,0.018248148761433134,58805597896.98271,0,200,219,0,191.17
75,4,0,train,1.1496791855648594e-11,6.8223473672402995e-12,0.40658685893418606,86980786688.65184,1,200,217,0,190.5
76,4,1,train,6.8223473672402995e-12,5.608851043203203e-12,0.17787079119777607,86980786688.65184,0,200,214,0,184.74
77,4,2,train,5.608851043203203e-12,5.123001502745349e-12,0.08662193677733787,86980786688.65184,0,200,219,0,193.89
78,4,3,train,5.123001502745349e-12,4.801515187373443e-12,0.06275350791906388,86980786688.65184,0,200,218,0,191.38
79,4,4,train,4.801515187373443e-12,4.528072643891769e-12,0.0569492197381249,86980786688.65184,0,200,218,0,188.11
80,4,5,train,4.528072643891769e-12,4.334282562009972e-12,0.042797476348621306,86980786688.65184,0,200,218,0,189.77
81,4,6,train,4.334282562009972e-12,4.177277301227144e-12,0.0362240482794039,86980786688.65184,0,200,217,0,190.26
82,4,7,train,4.177277301227144e-12,4.0209743999616465e-12,0.037417410910111484,86980786688.65184,0,200,219,0,191.69
83,4,8,train,4.0209743999616465e-12,3.901987023343714e-12,0.02959167723601217,86980786688.65184,0,200,219,0,190.18
84,4,9,train,3.901987023343714e-12,3.795394308194169e-12,0.027317547319314985,86980786688.65184,0,200,218,0,191.98
85,4,10,train,3.795394308194169e-12,3.681209762332064e-12,0.03008502848191102,86980786688.65184,0,200,216,0,190.52
86,4,11,train,3.681209762332064e-12,3.571794768815761e-12,0.02972256420590069,86980786688.65184,0,200,224,0,196.76
87,4,12,train,3.571794768815761e-12,3.4588437242787873e-12,0.03162304999243363,86980786688.65184,0,200,218,0,188.3
88,4,13,train,3.4588437242787873e-12,3.378196489091033e-12,0.023316241384849033,86980786688.65184,0,200,213,0,186.94
89,4,14,train,3.378196489091033e-12,3.297941383808155e-12,0.023756790211001574,86980786688.65184,0,200,217,0,187.57
90,4,15,train,3.297941383808155e-12,3.2255855947263557e-12,0.021939683172370314,86980786688.65184,0,200,217,0,190.34
91,4,16,train,3.2255855947263557e-12,3.158583734081484e-12,0.02077199896800624,86980786688.65184,0,200,223,0,192.4
92,4,17,train,3.158583734081484e-12,3.0880805345834333e-12,0.022321143092492092,86980786688.65184,0,200,217,0,188.45
93,4,18,train,3.0880805345834333e-12,3.0218597575100124e-12,0.021443992904917452,86980786688.65184,0,200,221,0,191.88
94,4,19,train,3.0218597575100124e-12,2.9669199897925957e-12,0.018180780091094174,86980786688.65184,0,200,223,0,194.3
95,4,20,train,2.9669199897925957e-12,2.9114621418765615e-12,0.01869206048927224,86980786688.65184,0,200,225,0,197.41
96,4,21,train,2.9114621418765615e-12,2.854269659265686e-12,0.01964390393000693,86980786688.65184,0,200,224,0,194.14
97,4,22,train,2.854269659265686e-12,2.8044764000565538e-12,0.01744518393610457,86980786688.65184,0,200,214,0,187.34
98,4,23,train,2.8044764000565538e-12,2.7487872667712897e-12,0.019857230135415297,86980786688.65184,0,200,224,0,196.33
99,4,24,train,2.7487872667712897e-12,2.6969610939845036e-12,0.018854195598650644,86980786688.65184,0,200,222,0,195.73
100,5,0,train,9.879788946429522e-12,6.660198812699081e-12,0.32587640800707346,101216737060.09602,1,200,213,0,183.29
101,5,1,train,6.660198812699081e-12,5.3858818047290314e-12,0.19133317845411668,101216737060.09602,0,200,218,0,193.09
102,5,2,train,5.3858818047290314e-12,4.8081149130746524e-12,0.10727433549452854,101216737060.09602,0,200,214,0,185.73
103,5,3,train,4.8081149130746524e-12,4.394681860919216e-12,0.08598651646847975,101216737060.09602,0,200,212,0,183.06
104,5,4,train,4.394681860919216e-12,4.115321101672327e-12,0.0635679141489564,101216737060.09602,0,200,218,0,187.46
105,5,5,train,4.115321101672327e-12,3.8953248458568655e-12,0.05345785915127315,101216737060.09602,0,200,215,0,185.99
106,5,6,train,3.8953248458568655e-12,3.702565978398454e-12,0.049484670749201536,101216737060.09602,0,200,215,0,185.23
107,5,7,train,3.702565978398454e-12,3.5396677940305493e-12,0.043996024734815585,101216737060.09602,0,200,219,0,189.73
108,5,8,train,3.5396677940305493e-12,3.419857223994881e-12,0.03384797020718217,101216737060.09602,0,200,222,0,194.63
109,5,9,train,3.419857223994881e-12,3.3142430481576337e-12,0.030882627232570514,101216737060.09602,0,200,216,0,186.98
110,5,10,train,3.3142430481576337e-12,3.223102072750311e-12,0.027499786250736024,101216737060.09602,0,200,218,0,191.36
111,5,11,train,3.223102072750311e-12,3.136267216797067e-12,0.026941391862016526,101216737060.09602,0,200,216,0,188.12
112,5,12,train,3.136267216797067e-12,3.0581831498931095e-12,0.024897134557208243,101216737060.09602,0,200,225,0,196.8
113,5,13,train,3.0581831498931095e-12,2.981461649868377e-12,0.025087280998004963,101216737060.09602,0,200,224,0,190.75
114,5,14,train,2.981461649868377e-12,2.9101501691383766e-12,0.02391829548877435,101216737060.09602,0,200,220,0,190.17
115,5,15,train,2.9101501691383766e-12,2.8384818558517678e-12,0.024627015487598724,101216737060.09602,0,200,214,0,184.03
116,5,16,train,2.8384818558517678e-12,2.772895906658346e-12,0.02310599557232006,101216737060.09602,0,200,220,0,189.06
117,5,17,train,2.772895906658346e-12,2.7149032309264473e-12,0.020914119276041074,101216737060.09602,0,200,217,0,184.41
118,5,18,train,2.7149032309264473e-12,2.6550611649028277e-12,0.022042062251772715,101216737060.09602,0,200,222,0,192.67
119,5,19,train,2.6550611649028277e-12,2.60211789324451e-12,0.01994050922749852,101216737060.09602,0,200,222,0,187.76
120,5,20,train,2.60211789324451e-12,2.5514243187825697e-12,0.019481659379672334,101216737060.09602,0,200,218,0,185.68
121,5,21,train,2.5514243187825697e-12,2.5022546537083254e-12,0.019271457402156446,101216737060.09602,0,200,218,0,184.25
122,5,22,train,2.5022546537083254e-12,2.4562530835120455e-12,0.018384048213520528,101216737060.09602,0,200,217,0,183.79
123,5,23,train,2.4562530835120455e-12,2.4111977689426703e-12,0.018343107586028296,101216737060.09602,0,200,210,0,178.15
124,5,24,train,2.4111977689426703e-12,2.3703773196674028e-12,0.016929531787501437,101216737060.09602,0,200,219,0,184.87
125,6,0,train,1.5935880703032524e-11,8.471990682953735e-12,0.4683700988460867,62751473773.87838,1,200,220,0,185.04
126,6,1,train,8.471990682953735e-12,6.8672768441977905e-12,0.1894140230801653,62751473773.87838,0,200,215,0,180.77
127,6,2,train,6.8672768441977905e-12,6.2106189657427825e-12,0.09562129113956178,62751473773.87838,0,200,218,0,184.58
128,6,3,train,6.2106189657427825e-12,5.761171669441818e-12,0.07236755286068515,62751473773.87838,0,200,220,0,184.93
129,6,4,train,5.761171669441818e-12,5.408865966431072e-12,0.061151745378363195,62751473773.87838,0,200,212,0,178.15
130,6,5,train,5.408865966431072e-12,5.134585504689231e-12,0.050709421058702873,62751473773.87838,0,200,223,0,186.48
131,6,6,train,5.134585504689231e-12,4.907559279471063e-12,0.04421510266229544,62751473773.87838,0,200,220,0,185.5
132,6,7,train,4.907559279471063e-12,4.732794124748155e-12,0.03561142000952946,62751473773.87838,0,200,221,0,183.73
133,6,8,train,4.732794124748155e-12,4.551568157853131e-12,0.038291538173481715,62751473773.87838,0,200,217,0,181.88
134,6,9,train,4.551568157853131e-12,4.384637436452883e-12,0.03667543044746702,62751473773.87838,0,200,219,0,182.59
135,6,10,train,4.384637436452883e-12,4.246195566301604e-12,0.031574302814710464,62751473773.87838,0,200,220,0,185.14
136,6,11,train,4.246195566301604e-12,4.127202902213814e-12,0.028023359317722533,62751473773.87838,0,200,211,0,175.69
137,6,12,train,4.127202902213814e-12,4.014258211136311e-12,0.02736591676094233,62751473773.87838,0,200,218,0,181.39
138,6,13,train,4.014258211136311e-12,3.914487745381985e-12,0.02485402296183735,62751473773.87838,0,200,214,0,179.78
139,6,14,train,3.914487745381985e-12,3.8143477772676455e-12,0.025581883155076136,62751473773.87838,0,200,217,0,180.02
140,6,15,train,3.8143477772676455e-12,3.7099988317973715e-12,0.0273569563038174,62751473773.87838,0,200,217,0,182.43
141,6,16,train,3.7099988317973715e-12,3.6058795733917995e-12,0.028064498973205794,62751473773.87838,0,200,219,0,182.32
142,6,17,train,3.6058795733917995e-12,3.5145240116277822e-12,0.02533516716369023,62751473773.87838,0,200,219,0,184.13
143,6,18,train,3.5145240116277822e-12,3.4313649914988844e-12,0.023661531363498068,62751473773.87838,0,200,219,0,182.62
144,6,19,train,3.4313649914988844e-12,3.3566180335212358e-12,0.021783447159609143,62751473773.87838,0,200,216,0,183.45
145,6,20,train,3.3566180335212358e-12,3.2757224788320866e-12,0.024100315818266136,62751473773.87838,0,200,220,0,184.56
146,6,21,train,3.2757224788320866e-12,3.2128770963217082e-12,0.019185197438576964,62751473773.87838,0,200,216,0,180.66
147,6,22,train,3.2128770963217082e-12,3.1507901150042003e-12,0.019324418412577572,62751473773.87838,0,200,221,0,186.69
148,6,23,train,3.1507901150042003e-12,3.0945300717074865e-12,0.017855852418985622,62751473773.87838,0,200,217,0,181.36
149,6,24,train,3.0945300717074865e-12,3.02962065714634e-12,0.02097553200552072,62751473773.87838,0,200,216,0,181.42
150,7,0,train,1.2088811942902507e-11,6.922840094063765e-12,0.4273349501372423,82721114756.61696,1,200,223,0,186.79
151,7,1,train,6.922840094063765e-12,5.6285331079901865e-12,0.18696184925366513,82721114756.61696,0,200,211,0,177.86
152,7,2,train,5.6285331079901865e-12,5.1157843662219e-12,0.09109811240879008,82721114756.61696,0,200,214,0,178.67
153,7,3,train,5.1157843662219e-12,4.733267280640002e-12,0.07477193294298169,82721114756.61696,0,200,216,0,182.78
154,7,4,train,4.733267280640002e-12,4.391861339348407e-12,0.07212902231150403,82721114756.61696,0,200,217,0,182.1
155,7,5,train,4.391861339348407e-12,4.122223678198842e-12,0.061394848406022266,82721114756.61696,0,200,216,0,183.04
156,7,6,train,4.122223678198842e-12,3.8719140947615905e-12,0.06072197992580091,82721114756.61696,0,200,224,0,188.55
157,7,7,train,3.8719140947615905e-12,3.671586591929874e-12,0.05173862279195305,82721114756.61696,0,200,212,0,179.54
158,7,8,train,3.671586591929874e-12,3.494436345089367e-12,0.04824896333097048,82721114756.61696,0,200,217,0,181.47
159,7,9,train,3.494436345089367e-12,3.335568849415738e-12,0.04546298171860558,82721114756.61696,0,200,226,0,191.27
160,7,10,train,3.335568849415738e-12,3.2134378697307138e-12,0.036614738054774956,82721114756.61696,0,200,218,0,181.54
161,7,11,train,3.2134378697307138e-12,3.0986638510784955e-12,0.03571689365254051,82721114756.61696,0,200,218,0,184.74
162,7,12,train,3.0986638510784955e-12,3.004981577680441e-12,0.030233119144384882,82721114756.61696,0,200,219,0,185.13
163,7,13,train,3.004981577680441e-12,2.910471852260904e-12,0.031451016579106414,82721114756.61696,0,200,213,0,180.49
164,7,14,train,2.910471852260904e-12,2.8294642887476456e-12,0.027833137589126766,82721114756.61696,0,200,217,0,184.07
165,7,15,train,2.8294642887476456e-12,2.7554217452814582e-12,0.026168396526735985,82721114756.61696,0,200,214,0,179.05
166,7,16,train,2.7554217452814582e-12,2.6798093796913016e-12,0.027441303938186428,82721114756.61696,0,200,221,0,187.86
167,7,17,train,2.6798093796913016e-12,2.6152892474155104e-12,0.024076388703148592,82721114756.61696,0,200,218,0,183.39
168,7,18,train,2.6152892474155104e-12,2.546112297816701e-12,0.026450974654972398,82721114756.61696,0,200,218,0,184.22
169,7,19,train,2.546112297816701e-12,2.478980110844668e-12,0.026366545980552013,82721114756.61696,0,200,220,0,186.69
170,7,20,train,2.478980110844668e-12,2.4195052884087926e-12,0.023991649701300077,82721114756.61696,0,200,217,0,181.98
171,7,21,train,2.4195052884087926e-12,2.3685882996415617e-12,0.021044380027256233,82721114756.61696,0,200,222,0,186.19
172,7,22,train,2.3685882996415617e-12,2.317166003412133e-12,0.02171010311805158,82721114756.61696,0,200,219,0,186.3
173,7,23,train,2.317166003412133e-12,2.2683636458131513e-12,0.021061226311415725,82721114756.61696,0,200,223,0,188.25
174,7,24,train,2.2683636458131513e-12,2.2220435037292724e-12,0.020420068964416126,82721114756.61696,0,200,218,0,185.22
175,8,0,train,3.9227041525452203e-11,1.0009669137639076e-11,0.7448273245091815,25492618385.486877,1,200,223,0,186.66
176,8,1,train,1.0009669137639076e-11,6.7968877265359016e-12,0.3209677929335589,25492618385.486877,0,200,216,0,182.63
177,8,2,train,6.7968877265359016e-12,5.5735465679333074e-12,0.179985488626878,25492618385.486877,0,200,218,0,182.24
178,8,3,train,5.5735465679333074e-12,4.933414931096527e-12,0.11485176072981909,25492618385.486877,0,200,212,0,178.2
179,8,4,train,4.933414931096527e-12,4.540426415038538e-12,0.07965851677727037,25492618385.486877,0,200,211,0,176.14
180,8,5,train,4.540426415038538e-12,4.234562240089484e-12,0.06736463648788318,25492618385.486877,0,200,218,0,185.16
181,8,6,train,4.234562240089484e-12,3.992492755800328e-12,0.057165173296411624,25492618385.486877,0,200,217,0,181.04
182,8,7,train,3.992492755800328e-12,3.76113844583703e-12,0.057947333687001515,25492618385.486877,0,200,213,0,180.72
183,8,8,train,3.76113844583703e-12,3.6340162417623795e-12,0.033798863271133815,265876945079.4447,1,200,218,0,182.71
184,8,9,train,3.6340162417623795e-12,3.500789657735588e-12,0.03666097649640133,265876945079.4447,0,200,216,0,182.8
185,8,10,train,3.500789657735588e-12,3.3786079770693417e-12,0.0349011773375945,265876945079.4447,0,200,214,0,182.83
186,8,11,train,3.3786079770693417e-12,3.235429755360799e-12,0.04237787357405625,265876945079.4447,0,200,214,0,179.82
187,8,12,train,3.235429755360799e-12,3.100297593337372e-12,0.04176637177782216,265876945079.4447,0,200,220,0,186.4
188,8,13,train,3.100297593337372e-12,2.9294515391997926e-12,0.055106340276730933,265876945079.4447,0,200,222,0,186.43
189,8,14,train,2.9294515391997926e-12,2.7471473779213072e-12,0.062231499254731995,265876945079.4447,0,200,216,0,183.65
190,8,15,train,2.7471473779213072e-12,2.615734099959957e-12,0.04783626791103837,265876945079.4447,0,200,223,0,188.95
191,8,16,train,2.615734099959957e-12,2.5064791670881547e-12,0.04176836356320576,265876945079.4447,0,200,216,0,183.62
192,8,17,train,2.5064791670881547e-12,2.4192747169547436e-12,0.034791611786950914,265876945079.4447,0,200,221,0,184.83
193,8,18,train,2.4192747169547436e-12,2.332514493315918e-12,0.03586208008160178,265876945079.4447,0,200,218,0,186.73
194,8,19,train,2.332514493315918e-12,2.263839060511227e-12,0.029442660700067853,265876945079.4447,0,200,220,0,186.13
195,8,20,train,2.263839060511227e-12,2.196259180116108e-12,0.02985189255452531,265876945079.4447,0,200,215,0,181.8
196,8,21,train,2.196259180116108e-12,2.1298191298784954e-12,0.03025146159393644,265876945079.4447,0,200,216,0,183.23
197,8,22,train,2.1298191298784954e-12,2.0693528611182577e-12,0.028390330386264883,265876945079.4447,0,200,220,0,188.63
198,8,23,train,2.0693528611182577e-12,2.010618711734228e-12,0.028382858471169704,265876945079.4447,0,200,218,0,183.83
199,8,24,train,2.010618711734228e-12,1.9611405864397477e-12,0.024608407852627502,265876945079.4447,0,200,220,0,189.24
200,9,0,train,1.1255892778807588e-11,5.339750302926849e-12,0.5256040184586296,88842353036.87183,1,200,217,0,182.46
201,9,1,train,5.339750302926849e-12,4.372759254119273e-12,0.1810929339294282,88842353036.87183,0,200,216,0,184.54
202,9,2,train,4.372759254119273e-12,3.886643352235815e-12,0.1111691436992608,88842353036.87183,0,200,213,0,181.65
203,9,3,train,3.886643352235815e-12,3.5556941062737434e-12,0.08515040253736972,88842353036.87183,0,200,217,0,183.26
204,9,4,train,3.5556941062737434e-12,3.3269063731086006e-12,0.06434404263332574,88842353036.87183,0,200,213,0,182.47
205,9,5,train,3.3269063731086006e-12,3.1561499121806796e-12,0.05132589913204238,88842353036.87183,0,200,222,0,186.99
206,9,6,train,3.1561499121806796e-12,3.005771907421429e-12,0.04764602726216831,88842353036.87183,0,200,216,0,183.33
207,9,7,train,3.005771907421429e-12,2.8701219159125043e-12,0.04512983542563447,88842353036.87183,0,200,213,0,179.47
208,9,8,train,2.8701219159125043e-12,2.7647506624062684e-12,0.03671316292246597,88842353036.87183,0,200,218,0,184.16
209,9,9,train,2.7647506624062684e-12,2.6705513881718586e-12,0.03407152605668408,88842353036.87183,0,200,211,0,179.42
210,9,10,train,2.6705513881718586e-12,2.586865461082746e-12,0.031336572462063825,88842353036.87183,0,200,217,0,184.24
211,9,11,train,2.586865461082746e-12,2.504924711140011e-12,0.03167569058981458,88842353036.87183,0,200,215,0,180.85
212,9,12,train,2.504924711140011e-12,2.42980844402192e-12,0.029987435065026304,88842353036.87183,0,200,217,0,185.47
213,9,13,train,2.42980844402192e-12,2.3602559978559826e-12,0.02862466230087316,88842353036.87183,0,200,217,0,182.95
214,9,14,train,2.3602559978559826e-12,2.3043389179088638e-12,0.02369110808230673,88842353036.87183,0,200,217,0,183.71
215,9,15,train,2.3043389179088638e-12,2.2461303961177874e-12,0.025260399561319438,88842353036.87183,0,200,223,0,185.61
216,9,16,train,2.2461303961177874e-12,2.1981156407229693e-12,0.021376655370412504,88842353036.87183,0,200,217,0,181.93
217,9,17,train,2.1981156407229693e-12,2.1517243907414225e-12,0.02110500881850264,88842353036.87183,0,200,215,0,180.47
218,9,18,train,2.1517243907414225e-12,2.1102271445045747e-12,0.019285576914685187,88842353036.87183,0,200,224,0,190.14
219,9,19,train,2.1102271445045747e-12,2.0693777688862137e-12,0.019357809762205146,88842353036.87183,0,200,218,0,183.36
220,9,20,train,2.0693777688862137e-12,2.0299464252415915e-12,0.019054686020834707,88842353036.87183,0,200,216,0,183.0
221,9,21,train,2.0299464252415915e-12,1.9946371254512077e-12,0.017394202798323367,88842353036.87183,0,200,217,0,183.18
222,9,22,train,1.9946371254512077e-12,1.9593043621339225e-12,0.01771388031760037,88842353036.87183,0,200,216,0,183.8
223,9,23,train,1.9593043621339225e-12,1.9255505600963863e-12,0.017227441886963474,88842353036.87183,0,200,217,0,183.07
224,9,24,train,1.9255505600963863e-12,1.8919603857880812e-12,0.017444451994355164,88842353036.87183,0,200,219,0,185.21
225,10,0,train,9.76833864954284e-12,5.5098060872717956e-12,0.43595259286699123,102371553226.89392,1,200,214,0,179.49
226,10,1,train,5.5098060872717956e-12,4.539160611512348e-12,0.1761669032240056,102371553226.89392,0,200,210,0,177.81
227,10,2,train,4.539160611512348e-12,4.0892974682575625e-12,0.0991071217250674,102371553226.89392,0,200,214,0,179.31
228,10,3,train,4.0892974682575625e-12,3.816399447710129e-12,0.06673469530298422,102371553226.89392,0,200,216,0,181.99
229,10,4,train,3.816399447710129e-12,3.6005628193588986e-12,0.05655504129179517,102371553226.89392,0,200,213,0,180.31
230,10,5,train,3.6005628193588986e-12,3.438663804815253e-12,0.04496491872692078,102371553226.89392,0,200,215,0,183.29
231,10,6,train,3.438663804815253e-12,3.301461912976387e-12,0.039899769104132454,102371553226.89392,0,200,219,0,184.74
232,10,7,train,3.301461912976387e-12,3.179172526786682e-12,0.03704098045446066,102371553226.89392,0,200,218,0,184.77
233,10,8,train,3.179172526786682e-12,3.081347649598954e-12,0.030770546852518114,102371553226.89392,0,200,216,0,181.86
234,10,9,train,3.081347649598954e-12,2.9830126499562408e-12,0.03191298445519836,102371553226.89392,0,200,209,0,176.55
235,10,10,train,2.9830126499562408e-12,2.902842204771706e-12,0.02687566383123146,102371553226.89392,0,200,220,0,184.72
236,10,11,train,2.902842204771706e-12,2.8190928288728466e-12,0.028850819297442935,102371553226.89392,0,200,221,0,184.55
237,10,12,train,2.8190928288728466e-12,2.7429495248107573e-12,0.02700986050627271,102371553226.89392,0,200,217,0,182.22
238,10,13,train,2.7429495248107573e-12,2.682153314658527e-12,0.022164538429275182,102371553226.89392,0,200,222,0,187.48
239,10,14,train,2.682153314658527e-12,2.6110508314482375e-12,0.026509477598353422,102371553226.89392,0,200,220,0,183.92
240,10,15,train,2.6110508314482375e-12,2.5522239511467987e-12,0.022529963642573,102371553226.89392,0,200,217,0,184.64
241,10,16,train,2.5522239511467987e-12,2.4982138138434313e-12,0.021161989832083082,102371553226.89392,0,200,217,0,183.98
242,10,17,train,2.4982138138434313e-12,2.439368497731879e-12,0.023554955859050472,102371553226.89392,0,200,221,0,185.18
243,10,18,train,2.439368497731879e-12,2.390595270611549e-12,0.019994202255903194,102371553226.89392,0,200,223,0,189.09
244,10,19,train,2.390595270611549e-12,2.3430985525699172e-12,0.019868155277276027,102371553226.89392,0,200,222,0,187.09
245,10,20,train,2.3430985525699172e-12,2.299504292131672e-12,0.01860538917171495,102371553226.89392,0,200,214,0,181.38
246,10,21,train,2.299504292131672e-12,2.256307681912508e-12,0.0187851835575919,102371553226.89392,0,200,220,0,187.06
247,10,22,train,2.256307681912508e-12,2.2125360953309277e-12,0.019399653217720005,102371553226.89392,0,200,218,0,184.26
248,10,23,train,2.2125360953309277e-12,2.1704627509351273e-12,0.01901589062641147,102371553226.89392,0,200,215,0,180.71
249,10,24,train,2.1704627509351273e-12,2.1322710163503488e-12,0.01759612532780112,102371553226.89392,0,200,215,0,182.72
250,11,0,train,1.3128059707537517e-11,6.251305539143762e-12,0.5238210612681359,76172718762.53326,1,200,218,0,180.34
251,11,1,train,6.251305539143762e-12,5.277925059069397e-12,0.15570835147624038,76172718762.53326,0,200,214,0,180.91
252,11,2,train,5.277925059069397e-12,4.824615700400766e-12,0.08588779749528273,76172718762.53326,0,200,212,0,177.63
253,11,3,train,4.824615700400766e-12,4.484715215020978e-12,0.07045130772831375,76172718762.53326,0,200,212,0,179.31
254,11,4,train,4.484715215020978e-12,4.2417488725068675e-12,0.05417653760941739,76172718762.53326,0,200,215,0,180.96
255,11,5,train,4.2417488725068675e-12,4.02615911135467e-12,0.05082567771740437,76172718762.53326,0,200,222,0,187.1
256,11,6,train,4.02615911135467e-12,3.839054224923615e-12,0.04647230307003453,76172718762.53326,0,200,221,0,185.88
257,11,7,train,3.839054224923615e-12,3.691224429571566e-12,0.03850682660128098,76172718762.53326,0,200,217,0,183.12
258,11,8,train,3.691224429571566e-12,3.571497224380471e-12,0.03243563415757724,76172718762.53326,0,200,213,0,181.07
259,11,9,train,3.571497224380471e-12,3.456827650150413e-12,0.032106863599746814,76172718762.53326,0,200,214,0,180.17
260,11,10,train,3.456827650150413e-12,3.3631746390845945e-12,0.027092184090156613,76172718762.53326,0,200,217,0,184.98
261,11,11,train,3.3631746390845945e-12,3.27449726866562e-12,0.026367161963112073,76172718762.53326,0,200,223,0,187.16
262,11,12,train,3.27449726866562e-12,3.1735596287929622e-12,0.030825385270145767,76172718762.53326,0,200,218,0,183.45
263,11,13,train,3.1735596287929622e-12,3.077382716200979e-12,0.03030568945968206,76172718762.53326,0,200,219,0,184.64
264,11,14,train,3.077382716200979e-12,2.984188646230717e-12,0.030283548900056783,76172718762.53326,0,200,220,0,185.63
265,11,15,train,2.984188646230717e-12,2.8993639684237022e-12,0.028424703617231255,76172718762.53326,0,200,225,0,187.63
266,11,16,train,2.8993639684237022e-12,2.8197140179470572e-12,0.02747152525315692,76172718762.53326,0,200,216,0,181.03
267,11,17,train,2.8197140179470572e-12,2.7403397448302705e-12,0.02814976008615817,76172718762.53326,0,200,220,0,184.54
268,11,18,train,2.7403397448302705e-12,2.6717168623394903e-12,0.02504174258693261,76172718762.53326,0,200,223,0,189.6
269,11,19,train,2.6717168623394903e-12,2.602653887439856e-12,0.0258496608952639,76172718762.53326,0,200,222,0,187.16
270,11,20,train,2.602653887439856e-12,2.529815132770174e-12,0.02798633925978195,76172718762.53326,0,200,218,0,184.01
271,11,21,train,2.529815132770174e-12,2.4668416073477046e-12,0.024892540410062534,76172718762.53326,0,200,224,0,189.17
272,11,22,train,2.4668416073477046e-12,2.4121761668530975e-12,0.022160093429501617,76172718762.53326,0,200,217,0,183.8
273,11,23,train,2.4121761668530975e-12,2.355244574494428e-12,0.023601755601848046,76172718762.53326,0,200,220,0,185.28
274,11,24,train,2.355244574494428e-12,2.3059156187526896e-12,0.02094430288723935,76172718762.53326,0,200,217,0,182.78
275,12,0,train,7.306938166201586e-12,4.360959560550307e-12,0.4031755214896948,136856228594.56009,1,200,219,0,181.95
276,12,1,train,4.360959560550307e-12,3.457042295964289e-12,0.20727485592000158,136856228594.56009,0,200,212,0,178.13
277,12,2,train,3.457042295964289e-12,3.0764123266511126e-12,0.11010278056404438,136856228594.56009,0,200,215,0,180.73
278,12,3,train,3.0764123266511126e-12,2.8004076724187773e-12,0.08971640499594066,136856228594.56009,0,200,220,0,183.24
279,12,4,train,2.8004076724187773e-12,2.569040580886172e-12,0.08261907500516455,136856228594.56009,0,200,209,0,174.66
280,12,5,train,2.569040580886172e-12,2.408400287822935e-12,0.06252929372093655,136856228594.56009,0,200,217,0,182.54
281,12,6,train,2.408400287822935e-12,2.2750409874059043e-12,0.05537256455719016,136856228594.56009,0,200,213,0,177.84
282,12,7,train,2.2750409874059043e-12,2.178643982646178e-12,0.04237154639998029,136856228594.56009,0,200,218,0,184.37
283,12,8,train,2.178643982646178e-12,2.102499983357981e-12,0.034950179971907365,136856228594.56009,0,200,214,0,179.7
284,12,9,train,2.102499983357981e-12,2.027756905812204e-12,0.03554962099281548,136856228594.56009,0,200,214,0,178.85
285,12,10,train,2.027756905812204e-12,1.95643720681137e-12,0.035171720434736944,136856228594.56009,0,200,214,0,180.33
286,12,11,train,1.95643720681137e-12,1.882943563783744e-12,0.03756504056033926,136856228594.56009,0,200,220,0,185.82
287,12,12,train,1.882943563783744e-12,1.8271437020555224e-12,0.029634378215825413,136856228594.56009,0,200,222,0,186.82
288,12,13,train,1.8271437020555224e-12,1.7794096479712485e-12,0.026124958880121726,136856228594.56009,0,200,217,0,182.36
289,12,14,train,1.7794096479712485e-12,1.730375180097495e-12,0.027556593238470345,136856228594.56009,0,200,225,0,188.26
290,12,15,train,1.730375180097495e-12,1.6890464358545547e-12,0.023884267827172453,136856228594.56009,0,200,219,0,184.54
291,12,16,train,1.6890464358545547e-12,1.6490303520565803e-12,0.02369152377846184,136856228594.56009,0,200,211,0,178.32
292,12,17,train,1.6490303520565803e-12,1.6108000783751968e-12,0.023183486970815795,136856228594.56009,0,200,220,0,185.91
293,12,18,train,1.6108000783751968e-12,1.577226020761324e-12,0.020843094102490158,136856228594.56009,0,200,215,0,180.46
294,12,19,train,1.577226020761324e-12,1.549010945180992e-12,0.01788905027493314,136856228594.56009,0,200,221,0,187.66
295,12,20,train,1.549010945180992e-12,1.5219734610029937e-12,0.01745467600607502,136856228594.56009,0,200,215,0,179.79
296,12,21,train,1.5219734610029937e-12,1.4916628182604304e-12,0.019915355634774586,136856228594.56009,0,200,218,0,183.66
297,12,22,train,1.4916628182604304e-12,1.4652020141964045e-12,0.017739132289215587,136856228594.56009,0,200,216,0,183.08
298,12,23,train,1.4652020141964045e-12,1.4412831932880888e-12,0.016324589153280694,136856228594.56009,0,200,218,0,183.88
299,12,24,train,1.4412831932880888e-12,1.4135129462972984e-12,0.019267724150336053,136856228594.56009,0,200,216,0,182.76
300,13,0,train,6.14537940941071e-12,4.2631640203513606e-12,0.3062813967477783,162723882998.77023,1,200,214,0,180.99
301,13,1,train,4.2631640203513606e-12,3.788565257216708e-12,0.11132547583649795,162723882998.77023,0,200,214,0,180.42
302,13,2,train,3.788565257216708e-12,3.5468014622909933e-12,0.06381407696889656,162723882998.77023,0,200,216,0,181.89
303,13,3,train,3.5468014622909933e-12,3.3551693037653263e-12,0.05402957018120932,162723882998.77023,0,200,214,0,181.13
304,13,4,train,3.3551693037653263e-12,3.1900198773994677e-12,0.049222382363989875,162723882998.77023,0,200,213,0,179.77
305,13,5,train,3.1900198773994677e-12,3.072548711389998e-12,0.03682458747098258,162723882998.77023,0,200,222,0,186.71
306,13,6,train,3.072548711389998e-12,2.9549812065930724e-12,0.038263837562965364,162723882998.77023,0,200,217,0,181.24
307,13,7,train,2.9549812065930724e-12,2.8615938740212054e-12,0.03160335922391108,162723882998.77023,0,200,217,0,183.45
308,13,8,train,2.8615938740212054e-12,2.781221643868874e-12,0.02808652579319004,162723882998.77023,0,200,214,0,180.18
309,13,9,train,2.781221643868874e-12,2.696253348431908e-12,0.030550709837986575,162723882998.77023,0,200,219,0,185.26
310,13,10,train,2.696253348431908e-12,2.6174111848158406e-12,0.029241378100437292,162723882998.77023,0,200,217,0,182.74
311,13,11,train,2.6174111848158406e-12,2.5561929358649466e-12,0.02338885434051561,162723882998.77023,0,200,221,0,187.2
312,13,12,train,2.5561929358649466e-12,2.4949774978358674e-12,0.023947894218072977,162723882998.77023,0,200,222,0,187.2
313,13,13,train,2.4949774978358674e-12,2.4402679743806244e-12,0.021927862476795016,162723882998.77023,0,200,222,0,187.02
314,13,14,train,2.4402679743806244e-12,2.383692193023694e-12,0.023184249414775916,162723882998.77023,0,200,226,0,191.75
315,13,15,train,2.383692193023694e-12,2.3350019306819654e-12,0.020426405088806967,162723882998.77023,0,200,224,0,188.39
316,13,16,train,2.3350019306819654e-12,2.2898280605267306e-12,0.019346395204924392,162723882998.77023,0,200,223,0,186.89
317,13,17,train,2.2898280605267306e-12,2.247124749042049e-12,0.018649134500892818,162723882998.77023,0,200,217,0,183.67
318,13,18,train,2.247124749042049e-12,2.2099896521200196e-12,0.016525605415480444,162723882998.77023,0,200,217,0,183.27
319,13,19,train,2.2099896521200196e-12,2.173100154814673e-12,0.016692158386333953,162723882998.77023,0,200,219,0,185.3
320,13,20,train,2.173100154814673e-12,2.1405973216355318e-12,0.014956896076386015,162723882998.77023,0,200,215,0,182.47
321,13,21,train,2.1405973216355318e-12,2.1070400846187558e-12,0.015676576195627706,162723882998.77023,0,200,218,0,186.28
322,13,22,train,2.1070400846187558e-12,2.0739827956303134e-12,0.01568897014810408,162723882998.77023,0,200,220,0,186.58
323,13,23,train,2.0739827956303134e-12,2.0415129144114976e-12,0.01565581030239345,162723882998.77023,0,200,216,0,183.31
324,13,24,train,2.0415129144114976e-12,2.011490510791843e-12,0.014705958217417832,162723882998.77023,0,200,217,0,186.66
325,14,0,train,6.663886157705196e-12,4.384462132220286e-12,0.3420562674002615,150062587555.4219,1,200,216,0,184.68
326,14,1,train,4.384462132220286e-12,3.720009541690612e-12,0.1515471158130851,150062587555.4219,0,200,215,0,181.96
327,14,2,train,3.720009541690612e-12,3.3793540327262616e-12,0.091573826665384,150062587555.4219,0,200,212,0,179.74
328,14,3,train,3.3793540327262616e-12,3.148665933158776e-12,0.06826396327033551,150062587555.4219,0,200,213,0,179.26
329,14,4,train,3.148665933158776e-12,2.988606820138747e-12,0.05083394568297555,150062587555.4219,0,200,212,0,180.73
330,14,5,train,2.988606820138747e-12,2.8530173084246673e-12,0.0453688022125925,150062587555.4219,0,200,221,0,187.11
331,14,6,train,2.8530173084246673e-12,2.738445125058661e-12,0.04015825036451279,150062587555.4219,0,200,211,0,178.58
332,14,7,train,2.738445125058661e-12,2.6282504692043725e-12,0.04023986270381375,150062587555.4219,0,200,214,0,181.39
333,14,8,train,2.6282504692043725e-12,2.5414430722200987e-12,0.03302858612655446,150062587555.4219,0,200,218,0,184.94
334,14,9,train,2.5414430722200987e-12,2.4653374489883858e-12,0.02994583040777309,150062587555.4219,0,200,218,0,185.78
335,14,10,train,2.4653374489883858e-12,2.3931241982729396e-12,0.029291426512454852,150062587555.4219,0,200,218,0,183.88
336,14,11,train,2.3931241982729396e-12,2.3309609891571737e-12,0.025975755525194873,150062587555.4219,0,200,218,0,184.21
337,14,12,train,2.3309609891571737e-12,2.27310066089684e-12,0.02482252106726796,150062587555.4219,0,200,219,0,184.7
338,14,13,train,2.27310066089684e-12,2.2169469225835494e-12,0.02470358628602725,150062587555.4219,0,200,217,0,185.46
339,14,14,train,2.2169469225835494e-12,2.158792763878571e-12,0.026231642315192417,150062587555.4219,0,200,216,0,181.61
340,14,15,train,2.158792763878571e-12,2.109806605717127e-12,0.022691459310542478,150062587555.4219,0,200,216,0,183.41
341,14,16,train,2.109806605717127e-12,2.064352437311625e-12,0.02154423456743899,150062587555.4219,0,200,220,0,185.49
342,14,17,train,2.064352437311625e-12,2.0171239440237433e-12,0.02287811540038511,150062587555.4219,0,200,214,0,182.33
343,14,18,train,2.0171239440237433e-12,1.9798138958004404e-12,0.018496656258453353,150062587555.4219,0,200,216,0,182.93
344,14,19,train,1.9798138958004404e-12,1.9425421722285576e-12,0.018825872295847215,150062587555.4219,0,200,222,0,189.21
345,14,20,train,1.9425421722285576e-12,1.90558935683671e-12,0.019022915394137238,150062587555.4219,0,200,221,0,185.78
346,14,21,train,1.90558935683671e-12,1.8671942916423645e-12,0.02014865640207064,150062587555.4219,0,200,218,0,184.89
347,14,22,train,1.8671942916423645e-12,1.8327860204538966e-12,0.018427793691572807,150062587555.4219,0,200,219,0,184.5
348,14,23,train,1.8327860204538966e-12,1.8019997223288485e-12,0.016797540892102492,150062587555.4219,0,200,221,0,187.03
349,14,24,train,1.8019997223288485e-12,1.7719187226619577e-12,0.016693121144333477,150062587555.4219,0,200,220,0,187.58
350,15,0,train,6.388510203811384e-12,4.133753894090274e-12,0.35293929848870287,156531017106.8366,1,200,216,0,182.77
351,15,1,train,4.133753894090274e-12,3.5237979741525276e-12,0.14755496712316507,156531017106.8366,0,200,210,0,178.77
352,15,2,train,3.5237979741525276e-12,3.154038560163005e-12,0.10493206951753521,156531017106.8366,0,200,214,0,181.37
353,15,3,train,3.154038560163005e-12,2.892575379684455e-12,0.08289790232147229,156531017106.8366,0,200,216,0,182.08
354,15,4,train,2.892575379684455e-12,2.7139080190471464e-12,0.061767572901349606,156531017106.8366,0,200,214,0,182.71
355,15,5,train,2.7139080190471464e-12,2.560336129343318e-12,0.05658699138880454,156531017106.8366,0,200,216,0,182.76
356,15,6,train,2.560336129343318e-12,2.429244747568091e-12,0.051200848307698346,156531017106.8366,0,200,214,0,183.23
357,15,7,train,2.429244747568091e-12,2.2935079724599287e-12,0.05587612168104845,156531017106.8366,0,200,223,0,187.54
358,15,8,train,2.2935079724599287e-12,2.1815554601333345e-12,0.04881278533621934,156531017106.8366,0,200,219,0,185.81
359,15,9,train,2.1815554601333345e-12,2.0747225724083286e-12,0.04897097033621893,156531017106.8366,0,200,218,0,184.01
360,15,10,train,2.0747225724083286e-12,1.9956224453872388e-12,0.038125640542518775,156531017106.8366,0,200,217,0,182.63
361,15,11,train,1.9956224453872388e-12,1.916923914162047e-12,0.03943558131804871,156531017106.8366,0,200,219,0,184.34
362,15,12,train,1.916923914162047e-12,1.8422014187087575e-12,0.03898041800263803,156531017106.8366,0,200,223,0,188.49
363,15,13,train,1.8422014187087575e-12,1.7853243316592846e-12,0.030874521358983328,156531017106.8366,0,200,219,0,184.66
364,15,14,train,1.7853243316592846e-12,1.7254534085831276e-12,0.03353504011257876,156531017106.8366,0,200,216,0,182.23
365,15,15,train,1.7254534085831276e-12,1.6755570144091919e-12,0.028917844970910326,156531017106.8366,0,200,221,0,186.99
366,15,16,train,1.6755570144091919e-12,1.6285429605057705e-12,0.02805876105624419,156531017106.8366,0,200,219,0,183.69
367,15,17,train,1.6285429605057705e-12,1.5933492368402003e-12,0.02161055895918164,156531017106.8366,0,200,215,0,184.84
368,15,18,train,1.5933492368402003e-12,1.5545051726343146e-12,0.024378876462085666,156531017106.8366,0,200,215,0,181.84
369,15,19,train,1.5545051726343146e-12,1.5172619545355317e-12,0.023958246491820486,156531017106.8366,0,200,219,0,188.89
370,15,20,train,1.5172619545355317e-12,1.4812183031177946e-12,0.02375572082987533,156531017106.8366,0,200,211,0,177.28
371,15,21,train,1.4812183031177946e-12,1.44831988450077e-12,0.022210378137899826,156531017106.8366,0,200,215,0,183.66
372,15,22,train,1.44831988450077e-12,1.4180116220570175e-12,0.02092649750106812,156531017106.8366,0,200,221,0,186.99
373,15,23,train,1.4180116220570175e-12,1.3895196812760662e-12,0.02009288241207771,156531017106.8366,0,200,217,0,182.85
374,15,24,train,1.3895196812760662e-12,1.3607568602592e-12,0.020699829879668837,156531017106.8366,0,200,214,0,180.14
375,16,0,train,6.078605865457348e-12,3.983611443741318e-12,0.3446504787588172,164511406420.12344,1,200,220,0,186.93
376,16,1,train,3.983611443741318e-12,3.4369053891170576e-12,0.13723880010516454,164511406420.12344,0,200,213,0,178.11
377,16,2,train,3.4369053891170576e-12,3.1050355510152496e-12,0.09656065574358609,164511406420.12344,0,200,220,0,183.97
378,16,3,train,3.1050355510152496e-12,2.8578046229545165e-12,0.07962257565131463,164511406420.12344,0,200,224,0,186.22
379,16,4,train,2.8578046229545165e-12,2.6743886594818376e-12,0.06418072180282776,164511406420.12344,0,200,217,0,182.19
380,16,5,train,2.6743886594818376e-12,2.515794755534139e-12,0.059300993288846165,164511406420.12344,0,200,218,0,184.16
381,16,6,train,2.515794755534139e-12,2.371199170319146e-12,0.057475111948984615,164511406420.12344,0,200,217,0,182.56
382,16,7,train,2.371199170319146e-12,2.252785952510059e-12,0.049938115402237214,164511406420.12344,0,200,215,0,179.36
383,16,8,train,2.252785952510059e-12,2.1588573199603504e-12,0.041694432817753174,164511406420.12344,0,200,220,0,185.13
384,16,9,train,2.1588573199603504e-12,2.0766954996278996e-12,0.03805801317798982,164511406420.12344,0,200,219,0,182.49
385,16,10,train,2.0766954996278996e-12,1.9942099326209634e-12,0.03971962525161533,164511406420.12344,0,200,214,0,178.9
386,16,11,train,1.9942099326209634e-12,1.915374092214194e-12,0.039532367739817866,164511406420.12344,0,200,223,0,186.67
387,16,12,train,1.915374092214194e-12,1.8513984399434587e-12,0.03340112645920715,164511406420.12344,0,200,217,0,181.92
388,16,13,train,1.8513984399434587e-12,1.7926496980181155e-12,0.031732090001727206,164511406420.12344,0,200,219,0,181.8
389,16,14,train,1.7926496980181155e-12,1.7334193437745393e-12,0.0330406739861441,164511406420.12344,0,200,220,0,184.97
390,16,15,train,1.7334193437745393e-12,1.6843774424114445e-12,0.028292000743631644,164511406420.12344,0,200,212,0,177.6
391,16,16,train,1.6843774424114445e-12,1.6346086416568537e-12,0.029547297120851496,164511406420.12344,0,200,221,0,183.92
392,16,17,train,1.6346086416568537e-12,1.5934373585301056e-12,0.025187241812827124,164511406420.12344,0,200,218,0,181.51
393,16,18,train,1.5934373585301056e-12,1.5566624098880077e-12,0.023079004923056146,164511406420.12344,0,200,217,0,183.93
394,16,19,train,1.5566624098880077e-12,1.5217561854032892e-12,0.022423760131286146,164511406420.12344,0,200,213,0,178.26
395,16,20,train,1.5217561854032892e-12,1.4865367018798798e-12,0.02314397264242149,164511406420.12344,0,200,221,0,185.5
396,16,21,train,1.4865367018798798e-12,1.4524386179834064e-12,0.022937936112410046,164511406420.12344,0,200,213,0,181.18
397,16,22,train,1.4524386179834064e-12,1.4193631524409172e-12,0.022772367198836775,164511406420.12344,0,200,212,0,176.84
398,16,23,train,1.4193631524409172e-12,1.3902280877979475e-12,0.02052685712804742,164511406420.12344,0,200,221,0,184.44
399,16,24,train,1.3902280877979475e-12,1.3595388820267402e-12,0.02207494298278601,164511406420.12344,0,200,214,0,178.64
400,17,0,train,8.359038378092826e-12,4.780133763583711e-12,0.42814788647084395,119630985619.20435,1,200,218,0,181.55
401,17,1,train,4.780133763583711e-12,3.87399202383556e-12,0.18956409685673903,119630985619.20435,0,200,215,0,179.79
402,17,2,train,3.87399202383556e-12,3.3881751272902828e-12,0.12540472297211389,119630985619.20435,0,200,211,0,176.2
403,17,3,train,3.3881751272902828e-12,3.0353071250957157e-12,0.10414691948841964,119630985619.20435,0,200,220,0,183.18
404,17,4,train,3.0353071250957157e-12,2.8005684243664624e-12,0.07733606223516873,119630985619.20435,0,200,219,0,183.05
405,17,5,train,2.8005684243664624e-12,2.633820762142061e-12,0.059540649238778304,119630985619.20435,0,200,216,0,183.13
406,17,6,train,2.633820762142061e-12,2.502340620026194e-12,0.049919927736060236,119630985619.20435,0,200,216,0,182.99
407,17,7,train,2.502340620026194e-12,2.4028361695445444e-12,0.03976455071116898,119630985619.20435,0,200,215,0,179.4
408,17,8,train,2.4028361695445444e-12,2.303222832140674e-12,0.041456566480249,119630985619.20435,0,200,218,0,182.55
409,17,9,train,2.303222832140674e-12,2.2125654341204497e-12,0.039361105992495364,119630985619.20435,0,200,216,0,180.24
410,17,10,train,2.2125654341204497e-12,2.133138684953223e-12,0.035898033993648056,119630985619.20435,0,200,218,0,185.48
411,17,11,train,2.133138684953223e-12,2.069714104306417e-12,0.029732985058211057,119630985619.20435,0,200,218,0,182.86
412,17,12,train,2.069714104306417e-12,2.0067160440375996e-12,0.0304380494570426,119630985619.20435,0,200,215,0,180.54
413,17,13,train,2.0067160440375996e-12,1.9475750808274867e-12,0.029471515606721718,119630985619.20435,0,200,216,0,180.03
414,17,14,train,1.9475750808274867e-12,1.895469026561721e-12,0.02675432376328554,119630985619.20435,0,200,215,0,179.35
415,17,15,train,1.895469026561721e-12,1.8504686335978335e-12,0.023741033133902398,119630985619.20435,0,200,218,0,182.23
416,17,16,train,1.8504686335978335e-12,1.803466470333097e-12,0.025400140489466722,119630985619.20435,0,200,216,0,179.84
417,17,17,train,1.803466470333097e-12,1.7603842540941016e-12,0.02388855958660447,119630985619.20435,0,200,213,0,177.54
418,17,18,train,1.7603842540941016e-12,1.7191322828524892e-12,0.023433503876027766,119630985619.20435,0,200,215,0,179.26
419,17,19,train,1.7191322828524892e-12,1.6810319780386982e-12,0.02216252070525529,119630985619.20435,0,200,216,0,180.62
420,17,20,train,1.6810319780386982e-12,1.642112950605014e-12,0.02315186620012544,119630985619.20435,0,200,215,0,180.5
421,17,21,train,1.642112950605014e-12,1.6105275546444297e-12,0.019234606212043502,119630985619.20435,0,200,221,0,184.75
422,17,22,train,1.6105275546444297e-12,1.57872213952316e-12,0.019748445178444467,119630985619.20435,0,200,210,0,176.83
423,17,23,train,1.57872213952316e-12,1.5439401819660824e-12,0.02203171583289707,119630985619.20435,0,200,215,0,179.66
424,17,24,train,1.5439401819660824e-12,1.5142605790934761e-12,0.01922328547393057,119630985619.20435,0,200,221,0,185.66
425,18,0,train,9.759842731850606e-12,4.148125377279145e-12,0.5749803053954947,102460667397.4946,1,200,217,0,181.08
426,18,1,train,4.148125377279145e-12,3.2226480661793413e-12,0.22310736222414926,102460667397.4946,0,200,218,0,183.07
427,18,2,train,3.2226480661793413e-12,2.785328993127067e-12,0.1357017781872609,102460667397.4946,0,200,215,0,179.63
428,18,3,train,2.785328993127067e-12,2.525586052485454e-12,0.09325395358413355,102460667397.4946,0,200,213,0,179.26
429,18,4,train,2.525586052485454e-12,2.379627259504261e-12,0.05779204903256166,102460667397.4946,0,200,212,0,177.18
430,18,5,train,2.379627259504261e-12,2.237755466863468e-12,0.05961933410964058,102460667397.4946,0,200,215,0,178.76
431,18,6,train,2.237755466863468e-12,2.130204634952955e-12,0.04806192343315355,102460667397.4946,0,200,218,0,180.13
432,18,7,train,2.130204634952955e-12,2.026694475938258e-12,0.048591650452860374,102460667397.4946,0,200,218,0,182.08
433,18,8,train,2.026694475938258e-12,1.9387723575993313e-12,0.043382028906070486,102460667397.4946,0,200,218,0,181.28
434,18,9,train,1.9387723575993313e-12,1.8597425482383337e-12,0.04076281005927669,102460667397.4946,0,200,216,0,179.99
435,18,10,train,1.8597425482383337e-12,1.7954118020830586e-12,0.03459121060396946,102460667397.4946,0,200,220,0,182.82
436,18,11,train,1.7954118020830586e-12,1.7378070199500227e-12,0.03208443994085487,102460667397.4946,0,200,218,0,180.48
437,18,12,train,1.7378070199500227e-12,1.688208640410207e-12,0.028540786733179484,102460667397.4946,0,200,220,0,184.01
438,18,13,train,1.688208640410207e-12,1.6366885987851746e-12,0.03051757963548501,102460667397.4946,0,200,222,0,185.06
439,18,14,train,1.6366885987851746e-12,1.5967055376090982e-12,0.024429241583129275,102460667397.4946,0,200,218,0,183.77
440,18,15,train,1.5967055376090982e-12,1.5546371553206047e-12,0.02634698840682079,102460667397.4946,0,200,216,0,179.61
441,18,16,train,1.5546371553206047e-12,1.5206614677320363e-12,0.021854416300478702,102460667397.4946,0,200,217,0,181.39
442,18,17,train,1.5206614677320363e-12,1.4869415646025833e-12,0.02217449698370009,102460667397.4946,0,200,211,0,176.04
443,18,18,train,1.4869415646025833e-12,1.4524472693723383e-12,0.02319815119262224,102460667397.4946,0,200,216,0,180.19
444,18,19,train,1.4524472693723383e-12,1.4193863833852098e-12,0.02276219363296775,102460667397.4946,0,200,213,0,176.97
445,18,20,train,1.4193863833852098e-12,1.388820647177911e-12,0.021534471913419416,102460667397.4946,0,200,214,0,177.55
446,18,21,train,1.388820647177911e-12,1.3622139942016533e-12,0.01915773143949334,102460667397.4946,0,200,217,0,180.49
447,18,22,train,1.3622139942016533e-12,1.334110942490894e-12,0.020630423582771645,102460667397.4946,0,200,216,0,180.47
448,18,23,train,1.334110942490894e-12,1.3099834657408e-12,0.01808506023123239,102460667397.4946,0,200,214,0,178.26
449,18,24,train,1.3099834657408e-12,1.2825391170786874e-12,0.020950148898705872,102460667397.4946,0,200,215,0,179.15
450,19,0,train,1.1633330354643084e-11,6.266822243124953e-12,0.46130454030958173,85959907396.67088,1,200,213,0,176.46
451,19,1,train,6.266822243124953e-12,4.836948103784995e-12,0.22816574076416613,85959907396.67088,0,200,212,0,176.35
452,19,2,train,4.836948103784995e-12,4.119574718220222e-12,0.14831116029618258,85959907396.67088,0,200,215,0,178.65
453,19,3,train,4.119574718220222e-12,3.740298120177177e-12,0.09206693020169424,85959907396.67088,0,200,219,0,181.58
454,19,4,train,3.740298120177177e-12,3.4626328372658867e-12,0.07423613679706821,85959907396.67088,0,200,217,0,180.71
455,19,5,train,3.4626328372658867e-12,3.2621823904426057e-12,0.05788960488850378,85959907396.67088,0,200,223,0,184.13
456,19,6,train,3.2621823904426057e-12,3.109546243350556e-12,0.04678958096862889,85959907396.67088,0,200,217,0,180.19
457,19,7,train,3.109546243350556e-12,2.960512549481391e-12,0.04792779467031829,85959907396.67088,0,200,220,0,182.02
458,19,8,train,2.960512549481391e-12,2.8298782591101705e-12,0.04412556548497132,85959907396.67088,0,200,225,0,186.89
459,19,9,train,2.8298782591101705e-12,2.71978752648513e-12,0.03890299247701828,85959907396.67088,0,200,220,0,179.11
460,19,10,train,2.71978752648513e-12,2.615867892323195e-12,0.03820873253883681,85959907396.67088,0,200,221,0,177.26
461,19,11,train,2.615867892323195e-12,2.5190080494142433e-12,0.037027803733211066,85959907396.67088,0,200,216,0,171.96
462,19,12,train,2.5190080494142433e-12,2.471710528759622e-12,0.018776248319500064,396981661187.04333,1,200,219,0,180.02
463,19,13,train,2.471710528759622e-12,2.4199785428839606e-12,0.020929629612259668,396981661187.04333,0,200,211,0,175.15
464,19,14,train,2.4199785428839606e-12,2.3713456105267415e-12,0.020096431226725563,396981661187.04333,0,200,214,0,178.13
465,19,15,train,2.3713456105267415e-12,2.3191771521357373e-12,0.021999517134668602,396981661187.04333,0,200,215,0,178.51
466,19,16,train,2.3191771521357373e-12,2.263176428199507e-12,0.02414680736426664,396981661187.04333,0,200,218,0,180.95
467,19,17,train,2.263176428199507e-12,2.2076992870519213e-12,0.024512954649196853,396981661187.04333,0,200,224,0,185.67
468,19,18,train,2.2076992870519213e-12,2.151152868015323e-12,0.02561327956585437,396981661187.04333,0,200,219,0,181.94
469,19,19,train,2.151152868015323e-12,2.0970498533671168e-12,0.025150706606045306,396981661187.04333,0,200,214,0,178.51
470,19,20,train,2.0970498533671168e-12,2.0435434351220015e-12,0.025515091193088705,396981661187.04333,0,200,217,0,180.56
471,19,21,train,2.0435434351220015e-12,1.9956201418983463e-12,0.023451076399946508,396981661187.04333,0,200,216,0,179.82
472,19,22,train,1.9956201418983463e-12,1.950583029657004e-12,0.02256797839217065,396981661187.04333,0,200,218,0,180.41
473,19,23,train,1.950583029657004e-12,1.9112239804014465e-12,0.02017809478352657,396981661187.04333,0,200,220,0,183.32
474,19,24,train,1.9112239804014465e-12,1.8708376722322193e-12,0.021131122559870825,396981661187.04333,0,200,218,0,181.55
475,20,0,train,9.809000439266633e-12,5.107340620117798e-12,0.4793209918033558,101947186789.47931,1,200,217,0,179.8
476,20,1,train,5.107340620117798e-12,3.853960828518668e-12,0.24540751926003732,101947186789.47931,0,200,215,0,179.47
477,20,2,train,3.853960828518668e-12,3.3982553260525605e-12,0.11824341832796094,101947186789.47931,0,200,211,0,175.67
478,20,3,train,3.3982553260525605e-12,3.0977417365696083e-12,0.08843172765126836,101947186789.47931,0,200,213,0,177.6
479,20,4,train,3.0977417365696083e-12,2.8292578744949755e-12,0.08667083472618595,101947186789.47931,0,200,215,0,178.87
480,20,5,train,2.8292578744949755e-12,2.642304439824235e-12,0.06607861247151676,101947186789.47931,0,200,210,0,174.91
481,20,6,train,2.642304439824235e-12,2.489780009116129e-12,0.05772401862907662,101947186789.47931,0,200,218,0,181.33
482,20,7,train,2.489780009116129e-12,2.3727192169618865e-12,0.047016520224933,101947186789.47931,0,200,219,0,182.09
483,20,8,train,2.3727192169618865e-12,2.2764600082336845e-12,0.04056915291117155,101947186789.47931,0,200,219,0,182.81
484,20,9,train,2.2764600082336845e-12,2.1976006836541177e-12,0.03464120796954132,101947186789.47931,0,200,223,0,185.65
485,20,10,train,2.1976006836541177e-12,2.1287592643057477e-12,0.03132571802530665,101947186789.47931,0,200,215,0,179.54
486,20,11,train,2.1287592643057477e-12,2.0680780623028385e-12,0.028505431788548977,101947186789.47931,0,200,218,0,182.16
487,20,12,train,2.0680780623028385e-12,2.0120610921200925e-12,0.027086487306175546,101947186789.47931,0,200,214,0,179.17
488,20,13,train,2.0120610921200925e-12,1.9583975496097925e-12,0.026670930977426333,101947186789.47931,0,200,220,0,183.73
489,20,14,train,1.9583975496097925e-12,1.905261652106314e-12,0.02713233455284176,101947186789.47931,0,200,218,0,181.59
490,20,15,train,1.905261652106314e-12,1.861176035495143e-12,0.02313887783467088,101947186789.47931,0,200,220,0,183.84
491,20,16,train,1.861176035495143e-12,1.819145275463162e-12,0.0225829041586597,101947186789.47931,0,200,212,0,176.83
492,20,17,train,1.819145275463162e-12,1.7799426320356038e-12,0.021550034489453803,101947186789.47931,0,200,221,0,184.42
493,20,18,train,1.7799426320356038e-12,1.744026966856586e-12,0.02017799030856591,101947186789.47931,0,200,213,0,177.45
494,20,19,train,1.744026966856586e-12,1.7094220005741326e-12,0.01984199037061055,101947186789.47931,0,200,223,0,185.34
495,20,20,train,1.7094220005741326e-12,1.6736194323557858e-12,0.02094425379240587,101947186789.47931,0,200,220,0,183.3
496,20,21,train,1.6736194323557858e-12,1.6433901878899345e-12,0.018062197343932947,101947186789.47931,0,200,213,0,177.44
497,20,22,train,1.6433901878899345e-12,1.6166095269446998e-12,0.016295984448842463,101947186789.47931,0,200,215,0,179.18
498,20,23,train,1.6166095269446998e-12,1.592319925577439e-12,0.01502502673800687,101947186789.47931,0,200,217,0,180.8
499,20,24,train,1.592319925577439e-12,1.5660832705593817e-12,0.016476999751505954,101947186789.47931,0,200,221,0,184.04
500,21,0,train,6.9476456110989104e-12,3.494712102901493e-12,0.49699332716126643,143933651192.92978,1,200,221,0,182.77
501,21,1,train,3.494712102901493e-12,2.881730744102449e-12,0.17540253410005205,143933651192.92978,0,200,214,0,178.57
502,21,2,train,2.881730744102449e-12,2.61454135447188e-12,0.09271837425386825,143933651192.92978,0,200,212,0,176.95
503,21,3,train,2.61454135447188e-12,2.4423020455596393e-12,0.06587744677193369,143933651192.92978,0,200,224,0,186.55
504,21,4,train,2.4423020455596393e-12,2.3093558717547146e-12,0.05443477969755411,143933651192.92978,0,200,219,0,182.51
505,21,5,train,2.3093558717547146e-12,2.1977776817636537e-12,0.04831571926862903,143933651192.92978,0,200,217,0,180.94
506,21,6,train,2.1977776817636537e-12,2.1033106961096676e-12,0.042982957938757047,143933651192.92978,0,200,218,0,181.73
507,21,7,train,2.1033106961096676e-12,2.022346747317839e-12,0.03849357536268016,143933651192.92978,0,200,216,0,180.03
508,21,8,train,2.022346747317839e-12,1.9509278142930598e-12,0.035314880160634825,143933651192.92978,0,200,227,0,189.21
509,21,9,train,1.9509278142930598e-12,1.8936420420221443e-12,0.029363347967681544,143933651192.92978,0,200,218,0,181.95
510,21,10,train,1.8936420420221443e-12,1.8374685721399962e-12,0.029664249438696805,143933651192.92978,0,200,219,0,182.12
511,21,11,train,1.8374685721399962e-12,1.7902150433994925e-12,0.02571664596443692,143933651192.92978,0,200,217,0,180.45
512,21,12,train,1.7902150433994925e-12,1.7449831028107998e-12,0.025266205172089516,143933651192.92978,0,200,219,0,182.13
513,21,13,train,1.7449831028107998e-12,1.696602339585415e-12,0.027725634218150056,143933651192.92978,0,200,221,0,183.85
514,21,14,train,1.696602339585415e-12,1.6561694238295231e-12,0.02383169869126323,143933651192.92978,0,200,217,0,179.96
515,21,15,train,1.6561694238295231e-12,1.6156747325336139e-12,0.024450814459715295,143933651192.92978,0,200,219,0,181.43
516,21,16,train,1.6156747325336139e-12,1.577333431505869e-12,0.0237308291425837,143933651192.92978,0,200,224,0,186.03
517,21,17,train,1.577333431505869e-12,1.5457351564320947e-12,0.020032717523528126,143933651192.92978,0,200,221,0,184.35
518,21,18,train,1.5457351564320947e-12,1.5146769684447266e-12,0.02009282628924443,143933651192.92978,0,200,223,0,185.66
519,21,19,train,1.5146769684447266e-12,1.4801618872641727e-12,0.022787090514747886,143933651192.92978,0,200,215,0,178.85
520,21,20,train,1.4801618872641727e-12,1.4494980446051762e-12,0.020716546563479835,143933651192.92978,0,200,218,0,181.62
521,21,21,train,1.4494980446051762e-12,1.4212970225145736e-12,0.01945571585664623,143933651192.92978,0,200,216,0,179.86
522,21,22,train,1.4212970225145736e-12,1.3970551089315615e-12,0.0170561910698462,143933651192.92978,0,200,213,0,177.19
523,21,23,train,1.3970551089315615e-12,1.3720390374830752e-12,0.017906288226251905,143933651192.92978,0,200,219,0,181.94
524,21,24,train,1.3720390374830752e-12,1.3489606827323149e-12,0.01682047968044427,143933651192.92978,0,200,212,0,177.11
525,22,0,train,7.1539714781169e-12,2.98305140948037e-12,0.5830216239182461,139782497464.36288,1,200,220,0,182.24
526,22,1,train,2.98305140948037e-12,2.332675645759024e-12,0.21802365244340105,139782497464.36288,0,200,213,0,177.39
527,22,2,train,2.332675645759024e-12,2.0845257345453223e-12,0.1063799468498145,139782497464.36288,0,200,217,0,180.58
528,22,3,train,2.0845257345453223e-12,1.9136926509070036e-12,0.08195297415005576,139782497464.36288,0,200,219,0,182.52
529,22,4,train,1.9136926509070036e-12,1.7935386162881391e-12,0.06278648484223258,139782497464.36288,0,200,210,0,175.73
530,22,5,train,1.7935386162881391e-12,1.6954782281127212e-12,0.054674255287773595,139782497464.36288,0,200,221,0,183.99
531,22,6,train,1.6954782281127212e-12,1.6061147189141154e-12,0.0527069635674877,139782497464.36288,0,200,220,0,183.92
532,22,7,train,1.6061147189141154e-12,1.5424524757082938e-12,0.03963741970365808,139782497464.36288,0,200,216,0,181.1
533,22,8,train,1.5424524757082938e-12,1.488117511585208e-12,0.035226345692197195,139782497464.36288,0,200,221,0,184.37
534,22,9,train,1.488117511585208e-12,1.438613671684622e-12,0.03326608249361467,139782497464.36288,0,200,217,0,180.32
535,22,10,train,1.438613671684622e-12,1.3938251338521304e-12,0.031133124002668447,139782497464.36288,0,200,217,0,181.28
536,22,11,train,1.3938251338521304e-12,1.3492000222405006e-12,0.03201629137530251,139782497464.36288,0,200,219,0,182.08
537,22,12,train,1.3492000222405006e-12,1.3164058974987e-12,0.024306347614301234,139782497464.36288,0,200,219,0,182.23
538,22,13,train,1.3164058974987e-12,1.289221231162213e-12,0.02065067194559109,139782497464.36288,0,200,213,0,177.17
539,22,14,train,1.289221231162213e-12,1.266014535444416e-12,0.018000553478999516,139782497464.36288,0,200,219,0,182.21
540,22,15,train,1.266014535444416e-12,1.2393914231383731e-12,0.021029073174659223,139782497464.36288,0,200,220,0,183.84
541,22,16,train,1.2393914231383731e-12,1.212509726681576e-12,0.02168943237377544,139782497464.36288,0,200,217,0,180.72
542,22,17,train,1.212509726681576e-12,1.187321105368344e-12,0.02077395402193498,139782497464.36288,0,200,215,0,177.9
543,22,18,train,1.187321105368344e-12,1.1663725290866416e-12,0.017643564312118862,139782497464.36288,0,200,222,0,184.52
544,22,19,train,1.1663725290866416e-12,1.146713514475499e-12,0.0168548333580328,139782497464.36288,0,200,222,0,184.63
545,22,20,train,1.146713514475499e-12,1.127279198828528e-12,0.016947838672556458,139782497464.36288,0,200,220,0,182.75
546,22,21,train,1.127279198828528e-12,1.1096533048405861e-12,0.01563578393556697,139782497464.36288,0,200,221,0,183.95
547,22,22,train,1.1096533048405861e-12,1.0940167058405453e-12,0.014091427414157228,139782497464.36288,0,200,222,0,184.28
548,22,23,train,1.0940167058405453e-12,1.0795941559367268e-12,0.013183116699061326,139782497464.36288,0,200,221,0,184.21
549,22,24,train,1.0795941559367268e-12,1.0657249342726792e-12,0.012846699463664442,139782497464.36288,0,200,215,0,178.89
550,23,0,train,1.2843971103438589e-11,3.8148622215986695e-12,0.7029842101889069,77857540471.44188,1,200,221,0,183.12
551,23,1,train,3.8148622215986695e-12,2.8952038175556328e-12,0.24107250815932257,77857540471.44188,0,200,208,0,173.37
552,23,2,train,2.8952038175556328e-12,2.5479675520051435e-12,0.11993499851200615,77857540471.44188,0,200,211,0,175.69
553,23,3,train,2.5479675520051435e-12,2.317056075959672e-12,0.09062575222504453,77857540471.44188,0,200,215,0,178.06
554,23,4,train,2.317056075959672e-12,2.135146617047752e-12,0.07850887201190296,77857540471.44188,0,200,214,0,178.11
555,23,5,train,2.135146617047752e-12,1.9914815975181537e-12,0.06728578655092209,77857540471.44188,0,200,216,0,178.9
556,23,6,train,1.9914815975181537e-12,1.8772668945879886e-12,0.057351623571366625,77857540471.44188,0,200,213,0,177.46
557,23,7,train,1.8772668945879886e-12,1.7945471201852727e-12,0.044063939251893544,77857540471.44188,0,200,219,0,181.63
558,23,8,train,1.7945471201852727e-12,1.7183690979265346e-12,0.04244971971027056,77857540471.44188,0,200,216,0,179.72
559,23,9,train,1.7183690979265346e-12,1.6612082510484473e-12,0.03326459195935278,77857540471.44188,0,200,220,0,182.29
560,23,10,train,1.6612082510484473e-12,1.6152640757153396e-12,0.02765708351382839,77857540471.44188,0,200,219,0,182.29
561,23,11,train,1.6152640757153396e-12,1.5667684140813962e-12,0.03002336420592192,77857540471.44188,0,200,218,0,181.63
562,23,12,train,1.5667684140813962e-12,1.5246656273944456e-12,0.026872373931303418,77857540471.44188,0,200,218,0,181.33
563,23,13,train,1.5246656273944456e-12,1.4889436548604505e-12,0.023429381427744058,77857540471.44188,0,200,216,0,179.97
564,23,14,train,1.4889436548604505e-12,1.4581219316995563e-12,0.020700395921820793,77857540471.44188,0,200,219,0,181.53
565,23,15,train,1.4581219316995563e-12,1.4283886407428614e-12,0.020391498344749796,77857540471.44188,0,200,214,0,178.34
566,23,16,train,1.4283886407428614e-12,1.3954800439031482e-12,0.023038965657552698,77857540471.44188,0,200,225,0,186.77
567,23,17,train,1.3954800439031482e-12,1.3705023766814098e-12,0.01789897844176692,77857540471.44188,0,200,219,0,181.25
568,23,18,train,1.3705023766814098e-12,1.3453245697126696e-12,0.0183712245940841,77857540471.44188,0,200,219,0,182.15
569,23,19,train,1.3453245697126696e-12,1.3224016343517773e-12,0.01703896284729871,77857540471.44188,0,200,215,0,178.67
570,23,20,train,1.3224016343517773e-12,1.3023162681497602e-12,0.015188552161660497,77857540471.44188,0,200,211,0,175.44
571,23,21,train,1.3023162681497602e-12,1.2791851778704294e-12,0.017761499909844384,77857540471.44188,0,200,217,0,179.3
572,23,22,train,1.2791851778704294e-12,1.2677079058510443e-12,0.008972330369315443,781747644750.5332,1,200,217,0,178.13
573,23,23,train,1.2677079058510443e-12,1.2549460774959492e-12,0.010066852384680677,781747644750.5332,0,200,213,0,174.89
574,23,24,train,1.2549460774959492e-12,1.244826613935399e-12,0.008063664042635229,781747644750.5332,0,200,208,0,170.44
575,24,0,train,6.961373656537729e-12,3.8029447265336505e-12,0.45370771428680035,143649809554.5922,1,200,221,0,179.26
576,24,1,train,3.8029447265336505e-12,3.213652229424787e-12,0.15495689248315697,143649809554.5922,0,200,215,0,174.08
577,24,2,train,3.213652229424787e-12,2.9170437668052546e-12,0.09229637852650358,143649809554.5922,0,200,216,0,173.25
578,24,3,train,2.9170437668052546e-12,2.7138108746560547e-12,0.0696708408910095,143649809554.5922,0,200,222,0,178.44
579,24,4,train,2.7138108746560547e-12,2.5465429720157968e-12,0.061635799385414886,143649809554.5922,0,200,215,0,173.06
580,24,5,train,2.5465429720157968e-12,2.3988233918822393e-12,0.058007888245697005,143649809554.5922,0,200,220,0,176.68
581,24,6,train,2.3988233918822393e-12,2.2776955300267597e-12,0.05049469763609253,143649809554.5922,0,200,215,0,173.05
582,24,7,train,2.2776955300267597e-12,2.1696994744125673e-12,0.04741461454811901,143649809554.5922,0,200,216,0,173.22
583,24,8,train,2.1696994744125673e-12,2.0890766034355342e-12,0.0371585428893839,143649809554.5922,0,200,214,0,171.39
584,24,9,train,2.0890766034355342e-12,2.000869207025649e-12,0.04222315077619758,143649809554.5922,0,200,222,0,177.78
585,24,10,train,2.000869207025649e-12,1.921216519536237e-12,0.03980904259495193,143649809554.5922,0,200,217,0,173.67
586,24,11,train,1.921216519536237e-12,1.848537357595948e-12,0.037829761092119454,143649809554.5922,0,200,212,0,169.44
587,24,12,train,1.848537357595948e-12,1.7785102889463922e-12,0.03788242004512541,143649809554.5922,0,200,218,0,173.74
588,24,13,train,1.7785102889463922e-12,1.7276397967834114e-12,0.028602866387192474,143649809554.5922,0,200,219,0,174.91
589,24,14,train,1.7276397967834114e-12,1.676777414847494e-12,0.02944038568144536,143649809554.5922,0,200,216,0,172.66
590,24,15,train,1.676777414847494e-12,1.6208307116827668e-12,0.03336561112365385,143649809554.5922,0,200,219,0,174.58
591,24,16,train,1.6208307116827668e-12,1.5712855929973944e-12,0.030567731921820537,143649809554.5922,0,200,217,0,171.97
592,24,17,train,1.5712855929973944e-12,1.5259651387667193e-12,0.028842913365113687,143649809554.5922,0,200,221,0,175.02
593,24,18,train,1.5259651387667193e-12,1.4889501475605932e-12,0.0242567738054891,143649809554.5922,0,200,219,0,173.27
594,24,19,train,1.4889501475605932e-12,1.4486122856255584e-12,0.027091479188287103,143649809554.5922,0,200,217,0,172.15
595,24,20,train,1.4486122856255584e-12,1.4118203427196188e-12,0.025398060799996295,143649809554.5922,0,200,218,0,172.78
596,24,21,train,1.4118203427196188e-12,1.3829377555533082e-12,0.020457693016856168,143649809554.5922,0,200,227,0,180.01
597,24,22,train,1.3829377555533082e-12,1.3486586279444179e-12,0.02478718038555204,143649809554.5922,0,200,218,0,172.65
598,24,23,train,1.3486586279444179e-12,1.3159937429449867e-12,0.0242202765938019,143649809554.5922,0,200,214,0,169.38
599,24,24,train,1.3159937429449867e-12,1.2872189662472221e-12,0.02186543579863167,143649809554.5922,0,200,218,0,172.75
600,25,0,train,1.0954409799994073e-11,5.572045571274898e-12,0.49134223814797284,91287437503.07214,1,200,210,0,165.9
601,25,1,train,5.572045571274898e-12,4.3383992869693606e-12,0.22139917352170468,91287437503.07214,0,200,207,0,163.81
602,25,2,train,4.3383992869693606e-12,3.7744074339482484e-12,0.12999998748734243,91287437503.07214,0,200,215,0,169.93
603,25,3,train,3.7744074339482484e-12,3.3710110227755728e-12,0.1068767530352969,91287437503.07214,0,200,213,0,167.83
604,25,4,train,3.3710110227755728e-12,3.090976707344694e-12,0.08307131407725513,91287437503.07214,0,200,214,0,169.19
605,25,5,train,3.090976707344694e-12,2.868452981144835e-12,0.07199139536415933,91287437503.07214,0,200,213,0,167.77
606,25,6,train,2.868452981144835e-12,2.6771907210787037e-12,0.06667784388426545,91287437503.07214,0,200,213,0,168.01
607,25,7,train,2.6771907210787037e-12,2.5070460818565648e-12,0.06355342482047137,91287437503.07214,0,200,215,0,169.84
608,25,8,train,2.5070460818565648e-12,2.3813508120244586e-12,0.05013680073204876,91287437503.07214,0,200,213,0,167.97
609,25,9,train,2.3813508120244586e-12,2.2824041881291864e-12,0.04155062891013301,91287437503.07214,0,200,208,0,163.97
610,25,10,train,2.2824041881291864e-12,2.1903290477578662e-12,0.04034129487239997,91287437503.07214,0,200,214,0,168.4
611,25,11,train,2.1903290477578662e-12,2.099819928688425e-12,0.04132215621305431,91287437503.07214,0,200,222,0,174.71
612,25,12,train,2.099819928688425e-12,2.026261363157946e-12,0.03503089218532406,91287437503.07214,0,200,218,0,171.28
613,25,13,train,2.026261363157946e-12,1.9635429397610146e-12,0.030952780592521534,91287437503.07214,0,200,216,0,169.65
614,25,14,train,1.9635429397610146e-12,1.891820967960517e-12,0.036526816067097075,91287437503.07214,0,200,217,0,169.14
615,25,15,train,1.891820967960517e-12,1.833900759693124e-12,0.030616114975104716,91287437503.07214,0,200,218,0,169.66
616,25,16,train,1.833900759693124e-12,1.7772235110824885e-12,0.030905297525543038,91287437503.07214,0,200,219,0,170.1
617,25,17,train,1.7772235110824885e-12,1.7283865059667695e-12,0.02747938276259517,91287437503.07214,0,200,215,0,166.8
618,25,18,train,1.7283865059667695e-12,1.68467389762533e-12,0.025290991448112986,91287437503.07214,0,200,219,0,169.94
619,25,19,train,1.68467389762533e-12,1.6349917668098132e-12,0.029490651505639964,91287437503.07214,0,200,215,0,166.26
620,25,20,train,1.6349917668098132e-12,1.5927903779704911e-12,0.025811376972047516,91287437503.07214,0,200,212,0,163.48
621,25,21,train,1.5927903779704911e-12,1.55628594360307e-12,0.022918542748817078,91287437503.07214,0,200,221,0,169.67
622,25,22,train,1.55628594360307e-12,1.5195801754797772e-12,0.023585491004508147,91287437503.07214,0,200,209,0,160.82
623,25,23,train,1.5195801754797772e-12,1.4856248960882781e-12,0.02234517134364327,91287437503.07214,0,200,217,0,166.65
624,25,24,train,1.4856248960882781e-12,1.4499692951587527e-12,0.024000406174807854,91287437503.07214,0,200,216,0,165.9
625,26,0,train,1.3441455439414369e-11,6.807201272074168e-12,0.4935666526027072,74396705364.78519,1,200,218,0,166.83
626,26,1,train,6.807201272074168e-12,4.894921566173911e-12,0.2809201064386305,74396705364.78519,0,200,214,0,163.39
627,26,2,train,4.894921566173911e-12,4.054589423979554e-12,0.17167428136161103,74396705364.78519,0,200,216,0,164.52
628,26,3,train,4.054589423979554e-12,3.5552785358906657e-12,0.12314708984734081,74396705364.78519,0,200,218,0,165.55
629,26,4,train,3.5552785358906657e-12,3.2122544038404876e-12,0.09648305430568578,74396705364.78519,0,200,219,0,166.22
630,26,5,train,3.2122544038404876e-12,2.9861164099129677e-12,0.07039853184017902,74396705364.78519,0,200,218,0,165.69
631,26,6,train,2.9861164099129677e-12,2.771827623340492e-12,0.07176169886113759,74396705364.78519,0,200,218,0,165.5
632,26,7,train,2.771827623340492e-12,2.598549673315783e-12,0.06251397040912726,74396705364.78519,0,200,218,0,165.61
633,26,8,train,2.598549673315783e-12,2.441534378555028e-12,0.060424203690669254,74396705364.78519,0,200,219,0,165.76
634,26,9,train,2.441534378555028e-12,2.3183824475033042e-12,0.050440383773997406,74396705364.78519,0,200,218,0,164.35
635,26,10,train,2.3183824475033042e-12,2.2089141406068743e-12,0.04721753609475336,74396705364.78519,0,200,210,0,157.6
636,26,11,train,2.2089141406068743e-12,2.1084346871019226e-12,0.04548816617985258,74396705364.78519,0,200,221,0,166.67
637,26,12,train,2.1084346871019226e-12,2.021162663295402e-12,0.04139185545580129,74396705364.78519,0,200,221,0,168.28
638,26,13,train,2.021162663295402e-12,1.9442381277862136e-12,0.03805954706474096,74396705364.78519,0,200,215,0,163.79
639,26,14,train,1.9442381277862136e-12,1.877037112866165e-12,0.034564189416739,74396705364.78519,0,200,215,0,179.08
640,26,15,train,1.877037112866165e-12,1.8059607172131472e-12,0.037866270818954,74396705364.78519,0,200,216,0,178.97
641,26,16,train,1.8059607172131472e-12,1.7437255150146296e-12,0.034460994419942506,74396705364.78519,0,200,212,0,166.59
642,26,17,train,1.7437255150146296e-12,1.6866441747804576e-12,0.032735278426945,74396705364.78519,0,200,218,0,161.74
643,26,18,train,1.6866441747804576e-12,1.6298870562411835e-12,0.033650914275775996,74396705364.78519,0,200,218,0,160.84
644,26,19,train,1.6298870562411835e-12,1.5779371065864717e-12,0.03187334328215225,74396705364.78519,0,200,215,0,158.31
645,26,20,train,1.5779371065864717e-12,1.5266902680097256e-12,0.03247711100958108,74396705364.78519,0,200,220,0,160.95
646,26,21,train,1.5266902680097256e-12,1.4803419281317902e-12,0.030358705265317205,74396705364.78519,0,200,216,0,158.41
647,26,22,train,1.4803419281317902e-12,1.4344123229123416e-12,0.031026348944539026,74396705364.78519,0,200,214,0,156.62
648,26,23,train,1.4344123229123416e-12,1.3972444797924443e-12,0.025911547555889654,74396705364.78519,0,200,213,0,155.34
649,26,24,train,1.3972444797924443e-12,1.3598179884304332e-12,0.02678592895036572,74396705364.78519,0,200,217,0,158.26
650,27,0,train,8.293094123002346e-12,3.983691820962158e-12,0.51963745233366,120582256172.19577,1,200,213,0,154.26
651,27,1,train,3.983691820962158e-12,3.1043604967093283e-12,0.22073276844001702,120582256172.19577,0,200,220,0,158.81
652,27,2,train,3.1043604967093283e-12,2.676016639042398e-12,0.13798135175376108,120582256172.19577,0,200,216,0,153.17
653,27,3,train,2.676016639042398e-12,2.4220651779135006e-12,0.09489905908050443,120582256172.19577,0,200,217,0,152.63
654,27,4,train,2.4220651779135006e-12,2.2568415874063137e-12,0.06821599683354496,120582256172.19577,0,200,218,0,152.34
655,27,5,train,2.2568415874063137e-12,2.119188523771184e-12,0.06099367558771736,120582256172.19577,0,200,216,0,150.35
656,27,6,train,2.119188523771184e-12,1.9982921837429283e-12,0.05704841200872285,120582256172.19577,0,200,216,0,150.12
657,27,7,train,1.9982921837429283e-12,1.889492246633238e-12,0.054446460830318205,120582256172.19577,0,200,216,0,151.17
658,27,8,train,1.889492246633238e-12,1.8032354887020902e-12,0.045650760454213526,120582256172.19577,0,200,218,0,151.63
659,27,9,train,1.8032354887020902e-12,1.7355240697053118e-12,0.037549959182266814,120582256172.19577,0,200,220,0,153.31
660,27,10,train,1.7355240697053118e-12,1.6727609671390443e-12,0.03616377534707686,120582256172.19577,0,200,215,0,149.88
661,27,11,train,1.6727609671390443e-12,1.6156250558666565e-12,0.03415665022965502,120582256172.19577,0,200,215,0,148.96
662,27,12,train,1.6156250558666565e-12,1.5665723730064188e-12,0.03036142741294935,120582256172.19577,0,200,216,0,149.44
663,27,13,train,1.5665723730064188e-12,1.527001980560972e-12,0.025259217593316133,120582256172.19577,0,200,210,0,145.31
664,27,14,train,1.527001980560972e-12,1.4870839130514128e-12,0.02614146413542609,120582256172.19577,0,200,213,0,147.31
665,27,15,train,1.4870839130514128e-12,1.4540603361031843e-12,0.022206935774367942,120582256172.19577,0,200,216,0,149.79
666,27,16,train,1.4540603361031843e-12,1.420708843948477e-12,0.02293680071357139,120582256172.19577,0,200,221,0,156.19
667,27,17,train,1.420708843948477e-12,1.39088874086644e-12,0.0209895948836076,120582256172.19577,0,200,214,0,153.31
668,27,18,train,1.39088874086644e-12,1.366197813440018e-12,0.017751906893027965,120582256172.19577,0,200,215,0,155.13
669,27,19,train,1.366197813440018e-12,1.339902093859555e-12,0.019247373492899775,120582256172.19577,0,200,218,0,157.23
670,27,20,train,1.339902093859555e-12,1.3157911412233821e-12,0.01799456299580952,120582256172.19577,0,200,219,0,158.38
671,27,21,train,1.3157911412233821e-12,1.2868132356885406e-12,0.022023180295847527,120582256172.19577,0,200,216,0,158.1
672,27,22,train,1.2868132356885406e-12,1.2650373900626606e-12,0.016922304668577873,120582256172.19577,0,200,216,0,158.37
673,27,23,train,1.2650373900626606e-12,1.2433733689006154e-12,0.01712520225269554,120582256172.19577,0,200,212,0,157.93
674,27,24,train,1.2433733689006154e-12,1.2226652150095332e-12,0.016654815366837272,120582256172.19577,0,200,222,0,167.07
675,28,0,train,1.527255694992614e-11,3.786948096765258e-12,0.7520422998466165,65476920680.58297,1,200,216,0,163.27
676,28,1,train,3.786948096765258e-12,2.965313304550585e-12,0.2169648939515434,65476920680.58297,0,200,213,0,163.3
677,28,2,train,2.965313304550585e-12,2.6365595827595176e-12,0.11086643738000983,65476920680.58297,0,200,212,0,163.4
678,28,3,train,2.6365595827595176e-12,2.3928495547765936e-12,0.09243486457751443,65476920680.58297,0,200,214,0,164.85
679,28,4,train,2.3928495547765936e-12,2.224612826677657e-12,0.07030810932643192,65476920680.58297,0,200,209,0,160.98
680,28,5,train,2.224612826677657e-12,2.1128162079039584e-12,0.050254416154140814,65476920680.58297,0,200,217,0,166.74
681,28,6,train,2.1128162079039584e-12,2.0319053187568205e-12,0.03829528041504682,65476920680.58297,0,200,214,0,163.69
682,28,7,train,2.0319053187568205e-12,1.951866132986418e-12,0.03939119851281894,65476920680.58297,0,200,213,0,162.92
683,28,8,train,1.951866132986418e-12,1.887478670975716e-12,0.032987642401575576,65476920680.58297,0,200,216,0,164.21
684,28,9,train,1.887478670975716e-12,1.8279404914618274e-12,0.03154376281407759,65476920680.58297,0,200,219,0,164.67
685,28,10,train,1.8279404914618274e-12,1.7843741699339648e-12,0.02383355570455254,65476920680.58297,0,200,218,0,170.07
686,28,11,train,1.7843741699339648e-12,1.7366175301258102e-12,0.026763803586061785,65476920680.58297,0,200,214,0,167.94
687,28,12,train,1.7366175301258102e-12,1.6953984262561678e-12,0.023735280310487383,65476920680.58297,0,200,214,0,168.09
688,28,13,train,1.6953984262561678e-12,1.6565085543337278e-12,0.022938485326023227,65476920680.58297,0,200,220,0,173.02
689,28,14,train,1.6565085543337278e-12,1.6168919625184332e-12,0.023915718220500853,65476920680.58297,0,200,219,0,171.89
690,28,15,train,1.6168919625184332e-12,1.5827491535702238e-12,0.02111632053327131,65476920680.58297,0,200,217,0,170.48
691,28,16,train,1.5827491535702238e-12,1.5526202883618825e-12,0.01903578033220194,65476920680.58297,0,200,212,0,166.9
692,28,17,train,1.5526202883618825e-12,1.5215920585402755e-12,0.019984428938735473,65476920680.58297,0,200,217,0,170.9
693,28,18,train,1.5215920585402755e-12,1.5059718035173825e-12,0.010265731169679004,657206374328.3074,1,200,215,0,169.14
694,28,19,train,1.5059718035173825e-12,1.4872035004039361e-12,0.01246258599902781,657206374328.3074,0,200,216,0,170.71
695,28,20,train,1.4872035004039361e-12,1.4695986573932003e-12,0.011837548127041258,657206374328.3074,0,200,214,0,168.66
696,28,21,train,1.4695986573932003e-12,1.4539465408119604e-12,0.010650606206325691,657206374328.3074,0,200,218,0,171.25
697,28,22,train,1.4539465408119604e-12,1.4357428182994763e-12,0.012520214465600777,657206374328.3074,0,200,212,0,166.95
698,28,23,train,1.4357428182994763e-12,1.4183837357034326e-12,0.012090663017631639,657206374328.3074,0,200,216,0,169.61
699,28,24,train,1.4183837357034326e-12,1.3976795473078521e-12,0.014597028910030755,657206374328.3074,0,200,213,0,167.24
700,29,0,train,5.383200948188353e-12,3.1971798882974476e-12,0.40608200974302894,185763082155.8941,1,200,211,0,165.11
701,29,1,train,3.1971798882974476e-12,2.538559613540153e-12,0.20600038088817732,185763082155.8941,0,200,213,0,166.96
702,29,2,train,2.538559613540153e-12,2.2500720693907533e-12,0.11364221766180588,185763082155.8941,0,200,206,0,161.17
703,29,3,train,2.2500720693907533e-12,2.0570704826943393e-12,0.08577573550729538,185763082155.8941,0,200,209,0,164.76
704,29,4,train,2.0570704826943393e-12,1.9392433018006377e-12,0.05727911701857302,185763082155.8941,0,200,210,0,166.23
705,29,5,train,1.9392433018006377e-12,1.841743738565065e-12,0.05027711744320169,185763082155.8941,0,200,214,0,168.98
706,29,6,train,1.841743738565065e-12,1.755316934306001e-12,0.0469266176663646,185763082155.8941,0,200,217,0,171.99
707,29,7,train,1.755316934306001e-12,1.6862649929659854e-12,0.03933873136552214,185763082155.8941,0,200,213,0,172.63
708,29,8,train,1.6862649929659854e-12,1.6288209665973776e-12,0.03406583580174372,185763082155.8941,0,200,214,0,176.54
709,29,9,train,1.6288209665973776e-12,1.5800211416177893e-12,0.029960214155108536,185763082155.8941,0,200,219,0,181.3
710,29,10,train,1.5800211416177893e-12,1.5340776786698152e-12,0.029077752023578905,185763082155.8941,0,200,217,0,177.73
711,29,11,train,1.5340776786698152e-12,1.4891380291061548e-12,0.029294246431267535,185763082155.8941,0,200,221,0,183.18
712,29,12,train,1.4891380291061548e-12,1.445267885048129e-12,0.029460092483407037,185763082155.8941,0,200,218,0,180.05
713,29,13,train,1.445267885048129e-12,1.4091835485035031e-12,0.02496723058606135,185763082155.8941,0,200,218,0,179.34
714,29,14,train,1.4091835485035031e-12,1.3721888038240155e-12,0.02625260897969931,185763082155.8941,0,200,217,0,179.75
715,29,15,train,1.3721888038240155e-12,1.3424210756139365e-12,0.021693609601770778,185763082155.8941,0,200,220,0,182.13
716,29,16,train,1.3424210756139365e-12,1.3107255982900207e-12,0.023610682147120178,185763082155.8941,0,200,220,0,182.37
717,29,17,train,1.3107255982900207e-12,1.2800067240290867e-12,0.023436541028122107,185763082155.8941,0,200,218,0,181.27
718,29,18,train,1.2800067240290867e-12,1.2491580684349906e-12,0.024100385580001927,185763082155.8941,0,200,216,0,178.61
719,29,19,train,1.2491580684349906e-12,1.217019960778904e-12,0.025727814972488446,185763082155.8941,0,200,224,0,185.84
720,29,20,train,1.217019960778904e-12,1.185464058904937e-12,0.025928828524530594,185763082155.8941,0,200,219,0,181.41
721,29,21,train,1.185464058904937e-12,1.1530422876159755e-12,0.027349434211367624,185763082155.8941,0,200,225,0,185.78
722,29,22,train,1.1530422876159755e-12,1.121689541887709e-12,0.02719132339290978,185763082155.8941,0,200,216,0,179.04
723,29,23,train,1.121689541887709e-12,1.0937315111366548e-12,0.024924927715741438,185763082155.8941,0,200,215,0,177.87
724,29,24,train,1.0937315111366548e-12,1.063603036287653e-12,0.027546499796545894,185763082155.8941,0,200,214,0,177.25
725,30,0,train,6.5662090945605544e-12,3.6523017073678e-12,0.4437731642762693,152294876023.42722,1,200,216,0,172.28
726,30,1,train,3.6523017073678e-12,2.998031325775446e-12,0.17913919331266973,152294876023.42722,0,200,211,0,167.41
727,30,2,train,2.998031325775446e-12,2.659776027132557e-12,0.11282580529921535,152294876023.42722,0,200,215,0,169.2
728,30,3,train,2.659776027132557e-12,2.389937460925229e-12,0.10145161226159138,152294876023.42722,0,200,217,0,165.68
729,30,4,train,2.389937460925229e-12,2.1743175489494974e-12,0.09021989717348403,152294876023.42722,0,200,212,0,166.0
730,30,5,train,2.1743175489494974e-12,2.0138965080726916e-12,0.07377995038227594,152294876023.42722,0,200,215,0,166.41
731,30,6,train,2.0138965080726916e-12,1.870198754500493e-12,0.07135309733950435,152294876023.42722,0,200,219,0,169.85
732,30,7,train,1.870198754500493e-12,1.7574281089429887e-12,0.0602987491495918,152294876023.42722,0,200,214,0,166.71
733,30,8,train,1.7574281089429887e-12,1.6660078325751612e-12,0.052019354818907834,152294876023.42722,0,200,216,0,166.91
734,30,9,train,1.6660078325751612e-12,1.5846653709178246e-12,0.04882477745113892,152294876023.42722,0,200,213,0,165.24
735,30,10,train,1.5846653709178246e-12,1.5010640793677196e-12,0.05275643242060867,152294876023.42722,0,200,216,0,165.52
736,30,11,train,1.5010640793677196e-12,1.4280263242939598e-12,0.048657319882389645,152294876023.42722,0,200,224,0,174.75
737,30,12,train,1.4280263242939598e-12,1.3651215953367076e-12,0.04405011860572904,152294876023.42722,0,200,213,0,164.83
738,30,13,train,1.3651215953367076e-12,1.3147562161771656e-12,0.036894427083705585,152294876023.42722,0,200,214,0,165.51
739,30,14,train,1.3147562161771656e-12,1.2726338648327982e-12,0.03203814579925997,152294876023.42722,0,200,219,0,165.65
740,30,15,train,1.2726338648327982e-12,1.2337959622018456e-12,0.030517734679373184,152294876023.42722,0,200,207,0,152.76
741,30,16,train,1.2337959622018456e-12,1.2010378135677442e-12,0.026550701767284766,152294876023.42722,0,200,217,0,163.11
742,30,17,train,1.2010378135677442e-12,1.1684242088269818e-12,0.027154519509991117,152294876023.42722,0,200,210,0,158.7
743,30,18,train,1.1684242088269818e-12,1.1379057983385485e-12,0.026119289773250863,152294876023.42722,0,200,211,0,157.89
744,30,19,train,1.1379057983385485e-12,1.112082379130794e-12,0.022693811074220034,152294876023.42722,0,200,219,0,163.27
745,30,20,train,1.112082379130794e-12,1.0845610600329643e-12,0.02474755433076855,152294876023.42722,0,200,219,0,162.87
746,30,21,train,1.0845610600329643e-12,1.0606013382521692e-12,0.022091630119992368,152294876023.42722,0,200,218,0,160.51
747,30,22,train,1.0606013382521692e-12,1.0384442482472192e-12,0.020891063593662853,152294876023.42722,0,200,219,0,160.98
748,30,23,train,1.0384442482472192e-12,1.0197367351541043e-12,0.018014942183647513,152294876023.42722,0,200,214,0,158.3
749,30,24,train,1.0197367351541043e-12,1.0010812400258082e-12,0.01829442294777855,152294876023.42722,0,200,218,0,158.82
750,31,0,train,8.710891852005773e-12,5.318768187679122e-12,0.3894117527754153,114798807859.12175,1,200,220,0,158.65
751,31,1,train,5.318768187679122e-12,4.3177735829724186e-12,0.1882004572083999,114798807859.12175,0,200,215,0,155.33
752,31,2,train,4.3177735829724186e-12,3.828212111106278e-12,0.11338284939182003,114798807859.12175,0,200,218,0,155.3
753,31,3,train,3.828212111106278e-12,3.5914999798089185e-12,0.06183359866884547,114798807859.12175,0,200,215,0,152.48
754,31,4,train,3.5914999798089185e-12,3.3652437011181923e-12,0.06299771125232301,114798807859.12175,0,200,216,0,152.47
755,31,5,train,3.3652437011181923e-12,3.1652167711218197e-12,0.05943906229730355,114798807859.12175,0,200,216,0,151.97
756,31,6,train,3.1652167711218197e-12,2.9936175362523638e-12,0.05421405460600967,114798807859.12175,0,200,218,0,152.49
757,31,7,train,2.9936175362523638e-12,2.875226591340321e-12,0.03954778574027645,114798807859.12175,0,200,226,0,156.12
758,31,8,train,2.875226591340321e-12,2.7735587774659387e-12,0.03535993099833867,114798807859.12175,0,200,221,0,152.93
759,31,9,train,2.7735587774659387e-12,2.67669918147511e-12,0.03492249624481526,114798807859.12175,0,200,218,0,150.07
760,31,10,train,2.67669918147511e-12,2.5927159165635837e-12,0.031375682965331886,114798807859.12175,0,200,217,0,148.5
761,31,11,train,2.5927159165635837e-12,2.5127976446477462e-12,0.030824152929859766,114798807859.12175,0,200,219,0,149.39
762,31,12,train,2.5127976446477462e-12,2.4446308559594114e-12,0.027127846459713938,114798807859.12175,0,200,214,0,145.88
763,31,13,train,2.4446308559594114e-12,2.376715780898709e-12,0.02778132121467014,114798807859.12175,0,200,223,0,152.09
764,31,14,train,2.376715780898709e-12,2.309590949511243e-12,0.028242683423460882,114798807859.12175,0,200,218,0,149.35
765,31,15,train,2.309590949511243e-12,2.2434894895112128e-12,0.028620418699691702,114798807859.12175,0,200,217,0,147.89
766,31,16,train,2.2434894895112128e-12,2.179293455467455e-12,0.028614368083241623,114798807859.12175,0,200,213,0,146.78
767,31,17,train,2.179293455467455e-12,2.11547348417729e-12,0.02928470744958758,114798807859.12175,0,200,212,0,146.4
768,31,18,train,2.11547348417729e-12,2.0601496003790814e-12,0.026152010040307355,114798807859.12175,0,200,224,0,153.31
769,31,19,train,2.0601496003790814e-12,2.0079706458804042e-12,0.025327750222156636,114798807859.12175,0,200,222,0,153.29
770,31,20,train,2.0079706458804042e-12,1.9633839846829495e-12,0.022204837151842655,114798807859.12175,0,200,212,0,145.7
771,31,21,train,1.9633839846829495e-12,1.9198460172453795e-12,0.022174963113290633,114798807859.12175,0,200,218,0,152.81
772,31,22,train,1.9198460172453795e-12,1.872573137306683e-12,0.0246232664047319,114798807859.12175,0,200,215,0,147.28
773,31,23,train,1.872573137306683e-12,1.830359315950379e-12,0.02254321634508761,114798807859.12175,0,200,212,0,144.6
774,31,24,train,1.830359315950379e-12,1.7864918710607142e-12,0.023966575582940967,114798807859.12175,0,200,219,0,150.07
775,32,0,train,1.12223066778126e-11,5.308559356362742e-12,0.5269636173053273,89108240285.13498,1,200,213,0,146.99
776,32,1,train,5.308559356362742e-12,3.939755792887354e-12,0.2578484051110335,89108240285.13498,0,200,216,0,149.11
777,32,2,train,3.939755792887354e-12,3.3886369715304098e-12,0.13988654381875854,89108240285.13498,0,200,214,0,148.37
778,32,3,train,3.3886369715304098e-12,3.0600143043557627e-12,0.09697783207099674,89108240285.13498,0,200,213,0,145.61
779,32,4,train,3.0600143043557627e-12,2.77117628108323e-12,0.09439106963042213,89108240285.13498,0,200,213,0,149.26
780,32,5,train,2.77117628108323e-12,2.5141179233790824e-12,0.09276145998321901,89108240285.13498,0,200,215,0,149.8
781,32,6,train,2.5141179233790824e-12,2.3301238408002087e-12,0.07318434862099779,89108240285.13498,0,200,215,0,147.84
782,32,7,train,2.3301238408002087e-12,2.2035457043634954e-12,0.05432249317411554,89108240285.13498,0,200,221,0,150.76
783,32,8,train,2.2035457043634954e-12,2.0893493529004274e-12,0.05182390872897921,89108240285.13498,0,200,217,0,148.76
784,32,9,train,2.0893493529004274e-12,1.990388168366549e-12,0.04736459433962093,89108240285.13498,0,200,216,0,149.23
785,32,10,train,1.990388168366549e-12,1.912143360360878e-12,0.03931133095002479,89108240285.13498,0,200,219,0,150.09
786,32,11,train,1.912143360360878e-12,1.830214736804124e-12,0.04284648591478617,89108240285.13498,0,200,216,0,148.09
787,32,12,train,1.830214736804124e-12,1.763050825413407e-12,0.03669728477216656,89108240285.13498,0,200,214,0,146.9
788,32,13,train,1.763050825413407e-12,1.7101792729283436e-12,0.029988671751800422,89108240285.13498,0,200,215,0,147.18
789,32,14,train,1.7101792729283436e-12,1.6598143251120178e-12,0.029450098368977308,89108240285.13498,0,200,211,0,144.24
790,32,15,train,1.6598143251120178e-12,1.6161925017234098e-12,0.026281146468394287,89108240285.13498,0,200,218,0,149.0
791,32,16,train,1.6161925017234098e-12,1.569406389393828e-12,0.02894835378811123,89108240285.13498,0,200,214,0,146.43
792,32,17,train,1.569406389393828e-12,1.5329664427026117e-12,0.02321893611334856,89108240285.13498,0,200,217,0,147.84
793,32,18,train,1.5329664427026117e-12,1.497162504653368e-12,0.023355982917748343,89108240285.13498,0,200,214,0,146.33
794,32,19,train,1.497162504653368e-12,1.4662344570544934e-12,0.020657775961357847,89108240285.13498,0,200,226,0,154.61
795,32,20,train,1.4662344570544934e-12,1.4349908841235693e-12,0.02130871551995102,89108240285.13498,0,200,224,0,153.27
796,32,21,train,1.4349908841235693e-12,1.4040553768798509e-12,0.021557981716805497,89108240285.13498,0,200,221,0,151.95
797,32,22,train,1.4040553768798509e-12,1.3783832328089597e-12,0.01828428172679406,89108240285.13498,0,200,216,0,149.11
798,32,23,train,1.3783832328089597e-12,1.3529127521260607e-12,0.018478518946427967,89108240285.13498,0,200,213,0,145.96
799,32,24,train,1.3529127521260607e-12,1.327881348942581e-12,0.01850186062933,89108240285.13498,0,200,221,0,152.13
800,33,0,train,9.055259745541945e-12,3.96157200950571e-12,0.5625114993022637,110433055274.01538,1,200,218,0,151.96
801,33,1,train,3.96157200950571e-12,3.0028085652766484e-12,0.24201590730359787,110433055274.01538,0,200,213,0,145.94
802,33,2,train,3.0028085652766484e-12,2.5911026705279e-12,0.1371069403189936,110433055274.01538,0,200,217,0,150.55
803,33,3,train,2.5911026705279e-12,2.3427827267680127e-12,0.09583562495780834,110433055274.01538,0,200,215,0,147.58
804,33,4,train,2.3427827267680127e-12,2.1935117188482232e-12,0.06371525887324446,110433055274.01538,0,200,216,0,149.61
805,33,5,train,2.1935117188482232e-12,2.057204331827569e-12,0.062141171095373586,110433055274.01538,0,200,213,0,149.46
806,33,6,train,2.057204331827569e-12,1.9476309097362688e-12,0.05326326626677756,110433055274.01538,0,200,219,0,150.64
807,33,7,train,1.9476309097362688e-12,1.858237090919343e-12,0.04589874722671705,110433055274.01538,0,200,214,0,147.94
808,33,8,train,1.858237090919343e-12,1.7931049973400115e-12,0.03505047547356185,110433055274.01538,0,200,213,0,147.87
809,33,9,train,1.7931049973400115e-12,1.7343184793524688e-12,0.03278476055487533,110433055274.01538,0,200,214,0,147.36
810,33,10,train,1.7343184793524688e-12,1.6830525225133438e-12,0.029559713195390632,110433055274.01538,0,200,217,0,151.05
811,33,11,train,1.6830525225133438e-12,1.6376509792000836e-12,0.026975713892434548,110433055274.01538,0,200,226,0,156.38
812,33,12,train,1.6376509792000836e-12,1.5815447613249949e-12,0.034260180336162994,110433055274.01538,0,200,222,0,154.39
813,33,13,train,1.5815447613249949e-12,1.5325653321296554e-12,0.030969360079511878,110433055274.01538,0,200,219,0,151.71
814,33,14,train,1.5325653321296554e-12,1.4836633843338534e-12,0.03190855669940529,110433055274.01538,0,200,216,0,148.68
815,33,15,train,1.4836633843338534e-12,1.4423959101798307e-12,0.027814580173488118,110433055274.01538,0,200,221,0,155.84
816,33,16,train,1.4423959101798307e-12,1.411708432101086e-12,0.02127535017408554,110433055274.01538,0,200,216,0,148.05
817,33,17,train,1.411708432101086e-12,1.386008043814253e-12,0.018205167371978023,110433055274.01538,0,200,218,0,153.04
818,33,18,train,1.386008043814253e-12,1.3574578637261498e-12,0.020598855984655058,110433055274.01538,0,200,220,0,152.29
819,33,19,train,1.3574578637261498e-12,1.3285858975722705e-12,0.02126914354057906,110433055274.01538,0,200,217,0,150.68
820,33,20,train,1.3285858975722705e-12,1.3000494339354628e-12,0.021478824733088344,110433055274.01538,0,200,214,0,148.44
821,33,21,train,1.3000494339354628e-12,1.2713158433584981e-12,0.022101921532309304,110433055274.01538,0,200,212,0,152.19
822,33,22,train,1.2713158433584981e-12,1.2476049668177997e-12,0.01865065763521063,110433055274.01538,0,200,215,0,154.14
823,33,23,train,1.2476049668177997e-12,1.227146118198966e-12,0.0163984988541821,110433055274.01538,0,200,214,0,153.03
824,33,24,train,1.227146118198966e-12,1.2054647977400135e-12,0.017668083806330625,110433055274.01538,0,200,221,0,155.14
825,34,0,train,9.538675484427572e-12,4.372799744436278e-12,0.5415715995816063,104836358216.87787,1,200,222,0,153.8
826,34,1,train,4.372799744436278e-12,3.0823478303037097e-12,0.295108852348995,104836358216.87787,0,200,205,0,142.22
827,34,2,train,3.0823478303037097e-12,2.5383398776777345e-12,0.17649142231049667,104836358216.87787,0,200,215,0,151.75
828,34,3,train,2.5383398776777345e-12,2.170272992275332e-12,0.14500299531957783,104836358216.87787,0,200,217,0,150.8
829,34,4,train,2.170272992275332e-12,1.9654846510510255e-12,0.09436063663567265,104836358216.87787,0,200,216,0,151.26
830,34,5,train,1.9654846510510255e-12,1.8112941634612392e-12,0.07844909269952034,104836358216.87787,0,200,215,0,149.26
831,34,6,train,1.8112941634612392e-12,1.6750418293521061e-12,0.0752237471183398,104836358216.87787,0,200,217,0,155.84
832,34,7,train,1.6750418293521061e-12,1.5576772123126907e-12,0.07006667832576526,104836358216.87787,0,200,214,0,151.15
833,34,8,train,1.5576772123126907e-12,1.480822164738776e-12,0.049339521029397135,104836358216.87787,0,200,215,0,155.1
834,34,9,train,1.480822164738776e-12,1.4116010017661295e-12,0.04674508838463899,104836358216.87787,0,200,216,0,152.8
835,34,10,train,1.4116010017661295e-12,1.3499634983274152e-12,0.043664961530628224,104836358216.87787,0,200,219,0,162.19
836,34,11,train,1.3499634983274152e-12,1.2928266136091637e-12,0.04232476269843092,104836358216.87787,0,200,222,0,156.53
837,34,12,train,1.2928266136091637e-12,1.2435148584867253e-12,0.03814258973581584,104836358216.87787,0,200,222,0,163.7
838,34,13,train,1.2435148584867253e-12,1.2025760461024646e-12,0.03292185220374488,104836358216.87787,0,200,215,0,151.73
839,34,14,train,1.2025760461024646e-12,1.1672344078830258e-12,0.029388277218709485,104836358216.87787,0,200,214,0,151.79
840,34,15,train,1.1672344078830258e-12,1.1337988108932907e-12,0.028645143395298018,104836358216.87787,0,200,218,0,153.2
841,34,16,train,1.1337988108932907e-12,1.104510442307042e-12,0.025832068533546287,104836358216.87787,0,200,214,0,149.34
842,34,17,train,1.104510442307042e-12,1.0779863671713652e-12,0.02401432718035209,104836358216.87787,0,200,215,0,154.26
843,34,18,train,1.0779863671713652e-12,1.0536633456220972e-12,0.022563385113201006,104836358216.87787,0,200,215,0,151.84
844,34,19,train,1.0536633456220972e-12,1.0289801486074186e-12,0.02342607543219158,104836358216.87787,0,200,216,0,156.26
845,34,20,train,1.0289801486074186e-12,1.0044774348766255e-12,0.0238126204513801,104836358216.87787,0,200,221,0,156.17
846,34,21,train,1.0044774348766255e-12,9.813434612166767e-13,0.023030854508732938,104836358216.87787,0,200,222,0,161.16
847,34,22,train,9.813434612166767e-13,9.596288801016213e-13,0.02212740184576509,104836358216.87787,0,200,220,0,157.0
848,34,23,train,9.596288801016213e-13,9.382325140020996e-13,0.02229650080691182,104836358216.87787,0,200,212,0,157.45
849,34,24,train,9.382325140020996e-13,9.275514259981843e-13,0.011384265461398611,1065833879210.2042,1,200,220,0,157.26
850,35,0,train,6.151362239456798e-12,3.720328235160013e-12,0.39520254370704394,162565617349.87436,1,200,221,0,162.85
851,35,1,train,3.720328235160013e-12,2.988077323002281e-12,0.19682427621234816,162565617349.87436,0,200,216,0,152.65
852,35,2,train,2.988077323002281e-12,2.571111799464003e-12,0.13954308355023773,162565617349.87436,0,200,218,0,165.37
853,35,3,train,2.571111799464003e-12,2.3214168960001195e-12,0.09711553714464576,162565617349.87436,0,200,217,0,153.84
854,35,4,train,2.3214168960001195e-12,2.157252675173287e-12,0.07071725079183026,162565617349.87436,0,200,218,0,161.13
855,35,5,train,2.157252675173287e-12,2.032039620403108e-12,0.05804283207581191,162565617349.87436,0,200,224,0,163.18
856,35,6,train,2.032039620403108e-12,1.9326713479325344e-12,0.04890075541482854,162565617349.87436,0,200,215,0,155.17
857,35,7,train,1.9326713479325344e-12,1.8449767602889327e-12,0.045374806087653,162565617349.87436,0,200,219,0,161.51
858,35,8,train,1.8449767602889327e-12,1.7704236407822207e-12,0.040408703844614625,162565617349.87436,0,200,221,0,156.96
859,35,9,train,1.7704236407822207e-12,1.6972518573086077e-12,0.041330098507543475,162565617349.87436,0,200,212,0,156.63
860,35,10,train,1.6972518573086077e-12,1.6367567857121807e-12,0.035642955013380384,162565617349.87436,0,200,213,0,151.63
861,35,11,train,1.6367567857121807e-12,1.5770352736957886e-12,0.03648771310296188,162565617349.87436,0,200,217,0,156.94
862,35,12,train,1.5770352736957886e-12,1.5314013549429725e-12,0.028936523813999932,162565617349.87436,0,200,220,0,159.53
863,35,13,train,1.5314013549429725e-12,1.4848908866839924e-12,0.030371181342406534,162565617349.87436,0,200,215,0,156.18
864,35,14,train,1.4848908866839924e-12,1.4362959279698419e-12,0.03272628255041095,162565617349.87436,0,200,216,0,155.37
865,35,15,train,1.4362959279698419e-12,1.3981722727289465e-12,0.026543036499993344,162565617349.87436,0,200,223,0,156.58
866,35,16,train,1.3981722727289465e-12,1.364006292457762e-12,0.024436173522808857,162565617349.87436,0,200,211,0,153.83
867,35,17,train,1.364006292457762e-12,1.3314495376539338e-12,0.023868478454864825,162565617349.87436,0,200,218,0,154.43
868,35,18,train,1.3314495376539338e-12,1.3047173519788568e-12,0.020077505695169067,162565617349.87436,0,200,212,0,156.31
869,35,19,train,1.3047173519788568e-12,1.27538733830974e-12,0.022479975164453967,162565617349.87436,0,200,209,0,151.79
870,35,20,train,1.27538733830974e-12,1.2440069110260406e-12,0.024604625074361747,162565617349.87436,0,200,213,0,154.49
871,35,21,train,1.2440069110260406e-12,1.2159789755471907e-12,0.022530369590738678,162565617349.87436,0,200,212,0,155.68
872,35,22,train,1.2159789755471907e-12,1.186288156267946e-12,0.02441721434030862,162565617349.87436,0,200,214,0,153.2
873,35,23,train,1.186288156267946e-12,1.1617243597408293e-12,0.02070643325344685,162565617349.87436,0,200,217,0,156.39
874,35,24,train,1.1617243597408293e-12,1.1359216028678362e-12,0.02221073928306842,162565617349.87436,0,200,217,0,156.77
875,36,0,train,8.622988000654634e-12,3.4943995232311105e-12,0.5947576961761022,115969081706.25806,1,200,222,0,159.27
876,36,1,train,3.4943995232311105e-12,2.589361008800449e-12,0.2589968629556743,115969081706.25806,0,200,210,0,151.27
877,36,2,train,2.589361008800449e-12,2.25588239423507e-12,0.1287879957379394,115969081706.25806,0,200,211,0,149.7
878,36,3,train,2.25588239423507e-12,2.040012631076275e-12,0.09569194019619656,115969081706.25806,0,200,209,0,148.15
879,36,4,train,2.040012631076275e-12,1.9072352669697193e-12,0.06508654019289323,115969081706.25806,0,200,211,0,152.0
880,36,5,train,1.9072352669697193e-12,1.7701042319190402e-12,0.07190042960381995,115969081706.25806,0,200,216,0,156.94
881,36,6,train,1.7701042319190402e-12,1.675167589763368e-12,0.0536333626256278,115969081706.25806,0,200,217,0,158.77
882,36,7,train,1.675167589763368e-12,1.5929875070349112e-12,0.049057827545520606,115969081706.25806,0,200,218,0,155.52
883,36,8,train,1.5929875070349112e-12,1.5324063661299541e-12,0.03802989077906775,115969081706.25806,0,200,219,0,157.99
884,36,9,train,1.5324063661299541e-12,1.4680756367315503e-12,0.04198020239296524,115969081706.25806,0,200,224,0,157.42
885,36,10,train,1.4680756367315503e-12,1.4153014917711405e-12,0.03594783786338383,115969081706.25806,0,200,220,0,160.01
886,36,11,train,1.4153014917711405e-12,1.3705905271027572e-12,0.03159112381944221,115969081706.25806,0,200,216,0,155.28
887,36,12,train,1.3705905271027572e-12,1.329780838522643e-12,0.02977525947620577,115969081706.25806,0,200,219,0,156.9
888,36,13,train,1.329780838522643e-12,1.2926303509606947e-12,0.027937301009105846,115969081706.25806,0,200,218,0,154.87
889,36,14,train,1.2926303509606947e-12,1.2579785184124796e-12,0.026807224913496335,115969081706.25806,0,200,213,0,153.59
890,36,15,train,1.2579785184124796e-12,1.223865309045389e-12,0.02711748163246867,115969081706.25806,0,200,212,0,148.7
891,36,16,train,1.223865309045389e-12,1.1946389824323461e-12,0.023880345653264242,115969081706.25806,0,200,219,0,159.8
892,36,17,train,1.1946389824323461e-12,1.1675696208069666e-12,0.02265903090678066,115969081706.25806,0,200,217,0,152.89
893,36,18,train,1.1675696208069666e-12,1.1400831123701931e-12,0.023541644067251528,115969081706.25806,0,200,216,0,158.93
894,36,19,train,1.1400831123701931e-12,1.1133002928473334e-12,0.023491988638599515,115969081706.25806,0,200,218,0,152.93
895,36,20,train,1.1133002928473334e-12,1.0892004732350423e-12,0.021647186987308126,115969081706.25806,0,200,214,0,154.37
896,36,21,train,1.0892004732350423e-12,1.0673775630394185e-12,0.020035714941260843,115969081706.25806,0,200,210,0,148.7
897,36,22,train,1.0673775630394185e-12,1.0468624421622852e-12,0.019220116280798845,115969081706.25806,0,200,212,0,151.36
898,36,23,train,1.0468624421622852e-12,1.0262167917000158e-12,0.019721454921647567,115969081706.25806,0,200,218,0,155.02
899,36,24,train,1.0262167917000158e-12,1.0065025336981378e-12,0.01921061725098034,115969081706.25806,0,200,212,0,151.85
900,37,0,train,8.326472240864206e-12,4.711175969232812e-12,0.4341930372251096,120098881143.4757,1,200,214,0,151.69
901,37,1,train,4.711175969232812e-12,3.642167011454472e-12,0.2269091549030851,120098881143.4757,0,200,211,0,150.79
902,37,2,train,3.642167011454472e-12,3.078848286379816e-12,0.1546658138693368,120098881143.4757,0,200,216,0,162.18
903,37,3,train,3.078848286379816e-12,2.748131110154176e-12,0.1074158729056783,120098881143.4757,0,200,210,0,145.31
904,37,4,train,2.748131110154176e-12,2.5025650369537226e-12,0.08935748090515111,120098881143.4757,0,200,216,0,159.68
905,37,5,train,2.5025650369537226e-12,2.313610931824657e-12,0.07550417365339379,120098881143.4757,0,200,216,0,159.37
906,37,6,train,2.313610931824657e-12,2.1820007406126542e-12,0.05688518730684192,120098881143.4757,0,200,214,0,157.98
907,37,7,train,2.1820007406126542e-12,2.0628215621035636e-12,0.054619220007976685,120098881143.4757,0,200,218,0,156.47
908,37,8,train,2.0628215621035636e-12,1.9494713464362048e-12,0.05494911326783392,120098881143.4757,0,200,215,0,158.78
909,37,9,train,1.9494713464362048e-12,1.8675085760358825e-12,0.042043588150273134,120098881143.4757,0,200,214,0,157.15
910,37,10,train,1.8675085760358825e-12,1.7825198395012044e-12,0.045509154616618544,120098881143.4757,0,200,216,0,160.15
911,37,11,train,1.7825198395012044e-12,1.7036499110674686e-12,0.044246311702093394,120098881143.4757,0,200,213,0,157.15
912,37,12,train,1.7036499110674686e-12,1.6359050375689937e-12,0.03976455083781126,120098881143.4757,0,200,218,0,161.07
913,37,13,train,1.6359050375689937e-12,1.5705814684793619e-12,0.039931149785261764,120098881143.4757,0,200,214,0,157.49
914,37,14,train,1.5705814684793619e-12,1.5146078507968533e-12,0.03563878652961712,120098881143.4757,0,200,217,0,159.75
915,37,15,train,1.5146078507968533e-12,1.4657054186289364e-12,0.0322871904712423,120098881143.4757,0,200,218,0,159.57
916,37,16,train,1.4657054186289364e-12,1.427003273489404e-12,0.026405132059711924,120098881143.4757,0,200,211,0,154.44
917,37,17,train,1.427003273489404e-12,1.384576460581237e-12,0.029731405453907706,120098881143.4757,0,200,223,0,162.54
918,37,18,train,1.384576460581237e-12,1.3490131924401423e-12,0.02568530460655486,120098881143.4757,0,200,215,0,157.19
919,37,19,train,1.3490131924401423e-12,1.3175562482182285e-12,0.023318485244027444,120098881143.4757,0,200,215,0,156.34
920,37,20,train,1.3175562482182285e-12,1.2876629036372463e-12,0.022688476959832168,120098881143.4757,0,200,218,0,158.86
921,37,21,train,1.2876629036372463e-12,1.259998955544646e-12,0.021483843336993092,120098881143.4757,0,200,214,0,156.17
922,37,22,train,1.259998955544646e-12,1.2351746436067381e-12,0.01970185120286657,120098881143.4757,0,200,216,0,158.01
923,37,23,train,1.2351746436067381e-12,1.209821813804133e-12,0.02052570455022801,120098881143.4757,0,200,221,0,160.93
924,37,24,train,1.209821813804133e-12,1.1862365205202703e-12,0.019494848757687495,120098881143.4757,0,200,217,0,158.27
925,38,0,train,1.2631577798033981e-11,4.828750646673909e-12,0.6177238723554019,79166673869.96129,1,200,212,0,153.89
926,38,1,train,4.828750646673909e-12,3.681543175463906e-12,0.23757852810233865,79166673869.96129,0,200,215,0,156.56
927,38,2,train,3.681543175463906e-12,3.1506055426437805e-12,0.1442160549300695,79166673869.96129,0,200,210,0,152.75
928,38,3,train,3.1506055426437805e-12,2.8601438444300604e-12,0.09219234026040081,79166673869.96129,0,200,209,0,151.96
929,38,4,train,2.8601438444300604e-12,2.6411707822297017e-12,0.07656015714971612,79166673869.96129,0,200,218,0,158.03
930,38,5,train,2.6411707822297017e-12,2.473179247000114e-12,0.06360494988051,79166673869.96129,0,200,217,0,157.63
931,38,6,train,2.473179247000114e-12,2.3327421921747527e-12,0.05678401797836003,79166673869.96129,0,200,213,0,155.04
932,38,7,train,2.3327421921747527e-12,2.230733947990178e-12,0.04372889748672789,79166673869.96129,0,200,216,0,156.79
933,38,8,train,2.230733947990178e-12,2.143496239867745e-12,0.03910717734897596,79166673869.96129,0,200,219,0,159.36
934,38,9,train,2.143496239867745e-12,2.0668314885719704e-12,0.03576621683297414,79166673869.96129,0,200,215,0,155.28
935,38,10,train,2.0668314885719704e-12,2.0065613870848186e-12,0.029160626698596506,79166673869.96129,0,200,212,0,151.79
936,38,11,train,2.0065613870848186e-12,1.9447757433370356e-12,0.030791803403307134,79166673869.96129,0,200,214,0,144.39
937,38,12,train,1.9447757433370356e-12,1.8818310471133308e-12,0.03236604345737992,79166673869.96129,0,200,218,0,145.63
938,38,13,train,1.8818310471133308e-12,1.8313155019482496e-12,0.02684382598670079,79166673869.96129,0,200,216,0,146.39
939,38,14,train,1.8313155019482496e-12,1.7698345736506868e-12,0.033572002329558245,79166673869.96129,0,200,213,0,149.24
940,38,15,train,1.7698345736506868e-12,1.7251174687454981e-12,0.025266262491951137,79166673869.96129,0,200,219,0,174.48
941,38,16,train,1.7251174687454981e-12,1.6864680617161291e-12,0.022403927691645717,79166673869.96129,0,200,214,0,163.37
942,38,17,train,1.6864680617161291e-12,1.6443705430722607e-12,0.024961942416526113,79166673869.96129,0,200,218,0,172.73
943,38,18,train,1.6443705430722607e-12,1.6077278598871615e-12,0.02228371417833712,79166673869.96129,0,200,220,0,174.68
944,38,19,train,1.6077278598871615e-12,1.573994351233556e-12,0.02098210119713482,79166673869.96129,0,200,217,0,173.04
945,38,20,train,1.573994351233556e-12,1.544747266437154e-12,0.018581442032165336,79166673869.96129,0,200,219,0,175.45
946,38,21,train,1.544747266437154e-12,1.5157484267551789e-12,0.018772546365373302,79166673869.96129,0,200,217,0,173.36
947,38,22,train,1.5157484267551789e-12,1.4856455641376976e-12,0.019860065223306016,79166673869.96129,0,200,217,0,175.15
948,38,23,train,1.4856455641376976e-12,1.4598278749689499e-12,0.017378094608812608,79166673869.96129,0,200,211,0,171.48
949,38,24,train,1.4598278749689499e-12,1.4308504068006916e-12,0.01984992112092298,79166673869.96129,0,200,217,0,177.39
950,39,0,train,7.398807723345638e-12,3.4924776202872184e-12,0.5279675116752502,135156911409.47963,1,200,220,0,179.49
951,39,1,train,3.4924776202872184e-12,2.7963890014051607e-12,0.1993108316109444,135156911409.47963,0,200,210,0,170.87
952,39,2,train,2.7963890014051607e-12,2.500219591577205e-12,0.10591137702198561,135156911409.47963,0,200,211,0,172.36
953,39,3,train,2.500219591577205e-12,2.2858349338266947e-12,0.0857463314313407,135156911409.47963,0,200,219,0,179.23
954,39,4,train,2.2858349338266947e-12,2.125563393084343e-12,0.07011509815104733,135156911409.47963,0,200,214,0,175.07
955,39,5,train,2.125563393084343e-12,2.006123540471971e-12,0.05619209147136113,135156911409.47963,0,200,215,0,175.39
956,39,6,train,2.006123540471971e-12,1.9123717658012936e-12,0.04673280223241928,135156911409.47963,0,200,215,0,175.67
957,39,7,train,1.9123717658012936e-12,1.82383820803251e-12,0.04629516046619085,135156911409.47963,0,200,216,0,176.36
958,39,8,train,1.82383820803251e-12,1.7442631605209662e-12,0.04363054088958166,135156911409.47963,0,200,217,0,177.62
959,39,9,train,1.7442631605209662e-12,1.67574499875129e-12,0.03928200934382608,135156911409.47963,0,200,214,0,175.03
960,39,10,train,1.67574499875129e-12,1.6108250706048163e-12,0.03874093504372677,135156911409.47963,0,200,216,0,176.38
961,39,11,train,1.6108250706048163e-12,1.553121935611717e-12,0.035822098902045,135156911409.47963,0,200,213,0,174.23
962,39,12,train,1.553121935611717e-12,1.497411872771012e-12,0.03586972893970672,135156911409.47963,0,200,215,0,175.63
963,39,13,train,1.497411872771012e-12,1.454642322744985e-12,0.028562315287964532,135156911409.47963,0,200,215,0,174.95
964,39,14,train,1.454642322744985e-12,1.4111192759412521e-12,0.029920102091902996,135156911409.47963,0,200,217,0,177.47
965,39,15,train,1.4111192759412521e-12,1.3749522119862158e-12,0.025630054504720702,135156911409.47963,0,200,220,0,179.52
966,39,16,train,1.3749522119862158e-12,1.3384552893231142e-12,0.026544139021660418,135156911409.47963,0,200,218,0,177.55
967,39,17,train,1.3384552893231142e-12,1.3078241623672902e-12,0.022885431586821877,135156911409.47963,0,200,218,0,178.36
968,39,18,train,1.3078241623672902e-12,1.2754298020430202e-12,0.024769660369046074,135156911409.47963,0,200,220,0,179.91
969,39,19,train,1.2754298020430202e-12,1.240326834287365e-12,0.027522461604257847,135156911409.47963,0,200,220,0,179.22
970,39,20,train,1.240326834287365e-12,1.208880673195485e-12,0.02535312485595578,135156911409.47963,0,200,218,0,178.03
971,39,21,train,1.208880673195485e-12,1.1797052540024296e-12,0.024134242394606938,135156911409.47963,0,200,214,0,175.09
972,39,22,train,1.1797052540024296e-12,1.1517134973827625e-12,0.02372775447485585,135156911409.47963,0,200,218,0,178.38
973,39,23,train,1.1517134973827625e-12,1.1236229114460954e-12,0.02439025504216298,135156911409.47963,0,200,219,0,178.63
974,39,24,train,1.1236229114460954e-12,1.0993796540746359e-12,0.021575972797011286,135156911409.47963,0,200,219,0,178.38
975,40,0,train,4.738875781604877e-12,3.0763421295591613e-12,0.3508287046685742,211020513321.27087,1,200,218,0,177.65
976,40,1,train,3.0763421295591613e-12,2.3049581496557148e-12,0.25074713650720815,211020513321.27087,0,200,211,0,171.68
977,40,2,train,2.3049581496557148e-12,2.031712475921189e-12,0.11854691321633744,433847356469.08264,1,200,218,0,180.49
978,40,3,train,2.031712475921189e-12,1.7749032483547805e-12,0.12640037929085904,433847356469.08264,0,200,208,0,172.04
979,40,4,train,1.7749032483547805e-12,1.5992327550770357e-12,0.09897468689664063,433847356469.08264,0,200,215,0,178.0
980,40,5,train,1.5992327550770357e-12,1.4844423038737801e-12,0.07177845178497866,433847356469.08264,0,200,212,0,176.14
981,40,6,train,1.4844423038737801e-12,1.3941216046233068e-12,0.06084487016758665,433847356469.08264,0,200,214,0,177.9
982,40,7,train,1.3941216046233068e-12,1.3152490159228375e-12,0.05657511399214036,433847356469.08264,0,200,212,0,176.0
983,40,8,train,1.3152490159228375e-12,1.2491204649723208e-12,0.050278350449187006,433847356469.08264,0,200,212,0,175.15
984,40,9,train,1.2491204649723208e-12,1.188353964679216e-12,0.04864742992938743,433847356469.08264,0,200,216,0,179.65
985,40,10,train,1.188353964679216e-12,1.1403225651048523e-12,0.04041842834876998,433847356469.08264,0,200,214,0,177.47
986,40,11,train,1.1403225651048523e-12,1.0980202401782425e-12,0.03709680595746179,433847356469.08264,0,200,218,0,180.28
987,40,12,train,1.0980202401782425e-12,1.0625045129402638e-12,0.03234523912984832,433847356469.08264,0,200,216,0,178.48
988,40,13,train,1.0625045129402638e-12,1.02902331693605e-12,0.03151158004172752,433847356469.08264,0,200,219,0,181.46
989,40,14,train,1.02902331693605e-12,9.94886732456947e-13,0.03317377159221795,433847356469.08264,0,200,214,0,175.25
990,40,15,train,9.94886732456947e-13,9.662419690276373e-13,0.028791984549406204,433847356469.08264,0,200,220,0,180.3
991,40,16,train,9.662419690276373e-13,9.407637536665147e-13,0.02636835924935264,433847356469.08264,0,200,214,0,176.77
992,40,17,train,9.407637536665147e-13,9.162825993206374e-13,0.026022637724364778,433847356469.08264,0,200,217,0,180.01
993,40,18,train,9.162825993206374e-13,8.964927753999951e-13,0.021597947986041848,433847356469.08264,0,200,220,0,182.17
994,40,19,train,8.964927753999951e-13,8.760271754575734e-13,0.022828516307106198,433847356469.08264,0,200,215,0,177.1
995,40,20,train,8.760271754575734e-13,8.601808414409414e-13,0.01808886123693021,433847356469.08264,0,200,213,0,175.25
996,40,21,train,8.601808414409414e-13,8.430946423834649e-13,0.019863496411817817,433847356469.08264,0,200,221,0,182.05
997,40,22,train,8.430946423834649e-13,8.262493770156775e-13,0.019980278038732518,433847356469.08264,0,200,214,0,176.01
998,40,23,train,8.262493770156775e-13,8.095762116364e-13,0.02017933791308758,433847356469.08264,0,200,215,0,177.48
999,40,24,train,8.095762116364e-13,7.946295970401483e-13,0.018462269989430676,433847356469.08264,0,200,218,0,180.25
1000,41,0,train,6.179105555366606e-12,2.515943335551414e-12,0.5928304973903067,161835720565.0082,1,200,217,0,223.8
1001,41,1,train,2.515943335551414e-12,2.0282594187594944e-12,0.19383740082724674,161835720565.0082,0,200,210,0,215.88
1002,41,2,train,2.0282594187594944e-12,1.7716382039039464e-12,0.12652287596056142,161835720565.0082,0,200,216,0,224.85
1003,41,3,train,1.7716382039039464e-12,1.6108706441330235e-12,0.09074514165288303,161835720565.0082,0,200,218,0,227.65
1004,41,4,train,1.6108706441330235e-12,1.5174029139845204e-12,0.05802311345664119,161835720565.0082,0,200,209,0,214.52
1005,41,5,train,1.5174029139845204e-12,1.4400879047243174e-12,0.050952195061483664,161835720565.0082,0,200,219,0,227.12
1006,41,6,train,1.4400879047243174e-12,1.3767292451435276e-12,0.04399638339641417,161835720565.0082,0,200,218,0,226.4
1007,41,7,train,1.3767292451435276e-12,1.3147411383013558e-12,0.04502563380623862,161835720565.0082,0,200,214,0,225.36
1008,41,8,train,1.3147411383013558e-12,1.2653604471081318e-12,0.03755925007186117,161835720565.0082,0,200,217,0,221.96
1009,41,9,train,1.2653604471081318e-12,1.2235721253895768e-12,0.03302483637295476,161835720565.0082,0,200,214,0,220.26
1010,41,10,train,1.2235721253895768e-12,1.1892479226978837e-12,0.02805245557613907,161835720565.0082,0,200,217,0,222.9
1011,41,11,train,1.1892479226978837e-12,1.156687003265756e-12,0.027379420901792448,161835720565.0082,0,200,216,0,221.85
1012,41,12,train,1.156687003265756e-12,1.1267424236485881e-12,0.02588823037919786,161835720565.0082,0,200,215,0,225.23
1013,41,13,train,1.1267424236485881e-12,1.1015923778147542e-12,0.022321025023974612,161835720565.0082,0,200,217,0,233.11
1014,41,14,train,1.1015923778147542e-12,1.0765562801189744e-12,0.02272718856810201,161835720565.0082,0,200,211,0,218.46
1015,41,15,train,1.0765562801189744e-12,1.0544889149442358e-12,0.020498106399323465,161835720565.0082,0,200,219,0,224.29
1016,41,16,train,1.0544889149442358e-12,1.0334241925549006e-12,0.019976238811812604,161835720565.0082,0,200,218,0,225.98
1017,41,17,train,1.0334241925549006e-12,1.0148846039130838e-12,0.01793995996550265,161835720565.0082,0,200,216,0,221.24
1018,41,18,train,1.0148846039130838e-12,9.96998108572441e-13,0.01762416660148145,161835720565.0082,0,200,217,0,226.4
1019,41,19,train,9.96998108572441e-13,9.806500911237966e-13,0.016397240183386588,161835720565.0082,0,200,212,0,218.86
1020,41,20,train,9.806500911237966e-13,9.652331876080621e-13,0.01572110547409132,161835720565.0082,0,200,212,0,217.19
1021,41,21,train,9.652331876080621e-13,9.515340378270883e-13,0.014192580566900688,161835720565.0082,0,200,213,0,218.53
1022,41,22,train,9.515340378270883e-13,9.362757051807041e-13,0.016035509019969415,161835720565.0082,0,200,217,0,221.52
1023,41,23,train,9.362757051807041e-13,9.214055596965598e-13,0.01588222934960636,161835720565.0082,0,200,220,0,227.82
1024,41,24,train,9.214055596965598e-13,9.083593312279203e-13,0.01415905117062233,161835720565.0082,0,200,217,0,226.71
1025,42,0,train,5.2631186861839766e-12,2.7584526983859365e-12,0.47589008288430745,190001415439.30295,1,200,218,0,221.57
1026,42,1,train,2.7584526983859365e-12,2.1805553180430648e-12,0.20950055829524244,190001415439.30295,0,200,216,0,223.45
1027,42,2,train,2.1805553180430648e-12,1.9666854271185293e-12,0.09808047021548284,190001415439.30295,0,200,213,0,218.52
1028,42,3,train,1.9666854271185293e-12,1.8105627187038997e-12,0.07938367074970973,190001415439.30295,0,200,218,0,223.08
1029,42,4,train,1.8105627187038997e-12,1.696734390748407e-12,0.06286903335609233,190001415439.30295,0,200,218,0,223.81
1030,42,5,train,1.696734390748407e-12,1.5943676377865895e-12,0.060331630878693365,190001415439.30295,0,200,215,0,221.24
1031,42,6,train,1.5943676377865895e-12,1.5070374730353083e-12,0.05477417044949489,190001415439.30295,0,200,210,0,215.14
1032,42,7,train,1.5070374730353083e-12,1.4441200924229684e-12,0.04174904853932971,190001415439.30295,0,200,213,0,219.71
1033,42,8,train,1.4441200924229684e-12,1.3866315350388305e-12,0.039808709598162746,190001415439.30295,0,200,214,0,220.75
1034,42,9,train,1.3866315350388305e-12,1.3356653382963078e-12,0.036755400014103594,190001415439.30295,0,200,215,0,221.72
1035,42,10,train,1.3356653382963078e-12,1.2938471340887132e-12,0.03130889378392895,190001415439.30295,0,200,218,0,227.54
1036,42,11,train,1.2938471340887132e-12,1.2544918850867078e-12,0.030417232426552643,190001415439.30295,0,200,222,0,229.67
1037,42,12,train,1.2544918850867078e-12,1.2191962757881617e-12,0.028135382714019285,190001415439.30295,0,200,217,0,221.83
1038,42,13,train,1.2191962757881617e-12,1.1845845359031827e-12,0.02838898098060862,190001415439.30295,0,200,217,0,221.55
1039,42,14,train,1.1845845359031827e-12,1.149965649277235e-12,0.029224496502102806,190001415439.30295,0,200,214,0,219.8
1040,42,15,train,1.149965649277235e-12,1.1225312908771842e-12,0.02385667642967744,190001415439.30295,0,200,220,0,225.2
1041,42,16,train,1.1225312908771842e-12,1.0988755794311925e-12,0.021073543016788647,190001415439.30295,0,200,219,0,223.92
1042,42,17,train,1.0988755794311925e-12,1.0749737058786378e-12,0.021751210055033658,190001415439.30295,0,200,221,0,225.78
1043,42,18,train,1.0749737058786378e-12,1.0519087601497907e-12,0.021456288281949072,190001415439.30295,0,200,224,0,229.47
1044,42,19,train,1.0519087601497907e-12,1.0306637263437372e-12,0.020196650708592015,190001415439.30295,0,200,220,0,225.29
1045,42,20,train,1.0306637263437372e-12,1.0096776251904826e-12,0.02036173449870258,190001415439.30295,0,200,222,0,227.55
1046,42,21,train,1.0096776251904826e-12,9.906437928549707e-13,0.018851395594629606,190001415439.30295,0,200,220,0,225.12
1047,42,22,train,9.906437928549707e-13,9.737427879172547e-13,0.017060627704543897,190001415439.30295,0,200,215,0,219.64
1048,42,23,train,9.737427879172547e-13,9.575957291164159e-13,0.016582468184823094,190001415439.30295,0,200,215,0,220.05
1049,42,24,train,9.575957291164159e-13,9.38731682222415e-13,0.019699384949645692,190001415439.30295,0,200,211,0,217.38
1050,43,0,train,1.1170905916222401e-11,3.889349425224018e-12,0.6518322278969425,89518254607.06808,1,200,223,0,227.27
1051,43,1,train,3.889349425224018e-12,3.0045039377485365e-12,0.22750475484071897,89518254607.06808,0,200,218,0,222.78
1052,43,2,train,3.0045039377485365e-12,2.6205334502147745e-12,0.12779829731942213,89518254607.06808,0,200,213,0,219.6
1053,43,3,train,2.6205334502147745e-12,2.346876297173623e-12,0.10442803278039557,89518254607.06808,0,200,215,0,219.85
1054,43,4,train,2.346876297173623e-12,2.149134045151867e-12,0.08425763737948169,89518254607.06808,0,200,213,0,217.84
1055,43,5,train,2.149134045151867e-12,2.0150525201124784e-12,0.062388628267211636,89518254607.06808,0,200,215,0,220.5
1056,43,6,train,2.0150525201124784e-12,1.897660786355458e-12,0.05825740648708626,89518254607.06808,0,200,212,0,216.99
1057,43,7,train,1.897660786355458e-12,1.8163071570126667e-12,0.042870480292231096,89518254607.06808,0,200,223,0,228.21
1058,43,8,train,1.8163071570126667e-12,1.7521008520468894e-12,0.03534991574408555,89518254607.06808,0,200,215,0,220.51
1059,43,9,train,1.7521008520468894e-12,1.6918624871735796e-12,0.034380649266243124,89518254607.06808,0,200,220,0,225.72
1060,43,10,train,1.6918624871735796e-12,1.639487342138662e-12,0.030957093399721424,89518254607.06808,0,200,216,0,220.38
1061,43,11,train,1.639487342138662e-12,1.5915325180447478e-12,0.02924988980479633,89518254607.06808,0,200,216,0,222.2
1062,43,12,train,1.5915325180447478e-12,1.5480998185136288e-12,0.02728985995490529,89518254607.06808,0,200,219,0,224.07
1063,43,13,train,1.5480998185136288e-12,1.5040368429590222e-12,0.028462619159087984,89518254607.06808,0,200,219,0,223.67
1064,43,14,train,1.5040368429590222e-12,1.4646507939601936e-12,0.02618689108794767,89518254607.06808,0,200,218,0,223.53
1065,43,15,train,1.4646507939601936e-12,1.428845687833142e-12,0.024446172613090966,89518254607.06808,0,200,213,0,217.59
1066,43,16,train,1.428845687833142e-12,1.399639790631835e-12,0.020440203900253223,89518254607.06808,0,200,218,0,223.73
1067,43,17,train,1.399639790631835e-12,1.3691381037843425e-12,0.021792526228282802,89518254607.06808,0,200,213,0,217.5
1068,43,18,train,1.3691381037843425e-12,1.3426675191711546e-12,0.01933375788755151,89518254607.06808,0,200,217,0,222.0
1069,43,19,train,1.3426675191711546e-12,1.3136959771235227e-12,0.021577599542674877,89518254607.06808,0,200,216,0,221.8
1070,43,20,train,1.3136959771235227e-12,1.2877663576676993e-12,0.01973791494178058,89518254607.06808,0,200,212,0,216.69
1071,43,21,train,1.2877663576676993e-12,1.2627308297693193e-12,0.019441048253289014,89518254607.06808,0,200,216,0,220.41
1072,43,22,train,1.2627308297693193e-12,1.2372108646405577e-12,0.0202101386353446,89518254607.06808,0,200,214,0,218.82
1073,43,23,train,1.2372108646405577e-12,1.2164287613295513e-12,0.016797543494773682,89518254607.06808,0,200,215,0,220.23
1074,43,24,train,1.2164287613295513e-12,1.1971748129412526e-12,0.01582825809483021,89518254607.06808,0,200,224,0,229.25
1075,44,0,train,9.967468083128657e-12,3.538462537858815e-12,0.6449988594547735,100326380948.50194,1,200,217,0,222.2
1076,44,1,train,3.538462537858815e-12,2.8810410443570423e-12,0.1857929782971759,100326380948.50194,0,200,211,0,216.3
1077,44,2,train,2.8810410443570423e-12,2.5475103663356128e-12,0.11576741632150649,100326380948.50194,0,200,212,0,217.06
1078,44,3,train,2.5475103663356128e-12,2.33823974708247e-12,0.08214711194842424,100326380948.50194,0,200,209,0,213.8
1079,44,4,train,2.33823974708247e-12,2.193017912094493e-12,0.06210733316340927,100326380948.50194,0,200,214,0,219.29
1080,44,5,train,2.193017912094493e-12,2.0750094406996414e-12,0.05381099294448764,100326380948.50194,0,200,213,0,218.82
1081,44,6,train,2.0750094406996414e-12,1.976631311462927e-12,0.04741093091294264,100326380948.50194,0,200,213,0,219.51
1082,44,7,train,1.976631311462927e-12,1.89050580899184e-12,0.04357185984640935,100326380948.50194,0,200,215,0,220.42
1083,44,8,train,1.89050580899184e-12,1.8124933903876633e-12,0.04126536836497676,100326380948.50194,0,200,221,0,226.73
1084,44,9,train,1.8124933903876633e-12,1.74732591490833e-12,0.03595460034499496,100326380948.50194,0,200,211,0,216.03
1085,44,10,train,1.74732591490833e-12,1.687425008737959e-12,0.03428147299784862,100326380948.50194,0,200,216,0,221.17
1086,44,11,train,1.687425008737959e-12,1.6388367048838636e-12,0.028794348550300893,100326380948.50194,0,200,214,0,218.26
1087,44,12,train,1.6388367048838636e-12,1.5928642226075828e-12,0.028051899337669915,100326380948.50194,0,200,214,0,219.86
1088,44,13,train,1.5928642226075828e-12,1.5539173972781101e-12,0.024450813055311868,100326380948.50194,0,200,216,0,221.02
1089,44,14,train,1.5539173972781101e-12,1.514773792762844e-12,0.02519027368110514,100326380948.50194,0,200,214,0,220.93
1090,44,15,train,1.514773792762844e-12,1.4769271966054495e-12,0.024984982139389142,100326380948.50194,0,200,215,0,220.3
1091,44,16,train,1.4769271966054495e-12,1.4417663533974066e-12,0.02380675451630666,100326380948.50194,0,200,217,0,222.4
1092,44,17,train,1.4417663533974066e-12,1.4047070669398373e-12,0.02570408608179964,100326380948.50194,0,200,210,0,215.23
1093,44,18,train,1.4047070669398373e-12,1.3713817347358037e-12,0.023724043957885875,100326380948.50194,0,200,215,0,220.42
1094,44,19,train,1.3713817347358037e-12,1.3386066015102546e-12,0.023899350848407764,100326380948.50194,0,200,212,0,217.19
1095,44,20,train,1.3386066015102546e-12,1.3095933437442647e-12,0.02167422283235148,100326380948.50194,0,200,216,0,220.66
1096,44,21,train,1.3095933437442647e-12,1.2840217117770403e-12,0.01952639121859949,100326380948.50194,0,200,212,0,217.34
1097,44,22,train,1.2840217117770403e-12,1.2598920980385274e-12,0.018792216297587684,100326380948.50194,0,200,217,0,221.97
1098,44,23,train,1.2598920980385274e-12,1.2369583359182086e-12,0.018202957345334086,100326380948.50194,0,200,215,0,219.83
1099,44,24,train,1.2369583359182086e-12,1.2139845321120923e-12,0.018572819422460654,100326380948.50194,0,200,219,0,224.02
1100,45,0,train,1.1592332532432774e-11,3.5445737835505594e-12,0.694231184825519,86263916015.36809,1,200,215,0,219.5
1101,45,1,train,3.5445737835505594e-12,2.8083032566213146e-12,0.20771764727993078,86263916015.36809,0,200,213,0,218.28
1102,45,2,train,2.8083032566213146e-12,2.4359365555931573e-12,0.132594904111657,86263916015.36809,0,200,216,0,220.95
1103,45,3,train,2.4359365555931573e-12,2.164126534356645e-12,0.11158337462131716,86263916015.36809,0,200,213,0,219.03
1104,45,4,train,2.164126534356645e-12,1.997128706992502e-12,0.07716638778415445,86263916015.36809,0,200,216,0,221.1
1105,45,5,train,1.997128706992502e-12,1.869510088294481e-12,0.06390104866611387,86263916015.36809,0,200,214,0,218.98
1106,45,6,train,1.869510088294481e-12,1.7712769922396692e-12,0.05254483336028853,86263916015.36809,0,200,217,0,222.79
1107,45,7,train,1.7712769922396692e-12,1.6826742050184437e-12,0.0500219827894861,86263916015.36809,0,200,210,0,215.17
1108,45,8,train,1.6826742050184437e-12,1.6091368216852336e-12,0.043702686541393865,86263916015.36809,0,200,210,0,216.68
1109,45,9,train,1.6091368216852336e-12,1.5421330949715319e-12,0.04163954600425421,86263916015.36809,0,200,213,0,218.03
1110,45,10,train,1.5421330949715319e-12,1.4811624465860143e-12,0.0395365669696902,86263916015.36809,0,200,216,0,221.28
1111,45,11,train,1.4811624465860143e-12,1.435885397238161e-12,0.03056859121172964,86263916015.36809,0,200,214,0,219.6
1112,45,12,train,1.435885397238161e-12,1.3911189661547233e-12,0.03117688303644798,86263916015.36809,0,200,211,0,216.27
1113,45,13,train,1.3911189661547233e-12,1.3530930375975168e-12,0.027334778320445348,86263916015.36809,0,200,220,0,225.84
1114,45,14,train,1.3530930375975168e-12,1.3143378515059857e-12,0.02864192262813121,86263916015.36809,0,200,214,0,219.22
1115,45,15,train,1.3143378515059857e-12,1.28023985894637e-12,0.02594309562076886,86263916015.36809,0,200,217,0,222.25
1116,45,16,train,1.28023985894637e-12,1.2497741916744241e-12,0.02379684327046257,86263916015.36809,0,200,217,0,222.22
1117,45,17,train,1.2497741916744241e-12,1.2220599607248249e-12,0.02217539066994834,86263916015.36809,0,200,217,0,222.08
1118,45,18,train,1.2220599607248249e-12,1.1960138822773311e-12,0.02131325735608371,86263916015.36809,0,200,214,0,220.17
1119,45,19,train,1.1960138822773311e-12,1.1716591228983188e-12,0.02036327482473565,86263916015.36809,0,200,210,0,215.46
1120,45,20,train,1.1716591228983188e-12,1.1459170820983575e-12,0.02197058879743416,86263916015.36809,0,200,214,0,219.94
1121,45,21,train,1.1459170820983575e-12,1.1333831326047203e-12,0.010937920107348053,872663489900.0197,1,200,214,0,218.45
1122,45,22,train,1.1333831326047203e-12,1.1177938542908894e-12,0.013754641184754415,872663489900.0197,0,200,216,0,220.45
1123,45,23,train,1.1177938542908894e-12,1.1071557970384146e-12,0.009517011756361276,872663489900.0197,0,200,212,0,217.49
1124,45,24,train,1.1071557970384146e-12,1.0962599064279282e-12,0.00984133456161487,872663489900.0197,0,200,214,0,218.68
1125,46,0,train,9.864180371970463e-12,4.286788105786227e-12,0.5654187226779288,101376897247.49432,1,200,219,0,223.02
1126,46,1,train,4.286788105786227e-12,2.9324656577792627e-12,0.3159294125545709,101376897247.49432,0,200,216,0,221.28
1127,46,2,train,2.9324656577792627e-12,2.4525601323061704e-12,0.16365256459184646,101376897247.49432,0,200,214,0,218.61
1128,46,3,train,2.4525601323061704e-12,2.1862904921268386e-12,0.10856803740381907,101376897247.49432,0,200,219,0,226.12
1129,46,4,train,2.1862904921268386e-12,2.018155774218814e-12,0.0769041069855553,101376897247.49432,0,200,208,0,213.04
1130,46,5,train,2.018155774218814e-12,1.9080625971355125e-12,0.05455137729688691,101376897247.49432,0,200,216,0,220.59
1131,46,6,train,1.9080625971355125e-12,1.8013875365124514e-12,0.05590752671490309,101376897247.49432,0,200,211,0,216.65
1132,46,7,train,1.8013875365124514e-12,1.7130901237963724e-12,0.049016333757380064,101376897247.49432,0,200,212,0,218.23
1133,46,8,train,1.7130901237963724e-12,1.6405818251439065e-12,0.04232602689447568,101376897247.49432,0,200,214,0,218.69
1134,46,9,train,1.6405818251439065e-12,1.5707722286145669e-12,0.04255173101360925,101376897247.49432,0,200,214,0,218.48
1135,46,10,train,1.5707722286145669e-12,1.513301765015289e-12,0.036587394755487376,101376897247.49432,0,200,217,0,222.97
1136,46,11,train,1.513301765015289e-12,1.458080237233732e-12,0.03649075753308143,101376897247.49432,0,200,221,0,227.76
1137,46,12,train,1.458080237233732e-12,1.4095904392066738e-12,0.03325591883684873,101376897247.49432,0,200,217,0,228.13
1138,46,13,train,1.4095904392066738e-12,1.369391962900202e-12,0.028517841202935407,101376897247.49432,0,200,214,0,234.08
1139,46,14,train,1.369391962900202e-12,1.3326701421937127e-12,0.0268161503071166,101376897247.49432,0,200,214,0,234.32
1140,46,15,train,1.3326701421937127e-12,1.2992479135497921e-12,0.02507914568334527,101376897247.49432,0,200,212,0,228.98
1141,46,16,train,1.2992479135497921e-12,1.2669890515566403e-12,0.024828873424945098,101376897247.49432,0,200,215,0,234.92
1142,46,17,train,1.2669890515566403e-12,1.238227957683893e-12,0.022700349176191365,101376897247.49432,0,200,209,0,228.98
1143,46,18,train,1.238227957683893e-12,1.2093542570591579e-12,0.023318566218407385,101376897247.49432,0,200,220,0,239.97
1144,46,19,train,1.2093542570591579e-12,1.179220388951313e-12,0.024917320902415163,101376897247.49432,0,200,218,0,237.19
1145,46,20,train,1.179220388951313e-12,1.1528843238311192e-12,0.022333454684933467,101376897247.49432,0,200,214,0,233.49
1146,46,21,train,1.1528843238311192e-12,1.1280321109536797e-12,0.021556553735463852,101376897247.49432,0,200,217,0,236.24
1147,46,22,train,1.1280321109536797e-12,1.1047433427445853e-12,0.020645483389125575,101376897247.49432,0,200,225,0,245.12
1148,46,23,train,1.1047433427445853e-12,1.0858765059862952e-12,0.01707802711118222,101376897247.49432,0,200,217,0,236.42
1149,46,24,train,1.0858765059862952e-12,1.0658166634852768e-12,0.0184734105493867,101376897247.49432,0,200,219,0,230.5
1150,47,0,train,4.399120445603381e-12,2.7744596858359304e-12,0.369314907344987,227318167884.99878,1,200,214,0,227.51
1151,47,1,train,2.7744596858359304e-12,2.1236000916079163e-12,0.23458967436101474,227318167884.99878,0,200,220,0,234.87
1152,47,2,train,2.1236000916079163e-12,1.8620984165317456e-12,0.12314073450532333,227318167884.99878,0,200,218,0,234.9
1153,47,3,train,1.8620984165317456e-12,1.6566539472175194e-12,0.11032954407258297,227318167884.99878,0,200,213,0,229.96
1154,47,4,train,1.6566539472175194e-12,1.536231686910559e-12,0.07269005123805064,227318167884.99878,0,200,211,0,227.65
1155,47,5,train,1.536231686910559e-12,1.4261506791495216e-12,0.07165651424780597,227318167884.99878,0,200,218,0,237.21
1156,47,6,train,1.4261506791495216e-12,1.3399638424076427e-12,0.06043319124826,227318167884.99878,0,200,216,0,235.67
1157,47,7,train,1.3399638424076427e-12,1.267134634498362e-12,0.054351621741092176,227318167884.99878,0,200,216,0,234.87
1158,47,8,train,1.267134634498362e-12,1.2044029215755531e-12,0.049506746335320054,227318167884.99878,0,200,214,0,232.3
1159,47,9,train,1.2044029215755531e-12,1.148334204249401e-12,0.046553122980476744,227318167884.99878,0,200,217,0,233.76
1160,47,10,train,1.148334204249401e-12,1.0988451570192725e-12,0.04309637999721218,227318167884.99878,0,200,215,0,232.24
1161,47,11,train,1.0988451570192725e-12,1.0580149417628713e-12,0.037157387458627185,227318167884.99878,0,200,218,0,237.18
1162,47,12,train,1.0580149417628713e-12,1.0225363549912007e-12,0.03353316231295941,227318167884.99878,0,200,222,0,242.01
1163,47,13,train,1.0225363549912007e-12,9.912976450192807e-13,0.030550219382849058,227318167884.99878,0,200,214,0,232.42
1164,47,14,train,9.912976450192807e-13,9.655561777747763e-13,0.025967445170318793,227318167884.99878,0,200,211,0,230.62
1165,47,15,train,9.655561777747763e-13,9.397706080638125e-13,0.026705405966527346,227318167884.99878,0,200,214,0,234.82
1166,47,16,train,9.397706080638125e-13,9.165248209553398e-13,0.024735597079765487,227318167884.99878,0,200,216,0,234.46
1167,47,17,train,9.165248209553398e-13,8.942901007325389e-13,0.024259812407071056,227318167884.99878,0,200,217,0,228.51
1168,47,18,train,8.942901007325389e-13,8.726967527639145e-13,0.024145797824371134,227318167884.99878,0,200,215,0,221.1
1169,47,19,train,8.726967527639145e-13,8.522376696751847e-13,0.023443519210921658,227318167884.99878,0,200,220,0,225.22
1170,47,20,train,8.522376696751847e-13,8.334363376086168e-13,0.022061137093052643,227318167884.99878,0,200,213,0,218.59
1171,47,21,train,8.334363376086168e-13,8.197423120597484e-13,0.016430799727500146,227318167884.99878,0,200,214,0,220.31
1172,47,22,train,8.197423120597484e-13,8.055984930464646e-13,0.017253981897975907,227318167884.99878,0,200,218,0,223.8
1173,47,23,train,8.055984930464646e-13,7.923152512752988e-13,0.01648866263507224,227318167884.99878,0,200,214,0,222.05
1174,47,24,train,7.923152512752988e-13,7.793474714715791e-13,0.01636694457521424,227318167884.99878,0,200,212,0,220.86
1175,48,0,train,4.811369982134498e-12,2.0667184685654115e-12,0.5704511446345807,207841010712.7874,1,200,216,0,221.66
1176,48,1,train,2.0667184685654115e-12,1.6742317507056303e-12,0.18990816786585415,207841010712.7874,0,200,210,0,216.28
1177,48,2,train,1.6742317507056303e-12,1.488913214577998e-12,0.11068870008559267,207841010712.7874,0,200,212,0,218.66
1178,48,3,train,1.488913214577998e-12,1.3617762477049776e-12,0.08538910503864042,207841010712.7874,0,200,210,0,220.35
1179,48,4,train,1.3617762477049776e-12,1.2818221325087792e-12,0.05871310748072333,207841010712.7874,0,200,215,0,223.39
1180,48,5,train,1.2818221325087792e-12,1.2118650777867811e-12,0.054576257460212725,207841010712.7874,0,200,215,0,220.46
1181,48,6,train,1.2118650777867811e-12,1.1608040634680968e-12,0.042134240234017364,207841010712.7874,0,200,211,0,218.48
1182,48,7,train,1.1608040634680968e-12,1.1092256195646758e-12,0.0444333764212728,207841010712.7874,0,200,216,0,221.74
1183,48,8,train,1.1092256195646758e-12,1.0678213655542418e-12,0.03732717066766218,207841010712.7874,0,200,215,0,220.08
1184,48,9,train,1.0678213655542418e-12,1.0322487966834923e-12,0.03331322074857146,207841010712.7874,0,200,217,0,228.03
1185,48,10,train,1.0322487966834923e-12,9.93666284125401e-13,0.03737714462061173,207841010712.7874,0,200,221,0,224.65
1186,48,11,train,9.93666284125401e-13,9.618272657532832e-13,0.03204196306221833,207841010712.7874,0,200,219,0,222.99
1187,48,12,train,9.618272657532832e-13,9.325742308284196e-13,0.03041402127642247,207841010712.7874,0,200,214,0,233.66
1188,48,13,train,9.325742308284196e-13,9.038597780492406e-13,0.030790527799241768,207841010712.7874,0,200,218,0,235.19
1189,48,14,train,9.038597780492406e-13,8.768205494407327e-13,0.029915291359535235,207841010712.7874,0,200,223,0,245.56
1190,48,15,train,8.768205494407327e-13,8.519397824515821e-13,0.0283761221210206,207841010712.7874,0,200,215,0,234.54
1191,48,16,train,8.519397824515821e-13,8.294506082850658e-13,0.026397610053847272,207841010712.7874,0,200,214,0,233.14
1192,48,17,train,8.294506082850658e-13,8.108987807345084e-13,0.022366404177958602,207841010712.7874,0,200,216,0,235.28
1193,48,18,train,8.108987807345084e-13,7.919505352747646e-13,0.023366967505587505,207841010712.7874,0,200,219,0,237.6
1194,48,19,train,7.919505352747646e-13,7.730205462757654e-13,0.02390299413388425,207841010712.7874,0,200,213,0,238.46
1195,48,20,train,7.730205462757654e-13,7.565395837188389e-13,0.0213202128149478,207841010712.7874,0,200,212,0,248.34
1196,48,21,train,7.565395837188389e-13,7.400599749184614e-13,0.021782877135615924,207841010712.7874,0,200,215,0,250.26
1197,48,22,train,7.400599749184614e-13,7.255510999956971e-13,0.019604998803458947,207841010712.7874,0,200,216,0,249.79
1198,48,23,train,7.255510999956971e-13,7.116491211836441e-13,0.019160578506648828,207841010712.7874,0,200,216,0,251.47
1198,48,23,train,7.255510999956971e-13,7.177991449945015e-13,0.010684230237183305,1378262675097.4956,1,200,214,0,239.21
1199,48,24,train,7.116491211836441e-13,7.002313352512287e-13,0.01604412285850204,207841010712.7874,0,200,215,0,253.98
1199,48,24,train,7.177991449945015e-13,7.098723849173407e-13,0.011043145053093426,1378262675097.4956,0,200,211,0,230.86
1200,49,0,train,6.331983625323285e-12,3.289354924054647e-12,0.48051746203201745,157928393244.84894,1,200,222,0,258.71
1200,49,0,train,6.421081885508299e-12,3.2527956386729255e-12,0.4934193806165063,155736995389.6545,1,200,226,0,247.6
1201,49,1,train,3.289354924054647e-12,2.6159393105051492e-12,0.2047257377502478,157928393244.84894,0,200,211,0,242.95
1201,49,1,train,3.2527956386729255e-12,2.6083173781534246e-12,0.19813057200926246,155736995389.6545,0,200,212,0,233.93
1202,49,2,train,2.6159393105051492e-12,2.3316297651062055e-12,0.10868354027068095,157928393244.84894,0,200,211,0,233.83
1202,49,2,train,2.6083173781534246e-12,2.3397081111443363e-12,0.10298181856966042,155736995389.6545,0,200,209,0,227.88
1203,49,3,train,2.3316297651062055e-12,2.1283302549495437e-12,0.08719202044815273,157928393244.84894,0,200,210,0,226.6
1203,49,3,train,2.3397081111443363e-12,2.142520888914615e-12,0.08427855649621104,155736995389.6545,0,200,214,0,232.8
1204,49,4,train,2.1283302549495437e-12,1.97113558642059e-12,0.07385821263565137,157928393244.84894,0,200,216,0,233.97
1204,49,4,train,2.142520888914615e-12,1.979170459097802e-12,0.07624216438774854,155736995389.6545,0,200,212,0,235.46
1205,49,5,train,1.97113558642059e-12,1.8490832704326345e-12,0.06191979731317824,157928393244.84894,0,200,216,0,236.21
1205,49,5,train,1.979170459097802e-12,1.846578364816924e-12,0.06699377189639324,155736995389.6545,0,200,215,0,247.35
1206,49,6,train,1.8490832704326345e-12,1.7388941053211358e-12,0.05959124008823979,157928393244.84894,0,200,214,0,235.18
1206,49,6,train,1.846578364816924e-12,1.7343758667175487e-12,0.0607623809729295,155736995389.6545,0,200,220,0,259.81
1207,49,7,train,1.7388941053211358e-12,1.6482979315926995e-12,0.05209987971734777,157928393244.84894,0,200,217,0,236.33
1207,49,7,train,1.7343758667175487e-12,1.6383294230201388e-12,0.05537810202536194,155736995389.6545,0,200,221,0,259.26
1208,49,8,train,1.6482979315926995e-12,1.568411808407714e-12,0.048465827478042185,157928393244.84894,0,200,221,0,241.76
1208,49,8,train,1.6383294230201388e-12,1.5593124969670372e-12,0.048230181880906275,155736995389.6545,0,200,217,0,255.7
1209,49,9,train,1.568411808407714e-12,1.5012831947792137e-12,0.04280037504732301,157928393244.84894,0,200,214,0,234.18
1209,49,9,train,1.5593124969670372e-12,1.4946194538103946e-12,0.0414881835953183,155736995389.6545,0,200,213,0,248.51
1210,49,10,train,1.5012831947792137e-12,1.4404927707330933e-12,0.0404923096838239,157928393244.84894,0,200,215,0,234.04
1210,49,10,train,1.4946194538103946e-12,1.4351662095155823e-12,0.03977818175940487,155736995389.6545,0,200,216,0,250.71
1211,49,11,train,1.4404927707330933e-12,1.3872290249149965e-12,0.03697605909607578,157928393244.84894,0,200,214,0,233.67
1211,49,11,train,1.4351662095155823e-12,1.3807614656274856e-12,0.0379083227624626,155736995389.6545,0,200,213,0,245.5
1212,49,12,train,1.3872290249149965e-12,1.3401340141784552e-12,0.03394898022655416,157928393244.84894,0,200,211,0,234.0
1212,49,12,train,1.3807614656274856e-12,1.3338913980345303e-12,0.03394508664945631,155736995389.6545,0,200,217,0,250.58
1213,49,13,train,1.3401340141784552e-12,1.2955994540827942e-12,0.03323142284614135,157928393244.84894,0,200,216,0,237.19
1213,49,13,train,1.3338913980345303e-12,1.2896472216786385e-12,0.03316924932650811,155736995389.6545,0,200,224,0,240.05
1214,49,14,train,1.2955994540827942e-12,1.2542301376746792e-12,0.03193063741864726,157928393244.84894,0,200,215,0,233.6
1214,49,14,train,1.2896472216786385e-12,1.2474569189375192e-12,0.03271460755461734,155736995389.6545,0,200,215,0,226.29
1215,49,15,train,1.2542301376746792e-12,1.2187369942222058e-12,0.0282987486796299,157928393244.84894,0,200,216,0,239.88
1215,49,15,train,1.2474569189375192e-12,1.2111172690013654e-12,0.029130985915814193,155736995389.6545,0,200,215,0,228.65
1216,49,16,train,1.2187369942222058e-12,1.183839058562743e-12,0.028634509188534572,157928393244.84894,0,200,215,0,247.56
1216,49,16,train,1.2111172690013654e-12,1.1744350647058816e-12,0.030287904593855143,155736995389.6545,0,200,215,0,239.0
1217,49,17,train,1.183839058562743e-12,1.153642502494241e-12,0.02550731524702583,157928393244.84894,0,200,213,0,233.39
1217,49,17,train,1.1744350647058816e-12,1.1444922905884121e-12,0.025495470134798998,155736995389.6545,0,200,213,0,231.37
1218,49,18,train,1.153642502494241e-12,1.1233174895966303e-12,0.02628631732278085,157928393244.84894,0,200,216,0,234.72
1218,49,18,train,1.1444922905884121e-12,1.1148743823553542e-12,0.025878643724048682,155736995389.6545,0,200,214,0,233.49
1219,49,19,train,1.1233174895966303e-12,1.0964757226534937e-12,0.023895085042052643,157928393244.84894,0,200,213,0,233.18
1219,49,19,train,1.1148743823553542e-12,1.0890336069322525e-12,0.023178194630778828,155736995389.6545,0,200,219,0,234.5
1220,49,20,train,1.0964757226534937e-12,1.0741321464338295e-12,0.02037762967117256,157928393244.84894,0,200,213,0,232.52
1220,49,20,train,1.0890336069322525e-12,1.0668745389355625e-12,0.02034746022127894,155736995389.6545,0,200,217,0,220.3
1221,49,21,train,1.0741321464338295e-12,1.0523023961455472e-12,0.020323151449063447,157928393244.84894,0,200,224,0,245.37
1221,49,21,train,1.0668745389355625e-12,1.0436041121838093e-12,0.02181177439567593,155736995389.6545,0,200,217,0,221.96
1222,49,22,train,1.0523023961455472e-12,1.0281352462359114e-12,0.022965974417769163,157928393244.84894,0,200,211,0,229.44
1222,49,22,train,1.0436041121838093e-12,1.0193437666693315e-12,0.023246694058833686,155736995389.6545,0,200,217,0,223.43
1223,49,23,train,1.0281352462359114e-12,1.0054499891714928e-12,0.022064467828985693,157928393244.84894,0,200,216,0,235.93
1223,49,23,train,1.0193437666693315e-12,9.977529801098787e-13,0.021181064980658977,155736995389.6545,0,200,216,0,231.16
1224,49,24,train,1.0054499891714928e-12,9.83677992582105e-13,0.021653982618596836,157928393244.84894,0,200,215,0,235.31
1224,49,24,train,9.977529801098787e-13,9.77615004127426e-13,0.020183328322642493,155736995389.6545,0,200,213,0,238.35
1225,50,0,train,1.2537326465985486e-11,3.0184709637665063e-12,0.7592412567419539,79761821845.5952,1,200,215,0,233.35
1225,50,0,train,1.2986830793021516e-11,3.0370652739744784e-12,0.7661426931344599,77001080243.3301,1,200,216,0,232.75
1226,50,1,train,3.0184709637665063e-12,2.3144522983257196e-12,0.23323685199949667,79761821845.5952,0,200,206,0,224.53
1226,50,1,train,3.0370652739744784e-12,2.3288307033623093e-12,0.23319701972863183,77001080243.3301,0,200,212,0,229.46
1227,50,2,train,2.3144522983257196e-12,2.036554100978553e-12,0.12007082520050165,79761821845.5952,0,200,215,0,235.0
1227,50,2,train,2.3288307033623093e-12,2.03753506808703e-12,0.12508235779213733,77001080243.3301,0,200,215,0,230.94
1228,50,3,train,2.036554100978553e-12,1.8420943289381705e-12,0.09548470720563991,79761821845.5952,0,200,214,0,233.44
1228,50,3,train,2.03753506808703e-12,1.8472315689937027e-12,0.09339888283346044,77001080243.3301,0,200,212,0,228.83
1229,50,4,train,1.8420943289381705e-12,1.705670627858306e-12,0.07405902017976604,79761821845.5952,0,200,216,0,234.81
1229,50,4,train,1.8472315689937027e-12,1.701401433196006e-12,0.0789452379688049,77001080243.3301,0,200,218,0,234.42
1230,50,5,train,1.705670627858306e-12,1.5851960208718831e-12,0.07063181192121162,79761821845.5952,0,200,216,0,235.7
1230,50,5,train,1.701401433196006e-12,1.5808354525081982e-12,0.07086274781215511,77001080243.3301,0,200,216,0,233.68
1231,50,6,train,1.5851960208718831e-12,1.491513711662794e-12,0.059098249033934874,79761821845.5952,0,200,213,0,232.89
1231,50,6,train,1.5808354525081982e-12,1.4879493469544799e-12,0.05875760529430345,77001080243.3301,0,200,214,0,237.64
1232,50,7,train,1.491513711662794e-12,1.424971928602487e-12,0.0446135912395494,79761821845.5952,0,200,216,0,235.85
1232,50,7,train,1.4879493469544799e-12,1.4248446400148319e-12,0.04241052094199987,77001080243.3301,0,200,210,0,244.31
1233,50,8,train,1.424971928602487e-12,1.3763219956004e-12,0.034140976411934865,79761821845.5952,0,200,216,0,234.75
1233,50,8,train,1.4248446400148319e-12,1.3771683077157363e-12,0.03346072333794884,77001080243.3301,0,200,215,0,247.51
1234,50,9,train,1.3763219956004e-12,1.3327692249784947e-12,0.03164431779854406,79761821845.5952,0,200,214,0,233.46
1234,50,9,train,1.3771683077157363e-12,1.333782079770978e-12,0.03150394015145583,77001080243.3301,0,200,211,0,243.55
1235,50,10,train,1.3327692249784947e-12,1.2914073008463006e-12,0.031034573245688115,79761821845.5952,0,200,217,0,234.5
1235,50,10,train,1.333782079770978e-12,1.2924928180063946e-12,0.030956527599825864,77001080243.3301,0,200,220,0,254.62
1236,50,11,train,1.2914073008463006e-12,1.2569305001263963e-12,0.02669707744203591,79761821845.5952,0,200,215,0,233.02
1236,50,11,train,1.2924928180063946e-12,1.2697961278632838e-12,0.017560399428848943,773698689902.5481,1,200,214,0,245.22
1237,50,12,train,1.2569305001263963e-12,1.2203397743855037e-12,0.029111176582327446,79761821845.5952,0,200,219,0,239.41
1237,50,12,train,1.2697961278632838e-12,1.2477868692866753e-12,0.01733290730193354,773698689902.5481,0,200,208,0,232.54
1238,50,13,train,1.2203397743855037e-12,1.2029362517058534e-12,0.014261210725851924,819443913072.1157,1,200,215,0,232.11
1238,50,13,train,1.2477868692866753e-12,1.2264129262413122e-12,0.017129482262930016,773698689902.5481,0,200,213,0,246.26
1239,50,14,train,1.2029362517058534e-12,1.1858312220447762e-12,0.014219398273866124,819443913072.1157,0,200,215,0,233.45
1239,50,14,train,1.2264129262413122e-12,1.205450532069719e-12,0.017092443925748883,773698689902.5481,0,200,212,0,238.15
1240,50,15,train,1.1858312220447762e-12,1.1704652757291796e-12,0.012957953906037762,819443913072.1157,0,200,217,0,235.68
1240,50,15,train,1.205450532069719e-12,1.1835201619093317e-12,0.01819267533337394,773698689902.5481,0,200,213,0,231.71
1241,50,16,train,1.1704652757291796e-12,1.1555419398809316e-12,0.012749917624810337,819443913072.1157,0,200,216,0,230.19
1241,50,16,train,1.1835201619093317e-12,1.1654729382911843e-12,0.015248767362807319,773698689902.5481,0,200,214,0,236.14
1242,50,17,train,1.1555419398809316e-12,1.1388622464146785e-12,0.014434520194024135,819443913072.1157,0,200,211,0,215.0
1242,50,17,train,1.1654729382911843e-12,1.1439128058134358e-12,0.018499041693203076,773698689902.5481,0,200,213,0,234.53
1243,50,18,train,1.1388622464146785e-12,1.1220398504682378e-12,0.014771229794823992,819443913072.1157,0,200,211,0,216.64
1243,50,18,train,1.1439128058134358e-12,1.1226057694529882e-12,0.018626451467422953,773698689902.5481,0,200,215,0,236.74
1244,50,19,train,1.1220398504682378e-12,1.10456076896631e-12,0.015577950724863758,819443913072.1157,0,200,211,0,219.59
1245,50,20,train,1.10456076896631e-12,1.0871135235698094e-12,0.01579564102464774,819443913072.1157,0,200,212,0,219.01
1244,50,19,train,1.1226057694529882e-12,1.0981615500911067e-12,0.02177453566249922,773698689902.5481,0,200,211,0,235.15
1246,50,21,train,1.0871135235698094e-12,1.0628376291083559e-12,0.022330597435433912,819443913072.1157,0,200,217,0,223.04
1245,50,20,train,1.0981615500911067e-12,1.0721841392752022e-12,0.023655363651868263,773698689902.5481,0,200,211,0,229.83
1247,50,22,train,1.0628376291083559e-12,1.0409760752044342e-12,0.020569043949132605,819443913072.1157,0,200,223,0,227.32
1246,50,21,train,1.0721841392752022e-12,1.0447752818404226e-12,0.0255635729262961,773698689902.5481,0,200,215,0,234.82
1248,50,23,train,1.0409760752044342e-12,1.0209151345778119e-12,0.019271279239229968,819443913072.1157,0,200,215,0,220.16
1247,50,22,train,1.0447752818404226e-12,1.0226420192566513e-12,0.021184711170408335,773698689902.5481,0,200,214,0,235.07
1249,50,24,train,1.0209151345778119e-12,9.980969365608945e-13,0.022350729501481592,819443913072.1157,0,200,214,0,219.09
1248,50,23,train,1.0226420192566513e-12,1.005484426528867e-12,0.016777711461783966,773698689902.5481,0,200,215,0,230.82
1250,51,0,train,1.227255796019841e-11,2.747051492527998e-12,0.7761630866656273,81482605602.11957,1,200,220,0,225.3
1249,50,24,train,1.005484426528867e-12,9.895809743001855e-13,0.015816706663059395,773698689902.5481,0,200,213,0,228.26
1251,51,1,train,2.747051492527998e-12,2.0852307941636386e-12,0.2409203832416382,81482605602.11957,0,200,213,0,216.86
1250,51,0,train,1.2105013365589402e-11,2.7814912548671602e-12,0.7702198939512094,82610400319.14986,1,200,212,0,226.3
1252,51,2,train,2.0852307941636386e-12,1.7784908459021538e-12,0.14710119815994496,81482605602.11957,0,200,213,0,216.79
1251,51,1,train,2.7814912548671602e-12,2.095868748401792e-12,0.24649457562220978,82610400319.14986,0,200,210,0,221.29
1253,51,3,train,1.7784908459021538e-12,1.6355002843058502e-12,0.08039994241509325,81482605602.11957,0,200,209,0,214.09
1252,51,2,train,2.095868748401792e-12,1.8269020324084676e-12,0.12833185102761097,82610400319.14986,0,200,216,0,227.68
1254,51,4,train,1.6355002843058502e-12,1.5369073128172228e-12,0.060283065943013796,81482605602.11957,0,200,208,0,213.22
1253,51,3,train,1.8269020324084676e-12,1.6825106393007201e-12,0.07903619928507682,82610400319.14986,0,200,220,0,236.79
1255,51,5,train,1.5369073128172228e-12,1.4432496670248013e-12,0.060939033220385075,81482605602.11957,0,200,212,0,215.44
1254,51,4,train,1.6825106393007201e-12,1.5588386658740215e-12,0.07350442281785437,82610400319.14986,0,200,214,0,228.09
1256,51,6,train,1.4432496670248013e-12,1.3716993018536812e-12,0.0495758750588304,81482605602.11957,0,200,214,0,225.48
1255,51,5,train,1.5588386658740215e-12,1.4510040007590845e-12,0.06917628326500068,82610400319.14986,0,200,217,0,231.8
1257,51,7,train,1.3716993018536812e-12,1.3172069546412422e-12,0.039726160929585155,81482605602.11957,0,200,221,0,236.06
1256,51,6,train,1.4510040007590845e-12,1.3822742660264268e-12,0.04736701945459978,82610400319.14986,0,200,217,0,232.68
1258,51,8,train,1.3172069546412422e-12,1.266750647379445e-12,0.038305527528542126,81482605602.11957,0,200,222,0,241.66
1257,51,7,train,1.3822742660264268e-12,1.3266688793103253e-12,0.0402274628724358,82610400319.14986,0,200,214,0,228.75
1259,51,9,train,1.266750647379445e-12,1.2152758849088542e-12,0.040635276229838715,81482605602.11957,0,200,216,0,238.51
1258,51,8,train,1.3266688793103253e-12,1.274334950020714e-12,0.03944761960257735,82610400319.14986,0,200,218,0,246.0
1260,51,10,train,1.2152758849088542e-12,1.1906352474888163e-12,0.0202757560863523,822858424509.0983,1,200,209,0,227.61
1259,51,9,train,1.274334950020714e-12,1.2273280489951584e-12,0.03688739842283341,82610400319.14986,0,200,216,0,247.26
1261,51,11,train,1.1906352474888163e-12,1.1662377330725873e-12,0.02049117432705455,822858424509.0983,0,200,216,0,234.55
1260,51,10,train,1.2273280489951584e-12,1.1844693721670112e-12,0.03492031072151949,82610400319.14986,0,200,215,0,243.92
1262,51,12,train,1.1662377330725873e-12,1.1444260309207098e-12,0.01870262085793783,822858424509.0983,0,200,213,0,230.69
1261,51,11,train,1.1844693721670112e-12,1.1618303503019134e-12,0.019113218456361804,844259905319.8644,1,200,219,0,237.8
1263,51,13,train,1.1444260309207098e-12,1.121447933622608e-12,0.02007827214452243,822858424509.0983,0,200,219,0,237.47
1262,51,12,train,1.1618303503019134e-12,1.1383841333115841e-12,0.02018041358984685,844259905319.8644,0,200,212,0,229.16
1264,51,14,train,1.121447933622608e-12,1.0943638024540296e-12,0.024151037561849872,822858424509.0983,0,200,210,0,227.58
1263,51,13,train,1.1383841333115841e-12,1.1179600863114348e-12,0.017941261128381403,844259905319.8644,0,200,213,0,230.97
1265,51,15,train,1.0943638024540296e-12,1.0654687717909855e-12,0.026403496349430667,822858424509.0983,0,200,219,0,236.65
1264,51,14,train,1.1179600863114348e-12,1.0973141604180327e-12,0.018467498210531536,844259905319.8644,0,200,212,0,229.41
1266,51,16,train,1.0654687717909855e-12,1.034539326215858e-12,0.02902895551141979,822858424509.0983,0,200,218,0,233.68
1265,51,15,train,1.0973141604180327e-12,1.0732073962158193e-12,0.021968880993051002,844259905319.8644,0,200,217,0,243.96
1267,51,17,train,1.034539326215858e-12,1.002927724090707e-12,0.030556211179308238,822858424509.0983,0,200,221,0,231.08
1266,51,16,train,1.0732073962158193e-12,1.0479175518045093e-12,0.023564731756865635,844259905319.8644,0,200,216,0,234.2
1268,51,18,train,1.002927724090707e-12,9.749369337810157e-13,0.027909080223172376,822858424509.0983,0,200,219,0,225.3
1267,51,17,train,1.0479175518045093e-12,1.0222339335764998e-12,0.024509197487705397,844259905319.8644,0,200,214,0,232.71
1269,51,19,train,9.749369337810157e-13,9.517512704063233e-13,0.023781705843036786,822858424509.0983,0,200,219,0,227.18
1268,51,18,train,1.0222339335764998e-12,9.935575545063328e-13,0.028052658132602465,844259905319.8644,0,200,216,0,233.32
1270,51,20,train,9.517512704063233e-13,9.360370582210757e-13,0.016510839201232575,822858424509.0983,0,200,213,0,220.3
1269,51,19,train,9.935575545063328e-13,9.712645139635154e-13,0.022437593516053678,844259905319.8644,0,200,216,0,236.01
1271,51,21,train,9.360370582210757e-13,9.207242155365876e-13,0.016359226966494136,822858424509.0983,0,200,218,0,225.41
1270,51,20,train,9.712645139635154e-13,9.483717602422626e-13,0.023570050580590616,844259905319.8644,0,200,212,0,233.32
1272,51,22,train,9.207242155365876e-13,9.064667661451848e-13,0.015485037919952847,822858424509.0983,0,200,214,0,220.63
1271,51,21,train,9.483717602422626e-13,9.297727094345286e-13,0.019611561190922475,844259905319.8644,0,200,221,0,243.2
1273,51,23,train,9.064667661451848e-13,8.939738884879889e-13,0.01378194780413487,822858424509.0983,0,200,217,0,222.92
1272,51,22,train,9.297727094345286e-13,9.132944797469226e-13,0.01772285798496686,844259905319.8644,0,200,219,0,236.12
1274,51,24,train,8.939738884879889e-13,8.79063537828657e-13,0.01667873172957023,822858424509.0983,0,200,215,0,222.07
1273,51,23,train,9.132944797469226e-13,8.994844005322e-13,0.015121167948534409,844259905319.8644,0,200,213,0,232.39
1275,52,0,train,6.91968091869813e-12,3.248917430588479e-12,0.5304816119758696,144515334124.41513,1,200,225,0,233.09
1274,51,24,train,8.994844005322e-13,8.860687346361037e-13,0.01491483997738997,844259905319.8644,0,200,215,0,232.53
1276,52,1,train,3.248917430588479e-12,2.5592911745607743e-12,0.21226339873549577,144515334124.41513,0,200,215,0,224.17
1277,52,2,train,2.5592911745607743e-12,2.260014643779087e-12,0.11693727300608901,144515334124.41513,0,200,209,0,216.26
1275,52,0,train,7.008777902198119e-12,3.1720875104617545e-12,0.5474121801652592,142678226354.75098,1,200,215,0,235.7
1278,52,3,train,2.260014643779087e-12,2.041056387620071e-12,0.09688355637947749,144515334124.41513,0,200,213,0,219.83
1276,52,1,train,3.1720875104617545e-12,2.4773850947576756e-12,0.21900480784748352,142678226354.75098,0,200,212,0,230.62
1279,52,4,train,2.041056387620071e-12,1.8759951166213673e-12,0.0808705099966247,144515334124.41513,0,200,214,0,221.33
1277,52,2,train,2.4773850947576756e-12,2.1979475403485614e-12,0.11279536435430412,142678226354.75098,0,200,213,0,230.36
1280,52,5,train,1.8759951166213673e-12,1.7545189857522896e-12,0.06475290356184613,144515334124.41513,0,200,214,0,222.14
1278,52,3,train,2.1979475403485614e-12,2.0017574208479922e-12,0.08926060149254351,142678226354.75098,0,200,210,0,231.26
1281,52,6,train,1.7545189857522896e-12,1.6492241755675405e-12,0.06001349146963012,144515334124.41513,0,200,213,0,223.02
1279,52,4,train,2.0017574208479922e-12,1.8284838018130382e-12,0.08656074768617628,142678226354.75098,0,200,214,0,233.89
1282,52,7,train,1.6492241755675405e-12,1.5370396183035364e-12,0.06802262477470566,144515334124.41513,0,200,215,0,223.81
1280,52,5,train,1.8284838018130382e-12,1.706228645267933e-12,0.06686149279741099,142678226354.75098,0,200,219,0,236.26
1283,52,8,train,1.5370396183035364e-12,1.4473415740742e-12,0.05835766571088003,144515334124.41513,0,200,215,0,224.0
1281,52,6,train,1.706228645267933e-12,1.6049612102693346e-12,0.05935162047563459,142678226354.75098,0,200,217,0,240.18
1284,52,9,train,1.4473415740742e-12,1.355508435861239e-12,0.06344952695199309,144515334124.41513,0,200,215,0,222.57
1282,52,7,train,1.6049612102693346e-12,1.5022444712849013e-12,0.06399951495849299,142678226354.75098,0,200,218,0,243.78
1285,52,10,train,1.355508435861239e-12,1.287365503142462e-12,0.050271124041719066,144515334124.41513,0,200,218,0,230.91
1283,52,8,train,1.5022444712849013e-12,1.4166811325730053e-12,0.056957000240255046,142678226354.75098,0,200,218,0,242.96
1286,52,11,train,1.287365503142462e-12,1.2309526895166038e-12,0.04382035520460538,144515334124.41513,0,200,214,0,220.34
1284,52,9,train,1.4166811325730053e-12,1.3364353854581217e-12,0.05664347838750395,142678226354.75098,0,200,218,0,243.25
1287,52,12,train,1.2309526895166038e-12,1.1797016812062425e-12,0.04163523809390887,144515334124.41513,0,200,213,0,222.24
1285,52,10,train,1.3364353854581217e-12,1.276390426986193e-12,0.04492918933850716,142678226354.75098,0,200,221,0,244.89
1288,52,13,train,1.1797016812062425e-12,1.129315535691042e-12,0.042710921174309774,144515334124.41513,0,200,215,0,220.97
1286,52,11,train,1.276390426986193e-12,1.2223522012474798e-12,0.04233675260814037,142678226354.75098,0,200,213,0,233.22
1289,52,14,train,1.129315535691042e-12,1.0903464237377059e-12,0.03450684128726734,144515334124.41513,0,200,215,0,222.75
1287,52,12,train,1.2223522012474798e-12,1.1697718401085401e-12,0.04301572090701719,142678226354.75098,0,200,216,0,238.36
1290,52,15,train,1.0903464237377059e-12,1.053205168074086e-12,0.034063720350730145,144515334124.41513,0,200,216,0,222.88
1288,52,13,train,1.1697718401085401e-12,1.119600349910798e-12,0.04288997946222305,142678226354.75098,0,200,218,0,231.34
1291,52,16,train,1.053205168074086e-12,1.0217161410172921e-12,0.029898283839961924,144515334124.41513,0,200,214,0,220.92
1289,52,14,train,1.119600349910798e-12,1.0798686590189216e-12,0.03548738699040412,142678226354.75098,0,200,216,0,229.11
1292,52,17,train,1.0217161410172921e-12,9.876501838980722e-13,0.03334189972304981,144515334124.41513,0,200,215,0,223.3
1290,52,15,train,1.0798686590189216e-12,1.0421505338602953e-12,0.034928437679535816,142678226354.75098,0,200,214,0,225.36
1293,52,18,train,9.876501838980722e-13,9.595132531534244e-13,0.02848876171277212,144515334124.41513,0,200,215,0,223.74
1294,52,19,train,9.595132531534244e-13,9.34597771462261e-13,0.02596679265166905,144515334124.41513,0,200,216,0,226.22
1291,52,16,train,1.0421505338602953e-12,1.0095530189161841e-12,0.03127908482027511,142678226354.75098,0,200,218,0,233.89
1295,52,20,train,9.34597771462261e-13,9.090739532211656e-13,0.027309949820617577,144515334124.41513,0,200,216,0,224.79
1292,52,17,train,1.0095530189161841e-12,9.773307988885335e-13,0.031917313329658636,142678226354.75098,0,200,212,0,227.4
1296,52,21,train,9.090739532211656e-13,8.887933921457697e-13,0.02230903327890419,144515334124.41513,0,200,215,0,224.57
1293,52,18,train,9.773307988885335e-13,9.504548347072295e-13,0.027499352534340115,142678226354.75098,0,200,213,0,224.75
1297,52,22,train,8.887933921457697e-13,8.684253211361477e-13,0.0229165418978289,144515334124.41513,0,200,217,0,227.36
1294,52,19,train,9.504548347072295e-13,9.26135591494762e-13,0.02558695302966039,142678226354.75098,0,200,215,0,225.98
1298,52,23,train,8.684253211361477e-13,8.481510916048685e-13,0.023345967739349955,144515334124.41513,0,200,211,0,221.2
1295,52,20,train,9.26135591494762e-13,9.018829352033064e-13,0.02618693905534098,142678226354.75098,0,200,214,0,226.26
1299,52,24,train,8.481510916048685e-13,8.28808711623679e-13,0.022805347033852105,144515334124.41513,0,200,218,0,226.65
1296,52,21,train,9.018829352033064e-13,8.821142007936692e-13,0.021919401773780014,142678226354.75098,0,200,215,0,225.56
1297,52,22,train,8.821142007936692e-13,8.617101892162057e-13,0.02313080501266761,142678226354.75098,0,200,215,0,224.31
1300,53,0,train,5.8743730120005706e-12,2.8598936529097895e-12,0.5131576345139467,170230933234.42886,1,200,223,0,232.94
1298,52,23,train,8.617101892162057e-13,8.432343479903191e-13,0.021440899106336262,142678226354.75098,0,200,217,0,233.44
1301,53,1,train,2.8598936529097895e-12,2.2127086446499996e-12,0.22629687911692578,170230933234.42886,0,200,205,0,216.64
1299,52,24,train,8.432343479903191e-13,8.259156514795496e-13,0.020538414442017334,142678226354.75098,0,200,216,0,233.2
1302,53,2,train,2.2127086446499996e-12,1.934660757956993e-12,0.12565951119018087,170230933234.42886,0,200,216,0,230.22
1303,53,3,train,1.934660757956993e-12,1.743263991299051e-12,0.09893040207217389,170230933234.42886,0,200,213,0,221.15
1300,53,0,train,5.756080966017004e-12,2.9330965660540135e-12,0.4904351444375863,173729314424.83914,1,200,226,0,241.41
1304,53,4,train,1.743263991299051e-12,1.6174802451064207e-12,0.07215415841802499,170230933234.42886,0,200,214,0,223.3
1301,53,1,train,2.9330965660540135e-12,2.233644326723685e-12,0.23846887532629837,173729314424.83914,0,200,215,0,228.64
1305,53,5,train,1.6174802451064207e-12,1.5298043335835263e-12,0.054205244106165826,170230933234.42886,0,200,219,0,231.67
1302,53,2,train,2.233644326723685e-12,1.9315929031026506e-12,0.13522807548509044,173729314424.83914,0,200,212,0,226.0
1306,53,6,train,1.5298043335835263e-12,1.453979838294926e-12,0.049564832327924864,170230933234.42886,0,200,218,0,232.41
1303,53,3,train,1.9315929031026506e-12,1.729304604517863e-12,0.10472615542325661,173729314424.83914,0,200,219,0,235.3
1307,53,7,train,1.453979838294926e-12,1.3836192081218928e-12,0.048391750916948514,170230933234.42886,0,200,219,0,233.51
1304,53,4,train,1.729304604517863e-12,1.5969875214082885e-12,0.07651461909249063,173729314424.83914,0,200,214,0,230.28
1308,53,8,train,1.3836192081218928e-12,1.3241769365876373e-12,0.04296143851236475,170230933234.42886,0,200,218,0,230.43
1305,53,5,train,1.5969875214082885e-12,1.5095058715588254e-12,0.05477916932770911,173729314424.83914,0,200,218,0,231.77
1309,53,9,train,1.3241769365876373e-12,1.270537651523119e-12,0.04050764182824772,170230933234.42886,0,200,213,0,224.83
1306,53,6,train,1.5095058715588254e-12,1.4337547350427654e-12,0.05018273724091835,173729314424.83914,0,200,218,0,229.0
1310,53,10,train,1.270537651523119e-12,1.2264121353560606e-12,0.034729798140307626,170230933234.42886,0,200,214,0,227.02
1307,53,7,train,1.4337547350427654e-12,1.3647631339852491e-12,0.048119527957798475,173729314424.83914,0,200,217,0,230.44
1311,53,11,train,1.2264121353560606e-12,1.1899193720303231e-12,0.02975570958056658,170230933234.42886,0,200,215,0,229.76
1308,53,8,train,1.3647631339852491e-12,1.312912803968976e-12,0.03799218247115508,173729314424.83914,0,200,215,0,237.1
1312,53,12,train,1.1899193720303231e-12,1.1562172723493734e-12,0.028323011183055954,170230933234.42886,0,200,212,0,225.73
1309,53,9,train,1.312912803968976e-12,1.265998844227362e-12,0.0357327307645959,173729314424.83914,0,200,210,0,233.86
1313,53,13,train,1.1562172723493734e-12,1.125958209663512e-12,0.02617074092343952,170230933234.42886,0,200,220,0,233.04
1310,53,10,train,1.265998844227362e-12,1.2242179172710776e-12,0.03300234210070169,173729314424.83914,0,200,215,0,234.91
1314,53,14,train,1.125958209663512e-12,1.0994481378401387e-12,0.02354445448849805,170230933234.42886,0,200,216,0,227.02
1311,53,11,train,1.2242179172710776e-12,1.1923289108615697e-12,0.026048472220200958,173729314424.83914,0,200,218,0,240.3
1315,53,15,train,1.0994481378401387e-12,1.0691043664875573e-12,0.027599092952389406,170230933234.42886,0,200,215,0,225.77
1312,53,12,train,1.1923289108615697e-12,1.1607784637013623e-12,0.026461194451293867,173729314424.83914,0,200,214,0,239.08
1316,53,16,train,1.0691043664875573e-12,1.0408460592350956e-12,0.02643175740204084,170230933234.42886,0,200,214,0,225.05
1313,53,13,train,1.1607784637013623e-12,1.1353540383969672e-12,0.02190290921087942,173729314424.83914,0,200,215,0,241.34
1317,53,17,train,1.0408460592350956e-12,1.0173924265376003e-12,0.02253323869500078,170230933234.42886,0,200,210,0,220.53
1314,53,14,train,1.1353540383969672e-12,1.110507884185928e-12,0.021884058514575838,173729314424.83914,0,200,214,0,238.92
1318,53,18,train,1.0173924265376003e-12,9.967050619495897e-13,0.02033371199588538,170230933234.42886,0,200,215,0,228.31
1315,53,15,train,1.110507884185928e-12,1.0844420371131724e-12,0.023472005416569804,173729314424.83914,0,200,210,0,233.15
1319,53,19,train,9.967050619495897e-13,9.758979208018816e-13,0.020875926030724308,170230933234.42886,0,200,209,0,221.49
1316,53,16,train,1.0844420371131724e-12,1.0581191426387197e-12,0.024273214771833605,173729314424.83914,0,200,216,0,237.3
1320,53,20,train,9.758979208018816e-13,9.564679024435271e-13,0.01990988805713317,170230933234.42886,0,200,212,0,224.07
1317,53,17,train,1.0581191426387197e-12,1.035797520213467e-12,0.021095566203997985,173729314424.83914,0,200,212,0,233.0
1321,53,21,train,9.564679024435271e-13,9.368206694895223e-13,0.0205414451481448,170230933234.42886,0,200,216,0,227.91
1318,53,18,train,1.035797520213467e-12,1.0126804129825449e-12,0.02231817201701532,173729314424.83914,0,200,221,0,239.0
1322,53,22,train,9.368206694895223e-13,9.200744075071637e-13,0.017875632474552136,170230933234.42886,0,200,211,0,227.17
1319,53,19,train,1.0126804129825449e-12,9.926262730344208e-13,0.01980302935756471,173729314424.83914,0,200,218,0,242.43
1323,53,23,train,9.200744075071637e-13,9.056400230777098e-13,0.01568827946053,170230933234.42886,0,200,218,0,232.93
1320,53,20,train,9.926262730344208e-13,9.733191506873011e-13,0.019450545357920616,173729314424.83914,0,200,217,0,241.99
1324,53,24,train,9.056400230777098e-13,8.915942310536263e-13,0.015509243922712891,170230933234.42886,0,200,214,0,224.83
1321,53,21,train,9.733191506873011e-13,9.554296538733323e-13,0.018379887831587723,173729314424.83914,0,200,210,0,231.72
1325,54,0,train,6.2420189764143366e-12,3.0171498490155665e-12,0.516638789401961,160204575439.21786,1,200,211,0,223.04
1322,53,22,train,9.554296538733323e-13,9.37395372600411e-13,0.018875572052646578,173729314424.83914,0,200,223,0,247.17
1326,54,1,train,3.0171498490155665e-12,2.358438888602153e-12,0.21832225556458096,160204575439.21786,0,200,208,0,225.99
1323,53,23,train,9.37395372600411e-13,9.223818653640194e-13,0.01601619516719284,173729314424.83914,0,200,218,0,239.55
1327,54,2,train,2.358438888602153e-12,2.1183789602019456e-12,0.10178763993435126,160204575439.21786,0,200,216,0,233.67
1324,53,24,train,9.223818653640194e-13,9.067990214064509e-13,0.01689413521960199,173729314424.83914,0,200,216,0,240.45
1328,54,3,train,2.1183789602019456e-12,1.9633647038216376e-12,0.07317588556748622,160204575439.21786,0,200,217,0,233.24
1329,54,4,train,1.9633647038216376e-12,1.8461137371073156e-12,0.05971940235356988,160204575439.21786,0,200,220,0,233.61
1325,54,0,train,6.433748942533579e-12,2.859056799259104e-12,0.5556157343414738,155430373322.30823,1,200,215,0,240.82
1330,54,5,train,1.8461137371073156e-12,1.7453856643205446e-12,0.05456222483052553,160204575439.21786,0,200,216,0,227.34
1326,54,1,train,2.859056799259104e-12,2.3326650995603487e-12,0.18411376081621206,155430373322.30823,0,200,206,0,229.91
1331,54,6,train,1.7453856643205446e-12,1.6657721672299164e-12,0.04561369943508769,160204575439.21786,0,200,214,0,225.99
1327,54,2,train,2.3326650995603487e-12,2.1015370223867376e-12,0.09908326626791526,155430373322.30823,0,200,211,0,233.74
1332,54,7,train,1.6657721672299164e-12,1.59099370985911e-12,0.04489116749690849,160204575439.21786,0,200,223,0,233.81
1328,54,3,train,2.1015370223867376e-12,1.9444748068480995e-12,0.07473683017026314,155430373322.30823,0,200,216,0,238.3
1333,54,8,train,1.59099370985911e-12,1.5286347209850245e-12,0.039194993976190945,160204575439.21786,0,200,217,0,230.07
1329,54,4,train,1.9444748068480995e-12,1.8331854066098617e-12,0.05723365499326401,155430373322.30823,0,200,215,0,235.11
1334,54,9,train,1.5286347209850245e-12,1.4747413168670501e-12,0.0352559073650024,160204575439.21786,0,200,215,0,227.94
1330,54,5,train,1.8331854066098617e-12,1.7470697163932814e-12,0.04697598502916044,155430373322.30823,0,200,216,0,232.65
1335,54,10,train,1.4747413168670501e-12,1.4358794851491546e-12,0.0263516260603954,160204575439.21786,0,200,214,0,225.37
1331,54,6,train,1.7470697163932814e-12,1.6723233618868817e-12,0.042783841883945566,155430373322.30823,0,200,213,0,230.56
1336,54,11,train,1.4358794851491546e-12,1.40031896752804e-12,0.024765670092027698,160204575439.21786,0,200,219,0,230.35
1332,54,7,train,1.6723233618868817e-12,1.5991566475498128e-12,0.04375153514241104,155430373322.30823,0,200,214,0,233.91
1337,54,12,train,1.40031896752804e-12,1.363821992829432e-12,0.026063329530582203,160204575439.21786,0,200,216,0,222.38
1333,54,8,train,1.5991566475498128e-12,1.5433875918319666e-12,0.034874041766511155,155430373322.30823,0,200,215,0,233.0
1338,54,13,train,1.363821992829432e-12,1.335124331118737e-12,0.02104208750231252,160204575439.21786,0,200,216,0,226.44
1334,54,9,train,1.5433875918319666e-12,1.4860483455495393e-12,0.0371515532364537,155430373322.30823,0,200,217,0,234.46
1339,54,14,train,1.335124331118737e-12,1.3042902298587612e-12,0.02309455422338008,160204575439.21786,0,200,213,0,224.06
1335,54,10,train,1.4860483455495393e-12,1.4451788012902097e-12,0.027502163292147823,155430373322.30823,0,200,214,0,225.62
1340,54,15,train,1.3042902298587612e-12,1.2780270534091305e-12,0.020135991091855928,160204575439.21786,0,200,214,0,218.54
1336,54,11,train,1.4451788012902097e-12,1.4061014065203344e-12,0.027039833918812158,155430373322.30823,0,200,216,0,216.84
1341,54,16,train,1.2780270534091305e-12,1.2515941172740364e-12,0.020682610798092506,160204575439.21786,0,200,218,0,222.14
1337,54,12,train,1.4061014065203344e-12,1.3704762752114496e-12,0.02533610388531367,155430373322.30823,0,200,221,0,224.12
1342,54,17,train,1.2515941172740364e-12,1.2292048780364373e-12,0.017888578196870043,160204575439.21786,0,200,211,0,215.11
1338,54,13,train,1.3704762752114496e-12,1.337927494771913e-12,0.023749977309541204,155430373322.30823,0,200,221,0,226.03
1343,54,18,train,1.2292048780364373e-12,1.2089200747039904e-12,0.016502377833750817,160204575439.21786,0,200,216,0,220.45
1339,54,14,train,1.337927494771913e-12,1.3060628889653931e-12,0.023816392092272674,155430373322.30823,0,200,220,0,252.78
1344,54,19,train,1.2089200747039904e-12,1.1876783077059777e-12,0.017570861335240755,160204575439.21786,0,200,218,0,222.38
1340,54,15,train,1.3060628889653931e-12,1.2754131665596566e-12,0.023467263839045256,155430373322.30823,0,200,216,0,255.9
1345,54,20,train,1.1876783077059777e-12,1.1665789800600117e-12,0.01776518734834833,160204575439.21786,0,200,214,0,218.21
1341,54,16,train,1.2754131665596566e-12,1.2521841860812332e-12,0.01821290628595439,155430373322.30823,0,200,214,0,246.45
1346,54,21,train,1.1665789800600117e-12,1.1481941893368513e-12,0.015759576537385148,160204575439.21786,0,200,221,0,238.02
1342,54,17,train,1.2521841860812332e-12,1.229767484751377e-12,0.017902079884917106,155430373322.30823,0,200,218,0,253.75
1347,54,22,train,1.1481941893368513e-12,1.1315321573616378e-12,0.014511510448277691,160204575439.21786,0,200,217,0,234.15
1343,54,18,train,1.229767484751377e-12,1.205810873022468e-12,0.01948060265534859,155430373322.30823,0,200,214,0,249.72
1348,54,23,train,1.1315321573616378e-12,1.1150731725993016e-12,0.014545750781589097,160204575439.21786,0,200,216,0,233.52
1349,54,24,train,1.1150731725993016e-12,1.0980944995162764e-12,0.015226510241876622,160204575439.21786,0,200,215,0,232.29
1344,54,19,train,1.205810873022468e-12,1.182106601711653e-12,0.019658365869100445,155430373322.30823,0,200,220,0,258.96
1345,54,20,train,1.182106601711653e-12,1.1635142610422224e-12,0.015728142151062694,155430373322.30823,0,200,218,0,255.11
1350,55,0,train,8.72065854245518e-12,3.4772489554779044e-12,0.6012630309340224,114670239080.18579,1,200,215,0,231.43
1351,55,1,train,3.4772489554779044e-12,2.5275211376622025e-12,0.27312620694573586,114670239080.18579,0,200,211,0,226.99
1346,54,21,train,1.1635142610422224e-12,1.1467655995227574e-12,0.014394891476845579,155430373322.30823,0,200,215,0,248.15
1352,55,2,train,2.5275211376622025e-12,2.118813198253952e-12,0.16170307473126797,114670239080.18579,0,200,210,0,227.56
1347,54,22,train,1.1467655995227574e-12,1.130717201896583e-12,0.01399448817862445,155430373322.30823,0,200,217,0,255.45
1353,55,3,train,2.118813198253952e-12,1.8654658927743675e-12,0.11957038293340823,114670239080.18579,0,200,218,0,235.91
1348,54,23,train,1.130717201896583e-12,1.1139179039885512e-12,0.014857205568159679,155430373322.30823,0,200,219,0,249.76
1354,55,4,train,1.8654658927743675e-12,1.692643100596544e-12,0.09264323343955497,114670239080.18579,0,200,213,0,229.41
1349,54,24,train,1.1139179039885512e-12,1.0972489251044776e-12,0.014964279525796119,155430373322.30823,0,200,217,0,234.94
1355,55,5,train,1.692643100596544e-12,1.5724790467125125e-12,0.07099196153145437,114670239080.18579,0,200,216,0,231.65
1350,55,0,train,9.131917020592556e-12,3.32276904182432e-12,0.636136746059842,109506032276.13554,1,200,215,0,227.44
1356,55,6,train,1.5724790467125125e-12,1.4765513632620296e-12,0.06100410918099868,114670239080.18579,0,200,217,0,232.71
1351,55,1,train,3.32276904182432e-12,2.524213258595965e-12,0.2403284047662606,109506032276.13554,0,200,208,0,224.18
1357,55,7,train,1.4765513632620296e-12,1.3867164533823968e-12,0.06084103277055501,114670239080.18579,0,200,213,0,227.9
1352,55,2,train,2.524213258595965e-12,2.1346766399481626e-12,0.154320011322844,109506032276.13554,0,200,214,0,235.12
1358,55,8,train,1.3867164533823968e-12,1.318016717829088e-12,0.04954129979906159,114670239080.18579,0,200,218,0,234.0
1353,55,3,train,2.1346766399481626e-12,1.8726724870078645e-12,0.122737162171157,109506032276.13554,0,200,212,0,243.68
1359,55,9,train,1.318016717829088e-12,1.2611386128011869e-12,0.04315431227730208,114670239080.18579,0,200,216,0,231.8
1354,55,4,train,1.8726724870078645e-12,1.7164876849447035e-12,0.08340209147447414,109506032276.13554,0,200,209,0,247.05
1360,55,10,train,1.2611386128011869e-12,1.2106712531335755e-12,0.04001729798401418,114670239080.18579,0,200,212,0,229.23
1355,55,5,train,1.7164876849447035e-12,1.5958966038695811e-12,0.07025455651842165,109506032276.13554,0,200,212,0,241.35
1361,55,11,train,1.2106712531335755e-12,1.1663221215653038e-12,0.03663185315871919,114670239080.18579,0,200,215,0,245.69
1356,55,6,train,1.5958966038695811e-12,1.4844473412928108e-12,0.06983488924441507,109506032276.13554,0,200,220,0,248.17
1362,55,12,train,1.1663221215653038e-12,1.1171217276207662e-12,0.04218422426774039,114670239080.18579,0,200,222,0,254.94
1357,55,7,train,1.4844473412928108e-12,1.3936244766378005e-12,0.06118294811044785,109506032276.13554,0,200,219,0,243.66
1363,55,13,train,1.1171217276207662e-12,1.078233458243523e-12,0.03481112972358626,114670239080.18579,0,200,217,0,248.16
1358,55,8,train,1.3936244766378005e-12,1.3215529745972615e-12,0.05171515228723285,109506032276.13554,0,200,213,0,232.36
1364,55,14,train,1.078233458243523e-12,1.0438907326445517e-12,0.03185091812576161,114670239080.18579,0,200,214,0,245.07
1359,55,9,train,1.3215529745972615e-12,1.2562488749571045e-12,0.04941466660468765,109506032276.13554,0,200,215,0,241.42
1365,55,15,train,1.0438907326445517e-12,1.014051254890373e-12,0.028584866999043636,114670239080.18579,0,200,219,0,250.52
1360,55,10,train,1.2562488749571045e-12,1.2067284311116055e-12,0.039419294084693135,109506032276.13554,0,200,216,0,250.71
1366,55,16,train,1.014051254890373e-12,9.843524927579887e-13,0.02928723966284622,114670239080.18579,0,200,218,0,248.87
1361,55,11,train,1.2067284311116055e-12,1.1577021674489655e-12,0.040627420717582956,109506032276.13554,0,200,216,0,247.11
1367,55,17,train,9.843524927579887e-13,9.585359701057944e-13,0.02622690839118081,114670239080.18579,0,200,216,0,247.28
1362,55,12,train,1.1577021674489655e-12,1.1094579325493069e-12,0.041672406130124434,109506032276.13554,0,200,212,0,240.71
1368,55,18,train,9.585359701057944e-13,9.365125838630235e-13,0.022976066553183426,114670239080.18579,0,200,212,0,241.46
1363,55,13,train,1.1094579325493069e-12,1.068662340065813e-12,0.03677074297873913,109506032276.13554,0,200,212,0,236.85
1369,55,19,train,9.365125838630235e-13,9.149095873522628e-13,0.02306749197287922,114670239080.18579,0,200,218,0,248.69
1364,55,14,train,1.068662340065813e-12,1.0354894028307301e-12,0.031041551658908442,109506032276.13554,0,200,212,0,236.48
1370,55,20,train,9.149095873522628e-13,8.9340698391869e-13,0.02350243535626402,114670239080.18579,0,200,211,0,241.85
1365,55,15,train,1.0354894028307301e-12,1.005184405613118e-12,0.029266351866824428,109506032276.13554,0,200,213,0,240.33
1371,55,21,train,8.9340698391869e-13,8.728600618659275e-13,0.02299838978495442,114670239080.18579,0,200,213,0,245.32
1366,55,16,train,1.005184405613118e-12,9.74803333513179e-13,0.030224376671868405,109506032276.13554,0,200,221,0,251.3
1372,55,22,train,8.728600618659275e-13,8.545462433816024e-13,0.020981391272703386,114670239080.18579,0,200,214,0,248.52
1367,55,17,train,9.74803333513179e-13,9.479499392749922e-13,0.027547499392936506,109506032276.13554,0,200,217,0,239.82
1373,55,23,train,8.545462433816024e-13,8.450115900557165e-13,0.011157562741315696,1170211685727.8657,1,200,220,0,252.4
1368,55,18,train,9.479499392749922e-13,9.23506948790151e-13,0.025785106862853548,109506032276.13554,0,200,214,0,240.95
1374,55,24,train,8.450115900557165e-13,8.338873674896084e-13,0.013164579867330193,1170211685727.8657,0,200,211,0,243.06
1369,55,19,train,9.23506948790151e-13,9.026453499723702e-13,0.02258954179512218,109506032276.13554,0,200,215,0,238.44
1370,55,20,train,9.026453499723702e-13,8.905402550612254e-13,0.013410687720836598,1107854818097.2847,1,200,213,0,227.4
1370,55,20,train,8.405591696150241e-12,4.166282792613959e-12,0.5043439006771986,118968424371.36218,1,200,224,0,240.12
1371,55,21,train,8.905402550612254e-13,8.779774596725266e-13,0.014106937128670402,1107854818097.2847,0,200,211,0,228.69
1371,55,21,train,4.166282792613959e-12,3.1560478664331667e-12,0.2424787217929013,118968424371.36218,0,200,208,0,226.01
1372,55,22,train,8.779774596725266e-13,8.66461955419859e-13,0.013115945205430204,1107854818097.2847,0,200,215,0,225.37
1373,55,23,train,8.66461955419859e-13,8.534583789027493e-13,0.015007671641865233,1107854818097.2847,0,200,209,0,217.06
1372,55,22,train,3.1560478664331667e-12,2.678389741148531e-12,0.15134692042059075,118968424371.36218,0,200,213,0,231.37
1374,55,24,train,8.534583789027493e-13,8.430754245052653e-13,0.012165741943775683,1107854818097.2847,0,200,209,0,215.82
1373,55,23,train,2.678389741148531e-12,2.357411118552138e-12,0.1198401478564329,118968424371.36218,0,200,217,0,245.51
1374,55,24,train,2.357411118552138e-12,2.1321808340470444e-12,0.09554136855154241,118968424371.36218,0,200,215,0,228.26
1375,56,0,train,9.044849152451146e-12,4.156071670964952e-12,0.5405040370586324,110560163375.30637,1,200,216,0,223.14
1376,56,1,train,4.156071670964952e-12,3.0700826993495397e-12,0.26130179111258417,110560163375.30637,0,200,208,0,215.71
1375,56,0,train,2.136417343816014e-12,2.0402465834214272e-12,0.04501496894928259,468073339179.05084,1,200,221,0,224.68
1377,56,2,train,3.0700826993495397e-12,2.6129600671600595e-12,0.14889586925014464,110560163375.30637,0,200,214,0,218.83
1376,56,1,train,2.0402465834214272e-12,1.9211722109338406e-12,0.05836273588455312,468073339179.05084,0,200,214,0,219.32
1378,56,3,train,2.6129600671600595e-12,2.293379880629215e-12,0.12230580579755505,110560163375.30637,0,200,213,0,219.42
1377,56,2,train,1.9211722109338406e-12,1.7895140116634803e-12,0.06853013931862156,468073339179.05084,0,200,216,0,219.21
1379,56,4,train,2.293379880629215e-12,2.0829585707447703e-12,0.0917516158843746,110560163375.30637,0,200,216,0,236.82
1378,56,3,train,1.7895140116634803e-12,1.667069195662186e-12,0.06842350224878832,468073339179.05084,0,200,215,0,218.48
1380,56,5,train,2.0829585707447703e-12,1.9456144975063703e-12,0.06593701630334972,110560163375.30637,0,200,215,0,238.46
1379,56,4,train,1.667069195662186e-12,1.5821288671087196e-12,0.05095189136388951,468073339179.05084,0,200,215,0,217.96
1381,56,6,train,1.9456144975063703e-12,1.8172318547099898e-12,0.06598565284177534,110560163375.30637,0,200,211,0,226.64
1380,56,5,train,1.5821288671087196e-12,1.513124369259643e-12,0.04361496669685298,468073339179.05084,0,200,213,0,217.07
1381,56,6,train,1.513124369259643e-12,1.4541766932011861e-12,0.03895758819038743,468073339179.05084,0,200,212,0,214.77
1382,56,7,train,1.8172318547099898e-12,1.6999562764589515e-12,0.06453528642868422,110560163375.30637,0,200,214,0,224.79
1382,56,7,train,1.4541766932011861e-12,1.4061006747386061e-12,0.0330606443407828,468073339179.05084,0,200,218,0,223.8
1383,56,8,train,1.6999562764589515e-12,1.6189337663814568e-12,0.04766152588716373,110560163375.30637,0,200,219,0,228.24
1383,56,8,train,1.4061006747386061e-12,1.3656997086823167e-12,0.028732626889465054,468073339179.05084,0,200,212,0,215.11
1384,56,9,train,1.6189337663814568e-12,1.539209330255291e-12,0.04924502643759236,110560163375.30637,0,200,214,0,229.12
1384,56,9,train,1.3656997086823167e-12,1.3194240520529756e-12,0.0338842106615002,468073339179.05084,0,200,210,0,211.22
1385,56,10,train,1.539209330255291e-12,1.4799627293866776e-12,0.03849158116705727,110560163375.30637,0,200,219,0,244.68
1385,56,10,train,1.3194240520529756e-12,1.2790360563937205e-12,0.03061032243304405,468073339179.05084,0,200,210,0,211.34
1386,56,11,train,1.4799627293866776e-12,1.4315181440062686e-12,0.03273365228628784,110560163375.30637,0,200,219,0,244.89
1386,56,11,train,1.2790360563937205e-12,1.2412444664266662e-12,0.029546930892322805,468073339179.05084,0,200,214,0,215.63
1387,56,12,train,1.4315181440062686e-12,1.3864812872587063e-12,0.0314609052886479,110560163375.30637,0,200,214,0,239.6
1387,56,12,train,1.2412444664266662e-12,1.2080881266711576e-12,0.026712175282408414,468073339179.05084,0,200,216,0,217.84
1388,56,13,train,1.3864812872587063e-12,1.34063953302248e-12,0.033063377528060794,110560163375.30637,0,200,214,0,238.57
1388,56,13,train,1.2080881266711576e-12,1.1767015503441202e-12,0.025980369837357763,468073339179.05084,0,200,217,0,220.3
1389,56,14,train,1.34063953302248e-12,1.3009541261210618e-12,0.029601847419751415,110560163375.30637,0,200,218,0,249.36
1389,56,14,train,1.1767015503441202e-12,1.1474784199900394e-12,0.024834785290743084,468073339179.05084,0,200,223,0,226.21
1390,56,15,train,1.3009541261210618e-12,1.2633169638168414e-12,0.028930430019419424,110560163375.30637,0,200,221,0,253.22
1390,56,15,train,1.1474784199900394e-12,1.119867348067754e-12,0.02406238883562195,468073339179.05084,0,200,213,0,216.2
1391,56,16,train,1.2633169638168414e-12,1.2319395844656047e-12,0.024837297566587473,110560163375.30637,0,200,217,0,245.29
1391,56,16,train,1.119867348067754e-12,1.0942720717821122e-12,0.02285563225841386,468073339179.05084,0,200,213,0,226.15
1392,56,17,train,1.0942720717821122e-12,1.069227850058547e-12,0.022886649828117025,468073339179.05084,0,200,214,0,227.52
1392,56,17,train,1.2319395844656047e-12,1.198802520450459e-12,0.026898286598624165,110560163375.30637,0,200,220,0,249.99
1393,56,18,train,1.069227850058547e-12,1.0448513611604805e-12,0.022798217327328008,468073339179.05084,0,200,214,0,226.48
1393,56,18,train,1.198802520450459e-12,1.1673347657586027e-12,0.026249323099547722,110560163375.30637,0,200,218,0,237.7
1394,56,19,train,1.0448513611604805e-12,1.025126828273199e-12,0.018877836236317967,468073339179.05084,0,200,215,0,227.15
1394,56,19,train,1.1673347657586027e-12,1.1364915279830227e-12,0.026421930263968614,110560163375.30637,0,200,214,0,240.09
1395,56,20,train,1.025126828273199e-12,1.0069383629274276e-12,0.017742648854883063,468073339179.05084,0,200,214,0,226.94
1395,56,20,train,1.1364915279830227e-12,1.1095707271262172e-12,0.023687638837557347,110560163375.30637,0,200,216,0,246.9
1396,56,21,train,1.0069383629274276e-12,9.898400199814225e-13,0.016980525894649472,468073339179.05084,0,200,216,0,229.1
1396,56,21,train,1.1095707271262172e-12,1.084993235149905e-12,0.02215045095860428,110560163375.30637,0,200,212,0,249.42
1397,56,22,train,9.898400199814225e-13,9.732045121406778e-13,0.01680625909736093,468073339179.05084,0,200,218,0,230.7
1397,56,22,train,1.084993235149905e-12,1.0608836899092263e-12,0.022220917568530018,110560163375.30637,0,200,216,0,253.43
1398,56,23,train,9.732045121406778e-13,9.560239952000433e-13,0.017653552492110793,468073339179.05084,0,200,217,0,229.71
1398,56,23,train,1.0608836899092263e-12,1.0395941348375615e-12,0.02006775603599527,110560163375.30637,0,200,214,0,251.33
1399,56,24,train,9.560239952000433e-13,9.408557258928997e-13,0.015865992258875944,468073339179.05084,0,200,214,0,223.95
1399,56,24,train,1.0395941348375615e-12,1.019519623786701e-12,0.01930995027592873,110560163375.30637,0,200,216,0,245.76
1400,57,0,train,7.125294510439943e-12,3.246162131818669e-12,0.5444171287148327,140345076057.53073,1,200,212,0,222.51
1400,57,0,train,7.617835368640652e-12,3.540397262889038e-12,0.53524891369229,131270886230.56483,1,200,216,0,248.05
1401,57,1,train,3.246162131818669e-12,2.463891318613108e-12,0.2409832847034329,140345076057.53073,0,200,209,0,218.58
1401,57,1,train,3.540397262889038e-12,2.5880841914527104e-12,0.2689848061455172,131270886230.56483,0,200,212,0,248.75
1402,57,2,train,2.463891318613108e-12,2.200998256041726e-12,0.10669831927463463,140345076057.53073,0,200,215,0,225.49
1403,57,3,train,2.200998256041726e-12,2.025620691725763e-12,0.07968091925314029,140345076057.53073,0,200,214,0,222.03
1402,57,2,train,2.5880841914527104e-12,2.2479706529642427e-12,0.131415175600435,131270886230.56483,0,200,211,0,245.38
1404,57,4,train,2.025620691725763e-12,1.8665292434111656e-12,0.07853960465769949,140345076057.53073,0,200,215,0,219.71
1403,57,3,train,2.2479706529642427e-12,2.041959662394552e-12,0.09164309609559997,131270886230.56483,0,200,214,0,248.55
1405,57,5,train,1.8665292434111656e-12,1.7514083247324634e-12,0.06167646131721657,140345076057.53073,0,200,217,0,221.37
1404,57,4,train,2.041959662394552e-12,1.8892514906029236e-12,0.07478510697540006,131270886230.56483,0,200,208,0,238.38
1406,57,6,train,1.7514083247324634e-12,1.6414654260905377e-12,0.06277399569784503,140345076057.53073,0,200,207,0,212.13
1405,57,5,train,1.8892514906029236e-12,1.7628726444799237e-12,0.06689360667523843,131270886230.56483,0,200,214,0,246.08
1407,57,7,train,1.6414654260905377e-12,1.55887658537984e-12,0.05031409093239255,140345076057.53073,0,200,216,0,220.65
1406,57,6,train,1.7628726444799237e-12,1.6505043881330466e-12,0.06374156221592944,131270886230.56483,0,200,212,0,229.93
1408,57,8,train,1.55887658537984e-12,1.4897307011230804e-12,0.04435622736607547,140345076057.53073,0,200,214,0,223.43
1407,57,7,train,1.6505043881330466e-12,1.5622638323480587e-12,0.05346278169232888,131270886230.56483,0,200,211,0,240.71
1409,57,9,train,1.4897307011230804e-12,1.431201395483532e-12,0.03928851408877066,140345076057.53073,0,200,213,0,222.64
1408,57,8,train,1.5622638323480587e-12,1.5003343548613348e-12,0.03964085719992941,131270886230.56483,0,200,215,0,256.83
1410,57,10,train,1.431201395483532e-12,1.3757148258860707e-12,0.0387692254720833,140345076057.53073,0,200,215,0,225.49
1409,57,9,train,1.5003343548613348e-12,1.4431390652559294e-12,0.03812169562076817,131270886230.56483,0,200,212,0,253.73
1411,57,11,train,1.3757148258860707e-12,1.3308420859136205e-12,0.032617762873601824,140345076057.53073,0,200,215,0,222.68
1410,57,10,train,1.4431390652559294e-12,1.3926291584874095e-12,0.035000027360192365,131270886230.56483,0,200,218,0,251.67
1412,57,12,train,1.3308420859136205e-12,1.2848468939721232e-12,0.03456096889956833,140345076057.53073,0,200,214,0,215.35
1413,57,13,train,1.2848468939721232e-12,1.2460221526995062e-12,0.030217406801358072,140345076057.53073,0,200,215,0,215.67
1411,57,11,train,1.3926291584874095e-12,1.3438314481616621e-12,0.035039988950646764,131270886230.56483,0,200,214,0,245.39
1414,57,14,train,1.2460221526995062e-12,1.2087100904217201e-12,0.029944942950612456,140345076057.53073,0,200,213,0,213.82
1412,57,12,train,1.3438314481616621e-12,1.2950174440598143e-12,0.03632449900515765,131270886230.56483,0,200,218,0,256.26
1415,57,15,train,1.2087100904217201e-12,1.1768442120530727e-12,0.02636354128352594,140345076057.53073,0,200,218,0,219.77
1413,57,13,train,1.2950174440598143e-12,1.2488013178215867e-12,0.035687647645380224,131270886230.56483,0,200,217,0,259.65
1416,57,16,train,1.1768442120530727e-12,1.1438709574238024e-12,0.028018368354590092,140345076057.53073,0,200,216,0,218.32
1414,57,14,train,1.2488013178215867e-12,1.209483039441935e-12,0.03148481493296196,131270886230.56483,0,200,213,0,253.35
1417,57,17,train,1.1438709574238024e-12,1.1129543253711511e-12,0.027028076770373582,140345076057.53073,0,200,219,0,233.04
1415,57,15,train,1.209483039441935e-12,1.1710806267167847e-12,0.031751096520435305,131270886230.56483,0,200,212,0,254.54
1418,57,18,train,1.1129543253711511e-12,1.0828899347371927e-12,0.027013139666744596,140345076057.53073,0,200,221,0,236.01
1416,57,16,train,1.1710806267167847e-12,1.1398892932758378e-12,0.02663465924493539,131270886230.56483,0,200,218,0,259.32
1419,57,19,train,1.0828899347371927e-12,1.0563532060498652e-12,0.024505471734546844,140345076057.53073,0,200,219,0,235.49
1417,57,17,train,1.1398892932758378e-12,1.1080475747935352e-12,0.027934044709548276,131270886230.56483,0,200,212,0,244.41
1420,57,20,train,1.0563532060498652e-12,1.0325694667654816e-12,0.022514949685551316,140345076057.53073,0,200,216,0,230.82
1418,57,18,train,1.1080475747935352e-12,1.0789773616150648e-12,0.026235528004189795,131270886230.56483,0,200,216,0,235.11
1421,57,21,train,1.0325694667654816e-12,1.0089846692454887e-12,0.02284088216734914,140345076057.53073,0,200,214,0,224.07
1419,57,19,train,1.0789773616150648e-12,1.0511755081073884e-12,0.025766855261968806,131270886230.56483,0,200,212,0,233.11
1422,57,22,train,1.0089846692454887e-12,9.877500573956944e-13,0.021045524770632502,140345076057.53073,0,200,214,0,225.4
1423,57,23,train,9.877500573956944e-13,9.648177995273643e-13,0.02321666062849275,140345076057.53073,0,200,210,0,223.66
1420,57,20,train,1.0511755081073884e-12,1.0235180576775388e-12,0.026310973016909493,131270886230.56483,0,200,218,0,246.39
1424,57,24,train,9.648177995273643e-13,9.436896574015562e-13,0.021898582443398297,140345076057.53073,0,200,216,0,230.83
1421,57,21,train,1.0235180576775388e-12,9.99943508369698e-13,0.023032861150817083,131270886230.56483,0,200,214,0,240.26
1422,57,22,train,9.99943508369698e-13,9.785636408403844e-13,0.021381075381119524,131270886230.56483,0,200,215,0,234.93
1425,58,0,train,6.890519381492908e-12,3.0877520429066993e-12,0.5518839913287199,145126941038.12808,1,200,217,0,230.06
1423,57,23,train,9.785636408403844e-13,9.564102647636665e-13,0.022638666666270933,131270886230.56483,0,200,214,0,234.41
1426,58,1,train,3.0877520429066993e-12,2.389959888984943e-12,0.22598710784590062,145126941038.12808,0,200,212,0,227.88
1424,57,24,train,9.564102647636665e-13,9.369807144912763e-13,0.02031507919584211,131270886230.56483,0,200,214,0,236.71
1427,58,2,train,2.389959888984943e-12,2.0474601097544994e-12,0.14330775207106475,145126941038.12808,0,200,212,0,226.19
1428,58,3,train,2.0474601097544994e-12,1.7885274484538413e-12,0.1264653020916268,145126941038.12808,0,200,218,0,232.7
1425,58,0,train,7.037588310953586e-12,3.0419270101751326e-12,0.5677600229270935,142094131656.37436,1,200,211,0,233.42
1429,58,4,train,1.7885274484538413e-12,1.6094409792113886e-12,0.10013067979318442,145126941038.12808,0,200,211,0,228.5
1426,58,1,train,3.0419270101751326e-12,2.3672447603434564e-12,0.22179435850199206,142094131656.37436,0,200,208,0,237.5
1430,58,5,train,1.6094409792113886e-12,1.4827771179342446e-12,0.07870053199416363,145126941038.12808,0,200,215,0,231.69
1427,58,2,train,2.3672447603434564e-12,2.0452980402031057e-12,0.13600060523257443,142094131656.37436,0,200,212,0,243.38
1431,58,6,train,1.4827771179342446e-12,1.3932533635728063e-12,0.060375732319203755,145126941038.12808,0,200,213,0,225.22
1428,58,3,train,2.0452980402031057e-12,1.7679227760549414e-12,0.13561606117836006,142094131656.37436,0,200,221,0,259.1
1432,58,7,train,1.3932533635728063e-12,1.3198312977191324e-12,0.0526982871696739,145126941038.12808,0,200,216,0,218.34
1429,58,4,train,1.7679227760549414e-12,1.5968898878782873e-12,0.09674228450085817,142094131656.37436,0,200,212,0,246.72
1433,58,8,train,1.3198312977191324e-12,1.2613305407824045e-12,0.04432442012689508,145126941038.12808,0,200,217,0,218.67
1430,58,5,train,1.5968898878782873e-12,1.4776612725290113e-12,0.07466301606286047,142094131656.37436,0,200,213,0,252.8
1434,58,9,train,1.2613305407824045e-12,1.2099470838414353e-12,0.040737503199673536,145126941038.12808,0,200,215,0,219.47
1431,58,6,train,1.4776612725290113e-12,1.3916822542289272e-12,0.05818587784528678,142094131656.37436,0,200,212,0,249.7
1435,58,10,train,1.2099470838414353e-12,1.1675916817848692e-12,0.035005995404437704,145126941038.12808,0,200,216,0,216.71
1432,58,7,train,1.3916822542289272e-12,1.3222390069883723e-12,0.04989878043607775,142094131656.37436,0,200,211,0,248.12
1436,58,11,train,1.1675916817848692e-12,1.1261955334123863e-12,0.035454302234494924,145126941038.12808,0,200,223,0,223.74
1437,58,12,train,1.1261955334123863e-12,1.092702304855765e-12,0.02974015396343867,145126941038.12808,0,200,218,0,221.26
1433,58,8,train,1.3222390069883723e-12,1.2624844636263684e-12,0.04519193810361497,142094131656.37436,0,200,213,0,250.19
1438,58,13,train,1.092702304855765e-12,1.0613470499283788e-12,0.028695148521284557,145126941038.12808,0,200,214,0,217.61
1434,58,9,train,1.2624844636263684e-12,1.2157566638670215e-12,0.037012574099427445,142094131656.37436,0,200,212,0,250.04
1439,58,14,train,1.0613470499283788e-12,1.033531848117731e-12,0.02620745194752736,145126941038.12808,0,200,214,0,217.24
1435,58,10,train,1.2157566638670215e-12,1.170307581111743e-12,0.037383371283128505,142094131656.37436,0,200,217,0,258.38
1440,58,15,train,1.033531848117731e-12,1.0075836000302443e-12,0.025106384611895228,145126941038.12808,0,200,213,0,214.99
1436,58,11,train,1.170307581111743e-12,1.1301705810094067e-12,0.03429611219317902,142094131656.37436,0,200,215,0,254.73
1441,58,16,train,1.0075836000302443e-12,9.807990142880743e-13,0.026582990971038,145126941038.12808,0,200,218,0,231.05
1437,58,12,train,1.1301705810094067e-12,1.094822694189829e-12,0.03127659435977084,142094131656.37436,0,200,221,0,254.67
1442,58,17,train,9.807990142880743e-13,9.60677339911424e-13,0.020515594003992752,145126941038.12808,0,200,211,0,224.25
1438,58,13,train,1.094822694189829e-12,1.063155119182703e-12,0.028924843424587614,142094131656.37436,0,200,216,0,249.77
1443,58,18,train,9.60677339911424e-13,9.399236213962192e-13,0.021603214370725394,145126941038.12808,0,200,210,0,213.09
1439,58,14,train,1.063155119182703e-12,1.0359634603177513e-12,0.025576379565246533,142094131656.37436,0,200,216,0,253.77
1444,58,19,train,9.399236213962192e-13,9.18466324630335e-13,0.022828766377857638,145126941038.12808,0,200,218,0,221.32
1445,58,20,train,9.18466324630335e-13,8.989902796013686e-13,0.021204963651558082,145126941038.12808,0,200,217,0,219.67
1440,58,15,train,1.0359634603177513e-12,1.0091839284875665e-12,0.025849880672404138,142094131656.37436,0,200,212,0,251.35
1446,58,21,train,8.989902796013686e-13,8.805928373105452e-13,0.020464561973886155,145126941038.12808,0,200,214,0,216.64
1441,58,16,train,1.0091839284875665e-12,9.829217194048231e-13,0.02602321374865907,142094131656.37436,0,200,215,0,252.67
1447,58,22,train,8.805928373105452e-13,8.627325684860787e-13,0.02028209641020278,145126941038.12808,0,200,217,0,220.48
1442,58,17,train,9.829217194048231e-13,9.59295703248434e-13,0.0240365185649728,142094131656.37436,0,200,217,0,254.27
1448,58,23,train,8.627325684860787e-13,8.467833400474877e-13,0.018486874173045995,145126941038.12808,0,200,220,0,226.8
1443,58,18,train,9.59295703248434e-13,9.360373546603016e-13,0.024245233778670543,142094131656.37436,0,200,221,0,260.02
1449,58,24,train,8.467833400474877e-13,8.307173294083547e-13,0.018972988578438613,145126941038.12808,0,200,213,0,217.65
1444,58,19,train,9.360373546603016e-13,9.165386770493605e-13,0.020831089180214903,142094131656.37436,0,200,213,0,250.01
1450,59,0,train,1.0948922329812048e-11,5.632168711927965e-12,0.48559606669301775,91333189685.45155,1,200,220,0,222.81
1445,58,20,train,9.165386770493605e-13,8.985429962377054e-13,0.019634393247417593,142094131656.37436,0,200,217,0,259.75
1451,59,1,train,5.632168711927965e-12,3.743507137265744e-12,0.33533469454889736,91333189685.45155,0,200,207,0,210.09
1446,58,21,train,8.985429962377054e-13,8.804270680219258e-13,0.020161448357655612,142094131656.37436,0,200,216,0,259.35
1452,59,2,train,3.743507137265744e-12,3.1942353787589778e-12,0.14672651563526987,91333189685.45155,0,200,215,0,218.41
1453,59,3,train,3.1942353787589778e-12,2.826314847410434e-12,0.11518266117617425,91333189685.45155,0,200,213,0,216.43
1447,58,22,train,8.804270680219258e-13,8.616310220181662e-13,0.021348782524359566,142094131656.37436,0,200,215,0,252.43
1454,59,4,train,2.826314847410434e-12,2.5950657719299775e-12,0.08181999811250139,91333189685.45155,0,200,216,0,219.75
1448,58,23,train,8.616310220181662e-13,8.45615441670786e-13,0.018587515929808906,142094131656.37436,0,200,214,0,250.74
1455,59,5,train,2.5950657719299775e-12,2.4111546707429087e-12,0.0708695337036842,91333189685.45155,0,200,216,0,219.37
1449,58,24,train,8.45615441670786e-13,8.300901483238566e-13,0.018359756198697376,142094131656.37436,0,200,212,0,261.94
1456,59,6,train,2.4111546707429087e-12,2.2667400570921247e-12,0.05989437981856548,91333189685.45155,0,200,216,0,220.57
1450,59,0,train,1.0963137994312408e-11,5.771677893016707e-12,0.4735377867166309,91214759908.95967,1,200,223,0,278.8
1457,59,7,train,2.2667400570921247e-12,2.148353125573068e-12,0.05222783757169254,91333189685.45155,0,200,213,0,217.11
1458,59,8,train,2.148353125573068e-12,2.0408401556624238e-12,0.05004436590561225,91333189685.45155,0,200,214,0,216.78
1451,59,1,train,5.771677893016707e-12,4.05737501147738e-12,0.29701984644941876,91214759908.95967,0,200,212,0,265.44
1459,59,9,train,2.0408401556624238e-12,1.950401988947427e-12,0.044314184265764854,91333189685.45155,0,200,215,0,217.78
1452,59,2,train,4.05737501147738e-12,3.483761729556564e-12,0.14137546573787144,91214759908.95967,0,200,215,0,270.23
1460,59,10,train,1.950401988947427e-12,1.874986233382183e-12,0.038666775358418996,91333189685.45155,0,200,216,0,224.69
1453,59,3,train,3.483761729556564e-12,3.0753120124840454e-12,0.11724387279623416,91214759908.95967,0,200,219,0,264.09
1461,59,11,train,1.874986233382183e-12,1.808845748657358e-12,0.035275184183895636,91333189685.45155,0,200,221,0,227.92
1454,59,4,train,3.0753120124840454e-12,2.8035528252032777e-12,0.08836800499512812,91214759908.95967,0,200,214,0,258.6
1462,59,12,train,1.808845748657358e-12,1.7533836477668682e-12,0.030661597834783436,91333189685.45155,0,200,216,0,221.15
1455,59,5,train,2.8035528252032777e-12,2.603493752927839e-12,0.07135912349393064,91214759908.95967,0,200,218,0,253.97
1463,59,13,train,1.7533836477668682e-12,1.6978355311613897e-12,0.031680526207841245,91333189685.45155,0,200,215,0,215.65
1464,59,14,train,1.6978355311613897e-12,1.6550209169179249e-12,0.025217174135929325,91333189685.45155,0,200,214,0,213.29
1456,59,6,train,2.603493752927839e-12,2.429986785692759e-12,0.0666438961261026,91214759908.95967,0,200,221,0,246.9
1465,59,15,train,1.6550209169179249e-12,1.6152666182367164e-12,0.02402042069367996,91333189685.45155,0,200,220,0,219.35
1457,59,7,train,2.429986785692759e-12,2.289296750529169e-12,0.05789744865772219,91214759908.95967,0,200,220,0,243.16
1466,59,16,train,1.6152666182367164e-12,1.5758159533286248e-12,0.024423624225675726,91333189685.45155,0,200,222,0,220.7
1458,59,8,train,2.289296750529169e-12,2.15698593922816e-12,0.05779539558182021,91214759908.95967,0,200,222,0,247.7
1467,59,17,train,1.5758159533286248e-12,1.5348182519150585e-12,0.026016808198296295,91333189685.45155,0,200,218,0,216.83
1459,59,9,train,2.15698593922816e-12,2.033737475771465e-12,0.05713920578490071,91214759908.95967,0,200,209,0,231.73
1468,59,18,train,1.5348182519150585e-12,1.496184527773567e-12,0.025171530305485044,91333189685.45155,0,200,213,0,211.86
1460,59,10,train,2.033737475771465e-12,1.9367328363307826e-12,0.04769771939413432,91214759908.95967,0,200,216,0,238.33
1469,59,19,train,1.496184527773567e-12,1.4603223993637862e-12,0.023969054447546236,91333189685.45155,0,200,213,0,212.36
1461,59,11,train,1.9367328363307826e-12,1.8683916466506855e-12,0.03528684411091629,91214759908.95967,0,200,215,0,258.36
1470,59,20,train,1.4603223993637862e-12,1.4287480101127955e-12,0.02162151951154523,91333189685.45155,0,200,210,0,209.61
1462,59,12,train,1.8683916466506855e-12,1.80839500849909e-12,0.03211138213936394,91214759908.95967,0,200,216,0,257.72
1471,59,21,train,1.4287480101127955e-12,1.3932735783512251e-12,0.024829033188833484,91333189685.45155,0,200,219,0,218.7
1472,59,22,train,1.3932735783512251e-12,1.3654206167471088e-12,0.019991021172652293,91333189685.45155,0,200,221,0,220.59
1463,59,13,train,1.80839500849909e-12,1.7547406747314477e-12,0.029669587405117687,91214759908.95967,0,200,219,0,258.15
1473,59,23,train,1.3654206167471088e-12,1.3371948803943292e-12,0.020671825228494634,91333189685.45155,0,200,214,0,213.47
1464,59,14,train,1.7547406747314477e-12,1.7105253498685917e-12,0.02519764059702032,91214759908.95967,0,200,214,0,251.43
1474,59,24,train,1.3371948803943292e-12,1.3112601292099483e-12,0.019394892670193953,91333189685.45155,0,200,218,0,217.54
1465,59,15,train,1.7105253498685917e-12,1.6635432464485037e-12,0.027466475971079464,91214759908.95967,0,200,215,0,252.15
1475,60,0,train,1.3408051861170978e-11,3.970866323816603e-12,0.7038446476093946,74582050424.18938,1,200,216,0,215.09
1466,59,16,train,1.6635432464485037e-12,1.6146723122242269e-12,0.02937761571790293,91214759908.95967,0,200,218,0,256.4
1476,60,1,train,3.970866323816603e-12,3.0571554387035503e-12,0.23010366267752835,74582050424.18938,0,200,211,0,210.02
1467,59,17,train,1.6146723122242269e-12,1.5695561607791138e-12,0.02794136686654717,91214759908.95967,0,200,211,0,240.48
1477,60,2,train,3.0571554387035503e-12,2.6085145240532097e-12,0.14675109710502518,74582050424.18938,0,200,214,0,213.07
1468,59,18,train,1.5695561607791138e-12,1.5287874940893651e-12,0.025974646660309006,91214759908.95967,0,200,218,0,246.67
1478,60,3,train,2.6085145240532097e-12,2.2257584939399245e-12,0.14673333293101404,74582050424.18938,0,200,217,0,216.05
1469,59,19,train,1.5287874940893651e-12,1.4911713282278602e-12,0.024605228657964183,91214759908.95967,0,200,217,0,258.99
1479,60,4,train,2.2257584939399245e-12,1.992984895713522e-12,0.10458169601966047,74582050424.18938,0,200,215,0,214.17
1480,60,5,train,1.992984895713522e-12,1.7947580496674956e-12,0.09946229219918794,74582050424.18938,0,200,211,0,210.06
1470,59,20,train,1.4911713282278602e-12,1.4527242060393685e-12,0.025783168882534173,91214759908.95967,0,200,217,0,264.32
1481,60,6,train,1.7947580496674956e-12,1.6576666658314736e-12,0.07638432593263485,74582050424.18938,0,200,215,0,214.18
1471,59,21,train,1.4527242060393685e-12,1.4211788791079425e-12,0.021714601298913852,91214759908.95967,0,200,215,0,258.2
1482,60,7,train,1.6576666658314736e-12,1.5469865595972747e-12,0.06676861429115036,74582050424.18938,0,200,213,0,212.61
1472,59,22,train,1.4211788791079425e-12,1.394704466222717e-12,0.018628487429987163,91214759908.95967,0,200,214,0,257.5
1483,60,8,train,1.5469865595972747e-12,1.4518312779701063e-12,0.061510089429568184,74582050424.18938,0,200,213,0,212.71
1473,59,23,train,1.394704466222717e-12,1.3637114421168026e-12,0.02222192934525605,91214759908.95967,0,200,221,0,256.0
1484,60,9,train,1.4518312779701063e-12,1.3650903035569525e-12,0.05974590555345495,74582050424.18938,0,200,216,0,215.45
1474,59,24,train,1.3637114421168026e-12,1.3358490350502158e-12,0.02043130695107887,91214759908.95967,0,200,221,0,258.55
1485,60,10,train,1.3650903035569525e-12,1.2982291905875017e-12,0.04897926004985455,74582050424.18938,0,200,218,0,217.21
1486,60,11,train,1.2982291905875017e-12,1.2630458782754823e-12,0.027101002324633784,770280014692.5206,1,200,216,0,214.33
1475,60,0,train,1.2974552334840944e-11,3.995341845671364e-12,0.6920632217157462,77073950159.70384,1,200,214,0,253.96
1487,60,12,train,1.2630458782754823e-12,1.2240197771816757e-12,0.030898403427032685,770280014692.5206,0,200,217,0,216.52
1476,60,1,train,3.995341845671364e-12,3.150565521818436e-12,0.2114403113636386,77073950159.70384,0,200,211,0,252.98
1488,60,13,train,1.2240197771816757e-12,1.190251659075637e-12,0.027587886025657513,770280014692.5206,0,200,212,0,211.76
1477,60,2,train,3.150565521818436e-12,2.767307535180829e-12,0.12164736266662345,77073950159.70384,0,200,215,0,256.42
1489,60,14,train,1.190251659075637e-12,1.1595543357828168e-12,0.025790615840569384,770280014692.5206,0,200,210,0,210.16
1478,60,3,train,2.767307535180829e-12,2.4321118462563155e-12,0.1211270105194905,77073950159.70384,0,200,211,0,251.76
1490,60,15,train,1.1595543357828168e-12,1.124617623905633e-12,0.030129430591622975,770280014692.5206,0,200,212,0,211.42
1491,60,16,train,1.124617623905633e-12,1.088563181590334e-12,0.032059289796728604,770280014692.5206,0,200,214,0,212.93
1479,60,4,train,2.4321118462563155e-12,2.1395748102661142e-12,0.12028107853694957,77073950159.70384,0,200,209,0,240.61
1492,60,17,train,1.088563181590334e-12,1.0483653216120346e-12,0.03692744772018863,770280014692.5206,0,200,214,0,213.18
1480,60,5,train,2.1395748102661142e-12,1.9193742344576715e-12,0.10291791376112473,77073950159.70384,0,200,220,0,259.63
1493,60,18,train,1.0483653216120346e-12,1.0095157617479681e-12,0.037057272940246556,770280014692.5206,0,200,216,0,215.39
1481,60,6,train,1.9193742344576715e-12,1.7497250127567774e-12,0.08838777694065966,77073950159.70384,0,200,212,0,252.5
1494,60,19,train,1.0095157617479681e-12,9.766880062079737e-13,0.0325183189642858,770280014692.5206,0,200,219,0,218.42
1482,60,7,train,1.7497250127567774e-12,1.608959941291763e-12,0.08044982522324014,77073950159.70384,0,200,218,0,257.11
1495,60,20,train,9.766880062079737e-13,9.474143544815292e-13,0.029972367368470622,770280014692.5206,0,200,214,0,213.25
1483,60,8,train,1.608959941291763e-12,1.5061268619688646e-12,0.06391276543550133,77073950159.70384,0,200,217,0,259.41
1496,60,21,train,9.474143544815292e-13,9.22516285251633e-13,0.026280021103882858,770280014692.5206,0,200,218,0,217.16
1497,60,22,train,9.22516285251633e-13,9.008285379700961e-13,0.023509338131219245,770280014692.5206,0,200,213,0,212.31
1484,60,9,train,1.5061268619688646e-12,1.4261909424366748e-12,0.05307382900514409,77073950159.70384,0,200,217,0,262.3
1498,60,23,train,9.008285379700961e-13,8.799081660183995e-13,0.02322347824241679,770280014692.5206,0,200,210,0,209.38
1485,60,10,train,1.4261909424366748e-12,1.3593720686102375e-12,0.04685128185730589,77073950159.70384,0,200,218,0,255.81
1499,60,24,train,8.799081660183995e-13,8.610676134679726e-13,0.021411953290172026,770280014692.5206,0,200,213,0,212.37
1486,60,11,train,1.3593720686102375e-12,1.2976915933696621e-12,0.04537424055184152,77073950159.70384,0,200,219,0,256.08
1487,60,12,train,1.2976915933696621e-12,1.2359937926718337e-12,0.047544270929289346,77073950159.70384,0,200,212,0,245.75
1488,60,13,train,1.2359937926718337e-12,1.2044151312053428e-12,0.025549207167317314,809065551889.473,1,200,219,0,252.8
1489,60,14,train,1.2044151312053428e-12,1.1733838266018245e-12,0.02576462533517248,809065551889.473,0,200,212,0,247.22
1490,60,15,train,1.1733838266018245e-12,1.1481794879602264e-12,0.021480046060112386,809065551889.473,0,200,206,0,241.07
1491,60,16,train,1.1481794879602264e-12,1.1199060665941989e-12,0.024624565812664086,809065551889.473,0,200,214,0,255.88
1492,60,17,train,1.1199060665941989e-12,1.0938374400544311e-12,0.02327751167474816,809065551889.473,0,200,215,0,254.33
1493,60,18,train,1.0938374400544311e-12,1.0673038740133738e-12,0.024257321124185494,809065551889.473,0,200,215,0,251.96
1494,60,19,train,1.0673038740133738e-12,1.0362056798308558e-12,0.029137151039825,809065551889.473,0,200,211,0,247.1
1495,60,20,train,1.0362056798308558e-12,1.0017671011857693e-12,0.03323527299204539,809065551889.473,0,200,211,0,251.35
1496,60,21,train,1.0017671011857693e-12,9.647803579748845e-13,0.03692149918589303,809065551889.473,0,200,214,0,250.84
1497,60,22,train,9.647803579748845e-13,9.36867903541662e-13,0.02893140827598508,809065551889.473,0,200,222,0,261.35
1498,60,23,train,9.36867903541662e-13,9.173006505422378e-13,0.02088581850808823,809065551889.473,0,200,215,0,259.03
1499,60,24,train,9.173006505422378e-13,8.945093367545119e-13,0.02484606739813545,809065551889.473,0,200,214,0,258.64
