restart,round,in_round,phase,loss_before,loss_after,gain,factor,factor_renewed,n_iter,func_evals,early_stop,wall_s
0,1,0,train,2.1391202735070938e-06,2.1867890770441765e-09,0.9989777156973699,467481.89542446675,1,200,207,0,151.79
1,1,1,train,2.1867890770441765e-09,1.0256398577720175e-09,0.5309836378191777,457291473.8314282,1,200,207,0,152.26
2,1,2,train,1.0256398577720175e-09,6.246499896796733e-10,0.3909655665716898,457291473.8314282,0,200,204,0,148.63
3,1,3,train,6.246499896796733e-10,4.803601529335737e-10,0.2309930987433344,457291473.8314282,0,200,204,0,149.1
4,1,4,train,4.803601529335737e-10,3.8857033601461604e-10,0.1910854103080669,457291473.8314282,0,200,206,0,153.51
5,1,5,train,3.8857033601461604e-10,3.2127227600711615e-10,0.1731940237583357,457291473.8314282,0,200,212,0,152.91
6,1,6,train,3.2127227600711615e-10,2.740897496741919e-10,0.14686149368169926,457291473.8314282,0,200,214,0,155.6
7,1,7,train,2.740897496741919e-10,2.390868169618975e-10,0.12770609902012792,457291473.8314282,0,200,212,0,161.81
8,1,8,train,2.390868169618975e-10,2.0483499263314288e-10,0.14326103280806662,457291473.8314282,0,200,211,0,157.49
9,1,9,train,2.0483499263314288e-10,1.848145294147302e-10,0.09773946805206817,4881978353.137095,1,200,211,0,157.62
10,1,10,train,1.848145294147302e-10,1.6556263869750419e-10,0.10416870782937253,4881978353.137095,0,200,208,0,155.43
11,1,11,train,1.6556263869750419e-10,1.4754152743641072e-10,0.1088476929509407,4881978353.137095,0,200,208,0,154.23
12,1,12,train,1.4754152743641072e-10,1.326939292948133e-10,0.10063334980720345,4881978353.137095,0,200,207,0,151.62
13,1,13,train,1.326939292948133e-10,1.2020919958737578e-10,0.09408666827326749,4881978353.137095,0,200,214,0,156.65
14,1,14,train,1.2020919958737578e-10,1.1048851867613272e-10,0.08086470041069896,4881978353.137095,0,200,214,0,153.32
15,1,15,train,1.1048851867613272e-10,1.0243619958396014e-10,0.07287923839196163,4881978353.137095,0,200,219,0,149.86
16,1,16,train,1.0243619958396014e-10,9.489999606275317e-11,0.07356972976169475,4881978353.137095,0,200,210,0,144.1
17,1,17,train,9.489999606275317e-11,8.837270047912561e-11,0.06878077823429353,4881978353.137095,0,200,217,0,150.2
18,1,18,train,8.837270047912561e-11,8.300477048159423e-11,0.06074194823093961,4881978353.137095,0,200,215,0,149.36
19,1,19,train,8.300477048159423e-11,7.819615775646148e-11,0.05793176340628561,4881978353.137095,0,200,210,0,147.13
20,1,20,train,7.819615775646148e-11,7.384528845575972e-11,0.05564044865544864,4881978353.137095,0,200,214,0,149.18
21,1,21,train,7.384528845575972e-11,6.98400513875473e-11,0.05423822090710545,4881978353.137095,0,200,221,0,156.65
22,1,22,train,6.98400513875473e-11,6.643344980579938e-11,0.04877719179850612,4881978353.137095,0,200,218,0,154.35
23,1,23,train,6.643344980579938e-11,6.339819456030613e-11,0.04568865916742269,4881978353.137095,0,200,223,0,155.82
24,1,24,train,6.339819456030613e-11,6.044901619956008e-11,0.04651833354561389,4881978353.137095,0,200,225,0,154.81
25,2,0,train,1.510225303572377e-10,9.144926571221463e-11,0.39446607406262446,6621528573.481985,1,200,217,0,149.96
26,2,1,train,9.144926571221463e-11,8.06397765946817e-11,0.11820203293430197,6621528573.481985,0,200,213,0,148.57
27,2,2,train,8.06397765946817e-11,7.358009187126068e-11,0.08754593603235034,6621528573.481985,0,200,214,0,150.36
28,2,3,train,7.358009187126068e-11,6.899004887975553e-11,0.062381588209160094,6621528573.481985,0,200,224,0,157.18
29,2,4,train,6.899004887975553e-11,6.515916766493698e-11,0.05552802580985968,6621528573.481985,0,200,215,0,154.06
30,2,5,train,6.515916766493698e-11,6.207182491270314e-11,0.047381556009273254,6621528573.481985,0,200,214,0,150.71
31,2,6,train,6.207182491270314e-11,5.957175344090796e-11,0.04027707378204592,6621528573.481985,0,200,220,0,153.25
32,2,7,train,5.957175344090796e-11,5.7274327169465665e-11,0.03856569831742865,6621528573.481985,0,200,219,0,157.25
33,2,8,train,5.7274327169465665e-11,5.513127892383258e-11,0.037417257461482625,6621528573.481985,0,200,223,0,156.68
34,2,9,train,5.513127892383258e-11,5.3117292292082477e-11,0.03653074390914375,6621528573.481985,0,200,218,0,152.8
35,2,10,train,5.3117292292082477e-11,5.1238203304182686e-11,0.035376219434662,6621528573.481985,0,200,216,0,149.69
36,2,11,train,5.1238203304182686e-11,4.95919246143048e-11,0.03212990666562843,6621528573.481985,0,200,226,0,156.08
37,2,12,train,4.95919246143048e-11,4.79242042234152e-11,0.033628870100527376,6621528573.481985,0,200,220,0,154.51
38,2,13,train,4.79242042234152e-11,4.629545552955771e-11,0.03398593091425192,6621528573.481985,0,200,219,0,156.47
39,2,14,train,4.629545552955771e-11,4.480555660832562e-11,0.03218240114909023,6621528573.481985,0,200,212,0,152.94
40,2,15,train,4.480555660832562e-11,4.33599324481551e-11,0.03226439463318475,6621528573.481985,0,200,217,0,152.85
41,2,16,train,4.33599324481551e-11,4.2108638405174764e-11,0.028858302408023635,6621528573.481985,0,200,215,0,151.0
42,2,17,train,4.2108638405174764e-11,4.092581517989321e-11,0.028089799862448018,6621528573.481985,0,200,220,0,156.18
43,2,18,train,4.092581517989321e-11,3.970419704475677e-11,0.029849573668031034,6621528573.481985,0,200,217,0,156.04
44,2,19,train,3.970419704475677e-11,3.872215902735411e-11,0.024733859150851255,6621528573.481985,0,200,216,0,153.89
45,2,20,train,3.872215902735411e-11,3.777050804957678e-11,0.024576392476077222,6621528573.481985,0,200,225,0,160.69
46,2,21,train,3.777050804957678e-11,3.686671312321524e-11,0.023928588018335212,6621528573.481985,0,200,221,0,157.89
47,2,22,train,3.686671312321524e-11,3.593876202905472e-11,0.025170431957390337,6621528573.481985,0,200,218,0,156.48
48,2,23,train,3.593876202905472e-11,3.5076328993775256e-11,0.023997293912968714,6621528573.481985,0,200,217,0,154.53
49,2,24,train,3.5076328993775256e-11,3.4241128123330537e-11,0.02381095440725672,6621528573.481985,0,200,222,0,158.5
50,3,0,train,9.519986504768378e-11,5.5981827998991026e-11,0.41195475465274234,10504216571.09618,1,200,209,0,147.95
51,3,1,train,5.5981827998991026e-11,4.635274871481426e-11,0.17200365955092267,10504216571.09618,0,200,208,0,147.83
52,3,2,train,4.635274871481426e-11,4.199215395545616e-11,0.09407413541291162,10504216571.09618,0,200,217,0,151.12
53,3,3,train,4.199215395545616e-11,3.886341309726225e-11,0.07450774879309054,10504216571.09618,0,200,217,0,150.19
54,3,4,train,3.886341309726225e-11,3.6120801006357986e-11,0.07057054109067608,10504216571.09618,0,200,221,0,156.95
55,3,5,train,3.6120801006357986e-11,3.394379763331228e-11,0.06027007464930002,10504216571.09618,0,200,227,0,161.98
56,3,6,train,3.394379763331228e-11,3.2118753218024555e-11,0.05376665377879326,10504216571.09618,0,200,222,0,159.36
57,3,7,train,3.2118753218024555e-11,3.064779600394684e-11,0.04579745683441523,10504216571.09618,0,200,222,0,161.2
58,3,8,train,3.064779600394684e-11,2.937831870506904e-11,0.0414214874934013,10504216571.09618,0,200,217,0,159.21
59,3,9,train,2.937831870506904e-11,2.8136442593653797e-11,0.042271857824218086,10504216571.09618,0,200,221,0,159.96
60,3,10,train,2.8136442593653797e-11,2.696710378589247e-11,0.041559582518973875,10504216571.09618,0,200,216,0,155.69
61,3,11,train,2.696710378589247e-11,2.6021193888860496e-11,0.035076436258862025,10504216571.09618,0,200,219,0,158.33
62,3,12,train,2.6021193888860496e-11,2.509861981619536e-11,0.035454717281826344,10504216571.09618,0,200,219,0,155.63
63,3,13,train,2.509861981619536e-11,2.428489673547883e-11,0.032421028991859474,10504216571.09618,0,200,217,0,162.11
64,3,14,train,2.428489673547883e-11,2.3409513059073145e-11,0.036046423665734656,10504216571.09618,0,200,219,0,156.42
65,3,15,train,2.3409513059073145e-11,2.261997210502337e-11,0.03372735486028244,10504216571.09618,0,200,216,0,157.6
66,3,16,train,2.261997210502337e-11,2.1917401416292792e-11,0.03105975044834618,10504216571.09618,0,200,218,0,159.67
67,3,17,train,2.1917401416292792e-11,2.117662688978619e-11,0.03379846508427458,10504216571.09618,0,200,219,0,161.92
68,3,18,train,2.117662688978619e-11,2.0488882277242526e-11,0.03247658921900228,10504216571.09618,0,200,220,0,165.5
69,3,19,train,2.0488882277242526e-11,1.987467517080275e-11,0.029977579944514103,10504216571.09618,0,200,214,0,156.37
70,3,20,train,1.987467517080275e-11,1.9286989995233326e-11,0.02956954871055066,10504216571.09618,0,200,217,0,153.98
71,3,21,train,1.9286989995233326e-11,1.8714092386993657e-11,0.029703837062250632,10504216571.09618,0,200,223,0,157.42
72,3,22,train,1.8714092386993657e-11,1.8176973680201568e-11,0.028701296097340442,10504216571.09618,0,200,220,0,162.62
73,3,23,train,1.8176973680201568e-11,1.766197927338561e-11,0.028332241432295752,10504216571.09618,0,200,214,0,150.13
74,3,24,train,1.766197927338561e-11,1.7204266903747213e-11,0.025915123246017736,10504216571.09618,0,200,215,0,153.56
75,4,0,train,9.412086448472449e-11,5.388835095171223e-11,0.42745584364603734,10624636795.19536,1,200,214,0,152.74
76,4,1,train,5.388835095171223e-11,4.653577612593353e-11,0.13644089484881672,10624636795.19536,0,200,214,0,153.61
77,4,2,train,4.653577612593353e-11,4.2553113321547217e-11,0.08558281683340936,10624636795.19536,0,200,212,0,157.06
78,4,3,train,4.2553113321547217e-11,3.9886436797676736e-11,0.06266701342672808,10624636795.19536,0,200,213,0,156.37
79,4,4,train,3.9886436797676736e-11,3.791120854828739e-11,0.04952130117334515,10624636795.19536,0,200,218,0,162.23
80,4,5,train,3.791120854828739e-11,3.6322707389170153e-11,0.04190056766705202,10624636795.19536,0,200,225,0,166.75
81,4,6,train,3.6322707389170153e-11,3.4798132139338315e-11,0.0419730620159223,10624636795.19536,0,200,228,0,163.94
82,4,7,train,3.4798132139338315e-11,3.3440079646566123e-11,0.039026591638145765,10624636795.19536,0,200,226,0,165.63
83,4,8,train,3.3440079646566123e-11,3.236016650694705e-11,0.0322939763012785,10624636795.19536,0,200,221,0,168.09
84,4,9,train,3.236016650694705e-11,3.1334057819072193e-11,0.03170900519484577,10624636795.19536,0,200,217,0,163.1
85,4,10,train,3.1334057819072193e-11,3.05156633711415e-11,0.026118367836563953,10624636795.19536,0,200,216,0,163.02
86,4,11,train,3.05156633711415e-11,2.9662210426168925e-11,0.027967700868652367,10624636795.19536,0,200,220,0,165.24
87,4,12,train,2.9662210426168925e-11,2.8899948217646274e-11,0.02569809186742739,10624636795.19536,0,200,216,0,154.14
88,4,13,train,2.8899948217646274e-11,2.8017050500139694e-11,0.030550148770421795,10624636795.19536,0,200,215,0,151.66
89,4,14,train,2.8017050500139694e-11,2.7192408936547573e-11,0.029433560952035604,10624636795.19536,0,200,222,0,165.41
90,4,15,train,2.7192408936547573e-11,2.6482203673233538e-11,0.026117776654921272,10624636795.19536,0,200,220,0,163.61
91,4,16,train,2.6482203673233538e-11,2.5756999092030767e-11,0.027384601000397857,10624636795.19536,0,200,220,0,158.72
92,4,17,train,2.5756999092030767e-11,2.505858542094059e-11,0.027115490767954654,10624636795.19536,0,200,219,0,156.0
93,4,18,train,2.505858542094059e-11,2.444423300738977e-11,0.02451664382608878,10624636795.19536,0,200,211,0,148.41
94,4,19,train,2.444423300738977e-11,2.3866297604735683e-11,0.023643016431702732,10624636795.19536,0,200,219,0,161.25
95,4,20,train,2.3866297604735683e-11,2.3184227153517653e-11,0.028578812789240043,10624636795.19536,0,200,218,0,158.31
96,4,21,train,2.3184227153517653e-11,2.2608480528923697e-11,0.024833548290463546,10624636795.19536,0,200,221,0,161.97
97,4,22,train,2.2608480528923697e-11,2.2034783375585893e-11,0.025375307845383787,10624636795.19536,0,200,222,0,162.18
98,4,23,train,2.2034783375585893e-11,2.1483402405999834e-11,0.02502320808821645,10624636795.19536,0,200,220,0,160.25
99,4,24,train,2.1483402405999834e-11,2.0940735317989064e-11,0.02525982978651536,10624636795.19536,0,200,227,0,164.6
100,5,0,train,9.215683107358557e-11,5.250326332508259e-11,0.4302835425931727,10851067558.969318,1,200,212,0,153.66
101,5,1,train,5.250326332508259e-11,4.573398908507065e-11,0.12893054281405075,10851067558.969318,0,200,218,0,161.67
102,5,2,train,4.573398908507065e-11,4.175659275797225e-11,0.08696806044405989,10851067558.969318,0,200,214,0,157.48
103,5,3,train,4.175659275797225e-11,3.8958540265281505e-11,0.06700864002263533,10851067558.969318,0,200,216,0,158.95
104,5,4,train,3.8958540265281505e-11,3.622292063819933e-11,0.07021874044700967,10851067558.969318,0,200,216,0,157.53
105,5,5,train,3.622292063819933e-11,3.403898830163843e-11,0.060291448013659155,10851067558.969318,0,200,215,0,157.34
106,5,6,train,3.403898830163843e-11,3.2611551053589214e-11,0.04193536057534676,10851067558.969318,0,200,220,0,160.88
107,5,7,train,3.2611551053589214e-11,3.1265467849301845e-11,0.04127627054829149,10851067558.969318,0,200,219,0,159.86
108,5,8,train,3.1265467849301845e-11,3.010325832359462e-11,0.037172305602750776,10851067558.969318,0,200,220,0,160.16
109,5,9,train,3.010325832359462e-11,2.8990959320496033e-11,0.036949455475614644,10851067558.969318,0,200,218,0,160.4
110,5,10,train,2.8990959320496033e-11,2.7998067185411897e-11,0.03424833666618892,10851067558.969318,0,200,222,0,161.93
111,5,11,train,2.7998067185411897e-11,2.6935058306146375e-11,0.03796722367390387,10851067558.969318,0,200,220,0,163.76
112,5,12,train,2.6935058306146375e-11,2.6014686935099355e-11,0.03417001591702509,10851067558.969318,0,200,220,0,168.39
113,5,13,train,2.6014686935099355e-11,2.520018352651117e-11,0.031309368074279795,10851067558.969318,0,200,211,0,161.4
114,5,14,train,2.520018352651117e-11,2.4366697357657286e-11,0.03307460709470782,10851067558.969318,0,200,223,0,168.62
115,5,15,train,2.4366697357657286e-11,2.3601930525277862e-11,0.03138574018276196,10851067558.969318,0,200,216,0,161.35
116,5,16,train,2.3601930525277862e-11,2.295812081392611e-11,0.02727784113516585,10851067558.969318,0,200,218,0,163.94
117,5,17,train,2.295812081392611e-11,2.2362991896964314e-11,0.025922370641102234,10851067558.969318,0,200,216,0,160.7
118,5,18,train,2.2362991896964314e-11,2.178239421093252e-11,0.02596243332318194,10851067558.969318,0,200,217,0,162.73
119,5,19,train,2.178239421093252e-11,2.1249410312005932e-11,0.02446856363746669,10851067558.969318,0,200,224,0,168.09
120,5,20,train,2.1249410312005932e-11,2.0695290729182185e-11,0.026076939297965795,10851067558.969318,0,200,215,0,160.37
121,5,21,train,2.0695290729182185e-11,2.0192952913440892e-11,0.02427304947366369,10851067558.969318,0,200,223,0,169.77
122,5,22,train,2.0192952913440892e-11,1.973450278330228e-11,0.022703471458770958,10851067558.969318,0,200,224,0,170.79
123,5,23,train,1.973450278330228e-11,1.9298296208306062e-11,0.02210375299474486,10851067558.969318,0,200,222,0,168.43
124,5,24,train,1.9298296208306062e-11,1.8856115158244398e-11,0.0229129579776762,10851067558.969318,0,200,216,0,163.67
125,6,0,train,1.1786388574225608e-10,5.813901166082021e-11,0.5067275162812959,8484363074.426317,1,200,211,0,158.84
126,6,1,train,5.813901166082021e-11,4.914370779038713e-11,0.15472061896943112,8484363074.426317,0,200,215,0,157.48
127,6,2,train,4.914370779038713e-11,4.4062625163491515e-11,0.1033923335326667,8484363074.426317,0,200,215,0,153.66
128,6,3,train,4.4062625163491515e-11,4.092709830251902e-11,0.07116069116032751,8484363074.426317,0,200,220,0,156.57
129,6,4,train,4.092709830251902e-11,3.869900359189416e-11,0.05444057367946175,8484363074.426317,0,200,221,0,159.04
130,6,5,train,3.869900359189416e-11,3.6823802540996735e-11,0.048456055113785965,8484363074.426317,0,200,226,0,160.73
131,6,6,train,3.6823802540996735e-11,3.538986579452323e-11,0.038940485434036075,8484363074.426317,0,200,221,0,158.01
132,6,7,train,3.538986579452323e-11,3.418785692827102e-11,0.03396477605287303,8484363074.426317,0,200,222,0,159.25
133,6,8,train,3.418785692827102e-11,3.3104214031214207e-11,0.031696719081584564,8484363074.426317,0,200,224,0,156.19
134,6,9,train,3.3104214031214207e-11,3.218522090459547e-11,0.02776060853618848,8484363074.426317,0,200,222,0,151.86
135,6,10,train,3.218522090459547e-11,3.1321860269363847e-11,0.026824754063078438,8484363074.426317,0,200,219,0,149.55
136,6,11,train,3.1321860269363847e-11,3.053671357579605e-11,0.025067051791165616,8484363074.426317,0,200,217,0,149.03
137,6,12,train,3.053671357579605e-11,2.967543312831118e-11,0.028204752464506794,8484363074.426317,0,200,222,0,151.15
138,6,13,train,2.967543312831118e-11,2.893440300738144e-11,0.02497116445531427,8484363074.426317,0,200,221,0,153.27
139,6,14,train,2.893440300738144e-11,2.82356028995342e-11,0.02415118458358962,8484363074.426317,0,200,218,0,150.1
140,6,15,train,2.82356028995342e-11,2.758713545728736e-11,0.022966304086162737,8484363074.426317,0,200,220,0,155.12
141,6,16,train,2.758713545728736e-11,2.6975740432817205e-11,0.02216232364598945,8484363074.426317,0,200,225,0,158.45
142,6,17,train,2.6975740432817205e-11,2.6405272633749816e-11,0.021147438028184362,8484363074.426317,0,200,223,0,157.17
143,6,18,train,2.6405272633749816e-11,2.5775300487450838e-11,0.023857816392843487,8484363074.426317,0,200,221,0,156.38
144,6,19,train,2.5775300487450838e-11,2.522108345268667e-11,0.021501865129913714,8484363074.426317,0,200,216,0,153.13
145,6,20,train,2.522108345268667e-11,2.4671478827800595e-11,0.021791475608774046,8484363074.426317,0,200,214,0,151.84
146,6,21,train,2.4671478827800595e-11,2.417960645287826e-11,0.019936882517479142,8484363074.426317,0,200,219,0,154.64
147,6,22,train,2.417960645287826e-11,2.3645145467457157e-11,0.022103791741303676,8484363074.426317,0,200,223,0,153.8
148,6,23,train,2.3645145467457157e-11,2.313567420745767e-11,0.02154654792463307,8484363074.426317,0,200,216,0,148.66
149,6,24,train,2.313567420745767e-11,2.260977436707501e-11,0.022731122320746585,8484363074.426317,0,200,219,0,150.13
150,7,0,train,1.0560304106235072e-10,4.6853912162146885e-11,0.5563204270369151,9469424269.795172,1,200,213,0,145.12
151,7,1,train,4.6853912162146885e-11,3.8729586411422465e-11,0.17339695610920694,9469424269.795172,0,200,214,0,146.52
152,7,2,train,3.8729586411422465e-11,3.4667752732213276e-11,0.104876763620983,9469424269.795172,0,200,214,0,146.5
153,7,3,train,3.4667752732213276e-11,3.214489617392118e-11,0.07277242853840529,9469424269.795172,0,200,219,0,150.65
154,7,4,train,3.214489617392118e-11,3.0104802070939666e-11,0.06346556828006249,9469424269.795172,0,200,212,0,145.82
155,7,5,train,3.0104802070939666e-11,2.8483502547023816e-11,0.05385517965191672,9469424269.795172,0,200,220,0,150.36
156,7,6,train,2.8483502547023816e-11,2.717663868935846e-11,0.04588143103215053,9469424269.795172,0,200,217,0,149.38
157,7,7,train,2.717663868935846e-11,2.6084195716522778e-11,0.04019786940257067,9469424269.795172,0,200,218,0,149.12
158,7,8,train,2.6084195716522778e-11,2.5103537770439576e-11,0.037595866736347724,9469424269.795172,0,200,216,0,148.66
159,7,9,train,2.5103537770439576e-11,2.4286902833003026e-11,0.032530671370079554,9469424269.795172,0,200,222,0,153.59
160,7,10,train,2.4286902833003026e-11,2.3500826795433752e-11,0.03236625283076813,9469424269.795172,0,200,229,0,157.68
161,7,11,train,2.3500826795433752e-11,2.2837429235132068e-11,0.028228690253169438,9469424269.795172,0,200,217,0,150.06
162,7,12,train,2.2837429235132068e-11,2.2173476776431e-11,0.029072994681891465,9469424269.795172,0,200,222,0,153.3
163,7,13,train,2.2173476776431e-11,2.1507332968426487e-11,0.030042370653959954,9469424269.795172,0,200,217,0,150.61
164,7,14,train,2.1507332968426487e-11,2.091294207306893e-11,0.027636662166812813,9469424269.795172,0,200,219,0,150.61
165,7,15,train,2.091294207306893e-11,2.032592697708953e-11,0.02806946501971807,9469424269.795172,0,200,215,0,150.43
166,7,16,train,2.032592697708953e-11,1.9784510178831645e-11,0.026636758011978814,9469424269.795172,0,200,216,0,152.04
167,7,17,train,1.9784510178831645e-11,1.933070297698742e-11,0.022937499980655262,9469424269.795172,0,200,214,0,150.68
168,7,18,train,1.933070297698742e-11,1.888192947003236e-11,0.023215581321036783,9469424269.795172,0,200,218,0,151.44
169,7,19,train,1.888192947003236e-11,1.8437884635438233e-11,0.023516920519106577,9469424269.795172,0,200,219,0,150.54
170,7,20,train,1.8437884635438233e-11,1.801000217965446e-11,0.023206699914011166,9469424269.795172,0,200,223,0,153.44
171,7,21,train,1.801000217965446e-11,1.7631473568775185e-11,0.021017688232536292,9469424269.795172,0,200,218,0,150.67
172,7,22,train,1.7631473568775185e-11,1.721021298634067e-11,0.02389253404097509,9469424269.795172,0,200,218,0,153.31
173,7,23,train,1.721021298634067e-11,1.6837020121544164e-11,0.021684383865132963,9469424269.795172,0,200,221,0,154.3
174,7,24,train,1.6837020121544164e-11,1.6512163183683637e-11,0.01929420619061021,9469424269.795172,0,200,218,0,151.82
175,8,0,train,1.3069539884214854e-10,5.495301387782079e-11,0.5795336762834932,7651378769.713089,1,200,213,0,150.24
176,8,1,train,5.495301387782079e-11,4.257991759641266e-11,0.22515773764324784,7651378769.713089,0,200,216,0,151.02
177,8,2,train,4.257991759641266e-11,3.672952299039222e-11,0.13739797858400113,7651378769.713089,0,200,219,0,150.8
178,8,3,train,3.672952299039222e-11,3.334737638046081e-11,0.09208250841744176,7651378769.713089,0,200,214,0,146.97
179,8,4,train,3.334737638046081e-11,3.110373009425342e-11,0.06728104366021447,7651378769.713089,0,200,214,0,148.88
180,8,5,train,3.110373009425342e-11,2.925049556626732e-11,0.059582388426412405,7651378769.713089,0,200,218,0,152.38
181,8,6,train,2.925049556626732e-11,2.7667298932032348e-11,0.05412546364037571,7651378769.713089,0,200,221,0,155.96
182,8,7,train,2.7667298932032348e-11,2.6470897310574717e-11,0.043242443882820586,7651378769.713089,0,200,212,0,151.73
183,8,8,train,2.6470897310574717e-11,2.5410190389360295e-11,0.040070682484597366,7651378769.713089,0,200,217,0,154.33
184,8,9,train,2.5410190389360295e-11,2.447099904606375e-11,0.036961208432731894,7651378769.713089,0,200,213,0,151.46
185,8,10,train,2.447099904606375e-11,2.361188508475306e-11,0.035107433075924205,7651378769.713089,0,200,214,0,149.39
186,8,11,train,2.361188508475306e-11,2.283154886977441e-11,0.03304845048066656,7651378769.713089,0,200,221,0,154.9
187,8,12,train,2.283154886977441e-11,2.2094963192717754e-11,0.032261748042498574,7651378769.713089,0,200,222,0,159.01
188,8,13,train,2.2094963192717754e-11,2.1423627773239472e-11,0.030384093135739944,7651378769.713089,0,200,214,0,150.68
189,8,14,train,2.1423627773239472e-11,2.0840046267185626e-11,0.027240088010808586,7651378769.713089,0,200,216,0,151.15
190,8,15,train,2.0840046267185626e-11,2.0302353120236536e-11,0.025800957447764023,7651378769.713089,0,200,219,0,154.48
191,8,16,train,2.0302353120236536e-11,1.9832775131129295e-11,0.023129239567761507,7651378769.713089,0,200,218,0,154.69
192,8,17,train,1.9832775131129295e-11,1.9344654127537828e-11,0.02461183572970169,7651378769.713089,0,200,218,0,151.58
193,8,18,train,1.9344654127537828e-11,1.8910295733321015e-11,0.022453665563267305,7651378769.713089,0,200,216,0,149.86
194,8,19,train,1.8910295733321015e-11,1.8517932466352283e-11,0.02074865842935314,7651378769.713089,0,200,213,0,151.03
195,8,20,train,1.8517932466352283e-11,1.809768936266626e-11,0.0226938457870293,7651378769.713089,0,200,219,0,153.99
196,8,21,train,1.809768936266626e-11,1.7728583441525975e-11,0.020395195969144814,7651378769.713089,0,200,218,0,153.14
197,8,22,train,1.7728583441525975e-11,1.733599902926155e-11,0.022144150070381202,7651378769.713089,0,200,218,0,153.22
198,8,23,train,1.733599902926155e-11,1.6996044235229865e-11,0.019609760790703312,7651378769.713089,0,200,221,0,156.67
199,8,24,train,1.6996044235229865e-11,1.6629108273495053e-11,0.0215894920404018,7651378769.713089,0,200,226,0,163.7
200,9,0,train,1.3362314325406257e-10,4.845519675824263e-11,0.6373742184307625,7483733548.302059,1,200,210,0,148.84
201,9,1,train,4.845519675824263e-11,3.771117111487384e-11,0.22173113230710687,7483733548.302059,0,200,212,0,148.87
202,9,2,train,3.771117111487384e-11,3.3359182534034086e-11,0.11540316707701669,7483733548.302059,0,200,211,0,149.49
203,9,3,train,3.3359182534034086e-11,3.0678567566961345e-11,0.0803561347565365,7483733548.302059,0,200,219,0,156.44
204,9,4,train,3.0678567566961345e-11,2.8549395977060166e-11,0.06940257511221436,7483733548.302059,0,200,214,0,151.81
205,9,5,train,2.8549395977060166e-11,2.690001166335909e-11,0.057773002098761704,7483733548.302059,0,200,215,0,152.98
206,9,6,train,2.690001166335909e-11,2.5641033624584784e-11,0.046802137282683016,7483733548.302059,0,200,214,0,153.3
207,9,7,train,2.5641033624584784e-11,2.4385379961606145e-11,0.04897047760877746,7483733548.302059,0,200,223,0,158.31
208,9,8,train,2.4385379961606145e-11,2.3454484196404153e-11,0.038174339160089034,7483733548.302059,0,200,215,0,151.36
209,9,9,train,2.3454484196404153e-11,2.2628060763739803e-11,0.035235199620849054,7483733548.302059,0,200,215,0,152.51
210,9,10,train,2.2628060763739803e-11,2.188412876979129e-11,0.03287652449389835,7483733548.302059,0,200,217,0,152.83
211,9,11,train,2.188412876979129e-11,2.119382045739489e-11,0.0315437877220544,7483733548.302059,0,200,219,0,155.97
212,9,12,train,2.119382045739489e-11,2.0572501992268404e-11,0.02931602003402358,7483733548.302059,0,200,220,0,155.12
213,9,13,train,2.0572501992268404e-11,1.9941395795904188e-11,0.0306771726939873,7483733548.302059,0,200,218,0,153.82
214,9,14,train,1.9941395795904188e-11,1.938406105063985e-11,0.02794863263176452,7483733548.302059,0,200,220,0,157.37
215,9,15,train,1.938406105063985e-11,1.8907072904318325e-11,0.024607235040965732,7483733548.302059,0,200,219,0,155.98
216,9,16,train,1.8907072904318325e-11,1.8495072075650988e-11,0.021790830910332862,7483733548.302059,0,200,214,0,152.93
217,9,17,train,1.8495072075650988e-11,1.8080715701279904e-11,0.022403609603478657,7483733548.302059,0,200,214,0,156.99
218,9,18,train,1.8080715701279904e-11,1.765734009163216e-11,0.023415865646168748,7483733548.302059,0,200,221,0,156.16
219,9,19,train,1.765734009163216e-11,1.7206530925501932e-11,0.025530978266871982,7483733548.302059,0,200,217,0,153.46
220,9,20,train,1.7206530925501932e-11,1.6835393065344212e-11,0.02156959248581908,7483733548.302059,0,200,217,0,155.11
221,9,21,train,1.6835393065344212e-11,1.6470754392206658e-11,0.021659053146086925,7483733548.302059,0,200,219,0,156.3
222,9,22,train,1.6470754392206658e-11,1.6107513891982467e-11,0.0220536650340717,7483733548.302059,0,200,213,0,153.25
223,9,23,train,1.6107513891982467e-11,1.5760387697990064e-11,0.021550575484226994,7483733548.302059,0,200,217,0,155.46
224,9,24,train,1.5760387697990064e-11,1.5392389583429334e-11,0.02334955977051638,7483733548.302059,0,200,223,0,160.1
225,10,0,train,1.421802005145637e-10,5.271312747719367e-11,0.629251279106234,7033328103.216233,1,200,215,0,148.94
226,10,1,train,5.271312747719367e-11,4.1051460271752735e-11,0.22122889996398631,7033328103.216233,0,200,211,0,145.61
227,10,2,train,4.1051460271752735e-11,3.621596425504851e-11,0.11779108428041721,7033328103.216233,0,200,213,0,148.61
228,10,3,train,3.621596425504851e-11,3.3289886034937984e-11,0.0807952592261196,7033328103.216233,0,200,216,0,152.04
229,10,4,train,3.3289886034937984e-11,3.094226850766654e-11,0.07052044350069567,7033328103.216233,0,200,222,0,156.26
230,10,5,train,3.094226850766654e-11,2.9043234409317657e-11,0.061373460639395694,7033328103.216233,0,200,215,0,151.55
231,10,6,train,2.9043234409317657e-11,2.741127771936151e-11,0.0561905973334906,7033328103.216233,0,200,221,0,155.22
232,10,7,train,2.741127771936151e-11,2.5768365267404513e-11,0.059935639220369194,7033328103.216233,0,200,222,0,156.03
233,10,8,train,2.5768365267404513e-11,2.4519327109848638e-11,0.0484717654610336,7033328103.216233,0,200,215,0,151.55
234,10,9,train,2.4519327109848638e-11,2.3517306952947863e-11,0.04086654386605475,7033328103.216233,0,200,214,0,148.89
235,10,10,train,2.3517306952947863e-11,2.2582838983450793e-11,0.03973533072331377,7033328103.216233,0,200,222,0,154.78
236,10,11,train,2.2582838983450793e-11,2.1843474073434954e-11,0.03274012229187227,7033328103.216233,0,200,216,0,150.8
237,10,12,train,2.1843474073434954e-11,2.112102904615407e-11,0.033073723751639306,7033328103.216233,0,200,221,0,153.29
238,10,13,train,2.112102904615407e-11,2.034341148188545e-11,0.036817219585719735,7033328103.216233,0,200,222,0,153.44
239,10,14,train,2.034341148188545e-11,1.974369276155333e-11,0.02947975175481917,7033328103.216233,0,200,220,0,153.19
240,10,15,train,1.974369276155333e-11,1.9230996249457857e-11,0.025967609924210412,7033328103.216233,0,200,221,0,155.66
241,10,16,train,1.9230996249457857e-11,1.86699464449219e-11,0.029174245434724806,7033328103.216233,0,200,216,0,152.13
242,10,17,train,1.86699464449219e-11,1.8117610698925255e-11,0.02958421694599332,7033328103.216233,0,200,214,0,150.76
243,10,18,train,1.8117610698925255e-11,1.759309071056706e-11,0.0289508366789949,7033328103.216233,0,200,212,0,147.64
244,10,19,train,1.759309071056706e-11,1.7101238489003424e-11,0.02795712417194612,7033328103.216233,0,200,217,0,151.86
245,10,20,train,1.7101238489003424e-11,1.66555068320722e-11,0.02606429102885391,7033328103.216233,0,200,219,0,153.41
246,10,21,train,1.66555068320722e-11,1.6213256311576384e-11,0.026552810728293796,7033328103.216233,0,200,223,0,154.03
247,10,22,train,1.6213256311576384e-11,1.5789151817496514e-11,0.026157885000378106,7033328103.216233,0,200,220,0,152.84
248,10,23,train,1.5789151817496514e-11,1.5423325608431385e-11,0.02316946554784181,7033328103.216233,0,200,221,0,152.02
249,10,24,train,1.5423325608431385e-11,1.5044823151543197e-11,0.024540910728181334,7033328103.216233,0,200,216,0,150.3
250,11,0,train,1.0742097948632096e-10,4.896144557208399e-11,0.5442096524699929,9309168514.21319,1,200,221,0,155.18
251,11,1,train,4.896144557208399e-11,3.938015257236437e-11,0.19569056607230817,9309168514.21319,0,200,213,0,151.27
252,11,2,train,3.938015257236437e-11,3.448473416795726e-11,0.12431181914319311,9309168514.21319,0,200,211,0,147.53
253,11,3,train,3.448473416795726e-11,3.029536858258318e-11,0.12148464201492325,9309168514.21319,0,200,216,0,153.28
254,11,4,train,3.029536858258318e-11,2.7557361230641744e-11,0.09037709326684068,9309168514.21319,0,200,212,0,150.04
255,11,5,train,2.7557361230641744e-11,2.572005383644207e-11,0.06667210908991984,9309168514.21319,0,200,218,0,153.92
256,11,6,train,2.572005383644207e-11,2.4357248437851383e-11,0.05298610209982392,9309168514.21319,0,200,218,0,153.84
257,11,7,train,2.4357248437851383e-11,2.308502680553059e-11,0.05223174676593388,9309168514.21319,0,200,223,0,157.41
258,11,8,train,2.308502680553059e-11,2.206989833636508e-11,0.043973458541634064,9309168514.21319,0,200,217,0,153.93
259,11,9,train,2.206989833636508e-11,2.1126427968967113e-11,0.04274919408411545,9309168514.21319,0,200,213,0,150.3
260,11,10,train,2.1126427968967113e-11,2.0223940388453084e-11,0.042718417985269645,9309168514.21319,0,200,219,0,154.04
261,11,11,train,2.0223940388453084e-11,1.938997978851e-11,0.041236306274875865,9309168514.21319,0,200,220,0,156.28
262,11,12,train,1.938997978851e-11,1.867848746796162e-11,0.03669381444997648,9309168514.21319,0,200,213,0,151.52
263,11,13,train,1.867848746796162e-11,1.7983583476340563e-11,0.03720344020429897,9309168514.21319,0,200,220,0,156.89
264,11,14,train,1.7983583476340563e-11,1.7333871247297375e-11,0.03612807368998274,9309168514.21319,0,200,215,0,150.6
265,11,15,train,1.7333871247297375e-11,1.6689467020173922e-11,0.03717601324769996,9309168514.21319,0,200,223,0,159.06
266,11,16,train,1.6689467020173922e-11,1.6173482342382897e-11,0.030916785848662053,9309168514.21319,0,200,220,0,157.17
267,11,17,train,1.6173482342382897e-11,1.569359021541873e-11,0.029671539919798217,9309168514.21319,0,200,217,0,154.61
268,11,18,train,1.569359021541873e-11,1.5206684576866295e-11,0.03102576477841624,9309168514.21319,0,200,219,0,151.78
269,11,19,train,1.5206684576866295e-11,1.4796813794188422e-11,0.026953329675911318,9309168514.21319,0,200,223,0,156.77
270,11,20,train,1.4796813794188422e-11,1.4386802078754458e-11,0.027709459694289052,9309168514.21319,0,200,227,0,158.97
271,11,21,train,1.4386802078754458e-11,1.4015640876460659e-11,0.02579872860292605,9309168514.21319,0,200,223,0,156.76
272,11,22,train,1.4015640876460659e-11,1.362888674767315e-11,0.027594466225020407,9309168514.21319,0,200,225,0,157.72
273,11,23,train,1.362888674767315e-11,1.328896700078474e-11,0.02494112345210027,9309168514.21319,0,200,221,0,155.98
274,11,24,train,1.328896700078474e-11,1.2988302673808337e-11,0.02262510900649006,9309168514.21319,0,200,216,0,152.41
275,12,0,train,9.405057662862542e-11,4.475980424504203e-11,0.5240879338594203,10632577022.34691,1,200,214,0,148.46
276,12,1,train,4.475980424504203e-11,3.676567596226399e-11,0.1786006086848232,10632577022.34691,0,200,213,0,146.64
277,12,2,train,3.676567596226399e-11,3.175522480471676e-11,0.13628067555972365,10632577022.34691,0,200,213,0,147.69
278,12,3,train,3.175522480471676e-11,2.885110636314855e-11,0.09145324775458212,10632577022.34691,0,200,217,0,151.5
279,12,4,train,2.885110636314855e-11,2.655358995004722e-11,0.07963356358617638,10632577022.34691,0,200,217,0,151.43
280,12,5,train,2.655358995004722e-11,2.468667890563318e-11,0.07030729358727333,10632577022.34691,0,200,220,0,151.46
281,12,6,train,2.468667890563318e-11,2.3049520886151625e-11,0.0663174672356587,10632577022.34691,0,200,224,0,154.88
282,12,7,train,2.3049520886151625e-11,2.1801365563487286e-11,0.054151031113806904,10632577022.34691,0,200,221,0,151.33
283,12,8,train,2.1801365563487286e-11,2.0817774909263186e-11,0.0451160112590107,10632577022.34691,0,200,222,0,151.78
284,12,9,train,2.0817774909263186e-11,2.001425436126641e-11,0.03859781131744478,10632577022.34691,0,200,217,0,147.98
285,12,10,train,2.001425436126641e-11,1.9277612322072654e-11,0.03680586975147966,10632577022.34691,0,200,220,0,151.72
286,12,11,train,1.9277612322072654e-11,1.8611033441754626e-11,0.03457787557823239,10632577022.34691,0,200,224,0,153.48
287,12,12,train,1.8611033441754626e-11,1.7935521949518264e-11,0.03629629135590204,10632577022.34691,0,200,223,0,152.67
288,12,13,train,1.7935521949518264e-11,1.7371182218206088e-11,0.03146491821651913,10632577022.34691,0,200,213,0,145.69
289,12,14,train,1.7371182218206088e-11,1.684362131344232e-11,0.030369890669320693,10632577022.34691,0,200,222,0,151.86
290,12,15,train,1.684362131344232e-11,1.6370754301430218e-11,0.028073951747818304,10632577022.34691,0,200,219,0,151.91
291,12,16,train,1.6370754301430218e-11,1.597452967177674e-11,0.024203199336933465,10632577022.34691,0,200,215,0,151.35
292,12,17,train,1.597452967177674e-11,1.5528902790884738e-11,0.027896087712636807,10632577022.34691,0,200,215,0,151.07
293,12,18,train,1.5528902790884738e-11,1.512505740002182e-11,0.026006047967533776,10632577022.34691,0,200,223,0,155.92
294,12,19,train,1.512505740002182e-11,1.479338629892907e-11,0.021928584620926547,10632577022.34691,0,200,213,0,149.52
295,12,20,train,1.479338629892907e-11,1.4475679069037442e-11,0.021476301873806145,10632577022.34691,0,200,216,0,151.56
296,12,21,train,1.4475679069037442e-11,1.4139362791605134e-11,0.02323319519784512,10632577022.34691,0,200,222,0,156.21
297,12,22,train,1.4139362791605134e-11,1.3778893364914507e-11,0.02549403618843747,10632577022.34691,0,200,215,0,152.6
298,12,23,train,1.3778893364914507e-11,1.3447114010074783e-11,0.024078809963399592,10632577022.34691,0,200,216,0,152.34
299,12,24,train,1.3447114010074783e-11,1.3164893783711108e-11,0.020987419765477612,10632577022.34691,0,200,218,0,153.62
300,13,0,train,1.3468180386273956e-10,5.568699561434699e-11,0.5865291819888292,7424907978.060245,1,200,219,0,152.31
301,13,1,train,5.568699561434699e-11,4.407431835776534e-11,0.20853481371133267,7424907978.060245,0,200,215,0,148.19
302,13,2,train,4.407431835776534e-11,3.8199400884961896e-11,0.13329570806098148,7424907978.060245,0,200,213,0,147.66
303,13,3,train,3.8199400884961896e-11,3.5042407251866676e-11,0.08264510856080064,7424907978.060245,0,200,214,0,148.94
304,13,4,train,3.5042407251866676e-11,3.225879696994964e-11,0.07943547547718083,7424907978.060245,0,200,213,0,147.6
305,13,5,train,3.225879696994964e-11,3.0085666137355165e-11,0.06736552620418024,7424907978.060245,0,200,226,0,156.69
306,13,6,train,3.0085666137355165e-11,2.834572685965933e-11,0.05783283207864497,7424907978.060245,0,200,216,0,150.32
307,13,7,train,2.834572685965933e-11,2.6777160533017405e-11,0.05533695905587287,7424907978.060245,0,200,213,0,148.5
308,13,8,train,2.6777160533017405e-11,2.541921363885016e-11,0.05071287870470201,7424907978.060245,0,200,213,0,150.03
309,13,9,train,2.541921363885016e-11,2.4228326585586074e-11,0.0468498778201368,7424907978.060245,0,200,214,0,146.92
310,13,10,train,2.4228326585586074e-11,2.3085627343188932e-11,0.04716377081845004,7424907978.060245,0,200,214,0,146.62
311,13,11,train,2.3085627343188932e-11,2.2026794203856162e-11,0.045865469609824704,7424907978.060245,0,200,221,0,151.3
312,13,12,train,2.2026794203856162e-11,2.1092061010131737e-11,0.04243618862888293,7424907978.060245,0,200,219,0,149.46
313,13,13,train,2.1092061010131737e-11,2.0191578752431322e-11,0.04269294770519873,7424907978.060245,0,200,215,0,146.51
314,13,14,train,2.0191578752431322e-11,1.9419131378246548e-11,0.038255917660314775,7424907978.060245,0,200,222,0,151.48
315,13,15,train,1.9419131378246548e-11,1.873910491856828e-11,0.035018376797225734,7424907978.060245,0,200,222,0,152.13
316,13,16,train,1.873910491856828e-11,1.808299860046987e-11,0.03501268181962548,7424907978.060245,0,200,216,0,148.03
317,13,17,train,1.808299860046987e-11,1.750229813271646e-11,0.03211306269405572,7424907978.060245,0,200,217,0,148.64
318,13,18,train,1.750229813271646e-11,1.6918798925770278e-11,0.03333843376004811,7424907978.060245,0,200,221,0,151.64
319,13,19,train,1.6918798925770278e-11,1.6344156472273617e-11,0.03396473094915624,7424907978.060245,0,200,224,0,153.82
320,13,20,train,1.6344156472273617e-11,1.5843059966276088e-11,0.03065906196184514,7424907978.060245,0,200,218,0,149.29
321,13,21,train,1.5843059966276088e-11,1.5410286037760028e-11,0.027316309440049653,7424907978.060245,0,200,216,0,148.67
322,13,22,train,1.5410286037760028e-11,1.498993957840651e-11,0.027277005652168756,7424907978.060245,0,200,225,0,166.05
323,13,23,train,1.498993957840651e-11,1.4597278839007886e-11,0.02619495144358455,7424907978.060245,0,200,216,0,147.88
324,13,24,train,1.4597278839007886e-11,1.417098675737254e-11,0.029203530763293867,7424907978.060245,0,200,219,0,150.44
325,14,0,train,7.104020192834197e-11,3.9257083654775524e-11,0.44739622651447386,14076536564.587708,1,200,212,0,144.54
326,14,1,train,3.9257083654775524e-11,3.231967007774431e-11,0.1767174973576341,14076536564.587708,0,200,217,0,148.46
327,14,2,train,3.231967007774431e-11,2.8107341661731986e-11,0.13033327400557165,14076536564.587708,0,200,215,0,149.11
328,14,3,train,2.8107341661731986e-11,2.542002939007035e-11,0.09560890901754673,14076536564.587708,0,200,220,0,158.4
329,14,4,train,2.542002939007035e-11,2.333211974197401e-11,0.08213639787969426,14076536564.587708,0,200,219,0,154.77
330,14,5,train,2.333211974197401e-11,2.17912971140244e-11,0.06603869022571927,14076536564.587708,0,200,219,0,154.19
331,14,6,train,2.17912971140244e-11,2.0310014540129957e-11,0.06797587890906788,14076536564.587708,0,200,217,0,148.72
332,14,7,train,2.0310014540129957e-11,1.9005557017703938e-11,0.06422730618181391,14076536564.587708,0,200,223,0,153.5
333,14,8,train,1.9005557017703938e-11,1.8084642307410852e-11,0.048455023414217306,14076536564.587708,0,200,217,0,148.32
334,14,9,train,1.8084642307410852e-11,1.722414276863016e-11,0.04758178371203224,14076536564.587708,0,200,218,0,153.51
335,14,10,train,1.722414276863016e-11,1.6473747867681014e-11,0.043566458489639304,14076536564.587708,0,200,225,0,159.85
336,14,11,train,1.6473747867681014e-11,1.592715307623669e-11,0.03317974730672313,14076536564.587708,0,200,218,0,154.57
337,14,12,train,1.592715307623669e-11,1.5332708170637534e-11,0.03732273449961793,14076536564.587708,0,200,221,0,156.78
338,14,13,train,1.5332708170637534e-11,1.4871852834141928e-11,0.030057008283647775,14076536564.587708,0,200,217,0,153.8
339,14,14,train,1.4871852834141928e-11,1.4438891984166247e-11,0.02911277127364485,14076536564.587708,0,200,216,0,152.27
340,14,15,train,1.4438891984166247e-11,1.4034342673185802e-11,0.028018030152457397,14076536564.587708,0,200,217,0,154.83
341,14,16,train,1.4034342673185802e-11,1.3664925075104803e-11,0.0263224011757111,14076536564.587708,0,200,216,0,155.01
342,14,17,train,1.3664925075104803e-11,1.3328626396201977e-11,0.024610356592112293,14076536564.587708,0,200,215,0,154.25
343,14,18,train,1.3328626396201977e-11,1.3006510599714998e-11,0.024167216254089498,14076536564.587708,0,200,219,0,155.77
344,14,19,train,1.3006510599714998e-11,1.2686198583954672e-11,0.024627052221627015,14076536564.587708,0,200,221,0,157.87
345,14,20,train,1.2686198583954672e-11,1.243507507881764e-11,0.019795016093682286,14076536564.587708,0,200,217,0,153.09
346,14,21,train,1.243507507881764e-11,1.2179335381275545e-11,0.020565995454079007,14076536564.587708,0,200,222,0,153.83
347,14,22,train,1.2179335381275545e-11,1.1933401965601003e-11,0.02019267948336809,14076536564.587708,0,200,218,0,149.44
348,14,23,train,1.1933401965601003e-11,1.1698685356310816e-11,0.01966887648356916,14076536564.587708,0,200,220,0,151.07
349,14,24,train,1.1698685356310816e-11,1.1498770971195442e-11,0.017088619706104865,14076536564.587708,0,200,217,0,149.94
350,15,0,train,1.5627652152087693e-10,5.823840494897586e-11,0.6273374632209496,6398913862.863337,1,200,218,0,151.13
351,15,1,train,5.823840494897586e-11,4.429207526110611e-11,0.2394696369189451,6398913862.863337,0,200,218,0,155.79
352,15,2,train,4.429207526110611e-11,3.7365367881718476e-11,0.15638705882607712,6398913862.863337,0,200,212,0,147.29
353,15,3,train,3.7365367881718476e-11,3.3479366013966724e-11,0.10400009656142128,6398913862.863337,0,200,212,0,144.59
354,15,4,train,3.3479366013966724e-11,3.0548603911202726e-11,0.08753935488328424,6398913862.863337,0,200,213,0,148.86
355,15,5,train,3.0548603911202726e-11,2.8728695939383453e-11,0.059574178155875734,6398913862.863337,0,200,219,0,153.06
356,15,6,train,2.8728695939383453e-11,2.733654641273474e-11,0.04845850050368108,6398913862.863337,0,200,218,0,151.84
357,15,7,train,2.733654641273474e-11,2.6031642478911245e-11,0.0477347765193779,6398913862.863337,0,200,218,0,151.03
358,15,8,train,2.6031642478911245e-11,2.4857761781862413e-11,0.04509437689150102,6398913862.863337,0,200,213,0,147.94
359,15,9,train,2.4857761781862413e-11,2.3853626492205332e-11,0.04039524147301764,6398913862.863337,0,200,218,0,152.7
360,15,10,train,2.3853626492205332e-11,2.293542574140927e-11,0.03849313022051822,6398913862.863337,0,200,214,0,148.78
361,15,11,train,2.293542574140927e-11,2.1968720999572345e-11,0.04214897742628622,6398913862.863337,0,200,216,0,151.5
362,15,12,train,2.1968720999572345e-11,2.1137904183363407e-11,0.03781816957960874,6398913862.863337,0,200,214,0,150.26
363,15,13,train,2.1137904183363407e-11,2.03262818469599e-11,0.03839653777228744,6398913862.863337,0,200,215,0,150.44
364,15,14,train,2.03262818469599e-11,1.9593983577342918e-11,0.03602716301636392,6398913862.863337,0,200,222,0,153.5
365,15,15,train,1.9593983577342918e-11,1.8895886967827836e-11,0.03562811037171183,6398913862.863337,0,200,222,0,151.72
366,15,16,train,1.8895886967827836e-11,1.8166615828865603e-11,0.03859417344123039,6398913862.863337,0,200,218,0,150.44
367,15,17,train,1.8166615828865603e-11,1.7632135521034224e-11,0.029421016708138015,6398913862.863337,0,200,214,0,148.91
368,15,18,train,1.7632135521034224e-11,1.7098785209651645e-11,0.030248764294394177,6398913862.863337,0,200,218,0,151.78
369,15,19,train,1.7098785209651645e-11,1.6545576840306708e-11,0.03235366504473491,6398913862.863337,0,200,221,0,156.27
370,15,20,train,1.6545576840306708e-11,1.6075739817725825e-11,0.02839653323154693,6398913862.863337,0,200,219,0,154.38
371,15,21,train,1.6075739817725825e-11,1.5596876724518557e-11,0.029787935027366656,6398913862.863337,0,200,224,0,158.79
372,15,22,train,1.5596876724518557e-11,1.527847882098574e-11,0.020414209149469745,64115400644.795944,1,200,216,0,150.98
373,15,23,train,1.527847882098574e-11,1.4968715248604686e-11,0.020274503503292303,64115400644.795944,0,200,212,0,151.77
374,15,24,train,1.4968715248604686e-11,1.470944029754249e-11,0.017321122538313104,64115400644.795944,0,200,211,0,151.69
375,16,0,train,5.697069991442105e-11,2.822009134068387e-11,0.5046560533208319,17552882472.958157,1,200,214,0,149.99
376,16,1,train,2.822009134068387e-11,2.2216848567008145e-11,0.21272938847724665,17552882472.958157,0,200,214,0,150.66
377,16,2,train,2.2216848567008145e-11,1.921001841853273e-11,0.13534008387402588,17552882472.958157,0,200,219,0,154.5
378,16,3,train,1.921001841853273e-11,1.7324554373658934e-11,0.09815003837033329,17552882472.958157,0,200,215,0,151.97
379,16,4,train,1.7324554373658934e-11,1.6181080023211408e-11,0.06600310321321273,17552882472.958157,0,200,213,0,150.71
380,16,5,train,1.6181080023211408e-11,1.5093630421747456e-11,0.0672050073236168,17552882472.958157,0,200,218,0,152.32
381,16,6,train,1.5093630421747456e-11,1.4368614865893177e-11,0.048034537456916264,17552882472.958157,0,200,218,0,151.31
382,16,7,train,1.4368614865893177e-11,1.3691069073241502e-11,0.047154565626222396,17552882472.958157,0,200,215,0,149.88
383,16,8,train,1.3691069073241502e-11,1.3119046935399478e-11,0.041780677227026185,17552882472.958157,0,200,219,0,155.49
384,16,9,train,1.3119046935399478e-11,1.2600815802051555e-11,0.039502193711158,17552882472.958157,0,200,222,0,152.15
385,16,10,train,1.2600815802051555e-11,1.2178583353012516e-11,0.03350834229084553,17552882472.958157,0,200,214,0,146.75
386,16,11,train,1.2178583353012516e-11,1.177683848344105e-11,0.03298781622840305,17552882472.958157,0,200,219,0,152.12
387,16,12,train,1.177683848344105e-11,1.1406679853485264e-11,0.03143106959276475,17552882472.958157,0,200,216,0,153.24
388,16,13,train,1.1406679853485264e-11,1.1102064811394316e-11,0.026704969895150883,17552882472.958157,0,200,216,0,151.75
389,16,14,train,1.1102064811394316e-11,1.0830842264586347e-11,0.024429919246157412,17552882472.958157,0,200,217,0,152.23
390,16,15,train,1.0830842264586347e-11,1.0542074386014215e-11,0.02666162718631019,17552882472.958157,0,200,219,0,153.04
391,16,16,train,1.0542074386014215e-11,1.0296630695684322e-11,0.0232822954328148,17552882472.958157,0,200,217,0,148.95
392,16,17,train,1.0296630695684322e-11,1.0045170508371859e-11,0.024421599137071037,17552882472.958157,0,200,219,0,152.79
393,16,18,train,1.0045170508371859e-11,9.814556581567404e-12,0.022957691620292136,17552882472.958157,0,200,220,0,155.34
394,16,19,train,9.814556581567404e-12,9.582633498719805e-12,0.02363052073928347,17552882472.958157,0,200,219,0,150.93
395,16,20,train,9.582633498719805e-12,9.400404119292823e-12,0.019016628304873242,17552882472.958157,0,200,219,0,152.02
396,16,21,train,9.400404119292823e-12,9.212746068418427e-12,0.01996276420598325,17552882472.958157,0,200,213,0,152.91
397,16,22,train,9.212746068418427e-12,9.04937014724627e-12,0.017733683307761542,17552882472.958157,0,200,217,0,152.56
398,16,23,train,9.04937014724627e-12,8.87120286530591e-12,0.01968836273036924,17552882472.958157,0,200,225,0,153.73
399,16,24,train,8.87120286530591e-12,8.719663968314061e-12,0.017082113811701546,17552882472.958157,0,200,220,0,153.09
400,17,0,train,7.27304845402368e-11,4.385382542908124e-11,0.39703652868117606,13749392793.427197,1,200,218,0,152.9
401,17,1,train,4.385382542908124e-11,3.652712928826487e-11,0.16707085571508076,13749392793.427197,0,200,220,0,154.43
402,17,2,train,3.652712928826487e-11,3.190332309850602e-11,0.12658553463834205,13749392793.427197,0,200,218,0,154.69
403,17,3,train,3.190332309850602e-11,2.9004697250300605e-11,0.09085654930853117,13749392793.427197,0,200,223,0,156.31
404,17,4,train,2.9004697250300605e-11,2.6855860988082308e-11,0.07408580216075264,13749392793.427197,0,200,220,0,156.46
405,17,5,train,2.6855860988082308e-11,2.4990193916642378e-11,0.06946964285627813,13749392793.427197,0,200,222,0,155.3
406,17,6,train,2.4990193916642378e-11,2.3592464916641873e-11,0.05593109860062663,13749392793.427197,0,200,217,0,151.0
407,17,7,train,2.3592464916641873e-11,2.2472789411448744e-11,0.04745903020940053,13749392793.427197,0,200,217,0,152.3
408,17,8,train,2.2472789411448744e-11,2.1496671219055493e-11,0.04343555997974906,13749392793.427197,0,200,217,0,152.06
409,17,9,train,2.1496671219055493e-11,2.0519109514390083e-11,0.04547502702645702,13749392793.427197,0,200,222,0,154.84
410,17,10,train,2.0519109514390083e-11,1.968401878835135e-11,0.04069819528245533,13749392793.427197,0,200,216,0,150.82
411,17,11,train,1.968401878835135e-11,1.89936883589476e-11,0.0350706040685287,13749392793.427197,0,200,222,0,155.13
412,17,12,train,1.89936883589476e-11,1.8404337076604452e-11,0.031028796050847768,13749392793.427197,0,200,216,0,150.86
413,17,13,train,1.8404337076604452e-11,1.7744611163532377e-11,0.035846219851662954,13749392793.427197,0,200,217,0,149.2
414,17,14,train,1.7744611163532377e-11,1.7145359478221637e-11,0.033770911055086124,13749392793.427197,0,200,224,0,151.93
415,17,15,train,1.7145359478221637e-11,1.657632558330503e-11,0.03318879931560511,13749392793.427197,0,200,216,0,146.92
416,17,16,train,1.657632558330503e-11,1.6062319264649863e-11,0.03100845938818027,13749392793.427197,0,200,216,0,147.89
417,17,17,train,1.6062319264649863e-11,1.5520322924983905e-11,0.03374334246105975,13749392793.427197,0,200,219,0,151.6
418,17,18,train,1.5520322924983905e-11,1.498126386732436e-11,0.03473246402571891,13749392793.427197,0,200,220,0,151.93
419,17,19,train,1.498126386732436e-11,1.4472166626342802e-11,0.03398226247733018,13749392793.427197,0,200,225,0,156.61
420,17,20,train,1.4472166626342802e-11,1.4035886704606396e-11,0.030146137271683495,13749392793.427197,0,200,222,0,157.6
421,17,21,train,1.4035886704606396e-11,1.3599493617172851e-11,0.03109123752689779,13749392793.427197,0,200,220,0,150.83
422,17,22,train,1.3599493617172851e-11,1.323686219593886e-11,0.02666506793871175,13749392793.427197,0,200,212,0,146.31
423,17,23,train,1.323686219593886e-11,1.2896665868393225e-11,0.025700677585811044,13749392793.427197,0,200,224,0,158.91
424,17,24,train,1.2896665868393225e-11,1.2557784158615842e-11,0.026276691451540525,13749392793.427197,0,200,217,0,152.92
425,18,0,train,1.7431881924578423e-10,4.410817434024657e-11,0.7469683736323651,5736615268.085486,1,200,215,0,146.87
426,18,1,train,4.410817434024657e-11,3.486525428219156e-11,0.20955118175501755,5736615268.085486,0,200,211,0,148.46
427,18,2,train,3.486525428219156e-11,3.0406523877544756e-11,0.12788463748346243,5736615268.085486,0,200,216,0,152.1
428,18,3,train,3.0406523877544756e-11,2.7491619879895693e-11,0.09586442729817338,5736615268.085486,0,200,224,0,157.04
429,18,4,train,2.7491619879895693e-11,2.534018609609644e-11,0.0782578034033045,5736615268.085486,0,200,219,0,152.05
430,18,5,train,2.534018609609644e-11,2.4004173598749006e-11,0.05272307363019882,5736615268.085486,0,200,224,0,152.39
431,18,6,train,2.4004173598749006e-11,2.2936964380865434e-11,0.044459319271844856,5736615268.085486,0,200,218,0,150.14
432,18,7,train,2.2936964380865434e-11,2.1968616910298146e-11,0.04221776929536096,5736615268.085486,0,200,218,0,148.92
433,18,8,train,2.1968616910298146e-11,2.107156751424646e-11,0.040833221304486425,5736615268.085486,0,200,217,0,148.93
434,18,9,train,2.107156751424646e-11,2.0294731200788267e-11,0.03686656500200917,5736615268.085486,0,200,216,0,146.66
435,18,10,train,2.0294731200788267e-11,1.9615386499328292e-11,0.033473944283311734,5736615268.085486,0,200,217,0,149.54
436,18,11,train,1.9615386499328292e-11,1.9005081559000772e-11,0.031113582204888975,5736615268.085486,0,200,219,0,153.46
437,18,12,train,1.9005081559000772e-11,1.8425883441937275e-11,0.030475960614291076,5736615268.085486,0,200,218,0,152.43
438,18,13,train,1.8425883441937275e-11,1.7942578660694323e-11,0.026229666695000965,5736615268.085486,0,200,214,0,145.83
439,18,14,train,1.7942578660694323e-11,1.7541353106426677e-11,0.022361643878233924,5736615268.085486,0,200,216,0,147.4
440,18,15,train,1.7541353106426677e-11,1.710897150960739e-11,0.02464927273260775,5736615268.085486,0,200,222,0,151.87
441,18,16,train,1.710897150960739e-11,1.682519404821291e-11,0.01658647109413487,58448866984.111755,1,200,210,0,145.0
442,18,17,train,1.682519404821291e-11,1.6545276715399134e-11,0.01663679669973892,58448866984.111755,0,200,209,0,145.81
443,18,18,train,1.6545276715399134e-11,1.631179462379181e-11,0.01411170665946109,58448866984.111755,0,200,212,0,147.21
444,18,19,train,1.631179462379181e-11,1.6096117781555975e-11,0.013222140617271876,58448866984.111755,0,200,220,0,151.36
445,18,20,train,1.6096117781555975e-11,1.5854872942647944e-11,0.014987765508554268,58448866984.111755,0,200,212,0,145.95
446,18,21,train,1.5854872942647944e-11,1.558409347271119e-11,0.017078627556098912,58448866984.111755,0,200,219,0,151.76
447,18,22,train,1.558409347271119e-11,1.529251385871825e-11,0.01871007861339613,58448866984.111755,0,200,221,0,150.3
448,18,23,train,1.529251385871825e-11,1.4993731915411833e-11,0.01953779123999823,58448866984.111755,0,200,222,0,152.12
449,18,24,train,1.4993731915411833e-11,1.468032324699563e-11,0.020902645864573185,58448866984.111755,0,200,221,0,150.91
450,19,0,train,6.88665678537697e-11,3.351371701471467e-11,0.5133528784841257,14520834000.663221,1,200,212,0,149.48
451,19,1,train,3.351371701471467e-11,2.594580048455263e-11,0.2258154930066169,14520834000.663221,0,200,216,0,152.74
452,19,2,train,2.594580048455263e-11,2.2730420685878714e-11,0.12392679118103363,14520834000.663221,0,200,214,0,152.22
453,19,3,train,2.2730420685878714e-11,2.109661127516019e-11,0.07187765828432413,14520834000.663221,0,200,214,0,153.36
454,19,4,train,2.109661127516019e-11,1.97614514820182e-11,0.06328787954272302,14520834000.663221,0,200,217,0,150.16
455,19,5,train,1.97614514820182e-11,1.8778713191362492e-11,0.04973006621249179,14520834000.663221,0,200,220,0,150.51
456,19,6,train,1.8778713191362492e-11,1.7969562092780432e-11,0.0430887404443793,14520834000.663221,0,200,222,0,152.44
457,19,7,train,1.7969562092780432e-11,1.7191849549361808e-11,0.043279437718244815,14520834000.663221,0,200,223,0,152.33
458,19,8,train,1.7191849549361808e-11,1.6587218123763704e-11,0.03516965547319769,14520834000.663221,0,200,218,0,149.76
459,19,9,train,1.6587218123763704e-11,1.6070596851455056e-11,0.03114574538382121,14520834000.663221,0,200,209,0,143.31
460,19,10,train,1.6070596851455056e-11,1.559707029172874e-11,0.029465399705017388,14520834000.663221,0,200,217,0,148.99
461,19,11,train,1.559707029172874e-11,1.5151329908271744e-11,0.028578468591846654,14520834000.663221,0,200,222,0,151.76
462,19,12,train,1.5151329908271744e-11,1.4742434319914737e-11,0.026987438781448082,14520834000.663221,0,200,214,0,148.27
463,19,13,train,1.4742434319914737e-11,1.436741215502762e-11,0.02543827950995314,14520834000.663221,0,200,219,0,151.06
464,19,14,train,1.436741215502762e-11,1.4045186623581783e-11,0.022427527516364867,14520834000.663221,0,200,220,0,150.64
465,19,15,train,1.4045186623581783e-11,1.3776638920055619e-11,0.019120265947571956,14520834000.663221,0,200,222,0,152.08
466,19,16,train,1.3776638920055619e-11,1.3468545556726024e-11,0.022363463622544544,14520834000.663221,0,200,220,0,150.23
467,19,17,train,1.3468545556726024e-11,1.3179584871003702e-11,0.0214544833000189,14520834000.663221,0,200,225,0,153.14
468,19,18,train,1.3179584871003702e-11,1.2906495216759453e-11,0.02072065675187319,14520834000.663221,0,200,219,0,149.52
469,19,19,train,1.2906495216759453e-11,1.2638498705727531e-11,0.020764468318550226,14520834000.663221,0,200,226,0,157.32
470,19,20,train,1.2638498705727531e-11,1.2446971379598354e-11,0.015154278256355007,14520834000.663221,0,200,220,0,150.35
471,19,21,train,1.2446971379598354e-11,1.2254682138431216e-11,0.015448677055875281,14520834000.663221,0,200,217,0,148.25
472,19,22,train,1.2254682138431216e-11,1.2068607100945431e-11,0.015183995421818912,14520834000.663221,0,200,222,0,151.6
473,19,23,train,1.2068607100945431e-11,1.1883493631537426e-11,0.015338428690209243,14520834000.663221,0,200,220,0,150.03
474,19,24,train,1.1883493631537426e-11,1.1732561580948397e-11,0.012700982999517333,14520834000.663221,0,200,220,0,151.21
475,20,0,train,9.767006023889287e-11,3.563661995162844e-11,0.6351326100909099,10238552096.252249,1,200,215,0,146.1
476,20,1,train,3.563661995162844e-11,2.804662302561817e-11,0.21298307573256373,10238552096.252249,0,200,215,0,146.19
477,20,2,train,2.804662302561817e-11,2.4845979269785667e-11,0.11411868562247196,10238552096.252249,0,200,220,0,149.6
478,20,3,train,2.4845979269785667e-11,2.2808048579518027e-11,0.08202255456060435,10238552096.252249,0,200,216,0,151.18
479,20,4,train,2.2808048579518027e-11,2.099949692499105e-11,0.07929444942304632,10238552096.252249,0,200,216,0,151.01
480,20,5,train,2.099949692499105e-11,1.954384441351964e-11,0.06931844684998474,10238552096.252249,0,200,219,0,153.5
481,20,6,train,1.954384441351964e-11,1.8397173202619887e-11,0.058671732471761454,10238552096.252249,0,200,214,0,151.55
482,20,7,train,1.8397173202619887e-11,1.748599421187138e-11,0.04952820635611284,10238552096.252249,0,200,216,0,151.27
483,20,8,train,1.748599421187138e-11,1.672708937671769e-11,0.04340072551542214,10238552096.252249,0,200,213,0,149.16
484,20,9,train,1.672708937671769e-11,1.6071851948343542e-11,0.03917223215690877,10238552096.252249,0,200,224,0,157.03
485,20,10,train,1.6071851948343542e-11,1.5538102959265015e-11,0.03321017333870715,10238552096.252249,0,200,221,0,154.89
486,20,11,train,1.5538102959265015e-11,1.5100042669923652e-11,0.028192649417357458,10238552096.252249,0,200,221,0,156.49
487,20,12,train,1.5100042669923652e-11,1.4631124023645085e-11,0.031054127231876057,10238552096.252249,0,200,220,0,156.3
488,20,13,train,1.4631124023645085e-11,1.4219277557686607e-11,0.02814865524295339,10238552096.252249,0,200,223,0,152.36
489,20,14,train,1.4219277557686607e-11,1.3815506964830964e-11,0.028395999108785534,10238552096.252249,0,200,223,0,151.45
490,20,15,train,1.3815506964830964e-11,1.345041069418637e-11,0.026426556157076977,10238552096.252249,0,200,219,0,148.71
491,20,16,train,1.345041069418637e-11,1.312863123160781e-11,0.023923393113761387,10238552096.252249,0,200,214,0,145.7
492,20,17,train,1.312863123160781e-11,1.281932328447877e-11,0.023559801602498074,10238552096.252249,0,200,213,0,144.5
493,20,18,train,1.281932328447877e-11,1.2510487223652326e-11,0.024091448040816067,10238552096.252249,0,200,215,0,146.52
494,20,19,train,1.2510487223652326e-11,1.2253796325793746e-11,0.020518057631942598,10238552096.252249,0,200,217,0,148.33
495,20,20,train,1.2253796325793746e-11,1.1996164395743916e-11,0.021024662333217054,10238552096.252249,0,200,217,0,148.65
496,20,21,train,1.1996164395743916e-11,1.1760586363990491e-11,0.019637779542018067,10238552096.252249,0,200,218,0,150.63
497,20,22,train,1.1760586363990491e-11,1.1494542886425051e-11,0.022621616757140046,10238552096.252249,0,200,215,0,149.29
498,20,23,train,1.1494542886425051e-11,1.1296870043165884e-11,0.017197103461383992,10238552096.252249,0,200,221,0,153.97
499,20,24,train,1.1296870043165884e-11,1.1080200910188928e-11,0.019179572053945267,10238552096.252249,0,200,219,0,152.52
500,21,0,train,7.553223690971193e-11,3.934720162001619e-11,0.47906743888638986,13239380176.114182,1,200,217,0,150.03
501,21,1,train,3.934720162001619e-11,3.146617969841264e-11,0.20029434361589835,13239380176.114182,0,200,220,0,150.97
502,21,2,train,3.146617969841264e-11,2.7843220868840606e-11,0.11513818532456921,13239380176.114182,0,200,208,0,143.2
503,21,3,train,2.7843220868840606e-11,2.5552378695358594e-11,0.08227647886978827,13239380176.114182,0,200,215,0,147.62
504,21,4,train,2.5552378695358594e-11,2.3692257355428053e-11,0.07279640624097429,13239380176.114182,0,200,220,0,152.86
505,21,5,train,2.3692257355428053e-11,2.2253729042093278e-11,0.06071723313461304,13239380176.114182,0,200,214,0,148.81
506,21,6,train,2.2253729042093278e-11,2.1208826009790663e-11,0.046954064657036325,13239380176.114182,0,200,218,0,152.38
507,21,7,train,2.1208826009790663e-11,2.02571122297482e-11,0.044873477655157416,13239380176.114182,0,200,220,0,153.65
508,21,8,train,2.02571122297482e-11,1.9473166904149036e-11,0.038699757236271635,13239380176.114182,0,200,217,0,151.23
509,21,9,train,1.9473166904149036e-11,1.8777704219698232e-11,0.03571389737858332,13239380176.114182,0,200,216,0,150.59
510,21,10,train,1.8777704219698232e-11,1.8117425803091773e-11,0.035162893657351986,13239380176.114182,0,200,219,0,155.61
511,21,11,train,1.8117425803091773e-11,1.754314802740429e-11,0.03169753705239305,13239380176.114182,0,200,218,0,152.17
512,21,12,train,1.754314802740429e-11,1.698748786706907e-11,0.03167391391027538,13239380176.114182,0,200,218,0,151.89
513,21,13,train,1.698748786706907e-11,1.6500698612561e-11,0.028655752888084748,13239380176.114182,0,200,220,0,153.25
514,21,14,train,1.6500698612561e-11,1.606782576128584e-11,0.026233607524086353,13239380176.114182,0,200,220,0,153.25
515,21,15,train,1.606782576128584e-11,1.5669551061082534e-11,0.024787093544598685,13239380176.114182,0,200,225,0,156.66
516,21,16,train,1.5669551061082534e-11,1.530904063339001e-11,0.023007068057482545,13239380176.114182,0,200,218,0,151.85
517,21,17,train,1.530904063339001e-11,1.4933259852202262e-11,0.024546331163831786,13239380176.114182,0,200,213,0,148.94
518,21,18,train,1.4933259852202262e-11,1.4530991792052416e-11,0.02693772586368823,13239380176.114182,0,200,217,0,151.99
519,21,19,train,1.4530991792052416e-11,1.4148895516636287e-11,0.026295264692470108,13239380176.114182,0,200,221,0,154.27
520,21,20,train,1.4148895516636287e-11,1.3827329166224962e-11,0.022727311120025368,13239380176.114182,0,200,219,0,152.83
521,21,21,train,1.3827329166224962e-11,1.3536906465072364e-11,0.021003528422682917,13239380176.114182,0,200,221,0,152.12
522,21,22,train,1.3536906465072364e-11,1.3285224455256923e-11,0.01859228402477517,13239380176.114182,0,200,221,0,151.26
523,21,23,train,1.3285224455256923e-11,1.2991036671578219e-11,0.02214398293905339,13239380176.114182,0,200,213,0,146.24
524,21,24,train,1.2991036671578219e-11,1.2733486853439805e-11,0.019825193681569746,13239380176.114182,0,200,218,0,150.5
525,22,0,train,5.32435062353803e-11,3.528148737863959e-11,0.3373560482161663,18781633117.457996,1,200,212,0,145.83
526,22,1,train,3.528148737863959e-11,2.976187326020864e-11,0.15644505174044,18781633117.457996,0,200,218,0,152.86
527,22,2,train,2.976187326020864e-11,2.5750211156978886e-11,0.134791989340043,18781633117.457996,0,200,212,0,149.59
528,22,3,train,2.5750211156978886e-11,2.3958077254635278e-11,0.0695968623875886,18781633117.457996,0,200,220,0,156.64
529,22,4,train,2.3958077254635278e-11,2.226296194766286e-11,0.07075339514753655,18781633117.457996,0,200,219,0,150.04
530,22,5,train,2.226296194766286e-11,2.084595688851481e-11,0.06364854157677818,18781633117.457996,0,200,220,0,152.0
531,22,6,train,2.084595688851481e-11,1.988514962433906e-11,0.046090820839465176,18781633117.457996,0,200,219,0,149.83
532,22,7,train,1.988514962433906e-11,1.8972054539907358e-11,0.04591844173574081,18781633117.457996,0,200,214,0,147.17
533,22,8,train,1.8972054539907358e-11,1.8176001552883693e-11,0.041959239857190085,18781633117.457996,0,200,214,0,146.29
534,22,9,train,1.8176001552883693e-11,1.755000126339423e-11,0.0344410341112754,18781633117.457996,0,200,220,0,150.65
535,22,10,train,1.755000126339423e-11,1.6882368062915142e-11,0.03804177506651454,18781633117.457996,0,200,212,0,144.76
536,22,11,train,1.6882368062915142e-11,1.637483890142432e-11,0.030062676017927357,18781633117.457996,0,200,213,0,145.84
537,22,12,train,1.637483890142432e-11,1.5876795007397624e-11,0.030415193518842813,18781633117.457996,0,200,217,0,148.67
538,22,13,train,1.5876795007397624e-11,1.546524511656855e-11,0.025921471596585786,18781633117.457996,0,200,221,0,152.01
539,22,14,train,1.546524511656855e-11,1.5063672792664858e-11,0.025966114398889985,18781633117.457996,0,200,215,0,147.65
540,22,15,train,1.5063672792664858e-11,1.467115725419203e-11,0.026057094035125444,18781633117.457996,0,200,216,0,147.92
541,22,16,train,1.467115725419203e-11,1.434440440683989e-11,0.02227178413337328,18781633117.457996,0,200,222,0,150.89
542,22,17,train,1.434440440683989e-11,1.4053759784669506e-11,0.020261881492395405,18781633117.457996,0,200,220,0,150.06
543,22,18,train,1.4053759784669506e-11,1.3749587130341024e-11,0.021643507430679734,18781633117.457996,0,200,217,0,149.03
544,22,19,train,1.3749587130341024e-11,1.3468984796080778e-11,0.020408055281968752,18781633117.457996,0,200,218,0,148.85
545,22,20,train,1.3468984796080778e-11,1.3214047322942632e-11,0.018927742290742507,18781633117.457996,0,200,218,0,148.76
546,22,21,train,1.3214047322942632e-11,1.2978643254368128e-11,0.017814683330654373,18781633117.457996,0,200,223,0,151.56
547,22,22,train,1.2978643254368128e-11,1.2692417643660299e-11,0.022053584885422927,18781633117.457996,0,200,223,0,152.6
548,22,23,train,1.2692417643660299e-11,1.2433833770820613e-11,0.020373098341027632,18781633117.457996,0,200,217,0,147.96
549,22,24,train,1.2433833770820613e-11,1.2181355185148094e-11,0.020305771359516597,18781633117.457996,0,200,220,0,149.78
550,23,0,train,1.352877456991941e-10,5.6752477035121365e-11,0.5805054128013353,7391652472.526615,1,200,215,0,145.44
551,23,1,train,5.6752477035121365e-11,4.635154066164262e-11,0.1832684125318813,7391652472.526615,0,200,212,0,143.96
552,23,2,train,4.635154066164262e-11,4.056402171981168e-11,0.12486141472791,7391652472.526615,0,200,210,0,144.4
553,23,3,train,4.056402171981168e-11,3.7348083224809794e-11,0.07928056338238286,7391652472.526615,0,200,215,0,146.91
554,23,4,train,3.7348083224809794e-11,3.439761814384066e-11,0.07899910319920199,7391652472.526615,0,200,215,0,146.33
555,23,5,train,3.439761814384066e-11,3.196579850752932e-11,0.07069732637132568,7391652472.526615,0,200,218,0,148.97
556,23,6,train,3.196579850752932e-11,3.0020151334694944e-11,0.06086652809176955,7391652472.526615,0,200,218,0,148.63
557,23,7,train,3.0020151334694944e-11,2.8311201823511678e-11,0.056926745376136595,7391652472.526615,0,200,213,0,144.9
558,23,8,train,2.8311201823511678e-11,2.66344043795923e-11,0.059227349455961406,7391652472.526615,0,200,218,0,150.27
559,23,9,train,2.66344043795923e-11,2.5752276190091488e-11,0.03311987671767543,37545423796.53197,1,200,218,0,105.71
560,23,10,train,2.5752276190091488e-11,2.4768795800629218e-11,0.03819003734670556,37545423796.53197,0,200,212,0,101.83
561,23,11,train,2.4768795800629218e-11,2.3698373906236523e-11,0.0432165496865012,37545423796.53197,0,200,216,0,105.69
562,23,12,train,2.3698373906236523e-11,2.2621861261155547e-11,0.04542559119626677,37545423796.53197,0,200,218,0,107.3
563,23,13,train,2.2621861261155547e-11,2.1587458462136137e-11,0.04572580421557107,37545423796.53197,0,200,212,0,103.28
564,23,14,train,2.1587458462136137e-11,2.0600944283904368e-11,0.045698486459723346,37545423796.53197,0,200,212,0,102.07
565,23,15,train,2.0600944283904368e-11,1.955335738334138e-11,0.050851402058374295,37545423796.53197,0,200,220,0,105.07
566,23,16,train,1.955335738334138e-11,1.8628057015623588e-11,0.04732181535770977,37545423796.53197,0,200,217,0,105.94
567,23,17,train,1.8628057015623588e-11,1.7730344195750655e-11,0.04819143612884638,37545423796.53197,0,200,218,0,104.68
568,23,18,train,1.7730344195750655e-11,1.7013121946158924e-11,0.040451682250118075,37545423796.53197,0,200,216,0,103.64
569,23,19,train,1.7013121946158924e-11,1.6290376146635015e-11,0.04248166808015414,37545423796.53197,0,200,220,0,107.75
570,23,20,train,1.6290376146635015e-11,1.5570731802738356e-11,0.04417604218704986,37545423796.53197,0,200,221,0,108.87
571,23,21,train,1.5570731802738356e-11,1.491661570194017e-11,0.04200933579005887,37545423796.53197,0,200,215,0,102.85
572,23,22,train,1.491661570194017e-11,1.4412829579341937e-11,0.03377348673886586,37545423796.53197,0,200,221,0,105.3
573,23,23,train,1.4412829579341937e-11,1.3973057423515808e-11,0.030512548102036727,37545423796.53197,0,200,225,0,107.24
574,23,24,train,1.3973057423515808e-11,1.3532052117916578e-11,0.03156111738702547,37545423796.53197,0,200,217,0,104.18
575,24,0,train,5.4067789933709104e-11,2.7816835624977662e-11,0.4855192775757424,18495300089.500053,1,200,219,0,104.65
576,24,1,train,2.7816835624977662e-11,2.1871153640189282e-11,0.21374400974097693,18495300089.500053,0,200,211,0,100.87
577,24,2,train,2.1871153640189282e-11,1.9176443110304865e-11,0.12320843126138345,18495300089.500053,0,200,207,0,99.36
578,24,3,train,1.9176443110304865e-11,1.74352104471637e-11,0.09080060640679899,18495300089.500053,0,200,213,0,101.79
579,24,4,train,1.74352104471637e-11,1.6144024761385437e-11,0.07405621456024977,18495300089.500053,0,200,214,0,103.26
580,24,5,train,1.6144024761385437e-11,1.503670850059503e-11,0.06858985148728051,18495300089.500053,0,200,221,0,106.2
581,24,6,train,1.503670850059503e-11,1.4179680132835843e-11,0.05699574263378673,18495300089.500053,0,200,217,0,105.3
582,24,7,train,1.4179680132835843e-11,1.3499814842246227e-11,0.04794644760816954,18495300089.500053,0,200,217,0,105.26
583,24,8,train,1.3499814842246227e-11,1.29134607027264e-11,0.04343423568187724,18495300089.500053,0,200,215,0,102.58
584,24,9,train,1.29134607027264e-11,1.2424957173753719e-11,0.0378290173500543,18495300089.500053,0,200,218,0,105.03
585,24,10,train,1.2424957173753719e-11,1.201136411227283e-11,0.03328728265998019,18495300089.500053,0,200,217,0,105.26
586,24,11,train,1.201136411227283e-11,1.1642205833244765e-11,0.030734084453477743,18495300089.500053,0,200,218,0,105.9
587,24,12,train,1.1642205833244765e-11,1.1309820610098866e-11,0.02855002118213373,18495300089.500053,0,200,214,0,103.66
588,24,13,train,1.1309820610098866e-11,1.1027427167896076e-11,0.02496887014729774,18495300089.500053,0,200,213,0,103.07
589,24,14,train,1.1027427167896076e-11,1.0787689579450719e-11,0.021740119866155226,18495300089.500053,0,200,225,0,108.72
590,24,15,train,1.0787689579450719e-11,1.0581159482149755e-11,0.019144979634413927,18495300089.500053,0,200,216,0,106.43
591,24,16,train,1.0581159482149755e-11,1.0378434314551554e-11,0.019159069281603294,18495300089.500053,0,200,223,0,108.1
592,24,17,train,1.0378434314551554e-11,1.0175079010559167e-11,0.019594025247841425,18495300089.500053,0,200,224,0,109.16
593,24,18,train,1.0175079010559167e-11,9.956106030648678e-12,0.02152051887589773,18495300089.500053,0,200,219,0,105.52
594,24,19,train,9.956106030648678e-12,9.772723484323731e-12,0.018419103388455874,18495300089.500053,0,200,217,0,105.31
595,24,20,train,9.772723484323731e-12,9.599106018345718e-12,0.017765515033399883,18495300089.500053,0,200,216,0,105.27
596,24,21,train,9.599106018345718e-12,9.4376602285432e-12,0.016818835993056443,18495300089.500053,0,200,213,0,101.77
597,24,22,train,9.4376602285432e-12,9.27673350748123e-12,0.017051548494537213,18495300089.500053,0,200,213,0,105.38
598,24,23,train,9.27673350748123e-12,9.116135076540486e-12,0.01731195908680895,18495300089.500053,0,200,219,0,105.43
599,24,24,train,9.116135076540486e-12,8.963731895451986e-12,0.01671795994781766,18495300089.500053,0,200,219,0,105.65
600,25,0,train,8.972920437888905e-11,4.2583161367066113e-11,0.5254258447756299,11144643563.063555,1,200,211,0,100.73
601,25,1,train,4.2583161367066113e-11,3.4265807110656285e-11,0.19532026250269158,11144643563.063555,0,200,209,0,100.44
602,25,2,train,3.4265807110656285e-11,2.984114876324745e-11,0.1291275099144773,11144643563.063555,0,200,217,0,104.92
603,25,3,train,2.984114876324745e-11,2.740289538887944e-11,0.08170775842822035,11144643563.063555,0,200,216,0,105.84
604,25,4,train,2.740289538887944e-11,2.5647888266248455e-11,0.06404458717684251,11144643563.063555,0,200,219,0,104.59
605,25,5,train,2.5647888266248455e-11,2.4264020367168e-11,0.05395640704274152,11144643563.063555,0,200,217,0,105.56
606,25,6,train,2.4264020367168e-11,2.311461644285044e-11,0.04737071214599017,11144643563.063555,0,200,219,0,108.64
607,25,7,train,2.311461644285044e-11,2.2119264094603734e-11,0.04306159917070908,11144643563.063555,0,200,225,0,111.89
608,25,8,train,2.2119264094603734e-11,2.127314607025529e-11,0.03825253953882055,11144643563.063555,0,200,225,0,111.04
609,25,9,train,2.127314607025529e-11,2.0471587409147076e-11,0.03767936620474657,11144643563.063555,0,200,220,0,105.75
610,25,10,train,2.0471587409147076e-11,1.9727209660889493e-11,0.036361505992690245,11144643563.063555,0,200,209,0,100.56
611,25,11,train,1.9727209660889493e-11,1.9017064487598237e-11,0.03599825750821545,11144643563.063555,0,200,222,0,106.07
612,25,12,train,1.9017064487598237e-11,1.8362006419737628e-11,0.03444580357224944,11144643563.063555,0,200,221,0,105.35
613,25,13,train,1.8362006419737628e-11,1.7793536844295755e-11,0.030959011910093648,11144643563.063555,0,200,224,0,107.71
614,25,14,train,1.7793536844295755e-11,1.7277182409036508e-11,0.029019212974781865,11144643563.063555,0,200,221,0,106.71
615,25,15,train,1.7277182409036508e-11,1.6815665697790874e-11,0.026712498619233572,11144643563.063555,0,200,217,0,104.13
616,25,16,train,1.6815665697790874e-11,1.637001358275961e-11,0.02650219878537493,11144643563.063555,0,200,228,0,109.73
617,25,17,train,1.637001358275961e-11,1.594420261868643e-11,0.0260116439073471,11144643563.063555,0,200,221,0,106.56
618,25,18,train,1.594420261868643e-11,1.559440602670536e-11,0.02193879495554791,11144643563.063555,0,200,218,0,105.32
619,25,19,train,1.559440602670536e-11,1.5251434033764776e-11,0.02199327068650425,11144643563.063555,0,200,218,0,106.61
620,25,20,train,1.5251434033764776e-11,1.4899756622591042e-11,0.02305864552770337,11144643563.063555,0,200,225,0,110.93
621,25,21,train,1.4899756622591042e-11,1.4584494598237756e-11,0.02115887073452499,11144643563.063555,0,200,221,0,107.65
622,25,22,train,1.4584494598237756e-11,1.4294018200517957e-11,0.019916795591593383,11144643563.063555,0,200,217,0,103.44
623,25,23,train,1.4294018200517957e-11,1.3984854388713863e-11,0.021628894511474116,11144643563.063555,0,200,220,0,106.03
624,25,24,train,1.3984854388713863e-11,1.369553286637764e-11,0.02068820413101426,11144643563.063555,0,200,216,0,103.15
625,26,0,train,1.4490004956449326e-10,4.991262192491855e-11,0.6555375786624349,6901308888.475653,1,200,212,0,102.86
626,26,1,train,4.991262192491855e-11,3.406508202870592e-11,0.3175056585897533,6901308888.475653,0,200,214,0,103.79
627,26,2,train,3.406508202870592e-11,2.7689642408736365e-11,0.18715468275100908,6901308888.475653,0,200,213,0,103.51
628,26,3,train,2.7689642408736365e-11,2.46130800605619e-11,0.11110877860971505,6901308888.475653,0,200,213,0,103.61
629,26,4,train,2.46130800605619e-11,2.210798333258432e-11,0.1017790833903618,6901308888.475653,0,200,221,0,106.76
630,26,5,train,2.210798333258432e-11,2.022596375475332e-11,0.08512850536924113,6901308888.475653,0,200,212,0,103.38
631,26,6,train,2.022596375475332e-11,1.8526493404121374e-11,0.08402419638631822,6901308888.475653,0,200,217,0,104.2
632,26,7,train,1.8526493404121374e-11,1.7143574595615817e-11,0.0746454700487419,6901308888.475653,0,200,212,0,101.62
633,26,8,train,1.7143574595615817e-11,1.5892800476875617e-11,0.07295877016570772,6901308888.475653,0,200,224,0,106.96
634,26,9,train,1.5892800476875617e-11,1.4922332851931893e-11,0.061063349178502355,6901308888.475653,0,200,224,0,106.81
635,26,10,train,1.4922332851931893e-11,1.4103176866559232e-11,0.05489463299745456,6901308888.475653,0,200,226,0,108.49
636,26,11,train,1.4103176866559232e-11,1.3643983924958826e-11,0.032559539311261286,70906010004.82036,1,200,213,0,102.19
637,26,12,train,1.3643983924958826e-11,1.3151670585867518e-11,0.036082814359721056,70906010004.82036,0,200,214,0,102.57
638,26,13,train,1.3151670585867518e-11,1.2660892706752742e-11,0.03731677096916912,70906010004.82036,0,200,218,0,104.55
639,26,14,train,1.2660892706752742e-11,1.2247833521021898e-11,0.03262480737322234,70906010004.82036,0,200,218,0,103.33
640,26,15,train,1.2247833521021898e-11,1.1746206335724799e-11,0.04095640134527614,70906010004.82036,0,200,216,0,101.94
641,26,16,train,1.1746206335724799e-11,1.1311781376107937e-11,0.036984277919212626,70906010004.82036,0,200,214,0,101.28
642,26,17,train,1.1311781376107937e-11,1.091240177137956e-11,0.03530651728930352,70906010004.82036,0,200,215,0,101.28
643,26,18,train,1.091240177137956e-11,1.0543341682815988e-11,0.03382024381942406,70906010004.82036,0,200,220,0,103.92
644,26,19,train,1.0543341682815988e-11,1.0217441728619389e-11,0.03091049915680584,70906010004.82036,0,200,216,0,103.07
645,26,20,train,1.0217441728619389e-11,9.86093328599442e-12,0.03489214346350293,70906010004.82036,0,200,219,0,104.48
646,26,21,train,9.86093328599442e-12,9.56191961181701e-12,0.03032306025253222,70906010004.82036,0,200,214,0,102.91
647,26,22,train,9.56191961181701e-12,9.314509498198999e-12,0.025874523491313643,70906010004.82036,0,200,213,0,101.0
648,26,23,train,9.314509498198999e-12,9.05450375048072e-12,0.027914056855978458,70906010004.82036,0,200,217,0,102.49
649,26,24,train,9.05450375048072e-12,8.829627811058056e-12,0.024835810511506535,70906010004.82036,0,200,216,0,102.22
650,27,0,train,1.0305304567990188e-10,3.508159144935424e-11,0.6595773446781681,9703740373.730913,1,200,211,0,99.88
651,27,1,train,3.508159144935424e-11,2.726647744905734e-11,0.22276965432367107,9703740373.730913,0,200,214,0,100.71
652,27,2,train,2.726647744905734e-11,2.2932991108110784e-11,0.1589309198096058,9703740373.730913,0,200,215,0,102.57
653,27,3,train,2.2932991108110784e-11,2.0780424463758126e-11,0.09386331831748508,9703740373.730913,0,200,216,0,103.16
654,27,4,train,2.0780424463758126e-11,1.8913106621031722e-11,0.08985946586332148,9703740373.730913,0,200,218,0,104.26
655,27,5,train,1.8913106621031722e-11,1.765622577617866e-11,0.06645554694094444,9703740373.730913,0,200,213,0,100.99
656,27,6,train,1.765622577617866e-11,1.666360559869645e-11,0.0562192730238774,9703740373.730913,0,200,223,0,105.95
657,27,7,train,1.666360559869645e-11,1.591381719463232e-11,0.044995568313425764,9703740373.730913,0,200,211,0,100.42
658,27,8,train,1.591381719463232e-11,1.5257613231001116e-11,0.041234856201096765,9703740373.730913,0,200,213,0,100.99
659,27,9,train,1.5257613231001116e-11,1.463873797593198e-11,0.04056173437478917,9703740373.730913,0,200,217,0,104.8
660,27,10,train,1.463873797593198e-11,1.4090826703265149e-11,0.037428859889948846,9703740373.730913,0,200,215,0,102.86
661,27,11,train,1.4090826703265149e-11,1.3658957068095873e-11,0.0306489920189851,9703740373.730913,0,200,223,0,106.97
662,27,12,train,1.3658957068095873e-11,1.3216908328969472e-11,0.03236328637117717,9703740373.730913,0,200,217,0,102.87
663,27,13,train,1.3216908328969472e-11,1.2816567794747458e-11,0.03029002882198462,9703740373.730913,0,200,221,0,104.39
664,27,14,train,1.2816567794747458e-11,1.2464578608603437e-11,0.027463607401060557,9703740373.730913,0,200,221,0,104.89
665,27,15,train,1.2464578608603437e-11,1.2134184914704177e-11,0.02650660758569184,9703740373.730913,0,200,218,0,105.33
666,27,16,train,1.2134184914704177e-11,1.181690832610437e-11,0.026147334232176696,9703740373.730913,0,200,213,0,102.26
667,27,17,train,1.181690832610437e-11,1.1540678629401311e-11,0.02337580093541462,9703740373.730913,0,200,220,0,104.29
668,27,18,train,1.1540678629401311e-11,1.130090246748949e-11,0.020776608517714196,9703740373.730913,0,200,224,0,105.69
669,27,19,train,1.130090246748949e-11,1.1031369380732062e-11,0.0238505807419206,9703740373.730913,0,200,219,0,104.26
670,27,20,train,1.1031369380732062e-11,1.0808776063258242e-11,0.020178212676171706,9703740373.730913,0,200,210,0,99.39
671,27,21,train,1.0808776063258242e-11,1.0605404786653794e-11,0.01881538440746849,9703740373.730913,0,200,218,0,103.08
672,27,22,train,1.0605404786653794e-11,1.038837004148749e-11,0.02046454138548572,9703740373.730913,0,200,219,0,103.25
673,27,23,train,1.038837004148749e-11,1.0176480810214256e-11,0.020396773548402955,9703740373.730913,0,200,219,0,104.14
674,27,24,train,1.0176480810214256e-11,1.0031551494145405e-11,0.014241594788188776,98265797248.52309,1,200,215,0,101.92
675,28,0,train,5.559237764772158e-11,3.353444367379548e-11,0.3967798267903393,17988077544.313927,1,200,209,0,98.97
676,28,1,train,3.353444367379548e-11,2.787164405915109e-11,0.16886517246950553,17988077544.313927,0,200,215,0,101.67
677,28,2,train,2.787164405915109e-11,2.4651456365381865e-11,0.11553633818425366,17988077544.313927,0,200,220,0,103.92
678,28,3,train,2.4651456365381865e-11,2.2750607204859205e-11,0.07710900047236276,17988077544.313927,0,200,218,0,103.04
679,28,4,train,2.2750607204859205e-11,2.1168746300041873e-11,0.06953049167318355,17988077544.313927,0,200,215,0,101.74
680,28,5,train,2.1168746300041873e-11,2.0020419583593986e-11,0.054246326172165175,17988077544.313927,0,200,221,0,104.48
681,28,6,train,2.0020419583593986e-11,1.892479870129309e-11,0.05472517085499643,17988077544.313927,0,200,218,0,103.71
682,28,7,train,1.892479870129309e-11,1.7972175847560513e-11,0.05033727802174642,17988077544.313927,0,200,220,0,104.3
683,28,8,train,1.7972175847560513e-11,1.7206608460032062e-11,0.042597367954886015,17988077544.313927,0,200,220,0,104.25
684,28,9,train,1.7206608460032062e-11,1.6509066460502608e-11,0.04053919173843717,17988077544.313927,0,200,221,0,104.6
685,28,10,train,1.6509066460502608e-11,1.589016393088054e-11,0.03748864486691429,17988077544.313927,0,200,221,0,105.07
686,28,11,train,1.589016393088054e-11,1.539585731440116e-11,0.031107710318756237,17988077544.313927,0,200,219,0,103.95
687,28,12,train,1.539585731440116e-11,1.4925743325324847e-11,0.030535096518241357,17988077544.313927,0,200,218,0,103.54
688,28,13,train,1.4925743325324847e-11,1.4497888546431188e-11,0.028665559199836176,17988077544.313927,0,200,218,0,103.88
689,28,14,train,1.4497888546431188e-11,1.4031503362748675e-11,0.03216917982152092,17988077544.313927,0,200,217,0,103.28
690,28,15,train,1.4031503362748675e-11,1.3546056542669268e-11,0.03459692147943236,17988077544.313927,0,200,216,0,103.54
691,28,16,train,1.3546056542669268e-11,1.3161099810408683e-11,0.028418361539241634,17988077544.313927,0,200,216,0,102.42
692,28,17,train,1.3161099810408683e-11,1.281804556559515e-11,0.026065773359018447,17988077544.313927,0,200,214,0,101.57
693,28,18,train,1.281804556559515e-11,1.2459495095223262e-11,0.02797231984681588,17988077544.313927,0,200,217,0,103.06
694,28,19,train,1.2459495095223262e-11,1.2147364497289717e-11,0.025051624929264597,17988077544.313927,0,200,217,0,103.33
695,28,20,train,1.2147364497289717e-11,1.1843846253398811e-11,0.024986345306311195,17988077544.313927,0,200,215,0,102.06
696,28,21,train,1.1843846253398811e-11,1.1562705681757476e-11,0.02373726960198053,17988077544.313927,0,200,221,0,105.65
697,28,22,train,1.1562705681757476e-11,1.1272359433562098e-11,0.025110580186561277,17988077544.313927,0,200,218,0,104.21
698,28,23,train,1.1272359433562098e-11,1.1001707377349718e-11,0.024010240075076513,17988077544.313927,0,200,223,0,105.86
699,28,24,train,1.1001707377349718e-11,1.072572173953094e-11,0.025085709731470934,17988077544.313927,0,200,222,0,105.69
700,29,0,train,9.986514784778361e-11,4.944175459912428e-11,0.5049148209895573,10013503424.880714,1,200,210,0,98.74
701,29,1,train,4.944175459912428e-11,3.639533880697977e-11,0.26387444980311414,10013503424.880714,0,200,209,0,99.13
702,29,2,train,3.639533880697977e-11,2.9990319994413773e-11,0.17598459095365437,10013503424.880714,0,200,215,0,101.54
703,29,3,train,2.9990319994413773e-11,2.6846294599788432e-11,0.10483467316157251,10013503424.880714,0,200,222,0,105.19
704,29,4,train,2.6846294599788432e-11,2.447962281123888e-11,0.08815636659847284,10013503424.880714,0,200,216,0,102.48
705,29,5,train,2.447962281123888e-11,2.2417518999565295e-11,0.08423756475229882,10013503424.880714,0,200,217,0,103.44
706,29,6,train,2.2417518999565295e-11,2.0529426247395518e-11,0.08422398358205428,10013503424.880714,0,200,217,0,103.75
707,29,7,train,2.0529426247395518e-11,1.8741588793312323e-11,0.08708657672836863,10013503424.880714,0,200,219,0,104.72
708,29,8,train,1.8741588793312323e-11,1.7708380777495077e-11,0.05512915832332916,10013503424.880714,0,200,223,0,106.58
709,29,9,train,1.7708380777495077e-11,1.6801636724279668e-11,0.051204232877562476,10013503424.880714,0,200,219,0,103.54
710,29,10,train,1.6801636724279668e-11,1.611906579393417e-11,0.04062526416602793,10013503424.880714,0,200,214,0,101.1
711,29,11,train,1.611906579393417e-11,1.5505715916274907e-11,0.038051205045026605,10013503424.880714,0,200,217,0,103.67
712,29,12,train,1.5505715916274907e-11,1.491548208378594e-11,0.038065564703752455,10013503424.880714,0,200,219,0,105.41
713,29,13,train,1.491548208378594e-11,1.4398263502696715e-11,0.034676625145859286,10013503424.880714,0,200,216,0,102.08
714,29,14,train,1.4398263502696715e-11,1.384647929190191e-11,0.038322969342202924,10013503424.880714,0,200,217,0,103.85
715,29,15,train,1.384647929190191e-11,1.3326267820566182e-11,0.037569945425764105,10013503424.880714,0,200,227,0,108.81
716,29,16,train,1.3326267820566182e-11,1.2891759672141565e-11,0.03260538916635372,10013503424.880714,0,200,223,0,108.13
717,29,17,train,1.2891759672141565e-11,1.2501623793682769e-11,0.030262422538162848,10013503424.880714,0,200,225,0,107.8
718,29,18,train,1.2501623793682769e-11,1.2163097737550193e-11,0.02707856689013771,10013503424.880714,0,200,216,0,102.22
719,29,19,train,1.2163097737550193e-11,1.1801775437082762e-11,0.029706437312589287,10013503424.880714,0,200,221,0,107.92
720,29,20,train,1.1801775437082762e-11,1.150152820376821e-11,0.025440852939053044,10013503424.880714,0,200,219,0,106.21
721,29,21,train,1.150152820376821e-11,1.1198276801462453e-11,0.02636618342651232,10013503424.880714,0,200,220,0,107.46
722,29,22,train,1.1198276801462453e-11,1.0941527646547784e-11,0.02292755925457557,10013503424.880714,0,200,221,0,104.23
723,29,23,train,1.0941527646547784e-11,1.070212733477191e-11,0.021879971381455917,10013503424.880714,0,200,222,0,107.27
724,29,24,train,1.070212733477191e-11,1.0474560089335767e-11,0.021263739284502967,10013503424.880714,0,200,220,0,106.95
725,30,0,train,1.2225937262951205e-10,3.678415220837432e-11,0.6991302064027194,8179332009.418566,1,200,210,0,103.64
726,30,1,train,3.678415220837432e-11,2.841276905185465e-11,0.22758124501816926,8179332009.418566,0,200,212,0,106.03
727,30,2,train,2.841276905185465e-11,2.4408173841676357e-11,0.14094350335476696,8179332009.418566,0,200,216,0,105.52
728,30,3,train,2.4408173841676357e-11,2.1836724844972975e-11,0.10535196173966509,8179332009.418566,0,200,213,0,104.62
729,30,4,train,2.1836724844972975e-11,2.0106271890073993e-11,0.0792450776013395,8179332009.418566,0,200,219,0,109.36
730,30,5,train,2.0106271890073993e-11,1.871196267251034e-11,0.06934697915091814,8179332009.418566,0,200,217,0,105.89
731,30,6,train,1.871196267251034e-11,1.7496698591913258e-11,0.06494583715595059,8179332009.418566,0,200,222,0,109.16
732,30,7,train,1.7496698591913258e-11,1.6556508579032907e-11,0.05373528085549204,8179332009.418566,0,200,223,0,110.7
733,30,8,train,1.6556508579032907e-11,1.5747618764373902e-11,0.04885630389992847,8179332009.418566,0,200,217,0,106.27
734,30,9,train,1.5747618764373902e-11,1.501452073667224e-11,0.04655294484015343,8179332009.418566,0,200,218,0,108.99
735,30,10,train,1.501452073667224e-11,1.445778836948662e-11,0.037079596275479326,8179332009.418566,0,200,213,0,105.49
736,30,11,train,1.445778836948662e-11,1.3971483312042279e-11,0.03363619974343342,8179332009.418566,0,200,218,0,106.71
737,30,12,train,1.3971483312042279e-11,1.3502002349693342e-11,0.03360280020835607,8179332009.418566,0,200,219,0,106.36
738,30,13,train,1.3502002349693342e-11,1.2998104500333132e-11,0.037320231200496996,8179332009.418566,0,200,220,0,106.98
739,30,14,train,1.2998104500333132e-11,1.2603071825547357e-11,0.030391560152147667,8179332009.418566,0,200,220,0,110.27
740,30,15,train,1.2603071825547357e-11,1.2222212230838145e-11,0.030219584556931713,8179332009.418566,0,200,214,0,104.46
741,30,16,train,1.2222212230838145e-11,1.1969331049262459e-11,0.020690295406394235,81818248702.70842,1,200,220,0,107.98
742,30,17,train,1.1969331049262459e-11,1.1733519465065074e-11,0.019701316909595805,81818248702.70842,0,200,212,0,105.67
743,30,18,train,1.1733519465065074e-11,1.1499795315687566e-11,0.019919355831248157,81818248702.70842,0,200,208,0,102.56
744,30,19,train,1.1499795315687566e-11,1.1315066942390908e-11,0.016063622718976527,81818248702.70842,0,200,217,0,106.7
745,30,20,train,1.1315066942390908e-11,1.1106654270146751e-11,0.01841904014401864,81818248702.70842,0,200,217,0,106.87
746,30,21,train,1.1106654270146751e-11,1.0893655436875793e-11,0.01917758742553744,81818248702.70842,0,200,213,0,106.04
747,30,22,train,1.0893655436875793e-11,1.065997058372222e-11,0.02145146360720506,81818248702.70842,0,200,214,0,106.46
748,30,23,train,1.065997058372222e-11,1.0423100867521897e-11,0.02222048497601149,81818248702.70842,0,200,221,0,111.23
749,30,24,train,1.0423100867521897e-11,1.017651848636034e-11,0.02365729587534749,81818248702.70842,0,200,219,0,108.57
750,31,0,train,9.528577913328264e-11,5.301728149466576e-11,0.4435971245981322,10494745481.39269,1,200,219,0,107.7
751,31,1,train,5.301728149466576e-11,3.971410709234506e-11,0.2509214736643782,10494745481.39269,0,200,213,0,104.62
752,31,2,train,3.971410709234506e-11,3.409739988912823e-11,0.1414285153171543,10494745481.39269,0,200,213,0,107.4
753,31,3,train,3.409739988912823e-11,3.079730051284029e-11,0.09678448758610944,10494745481.39269,0,200,221,0,111.31
754,31,4,train,3.079730051284029e-11,2.7453209012922872e-11,0.1085839162599062,10494745481.39269,0,200,217,0,107.27
755,31,5,train,2.7453209012922872e-11,2.5644612662294854e-11,0.06587923290776933,10494745481.39269,0,200,218,0,108.27
756,31,6,train,2.5644612662294854e-11,2.403159774137369e-11,0.06289878276433371,10494745481.39269,0,200,219,0,110.1
757,31,7,train,2.403159774137369e-11,2.2693336215438907e-11,0.055687580174113044,10494745481.39269,0,200,217,0,106.08
758,31,8,train,2.2693336215438907e-11,2.1687738718682234e-11,0.04431245750779197,10494745481.39269,0,200,219,0,107.04
759,31,9,train,2.1687738718682234e-11,2.08585492520602e-11,0.03823309923536445,10494745481.39269,0,200,219,0,107.03
760,31,10,train,2.08585492520602e-11,1.9965148384691017e-11,0.042831400044801404,10494745481.39269,0,200,215,0,106.1
761,31,11,train,1.9965148384691017e-11,1.917333360482152e-11,0.03965984948434681,10494745481.39269,0,200,225,0,113.18
762,31,12,train,1.917333360482152e-11,1.849453149234611e-11,0.03540344764588623,10494745481.39269,0,200,222,0,109.74
763,31,13,train,1.849453149234611e-11,1.78720663317288e-11,0.033656714195486215,10494745481.39269,0,200,219,0,110.53
764,31,14,train,1.78720663317288e-11,1.723017674954709e-11,0.03591580124353851,10494745481.39269,0,200,220,0,111.08
765,31,15,train,1.723017674954709e-11,1.664317668441463e-11,0.034068139501116326,10494745481.39269,0,200,221,0,111.67
766,31,16,train,1.664317668441463e-11,1.6007225935995245e-11,0.038210899305954955,10494745481.39269,0,200,224,0,111.37
767,31,17,train,1.6007225935995245e-11,1.5471035093422453e-11,0.033496799802585846,10494745481.39269,0,200,218,0,108.77
768,31,18,train,1.5471035093422453e-11,1.5065742705962205e-11,0.02619685011460922,10494745481.39269,0,200,223,0,110.73
769,31,19,train,1.5065742705962205e-11,1.4665035088722255e-11,0.026597269385290414,10494745481.39269,0,200,222,0,110.23
770,31,20,train,1.4665035088722255e-11,1.4295032130900306e-11,0.025230281113100734,10494745481.39269,0,200,211,0,103.39
771,31,21,train,1.4295032130900306e-11,1.3936836559306496e-11,0.025057346378363852,10494745481.39269,0,200,218,0,107.54
772,31,22,train,1.3936836559306496e-11,1.3577226950861817e-11,0.02580281449914436,10494745481.39269,0,200,225,0,112.41
773,31,23,train,1.3577226950861817e-11,1.3222419197728366e-11,0.026132564066105535,10494745481.39269,0,200,217,0,106.96
774,31,24,train,1.3222419197728366e-11,1.2869775933901401e-11,0.026670101632199794,10494745481.39269,0,200,216,0,107.47
775,32,0,train,1.383737489844159e-10,4.6471349270034053e-11,0.6641606546681929,7226804269.880865,1,200,216,0,106.09
776,32,1,train,4.6471349270034053e-11,3.543994483603858e-11,0.23738076486427329,7226804269.880865,0,200,215,0,107.05
777,32,2,train,3.543994483603858e-11,2.982185637861464e-11,0.15852418742229404,7226804269.880865,0,200,213,0,108.92
778,32,3,train,2.982185637861464e-11,2.637919777477127e-11,0.11544078812988029,7226804269.880865,0,200,223,0,114.55
779,32,4,train,2.637919777477127e-11,2.407488830765627e-11,0.08735328067174249,7226804269.880865,0,200,217,0,110.75
780,32,5,train,2.407488830765627e-11,2.2125020778949084e-11,0.08099175804222071,7226804269.880865,0,200,213,0,107.27
781,32,6,train,2.2125020778949084e-11,2.077618510584058e-11,0.060964266952999106,7226804269.880865,0,200,217,0,107.73
782,32,7,train,2.077618510584058e-11,1.9601439944879643e-11,0.05654287132004293,7226804269.880865,0,200,216,0,109.78
783,32,8,train,1.9601439944879643e-11,1.8503488087345046e-11,0.05601383677026281,7226804269.880865,0,200,222,0,111.29
784,32,9,train,1.8503488087345046e-11,1.7531913361332207e-11,0.05250765268832316,7226804269.880865,0,200,217,0,109.67
785,32,10,train,1.7531913361332207e-11,1.6634093495293238e-11,0.05121060363092884,7226804269.880865,0,200,218,0,110.75
786,32,11,train,1.6634093495293238e-11,1.591113304991937e-11,0.04346256954600126,7226804269.880865,0,200,215,0,108.62
787,32,12,train,1.591113304991937e-11,1.5263645991078407e-11,0.04069396295094417,7226804269.880865,0,200,220,0,112.72
788,32,13,train,1.5263645991078407e-11,1.4737378687043148e-11,0.03447847941067699,7226804269.880865,0,200,217,0,110.29
789,32,14,train,1.4737378687043148e-11,1.4204431048676292e-11,0.036162987304887144,7226804269.880865,0,200,216,0,109.69
790,32,15,train,1.4204431048676292e-11,1.3714154074569929e-11,0.03451577697313343,7226804269.880865,0,200,218,0,110.87
791,32,16,train,1.3714154074569929e-11,1.3415109591334231e-11,0.021805536208041744,72917366580.728,1,200,209,0,103.4
792,32,17,train,1.3415109591334231e-11,1.3126781735361428e-11,0.021492769329223744,72917366580.728,0,200,215,0,109.52
793,32,18,train,1.3126781735361428e-11,1.285503755569607e-11,0.02070150819475596,72917366580.728,0,200,214,0,109.94
794,32,19,train,1.285503755569607e-11,1.2590177292698083e-11,0.020603616430558556,72917366580.728,0,200,216,0,108.02
795,32,20,train,1.2590177292698083e-11,1.2319602328606065e-11,0.02149095741876041,72917366580.728,0,200,215,0,110.61
796,32,21,train,1.2319602328606065e-11,1.2036285793759507e-11,0.02299721430039169,72917366580.728,0,200,220,0,111.09
797,32,22,train,1.2036285793759507e-11,1.1734725885178633e-11,0.02505423298749055,72917366580.728,0,200,221,0,108.84
798,32,23,train,1.1734725885178633e-11,1.1411239058794872e-11,0.027566628274831376,72917366580.728,0,200,217,0,107.48
799,32,24,train,1.1411239058794872e-11,1.1074384480686702e-11,0.02951954440464984,72917366580.728,0,200,210,0,106.59
800,33,0,train,1.8658275952905863e-10,4.467313960163231e-11,0.7605719857805251,5359551989.283655,1,200,223,0,110.46
801,33,1,train,4.467313960163231e-11,3.4644112538476185e-11,0.2244979231947618,5359551989.283655,0,200,215,0,107.88
802,33,2,train,3.4644112538476185e-11,2.8939322574482795e-11,0.16466838218636942,5359551989.283655,0,200,213,0,106.66
803,33,3,train,2.8939322574482795e-11,2.5730653573487766e-11,0.11087574675380509,5359551989.283655,0,200,214,0,108.04
804,33,4,train,2.5730653573487766e-11,2.3210381751852486e-11,0.09794822406812498,5359551989.283655,0,200,218,0,110.31
805,33,5,train,2.3210381751852486e-11,2.1359294114198818e-11,0.07975257182083736,5359551989.283655,0,200,219,0,109.33
806,33,6,train,2.1359294114198818e-11,1.9827292944204502e-11,0.07172527152832742,5359551989.283655,0,200,217,0,108.29
807,33,7,train,1.9827292944204502e-11,1.833725970681104e-11,0.07515061393335577,5359551989.283655,0,200,217,0,109.04
808,33,8,train,1.833725970681104e-11,1.7484907284047486e-11,0.046481995477599305,54533775274.424904,1,200,214,0,105.14
809,33,9,train,1.7484907284047486e-11,1.6756864327018648e-11,0.041638365317102626,54533775274.424904,0,200,212,0,106.59
810,33,10,train,1.6756864327018648e-11,1.5992666379664888e-11,0.04560506861188655,54533775274.424904,0,200,209,0,104.96
811,33,11,train,1.5992666379664888e-11,1.524540134035736e-11,0.04672548164061595,54533775274.424904,0,200,210,0,103.65
812,33,12,train,1.524540134035736e-11,1.4353513297649579e-11,0.058502103211070675,54533775274.424904,0,200,213,0,106.73
813,33,13,train,1.4353513297649579e-11,1.3398026318318806e-11,0.06656816066678503,54533775274.424904,0,200,213,0,105.3
814,33,14,train,1.3398026318318806e-11,1.2696786098305344e-11,0.052339068707058206,54533775274.424904,0,200,215,0,107.73
815,33,15,train,1.2696786098305344e-11,1.2090101232216687e-11,0.0477825538991818,54533775274.424904,0,200,216,0,106.64
816,33,16,train,1.2090101232216687e-11,1.1573409206145485e-11,0.04273678244267831,54533775274.424904,0,200,218,0,107.57
817,33,17,train,1.1573409206145485e-11,1.1095501179375778e-11,0.041293625608255335,54533775274.424904,0,200,223,0,113.89
818,33,18,train,1.1095501179375778e-11,1.0638962608061018e-11,0.04114627757089247,54533775274.424904,0,200,224,0,112.43
819,33,19,train,1.0638962608061018e-11,1.0266739172581062e-11,0.034986816778350804,54533775274.424904,0,200,217,0,108.64
820,33,20,train,1.0266739172581062e-11,9.901008639031286e-12,0.0356228523391844,54533775274.424904,0,200,223,0,116.51
821,33,21,train,9.901008639031286e-12,9.558787432386766e-12,0.03456427714803039,54533775274.424904,0,200,218,0,110.55
822,33,22,train,9.558787432386766e-12,9.278867062983018e-12,0.029284087692475633,54533775274.424904,0,200,217,0,110.29
823,33,23,train,9.278867062983018e-12,8.983254022821253e-12,0.03185874289988262,54533775274.424904,0,200,221,0,110.39
824,33,24,train,8.983254022821253e-12,8.71886344133554e-12,0.029431493400281165,54533775274.424904,0,200,225,0,111.8
825,34,0,train,1.6910691368534583e-10,4.613409281024683e-11,0.7271897889634027,5913418784.643435,1,200,214,0,106.66
826,34,1,train,4.613409281024683e-11,3.389046413014414e-11,0.26539220637678307,5913418784.643435,0,200,212,0,108.15
827,34,2,train,3.389046413014414e-11,2.778623527424823e-11,0.18011641364529016,5913418784.643435,0,200,210,0,107.32
828,34,3,train,2.778623527424823e-11,2.3963239194495096e-11,0.13758596808889095,5913418784.643435,0,200,218,0,109.05
829,34,4,train,2.3963239194495096e-11,2.1143907691495137e-11,0.11765235409608665,5913418784.643435,0,200,218,0,110.54
830,34,5,train,2.1143907691495137e-11,1.9049747691979626e-11,0.09904318681630737,5913418784.643435,0,200,214,0,106.11
831,34,6,train,1.9049747691979626e-11,1.7428878909529496e-11,0.08508610238090199,5913418784.643435,0,200,222,0,110.43
832,34,7,train,1.7428878909529496e-11,1.602322330050405e-11,0.0806509481373976,5913418784.643435,0,200,217,0,108.89
833,34,8,train,1.602322330050405e-11,1.5290680812856437e-11,0.04571754845509573,62409415461.902885,1,200,210,0,109.21
834,34,9,train,1.5290680812856437e-11,1.4487602091663235e-11,0.05252079557621608,62409415461.902885,0,200,215,0,109.33
835,34,10,train,1.4487602091663235e-11,1.3724663558528167e-11,0.05266147760740157,62409415461.902885,0,200,215,0,108.98
836,34,11,train,1.3724663558528167e-11,1.304166529486821e-11,0.04976429919373572,62409415461.902885,0,200,215,0,109.21
837,34,12,train,1.304166529486821e-11,1.2223020943863942e-11,0.06277145843686065,62409415461.902885,0,200,220,0,112.8
838,34,13,train,1.2223020943863942e-11,1.1533174111771845e-11,0.05643832529293064,62409415461.902885,0,200,218,0,110.42
839,34,14,train,1.1533174111771845e-11,1.1026793055624122e-11,0.04390647806407971,62409415461.902885,0,200,213,0,105.26
840,34,15,train,1.1026793055624122e-11,1.060521154087725e-11,0.03823246819090771,62409415461.902885,0,200,221,0,110.52
841,34,16,train,1.060521154087725e-11,1.02481057343719e-11,0.03367267169814624,62409415461.902885,0,200,215,0,106.0
842,34,17,train,1.02481057343719e-11,9.917081039096013e-12,0.03230106166504876,62409415461.902885,0,200,220,0,111.35
843,34,18,train,9.917081039096013e-12,9.618746504782804e-12,0.03008289769309013,62409415461.902885,0,200,218,0,108.57
844,34,19,train,9.618746504782804e-12,9.363365052121968e-12,0.02655038809202946,62409415461.902885,0,200,213,0,109.05
845,34,20,train,9.363365052121968e-12,9.148069913482003e-12,0.022993350941836247,62409415461.902885,0,200,218,0,111.53
846,34,21,train,9.148069913482003e-12,8.906595727409897e-12,0.026396189399059182,62409415461.902885,0,200,221,0,113.12
847,34,22,train,8.906595727409897e-12,8.666365989763394e-12,0.026972116507679767,62409415461.902885,0,200,222,0,111.6
848,34,23,train,8.666365989763394e-12,8.426116482294087e-12,0.027722058790626596,62409415461.902885,0,200,217,0,107.44
849,34,24,train,8.426116482294087e-12,8.198519750494008e-12,0.027010869393786704,62409415461.902885,0,200,221,0,109.27
850,35,0,train,1.3391081840185018e-10,3.224468397724753e-11,0.7592077745318146,7467656548.846717,1,200,215,0,107.31
851,35,1,train,3.224468397724753e-11,2.321153767559016e-11,0.28014373805093984,7467656548.846717,0,200,215,0,109.35
852,35,2,train,2.321153767559016e-11,1.9310902637130532e-11,0.16804724844065955,7467656548.846717,0,200,210,0,105.38
853,35,3,train,1.9310902637130532e-11,1.7421528359623886e-11,0.09783977025878651,7467656548.846717,0,200,218,0,109.97
854,35,4,train,1.7421528359623886e-11,1.5860035800467162e-11,0.08963005580931908,7467656548.846717,0,200,215,0,107.56
855,35,5,train,1.5860035800467162e-11,1.4752044552489132e-11,0.0698605767299336,7467656548.846717,0,200,222,0,110.06
856,35,6,train,1.4752044552489132e-11,1.3872848863592462e-11,0.05959822625049771,7467656548.846717,0,200,221,0,114.0
857,35,7,train,1.3872848863592462e-11,1.3122193894778295e-11,0.05410964800345848,7467656548.846717,0,200,215,0,110.19
858,35,8,train,1.3122193894778295e-11,1.2680748278417804e-11,0.03364114414862867,76206769082.86877,1,200,215,0,105.21
859,35,9,train,1.2680748278417804e-11,1.2286859427259934e-11,0.031061956479985848,76206769082.86877,0,200,219,0,109.84
860,35,10,train,1.2286859427259934e-11,1.189299518961733e-11,0.032055729128695594,76206769082.86877,0,200,208,0,104.88
861,35,11,train,1.189299518961733e-11,1.1584532070821567e-11,0.025936537758381815,76206769082.86877,0,200,213,0,108.27
862,35,12,train,1.1584532070821567e-11,1.1181413036497858e-11,0.03479804206671935,76206769082.86877,0,200,220,0,108.99
863,35,13,train,1.1181413036497858e-11,1.0733997848989315e-11,0.04001419016077048,76206769082.86877,0,200,215,0,106.85
864,35,14,train,1.0733997848989315e-11,1.0304312915444308e-11,0.04003027945319227,76206769082.86877,0,200,219,0,108.98
865,35,15,train,1.0304312915444308e-11,9.93081537065171e-12,0.036246719976136654,76206769082.86877,0,200,221,0,113.33
866,35,16,train,9.93081537065171e-12,9.649646515324996e-12,0.028312766357296855,76206769082.86877,0,200,224,0,112.6
867,35,17,train,9.649646515324996e-12,9.393363734450923e-12,0.026558773988980794,76206769082.86877,0,200,214,0,105.1
868,35,18,train,9.393363734450923e-12,9.180219159606987e-12,0.02269097427391331,76206769082.86877,0,200,221,0,108.84
869,35,19,train,9.180219159606987e-12,8.971521780260041e-12,0.022733376591401584,76206769082.86877,0,200,215,0,109.85
870,35,20,train,8.971521780260041e-12,8.766797159670181e-12,0.022819386231699716,76206769082.86877,0,200,223,0,111.63
871,35,21,train,8.766797159670181e-12,8.565151827179575e-12,0.02300102635181671,76206769082.86877,0,200,209,0,102.85
872,35,22,train,8.565151827179575e-12,8.375113150424097e-12,0.022187426515013205,76206769082.86877,0,200,213,0,107.96
873,35,23,train,8.375113150424097e-12,8.195762543725877e-12,0.021414708491328108,76206769082.86877,0,200,220,0,111.36
874,35,24,train,8.195762543725877e-12,8.04981182810872e-12,0.017808070309319354,76206769082.86877,0,200,215,0,107.45
875,36,0,train,7.948262996472939e-11,3.5994082645695326e-11,0.5471452987694571,12581365267.401852,1,200,212,0,104.55
876,36,1,train,3.5994082645695326e-11,2.788974861398719e-11,0.22515739910591565,12581365267.401852,0,200,212,0,106.37
877,36,2,train,2.788974861398719e-11,2.4880337028819095e-11,0.10790386198242119,12581365267.401852,0,200,208,0,105.06
878,36,3,train,2.4880337028819095e-11,2.2866690097313747e-11,0.0809332658626338,12581365267.401852,0,200,220,0,112.59
879,36,4,train,2.2866690097313747e-11,2.1214643249157795e-11,0.07224687268359951,12581365267.401852,0,200,213,0,109.56
880,36,5,train,2.1214643249157795e-11,2.003120066463572e-11,0.055784232175059345,12581365267.401852,0,200,219,0,110.31
881,36,6,train,2.003120066463572e-11,1.8948221057369183e-11,0.05406463773180083,12581365267.401852,0,200,216,0,110.66
882,36,7,train,1.8948221057369183e-11,1.8043895720219806e-11,0.04772613399492054,12581365267.401852,0,200,220,0,113.41
883,36,8,train,1.8043895720219806e-11,1.728417557754081e-11,0.042103997632155575,12581365267.401852,0,200,220,0,109.78
884,36,9,train,1.728417557754081e-11,1.644416049676495e-11,0.04860023997137486,12581365267.401852,0,200,219,0,110.14
885,36,10,train,1.644416049676495e-11,1.5776668995883877e-11,0.040591400273208685,12581365267.401852,0,200,216,0,108.4
886,36,11,train,1.5776668995883877e-11,1.5203886466270067e-11,0.03630566945172324,12581365267.401852,0,200,224,0,112.78
887,36,12,train,1.5203886466270067e-11,1.470629651458634e-11,0.032727812904130425,12581365267.401852,0,200,218,0,110.78
888,36,13,train,1.470629651458634e-11,1.4214610715580562e-11,0.03343369273957604,12581365267.401852,0,200,211,0,106.02
889,36,14,train,1.4214610715580562e-11,1.3798133641186582e-11,0.029299224771416478,12581365267.401852,0,200,215,0,107.85
890,36,15,train,1.3798133641186582e-11,1.3443754882866778e-11,0.025683093636809314,12581365267.401852,0,200,212,0,107.56
891,36,16,train,1.3443754882866778e-11,1.3097052711165853e-11,0.025789087551929064,12581365267.401852,0,200,215,0,106.86
892,36,17,train,1.3097052711165853e-11,1.2798907449182093e-11,0.022764301905082607,12581365267.401852,0,200,220,0,109.74
893,36,18,train,1.2798907449182093e-11,1.2476071410679117e-11,0.02522371849197223,12581365267.401852,0,200,219,0,109.93
894,36,19,train,1.2476071410679117e-11,1.2185302794341372e-11,0.02330610388209678,12581365267.401852,0,200,217,0,109.95
895,36,20,train,1.2185302794341372e-11,1.1897565488342346e-11,0.0236134719715497,12581365267.401852,0,200,220,0,111.36
896,36,21,train,1.1897565488342346e-11,1.1615873691425545e-11,0.02367642331473717,12581365267.401852,0,200,219,0,108.21
897,36,22,train,1.1615873691425545e-11,1.135127968616073e-11,0.02277865723179554,12581365267.401852,0,200,219,0,110.86
898,36,23,train,1.135127968616073e-11,1.1104122631538667e-11,0.021773497037817918,12581365267.401852,0,200,220,0,111.45
899,36,24,train,1.1104122631538667e-11,1.0848623509520836e-11,0.023009393042197273,12581365267.401852,0,200,224,0,115.4
900,37,0,train,7.036631897912028e-11,2.876838145460178e-11,0.5911626205267582,14211344497.027462,1,200,209,0,106.63
901,37,1,train,2.876838145460178e-11,2.286794221950141e-11,0.20510153636594453,14211344497.027462,0,200,214,0,109.28
902,37,2,train,2.286794221950141e-11,2.0000713725958628e-11,0.1253820070919042,14211344497.027462,0,200,207,0,103.43
903,37,3,train,2.0000713725958628e-11,1.8251093016042647e-11,0.08747791373290714,14211344497.027462,0,200,211,0,108.14
904,37,4,train,1.8251093016042647e-11,1.6912256065896594e-11,0.07335653535759312,14211344497.027462,0,200,215,0,108.56
905,37,5,train,1.6912256065896594e-11,1.5809599172087562e-11,0.06519868724271086,14211344497.027462,0,200,216,0,108.52
906,37,6,train,1.5809599172087562e-11,1.4904696555982794e-11,0.05723754323274732,14211344497.027462,0,200,214,0,107.77
907,37,7,train,1.4904696555982794e-11,1.4159734377301577e-11,0.04998170716747578,14211344497.027462,0,200,222,0,111.17
908,37,8,train,1.4159734377301577e-11,1.3548040584734312e-11,0.0431995245297699,14211344497.027462,0,200,220,0,112.35
909,37,9,train,1.3548040584734312e-11,1.3021693040673704e-11,0.038850455220342826,14211344497.027462,0,200,223,0,113.0
910,37,10,train,1.3021693040673704e-11,1.2500880701087177e-11,0.03999574694010616,14211344497.027462,0,200,220,0,109.53
911,37,11,train,1.2500880701087177e-11,1.2087314992051671e-11,0.03308292582934086,14211344497.027462,0,200,218,0,110.17
912,37,12,train,1.2087314992051671e-11,1.1728635983782221e-11,0.02967400191897941,14211344497.027462,0,200,223,0,112.58
913,37,13,train,1.1728635983782221e-11,1.1414030069573771e-11,0.026823742730482204,14211344497.027462,0,200,218,0,111.28
914,37,14,train,1.1414030069573771e-11,1.1061650203055532e-11,0.03087251955447125,14211344497.027462,0,200,219,0,110.37
915,37,15,train,1.1061650203055532e-11,1.0775781456281789e-11,0.025843227866198328,14211344497.027462,0,200,223,0,113.18
916,37,16,train,1.0775781456281789e-11,1.0535751956104074e-11,0.02227490425186641,14211344497.027462,0,200,220,0,113.53
917,37,17,train,1.0535751956104074e-11,1.030830098028001e-11,0.02158849000733036,14211344497.027462,0,200,219,0,112.36
918,37,18,train,1.030830098028001e-11,1.009611379516564e-11,0.020584108430699573,14211344497.027462,0,200,220,0,113.91
919,37,19,train,1.009611379516564e-11,9.871592003989248e-12,0.022238437059207878,14211344497.027462,0,200,227,0,114.2
920,37,20,train,9.871592003989248e-12,9.659153564152438e-12,0.021520180306374197,14211344497.027462,0,200,218,0,110.43
921,37,21,train,9.659153564152438e-12,9.46814660670946e-12,0.019774709675582116,14211344497.027462,0,200,220,0,113.0
922,37,22,train,9.46814660670946e-12,9.296397506329755e-12,0.018139674797388223,14211344497.027462,0,200,221,0,115.31
923,37,23,train,9.296397506329755e-12,9.141463549462817e-12,0.016666021086280534,14211344497.027462,0,200,217,0,112.58
924,37,24,train,9.141463549462817e-12,8.984362112023814e-12,0.01718558922091152,14211344497.027462,0,200,217,0,109.95
925,38,0,train,1.4393433362138245e-10,4.341449652268379e-11,0.6983728938719714,6947612670.58413,1,200,210,0,105.35
926,38,1,train,4.341449652268379e-11,3.5024840714379234e-11,0.19324549356275536,6947612670.58413,0,200,214,0,108.82
927,38,2,train,3.5024840714379234e-11,2.982495454837518e-11,0.14846280696629338,6947612670.58413,0,200,212,0,110.81
928,38,3,train,2.982495454837518e-11,2.6916471645710474e-11,0.09751843537421766,6947612670.58413,0,200,216,0,110.01
929,38,4,train,2.6916471645710474e-11,2.4409933234809463e-11,0.09312284477302446,6947612670.58413,0,200,213,0,105.64
930,38,5,train,2.4409933234809463e-11,2.2405883613849093e-11,0.08209975839272357,6947612670.58413,0,200,215,0,107.19
931,38,6,train,2.2405883613849093e-11,2.0818602324876174e-11,0.0708421643318641,6947612670.58413,0,200,215,0,106.19
932,38,7,train,2.0818602324876174e-11,1.9556968658356257e-11,0.06060126644584536,6947612670.58413,0,200,219,0,109.74
933,38,8,train,1.9556968658356257e-11,1.8555570627263324e-11,0.05120415380248912,6947612670.58413,0,200,215,0,107.41
934,38,9,train,1.8555570627263324e-11,1.754841591838223e-11,0.05427775459523196,6947612670.58413,0,200,222,0,112.72
935,38,10,train,1.754841591838223e-11,1.6653503202922582e-11,0.050996780542579584,6947612670.58413,0,200,219,0,113.25
936,38,11,train,1.6653503202922582e-11,1.6016641927406908e-11,0.038241880267204674,6947612670.58413,0,200,219,0,110.56
937,38,12,train,1.6016641927406908e-11,1.5438107788516575e-11,0.036120813683196154,6947612670.58413,0,200,219,0,111.44
938,38,13,train,1.5438107788516575e-11,1.4906035646247412e-11,0.03446485473206357,6947612670.58413,0,200,224,0,113.67
939,38,14,train,1.4906035646247412e-11,1.4394180205470274e-11,0.034338804288717606,6947612670.58413,0,200,214,0,107.61
940,38,15,train,1.4394180205470274e-11,1.3955691500873062e-11,0.030462916146525066,6947612670.58413,0,200,215,0,106.76
941,38,16,train,1.3955691500873062e-11,1.3668630459774574e-11,0.02056946021489005,71655352938.79494,1,200,212,0,104.7
942,38,17,train,1.3668630459774574e-11,1.3390420889384701e-11,0.020353873141030192,71655352938.79494,0,200,209,0,103.92
943,38,18,train,1.3390420889384701e-11,1.3144797682145452e-11,0.01834320289618143,71655352938.79494,0,200,213,0,106.94
944,38,19,train,1.3144797682145452e-11,1.2899159473703616e-11,0.01868710453988083,71655352938.79494,0,200,218,0,110.2
945,38,20,train,1.2899159473703616e-11,1.2618016157977416e-11,0.021795475612139077,71655352938.79494,0,200,217,0,109.25
946,38,21,train,1.2618016157977416e-11,1.230767059075783e-11,0.02459543269988429,71655352938.79494,0,200,217,0,109.53
947,38,22,train,1.230767059075783e-11,1.2006356434745128e-11,0.02448181837422327,71655352938.79494,0,200,214,0,105.99
948,38,23,train,1.2006356434745128e-11,1.1701980508226008e-11,0.02535123192230814,71655352938.79494,0,200,221,0,110.31
949,38,24,train,1.1701980508226008e-11,1.1402149564545337e-11,0.025622239198732372,71655352938.79494,0,200,214,0,110.84
950,39,0,train,7.739947703125857e-11,2.447845279316384e-11,0.6837387831021394,12919983937.309288,1,200,218,0,107.78
951,39,1,train,2.447845279316384e-11,1.9055393096316222e-11,0.22154421861017828,12919983937.309288,0,200,213,0,105.3
952,39,2,train,1.9055393096316222e-11,1.6164124948096096e-11,0.15172965121244678,12919983937.309288,0,200,220,0,111.62
953,39,3,train,1.6164124948096096e-11,1.478004586274588e-11,0.08562660148907357,12919983937.309288,0,200,211,0,106.89
954,39,4,train,1.478004586274588e-11,1.3900018278541424e-11,0.05954160036963251,12919983937.309288,0,200,217,0,108.87
955,39,5,train,1.3900018278541424e-11,1.324590712894942e-11,0.047058294203958524,12919983937.309288,0,200,218,0,109.59
956,39,6,train,1.324590712894942e-11,1.2628883319582045e-11,0.04658222372847891,12919983937.309288,0,200,218,0,109.83
957,39,7,train,1.2628883319582045e-11,1.2144472256537484e-11,0.038357394774045005,12919983937.309288,0,200,222,0,111.46
958,39,8,train,1.2144472256537484e-11,1.1663157320168854e-11,0.03963242915800919,12919983937.309288,0,200,217,0,108.52
959,39,9,train,1.1663157320168854e-11,1.131397733391576e-11,0.029938718707777746,12919983937.309288,0,200,223,0,112.17
960,39,10,train,1.131397733391576e-11,1.0961297496424422e-11,0.031172047378432863,12919983937.309288,0,200,213,0,106.55
961,39,11,train,1.0961297496424422e-11,1.0641022088997824e-11,0.029218749653594566,12919983937.309288,0,200,216,0,110.84
962,39,12,train,1.0641022088997824e-11,1.0364654038345214e-11,0.025971945959811317,12919983937.309288,0,200,217,0,109.69
963,39,13,train,1.0364654038345214e-11,1.009673821945921e-11,0.02584898809886178,12919983937.309288,0,200,216,0,109.97
964,39,14,train,1.009673821945921e-11,9.868610698296405e-12,0.02259418004154442,12919983937.309288,0,200,218,0,110.92
965,39,15,train,9.868610698296405e-12,9.646284715076715e-12,0.022528600024527234,12919983937.309288,0,200,217,0,109.79
966,39,16,train,9.646284715076715e-12,9.423647792062248e-12,0.023080069642408108,12919983937.309288,0,200,219,0,109.98
967,39,17,train,9.423647792062248e-12,9.218556251573425e-12,0.021763498065109743,12919983937.309288,0,200,222,0,110.54
968,39,18,train,9.218556251573425e-12,9.05135256948039e-12,0.018137729762672614,12919983937.309288,0,200,219,0,112.06
969,39,19,train,9.05135256948039e-12,8.873103707205304e-12,0.01969306365063166,12919983937.309288,0,200,221,0,113.47
970,39,20,train,8.873103707205304e-12,8.734875098973912e-12,0.015578383031762148,12919983937.309288,0,200,221,0,111.24
971,39,21,train,8.734875098973912e-12,8.600732656748434e-12,0.01535711051452068,12919983937.309288,0,200,217,0,110.54
972,39,22,train,8.600732656748434e-12,8.459125084689433e-12,0.016464594088724704,12919983937.309288,0,200,214,0,107.64
973,39,23,train,8.459125084689433e-12,8.309897303310654e-12,0.017641042056331987,12919983937.309288,0,200,225,0,112.32
974,39,24,train,8.309897303310654e-12,8.172437195292269e-12,0.016541733670236928,12919983937.309288,0,200,219,0,108.21
975,40,0,train,1.1430150459370017e-10,3.653183130672136e-11,0.6803906349563936,8748791221.55594,1,200,217,0,109.17
976,40,1,train,3.653183130672136e-11,3.0257169876443646e-11,0.17175874315184586,8748791221.55594,0,200,213,0,110.63
977,40,2,train,3.0257169876443646e-11,2.6802076059127698e-11,0.11419091182106461,8748791221.55594,0,200,216,0,110.34
978,40,3,train,2.6802076059127698e-11,2.438750444989503e-11,0.09008897683544788,8748791221.55594,0,200,217,0,110.62
979,40,4,train,2.438750444989503e-11,2.2584709730098032e-11,0.07392288634947877,8748791221.55594,0,200,216,0,111.81
980,40,5,train,2.2584709730098032e-11,2.1107192454572107e-11,0.06542113195977356,8748791221.55594,0,200,218,0,112.8
981,40,6,train,2.1107192454572107e-11,1.982768932449116e-11,0.060619295192136755,8748791221.55594,0,200,212,0,108.37
982,40,7,train,1.982768932449116e-11,1.8734933164263575e-11,0.05511263276037976,8748791221.55594,0,200,214,0,109.14
983,40,8,train,1.8734933164263575e-11,1.7768520141865678e-11,0.05158347851708947,8748791221.55594,0,200,219,0,109.94
984,40,9,train,1.7768520141865678e-11,1.6927116457990456e-11,0.04735361623575678,8748791221.55594,0,200,217,0,110.93
985,40,10,train,1.6927116457990456e-11,1.613508660418062e-11,0.04679059518350269,8748791221.55594,0,200,220,0,113.69
986,40,11,train,1.613508660418062e-11,1.5492717210057193e-11,0.03981195824241733,8748791221.55594,0,200,221,0,113.23
987,40,12,train,1.5492717210057193e-11,1.4740544136315465e-11,0.04855010670777946,8748791221.55594,0,200,219,0,111.95
988,40,13,train,1.4740544136315465e-11,1.4162809246029426e-11,0.03919359319054617,8748791221.55594,0,200,223,0,111.82
989,40,14,train,1.4162809246029426e-11,1.3674268270493395e-11,0.034494637825683794,8748791221.55594,0,200,216,0,106.83
990,40,15,train,1.3674268270493395e-11,1.3208311968156523e-11,0.034075410334191106,8748791221.55594,0,200,221,0,111.54
991,40,16,train,1.3208311968156523e-11,1.27738768641106e-11,0.03289103899826775,8748791221.55594,0,200,219,0,110.96
992,40,17,train,1.27738768641106e-11,1.2398651394187354e-11,0.029374439249330534,8748791221.55594,0,200,215,0,107.99
993,40,18,train,1.2398651394187354e-11,1.2014825474568592e-11,0.030957070040593684,8748791221.55594,0,200,213,0,106.95
994,40,19,train,1.2014825474568592e-11,1.1648095831204565e-11,0.030523093667924796,8748791221.55594,0,200,220,0,110.21
995,40,20,train,1.1648095831204565e-11,1.1265098481828792e-11,0.03288068324006628,8748791221.55594,0,200,217,0,109.3
996,40,21,train,1.1265098481828792e-11,1.1057181676357732e-11,0.018456723286213637,88769752134.26262,1,200,211,0,105.48
997,40,22,train,1.1057181676357732e-11,1.0865008387105061e-11,0.017379952222687293,88769752134.26262,0,200,210,0,105.45
998,40,23,train,1.0865008387105061e-11,1.0672509458979779e-11,0.017717328994770635,88769752134.26262,0,200,215,0,108.76
999,40,24,train,1.0672509458979779e-11,1.0498603074503175e-11,0.01629479787720222,88769752134.26262,0,200,216,0,110.14
