N,q,plane,z_mm,step_med_um,step_p95_um,straight_line_med_um
2,2,0,2648.2,4797.420579544397,16552.654881869155,91350.58649777673
2,2,1,5237.1,519.1751210372082,2810.773845173606,125070.35504357918
2,4,0,2648.2,96.00857111867835,756.4432419829785,91350.58649777673
2,4,1,5237.1,88.0868582052257,517.3982948562671,125070.35504357918
2,8,0,2648.2,65.35495325118734,431.34433032684944,91350.58649777673
2,8,1,5237.1,60.216234690424585,453.9293413767734,125070.35504357918
2,16,0,2648.2,75.73425185439963,575.3774819555124,91350.58649777673
2,16,1,5237.1,69.35248423908155,491.5266886777636,125070.35504357918
64,2,0,2648.2,0.30453654326362994,1.515406936994747,29.425449805188563
64,2,1,2729.1031249999996,0.3311533834320505,1.6144032889110451,33.78099265627152
64,2,2,2810.00625,0.34236414124225506,1.7476636159365246,38.4543548265887
64,2,3,2890.9093749999997,0.3498702222012423,1.868260888456609,43.63878722606344
64,2,4,2971.8125,0.3577764091703074,2.004521247627604,49.214618762556164
64,2,5,3052.715625,0.3591574426355267,2.1744103643197477,55.21291955955955
64,2,6,3133.6187499999996,0.3570461421232248,2.3404481532635675,61.72942257239457
64,2,7,3214.521875,0.3619198938528125,2.4194757187033473,68.56639035112275
64,2,8,3295.4249999999997,0.3810884905799117,2.50847687564821,75.48367586277249
64,2,9,3376.328125,0.38605324230909216,2.582928679751658,82.70810626947863
64,2,10,3457.23125,0.3989076235854212,2.7083542399715297,90.01270991860693
64,2,11,3538.1343749999996,0.39944461143500143,2.7089198667531256,97.60886062076474
64,2,12,3619.0375,0.38651244625360026,2.791354750171092,105.43767148697313
64,2,13,3699.940625,0.3844212428336324,2.7718189106154822,113.35919135662813
64,2,14,3780.84375,0.38193411299888225,2.783548241459303,120.18116306538704
64,2,15,3861.746875,0.3867993196183114,2.706794006447882,126.34415802826265
64,2,16,3942.6499999999996,0.3849871505099728,2.7211335711036533,132.651488015606
64,2,17,4023.553125,0.3696451699971082,2.636920732658855,137.9651959221535
64,2,18,4104.45625,0.3749245027386643,2.567320838051369,142.83580952504627
64,2,19,4185.359375,0.3688211438921283,2.331016112659094,146.86678638998075
64,2,20,4266.2625,0.3749111742236861,2.154423548874387,150.11195531834596
64,2,21,4347.165625,0.38039967138239505,2.2992728197811814,152.71240987719546
64,2,22,4428.06875,0.39996443056233166,2.294052130189692,154.62717340035758
64,2,23,4508.971875,0.4393207770262212,2.447673841842624,155.81536169637732
64,2,24,4589.875,0.4277174414083865,2.4727975124953243,156.4200848470839
64,2,25,4670.778125,0.4206373086472765,2.4287721966062623,156.8000353015002
64,2,26,4751.68125,0.40698473157112325,2.2587172694974824,156.5490087760358
64,2,27,4832.584375,0.3769056867287003,2.101443433379361,155.67782797147458
64,2,28,4913.487499999999,0.34494196253081233,1.9298917209373447,155.04762816314556
64,2,29,4994.390625,0.34591426802772274,1.8504905765675372,154.15989227830912
64,2,30,5075.29375,0.3650481929936632,1.8402015834527545,153.04638090236244
64,2,31,5156.196875,0.3704991502049745,1.8763995378692482,151.74136640817585
64,2,32,5237.1,0.38334459524177084,1.8969844184586513,150.25145888637329
64,2,33,5318.003124999999,0.4037701371876589,1.8637721226963029,148.59736177428334
64,2,34,5398.90625,0.4170751665656557,1.8405690955269407,146.7934307109478
64,2,35,5479.809375,0.4536777142845517,1.8976516422992273,144.83868419829236
64,2,36,5560.7125,0.48826463293659916,1.9518423319327736,142.71813440872313
64,2,37,5641.615625,0.49607527893214154,2.0558210149634357,140.3391714103609
64,2,38,5722.518749999999,0.4995905547184735,2.07739790281978,137.82549961005645
64,2,39,5803.421875,0.5032998222474897,2.156171285095653,135.38351878016113
64,2,40,5884.325,0.5053340992216067,2.200998455649494,132.63090017502128
64,2,41,5965.228125,0.5230697360591736,2.237002669063377,129.68830580794045
64,2,42,6046.13125,0.5414774642934175,2.281175786314282,126.3011219528599
64,2,43,6127.034374999999,0.5305713987074934,2.258593107919488,122.92431249568918
64,2,44,6207.9375,0.5435116520107837,2.355236628435648,119.59353465205423
64,2,45,6288.840625,0.5420258270608773,2.4161113785161517,116.1161551026547
64,2,46,6369.74375,0.5350123363771208,2.481746186065004,112.47128880604636
64,2,47,6450.646875,0.5335136955857929,2.4420526562836917,108.7871762964509
64,2,48,6531.55,0.5189854666417453,2.519550359622693,105.00903414766071
64,2,49,6612.453125,0.5151928788682114,2.696644922877788,101.12464737646354
64,2,50,6693.35625,0.4949228466893522,2.8888960766329728,97.17452279179778
64,2,51,6774.259375,0.4852460546933262,3.079119818925273,93.19333336005161
64,2,52,6855.1625,0.45596944197019673,3.3161441301220154,89.16460244885855
64,2,53,6936.065625,0.4334590470976418,3.5244014448839223,85.00400558660488
64,2,54,7016.96875,0.4107237308288355,3.7488280940976684,80.54879447677729
64,2,55,7097.871875,0.39829217688744767,3.9240128621450068,75.94601615733251
64,2,56,7178.775,0.38057929225289655,4.037964123317554,71.25073771175876
64,2,57,7259.678125,0.3678969406329218,4.11185121905674,66.90222789789148
64,2,58,7340.58125,0.36770880110613674,4.143939619843335,62.779148226864436
64,2,59,7421.484375,0.3660384429323753,4.033254105670628,59.09800854056523
64,2,60,7502.3875,0.37588507780281777,3.947882144427858,55.35566864111247
64,2,61,7583.290625,0.36832645206617265,3.925199523091165,51.63664609021599
64,2,62,7664.19375,0.3677362261684134,3.8957455926688405,48.2317282541097
64,2,63,7745.096875,0.37883398238977795,4.032147398780099,45.148833760993824
64,4,0,2648.2,0.33521813810681156,2.1932156750421923,29.425449805188563
64,4,1,2729.1031249999996,0.35546280428367416,2.289685693765486,33.78099265627152
64,4,2,2810.00625,0.38352665370518674,2.448921063395888,38.4543548265887
64,4,3,2890.9093749999997,0.41376727244595257,2.615183041063795,43.63878722606344
64,4,4,2971.8125,0.4213604275116567,2.808686924166589,49.214618762556164
64,4,5,3052.715625,0.4207155090425668,2.9107206960313112,55.21291955955955
64,4,6,3133.6187499999996,0.42892028153099937,3.032973937024875,61.72942257239457
64,4,7,3214.521875,0.4368190480202836,3.155729313693663,68.56639035112275
64,4,8,3295.4249999999997,0.4499415817002465,3.210793993332066,75.48367586277249
64,4,9,3376.328125,0.47832817501979974,3.1763728488129623,82.70810626947863
64,4,10,3457.23125,0.5025586347296138,3.165944606790776,90.01270991860693
64,4,11,3538.1343749999996,0.519396269204971,3.3043461078402556,97.60886062076474
64,4,12,3619.0375,0.5302220067532267,3.2607686183893625,105.43767148697313
64,4,13,3699.940625,0.5430575559459248,3.1924024688110997,113.35919135662813
64,4,14,3780.84375,0.555101478324392,3.174762023265181,120.18116306538704
64,4,15,3861.746875,0.5483044699319479,3.0551891655639465,126.34415802826265
64,4,16,3942.6499999999996,0.526948053864165,2.9743050077227506,132.651488015606
64,4,17,4023.553125,0.5018488380268713,3.094310877815108,137.9651959221535
64,4,18,4104.45625,0.4796381134992328,3.1160547683409106,142.83580952504627
64,4,19,4185.359375,0.4603778249281971,3.002144514596344,146.86678638998075
64,4,20,4266.2625,0.4367329031897874,2.825003160300849,150.11195531834596
64,4,21,4347.165625,0.42330094350542125,2.7551491252392895,152.71240987719546
64,4,22,4428.06875,0.4533061664636545,2.707181347720707,154.62717340035758
64,4,23,4508.971875,0.5259944812660513,2.576560974820775,155.81536169637732
64,4,24,4589.875,0.5757045325978529,2.7188587592833815,156.4200848470839
64,4,25,4670.778125,0.5371097616047714,2.6720773438307996,156.8000353015002
64,4,26,4751.68125,0.49445715085086056,2.5953996025254313,156.5490087760358
64,4,27,4832.584375,0.5016114566260705,2.686157807885096,155.67782797147458
64,4,28,4913.487499999999,0.5057095332495518,2.833303994568647,155.04762816314556
64,4,29,4994.390625,0.5196377283616633,2.874932187788085,154.15989227830912
64,4,30,5075.29375,0.5327770508159306,2.9539873330098683,153.04638090236244
64,4,31,5156.196875,0.5406136549815482,3.0595428323020344,151.74136640817585
64,4,32,5237.1,0.5345711324203333,3.1239762192198937,150.25145888637329
64,4,33,5318.003124999999,0.5140749876302009,3.1176098725032353,148.59736177428334
64,4,34,5398.90625,0.5061994568972691,3.1394490017458145,146.7934307109478
64,4,35,5479.809375,0.4930477132094805,3.076321927718606,144.83868419829236
64,4,36,5560.7125,0.5054400528531471,3.0222342190158176,142.71813440872313
64,4,37,5641.615625,0.5102437985303594,2.9606294649613605,140.3391714103609
64,4,38,5722.518749999999,0.517806969057892,2.8834960832897676,137.82549961005645
64,4,39,5803.421875,0.5280630225655971,2.875112225319229,135.38351878016113
64,4,40,5884.325,0.5532162746565762,2.874343081854997,132.63090017502128
64,4,41,5965.228125,0.5683079223349827,2.8093961570465846,129.68830580794045
64,4,42,6046.13125,0.5940055282249606,2.9694933753875103,126.3011219528599
64,4,43,6127.034374999999,0.6131983901119473,2.7365403986894012,122.92431249568918
64,4,44,6207.9375,0.6610119342548413,2.8677118247987865,119.59353465205423
64,4,45,6288.840625,0.7048909263832337,3.1078970147971274,116.1161551026547
64,4,46,6369.74375,0.7455723434239894,3.1783659593447227,112.47128880604636
64,4,47,6450.646875,0.7696328292256599,3.4426134662285075,108.7871762964509
64,4,48,6531.55,0.7805614585897747,3.6723900287868085,105.00903414766071
64,4,49,6612.453125,0.7738154011922136,3.8315527876780817,101.12464737646354
64,4,50,6693.35625,0.7678962702052343,4.014019636942072,97.17452279179778
64,4,51,6774.259375,0.7676339480850154,4.209194898466087,93.19333336005161
64,4,52,6855.1625,0.7639383122326302,4.415946579702397,89.16460244885855
64,4,53,6936.065625,0.7782060005099878,4.630905946541683,85.00400558660488
64,4,54,7016.96875,0.7858179919889654,4.725613088474626,80.54879447677729
64,4,55,7097.871875,0.7886593126220579,4.848067379451482,75.94601615733251
64,4,56,7178.775,0.7844049260358597,4.970765463155442,71.25073771175876
64,4,57,7259.678125,0.7896424492823626,5.135734396549335,66.90222789789148
64,4,58,7340.58125,0.7787362240270851,5.292704122679827,62.779148226864436
64,4,59,7421.484375,0.7519595617302486,5.3475925633216,59.09800854056523
64,4,60,7502.3875,0.7437661510852078,5.254966917224469,55.35566864111247
64,4,61,7583.290625,0.7346299888902319,5.304839645211297,51.63664609021599
64,4,62,7664.19375,0.7125344790932024,5.5022825036862875,48.2317282541097
64,4,63,7745.096875,0.6836033136359887,5.276278188013339,45.148833760993824
64,8,0,2648.2,0.8774356592624714,2.878193159382856,29.425449805188563
64,8,1,2729.1031249999996,0.926075306221797,3.0800183824214518,33.78099265627152
64,8,2,2810.00625,0.9692983345479704,3.2632205432299224,38.4543548265887
64,8,3,2890.9093749999997,1.0005837211324764,3.4290161494091236,43.63878722606344
64,8,4,2971.8125,1.0155835340868669,3.7187135391847796,49.214618762556164
64,8,5,3052.715625,1.0229137716051886,3.9618657156027877,55.21291955955955
64,8,6,3133.6187499999996,1.0033902170586955,4.228808263769427,61.72942257239457
64,8,7,3214.521875,0.9682774589187505,4.3436655730077,68.56639035112275
64,8,8,3295.4249999999997,0.9285711670270083,4.499695508746299,75.48367586277249
64,8,9,3376.328125,0.8833930990064078,4.397521143758781,82.70810626947863
64,8,10,3457.23125,0.8459532177951218,4.428697190814134,90.01270991860693
64,8,11,3538.1343749999996,0.7951146367358839,4.390207500229449,97.60886062076474
64,8,12,3619.0375,0.7547284884723204,4.414135160338748,105.43767148697313
64,8,13,3699.940625,0.7632724702759055,4.384897474678083,113.35919135662813
64,8,14,3780.84375,0.7576439119588829,4.428193225365101,120.18116306538704
64,8,15,3861.746875,0.750450593449198,4.592662495713075,126.34415802826265
64,8,16,3942.6499999999996,0.7578317061500466,4.729820548608579,132.651488015606
64,8,17,4023.553125,0.7585329025819856,4.801909056350649,137.9651959221535
64,8,18,4104.45625,0.699511424539008,4.717635393791812,142.83580952504627
64,8,19,4185.359375,0.6434238709274949,4.49000761866959,146.86678638998075
64,8,20,4266.2625,0.6449935942698606,4.348463756912022,150.11195531834596
64,8,21,4347.165625,0.7126059538687287,4.168822851475402,152.71240987719546
64,8,22,4428.06875,0.7974370518430904,3.9234347098515787,154.62717340035758
64,8,23,4508.971875,0.8435844541515463,3.6449843635660444,155.81536169637732
64,8,24,4589.875,0.8787153685886134,3.499579910447418,156.4200848470839
64,8,25,4670.778125,0.8898447397243203,3.391781462162997,156.8000353015002
64,8,26,4751.68125,0.86324912188893,3.3130559112120874,156.5490087760358
64,8,27,4832.584375,0.8142053802810029,3.2890275364751558,155.67782797147458
64,8,28,4913.487499999999,0.7593123194353346,3.3647366175480973,155.04762816314556
64,8,29,4994.390625,0.7307246624368089,3.4036676479044465,154.15989227830912
64,8,30,5075.29375,0.7094837815181343,3.4444957163174306,153.04638090236244
64,8,31,5156.196875,0.671929901022525,3.435625803117391,151.74136640817585
64,8,32,5237.1,0.6480020396018362,3.394029455318781,150.25145888637329
64,8,33,5318.003124999999,0.6188096530677647,3.3424366479797536,148.59736177428334
64,8,34,5398.90625,0.5833869767707994,3.147879754548124,146.7934307109478
64,8,35,5479.809375,0.5432785668536428,3.0427020725615583,144.83868419829236
64,8,36,5560.7125,0.5078190089198199,2.9490297703766317,142.71813440872313
64,8,37,5641.615625,0.4747591296580911,2.811863069563258,140.3391714103609
64,8,38,5722.518749999999,0.44487023374820767,2.71032211449919,137.82549961005645
64,8,39,5803.421875,0.4109594488592854,2.5918463535593217,135.38351878016113
64,8,40,5884.325,0.39819699655464774,2.474390571992169,132.63090017502128
64,8,41,5965.228125,0.3935243910100883,2.4431593753477623,129.68830580794045
64,8,42,6046.13125,0.3758075007336896,2.414886351718917,126.3011219528599
64,8,43,6127.034374999999,0.3439226959865087,2.3645142152361864,122.92431249568918
64,8,44,6207.9375,0.3420210283755819,2.369991310566981,119.59353465205423
64,8,45,6288.840625,0.3426226330842117,2.387166230191702,116.1161551026547
64,8,46,6369.74375,0.34559300506542434,2.4905502453739734,112.47128880604636
64,8,47,6450.646875,0.3582012879034741,2.8783873225137597,108.7871762964509
64,8,48,6531.55,0.35926609266029963,2.9176887283695194,105.00903414766071
64,8,49,6612.453125,0.3640077831881712,3.0138196801176522,101.12464737646354
64,8,50,6693.35625,0.3893560171440681,3.3666975680867663,97.17452279179778
64,8,51,6774.259375,0.40806929738018904,3.647188506305529,93.19333336005161
64,8,52,6855.1625,0.4240590318944576,4.02108503184719,89.16460244885855
64,8,53,6936.065625,0.43174502645264823,4.326765450891524,85.00400558660488
64,8,54,7016.96875,0.44926632602973937,4.54600745240694,80.54879447677729
64,8,55,7097.871875,0.46821934306455126,4.734057989068904,75.94601615733251
64,8,56,7178.775,0.4738023633628591,5.017803300352605,71.25073771175876
64,8,57,7259.678125,0.4876284224385097,5.269320073899425,66.90222789789148
64,8,58,7340.58125,0.49966271376033045,5.512847189845709,62.779148226864436
64,8,59,7421.484375,0.5030676867028833,5.49459393371813,59.09800854056523
64,8,60,7502.3875,0.5057754701672676,5.411223966159942,55.35566864111247
64,8,61,7583.290625,0.5167784230067618,5.413631748036563,51.63664609021599
64,8,62,7664.19375,0.5312200996633194,5.287019285291813,48.2317282541097
64,8,63,7745.096875,0.5116444447940313,5.232049222900657,45.148833760993824
64,16,0,2648.2,0.76228815157279,5.324144132796776,29.425449805188563
64,16,1,2729.1031249999996,0.8282072755554415,5.68651430439115,33.78099265627152
64,16,2,2810.00625,0.8824001889246151,5.975376819043002,38.4543548265887
64,16,3,2890.9093749999997,0.956405008218312,6.293949391338156,43.63878722606344
64,16,4,2971.8125,1.0048301614744735,6.524135562264324,49.214618762556164
64,16,5,3052.715625,1.0756483620589572,6.82165569607481,55.21291955955955
64,16,6,3133.6187499999996,1.1105534214332609,6.918437697514383,61.72942257239457
64,16,7,3214.521875,1.1456721756991253,7.183567751596492,68.56639035112275
64,16,8,3295.4249999999997,1.1461660551100166,7.389279666854098,75.48367586277249
64,16,9,3376.328125,1.1587598959747947,7.332840401897674,82.70810626947863
64,16,10,3457.23125,1.1372299285909053,7.416829723135524,90.01270991860693
64,16,11,3538.1343749999996,1.111108395631601,7.447775150091382,97.60886062076474
64,16,12,3619.0375,1.0620515383158755,7.462569463139925,105.43767148697313
64,16,13,3699.940625,0.9961142533931799,7.4286065371474335,113.35919135662813
64,16,14,3780.84375,0.944220523747449,7.096390398626832,120.18116306538704
64,16,15,3861.746875,0.873682077517081,6.843665715062817,126.34415802826265
64,16,16,3942.6499999999996,0.8624544919481834,6.60035231222479,132.651488015606
64,16,17,4023.553125,0.8620379366843626,6.19460978346731,137.9651959221535
64,16,18,4104.45625,0.8839884336008971,6.290926555214954,142.83580952504627
64,16,19,4185.359375,0.916541549093376,5.8286542901554155,146.86678638998075
64,16,20,4266.2625,0.9440812803528124,5.711030188980002,150.11195531834596
64,16,21,4347.165625,0.9690357014186084,5.42259051341339,152.71240987719546
64,16,22,4428.06875,0.9544617900976247,5.289860743478049,154.62717340035758
64,16,23,4508.971875,0.9647486503190996,5.0083301833487335,155.81536169637732
64,16,24,4589.875,1.0082172477951028,4.877431138358714,156.4200848470839
64,16,25,4670.778125,1.0324933068288147,4.367763484566576,156.8000353015002
64,16,26,4751.68125,0.9385161442445162,4.1732474427067485,156.5490087760358
64,16,27,4832.584375,0.8544185675445557,3.991792376658323,155.67782797147458
64,16,28,4913.487499999999,0.8143567352854505,3.9414353994948974,155.04762816314556
64,16,29,4994.390625,0.7855202712006291,4.016941726629117,154.15989227830912
64,16,30,5075.29375,0.7518974682806033,4.082372749742191,153.04638090236244
64,16,31,5156.196875,0.7430905781312189,4.0555032074598385,151.74136640817585
64,16,32,5237.1,0.7253113779851966,4.093689967164245,150.25145888637329
64,16,33,5318.003124999999,0.7140012900442554,3.9781840646563804,148.59736177428334
64,16,34,5398.90625,0.706223816613486,4.00120511788307,146.7934307109478
64,16,35,5479.809375,0.7081368485994097,3.9619502611958968,144.83868419829236
64,16,36,5560.7125,0.6981397968782317,3.849181593579737,142.71813440872313
64,16,37,5641.615625,0.701097185610901,3.656545970197505,140.3391714103609
64,16,38,5722.518749999999,0.6884797581678572,3.5628457459918,137.82549961005645
64,16,39,5803.421875,0.6679764762577853,3.479667957806708,135.38351878016113
64,16,40,5884.325,0.6607318070038228,3.406574293482599,132.63090017502128
64,16,41,5965.228125,0.6399632402681967,3.230113311567547,129.68830580794045
64,16,42,6046.13125,0.6487076147457016,3.262914436124463,126.3011219528599
64,16,43,6127.034374999999,0.6665306558822984,3.277354225509205,122.92431249568918
64,16,44,6207.9375,0.6889869986255963,3.1910195621008977,119.59353465205423
64,16,45,6288.840625,0.7092843530759345,3.3303906181559055,116.1161551026547
64,16,46,6369.74375,0.732861527374006,3.4104480365832033,112.47128880604636
64,16,47,6450.646875,0.7599665474851169,3.736729400476933,108.7871762964509
64,16,48,6531.55,0.7756264830948336,3.939819934718129,105.00903414766071
64,16,49,6612.453125,0.7831618340465802,4.4400625767360795,101.12464737646354
64,16,50,6693.35625,0.7823364308674191,4.686959863479232,97.17452279179778
64,16,51,6774.259375,0.7818933567567233,4.990384887292368,93.19333336005161
64,16,52,6855.1625,0.769991824852194,5.043034644947975,89.16460244885855
64,16,53,6936.065625,0.7616203675986352,5.21758156155698,85.00400558660488
64,16,54,7016.96875,0.748550535174711,5.39048979603223,80.54879447677729
64,16,55,7097.871875,0.7388633516874428,5.56677552926696,75.94601615733251
64,16,56,7178.775,0.7218094924140241,5.439669757525564,71.25073771175876
64,16,57,7259.678125,0.7022539479790855,5.513962897428639,66.90222789789148
64,16,58,7340.58125,0.6710188042552532,5.650122666558455,62.779148226864436
64,16,59,7421.484375,0.6496739602393724,5.619510313303416,59.09800854056523
64,16,60,7502.3875,0.6465846357017528,5.581908432164169,55.35566864111247
64,16,61,7583.290625,0.6376613560864608,5.679598595059478,51.63664609021599
64,16,62,7664.19375,0.6355882299244131,5.538250767817012,48.2317282541097
64,16,63,7745.096875,0.6480683703556693,5.661462328524961,45.148833760993824
128,2,0,2648.2,0.08119646063215495,1.0000502092935422,7.183532063062003
128,2,1,2688.6515624999997,0.08636409741754306,1.043023441071102,7.704114871541378
128,2,2,2729.1031249999996,0.08917751669100135,1.065233556208394,8.259742802489793
128,2,3,2769.5546875,0.0925980618450202,1.0895995205316182,8.816271312480165
128,2,4,2810.00625,0.09981048911111381,1.1089024370417397,9.407718073897886
128,2,5,2850.4578125,0.1042459586548902,1.119793547216991,10.025341505542343
128,2,6,2890.9093749999997,0.11148480948316755,1.1568459928666308,10.672813862846915
128,2,7,2931.3609374999996,0.1159434227093424,1.1715082613424468,11.35923472799833
128,2,8,2971.8125,0.12004097898322985,1.2329463758665862,12.064922269583114
128,2,9,3012.2640625,0.1269211313012037,1.264483187351919,12.786471086034982
128,2,10,3052.715625,0.1309081265852284,1.300862033353429,13.520055482399123
128,2,11,3093.1671874999997,0.14033991984752314,1.3576566353230506,14.319319862873044
128,2,12,3133.6187499999996,0.14807319821797052,1.3557809480328875,15.155317803080473
128,2,13,3174.0703125,0.15327722128475738,1.3921759166489334,15.986805216287255
128,2,14,3214.521875,0.15961408371146937,1.3962841710795482,16.863434969691227
128,2,15,3254.9734375,0.16618728394051385,1.4012295387092488,17.697998229998817
128,2,16,3295.4249999999997,0.17455838482197983,1.4149253076456132,18.579715826090453
128,2,17,3335.8765624999996,0.18133274807171432,1.4423509433818482,19.493826181183195
128,2,18,3376.328125,0.18600379169459474,1.4614276586531931,20.37897322402087
128,2,19,3416.7796875,0.1941474561267542,1.455667289994249,21.276228380452526
128,2,20,3457.23125,0.1995385373129932,1.406309875776735,22.204105244565774
128,2,21,3497.6828124999997,0.20589951105509133,1.390519625371842,23.171730720744833
128,2,22,3538.1343749999996,0.21199774056441684,1.3815543062232156,24.062057357464212
128,2,23,3578.5859375,0.2156543087251971,1.4124621410476117,25.013384097712215
128,2,24,3619.0375,0.22185584157918464,1.3932638090801215,26.054616327760627
128,2,25,3659.4890625,0.2262197555614585,1.4290207572684128,26.996198429461565
128,2,26,3699.940625,0.22759884274264677,1.4446778622532626,28.028994660890064
128,2,27,3740.3921874999996,0.23282692684832276,1.4027450055546868,28.95370732944282
128,2,28,3780.84375,0.2331066529570167,1.4028481927905811,29.78345800361498
128,2,29,3821.2953125,0.23885706885835808,1.3302291824372698,30.564577536144782
128,2,30,3861.746875,0.2428450117854758,1.3346574167113459,31.33620141616985
128,2,31,3902.1984375,0.24020934134545582,1.2684948541311531,32.23849269953406
128,2,32,3942.6499999999996,0.24199746018100626,1.1974066896863595,32.9309226777003
128,2,33,3983.1015625,0.23873421473729117,1.1780146054024863,33.62536263351731
128,2,34,4023.553125,0.2348919270250028,1.1664991074914481,34.2734292267418
128,2,35,4064.0046875,0.2324900197327993,1.1626367147057342,34.92723961944847
128,2,36,4104.45625,0.21951699265817126,1.1578410100663068,35.52997845459332
128,2,37,4144.9078125,0.21078890381823845,1.1663333786336307,36.067016186906145
128,2,38,4185.359375,0.20224832336208665,1.1076493547747552,36.57514508249539
128,2,39,4225.8109375,0.19377338916200465,1.0960576313860237,36.99522408598148
128,2,40,4266.2625,0.1837523208587532,1.0023003427700903,37.40427506752589
128,2,41,4306.7140625,0.1711232772561308,0.9802798442079578,37.76496955396884
128,2,42,4347.165625,0.165483577062485,0.9163483378696327,38.07660716953316
128,2,43,4387.6171875,0.15504801925780043,0.9161051957523954,38.37855646274387
128,2,44,4428.06875,0.14759196743001438,0.94727305037056,38.59301218637967
128,2,45,4468.5203125,0.149136420990948,0.935603504976544,38.78406885271049
128,2,46,4508.971875,0.15424650960833639,0.9606907194805064,38.922303805750104
128,2,47,4549.4234375,0.16500670016835794,0.9350930660106606,39.01669215911002
128,2,48,4589.875,0.1702966137375305,0.9491289247243,39.09783489571214
128,2,49,4630.3265625,0.18554063984685643,0.948086370760855,39.14348818856739
128,2,50,4670.778125,0.1966546357210786,0.9252542507642959,39.193754041668356
128,2,51,4711.229687499999,0.19988547892368463,0.8892618867062276,39.20552289091784
128,2,52,4751.68125,0.2016376642277215,0.8692760627976381,39.19168714156095
128,2,53,4792.1328125,0.19750742847265912,0.8591625529838095,39.013086832550655
128,2,54,4832.584375,0.19610709605007443,0.867763044422022,38.93900290235494
128,2,55,4873.0359375,0.19628421876186788,0.85856490319108,38.88119790453632
128,2,56,4913.487499999999,0.1916995378461452,0.8728082064828233,38.79556330666742
128,2,57,4953.9390625,0.1843973715212415,0.8850290981106249,38.69457622344588
128,2,58,4994.390625,0.18561898615178185,0.8552377682113425,38.5855992747139
128,2,59,5034.8421875,0.17889486863178594,0.8499633761160198,38.44839262556222
128,2,60,5075.29375,0.17348818960245102,0.8281919592228887,38.312425649041955
128,2,61,5115.745312499999,0.16655638785722723,0.8033613288751777,38.157051300785525
128,2,62,5156.196875,0.15734404301123844,0.803732502519817,37.99213988186478
128,2,63,5196.6484375,0.14972564151132495,0.7999141426110551,37.81996773255206
128,2,64,5237.1,0.14449369674812607,0.8138197021453064,37.627377419795366
128,2,65,5277.5515625,0.14209825604017223,0.8493579687543286,37.43363953820826
128,2,66,5318.003124999999,0.1383816159380154,0.8466545466477505,37.2220191679298
128,2,67,5358.4546875,0.13319476505345335,0.8718518514084027,37.0039585070232
128,2,68,5398.90625,0.1298726334786915,0.9035998867893511,36.7787114601162
128,2,69,5439.3578125,0.12407560589615885,0.908157856238732,36.53761265401894
128,2,70,5479.809375,0.12028745928022902,0.9065378190413779,36.29526149140767
128,2,71,5520.260937499999,0.11726575738385048,0.9117708521926241,36.03694675750736
128,2,72,5560.7125,0.1135184024859362,0.9177622969923379,35.77390008129213
128,2,73,5601.1640625,0.11153469253431,0.8931133433719788,35.4870086996323
128,2,74,5641.615625,0.11363393395496098,0.906253711970904,35.185602643662584
128,2,75,5682.0671875,0.11294751786056138,0.8899522718224108,34.88286322106467
128,2,76,5722.518749999999,0.11429749590508195,0.8812013237534246,34.56390918153307
128,2,77,5762.9703125,0.11729022233591421,0.8674240442830722,34.28584635232202
128,2,78,5803.421875,0.11639394487366242,0.8422939368102685,33.95907165958754
128,2,79,5843.8734375,0.1160810260002747,0.8472329436410735,33.61945841860244
128,2,80,5884.325,0.11492755800997828,0.8359484833871488,33.27762528384506
128,2,81,5924.776562499999,0.11348661136854832,0.8147298595207513,32.91669102236336
128,2,82,5965.228125,0.11410037326552891,0.7829437220439913,32.552176983456896
128,2,83,6005.6796875,0.10973349413158229,0.7494982399920912,32.15459007525203
128,2,84,6046.13125,0.10524269164980658,0.7243161655726663,31.719778330075272
128,2,85,6086.5828125,0.103729726134582,0.706784322199793,31.279259756162446
128,2,86,6127.034374999999,0.10518220654024936,0.7047630779676133,30.867177097777088
128,2,87,6167.4859375,0.10565775391585738,0.6942096835573748,30.458839707756034
128,2,88,6207.9375,0.10579451545904235,0.686028930354304,30.04058034314091
128,2,89,6248.3890625,0.10653256241622466,0.690223237026188,29.613953363892335
128,2,90,6288.840625,0.10781665044626082,0.7267448827418522,29.17983278494934
128,2,91,6329.292187499999,0.1108709906879653,0.7276829381001765,28.726882204078542
128,2,92,6369.74375,0.11206453716726175,0.7407519537339258,28.272197334643124
128,2,93,6410.1953125,0.11569200690939044,0.7392509936378753,27.81129870365531
128,2,94,6450.646875,0.11628451382803565,0.7664543643347995,27.351065000692806
128,2,95,6491.0984375,0.1206337245417049,0.8033217692601345,26.887607331746167
128,2,96,6531.55,0.122634774831744,0.827300815767838,26.41150757435829
128,2,97,6572.0015625,0.12603215446174648,0.9021355344500277,25.93365530600692
128,2,98,6612.453125,0.1283969421458161,0.9682211240982236,25.445907761924673
128,2,99,6652.9046875,0.13150860445921225,1.0305888958821696,24.95155947829447
128,2,100,6693.35625,0.13432925875337093,1.0938284365597852,24.459139173160317
128,2,101,6733.8078125,0.1378474044331652,1.1236724902673458,23.96247441242441
128,2,102,6774.259375,0.14053618143881613,1.17780727154565,23.464657585651654
128,2,103,6814.7109375,0.14404889959530343,1.2046008335510257,22.96489116446916
128,2,104,6855.1625,0.14772190235573396,1.2249300676828812,22.459334597445103
128,2,105,6895.6140625,0.14797260650467625,1.2617487495759845,21.955205527246996
128,2,106,6936.065625,0.150558306833378,1.2936556874462828,21.456123781108552
128,2,107,6976.5171875,0.15278418907646782,1.3409014920472766,20.90732215076451
128,2,108,7016.96875,0.15399623112368827,1.3792888612680603,20.31071414143711
128,2,109,7057.4203125,0.15420944416692095,1.4139156713019139,19.725894727482537
128,2,110,7097.871875,0.15380513155152198,1.423760892836789,19.168973636738894
128,2,111,7138.3234375,0.15442807406326148,1.410381706575909,18.609006201308233
128,2,112,7178.775,0.1544049153364846,1.4332990581497718,17.9720762507665
128,2,113,7219.2265625,0.15154984071469949,1.4972570348288954,17.494815397910948
128,2,114,7259.678125,0.15356376532909322,1.517580639317816,16.88622597481696
128,2,115,7300.1296875,0.15194320577933745,1.6135782362605107,16.405411014738572
128,2,116,7340.58125,0.15255145877671317,1.6707005096049397,15.852186355151705
128,2,117,7381.0328125,0.15217458108632434,1.705338528367112,15.390727572458253
128,2,118,7421.484375,0.15083014520789603,1.694332300631711,14.919365126709259
128,2,119,7461.9359375,0.1519561231008314,1.7075292952724705,14.469445253799037
128,2,120,7502.3875,0.15073581014327478,1.7329301691960826,14.00524353988898
128,2,121,7542.8390625,0.15051336511480917,1.7029288810505487,13.490465115239896
128,2,122,7583.290625,0.1483978003061472,1.7169273088131625,13.051193379891902
128,2,123,7623.7421875,0.1478032581828884,1.7149640007695814,12.622409509018535
128,2,124,7664.19375,0.1481599275525666,1.7289620085306205,12.196318313418654
128,2,125,7704.6453125,0.14521936286273524,1.7179058448917943,11.80296149732964
128,2,126,7745.096875,0.1442080548897982,1.6764728194333434,11.40478458225888
128,2,127,7785.5484375,0.14720751262089185,1.6715403988776263,11.050857500730414
128,4,0,2648.2,0.23838597495555583,1.5285715748391882,7.183532063062003
128,4,1,2688.6515624999997,0.24763628963001771,1.6178369636818357,7.704114871541378
128,4,2,2729.1031249999996,0.25792187236063835,1.664011042046977,8.259742802489793
128,4,3,2769.5546875,0.26475784461405744,1.753657736244055,8.816271312480165
128,4,4,2810.00625,0.2765234530482972,1.8620062112973403,9.407718073897886
128,4,5,2850.4578125,0.28407047973169663,1.9487914882681978,10.025341505542343
128,4,6,2890.9093749999997,0.29351522731086316,2.039089758680019,10.672813862846915
128,4,7,2931.3609374999996,0.3030263520417723,2.071630750857717,11.35923472799833
128,4,8,2971.8125,0.3119569656014214,2.1386477042120844,12.064922269583114
128,4,9,3012.2640625,0.31834732870629556,2.190539739419561,12.786471086034982
128,4,10,3052.715625,0.3322743450223663,2.233473342989549,13.520055482399123
128,4,11,3093.1671874999997,0.3415112062691678,2.310491775626094,14.319319862873044
128,4,12,3133.6187499999996,0.3458306611716957,2.3351292847695047,15.155317803080473
128,4,13,3174.0703125,0.35180959839871245,2.3999894243011335,15.986805216287255
128,4,14,3214.521875,0.35869915585732604,2.427336466288622,16.863434969691227
128,4,15,3254.9734375,0.3636464333773002,2.4257731937538916,17.697998229998817
128,4,16,3295.4249999999997,0.36626837326761624,2.3894472836060148,18.579715826090453
128,4,17,3335.8765624999996,0.3682787489894128,2.3859489534555105,19.493826181183195
128,4,18,3376.328125,0.3673316003908541,2.3454002857612086,20.37897322402087
128,4,19,3416.7796875,0.3655291661967482,2.2815969960549243,21.276228380452526
128,4,20,3457.23125,0.3650348690877433,2.218787609435168,22.204105244565774
128,4,21,3497.6828124999997,0.36185080897505184,2.182011045756338,23.171730720744833
128,4,22,3538.1343749999996,0.356374328071645,2.10959150611505,24.062057357464212
128,4,23,3578.5859375,0.3548778309069991,2.0049979311037847,25.013384097712215
128,4,24,3619.0375,0.35306182115606477,1.9511848467980852,26.054616327760627
128,4,25,3659.4890625,0.34866754742431316,1.879055732941864,26.996198429461565
128,4,26,3699.940625,0.34913629416686476,1.8103641360605098,28.028994660890064
128,4,27,3740.3921874999996,0.3480173619555849,1.8300163509824132,28.95370732944282
128,4,28,3780.84375,0.34449229459339614,1.860656377523667,29.78345800361498
128,4,29,3821.2953125,0.34343996811576194,1.8557857371477937,30.564577536144782
128,4,30,3861.746875,0.3456633131488451,1.81329217415186,31.33620141616985
128,4,31,3902.1984375,0.35451625195644076,1.8157846319928994,32.23849269953406
128,4,32,3942.6499999999996,0.3548279169915639,1.7872628864907774,32.9309226777003
128,4,33,3983.1015625,0.35287012107365734,1.765162865367499,33.62536263351731
128,4,34,4023.553125,0.34949127391424484,1.7618776018997915,34.2734292267418
128,4,35,4064.0046875,0.33986961047762243,1.7373183891202193,34.92723961944847
128,4,36,4104.45625,0.3355746412327798,1.7659984116660732,35.52997845459332
128,4,37,4144.9078125,0.3299364530821167,1.7245613891657063,36.067016186906145
128,4,38,4185.359375,0.3219773897750585,1.7061919411034856,36.57514508249539
128,4,39,4225.8109375,0.3187798784509132,1.6681820887883372,36.99522408598148
128,4,40,4266.2625,0.3062836835147339,1.623476913958354,37.40427506752589
128,4,41,4306.7140625,0.2949141514308821,1.5910235297356246,37.76496955396884
128,4,42,4347.165625,0.2804837691175334,1.5185224178925192,38.07660716953316
128,4,43,4387.6171875,0.2747355162494691,1.508230828353033,38.37855646274387
128,4,44,4428.06875,0.27716174956242423,1.5117396695173348,38.59301218637967
128,4,45,4468.5203125,0.2766243639784121,1.518793961207317,38.78406885271049
128,4,46,4508.971875,0.2758718616288409,1.541949214184567,38.922303805750104
128,4,47,4549.4234375,0.26881478094483024,1.5306010311407467,39.01669215911002
128,4,48,4589.875,0.26015712918213185,1.4838835932711287,39.09783489571214
128,4,49,4630.3265625,0.24829936455419493,1.5043055473811158,39.14348818856739
128,4,50,4670.778125,0.23947336847063136,1.5009708487825184,39.193754041668356
128,4,51,4711.229687499999,0.22641071608614438,1.5127671545378796,39.20552289091784
128,4,52,4751.68125,0.22076805394720772,1.5217092275984636,39.19168714156095
128,4,53,4792.1328125,0.21190555068092595,1.5135783049237608,39.013086832550655
128,4,54,4832.584375,0.21028469572392966,1.5213806677007002,38.93900290235494
128,4,55,4873.0359375,0.20651615720462704,1.51925957942437,38.88119790453632
128,4,56,4913.487499999999,0.20140666544576763,1.515315221710793,38.79556330666742
128,4,57,4953.9390625,0.20507359734641137,1.510466153063043,38.69457622344588
128,4,58,4994.390625,0.2028978251458638,1.5280307463919274,38.5855992747139
128,4,59,5034.8421875,0.2029471521556483,1.5312895975387073,38.44839262556222
128,4,60,5075.29375,0.20407848123604402,1.5135571198888187,38.312425649041955
128,4,61,5115.745312499999,0.20332913198837763,1.508982606391331,38.157051300785525
128,4,62,5156.196875,0.20398601634667163,1.5030070122628891,37.99213988186478
128,4,63,5196.6484375,0.2071012203671789,1.4876830629751692,37.81996773255206
128,4,64,5237.1,0.20823755236584562,1.4461890566377769,37.627377419795366
128,4,65,5277.5515625,0.20702759759654135,1.4358297630758194,37.43363953820826
128,4,66,5318.003124999999,0.20846719987617768,1.4271001204481901,37.2220191679298
128,4,67,5358.4546875,0.21024380503750317,1.4231418169297279,37.0039585070232
128,4,68,5398.90625,0.20836709564525485,1.419046555507767,36.7787114601162
128,4,69,5439.3578125,0.20707616114401667,1.4006847796453648,36.53761265401894
128,4,70,5479.809375,0.20795720726254543,1.391094558621059,36.29526149140767
128,4,71,5520.260937499999,0.2056213502456451,1.389609294083058,36.03694675750736
128,4,72,5560.7125,0.20385995993280126,1.3521893018751538,35.77390008129213
128,4,73,5601.1640625,0.2034892937932724,1.3348748280472826,35.4870086996323
128,4,74,5641.615625,0.2019783261322892,1.296257304629079,35.185602643662584
128,4,75,5682.0671875,0.20045013703090464,1.2911566645593722,34.88286322106467
128,4,76,5722.518749999999,0.2027084112579821,1.2796735922042153,34.56390918153307
128,4,77,5762.9703125,0.2071563370610557,1.248880059874001,34.28584635232202
128,4,78,5803.421875,0.21335018744496567,1.2347896087153991,33.95907165958754
128,4,79,5843.8734375,0.21868372291255644,1.1917170982787761,33.61945841860244
128,4,80,5884.325,0.22223792626545666,1.1697664461207748,33.27762528384506
128,4,81,5924.776562499999,0.22647785721057856,1.1516378933523823,32.91669102236336
128,4,82,5965.228125,0.22939700560840567,1.1413179216835543,32.552176983456896
128,4,83,6005.6796875,0.24539284303845804,1.1167641751777524,32.15459007525203
128,4,84,6046.13125,0.2415416567668069,1.0901170601787855,31.719778330075272
128,4,85,6086.5828125,0.23729835642014185,1.0660623881060398,31.279259756162446
128,4,86,6127.034374999999,0.23900881553544945,1.0573026745837029,30.867177097777088
128,4,87,6167.4859375,0.23885714127279134,1.0698018102985527,30.458839707756034
128,4,88,6207.9375,0.24405085739087778,1.0764493521163025,30.04058034314091
128,4,89,6248.3890625,0.24520042139229054,1.061758606232492,29.613953363892335
128,4,90,6288.840625,0.25169556940531834,1.060397122083916,29.17983278494934
128,4,91,6329.292187499999,0.251971012842803,1.0492470726824676,28.726882204078542
128,4,92,6369.74375,0.25309406673913626,1.0502457126771823,28.272197334643124
128,4,93,6410.1953125,0.25461321199074693,1.0476768304072812,27.81129870365531
128,4,94,6450.646875,0.25428513718853807,1.0372698322205636,27.351065000692806
128,4,95,6491.0984375,0.2551758430346018,1.0349511731787802,26.887607331746167
128,4,96,6531.55,0.25895695139657976,1.0223242754548796,26.41150757435829
128,4,97,6572.0015625,0.2617963934107275,1.0054804194963012,25.93365530600692
128,4,98,6612.453125,0.26603894695080577,1.0089456537243164,25.445907761924673
128,4,99,6652.9046875,0.2663709470358758,1.0166356554167628,24.95155947829447
128,4,100,6693.35625,0.26704050220685915,1.0045543380871451,24.459139173160317
128,4,101,6733.8078125,0.27125043057835874,1.0389418017900816,23.96247441242441
128,4,102,6774.259375,0.27205486128788625,1.0604006377757291,23.464657585651654
128,4,103,6814.7109375,0.2726753131346372,1.058283764516837,22.96489116446916
128,4,104,6855.1625,0.27091624924231195,1.0894444105914327,22.459334597445103
128,4,105,6895.6140625,0.2701491688673626,1.1115711089419347,21.955205527246996
128,4,106,6936.065625,0.2703892753065667,1.1279144529808498,21.456123781108552
128,4,107,6976.5171875,0.26759526711311193,1.1877989254533339,20.90732215076451
128,4,108,7016.96875,0.2656869835185272,1.2414669755135812,20.31071414143711
128,4,109,7057.4203125,0.26403285732557913,1.288946259831143,19.725894727482537
128,4,110,7097.871875,0.2599502905704215,1.3779453851794263,19.168973636738894
128,4,111,7138.3234375,0.25462176736728404,1.419118970756808,18.609006201308233
128,4,112,7178.775,0.25134533338233495,1.4794897360064243,17.9720762507665
128,4,113,7219.2265625,0.24434107132298938,1.539568107946057,17.494815397910948
128,4,114,7259.678125,0.2372410838504409,1.6264409369450425,16.88622597481696
128,4,115,7300.1296875,0.23164779443092284,1.7313372214074523,16.405411014738572
128,4,116,7340.58125,0.22706240444470205,1.8031495163311702,15.852186355151705
128,4,117,7381.0328125,0.22238617699972546,1.8686258779602023,15.390727572458253
128,4,118,7421.484375,0.21786826952701127,1.9555039622909811,14.919365126709259
128,4,119,7461.9359375,0.21206840618158987,2.0047954548765294,14.469445253799037
128,4,120,7502.3875,0.20781825821634814,2.0573676309720192,14.00524353988898
128,4,121,7542.8390625,0.20330761553196264,2.1041304323067287,13.490465115239896
128,4,122,7583.290625,0.19639273985611844,2.1856611796980907,13.051193379891902
128,4,123,7623.7421875,0.18980162615845375,2.205328805870317,12.622409509018535
128,4,124,7664.19375,0.18284705051875783,2.223277330999618,12.196318313418654
128,4,125,7704.6453125,0.1740480317425278,2.1769384479143734,11.80296149732964
128,4,126,7745.096875,0.1701138489395074,2.1826106020635745,11.40478458225888
128,4,127,7785.5484375,0.16777676742318154,2.1899124696887085,11.050857500730414
128,8,0,2648.2,0.20887802862960478,1.9429669321729302,7.183532063062003
128,8,1,2688.6515624999997,0.2184588462215556,2.0638053764055653,7.704114871541378
128,8,2,2729.1031249999996,0.23335473292030387,2.179307000340254,8.259742802489793
128,8,3,2769.5546875,0.24909377691911716,2.313327659156458,8.816271312480165
128,8,4,2810.00625,0.2582440363365593,2.443332966950536,9.407718073897886
128,8,5,2850.4578125,0.2744246068995498,2.5467201665231443,10.025341505542343
128,8,6,2890.9093749999997,0.2859622417702836,2.6504583924441367,10.672813862846915
128,8,7,2931.3609374999996,0.30207717503375464,2.732354788346098,11.35923472799833
128,8,8,2971.8125,0.3166247885750315,2.81903476019278,12.064922269583114
128,8,9,3012.2640625,0.32783962184912296,2.8999606963218607,12.786471086034982
128,8,10,3052.715625,0.3425738964942182,2.9879922885236185,13.520055482399123
128,8,11,3093.1671874999997,0.35607240569751436,3.0897350798544316,14.319319862873044
128,8,12,3133.6187499999996,0.3697994023702403,3.1714553218463863,15.155317803080473
128,8,13,3174.0703125,0.38229498219903907,3.2530816929649853,15.986805216287255
128,8,14,3214.521875,0.39687597019648185,3.3171368257788325,16.863434969691227
128,8,15,3254.9734375,0.41107064129683313,3.392286546086887,17.697998229998817
128,8,16,3295.4249999999997,0.42257114081515756,3.494629600583668,18.579715826090453
128,8,17,3335.8765624999996,0.4332269639214098,3.5558583854459624,19.493826181183195
128,8,18,3376.328125,0.4445108677346267,3.641207464414725,20.37897322402087
128,8,19,3416.7796875,0.4516945063061287,3.7033649456714746,21.276228380452526
128,8,20,3457.23125,0.45981004438356177,3.747090211569638,22.204105244565774
128,8,21,3497.6828124999997,0.47062397486914065,3.6997418082950078,23.171730720744833
128,8,22,3538.1343749999996,0.4775373489532404,3.6355920799723647,24.062057357464212
128,8,23,3578.5859375,0.4796821120746945,3.5357048268415188,25.013384097712215
128,8,24,3619.0375,0.4818772392268557,3.4165231627673633,26.054616327760627
128,8,25,3659.4890625,0.47721545535371446,3.3383634340978356,26.996198429461565
128,8,26,3699.940625,0.47186423909226116,3.293344381226983,28.028994660890064
128,8,27,3740.3921874999996,0.46642482678689046,3.1585106987649247,28.95370732944282
128,8,28,3780.84375,0.4546388447029186,3.0972682394306035,29.78345800361498
128,8,29,3821.2953125,0.44128856210546186,2.921696003141078,30.564577536144782
128,8,30,3861.746875,0.4248438826108608,2.82331632472529,31.33620141616985
128,8,31,3902.1984375,0.40226393486280554,2.764874872730105,32.23849269953406
128,8,32,3942.6499999999996,0.3723001069335345,2.740559831298056,32.9309226777003
128,8,33,3983.1015625,0.356604131779231,2.6728173186221955,33.62536263351731
128,8,34,4023.553125,0.35007022340371274,2.6054360652173183,34.2734292267418
128,8,35,4064.0046875,0.3342190104995773,2.5065779102818295,34.92723961944847
128,8,36,4104.45625,0.321632982393377,2.417690599956638,35.52997845459332
128,8,37,4144.9078125,0.3280103195207673,2.3600726785185424,36.067016186906145
128,8,38,4185.359375,0.3251300550786252,2.3416485314268205,36.57514508249539
128,8,39,4225.8109375,0.3305310724589765,2.2941970672874743,36.99522408598148
128,8,40,4266.2625,0.33993448179912944,2.2465453201042496,37.40427506752589
128,8,41,4306.7140625,0.3474438390666723,2.1992632114155866,37.76496955396884
128,8,42,4347.165625,0.36867090538436875,2.1000424864699245,38.07660716953316
128,8,43,4387.6171875,0.3881535766233415,2.0276324985146266,38.37855646274387
128,8,44,4428.06875,0.4095818293822159,1.9753460845492434,38.59301218637967
128,8,45,4468.5203125,0.42625913051257946,1.9022865478524693,38.78406885271049
128,8,46,4508.971875,0.43290390103742454,1.8895586293639577,38.922303805750104
128,8,47,4549.4234375,0.43877807581936246,1.846593311266514,39.01669215911002
128,8,48,4589.875,0.43394751124912695,1.8334276762909545,39.09783489571214
128,8,49,4630.3265625,0.4286297145745363,1.7216695542849008,39.14348818856739
128,8,50,4670.778125,0.4112851336504106,1.6779314329401671,39.193754041668356
128,8,51,4711.229687499999,0.3937515302730976,1.6647421046742779,39.20552289091784
128,8,52,4751.68125,0.38066447699335015,1.6641722190055743,39.19168714156095
128,8,53,4792.1328125,0.3665588055088048,1.6340129028011794,39.013086832550655
128,8,54,4832.584375,0.35006541839086536,1.644285964534773,38.93900290235494
128,8,55,4873.0359375,0.33602181755688915,1.6641652683721146,38.88119790453632
128,8,56,4913.487499999999,0.33311744944649613,1.6833539122767098,38.79556330666742
128,8,57,4953.9390625,0.3329906746195999,1.696969636663964,38.69457622344588
128,8,58,4994.390625,0.3261402502703371,1.6931161428210904,38.5855992747139
128,8,59,5034.8421875,0.3221408231616083,1.6773403943628877,38.44839262556222
128,8,60,5075.29375,0.3128715380054525,1.6575074649052657,38.312425649041955
128,8,61,5115.745312499999,0.3086327295328465,1.689196500701065,38.157051300785525
128,8,62,5156.196875,0.3015072121169725,1.6804934723877527,37.99213988186478
128,8,63,5196.6484375,0.2904517170266042,1.7037521649941434,37.81996773255206
128,8,64,5237.1,0.2873895013913333,1.7212526116487086,37.627377419795366
128,8,65,5277.5515625,0.2859404387272779,1.7326569870788546,37.43363953820826
128,8,66,5318.003124999999,0.28183244323067547,1.7756066437609923,37.2220191679298
128,8,67,5358.4546875,0.28300201779254397,1.792374402419763,37.0039585070232
128,8,68,5398.90625,0.2888738377115002,1.8150876545156232,36.7787114601162
128,8,69,5439.3578125,0.29707049050410617,1.8396102415749425,36.53761265401894
128,8,70,5479.809375,0.2996956330209254,1.8184421148099739,36.29526149140767
128,8,71,5520.260937499999,0.30374944338354115,1.8038085275930535,36.03694675750736
128,8,72,5560.7125,0.3038861119344518,1.803372194626052,35.77390008129213
128,8,73,5601.1640625,0.30723818645040335,1.8253321591992464,35.4870086996323
128,8,74,5641.615625,0.30869549664907536,1.86515063659038,35.185602643662584
128,8,75,5682.0671875,0.30650494547200857,1.9011619836636287,34.88286322106467
128,8,76,5722.518749999999,0.30618231506209836,1.9049282586788188,34.56390918153307
128,8,77,5762.9703125,0.3033986371656081,1.9000307994333472,34.28584635232202
128,8,78,5803.421875,0.3035889338019906,1.8788061669874787,33.95907165958754
128,8,79,5843.8734375,0.3028710818764445,1.8484008265186909,33.61945841860244
128,8,80,5884.325,0.3008342001731548,1.8649002910207162,33.27762528384506
128,8,81,5924.776562499999,0.2969374387206324,1.8223391269028215,32.91669102236336
128,8,82,5965.228125,0.2944575981959028,1.8144296480753441,32.552176983456896
128,8,83,6005.6796875,0.29352288662332093,1.8250674821670734,32.15459007525203
128,8,84,6046.13125,0.28830720266951887,1.8149430325952403,31.719778330075272
128,8,85,6086.5828125,0.2838952712138145,1.7815333750847513,31.279259756162446
128,8,86,6127.034374999999,0.279235630544885,1.7307325455538511,30.867177097777088
128,8,87,6167.4859375,0.27340770408311355,1.7319166339143535,30.458839707756034
128,8,88,6207.9375,0.2701696327655226,1.7116781147146103,30.04058034314091
128,8,89,6248.3890625,0.26364877040373125,1.6743865017938244,29.613953363892335
128,8,90,6288.840625,0.2598074601550092,1.609708830097801,29.17983278494934
128,8,91,6329.292187499999,0.25370621029520385,1.5683385179143148,28.726882204078542
128,8,92,6369.74375,0.250788846098256,1.547592219398183,28.272197334643124
128,8,93,6410.1953125,0.2494755334220941,1.5338201402684275,27.81129870365531
128,8,94,6450.646875,0.24412388746669683,1.5184712667755331,27.351065000692806
128,8,95,6491.0984375,0.2446028245870196,1.4933297628139584,26.887607331746167
128,8,96,6531.55,0.2434438885705838,1.4919601368160258,26.41150757435829
128,8,97,6572.0015625,0.24607916967243365,1.482931600049181,25.93365530600692
128,8,98,6612.453125,0.2469268743080959,1.5282401975649447,25.445907761924673
128,8,99,6652.9046875,0.2474416950373474,1.5138794587020399,24.95155947829447
128,8,100,6693.35625,0.2440002046099432,1.5322943732494878,24.459139173160317
128,8,101,6733.8078125,0.24531249086048731,1.5352241290273743,23.96247441242441
128,8,102,6774.259375,0.2445187855639756,1.549275405249274,23.464657585651654
128,8,103,6814.7109375,0.24123407755270906,1.5553693638102521,22.96489116446916
128,8,104,6855.1625,0.24116914692653138,1.597332114102802,22.459334597445103
128,8,105,6895.6140625,0.23774524564546334,1.6504724473840093,21.955205527246996
128,8,106,6936.065625,0.23505071997813898,1.6705352418179866,21.456123781108552
128,8,107,6976.5171875,0.2330603418316055,1.6865440405542331,20.90732215076451
128,8,108,7016.96875,0.2315420433909831,1.7009697768459653,20.31071414143711
128,8,109,7057.4203125,0.2305749461749424,1.7862281210054336,19.725894727482537
128,8,110,7097.871875,0.2307713818083093,1.846340222849591,19.168973636738894
128,8,111,7138.3234375,0.2279909686041064,1.9075005627536472,18.609006201308233
128,8,112,7178.775,0.22710085050042145,1.9596264440194644,17.9720762507665
128,8,113,7219.2265625,0.22659259941061827,2.0423133877933717,17.494815397910948
128,8,114,7259.678125,0.2238547327272878,2.12293523112175,16.88622597481696
128,8,115,7300.1296875,0.22034661159709065,2.1780459390463514,16.405411014738572
128,8,116,7340.58125,0.21855749250005463,2.214782835276955,15.852186355151705
128,8,117,7381.0328125,0.21683778607105653,2.2931585950946913,15.390727572458253
128,8,118,7421.484375,0.2154741232301382,2.328158337530902,14.919365126709259
128,8,119,7461.9359375,0.2160462635292354,2.362671312429778,14.469445253799037
128,8,120,7502.3875,0.2166255767405966,2.434104991019049,14.00524353988898
128,8,121,7542.8390625,0.21644644262045198,2.536330198614694,13.490465115239896
128,8,122,7583.290625,0.21715527344340166,2.5916508298849266,13.051193379891902
128,8,123,7623.7421875,0.2155422205681474,2.5729486616175836,12.622409509018535
128,8,124,7664.19375,0.21738601021097162,2.598824830846269,12.196318313418654
128,8,125,7704.6453125,0.21716639169485424,2.62808952380586,11.80296149732964
128,8,126,7745.096875,0.21893826609562517,2.651800856426902,11.40478458225888
128,8,127,7785.5484375,0.22083646993116776,2.6475534014963746,11.050857500730414
128,16,0,2648.2,0.2677361613511367,1.998697033540531,7.183532063062003
128,16,1,2688.6515624999997,0.279131723189881,2.112524058576862,7.704114871541378
128,16,2,2729.1031249999996,0.29894592431726186,2.252363549075548,8.259742802489793
128,16,3,2769.5546875,0.315446924226103,2.409376305857843,8.816271312480165
128,16,4,2810.00625,0.3304474610599373,2.5254428858486246,9.407718073897886
128,16,5,2850.4578125,0.34922538216511056,2.6328283361490064,10.025341505542343
128,16,6,2890.9093749999997,0.36765433307281314,2.764537150785552,10.672813862846915
128,16,7,2931.3609374999996,0.38474818246350584,2.8817565761146287,11.35923472799833
128,16,8,2971.8125,0.4003179732315839,3.007260858460936,12.064922269583114
128,16,9,3012.2640625,0.4125282709653858,3.1109058925043906,12.786471086034982
128,16,10,3052.715625,0.42888650124948074,3.2282405113651396,13.520055482399123
128,16,11,3093.1671874999997,0.4394106541887663,3.34088747663924,14.319319862873044
128,16,12,3133.6187499999996,0.4558887735789513,3.4757555090924366,15.155317803080473
128,16,13,3174.0703125,0.465013992443168,3.612942893515473,15.986805216287255
128,16,14,3214.521875,0.47397810467916446,3.7526331059784814,16.863434969691227
128,16,15,3254.9734375,0.49030235973517067,3.8808757991974923,17.697998229998817
128,16,16,3295.4249999999997,0.5005795056054894,3.9608883216683863,18.579715826090453
128,16,17,3335.8765624999996,0.5162054525102824,4.042411978830488,19.493826181183195
128,16,18,3376.328125,0.5253477919865132,4.145943070344749,20.37897322402087
128,16,19,3416.7796875,0.5359712929785383,4.180079051992616,21.276228380452526
128,16,20,3457.23125,0.5339595414608476,4.229419242029502,22.204105244565774
128,16,21,3497.6828124999997,0.53570957389801,4.29722061846835,23.171730720744833
128,16,22,3538.1343749999996,0.5419156839638163,4.348954370649555,24.062057357464212
128,16,23,3578.5859375,0.5489918338666558,4.3479045827806475,25.013384097712215
128,16,24,3619.0375,0.5483883811848518,4.226078182281284,26.054616327760627
128,16,25,3659.4890625,0.5428494320806893,4.182408273424976,26.996198429461565
128,16,26,3699.940625,0.54383637009523,4.107635665147927,28.028994660890064
128,16,27,3740.3921874999996,0.5398142821286748,4.066661007890429,28.95370732944282
128,16,28,3780.84375,0.5342763166381603,4.009382533592784,29.78345800361498
128,16,29,3821.2953125,0.5196691451606001,3.781851423377671,30.564577536144782
128,16,30,3861.746875,0.5055821533544986,3.6872435226665687,31.33620141616985
128,16,31,3902.1984375,0.49339713395082974,3.536139332024946,32.23849269953406
128,16,32,3942.6499999999996,0.48248169369566873,3.4565275723644517,32.9309226777003
128,16,33,3983.1015625,0.46531989499827314,3.386376522885598,33.62536263351731
128,16,34,4023.553125,0.44716440663510804,3.271672298309433,34.2734292267418
128,16,35,4064.0046875,0.44020269064189876,3.1636864965090696,34.92723961944847
128,16,36,4104.45625,0.43262496164711184,3.0941542693782944,35.52997845459332
128,16,37,4144.9078125,0.42933804871046843,3.0502016493759982,36.067016186906145
128,16,38,4185.359375,0.4254793854528276,2.8835931878675694,36.57514508249539
128,16,39,4225.8109375,0.42262043962165957,2.753992622376854,36.99522408598148
128,16,40,4266.2625,0.4182395799325351,2.660911069961223,37.40427506752589
128,16,41,4306.7140625,0.4167807045206702,2.6398311379706096,37.76496955396884
128,16,42,4347.165625,0.4209883750758261,2.536081815028179,38.07660716953316
128,16,43,4387.6171875,0.4348285139784412,2.4773092955534093,38.37855646274387
128,16,44,4428.06875,0.43611027260089386,2.456460023834263,38.59301218637967
128,16,45,4468.5203125,0.4444389027427244,2.466001449719672,38.78406885271049
128,16,46,4508.971875,0.4516425364008173,2.451304110126804,38.922303805750104
128,16,47,4549.4234375,0.45212184614448825,2.396916312678616,39.01669215911002
128,16,48,4589.875,0.46536479775826617,2.337578428469171,39.09783489571214
128,16,49,4630.3265625,0.4712248758563006,2.3320800985883747,39.14348818856739
128,16,50,4670.778125,0.474333627753808,2.3035552803628274,39.193754041668356
128,16,51,4711.229687499999,0.47899404129604317,2.253476017577848,39.20552289091784
128,16,52,4751.68125,0.46871337204810115,2.2053930466772558,39.19168714156095
128,16,53,4792.1328125,0.46412314290041456,2.1442549243961926,39.013086832550655
128,16,54,4832.584375,0.4598437288480331,2.1261179032290354,38.93900290235494
128,16,55,4873.0359375,0.4549039949691688,2.1002503947889912,38.88119790453632
128,16,56,4913.487499999999,0.4491470115420645,2.07413506384532,38.79556330666742
128,16,57,4953.9390625,0.4413520453434448,2.0662619300842517,38.69457622344588
128,16,58,4994.390625,0.4301203202795434,2.036469295780197,38.5855992747139
128,16,59,5034.8421875,0.4170383952421331,2.0311231028683503,38.44839262556222
128,16,60,5075.29375,0.4100405447384816,2.023924507021476,38.312425649041955
128,16,61,5115.745312499999,0.4007306786493319,1.9927442372979625,38.157051300785525
128,16,62,5156.196875,0.3934778523098929,1.9439263478076432,37.99213988186478
128,16,63,5196.6484375,0.38587383259976926,1.8731353004598046,37.81996773255206
128,16,64,5237.1,0.3880453926809627,1.8602149398397492,37.627377419795366
128,16,65,5277.5515625,0.38407069542240196,1.8281363494364824,37.43363953820826
128,16,66,5318.003124999999,0.3865537929574465,1.7947989744329305,37.2220191679298
128,16,67,5358.4546875,0.3843563604682517,1.765020470273094,37.0039585070232
128,16,68,5398.90625,0.382550093451673,1.7316031951503832,36.7787114601162
128,16,69,5439.3578125,0.38088147718855103,1.7034586674946484,36.53761265401894
128,16,70,5479.809375,0.37685241565911726,1.679043414728499,36.29526149140767
128,16,71,5520.260937499999,0.3767358161093096,1.6744769836189637,36.03694675750736
128,16,72,5560.7125,0.37499203334369635,1.654595373780429,35.77390008129213
128,16,73,5601.1640625,0.37374854668987517,1.6318214186594042,35.4870086996323
128,16,74,5641.615625,0.3724489913236092,1.623316817634995,35.185602643662584
128,16,75,5682.0671875,0.3684942673256378,1.5963281139449794,34.88286322106467
128,16,76,5722.518749999999,0.36714328911599925,1.5871576749732121,34.56390918153307
128,16,77,5762.9703125,0.3638749627132432,1.574359599765316,34.28584635232202
128,16,78,5803.421875,0.3572905631393485,1.5101021570888506,33.95907165958754
128,16,79,5843.8734375,0.3542241440886591,1.4420348401587242,33.61945841860244
128,16,80,5884.325,0.3512040053101583,1.408954152180758,33.27762528384506
128,16,81,5924.776562499999,0.34407263051703496,1.361723063731464,32.91669102236336
128,16,82,5965.228125,0.33701597646334647,1.3529785050523528,32.552176983456896
128,16,83,6005.6796875,0.3281589485360905,1.3142123988260523,32.15459007525203
128,16,84,6046.13125,0.3234885915819982,1.2704598175475368,31.719778330075272
128,16,85,6086.5828125,0.3179400051936865,1.2561132885605024,31.279259756162446
128,16,86,6127.034374999999,0.31442299468007956,1.230666327094612,30.867177097777088
128,16,87,6167.4859375,0.31299309284877863,1.216158946298701,30.458839707756034
128,16,88,6207.9375,0.30809228329307303,1.2189196758857919,30.04058034314091
128,16,89,6248.3890625,0.3040335081932578,1.2323709464881445,29.613953363892335
128,16,90,6288.840625,0.30175331438186276,1.2341282270289138,29.17983278494934
128,16,91,6329.292187499999,0.30071101954189,1.2519098455217286,28.726882204078542
128,16,92,6369.74375,0.30304228277802236,1.2606987071600493,28.272197334643124
128,16,93,6410.1953125,0.303903508346424,1.3068710708699336,27.81129870365531
128,16,94,6450.646875,0.3039720038735023,1.332414158897696,27.351065000692806
128,16,95,6491.0984375,0.3031005912053219,1.3502011337294322,26.887607331746167
128,16,96,6531.55,0.30323858061411374,1.4012880239022867,26.41150757435829
128,16,97,6572.0015625,0.30561668009920157,1.4583414586987933,25.93365530600692
128,16,98,6612.453125,0.3054080995420848,1.5389609547669791,25.445907761924673
128,16,99,6652.9046875,0.3068998748970734,1.6189021493980327,24.95155947829447
128,16,100,6693.35625,0.3112379515466855,1.7673254699186265,24.459139173160317
128,16,101,6733.8078125,0.3096051932672834,1.832858007929659,23.96247441242441
128,16,102,6774.259375,0.31080334548847965,1.940388292363177,23.464657585651654
128,16,103,6814.7109375,0.3149182278944118,2.0808343518124115,22.96489116446916
128,16,104,6855.1625,0.31653187500067975,2.187633847856019,22.459334597445103
128,16,105,6895.6140625,0.31654298597899827,2.32915895478126,21.955205527246996
128,16,106,6936.065625,0.3149588585333356,2.4153969523153833,21.456123781108552
128,16,107,6976.5171875,0.31478183913338453,2.5133033998898093,20.90732215076451
128,16,108,7016.96875,0.3160602035346396,2.591069306617547,20.31071414143711
128,16,109,7057.4203125,0.314012775226018,2.636436310357095,19.725894727482537
128,16,110,7097.871875,0.3117831594440272,2.684290731272288,19.168973636738894
128,16,111,7138.3234375,0.30915899773678424,2.7398901774582174,18.609006201308233
128,16,112,7178.775,0.3072809600177291,2.798211226188385,17.9720762507665
128,16,113,7219.2265625,0.3030613972794629,2.8120761146141384,17.494815397910948
128,16,114,7259.678125,0.2966597208908672,2.85660752432611,16.88622597481696
128,16,115,7300.1296875,0.2920798410518667,2.9127233680742615,16.405411014738572
128,16,116,7340.58125,0.2864747664007128,2.9036622518251094,15.852186355151705
128,16,117,7381.0328125,0.2820536332764849,2.9825020082676534,15.390727572458253
128,16,118,7421.484375,0.27746990244101666,2.919331083813344,14.919365126709259
128,16,119,7461.9359375,0.2712224985385322,2.9124219948577483,14.469445253799037
128,16,120,7502.3875,0.26615353300720757,2.9166661426105387,14.00524353988898
128,16,121,7542.8390625,0.25895554693915523,2.8867738473024307,13.490465115239896
128,16,122,7583.290625,0.25365499018377924,2.8793649117115825,13.051193379891902
128,16,123,7623.7421875,0.2501339618356501,2.9277520132090227,12.622409509018535
128,16,124,7664.19375,0.2452691469294488,2.924865772816465,12.196318313418654
128,16,125,7704.6453125,0.2414404195132069,2.9540839038734834,11.80296149732964
128,16,126,7745.096875,0.23478904303509768,2.9268051795781713,11.40478458225888
128,16,127,7785.5484375,0.2262469964495288,2.8729861319992085,11.050857500730414
256,2,0,2648.2,0.08829974780896038,0.38129376667566495,1.775405969027508
256,2,1,2668.42578125,0.0896619687029305,0.39286853226217416,1.83857326070229
256,2,2,2688.6515624999997,0.09056294953081177,0.407557415092689,1.9028482210326265
256,2,3,2708.87734375,0.09121498024486037,0.4169049537878912,1.972112349590365
256,2,4,2729.1031249999996,0.09278305318918975,0.42511805424462357,2.041738627272254
256,2,5,2749.32890625,0.09426772173168994,0.4378703906443209,2.111317988907542
256,2,6,2769.5546875,0.095432960889242,0.45125848751431585,2.1808210925752625
256,2,7,2789.7804687499997,0.09578313959486062,0.46347683302208303,2.2506391763121973
256,2,8,2810.00625,0.09640315901907756,0.4734520783035682,2.3261978289563734
256,2,9,2830.2320312499996,0.09751427406889475,0.48159759429853927,2.4033935991995903
256,2,10,2850.4578125,0.09828005185689398,0.4937038450244474,2.4805979081073355
256,2,11,2870.68359375,0.09900377235247815,0.5071674066685449,2.5578110659666775
256,2,12,2890.9093749999997,0.09904248869878662,0.5212342133498311,2.637567824064398
256,2,13,2911.13515625,0.09946519747936136,0.5297539646065939,2.7270678387636957
256,2,14,2931.3609374999996,0.10018441093521935,0.5384284897003,2.8116203473728456
256,2,15,2951.58671875,0.10033933850966247,0.5465760738510131,2.903217843481231
256,2,16,2971.8125,0.10092315371762894,0.5578813181658073,2.987881576120567
256,2,17,2992.0382812499997,0.1008062408031711,0.5728941413172067,3.0729492334376443
256,2,18,3012.2640625,0.10106287941238254,0.5874013873897038,3.166107218579609
256,2,19,3032.4898437499996,0.10140250540164082,0.5976864047985051,3.2576405013625367
256,2,20,3052.715625,0.10158077555969727,0.6045932608737477,3.349193484536519
256,2,21,3072.94140625,0.1020987447325156,0.6108458212832298,3.449412553513219
256,2,22,3093.1671874999997,0.10182313712041394,0.6166105398179499,3.5475520226573978
256,2,23,3113.39296875,0.10160503319772582,0.6196492217616812,3.644329878075397
256,2,24,3133.6187499999996,0.1018969109675185,0.6292567145694118,3.754997622337852
256,2,25,3153.84453125,0.10177476318524922,0.6396844072736858,3.8579863233805334
256,2,26,3174.0703125,0.10146777014565844,0.6491057457777949,3.9618446203581232
256,2,27,3194.2960937499997,0.10091089044349341,0.6609303506451427,4.066623548542782
256,2,28,3214.521875,0.10045915952734229,0.6668121411923762,4.181102501244683
256,2,29,3234.7476562499996,0.10110468031291901,0.6724765972851354,4.285375883152
256,2,30,3254.9734375,0.10096212171558794,0.6816043854769928,4.389705553568981
256,2,31,3275.19921875,0.1006718785870479,0.6890910839285037,4.496639635150418
256,2,32,3295.4249999999997,0.10081611533863599,0.6971599378271326,4.608358026577724
256,2,33,3315.65078125,0.10036509707122614,0.7039976302531037,4.717657910111683
256,2,34,3335.8765624999996,0.09998348965844547,0.7056186049297261,4.836614409926451
256,2,35,3356.10234375,0.09923504960175095,0.707211030906873,4.947148223914715
256,2,36,3376.328125,0.09929197983767202,0.710277209325089,5.057768640245184
256,2,37,3396.5539062499997,0.09876272604711439,0.7099186793040432,5.168774821487572
256,2,38,3416.7796875,0.09796930853561042,0.7050752511346425,5.280668934928347
256,2,39,3437.0054687499996,0.0985997878677645,0.7104208415029258,5.395853770430934
256,2,40,3457.23125,0.09805527346389523,0.7121667182255613,5.508408812902889
256,2,41,3477.45703125,0.09684523976176265,0.7174404962245423,5.625893547803713
256,2,42,3497.6828124999997,0.09562387364226618,0.720966274572017,5.753845393729531
256,2,43,3517.90859375,0.09566636657737301,0.7232894620394038,5.867076880698281
256,2,44,3538.1343749999996,0.09437755280352898,0.7230704490775832,5.978383972259541
256,2,45,3558.36015625,0.0934235615151899,0.720466466954646,6.100580223828095
256,2,46,3578.5859375,0.09185223441928028,0.7111480672011685,6.212089382520231
256,2,47,3598.8117187499997,0.09180281318598145,0.7069683238021813,6.360417661297023
256,2,48,3619.0375,0.09118487645051562,0.7029031384639286,6.469666292850714
256,2,49,3639.2632812499996,0.09080557763062551,0.696734478825056,6.589554305524548
256,2,50,3659.4890625,0.09038018386363794,0.6925371178195444,6.711680637994162
256,2,51,3679.71484375,0.0891648462143084,0.6886072684301574,6.827087246734434
256,2,52,3699.940625,0.08942935440577428,0.6801310137921236,6.956525723499149
256,2,53,3720.16640625,0.08869830435368456,0.6704410447088239,7.084792462613166
256,2,54,3740.3921874999996,0.08845088769348874,0.6510314119154791,7.201046230732102
256,2,55,3760.61796875,0.08704378993767642,0.648231981709698,7.307779463186815
256,2,56,3780.84375,0.08583246605542026,0.6311534426405346,7.41190748964488
256,2,57,3801.06953125,0.08614569015444043,0.5997195461956238,7.513000390342081
256,2,58,3821.2953125,0.08508170997824252,0.5810014655954869,7.609069029321116
256,2,59,3841.5210937499996,0.08462709963176837,0.5757014712556664,7.705326994687372
256,2,60,3861.746875,0.08387228116326095,0.5709003763537608,7.8018466070588754
256,2,61,3881.97265625,0.08435491041501855,0.5672181250156775,7.898466353189757
256,2,62,3902.1984375,0.08371302000153727,0.5548308139160282,8.030994980184989
256,2,63,3922.42421875,0.08354226370971511,0.5526033538729366,8.116886463731099
256,2,64,3942.6499999999996,0.08422446808082398,0.5365165476407455,8.20357008205914
256,2,65,3962.87578125,0.08335596520320575,0.5315041709379361,8.291060929975938
256,2,66,3983.1015625,0.0839299754369574,0.5286773202369448,8.378643976902012
256,2,67,4003.32734375,0.08402940816091126,0.5268980365589343,8.46049044943031
256,2,68,4023.553125,0.08357511984433845,0.5209004670413998,8.541160912262688
256,2,69,4043.7789062499996,0.08345526060923647,0.517815148407461,8.622763443440693
256,2,70,4064.0046875,0.08352743929423562,0.5137526039595824,8.70452237550872
256,2,71,4084.23046875,0.08330884455502724,0.5094713186957884,8.786385018726792
256,2,72,4104.45625,0.08270166942240685,0.5100879547763697,8.860143616227129
256,2,73,4124.68203125,0.08178804653429547,0.5069678940050562,8.927203795375274
256,2,74,4144.9078125,0.08193875005108789,0.4997253081961392,8.994347246756472
256,2,75,4165.13359375,0.08156384865673122,0.49156046442094253,9.061144397516152
256,2,76,4185.359375,0.08131607092032773,0.4872300140059486,9.124666597117
256,2,77,4205.58515625,0.08081825454357822,0.47831112540184234,9.180714112061112
256,2,78,4225.8109375,0.08028988116574948,0.47564611766765813,9.23177281535456
256,2,79,4246.03671875,0.08144894394340871,0.481962444839459,9.282877027129263
256,2,80,4266.2625,0.08153463399161373,0.4904344662894932,9.334036806423232
256,2,81,4286.48828125,0.08198059930911816,0.49324583354268975,9.38509888357504
256,2,82,4306.7140625,0.08204400766561687,0.4876063480761382,9.428270469684762
256,2,83,4326.93984375,0.08145131597280073,0.4649657336526588,9.46718973292002
256,2,84,4347.165625,0.08206506686088966,0.4596376058396553,9.506151398384606
256,2,85,4367.39140625,0.08212156878216317,0.45616530358489243,9.545156214263091
256,2,86,4387.6171875,0.0820565941585421,0.4546223096257194,9.583978508331974
256,2,87,4407.84296875,0.08154220575625817,0.4533612925767997,9.614893832484166
256,2,88,4428.06875,0.08132308567590568,0.45412743628044666,9.640231527647039
256,2,89,4448.29453125,0.0809878371876202,0.456747865635176,9.664283355126331
256,2,90,4468.5203125,0.08051074201243033,0.4613528438033118,9.688181545499564
256,2,91,4488.74609375,0.08003885133192418,0.4671607376525681,9.711592335268126
256,2,92,4508.971875,0.07947058966417797,0.47567571966631517,9.726592137312958
256,2,93,4529.19765625,0.08002789315981726,0.47442080810419396,9.738529725581548
256,2,94,4549.4234375,0.08045006531670028,0.4768978680882054,9.75030043450141
256,2,95,4569.64921875,0.08043453248787027,0.4713538010973089,9.761904412790095
256,2,96,4589.875,0.08033555989254101,0.4693042986980228,9.772950917045398
256,2,97,4610.10078125,0.08022210857559753,0.4647970009452702,9.776820411308172
256,2,98,4630.3265625,0.08025533500181042,0.4596000722064536,9.78361125840231
256,2,99,4650.55234375,0.08061672878140551,0.4478581298346421,9.790103313992006
256,2,100,4670.778125,0.07943637846182786,0.44596283272528725,9.796440206849656
256,2,101,4691.00390625,0.07930334256270269,0.4393265226492593,9.802321149425108
256,2,102,4711.229687499999,0.07881355294484013,0.4447694065237176,9.8020206885196
256,2,103,4731.45546875,0.07872598652443318,0.44767112283289157,9.799956223022178
256,2,104,4751.68125,0.07874826118051381,0.4448673958809537,9.798433610954628
256,2,105,4771.90703125,0.07826890715453344,0.45370721428697375,9.784564523381661
256,2,106,4792.1328125,0.07678926965752961,0.45728708960398046,9.761335287520273
256,2,107,4812.358593749999,0.07585975227881189,0.45941376108774284,9.74530732407124
256,2,108,4832.584375,0.07530853165941945,0.45532796722929003,9.737396835219833
256,2,109,4852.81015625,0.07473235718606033,0.4465001325003472,9.729903723859941
256,2,110,4873.0359375,0.07454201934632859,0.4505033125399524,9.722805054740734
256,2,111,4893.26171875,0.07327290736920125,0.44883184060586784,9.715152017323572
256,2,112,4913.487499999999,0.07293072948035506,0.4447760604922643,9.703094297790505
256,2,113,4933.71328125,0.0725899469174779,0.4418375304219131,9.690482741837318
256,2,114,4953.9390625,0.07265186762733639,0.4327993797899492,9.677857026268164
256,2,115,4974.16484375,0.0719903694853465,0.43294299457557345,9.665216942984523
256,2,116,4994.390625,0.07207636516134353,0.42823799321666206,9.651989459703223
256,2,117,5014.616406249999,0.07187021765691544,0.42613915972879296,9.635084740321165
256,2,118,5034.8421875,0.07277116072112869,0.4231965796722855,9.617848084328
256,2,119,5055.06796875,0.07387228111497257,0.4250744662270936,9.60059712460131
256,2,120,5075.29375,0.07505466672433841,0.4250066374869838,9.58381358937507
256,2,121,5095.51953125,0.0762094158941105,0.4224901033109625,9.566537302274575
256,2,122,5115.745312499999,0.07685109449940528,0.4159176890691237,9.546128970704185
256,2,123,5135.97109375,0.0776454721768204,0.42050796063682294,9.52552919461095
256,2,124,5156.196875,0.07941944580063233,0.4205127473980912,9.504911447801197
256,2,125,5176.42265625,0.08137885901794378,0.41789242763625317,9.48428098594124
256,2,126,5196.6484375,0.08365663480456921,0.4122244854905978,9.462975884916855
256,2,127,5216.874218749999,0.08634102400591276,0.40020819042275024,9.438981661036484
256,2,128,5237.1,0.08965502101342207,0.39466748006154123,9.414882114029002
256,2,129,5257.32578125,0.09302611737068398,0.39513308341721254,9.390767597390187
256,2,130,5277.5515625,0.09632530248315062,0.4063903751168096,9.366637807977746
256,2,131,5297.77734375,0.09954127659716472,0.4139143867726365,9.341772852328248
256,2,132,5318.003124999999,0.10152912481655149,0.41002701953627035,9.314584927966921
256,2,133,5338.22890625,0.10488911199104581,0.40787052841110544,9.287342994551192
256,2,134,5358.4546875,0.10742079664652679,0.4231427620514051,9.260082336671047
256,2,135,5378.68046875,0.11045462990624172,0.42902700852956965,9.232802630832623
256,2,136,5398.90625,0.11184873646175082,0.43117347566451325,9.204713470296593
256,2,137,5419.132031249999,0.11392289176434899,0.4330090487065768,9.174600908782875
256,2,138,5439.3578125,0.1167048326790518,0.4333917692049518,9.144457830619706
256,2,139,5459.58359375,0.11819543573827351,0.43099634771228945,9.114291941253594
256,2,140,5479.809375,0.11896154649461944,0.4290202424651598,9.084102906433085
256,2,141,5500.03515625,0.11923812801868841,0.4277220837028977,9.053021029398636
256,2,142,5520.260937499999,0.12041252910499074,0.4239730034200568,9.020188812699502
256,2,143,5540.48671875,0.12101689030191842,0.4224493127289117,8.987330265628147
256,2,144,5560.7125,0.12276118245479094,0.4241067698262033,8.954445052707694
256,2,145,5580.93828125,0.12319481864877961,0.42206021001210003,8.920364005230985
256,2,146,5601.1640625,0.12445470500011167,0.4196342281622232,8.88430819269904
256,2,147,5621.389843749999,0.12556401204459527,0.42045310649415446,8.846639455656206
256,2,148,5641.615625,0.12503765745481749,0.41470876420721264,8.808962362878734
256,2,149,5661.84140625,0.12653687509114137,0.41035098302549367,8.77127650490358
256,2,150,5682.0671875,0.12723972613739226,0.4077054791405252,8.733580220498451
256,2,151,5702.29296875,0.12573704785221823,0.4098442796179807,8.694720418176544
256,2,152,5722.518749999999,0.12662231946285762,0.4070980651735401,8.65441582777035
256,2,153,5742.74453125,0.12688975688801624,0.40518424008424814,8.614099208686621
256,2,154,5762.9703125,0.12614881543772877,0.4001908741013447,8.5787365880945
256,2,155,5783.19609375,0.12595013875585442,0.3996540421348975,8.544978217570483
256,2,156,5803.421875,0.1255275472452543,0.3982789153768828,8.503909281522255
256,2,157,5823.647656249999,0.12520851244154194,0.3913764535889752,8.461481641818732
256,2,158,5843.8734375,0.12475762364504968,0.38785428749831957,8.419024627457144
256,2,159,5864.09921875,0.12424781035214577,0.38680709202507774,8.376542446211396
256,2,160,5884.325,0.12440170222107844,0.3853923709601081,8.334023584265216
256,2,161,5904.55078125,0.12395938782710869,0.3875326611755044,8.28985625014046
256,2,162,5924.776562499999,0.12369484758982997,0.38821295084416285,8.244349825804989
256,2,163,5945.00234375,0.12333530690026721,0.38279917349019926,8.198816356403967
256,2,164,5965.228125,0.12193062259015044,0.3780515670746379,8.153255545936258
256,2,165,5985.45390625,0.12019147342572532,0.3763722962567764,8.10760341555667
256,2,166,6005.6796875,0.11674730694403077,0.37263037950276773,8.056746540494343
256,2,167,6025.905468749999,0.11623792117311782,0.3719237175420765,8.00244488648215
256,2,168,6046.13125,0.11443960145957333,0.37165717907152407,7.948083673883924
256,2,169,6066.35703125,0.11124757368319713,0.3694420680911832,7.893644494233563
256,2,170,6086.5828125,0.1093307764971641,0.36974669240158337,7.837583158090426
256,2,171,6106.80859375,0.10758310883556076,0.3666733351856048,7.784796528793081
256,2,172,6127.034374999999,0.10614491701582715,0.3635107994860074,7.733799702585945
256,2,173,6147.26015625,0.10479940452924727,0.36054839201768574,7.682781682654262
256,2,174,6167.4859375,0.10410291569665187,0.3610513730139765,7.631742355951623
256,2,175,6187.71171875,0.10275541459450156,0.3643877898053429,7.580630553538294
256,2,176,6207.9375,0.10031872404614267,0.36921639299133296,7.527912578674408
256,2,177,6228.163281249999,0.09835586264026921,0.36708240551788524,7.474607794383147
256,2,178,6248.3890625,0.09683317640658472,0.36569374287274586,7.4212747480242065
256,2,179,6268.61484375,0.09567225553367437,0.37341246127499717,7.367913182055338
256,2,180,6288.840625,0.095235073953186,0.3851369903165374,7.313623985370686
256,2,181,6309.06640625,0.09388793292742295,0.3802430725207955,7.257436096615796
256,2,182,6329.292187499999,0.0936495171111225,0.3837873490335052,7.200654819935698
256,2,183,6349.51796875,0.0931245752036565,0.39038955198392356,7.143850094324745
256,2,184,6369.74375,0.09277390159696122,0.3954818608956068,7.087022042008501
256,2,185,6389.96953125,0.09197857586289959,0.4059772438537366,7.030079099449065
256,2,186,6410.1953125,0.09116106142111013,0.4127244145195689,6.971981569881189
256,2,187,6430.421093749999,0.09010812774868039,0.4178289258395598,6.914504476621651
256,2,188,6450.646875,0.08900530520876868,0.4218239700158719,6.856964204328623
256,2,189,6470.87265625,0.0886408510634003,0.4297327427590023,6.799365612172007
256,2,190,6491.0984375,0.08810776302300367,0.45185807236003867,6.741603858973957
256,2,191,6511.32421875,0.08754358614514934,0.4627670888030161,6.682378596528986
256,2,192,6531.55,0.08717075852533487,0.4728691070566632,6.622764897848782
256,2,193,6551.77578125,0.08690604786779754,0.4829196038508978,6.563096477095703
256,2,194,6572.0015625,0.08707262499542133,0.4948464065358704,6.503373275566279
256,2,195,6592.22734375,0.08713420791428057,0.5041862660043932,6.44345561801967
256,2,196,6612.453125,0.08612417096379377,0.5121781100334071,6.382048799490992
256,2,197,6632.67890625,0.08657451868590141,0.5169071007686011,6.320326259348523
256,2,198,6652.9046875,0.08633102471503863,0.5228831941943527,6.258518441339512
256,2,199,6673.13046875,0.08671514973776326,0.5365071952100797,6.19688732874717
256,2,200,6693.35625,0.0862798375585324,0.5535269208930328,6.135438054080489
256,2,201,6713.58203125,0.08680408314831584,0.5601724060658674,6.073449687029416
256,2,202,6733.8078125,0.08666690971655766,0.5729387500799261,6.011340942434172
256,2,203,6754.03359375,0.0871067583486765,0.5878025796982875,5.949168624321239
256,2,204,6774.259375,0.08771693517516621,0.5950780403253332,5.886932238524031
256,2,205,6794.48515625,0.08705147787527948,0.6084485356210468,5.8246206788947745
256,2,206,6814.7109375,0.0876276809202077,0.6194708986615769,5.762204157764524
256,2,207,6834.93671875,0.08829930185527596,0.6319542916913452,5.69910645095335
256,2,208,6855.1625,0.08854452374735339,0.6437586397894877,5.635907322670663
256,2,209,6875.38828125,0.09000496730461474,0.6593878783180853,5.572684422161161
256,2,210,6895.6140625,0.09015032009663243,0.6716398118565154,5.509592088501856
256,2,211,6915.83984375,0.0899469096839349,0.6764944568303746,5.447235344613915
256,2,212,6936.065625,0.08938000434555828,0.664597902027869,5.384849726194229
256,2,213,6956.29140625,0.08861814136841911,0.665212224812157,5.313032065308202
256,2,214,6976.5171875,0.08917793219336828,0.6705208608580591,5.2481589384289125
256,2,215,6996.74296875,0.08896934061028175,0.6759468999722563,5.184174662156444
256,2,216,7016.96875,0.08876371715293713,0.6824187165999568,5.106072864252738
256,2,217,7037.19453125,0.08895272524461917,0.6907498018917525,5.034318380647372
256,2,218,7057.4203125,0.08898033416366652,0.6946125562932193,4.960306446278922
256,2,219,7077.64609375,0.08912139311155157,0.696288867831851,4.882240482623125
256,2,220,7097.871875,0.0890533376763186,0.7002300624472787,4.812967884140965
256,2,221,7118.09765625,0.08866687243488933,0.7072425791668565,4.746798726999556
256,2,222,7138.3234375,0.08807233331921117,0.7142123784542186,4.672913932859876
256,2,223,7158.54921875,0.08739149397187376,0.7222085213504223,4.610917544608652
256,2,224,7178.775,0.08702284111701827,0.7240888754134066,4.524156791470946
256,2,225,7199.00078125,0.08695724159801269,0.7250484153106546,4.4528048908661
256,2,226,7219.2265625,0.08648193047883873,0.7227915718559931,4.393473959321973
256,2,227,7239.45234375,0.08569345378257351,0.7230204900508593,4.3218010257510695
256,2,228,7259.678125,0.08514461688615126,0.7330712522710812,4.241784142157824
256,2,229,7279.90390625,0.0850130619840636,0.7318490076810907,4.181106927183712
256,2,230,7300.1296875,0.08458483957968821,0.726335093613226,4.121026604073442
256,2,231,7320.35546875,0.08429428696577392,0.7250418010627672,4.0606689759954175
256,2,232,7340.58125,0.08343687543345904,0.7239367585583828,3.9827281694801955
256,2,233,7360.80703125,0.08247275804327814,0.7251316105543816,3.9236771758153512
256,2,234,7381.0328125,0.08158412736056837,0.726540657364864,3.8665016256201907
256,2,235,7401.25859375,0.08134737150094865,0.7308376754890794,3.8101708241913057
256,2,236,7421.484375,0.0802493715796342,0.7310440815883308,3.7494800354951936
256,2,237,7441.71015625,0.07897888524993205,0.7346851520891258,3.6936554172160214
256,2,238,7461.9359375,0.0779763801070733,0.7221380440622244,3.6391677852013604
256,2,239,7482.16171875,0.07694040612230743,0.713197160641734,3.5764746035752526
256,2,240,7502.3875,0.07586913764764511,0.707432326354185,3.5211356865917036
256,2,241,7522.61328125,0.07516678230074422,0.7012367106394164,3.4597421472189245
256,2,242,7542.8390625,0.07480097737854849,0.6964369446759224,3.391788362097982
256,2,243,7563.06484375,0.07391836712888694,0.7147160232376377,3.335975086285005
256,2,244,7583.290625,0.07380110662505587,0.725037854067816,3.2810167686729645
256,2,245,7603.51640625,0.07320706823846981,0.7159166594342647,3.226699012234648
256,2,246,7623.7421875,0.07272165864555588,0.7121841868464049,3.1721384562491566
256,2,247,7643.96796875,0.07228037423621578,0.7037418504573631,3.122083509397389
256,2,248,7664.19375,0.0714403954482253,0.6945402850025286,3.0694651597173443
256,2,249,7684.41953125,0.07089474606467673,0.6851894190588275,3.012956192254724
256,2,250,7704.6453125,0.07065463351778956,0.6740101396240269,2.9655949184226373
256,2,251,7724.87109375,0.06997371474205466,0.6634917927686389,2.9210097712833303
256,2,252,7745.096875,0.06947724386813461,0.6547774171382967,2.8657221766617047
256,2,253,7765.32265625,0.06865554128414955,0.6543924713587812,2.8221311935774422
256,2,254,7785.5484375,0.0671429831764972,0.6483802483718644,2.778735678218019
256,2,255,7805.77421875,0.06646080782388988,0.6380752251944622,2.7300857025414205
256,4,0,2648.2,0.03876975584468609,0.5717199541882699,1.775405969027508
256,4,1,2668.42578125,0.039731789546584545,0.5899502959364136,1.83857326070229
256,4,2,2688.6515624999997,0.04064390307124537,0.6083141139704502,1.9028482210326265
256,4,3,2708.87734375,0.04174332536572553,0.6251966802363054,1.972112349590365
256,4,4,2729.1031249999996,0.04246689837669673,0.6382409017061966,2.041738627272254
256,4,5,2749.32890625,0.04337121764383879,0.6541982191688863,2.111317988907542
256,4,6,2769.5546875,0.04437476290384515,0.6735519722414754,2.1808210925752625
256,4,7,2789.7804687499997,0.04529822637748264,0.6935542848843573,2.2506391763121973
256,4,8,2810.00625,0.0464791507634762,0.7119409097364522,2.3261978289563734
256,4,9,2830.2320312499996,0.0478389673633441,0.7250071203969519,2.4033935991995903
256,4,10,2850.4578125,0.04905812772538891,0.738500534807361,2.4805979081073355
256,4,11,2870.68359375,0.05045842986612568,0.7534164660463306,2.5578110659666775
256,4,12,2890.9093749999997,0.051761040348462184,0.7701055894935257,2.637567824064398
256,4,13,2911.13515625,0.05297310651836568,0.7867865977326541,2.7270678387636957
256,4,14,2931.3609374999996,0.054504764451939795,0.8039689266471057,2.8116203473728456
256,4,15,2951.58671875,0.056837175098631475,0.8218766279612757,2.903217843481231
256,4,16,2971.8125,0.058814725613951416,0.8405021777011276,2.987881576120567
256,4,17,2992.0382812499997,0.06001804752655041,0.8581792363991813,3.0729492334376443
256,4,18,3012.2640625,0.0612954935567514,0.8733019590768657,3.166107218579609
256,4,19,3032.4898437499996,0.06285107202240983,0.8880261226180829,3.2576405013625367
256,4,20,3052.715625,0.06437897934194096,0.9027009203006754,3.349193484536519
256,4,21,3072.94140625,0.06645929375493129,0.9172941775477649,3.449412553513219
256,4,22,3093.1671874999997,0.06805401408762116,0.9316672754445653,3.5475520226573978
256,4,23,3113.39296875,0.07004101502394211,0.9436821552826284,3.644329878075397
256,4,24,3133.6187499999996,0.07145245330646956,0.9552456659675275,3.754997622337852
256,4,25,3153.84453125,0.07267666533411518,0.966730523938283,3.8579863233805334
256,4,26,3174.0703125,0.07426831674207575,0.9794068849674313,3.9618446203581232
256,4,27,3194.2960937499997,0.0756689724584846,0.996016456875995,4.066623548542782
256,4,28,3214.521875,0.07783966283457894,1.009257927919148,4.181102501244683
256,4,29,3234.7476562499996,0.07891310148822764,1.0224859272611542,4.285375883152
256,4,30,3254.9734375,0.08087189878916942,1.0297545060199207,4.389705553568981
256,4,31,3275.19921875,0.0831068996450667,1.0404563498045118,4.496639635150418
256,4,32,3295.4249999999997,0.0852013114797468,1.04806255158114,4.608358026577724
256,4,33,3315.65078125,0.08767742454939692,1.0424669496258212,4.717657910111683
256,4,34,3335.8765624999996,0.09036506100892787,1.0411703376942156,4.836614409926451
256,4,35,3356.10234375,0.0920254863803153,1.0458773404652688,4.947148223914715
256,4,36,3376.328125,0.09452068455832663,1.050972596175258,5.057768640245184
256,4,37,3396.5539062499997,0.09662300283720035,1.0600282295875085,5.168774821487572
256,4,38,3416.7796875,0.0995910701144057,1.0553928046219532,5.280668934928347
256,4,39,3437.0054687499996,0.10186224504945304,1.0557898390346458,5.395853770430934
256,4,40,3457.23125,0.10393659097439326,1.0627542237040868,5.508408812902889
256,4,41,3477.45703125,0.10619713939018269,1.0716519431218383,5.625893547803713
256,4,42,3497.6828124999997,0.10828709364143692,1.0623856724055079,5.753845393729531
256,4,43,3517.90859375,0.11045116678692965,1.0651142510723886,5.867076880698281
256,4,44,3538.1343749999996,0.11273997729389323,1.059430842210381,5.978383972259541
256,4,45,3558.36015625,0.11524877180063303,1.0549332557738786,6.100580223828095
256,4,46,3578.5859375,0.11602988382498858,1.0408369564287006,6.212089382520231
256,4,47,3598.8117187499997,0.11715999574115475,1.0357242985842552,6.360417661297023
256,4,48,3619.0375,0.11958455439289511,1.0204492293214247,6.469666292850714
256,4,49,3639.2632812499996,0.12073121533705317,1.0202614673474317,6.589554305524548
256,4,50,3659.4890625,0.12207943007580516,1.0107795031674929,6.711680637994162
256,4,51,3679.71484375,0.12271544489438813,1.0039472708533543,6.827087246734434
256,4,52,3699.940625,0.12488493733812664,0.9771516398545543,6.956525723499149
256,4,53,3720.16640625,0.12648207705658812,0.9682488927585318,7.084792462613166
256,4,54,3740.3921874999996,0.12788585031589916,0.9565724668366387,7.201046230732102
256,4,55,3760.61796875,0.1293778829613908,0.9421884306967316,7.307779463186815
256,4,56,3780.84375,0.13071610033518305,0.9217853042369272,7.41190748964488
256,4,57,3801.06953125,0.13298052085237677,0.9036761400292783,7.513000390342081
256,4,58,3821.2953125,0.13280476407174557,0.8945951154078314,7.609069029321116
256,4,59,3841.5210937499996,0.13453954693961248,0.8769505485089933,7.705326994687372
256,4,60,3861.746875,0.13487981764468682,0.864177937954004,7.8018466070588754
256,4,61,3881.97265625,0.1358709693874709,0.8403234129439008,7.898466353189757
256,4,62,3902.1984375,0.13731962324038677,0.8245624980132089,8.030994980184989
256,4,63,3922.42421875,0.13625547719610676,0.8077237665414903,8.116886463731099
256,4,64,3942.6499999999996,0.13722617212470475,0.8248266920033422,8.20357008205914
256,4,65,3962.87578125,0.13706769217413733,0.8277181896515222,8.291060929975938
256,4,66,3983.1015625,0.13818727577781345,0.8170793180393439,8.378643976902012
256,4,67,4003.32734375,0.13722256645078124,0.7990603571457878,8.46049044943031
256,4,68,4023.553125,0.13725454273393528,0.7940178818115065,8.541160912262688
256,4,69,4043.7789062499996,0.13689583022901858,0.7879337110463027,8.622763443440693
256,4,70,4064.0046875,0.13636484871854604,0.7834327487396752,8.70452237550872
256,4,71,4084.23046875,0.13586909219503754,0.7656307271825145,8.786385018726792
256,4,72,4104.45625,0.13563362249648858,0.777940641145294,8.860143616227129
256,4,73,4124.68203125,0.1354548224923074,0.7795547458452353,8.927203795375274
256,4,74,4144.9078125,0.13681682584195382,0.766225405524993,8.994347246756472
256,4,75,4165.13359375,0.13709354509076535,0.7488090205129769,9.061144397516152
256,4,76,4185.359375,0.1368658080689693,0.7690046141082958,9.124666597117
256,4,77,4205.58515625,0.13867937503780536,0.7653686111132142,9.180714112061112
256,4,78,4225.8109375,0.13724216085491234,0.751023348590022,9.23177281535456
256,4,79,4246.03671875,0.1381116952352734,0.7547501060878157,9.282877027129263
256,4,80,4266.2625,0.1378625988753661,0.7501957213613001,9.334036806423232
256,4,81,4286.48828125,0.13810692499348737,0.7405616696279632,9.38509888357504
256,4,82,4306.7140625,0.13887802064655427,0.723557534659545,9.428270469684762
256,4,83,4326.93984375,0.13970386976754734,0.7117888313580241,9.46718973292002
256,4,84,4347.165625,0.13945159902739718,0.70382375653079,9.506151398384606
256,4,85,4367.39140625,0.13947531068843408,0.6928160566479368,9.545156214263091
256,4,86,4387.6171875,0.14014846006767062,0.6831045883297925,9.583978508331974
256,4,87,4407.84296875,0.14221520482440042,0.67840224993432,9.614893832484166
256,4,88,4428.06875,0.1411906034732029,0.6773040185208354,9.640231527647039
256,4,89,4448.29453125,0.1413842752243582,0.6627631770554618,9.664283355126331
256,4,90,4468.5203125,0.14011862470902364,0.6542150268745233,9.688181545499564
256,4,91,4488.74609375,0.14217608556506275,0.6402210127311753,9.711592335268126
256,4,92,4508.971875,0.14123584736806816,0.6207535275710605,9.726592137312958
256,4,93,4529.19765625,0.14314867131122747,0.6104701847403216,9.738529725581548
256,4,94,4549.4234375,0.14128043132706355,0.6083250195705605,9.75030043450141
256,4,95,4569.64921875,0.139353652082622,0.592070926801682,9.761904412790095
256,4,96,4589.875,0.13857743129319425,0.5925923179647609,9.772950917045398
256,4,97,4610.10078125,0.1383554570787114,0.5812263737074471,9.776820411308172
256,4,98,4630.3265625,0.13504826120409677,0.5684567245042814,9.78361125840231
256,4,99,4650.55234375,0.1316779095072602,0.5622598641049235,9.790103313992006
256,4,100,4670.778125,0.13014799796807944,0.5546417804735958,9.796440206849656
256,4,101,4691.00390625,0.12664334671842226,0.55514915966436,9.802321149425108
256,4,102,4711.229687499999,0.12366708770748124,0.549207953184649,9.8020206885196
256,4,103,4731.45546875,0.11933265529168596,0.5434551297562151,9.799956223022178
256,4,104,4751.68125,0.11636753124460424,0.5456899562613516,9.798433610954628
256,4,105,4771.90703125,0.11396777643875955,0.5517526262407221,9.784564523381661
256,4,106,4792.1328125,0.11097469866034387,0.5559262102965205,9.761335287520273
256,4,107,4812.358593749999,0.1091520738496726,0.5618843206682783,9.74530732407124
256,4,108,4832.584375,0.10579283200446404,0.5629416899940832,9.737396835219833
256,4,109,4852.81015625,0.10421853844176522,0.563234446515471,9.729903723859941
256,4,110,4873.0359375,0.10490867752061224,0.5463583758945241,9.722805054740734
256,4,111,4893.26171875,0.10546939855059945,0.5319011939256356,9.715152017323572
256,4,112,4913.487499999999,0.10617239219941366,0.5226537960263238,9.703094297790505
256,4,113,4933.71328125,0.10744192070665683,0.5129178719285777,9.690482741837318
256,4,114,4953.9390625,0.10913528364298265,0.4922249093588713,9.677857026268164
256,4,115,4974.16484375,0.10824792154068416,0.4963806899665504,9.665216942984523
256,4,116,4994.390625,0.10772239315476773,0.4943661607669564,9.651989459703223
256,4,117,5014.616406249999,0.10672291580828108,0.4923713564303022,9.635084740321165
256,4,118,5034.8421875,0.10648365026252954,0.4927975365434656,9.617848084328
256,4,119,5055.06796875,0.10578700769428898,0.492188840566528,9.60059712460131
256,4,120,5075.29375,0.10589540896665026,0.49463561408653195,9.58381358937507
256,4,121,5095.51953125,0.10647563839603677,0.5000600003003239,9.566537302274575
256,4,122,5115.745312499999,0.10609937738865033,0.4978887464296687,9.546128970704185
256,4,123,5135.97109375,0.10733384023180562,0.5011080129713907,9.52552919461095
256,4,124,5156.196875,0.10717859634772027,0.49951458300736246,9.504911447801197
256,4,125,5176.42265625,0.10693457211705508,0.5029166817585023,9.48428098594124
256,4,126,5196.6484375,0.10868547573439313,0.5029557964349733,9.462975884916855
256,4,127,5216.874218749999,0.10921520741708281,0.49659356169795155,9.438981661036484
256,4,128,5237.1,0.1076217991259476,0.5013417364245166,9.414882114029002
256,4,129,5257.32578125,0.1061721116897256,0.5037614334234253,9.390767597390187
256,4,130,5277.5515625,0.10490394708638405,0.48281515976375333,9.366637807977746
256,4,131,5297.77734375,0.10483349841729771,0.485535483503691,9.341772852328248
256,4,132,5318.003124999999,0.10215789949949006,0.49890945733565595,9.314584927966921
256,4,133,5338.22890625,0.10080717312143112,0.5021047523252709,9.287342994551192
256,4,134,5358.4546875,0.09979177543918155,0.5082645875849353,9.260082336671047
256,4,135,5378.68046875,0.09816565463802321,0.5118850652754579,9.232802630832623
256,4,136,5398.90625,0.09818795532097357,0.5098477553212621,9.204713470296593
256,4,137,5419.132031249999,0.097184465934813,0.5112312474311113,9.174600908782875
256,4,138,5439.3578125,0.09732531820846788,0.5139956380376696,9.144457830619706
256,4,139,5459.58359375,0.09702483763868366,0.513245850885195,9.114291941253594
256,4,140,5479.809375,0.09669742677793441,0.5176134937174749,9.084102906433085
256,4,141,5500.03515625,0.09599491033012926,0.5206993403231801,9.053021029398636
256,4,142,5520.260937499999,0.09506715041405145,0.5231115046374184,9.020188812699502
256,4,143,5540.48671875,0.09432010269689994,0.5242268159853962,8.987330265628147
256,4,144,5560.7125,0.09391493503179969,0.5237166214378097,8.954445052707694
256,4,145,5580.93828125,0.0938510464071445,0.5229747033988471,8.920364005230985
256,4,146,5601.1640625,0.093484112168328,0.5192205465967941,8.88430819269904
256,4,147,5621.389843749999,0.0932689525088982,0.5148711696862192,8.846639455656206
256,4,148,5641.615625,0.09283088286448835,0.5101353207914904,8.808962362878734
256,4,149,5661.84140625,0.09202717685453882,0.5067558111713906,8.77127650490358
256,4,150,5682.0671875,0.09145323519468379,0.5018697954202488,8.733580220498451
256,4,151,5702.29296875,0.09162958047355432,0.496392113798072,8.694720418176544
256,4,152,5722.518749999999,0.09147716139222944,0.49306904960864384,8.65441582777035
256,4,153,5742.74453125,0.09146194851506129,0.48734577307964566,8.614099208686621
256,4,154,5762.9703125,0.09127065959074701,0.4793616747511889,8.5787365880945
256,4,155,5783.19609375,0.09072823342670501,0.4713222822664454,8.544978217570483
256,4,156,5803.421875,0.09017230634003415,0.47055895812129306,8.503909281522255
256,4,157,5823.647656249999,0.08975827420526228,0.46329726545034405,8.461481641818732
256,4,158,5843.8734375,0.08849190202535087,0.4561139007115695,8.419024627457144
256,4,159,5864.09921875,0.08731992178423795,0.4487742819368107,8.376542446211396
256,4,160,5884.325,0.08648430683923816,0.4461658346347768,8.334023584265216
256,4,161,5904.55078125,0.0858774059379433,0.45004113112127125,8.28985625014046
256,4,162,5924.776562499999,0.08489719361813605,0.44892854479639016,8.244349825804989
256,4,163,5945.00234375,0.0838605436646227,0.4476812921024124,8.198816356403967
256,4,164,5965.228125,0.08386807116126255,0.4423055487548558,8.153255545936258
256,4,165,5985.45390625,0.08323715948198207,0.43593510119941314,8.10760341555667
256,4,166,6005.6796875,0.08229225831650781,0.4312068367633733,8.056746540494343
256,4,167,6025.905468749999,0.0815919216792228,0.4264964012648142,8.00244488648215
256,4,168,6046.13125,0.08155032533858547,0.4229623443696697,7.948083673883924
256,4,169,6066.35703125,0.08132204033752652,0.4134821487730793,7.893644494233563
256,4,170,6086.5828125,0.08002719134481245,0.4051654669771833,7.837583158090426
256,4,171,6106.80859375,0.07926328571621294,0.40079655229928957,7.784796528793081
256,4,172,6127.034374999999,0.07854181123250673,0.3934840963082786,7.733799702585945
256,4,173,6147.26015625,0.0778554844496418,0.38789739101712073,7.682781682654262
256,4,174,6167.4859375,0.07682149153260315,0.3845473834764707,7.631742355951623
256,4,175,6187.71171875,0.07659606725200253,0.3823293970456642,7.580630553538294
256,4,176,6207.9375,0.07573006958013756,0.3910126452595677,7.527912578674408
256,4,177,6228.163281249999,0.07485893272938826,0.3912280489233353,7.474607794383147
256,4,178,6248.3890625,0.07434212091744574,0.3992043573332199,7.4212747480242065
256,4,179,6268.61484375,0.07368731196876555,0.40181877757842877,7.367913182055338
256,4,180,6288.840625,0.07264514857237755,0.41118699534177294,7.313623985370686
256,4,181,6309.06640625,0.0720062133666593,0.40800814920047507,7.257436096615796
256,4,182,6329.292187499999,0.07144201644498177,0.41128060979507935,7.200654819935698
256,4,183,6349.51796875,0.0708188351296761,0.41836541279482564,7.143850094324745
256,4,184,6369.74375,0.069628852265526,0.420377025755457,7.087022042008501
256,4,185,6389.96953125,0.06924094762300693,0.4201697485377188,7.030079099449065
256,4,186,6410.1953125,0.06800831091221604,0.42157277052236874,6.971981569881189
256,4,187,6430.421093749999,0.06829225209752658,0.4177922865774623,6.914504476621651
256,4,188,6450.646875,0.06822562730654746,0.4199438531375043,6.856964204328623
256,4,189,6470.87265625,0.06799599094442235,0.42148048574173996,6.799365612172007
256,4,190,6491.0984375,0.06730044901553756,0.42005954438465437,6.741603858973957
256,4,191,6511.32421875,0.0666169319657512,0.4239141535696537,6.682378596528986
256,4,192,6531.55,0.0658059159537471,0.41369595882391874,6.622764897848782
256,4,193,6551.77578125,0.0655864656161552,0.4158326168123711,6.563096477095703
256,4,194,6572.0015625,0.0647453491108069,0.4248226562984281,6.503373275566279
256,4,195,6592.22734375,0.06459610024840223,0.44736890747809327,6.44345561801967
256,4,196,6612.453125,0.06399016155926486,0.4522690942069644,6.382048799490992
256,4,197,6632.67890625,0.06368745624274554,0.46872937891200345,6.320326259348523
256,4,198,6652.9046875,0.06371492928411988,0.47458673508929716,6.258518441339512
256,4,199,6673.13046875,0.0638987392207772,0.49282185796778133,6.19688732874717
256,4,200,6693.35625,0.06277827492546295,0.5065456061385948,6.135438054080489
256,4,201,6713.58203125,0.062259240151803515,0.5166965580927422,6.073449687029416
256,4,202,6733.8078125,0.06194911133617782,0.5291540401289662,6.011340942434172
256,4,203,6754.03359375,0.061273837261909436,0.5390225101393116,5.949168624321239
256,4,204,6774.259375,0.06133348989602569,0.552775556283595,5.886932238524031
256,4,205,6794.48515625,0.06168301242994147,0.555897125514991,5.8246206788947745
256,4,206,6814.7109375,0.061564730492759845,0.5661822492659929,5.762204157764524
256,4,207,6834.93671875,0.06159778506059383,0.5822850237406815,5.69910645095335
256,4,208,6855.1625,0.06157178041047197,0.5868602201403489,5.635907322670663
256,4,209,6875.38828125,0.06148523827532478,0.5848229865842167,5.572684422161161
256,4,210,6895.6140625,0.061774066502809796,0.5911813595928624,5.509592088501856
256,4,211,6915.83984375,0.06149775456052494,0.6041474870134218,5.447235344613915
256,4,212,6936.065625,0.0615759695389977,0.6088149685566691,5.384849726194229
256,4,213,6956.29140625,0.0609478766385565,0.6173402148247016,5.313032065308202
256,4,214,6976.5171875,0.06021068408712098,0.6324608207919851,5.2481589384289125
256,4,215,6996.74296875,0.06030246640256701,0.6433372934470817,5.184174662156444
256,4,216,7016.96875,0.05975280311778204,0.6517638789191643,5.106072864252738
256,4,217,7037.19453125,0.059447570938689506,0.6707331122543327,5.034318380647372
256,4,218,7057.4203125,0.05870789707535784,0.6755102196090199,4.960306446278922
256,4,219,7077.64609375,0.05848658713467732,0.6823243928608751,4.882240482623125
256,4,220,7097.871875,0.05823714369167113,0.6816829697208685,4.812967884140965
256,4,221,7118.09765625,0.05780508956812991,0.6818399241414824,4.746798726999556
256,4,222,7138.3234375,0.058011410037494375,0.6816844146230127,4.672913932859876
256,4,223,7158.54921875,0.057674375230331504,0.6936058139568912,4.610917544608652
256,4,224,7178.775,0.057618500839201156,0.6934497650037221,4.524156791470946
256,4,225,7199.00078125,0.05733005863376647,0.6956981185678296,4.4528048908661
256,4,226,7219.2265625,0.057163124592984726,0.6995431124159964,4.393473959321973
256,4,227,7239.45234375,0.05700940672952853,0.7047128664743599,4.3218010257510695
256,4,228,7259.678125,0.05681748462161491,0.7032894991350076,4.241784142157824
256,4,229,7279.90390625,0.05628457965509686,0.7106108194814205,4.181106927183712
256,4,230,7300.1296875,0.055936139307531836,0.7258068598667544,4.121026604073442
256,4,231,7320.35546875,0.05584961189289078,0.7291903130866786,4.0606689759954175
256,4,232,7340.58125,0.05558172214384413,0.7273536433704674,3.9827281694801955
256,4,233,7360.80703125,0.05512244845887791,0.7314913141178847,3.9236771758153512
256,4,234,7381.0328125,0.055116549248196076,0.7306590647585999,3.8665016256201907
256,4,235,7401.25859375,0.05490983740523871,0.7328199156024506,3.8101708241913057
256,4,236,7421.484375,0.05462038240879565,0.7256577415925001,3.7494800354951936
256,4,237,7441.71015625,0.05391584082124873,0.7299744452361338,3.6936554172160214
256,4,238,7461.9359375,0.05309613847533476,0.7354828095605002,3.6391677852013604
256,4,239,7482.16171875,0.05229655809112757,0.7372046438405788,3.5764746035752526
256,4,240,7502.3875,0.05214182451181862,0.7490525266666481,3.5211356865917036
256,4,241,7522.61328125,0.05142796182144206,0.7532088781905734,3.4597421472189245
256,4,242,7542.8390625,0.050664299498898016,0.7488547191569737,3.391788362097982
256,4,243,7563.06484375,0.04989225319954262,0.7439967348869726,3.335975086285005
256,4,244,7583.290625,0.04965823664079628,0.7400478642748552,3.2810167686729645
256,4,245,7603.51640625,0.049303145876250135,0.7437920550807797,3.226699012234648
256,4,246,7623.7421875,0.04888935365718117,0.7431747257616853,3.1721384562491566
256,4,247,7643.96796875,0.04834369857683988,0.7419032578102653,3.122083509397389
256,4,248,7664.19375,0.0477353882117037,0.7401530731213904,3.0694651597173443
256,4,249,7684.41953125,0.04755295296721916,0.7361735738408727,3.012956192254724
256,4,250,7704.6453125,0.047003537077650426,0.7326756082322605,2.9655949184226373
256,4,251,7724.87109375,0.04649472508313278,0.7350805425952897,2.9210097712833303
256,4,252,7745.096875,0.04603351184114504,0.7295296187416529,2.8657221766617047
256,4,253,7765.32265625,0.045704556656355436,0.7219350308823619,2.8221311935774422
256,4,254,7785.5484375,0.04545157281827124,0.7182505359293426,2.778735678218019
256,4,255,7805.77421875,0.04541215690100271,0.7119676967303705,2.7300857025414205
256,8,0,2648.2,0.10903367262779798,0.5114617829280006,1.775405969027508
256,8,1,2668.42578125,0.11121290008835533,0.5285602433713855,1.83857326070229
256,8,2,2688.6515624999997,0.11307113187751064,0.5462584772288565,1.9028482210326265
256,8,3,2708.87734375,0.11522814741876516,0.5636368466180296,1.972112349590365
256,8,4,2729.1031249999996,0.1179648058448426,0.5776155847572163,2.041738627272254
256,8,5,2749.32890625,0.12056151137234462,0.5884011593828004,2.111317988907542
256,8,6,2769.5546875,0.1233417250839535,0.5984861417303503,2.1808210925752625
256,8,7,2789.7804687499997,0.1256681552363059,0.6145484511169083,2.2506391763121973
256,8,8,2810.00625,0.1277546469257293,0.6283084033088681,2.3261978289563734
256,8,9,2830.2320312499996,0.12987212041360313,0.6460738277630576,2.4033935991995903
256,8,10,2850.4578125,0.13219910251681918,0.6616364628852662,2.4805979081073355
256,8,11,2870.68359375,0.13475211539744086,0.678110667572616,2.5578110659666775
256,8,12,2890.9093749999997,0.1363456605811424,0.6954274000515229,2.637567824064398
256,8,13,2911.13515625,0.13809986739258406,0.7059697421601175,2.7270678387636957
256,8,14,2931.3609374999996,0.14088480243123241,0.7154951515892034,2.8116203473728456
256,8,15,2951.58671875,0.1431713919191481,0.7261639950370203,2.903217843481231
256,8,16,2971.8125,0.14522539626831477,0.7371574774747799,2.987881576120567
256,8,17,2992.0382812499997,0.14654861217510667,0.7516769125207199,3.0729492334376443
256,8,18,3012.2640625,0.14911611774833738,0.7642122113557823,3.166107218579609
256,8,19,3032.4898437499996,0.15150531774806925,0.7776092837844447,3.2576405013625367
256,8,20,3052.715625,0.15295237473529227,0.7941155331465943,3.349193484536519
256,8,21,3072.94140625,0.15511546174012272,0.8032921373083144,3.449412553513219
256,8,22,3093.1671874999997,0.1568093272722091,0.8133821238539448,3.5475520226573978
256,8,23,3113.39296875,0.15886888198837273,0.8260552978517554,3.644329878075397
256,8,24,3133.6187499999996,0.160660613793019,0.8413806585556104,3.754997622337852
256,8,25,3153.84453125,0.16236657049410358,0.8507939760320118,3.8579863233805334
256,8,26,3174.0703125,0.16465428000760496,0.8675633179972303,3.9618446203581232
256,8,27,3194.2960937499997,0.16556655316789193,0.8887123748028463,4.066623548542782
256,8,28,3214.521875,0.16734886753659617,0.9049137758080147,4.181102501244683
256,8,29,3234.7476562499996,0.1687654461793029,0.9159451934182639,4.285375883152
256,8,30,3254.9734375,0.16983624935406827,0.9244008185019567,4.389705553568981
256,8,31,3275.19921875,0.1707361507083388,0.9322198714349992,4.496639635150418
256,8,32,3295.4249999999997,0.17193383937992518,0.9361187800583273,4.608358026577724
256,8,33,3315.65078125,0.1733635351275834,0.9427380500592637,4.717657910111683
256,8,34,3335.8765624999996,0.17396155850410489,0.9484466409115392,4.836614409926451
256,8,35,3356.10234375,0.17500631084317597,0.942001919877625,4.947148223914715
256,8,36,3376.328125,0.17545099456165925,0.9460949219415283,5.057768640245184
256,8,37,3396.5539062499997,0.17622481240350024,0.9415322486261622,5.168774821487572
256,8,38,3416.7796875,0.1766941889850204,0.9344463102916831,5.280668934928347
256,8,39,3437.0054687499996,0.17722100134688717,0.9316057300008951,5.395853770430934
256,8,40,3457.23125,0.17738736176260042,0.9319995744442358,5.508408812902889
256,8,41,3477.45703125,0.17792250507507085,0.9412408621449101,5.625893547803713
256,8,42,3497.6828124999997,0.17823310125521497,0.9404752149831417,5.753845393729531
256,8,43,3517.90859375,0.1782143109333325,0.9341691646051703,5.867076880698281
256,8,44,3538.1343749999996,0.17807902185779834,0.9325004740919113,5.978383972259541
256,8,45,3558.36015625,0.17756192520306724,0.9365100114249216,6.100580223828095
256,8,46,3578.5859375,0.17696831649501832,0.9528096150765987,6.212089382520231
256,8,47,3598.8117187499997,0.17683084357955903,0.9532418609175547,6.360417661297023
256,8,48,3619.0375,0.1760594316531737,0.9235945770806749,6.469666292850714
256,8,49,3639.2632812499996,0.17505477072970277,0.9204170973076409,6.589554305524548
256,8,50,3659.4890625,0.17451174503575534,0.9103621105212912,6.711680637994162
256,8,51,3679.71484375,0.17422452011610245,0.9107772161599574,6.827087246734434
256,8,52,3699.940625,0.1733432396825519,0.9207619061176064,6.956525723499149
256,8,53,3720.16640625,0.17143959959929056,0.9131939877042166,7.084792462613166
256,8,54,3740.3921874999996,0.17063373729860026,0.9320310714097438,7.201046230732102
256,8,55,3760.61796875,0.1686591353238488,0.9232989900367957,7.307779463186815
256,8,56,3780.84375,0.16589950323892705,0.9270389891788731,7.41190748964488
256,8,57,3801.06953125,0.1652303718030736,0.9238147467443104,7.513000390342081
256,8,58,3821.2953125,0.16357743663751037,0.9300860826480065,7.609069029321116
256,8,59,3841.5210937499996,0.16211251419243214,0.9197027883098996,7.705326994687372
256,8,60,3861.746875,0.1607270164796073,0.9109996149892964,7.8018466070588754
256,8,61,3881.97265625,0.15933936908227453,0.8973132581809706,7.898466353189757
256,8,62,3902.1984375,0.1591947638129951,0.889004862098008,8.030994980184989
256,8,63,3922.42421875,0.15663402546559038,0.8772119689923306,8.116886463731099
256,8,64,3942.6499999999996,0.1532849037899816,0.8454897955984361,8.20357008205914
256,8,65,3962.87578125,0.15248206794520253,0.8353333549557416,8.291060929975938
256,8,66,3983.1015625,0.14986163548304457,0.8315453233911498,8.378643976902012
256,8,67,4003.32734375,0.14986329053558808,0.820361677436685,8.46049044943031
256,8,68,4023.553125,0.14671891896889883,0.8096496299888116,8.541160912262688
256,8,69,4043.7789062499996,0.14475079587884598,0.8111106398757335,8.622763443440693
256,8,70,4064.0046875,0.14265231947599571,0.8004835641596411,8.70452237550872
256,8,71,4084.23046875,0.14132527080252183,0.8026705639338338,8.786385018726792
256,8,72,4104.45625,0.140631605959519,0.7789861019723101,8.860143616227129
256,8,73,4124.68203125,0.1384278140039033,0.7783580640631211,8.927203795375274
256,8,74,4144.9078125,0.13916199306190075,0.7591854454910821,8.994347246756472
256,8,75,4165.13359375,0.13799943528612751,0.7574018219801151,9.061144397516152
256,8,76,4185.359375,0.1387528541268863,0.7456637218733234,9.124666597117
256,8,77,4205.58515625,0.13988411484972268,0.7348795627802605,9.180714112061112
256,8,78,4225.8109375,0.14140703100453245,0.7159773568226945,9.23177281535456
256,8,79,4246.03671875,0.1404028513797207,0.7036432669623143,9.282877027129263
256,8,80,4266.2625,0.1417652189604418,0.7020892278074284,9.334036806423232
256,8,81,4286.48828125,0.14179981623409216,0.6939827912898768,9.38509888357504
256,8,82,4306.7140625,0.14279951373855812,0.6807783561937024,9.428270469684762
256,8,83,4326.93984375,0.14321930300830893,0.6783347720542241,9.46718973292002
256,8,84,4347.165625,0.1439914494107562,0.6699276504019577,9.506151398384606
256,8,85,4367.39140625,0.14437033209613587,0.666724223997512,9.545156214263091
256,8,86,4387.6171875,0.14245679963128216,0.6571768762308284,9.583978508331974
256,8,87,4407.84296875,0.14316586596363376,0.6492736463889901,9.614893832484166
256,8,88,4428.06875,0.14269440580528434,0.6441083815307229,9.640231527647039
256,8,89,4448.29453125,0.14016034143288889,0.6422589676997849,9.664283355126331
256,8,90,4468.5203125,0.14261125794652538,0.6479242036041684,9.688181545499564
256,8,91,4488.74609375,0.14187678053739594,0.6392173341123213,9.711592335268126
256,8,92,4508.971875,0.139258994818166,0.6458456054471109,9.726592137312958
256,8,93,4529.19765625,0.1402443037473161,0.6384884362038579,9.738529725581548
256,8,94,4549.4234375,0.1419596899516686,0.6343924203403423,9.75030043450141
256,8,95,4569.64921875,0.1398928123759875,0.6406507291525477,9.761904412790095
256,8,96,4589.875,0.13711326516773215,0.6479548722192323,9.772950917045398
256,8,97,4610.10078125,0.13825038207302912,0.6489484889496534,9.776820411308172
256,8,98,4630.3265625,0.1389888847777163,0.6359218072467189,9.78361125840231
256,8,99,4650.55234375,0.14263598492739626,0.6296954302952008,9.790103313992006
256,8,100,4670.778125,0.14401516457817515,0.6240912766015677,9.796440206849656
256,8,101,4691.00390625,0.146140140812494,0.6233502131466812,9.802321149425108
256,8,102,4711.229687499999,0.14593250404164437,0.6264598626321212,9.8020206885196
256,8,103,4731.45546875,0.14555248535713014,0.6390834355200173,9.799956223022178
256,8,104,4751.68125,0.14851736186954265,0.6364133344358469,9.798433610954628
256,8,105,4771.90703125,0.14784844547913545,0.6268110662707471,9.784564523381661
256,8,106,4792.1328125,0.14787562975844276,0.6348108088100562,9.761335287520273
256,8,107,4812.358593749999,0.14705712473838395,0.6326866330281541,9.74530732407124
256,8,108,4832.584375,0.14656482204056376,0.6363580228192479,9.737396835219833
256,8,109,4852.81015625,0.1445540066825547,0.6332842563086694,9.729903723859941
256,8,110,4873.0359375,0.14181099914938705,0.6302996224975097,9.722805054740734
256,8,111,4893.26171875,0.13968045577650626,0.6278475139564572,9.715152017323572
256,8,112,4913.487499999999,0.13725164185235578,0.6227773915922281,9.703094297790505
256,8,113,4933.71328125,0.136035657845898,0.6217480703079614,9.690482741837318
256,8,114,4953.9390625,0.1343043435256583,0.6161035508518473,9.677857026268164
256,8,115,4974.16484375,0.134054237598944,0.60595918094292,9.665216942984523
256,8,116,4994.390625,0.13294683702168214,0.5998055101436593,9.651989459703223
256,8,117,5014.616406249999,0.13223225465488977,0.5961964494332482,9.635084740321165
256,8,118,5034.8421875,0.13235394934238565,0.5997915486733267,9.617848084328
256,8,119,5055.06796875,0.1314947004001259,0.6012455505147563,9.60059712460131
256,8,120,5075.29375,0.13154974857379226,0.5928649089247406,9.58381358937507
256,8,121,5095.51953125,0.1320552767233792,0.588434278894028,9.566537302274575
256,8,122,5115.745312499999,0.1304002875957929,0.5824569887034696,9.546128970704185
256,8,123,5135.97109375,0.12973527300137547,0.5798187220299617,9.52552919461095
256,8,124,5156.196875,0.1287472561723889,0.5785579064740379,9.504911447801197
256,8,125,5176.42265625,0.12863042000412753,0.5770546301364777,9.48428098594124
256,8,126,5196.6484375,0.1286053663124758,0.5752045515455236,9.462975884916855
256,8,127,5216.874218749999,0.12949362741759246,0.5652167602608222,9.438981661036484
256,8,128,5237.1,0.13120809057812566,0.5559902461801598,9.414882114029002
256,8,129,5257.32578125,0.13171003951276297,0.5551055265849457,9.390767597390187
256,8,130,5277.5515625,0.13243097603212728,0.5549945081412405,9.366637807977746
256,8,131,5297.77734375,0.13336772112736123,0.5548838057829126,9.341772852328248
256,8,132,5318.003124999999,0.1344244435280107,0.5550157612128439,9.314584927966921
256,8,133,5338.22890625,0.1358718697757435,0.5607357651744694,9.287342994551192
256,8,134,5358.4546875,0.1355102172956923,0.5607857371556166,9.260082336671047
256,8,135,5378.68046875,0.13537941634673828,0.5637332674568302,9.232802630832623
256,8,136,5398.90625,0.13547764930683193,0.5667338540534406,9.204713470296593
256,8,137,5419.132031249999,0.13664157612783387,0.5617957430276426,9.174600908782875
256,8,138,5439.3578125,0.13552048125690214,0.5596893530231037,9.144457830619706
256,8,139,5459.58359375,0.13625702835743625,0.553614416682568,9.114291941253594
256,8,140,5479.809375,0.13657422976777178,0.5609891130644885,9.084102906433085
256,8,141,5500.03515625,0.1365849746976236,0.5582167579385392,9.053021029398636
256,8,142,5520.260937499999,0.13731530618980875,0.5523977145669559,9.020188812699502
256,8,143,5540.48671875,0.13824184470407092,0.5394251869386634,8.987330265628147
256,8,144,5560.7125,0.13881525008969905,0.5327799459690727,8.954445052707694
256,8,145,5580.93828125,0.13883290653789088,0.5223181843278085,8.920364005230985
256,8,146,5601.1640625,0.13962801696487837,0.5146317063243109,8.88430819269904
256,8,147,5621.389843749999,0.14014593741316597,0.5167339208384523,8.846639455656206
256,8,148,5641.615625,0.14137547306991874,0.512708451990714,8.808962362878734
256,8,149,5661.84140625,0.1430736414125216,0.5203172705384883,8.77127650490358
256,8,150,5682.0671875,0.14359646547332394,0.5301221845163583,8.733580220498451
256,8,151,5702.29296875,0.14502410967433368,0.5324236965166735,8.694720418176544
256,8,152,5722.518749999999,0.1455678803815783,0.5253122129534903,8.65441582777035
256,8,153,5742.74453125,0.14630146378528197,0.5306095046025706,8.614099208686621
256,8,154,5762.9703125,0.1463565226562814,0.5276809381705279,8.5787365880945
256,8,155,5783.19609375,0.14592272983962373,0.52460609667751,8.544978217570483
256,8,156,5803.421875,0.1468427114726149,0.5265180562470171,8.503909281522255
256,8,157,5823.647656249999,0.1476391565346293,0.5283981594549598,8.461481641818732
256,8,158,5843.8734375,0.1482137036811071,0.5307562304065557,8.419024627457144
256,8,159,5864.09921875,0.14799464606554075,0.5344351888337479,8.376542446211396
256,8,160,5884.325,0.14695406649255255,0.5377971971060335,8.334023584265216
256,8,161,5904.55078125,0.14582123208723424,0.5401559726968601,8.28985625014046
256,8,162,5924.776562499999,0.14544363030643614,0.5401816979267531,8.244349825804989
256,8,163,5945.00234375,0.14448336951032129,0.543509021824583,8.198816356403967
256,8,164,5965.228125,0.14375556967402342,0.5497970012053028,8.153255545936258
256,8,165,5985.45390625,0.14258965030201953,0.5585246267025522,8.10760341555667
256,8,166,6005.6796875,0.14093498409751953,0.5676254170890965,8.056746540494343
256,8,167,6025.905468749999,0.14009124295395023,0.5645968845724488,8.00244488648215
256,8,168,6046.13125,0.13944541825332435,0.5666761252379012,7.948083673883924
256,8,169,6066.35703125,0.1382938842549261,0.5717176102013555,7.893644494233563
256,8,170,6086.5828125,0.1374726849336574,0.5766970895273359,7.837583158090426
256,8,171,6106.80859375,0.13642587307772389,0.5788795811424746,7.784796528793081
256,8,172,6127.034374999999,0.13548090770130616,0.5815557385078715,7.733799702585945
256,8,173,6147.26015625,0.13541819088231577,0.581302789590735,7.682781682654262
256,8,174,6167.4859375,0.1350039239915384,0.58890872728996,7.631742355951623
256,8,175,6187.71171875,0.13348061742259415,0.5967552890699827,7.580630553538294
256,8,176,6207.9375,0.132370271734091,0.607535849671622,7.527912578674408
256,8,177,6228.163281249999,0.13147813842119227,0.6172721239141185,7.474607794383147
256,8,178,6248.3890625,0.13032727197124444,0.628762263402649,7.4212747480242065
256,8,179,6268.61484375,0.1295151302684654,0.6466389845334323,7.367913182055338
256,8,180,6288.840625,0.1280395994031312,0.659035823135691,7.313623985370686
256,8,181,6309.06640625,0.1263429176122257,0.6556931549268885,7.257436096615796
256,8,182,6329.292187499999,0.12471385468900581,0.6712264880963688,7.200654819935698
256,8,183,6349.51796875,0.123106176194335,0.6875393336505238,7.143850094324745
256,8,184,6369.74375,0.12089413850371471,0.702580961158502,7.087022042008501
256,8,185,6389.96953125,0.11889945130691186,0.7117470939589253,7.030079099449065
256,8,186,6410.1953125,0.11745214691063341,0.7222610439133201,6.971981569881189
256,8,187,6430.421093749999,0.11589348544707856,0.7130491218816191,6.914504476621651
256,8,188,6450.646875,0.11388523713985353,0.7287516816239831,6.856964204328623
256,8,189,6470.87265625,0.11273256249988417,0.7392787032263405,6.799365612172007
256,8,190,6491.0984375,0.11195801093759496,0.7451727808104767,6.741603858973957
256,8,191,6511.32421875,0.11047515766707403,0.7461925856352591,6.682378596528986
256,8,192,6531.55,0.10903622546339836,0.7436163389110447,6.622764897848782
256,8,193,6551.77578125,0.10763964263398611,0.7554775618073122,6.563096477095703
256,8,194,6572.0015625,0.10642388426454709,0.7671426197113648,6.503373275566279
256,8,195,6592.22734375,0.1049464011734228,0.781736262526565,6.44345561801967
256,8,196,6612.453125,0.10366423552271929,0.7909076877231869,6.382048799490992
256,8,197,6632.67890625,0.1028164075160368,0.8017193051443126,6.320326259348523
256,8,198,6652.9046875,0.10197839732036855,0.803336205865892,6.258518441339512
256,8,199,6673.13046875,0.1009417642423099,0.8110118185480035,6.19688732874717
256,8,200,6693.35625,0.09971702900286919,0.8135181543414525,6.135438054080489
256,8,201,6713.58203125,0.0987356874660941,0.8230324591801592,6.073449687029416
256,8,202,6733.8078125,0.09695823367072115,0.8277445224453734,6.011340942434172
256,8,203,6754.03359375,0.09580647011436116,0.8305929329665341,5.949168624321239
256,8,204,6774.259375,0.0944067836263997,0.8344698767230071,5.886932238524031
256,8,205,6794.48515625,0.09425305692359814,0.837842799430041,5.8246206788947745
256,8,206,6814.7109375,0.09317779238413137,0.8233502285682027,5.762204157764524
256,8,207,6834.93671875,0.09186008552412839,0.7983278553086252,5.69910645095335
256,8,208,6855.1625,0.09050362610092978,0.7865353362142485,5.635907322670663
256,8,209,6875.38828125,0.08940439663813188,0.7795622209617898,5.572684422161161
256,8,210,6895.6140625,0.0883073825231107,0.7811466407011665,5.509592088501856
256,8,211,6915.83984375,0.0868023095006748,0.7801989994984382,5.447235344613915
256,8,212,6936.065625,0.08604716559427326,0.7960577277307918,5.384849726194229
256,8,213,6956.29140625,0.08441011355542345,0.8141279918014409,5.313032065308202
256,8,214,6976.5171875,0.0827365095872675,0.8360852035998139,5.2481589384289125
256,8,215,6996.74296875,0.08159917404716041,0.8689423749049224,5.184174662156444
256,8,216,7016.96875,0.0800909581412001,0.8722060674783026,5.106072864252738
256,8,217,7037.19453125,0.07906480971222458,0.8717531350592204,5.034318380647372
256,8,218,7057.4203125,0.07784391666681095,0.8708774847749723,4.960306446278922
256,8,219,7077.64609375,0.07697707035496204,0.8700209866683101,4.882240482623125
256,8,220,7097.871875,0.07597596103254266,0.8847231924062045,4.812967884140965
256,8,221,7118.09765625,0.07452951647982056,0.880987747162003,4.746798726999556
256,8,222,7138.3234375,0.07345165786936564,0.885956952100001,4.672913932859876
256,8,223,7158.54921875,0.071872687054988,0.8829810721116084,4.610917544608652
256,8,224,7178.775,0.07082535189072009,0.8918911338790761,4.524156791470946
256,8,225,7199.00078125,0.06950574745744581,0.8878038314357042,4.4528048908661
256,8,226,7219.2265625,0.068815881072024,0.8914790152565104,4.393473959321973
256,8,227,7239.45234375,0.06786515514199384,0.8923642714624979,4.3218010257510695
256,8,228,7259.678125,0.06646989568808022,0.8882166446019286,4.241784142157824
256,8,229,7279.90390625,0.06517690150287139,0.8985148272517836,4.181106927183712
256,8,230,7300.1296875,0.06456657880250416,0.8996761082966315,4.121026604073442
256,8,231,7320.35546875,0.06372178660568,0.898475021121782,4.0606689759954175
256,8,232,7340.58125,0.06252177000018541,0.8970587691635439,3.9827281694801955
256,8,233,7360.80703125,0.06125441149822833,0.9059065996190981,3.9236771758153512
256,8,234,7381.0328125,0.06049205693786573,0.9132598294048272,3.8665016256201907
256,8,235,7401.25859375,0.0594870939956189,0.9099863137643469,3.8101708241913057
256,8,236,7421.484375,0.05802187557903965,0.9017650101138824,3.7494800354951936
256,8,237,7441.71015625,0.057151904637115516,0.898245157050735,3.6936554172160214
256,8,238,7461.9359375,0.05621947628490544,0.889871598609903,3.6391677852013604
256,8,239,7482.16171875,0.05541045563611899,0.8851054007086763,3.5764746035752526
256,8,240,7502.3875,0.05460549262071378,0.8870550304016682,3.5211356865917036
256,8,241,7522.61328125,0.054156435753033416,0.8805548158938267,3.4597421472189245
256,8,242,7542.8390625,0.05390156011807583,0.8756609729395118,3.391788362097982
256,8,243,7563.06484375,0.05289307536385428,0.8654384799596888,3.335975086285005
256,8,244,7583.290625,0.052301027570852074,0.8590000947251312,3.2810167686729645
256,8,245,7603.51640625,0.05171504661701174,0.868352451537473,3.226699012234648
256,8,246,7623.7421875,0.05127372586433638,0.8681724948966858,3.1721384562491566
256,8,247,7643.96796875,0.050413435842198234,0.8636974535042158,3.122083509397389
256,8,248,7664.19375,0.04984774079688406,0.8564625406770308,3.0694651597173443
256,8,249,7684.41953125,0.04904020587174173,0.8480887658199254,3.012956192254724
256,8,250,7704.6453125,0.04854033931782244,0.8374892649038497,2.9655949184226373
256,8,251,7724.87109375,0.04757281365657856,0.8307681489907588,2.9210097712833303
256,8,252,7745.096875,0.04684603555839725,0.827367654508147,2.8657221766617047
256,8,253,7765.32265625,0.04617956657317511,0.8250194645262919,2.8221311935774422
256,8,254,7785.5484375,0.04543659864636597,0.8219830557424576,2.778735678218019
256,8,255,7805.77421875,0.04506139427494622,0.8150502456623785,2.7300857025414205
256,16,0,2648.2,0.06608547585181929,0.6057126860647951,1.775405969027508
256,16,1,2668.42578125,0.06762292667282643,0.6257334254428001,1.83857326070229
256,16,2,2688.6515624999997,0.06840185456086553,0.6464009355320774,1.9028482210326265
256,16,3,2708.87734375,0.07000335946484612,0.6671996171341441,1.972112349590365
256,16,4,2729.1031249999996,0.07209636945801742,0.6875586189836834,2.041738627272254
256,16,5,2749.32890625,0.07333971464463654,0.7069897951472159,2.111317988907542
256,16,6,2769.5546875,0.07519318676845317,0.7270440418434293,2.1808210925752625
256,16,7,2789.7804687499997,0.07679513228973961,0.7483417586368046,2.2506391763121973
256,16,8,2810.00625,0.07790281948579761,0.7656944653235078,2.3261978289563734
256,16,9,2830.2320312499996,0.07881845710767318,0.7857066294507149,2.4033935991995903
256,16,10,2850.4578125,0.07998550905582771,0.8072750256776927,2.4805979081073355
256,16,11,2870.68359375,0.08133498388265908,0.8307410356057813,2.5578110659666775
256,16,12,2890.9093749999997,0.0830031792953374,0.85285366345797,2.637567824064398
256,16,13,2911.13515625,0.08350333313585903,0.8695873661952034,2.7270678387636957
256,16,14,2931.3609374999996,0.08548406798998759,0.8850484034508073,2.8116203473728456
256,16,15,2951.58671875,0.08744803714296019,0.9016440031074766,2.903217843481231
256,16,16,2971.8125,0.08823118891614445,0.9182931976281137,2.987881576120567
256,16,17,2992.0382812499997,0.08920733238833584,0.9380604862744033,3.0729492334376443
256,16,18,3012.2640625,0.09013940858101738,0.9540011683220818,3.166107218579609
256,16,19,3032.4898437499996,0.0902480555276334,0.9726177225957575,3.2576405013625367
256,16,20,3052.715625,0.09065403004187247,0.9934416803584211,3.349193484536519
256,16,21,3072.94140625,0.09003545557183636,1.0144789531576264,3.449412553513219
256,16,22,3093.1671874999997,0.09256925027693419,1.0336337927880817,3.5475520226573978
256,16,23,3113.39296875,0.09342724185066842,1.049169902287652,3.644329878075397
256,16,24,3133.6187499999996,0.09474183867596528,1.0627561712465527,3.754997622337852
256,16,25,3153.84453125,0.09538873303937039,1.0760394529550654,3.8579863233805334
256,16,26,3174.0703125,0.09593453900215555,1.0901243600481547,3.9618446203581232
256,16,27,3194.2960937499997,0.09613690920156398,1.1054184537518148,4.066623548542782
256,16,28,3214.521875,0.09654387489979882,1.114396182231812,4.181102501244683
256,16,29,3234.7476562499996,0.09743769817296255,1.1366308398298157,4.285375883152
256,16,30,3254.9734375,0.09849687494325848,1.1632774911475097,4.389705553568981
256,16,31,3275.19921875,0.09955540042244668,1.1808635778084102,4.496639635150418
256,16,32,3295.4249999999997,0.10072187723569215,1.1875442864835377,4.608358026577724
256,16,33,3315.65078125,0.10017642699627533,1.1938861071021944,4.717657910111683
256,16,34,3335.8765624999996,0.10070310966096527,1.1935236298308878,4.836614409926451
256,16,35,3356.10234375,0.1014620013617823,1.1982039835702327,4.947148223914715
256,16,36,3376.328125,0.10208817173002727,1.1991077788151556,5.057768640245184
256,16,37,3396.5539062499997,0.10302085750380174,1.2081359111287238,5.168774821487572
256,16,38,3416.7796875,0.10418314661882874,1.2197513406486307,5.280668934928347
256,16,39,3437.0054687499996,0.10557350222375167,1.2257925553527973,5.395853770430934
256,16,40,3457.23125,0.10554296744380165,1.233127520964525,5.508408812902889
256,16,41,3477.45703125,0.10821114243735343,1.2429827712724977,5.625893547803713
256,16,42,3497.6828124999997,0.10883693307386219,1.2410144672337415,5.753845393729531
256,16,43,3517.90859375,0.11004158273754011,1.2319869087703859,5.867076880698281
256,16,44,3538.1343749999996,0.10924394143028789,1.234351386698615,5.978383972259541
256,16,45,3558.36015625,0.11028856500855233,1.239987011123801,6.100580223828095
256,16,46,3578.5859375,0.11052718014410415,1.239252465117074,6.212089382520231
256,16,47,3598.8117187499997,0.10886379328946917,1.237935518781445,6.360417661297023
256,16,48,3619.0375,0.10775823346359097,1.2282660771167255,6.469666292850714
256,16,49,3639.2632812499996,0.10874439645254809,1.2125360533533567,6.589554305524548
256,16,50,3659.4890625,0.10968738755464696,1.2138906624899715,6.711680637994162
256,16,51,3679.71484375,0.10949141932518584,1.2157815257762792,6.827087246734434
256,16,52,3699.940625,0.11005711379367944,1.210651406326324,6.956525723499149
256,16,53,3720.16640625,0.11202525398194241,1.1966038148940763,7.084792462613166
256,16,54,3740.3921874999996,0.11042526936593672,1.1587724606906873,7.201046230732102
256,16,55,3760.61796875,0.11070082558731739,1.1348975960326722,7.307779463186815
256,16,56,3780.84375,0.10988980874812748,1.1261792765742045,7.41190748964488
256,16,57,3801.06953125,0.10933762928041102,1.1257521404632627,7.513000390342081
256,16,58,3821.2953125,0.11081074055233117,1.091436486730873,7.609069029321116
256,16,59,3841.5210937499996,0.11269633530322734,1.0728148152242218,7.705326994687372
256,16,60,3861.746875,0.10963695904659948,1.053762463472754,7.8018466070588754
256,16,61,3881.97265625,0.11073829589020515,1.0342974444400566,7.898466353189757
256,16,62,3902.1984375,0.1128347826100341,0.987148229045544,8.030994980184989
256,16,63,3922.42421875,0.11258716940256291,0.9550766365373902,8.116886463731099
256,16,64,3942.6499999999996,0.11404989011290097,0.9368584727762843,8.20357008205914
256,16,65,3962.87578125,0.1119226036322092,0.9297137825984279,8.291060929975938
256,16,66,3983.1015625,0.11099352322396189,0.9222727183657152,8.378643976902012
256,16,67,4003.32734375,0.11069760374603786,0.9138443919715233,8.46049044943031
256,16,68,4023.553125,0.11122735964830419,0.8962729395221966,8.541160912262688
256,16,69,4043.7789062499996,0.11609421185559704,0.9084213709731853,8.622763443440693
256,16,70,4064.0046875,0.11570820677106822,0.9107399482124586,8.70452237550872
256,16,71,4084.23046875,0.11590435336424483,0.9162239421477102,8.786385018726792
256,16,72,4104.45625,0.11634247552801616,0.9128487047195529,8.860143616227129
256,16,73,4124.68203125,0.11683664023108091,0.9107328638006786,8.927203795375274
256,16,74,4144.9078125,0.11861818553283894,0.911087391812795,8.994347246756472
256,16,75,4165.13359375,0.1185288187831329,0.9079771326438563,9.061144397516152
256,16,76,4185.359375,0.11818078130518608,0.9121393420997348,9.124666597117
256,16,77,4205.58515625,0.11795058552992244,0.9096383665834809,9.180714112061112
256,16,78,4225.8109375,0.11869856492582165,0.9038100499942213,9.23177281535456
256,16,79,4246.03671875,0.11904645645371653,0.8886440155194165,9.282877027129263
256,16,80,4266.2625,0.11886473363546293,0.8764860423504329,9.334036806423232
256,16,81,4286.48828125,0.11913732312740394,0.8768168473687469,9.38509888357504
256,16,82,4306.7140625,0.11986957762426041,0.8831983634671694,9.428270469684762
256,16,83,4326.93984375,0.12025613749533526,0.876244091027718,9.46718973292002
256,16,84,4347.165625,0.11989501703071143,0.837352970641302,9.506151398384606
256,16,85,4367.39140625,0.11880984729619264,0.836485625929291,9.545156214263091
256,16,86,4387.6171875,0.11828830802292818,0.8228734093359092,9.583978508331974
256,16,87,4407.84296875,0.11715690582898067,0.8150773439995285,9.614893832484166
256,16,88,4428.06875,0.11603916289635721,0.8137835171060248,9.640231527647039
256,16,89,4448.29453125,0.1145324589125139,0.8088481627923263,9.664283355126331
256,16,90,4468.5203125,0.11232575396874223,0.7904365721980257,9.688181545499564
256,16,91,4488.74609375,0.11060180017703791,0.7787222655284904,9.711592335268126
256,16,92,4508.971875,0.10804010243758036,0.7721454382128592,9.726592137312958
256,16,93,4529.19765625,0.10700013125476755,0.7537332717307496,9.738529725581548
256,16,94,4549.4234375,0.10568699017541147,0.7426871487687372,9.75030043450141
256,16,95,4569.64921875,0.10085029986823854,0.7283392202331828,9.761904412790095
256,16,96,4589.875,0.1002538816108455,0.7253934040073571,9.772950917045398
256,16,97,4610.10078125,0.09805268723908903,0.7410850188527974,9.776820411308172
256,16,98,4630.3265625,0.09813459732145645,0.7309698621648626,9.78361125840231
256,16,99,4650.55234375,0.09714483098233595,0.7357443786182855,9.790103313992006
256,16,100,4670.778125,0.09663338643875918,0.726273766061105,9.796440206849656
256,16,101,4691.00390625,0.09682514087593364,0.6999969327722485,9.802321149425108
256,16,102,4711.229687499999,0.09676087482091539,0.6843118807250385,9.8020206885196
256,16,103,4731.45546875,0.09734389721411862,0.6700954247418918,9.799956223022178
256,16,104,4751.68125,0.09868390077352941,0.6600327893008563,9.798433610954628
256,16,105,4771.90703125,0.0994894196016829,0.6559945183839477,9.784564523381661
256,16,106,4792.1328125,0.0991666121610443,0.6462271814526321,9.761335287520273
256,16,107,4812.358593749999,0.09851101453336261,0.6262871427112081,9.74530732407124
256,16,108,4832.584375,0.10021716108354446,0.6136072415638182,9.737396835219833
256,16,109,4852.81015625,0.09981949350347498,0.5993631915799298,9.729903723859941
256,16,110,4873.0359375,0.09870013265470448,0.5910600002228934,9.722805054740734
256,16,111,4893.26171875,0.0988128985663134,0.5917669476877239,9.715152017323572
256,16,112,4913.487499999999,0.09871430455746938,0.5901098387764878,9.703094297790505
256,16,113,4933.71328125,0.09877908754485216,0.5649864728738107,9.690482741837318
256,16,114,4953.9390625,0.09948966194263745,0.5662630224029327,9.677857026268164
256,16,115,4974.16484375,0.10096939011771643,0.566369864259373,9.665216942984523
256,16,116,4994.390625,0.10091007797746523,0.5516905610509442,9.651989459703223
256,16,117,5014.616406249999,0.10036749994966626,0.5610840428482256,9.635084740321165
256,16,118,5034.8421875,0.10179451360061165,0.557992476153762,9.617848084328
256,16,119,5055.06796875,0.1025173955882594,0.5608405012931782,9.60059712460131
256,16,120,5075.29375,0.10205603348660838,0.5512547935133781,9.58381358937507
256,16,121,5095.51953125,0.10200587765218322,0.5445341458109301,9.566537302274575
256,16,122,5115.745312499999,0.10290210042838453,0.5452961751661718,9.546128970704185
256,16,123,5135.97109375,0.10288256995591946,0.5436241884128635,9.52552919461095
256,16,124,5156.196875,0.10348787473024158,0.5469139759626164,9.504911447801197
256,16,125,5176.42265625,0.10250213336052853,0.5492407635165809,9.48428098594124
256,16,126,5196.6484375,0.10291874874064327,0.5479884270917174,9.462975884916855
256,16,127,5216.874218749999,0.1046031019672812,0.5469235747979782,9.438981661036484
256,16,128,5237.1,0.10553073241988407,0.5595151899390508,9.414882114029002
256,16,129,5257.32578125,0.10727005277145277,0.5575321704543124,9.390767597390187
256,16,130,5277.5515625,0.107903209862533,0.5527406746331749,9.366637807977746
256,16,131,5297.77734375,0.10756205865429835,0.5559717649451688,9.341772852328248
256,16,132,5318.003124999999,0.10941656452257711,0.5548226443431243,9.314584927966921
256,16,133,5338.22890625,0.10907311485556351,0.5554895872242248,9.287342994551192
256,16,134,5358.4546875,0.10975141015008089,0.5603718037510029,9.260082336671047
256,16,135,5378.68046875,0.10961064808378036,0.5624359848115377,9.232802630832623
256,16,136,5398.90625,0.1088012183415029,0.5584020828786149,9.204713470296593
256,16,137,5419.132031249999,0.10861820836650754,0.5569941646517468,9.174600908782875
256,16,138,5439.3578125,0.1092532684808826,0.5515263222265333,9.144457830619706
256,16,139,5459.58359375,0.10974259847980553,0.5524774398520886,9.114291941253594
256,16,140,5479.809375,0.11032756720411155,0.5508660180913134,9.084102906433085
256,16,141,5500.03515625,0.10913701310642684,0.5495074198512484,9.053021029398636
256,16,142,5520.260937499999,0.10899248437661255,0.5472246801496131,9.020188812699502
256,16,143,5540.48671875,0.10980406860476839,0.5426943050920751,8.987330265628147
256,16,144,5560.7125,0.10885689642054404,0.5451478964293803,8.954445052707694
256,16,145,5580.93828125,0.10834415625004144,0.5483253349309277,8.920364005230985
256,16,146,5601.1640625,0.10773848158461921,0.5487734904378501,8.88430819269904
256,16,147,5621.389843749999,0.1089111043211546,0.5521475253677145,8.846639455656206
256,16,148,5641.615625,0.10953708109053534,0.5499588759321148,8.808962362878734
256,16,149,5661.84140625,0.11037999961843575,0.5579699831640346,8.77127650490358
256,16,150,5682.0671875,0.11037664701827195,0.5620636459285109,8.733580220498451
256,16,151,5702.29296875,0.1105073076681115,0.5666647532446685,8.694720418176544
256,16,152,5722.518749999999,0.11001635892476307,0.5612617623097835,8.65441582777035
256,16,153,5742.74453125,0.10995720206938134,0.5605700321426903,8.614099208686621
256,16,154,5762.9703125,0.11015530871223711,0.5501058445905993,8.5787365880945
256,16,155,5783.19609375,0.11001037551326165,0.5417186560119872,8.544978217570483
256,16,156,5803.421875,0.10967999576427459,0.5395467332795396,8.503909281522255
256,16,157,5823.647656249999,0.10880071068229051,0.5417370442505383,8.461481641818732
256,16,158,5843.8734375,0.10849455688483578,0.5431974066064649,8.419024627457144
256,16,159,5864.09921875,0.10823062863735175,0.5418739368644884,8.376542446211396
256,16,160,5884.325,0.10758290680372881,0.5404371951604853,8.334023584265216
256,16,161,5904.55078125,0.10668262776270768,0.5439509246985504,8.28985625014046
256,16,162,5924.776562499999,0.10608369399801498,0.546352322934041,8.244349825804989
256,16,163,5945.00234375,0.10487396113334013,0.5513474279114309,8.198816356403967
256,16,164,5965.228125,0.1042298176843067,0.554863670580824,8.153255545936258
256,16,165,5985.45390625,0.10273558211926853,0.5588434056750982,8.10760341555667
256,16,166,6005.6796875,0.1007223758417237,0.5622301274604711,8.056746540494343
256,16,167,6025.905468749999,0.10035078978357195,0.5643220812682006,8.00244488648215
256,16,168,6046.13125,0.09785725383761112,0.5688121373944367,7.948083673883924
256,16,169,6066.35703125,0.09603504730579193,0.571008429563362,7.893644494233563
256,16,170,6086.5828125,0.09281627032065265,0.5683105443449886,7.837583158090426
256,16,171,6106.80859375,0.09262313646790114,0.5761053079663796,7.784796528793081
256,16,172,6127.034374999999,0.09130075926145761,0.5729690894499284,7.733799702585945
256,16,173,6147.26015625,0.090289459142295,0.5721585655740593,7.682781682654262
256,16,174,6167.4859375,0.08886716645474385,0.5733383387286417,7.631742355951623
256,16,175,6187.71171875,0.08776996104349497,0.5753017088538823,7.580630553538294
256,16,176,6207.9375,0.0873273208300194,0.5848726058806373,7.527912578674408
256,16,177,6228.163281249999,0.08577430960765767,0.58760063021272,7.474607794383147
256,16,178,6248.3890625,0.08562123349220083,0.5818510784885017,7.4212747480242065
256,16,179,6268.61484375,0.08338782992661095,0.5797485902219522,7.367913182055338
256,16,180,6288.840625,0.08246815141123545,0.5799523818351553,7.313623985370686
256,16,181,6309.06640625,0.08238112733936957,0.581917204247321,7.257436096615796
256,16,182,6329.292187499999,0.08186867641397409,0.5823395659189705,7.200654819935698
256,16,183,6349.51796875,0.08004362794142886,0.5864952992707394,7.143850094324745
256,16,184,6369.74375,0.07959669169585408,0.5852352863591446,7.087022042008501
256,16,185,6389.96953125,0.07863013641520561,0.5862094076494293,7.030079099449065
256,16,186,6410.1953125,0.0778302919951584,0.5846928164341063,6.971981569881189
256,16,187,6430.421093749999,0.07698581134882757,0.5854949085294104,6.914504476621651
256,16,188,6450.646875,0.075867869611049,0.5909335935363788,6.856964204328623
256,16,189,6470.87265625,0.07631744962489811,0.5998849113978398,6.799365612172007
256,16,190,6491.0984375,0.0757858605617141,0.6082181997081777,6.741603858973957
256,16,191,6511.32421875,0.0746087315953734,0.6244300870000573,6.682378596528986
256,16,192,6531.55,0.07492043230228226,0.61800395103589,6.622764897848782
256,16,193,6551.77578125,0.07505372989559117,0.6104487976641154,6.563096477095703
256,16,194,6572.0015625,0.07574791745431589,0.6112964823758439,6.503373275566279
256,16,195,6592.22734375,0.07593994788016445,0.6085484446582102,6.44345561801967
256,16,196,6612.453125,0.07680303122345389,0.6056951637464705,6.382048799490992
256,16,197,6632.67890625,0.07772283717662772,0.5899888575703959,6.320326259348523
256,16,198,6652.9046875,0.077924767402026,0.5880689040727034,6.258518441339512
256,16,199,6673.13046875,0.07884264447174158,0.5993443338003603,6.19688732874717
256,16,200,6693.35625,0.07937395999508011,0.5959981648986331,6.135438054080489
256,16,201,6713.58203125,0.08029655275006323,0.6032734885549202,6.073449687029416
256,16,202,6733.8078125,0.08111820042547269,0.6190302484572613,6.011340942434172
256,16,203,6754.03359375,0.08190559008277062,0.6318469577243628,5.949168624321239
256,16,204,6774.259375,0.08216105550135412,0.645806831439246,5.886932238524031
256,16,205,6794.48515625,0.08253286854228829,0.6606213732973792,5.8246206788947745
256,16,206,6814.7109375,0.08402113414660783,0.6743122504790589,5.762204157764524
256,16,207,6834.93671875,0.08413571617610145,0.6770734957546632,5.69910645095335
256,16,208,6855.1625,0.0853629971915792,0.6972219306924723,5.635907322670663
256,16,209,6875.38828125,0.08531271717980574,0.7294386485189486,5.572684422161161
256,16,210,6895.6140625,0.08588550421145072,0.7370008781018124,5.509592088501856
256,16,211,6915.83984375,0.08537730473888852,0.7593654202286891,5.447235344613915
256,16,212,6936.065625,0.08584013465218385,0.8076136075856145,5.384849726194229
256,16,213,6956.29140625,0.08672434212121667,0.8221894208006192,5.313032065308202
256,16,214,6976.5171875,0.08750995768280102,0.8486870940704546,5.2481589384289125
256,16,215,6996.74296875,0.08794958030689487,0.8647608937831092,5.184174662156444
256,16,216,7016.96875,0.08897448853513842,0.8716388484780138,5.106072864252738
256,16,217,7037.19453125,0.0890961861636511,0.8699275965396793,5.034318380647372
256,16,218,7057.4203125,0.08969743634682532,0.8816112831525084,4.960306446278922
256,16,219,7077.64609375,0.08937339907160691,0.8960085721078531,4.882240482623125
256,16,220,7097.871875,0.0890981237714207,0.9144476076936295,4.812967884140965
256,16,221,7118.09765625,0.08916829062345347,0.9230383133227403,4.746798726999556
256,16,222,7138.3234375,0.08913765010200148,0.9296901278719716,4.672913932859876
256,16,223,7158.54921875,0.08995621139722698,0.9384104959396489,4.610917544608652
256,16,224,7178.775,0.09033046095714728,0.9369256227900009,4.524156791470946
256,16,225,7199.00078125,0.09094697815809577,0.9346767575741696,4.4528048908661
256,16,226,7219.2265625,0.09009317079722992,0.9410120928654099,4.393473959321973
256,16,227,7239.45234375,0.08978783825476605,0.9461943325357953,4.3218010257510695
256,16,228,7259.678125,0.08985450020597577,0.9579712827147547,4.241784142157824
256,16,229,7279.90390625,0.09015606630673546,0.9800021907170458,4.181106927183712
256,16,230,7300.1296875,0.0896368015808412,1.002554712303617,4.121026604073442
256,16,231,7320.35546875,0.0892011675207296,1.0154354630508535,4.0606689759954175
256,16,232,7340.58125,0.0887001681248076,1.0177197742415804,3.9827281694801955
256,16,233,7360.80703125,0.08919418706786458,1.0121042150706838,3.9236771758153512
256,16,234,7381.0328125,0.08855551441883625,0.996519935549396,3.8665016256201907
256,16,235,7401.25859375,0.08822395410542183,0.9885588362925637,3.8101708241913057
256,16,236,7421.484375,0.08767238083603979,0.9888526896979615,3.7494800354951936
256,16,237,7441.71015625,0.08740177348768749,0.9884444080379663,3.6936554172160214
256,16,238,7461.9359375,0.08665596093330682,0.9887586699076494,3.6391677852013604
256,16,239,7482.16171875,0.08551222924434071,0.9963507043950134,3.5764746035752526
256,16,240,7502.3875,0.0846157044107188,1.0006404861841445,3.5211356865917036
256,16,241,7522.61328125,0.0837302615385948,1.0082977779768436,3.4597421472189245
256,16,242,7542.8390625,0.08254602339348635,1.0131192944657639,3.391788362097982
256,16,243,7563.06484375,0.08226028224892498,1.0225372559017054,3.335975086285005
256,16,244,7583.290625,0.08139758430477873,1.033894162790887,3.2810167686729645
256,16,245,7603.51640625,0.08111124827123162,1.0370589174944247,3.226699012234648
256,16,246,7623.7421875,0.08120331817614504,1.0389939597547857,3.1721384562491566
256,16,247,7643.96796875,0.08018944315064946,1.0454635794333789,3.122083509397389
256,16,248,7664.19375,0.07936873350863688,1.0616564112317344,3.0694651597173443
256,16,249,7684.41953125,0.07864923661866374,1.0763413530207546,3.012956192254724
256,16,250,7704.6453125,0.07823420328888625,1.0682876775847994,2.9655949184226373
256,16,251,7724.87109375,0.07722618435020465,1.0553784705784384,2.9210097712833303
256,16,252,7745.096875,0.07619403069017404,1.0440428383088267,2.8657221766617047
256,16,253,7765.32265625,0.07557353709522707,1.0307131793733268,2.8221311935774422
256,16,254,7785.5484375,0.0743788402280172,1.0255479045363451,2.778735678218019
256,16,255,7805.77421875,0.07308134506686843,1.0255143199191912,2.7300857025414205
