predictor,arch,mode,seed,stratum,p_band,direction,n,median_abs_dz_mm,vs_hit_med_um,vs_hit_p95_um,vs_reference_med_um,vs_reference_p95_um
fine reference (material floor),-,-,-,all,all,all,13228,70.22465149999971,20.435931404875873,4938.25178722024,0.0,0.0
fine reference (material floor),-,-,-,all,all,forward,6669,70.2286009999998,24.39064308165939,5905.074385211356,0.0,0.0
fine reference (material floor),-,-,-,all,all,backward,6559,70.22270000000026,16.465744813814354,4169.179631335787,0.0,0.0
fine reference (material floor),-,-,-,all,1-5 GeV,all,6526,70.21979974999931,38.14207568618144,10466.521694290732,0.0,0.0
fine reference (material floor),-,-,-,all,1-5 GeV,forward,3310,70.2234492499997,47.243954382597764,11554.644765535157,0.0,0.0
fine reference (material floor),-,-,-,all,1-5 GeV,backward,3216,70.21649950000028,30.90086509150325,9036.128578782113,0.0,0.0
fine reference (material floor),-,-,-,all,5-20 GeV,all,5212,140.07619949999935,10.886570144279517,1925.8581878569346,0.0,0.0
fine reference (material floor),-,-,-,all,5-20 GeV,forward,2606,140.02239974999975,13.047355792345172,2389.8757031937203,0.0,0.0
fine reference (material floor),-,-,-,all,5-20 GeV,backward,2606,203.6929999999993,8.72630200260005,1563.4565354071426,0.0,0.0
fine reference (material floor),-,-,-,all,20-200 GeV,all,1490,70.21095024999977,2.7142636714501123,437.97802331790746,0.0,0.0
fine reference (material floor),-,-,-,all,20-200 GeV,forward,753,139.99350049999885,3.056909021736942,596.5964945062065,0.0,0.0
fine reference (material floor),-,-,-,all,20-200 GeV,backward,737,70.2077999999965,2.4351221827600966,344.3398933534588,0.0,0.0
fine reference (material floor),-,-,-,0.05-2 mm,all,all,436,0.6499827500010724,0.10938066685639569,0.9476415434050978,0.0,0.0
fine reference (material floor),-,-,-,0.05-2 mm,all,forward,218,0.6499827500010724,0.1143261133620399,1.0065759669160406,0.0,0.0
fine reference (material floor),-,-,-,0.05-2 mm,all,backward,218,0.6499827500010724,0.10531764890231443,0.8744041475438279,0.0,0.0
fine reference (material floor),-,-,-,0.05-2 mm,1-5 GeV,all,248,0.6499792499998875,0.18786870839448966,1.2018352633504037,0.0,0.0
fine reference (material floor),-,-,-,0.05-2 mm,1-5 GeV,forward,124,0.6499792499998875,0.2228997739166516,1.1993442276775568,0.0,0.0
fine reference (material floor),-,-,-,0.05-2 mm,1-5 GeV,backward,124,0.6499792499998875,0.16376321593725152,1.1964563887488555,0.0,0.0
fine reference (material floor),-,-,-,0.05-2 mm,5-20 GeV,all,142,0.6499850000000151,0.08465909736798949,0.2466155949196746,0.0,0.0
fine reference (material floor),-,-,-,0.05-2 mm,5-20 GeV,forward,71,0.6499850000000151,0.07863852863465581,0.22931528924274858,0.0,0.0
fine reference (material floor),-,-,-,0.05-2 mm,5-20 GeV,backward,71,0.6499850000000151,0.09028759359352989,0.3168770284389666,0.0,0.0
fine reference (material floor),-,-,-,0.05-2 mm,20-200 GeV,all,46,0.6499925000007352,0.058006293770063166,0.12500909760859713,0.0,0.0
fine reference (material floor),-,-,-,0.05-2 mm,20-200 GeV,forward,23,0.6499925000007352,0.055693438753223745,0.13017320447659125,0.0,0.0
fine reference (material floor),-,-,-,0.05-2 mm,20-200 GeV,backward,23,0.6499925000007352,0.07111313796315244,0.09798191267123,0.0,0.0
fine reference (material floor),-,-,-,2-20 mm,all,all,382,6.3070000000006985,0.5732100884259239,6.0024400385202625,0.0,0.0
fine reference (material floor),-,-,-,2-20 mm,all,forward,191,6.3070000000006985,0.6471071981303811,5.961503921469102,0.0,0.0
fine reference (material floor),-,-,-,2-20 mm,all,backward,191,6.3070000000006985,0.5034127568048774,6.427186497793613,0.0,0.0
fine reference (material floor),-,-,-,2-20 mm,1-5 GeV,all,160,6.3070000000006985,1.790568306240914,10.054238749114564,0.0,0.0
fine reference (material floor),-,-,-,2-20 mm,1-5 GeV,forward,80,6.3070000000006985,1.734877227804077,9.729037869789181,0.0,0.0
fine reference (material floor),-,-,-,2-20 mm,1-5 GeV,backward,80,6.3070000000006985,1.8873116008037982,11.019212935522656,0.0,0.0
fine reference (material floor),-,-,-,2-20 mm,5-20 GeV,all,156,6.3070000000006985,0.49520044672979324,1.7174350895992063,0.0,0.0
fine reference (material floor),-,-,-,2-20 mm,5-20 GeV,forward,78,6.3070000000006985,0.5634906754110602,1.707618760597284,0.0,0.0
fine reference (material floor),-,-,-,2-20 mm,5-20 GeV,backward,78,6.3070000000006985,0.45550057234322594,1.603487224419806,0.0,0.0
fine reference (material floor),-,-,-,2-20 mm,20-200 GeV,all,66,6.3070000000006985,0.1518452231525913,0.3775858332811244,0.0,0.0
fine reference (material floor),-,-,-,2-20 mm,20-200 GeV,forward,33,6.3070000000006985,0.1367727720165135,0.3407400637835511,0.0,0.0
fine reference (material floor),-,-,-,2-20 mm,20-200 GeV,backward,33,6.3070000000006985,0.15232244572871423,0.4123623769839212,0.0,0.0
fine reference (material floor),-,-,-,20-200 mm,all,all,6000,69.804950499999,7.463216147087337,59.35325113297907,0.0,0.0
fine reference (material floor),-,-,-,20-200 mm,all,forward,3011,69.80459999999948,8.978495091469085,67.18210039561257,0.0,0.0
fine reference (material floor),-,-,-,20-200 mm,all,backward,2989,69.80529999999999,6.1553299581902365,47.93345216241956,0.0,0.0
fine reference (material floor),-,-,-,20-200 mm,1-5 GeV,all,3042,69.80709999999999,17.394425346083153,80.83885353936455,0.0,0.0
fine reference (material floor),-,-,-,20-200 mm,1-5 GeV,forward,1532,69.80653799999982,21.22553037651187,91.3081356676557,0.0,0.0
fine reference (material floor),-,-,-,20-200 mm,1-5 GeV,backward,1510,69.80770074999964,14.225166827827707,63.42031759328212,0.0,0.0
fine reference (material floor),-,-,-,20-200 mm,5-20 GeV,all,2309,69.80490049999935,4.65662915212306,17.393868689052994,0.0,0.0
fine reference (material floor),-,-,-,20-200 mm,5-20 GeV,forward,1156,69.80415000000085,5.349347306832897,18.876959163144136,0.0,0.0
fine reference (material floor),-,-,-,20-200 mm,5-20 GeV,backward,1153,69.80549999999857,3.9095688236443493,14.333236068537037,0.0,0.0
fine reference (material floor),-,-,-,20-200 mm,20-200 GeV,all,649,69.8020000000015,1.1641983455206173,4.755508670379527,0.0,0.0
fine reference (material floor),-,-,-,20-200 mm,20-200 GeV,forward,323,69.80189999999857,1.3220286011659255,5.35692151831597,0.0,0.0
fine reference (material floor),-,-,-,20-200 mm,20-200 GeV,backward,326,69.80249950000007,1.0337623248375394,3.784085655581748,0.0,0.0
fine reference (material floor),-,-,-,200-2000 mm,all,all,4000,472.2208000000005,51.13985220990003,415.95623079560113,0.0,0.0
fine reference (material floor),-,-,-,200-2000 mm,all,forward,2044,472.2166499999994,58.854720269422955,433.92425493011757,0.0,0.0
fine reference (material floor),-,-,-,200-2000 mm,all,backward,1956,472.2224995000006,42.765897466210845,389.5570690911825,0.0,0.0
fine reference (material floor),-,-,-,200-2000 mm,1-5 GeV,all,2042,472.2235007499994,119.06285018928564,534.1667203547496,0.0,0.0
fine reference (material floor),-,-,-,200-2000 mm,1-5 GeV,forward,1057,472.19920699999966,131.2037619053399,621.2366858258973,0.0,0.0
fine reference (material floor),-,-,-,200-2000 mm,1-5 GeV,backward,985,472.238799499999,109.13298842541508,502.6694808321734,0.0,0.0
fine reference (material floor),-,-,-,200-2000 mm,5-20 GeV,all,1531,472.22849999999926,29.224852819766056,129.62553102096308,0.0,0.0
fine reference (material floor),-,-,-,200-2000 mm,5-20 GeV,forward,764,472.23500099999956,34.92298529388904,152.71345966738258,0.0,0.0
fine reference (material floor),-,-,-,200-2000 mm,5-20 GeV,backward,767,472.22249900000133,23.866747398329835,110.79905258487763,0.0,0.0
fine reference (material floor),-,-,-,200-2000 mm,20-200 GeV,all,427,472.1847999999991,6.809487414074056,32.03746345544971,0.0,0.0
fine reference (material floor),-,-,-,200-2000 mm,20-200 GeV,forward,223,472.1836999999996,7.394378012875791,32.0916499895901,0.0,0.0
fine reference (material floor),-,-,-,200-2000 mm,20-200 GeV,backward,204,472.1850502499992,5.84181192379063,29.788581445241388,0.0,0.0
fine reference (material floor),-,-,-,cross-magnet,all,all,2410,5175.346389,1815.412862527154,20161.624593697223,0.0,0.0
fine reference (material floor),-,-,-,cross-magnet,all,forward,1205,5175.346389,2326.885053783599,24539.825511031082,0.0,0.0
fine reference (material floor),-,-,-,cross-magnet,all,backward,1205,5175.346389,1437.9621002314025,16532.461194927742,0.0,0.0
fine reference (material floor),-,-,-,cross-magnet,1-5 GeV,all,1034,5174.7871589999995,6203.245440351083,29390.142344510637,0.0,0.0
fine reference (material floor),-,-,-,cross-magnet,1-5 GeV,forward,517,5174.7871589999995,7354.636826679126,34517.65872787768,0.0,0.0
fine reference (material floor),-,-,-,cross-magnet,1-5 GeV,backward,517,5174.7871589999995,5107.375242097941,23690.97528023514,0.0,0.0
fine reference (material floor),-,-,-,cross-magnet,5-20 GeV,all,1074,5175.753925000001,951.9159384717852,4744.7062237179725,0.0,0.0
fine reference (material floor),-,-,-,cross-magnet,5-20 GeV,forward,537,5175.753925000001,1198.41862599435,5317.555460249455,0.0,0.0
fine reference (material floor),-,-,-,cross-magnet,5-20 GeV,backward,537,5175.753925000001,759.5785295175758,4105.434894516486,0.0,0.0
fine reference (material floor),-,-,-,cross-magnet,20-200 GeV,all,302,5177.237445999999,236.87134615490635,1195.8683679367102,0.0,0.0
fine reference (material floor),-,-,-,cross-magnet,20-200 GeV,forward,151,5177.237445999999,286.48932992766163,2118.6360639105715,0.0,0.0
fine reference (material floor),-,-,-,cross-magnet,20-200 GeV,backward,151,5177.237445999999,222.21546708918538,579.7947631455038,0.0,0.0
straight line,-,-,-,all,all,all,13228,70.22465149999971,93.82305478688835,942344.5873544018,88.02083847065134,937777.7098764832
straight line,-,-,-,all,all,forward,6669,70.2286009999998,96.23005060367973,933325.9693365776,89.25601167543107,928475.718234881
straight line,-,-,-,all,all,backward,6559,70.22270000000026,89.87940332326616,955201.0329933998,86.89028408753074,948838.9614928876
straight line,-,-,-,all,1-5 GeV,all,6526,70.21979974999931,157.1877679643876,1485575.1482652551,137.09415036169048,1465591.2588435942
straight line,-,-,-,all,1-5 GeV,forward,3310,70.2234492499997,166.44543544589396,1432115.891438485,143.59984980387708,1422983.4146987256
straight line,-,-,-,all,1-5 GeV,backward,3216,70.21649950000028,152.60412495730515,1561167.4101617802,133.87327419412998,1549319.9689224951
straight line,-,-,-,all,5-20 GeV,all,5212,140.07619949999935,58.682953712589025,475612.8326039625,56.42638319070414,475358.0277967342
straight line,-,-,-,all,5-20 GeV,forward,2606,140.02239974999975,53.05102210146906,485512.35562634945,48.02647292531148,482785.2452024398
straight line,-,-,-,all,5-20 GeV,backward,2606,203.6929999999993,65.91052274032138,467161.687552997,65.33586909455869,465240.71862468746
straight line,-,-,-,all,20-200 GeV,all,1490,70.21095024999977,11.67824519586702,125402.47743172753,10.029870350948045,125318.6168363491
straight line,-,-,-,all,20-200 GeV,forward,753,139.99350049999885,12.861021786989113,128410.62021195987,10.869949582456684,128490.22378003184
straight line,-,-,-,all,20-200 GeV,backward,737,70.2077999999965,10.575390582886257,123018.36297041413,9.591690554714205,123432.25866343429
straight line,-,-,-,0.05-2 mm,all,all,436,0.6499827500010724,0.10822953024813842,0.937597196070783,0.001726186951600539,0.013083278304293344
straight line,-,-,-,0.05-2 mm,all,forward,218,0.6499827500010724,0.10976653754823928,1.0066593063783051,0.001726134308377425,0.013028261662384452
straight line,-,-,-,0.05-2 mm,all,backward,218,0.6499827500010724,0.10531583722439564,0.8846598795017256,0.001726186951600539,0.012884779698651965
straight line,-,-,-,0.05-2 mm,1-5 GeV,all,248,0.6499792499998875,0.1880290893154779,1.2184097873614517,0.004587934654409764,0.016615199069747177
straight line,-,-,-,0.05-2 mm,1-5 GeV,forward,124,0.6499792499998875,0.22207581537259102,1.2099753768211485,0.004583470627039787,0.016581305976615113
straight line,-,-,-,0.05-2 mm,1-5 GeV,backward,124,0.6499792499998875,0.16394752873338803,1.1966753020317344,0.004587934654409764,0.016571091896366852
straight line,-,-,-,0.05-2 mm,5-20 GeV,all,142,0.6499850000000151,0.08497158309239694,0.24678865979783632,0.0009138356773519263,0.0028697979828962153
straight line,-,-,-,0.05-2 mm,5-20 GeV,forward,71,0.6499850000000151,0.07864603625762356,0.22863523084204473,0.0009139284600223618,0.0028317434299651723
straight line,-,-,-,0.05-2 mm,5-20 GeV,backward,71,0.6499850000000151,0.09014756574288185,0.3178126412706206,0.0009137428946814907,0.002831331443076124
straight line,-,-,-,0.05-2 mm,20-200 GeV,all,46,0.6499925000007352,0.05780508879293933,0.12501274662035655,0.0002358024815407589,0.0007938827764064627
straight line,-,-,-,0.05-2 mm,20-200 GeV,forward,23,0.6499925000007352,0.05568359711105586,0.13017821220202558,0.00023582573760450032,0.0007828188699932069
straight line,-,-,-,0.05-2 mm,20-200 GeV,backward,23,0.6499925000007352,0.0716505315381255,0.09798340477686905,0.00023577922547701746,0.0007826582873349252
straight line,-,-,-,2-20 mm,all,all,382,6.3070000000006985,0.6888704449040661,6.012700763153234,0.17171093884371658,1.182702554243064
straight line,-,-,-,2-20 mm,all,forward,191,6.3070000000006985,0.722910931443721,5.533606463615115,0.17137810488065952,1.153157261569504
straight line,-,-,-,2-20 mm,all,backward,191,6.3070000000006985,0.6817192440848885,6.187000529973119,0.17204377280677363,1.1608221365690952
straight line,-,-,-,2-20 mm,1-5 GeV,all,160,6.3070000000006985,1.9526427129734625,10.635286749339906,0.47954003327177475,2.0248194477574035
straight line,-,-,-,2-20 mm,1-5 GeV,forward,80,6.3070000000006985,1.9712361588233307,10.384940791024633,0.47875133811103865,2.0155749625430976
straight line,-,-,-,2-20 mm,1-5 GeV,backward,80,6.3070000000006985,1.865032334400496,11.031014748058961,0.4805133630245706,2.025774303012894
straight line,-,-,-,2-20 mm,5-20 GeV,all,156,6.3070000000006985,0.5408836034153097,1.839379999939439,0.11138552258671552,0.6660620926481897
straight line,-,-,-,2-20 mm,5-20 GeV,forward,78,6.3070000000006985,0.5955354250861689,1.892306982413311,0.1111558151905001,0.65411014951735
straight line,-,-,-,2-20 mm,5-20 GeV,backward,78,6.3070000000006985,0.47020850209023024,1.7001883603171537,0.11159407787886266,0.6599377614293183
straight line,-,-,-,2-20 mm,20-200 GeV,all,66,6.3070000000006985,0.15850202445477635,0.4200465587076707,0.02563519421272531,0.05503830747777272
straight line,-,-,-,2-20 mm,20-200 GeV,forward,33,6.3070000000006985,0.12282647972305938,0.30110688262285906,0.0256177748809705,0.05415255333929281
straight line,-,-,-,2-20 mm,20-200 GeV,backward,33,6.3070000000006985,0.17160728761211885,0.4632546559487637,0.025714228151230145,0.05435789823025061
straight line,-,-,-,20-200 mm,all,all,6000,69.804950499999,20.964687618445055,131.92871996276384,19.612665080188663,115.8908959603238
straight line,-,-,-,20-200 mm,all,forward,3011,69.80459999999948,21.513548491157053,132.12593879410406,19.568667082467073,112.88208641948927
straight line,-,-,-,20-200 mm,all,backward,2989,69.80529999999999,20.414996663475904,131.5623798974677,19.658988433846503,117.27832237684196
straight line,-,-,-,20-200 mm,1-5 GeV,all,3042,69.80709999999999,44.53267401503069,180.87054692125972,40.21455102039795,159.38876129347344
straight line,-,-,-,20-200 mm,1-5 GeV,forward,1532,69.80653799999982,46.46003091994544,177.52431877595427,41.36493518080897,151.53973033399524
straight line,-,-,-,20-200 mm,1-5 GeV,backward,1510,69.80770074999964,42.37102531328496,183.08922964966993,39.286501777155536,164.55918722407432
straight line,-,-,-,20-200 mm,5-20 GeV,all,2309,69.80490049999935,12.317853076183383,39.753254468882915,11.004320461324824,36.71281705819637
straight line,-,-,-,20-200 mm,5-20 GeV,forward,1156,69.80415000000085,12.767858997733583,40.33468012127628,11.169125238751576,36.715748460693476
straight line,-,-,-,20-200 mm,5-20 GeV,backward,1153,69.80549999999857,11.713788384554391,39.57134046263491,10.942959068302116,36.57183890373968
straight line,-,-,-,20-200 mm,20-200 GeV,all,649,69.8020000000015,3.299496776364208,10.564629587901209,2.9383922570787036,9.41957904213382
straight line,-,-,-,20-200 mm,20-200 GeV,forward,323,69.80189999999857,3.143189853659578,11.283516561007895,2.9548722897771995,9.344637726445622
straight line,-,-,-,20-200 mm,20-200 GeV,backward,326,69.80249950000007,3.4639719188334084,9.706154000845402,2.8927267577572024,9.395055471962621
straight line,-,-,-,200-2000 mm,all,all,4000,472.2208000000005,620.7307783470083,4081.202442587143,615.7695136488428,3982.6021024259335
straight line,-,-,-,200-2000 mm,all,forward,2044,472.2166499999994,633.5083104298462,4190.481609095581,624.1024878029577,4223.207550655914
straight line,-,-,-,200-2000 mm,all,backward,1956,472.2224995000006,604.4038611647551,3886.7319322509957,604.6443087683855,3721.3224588516455
straight line,-,-,-,200-2000 mm,1-5 GeV,all,2042,472.2235007499994,1388.2297136292436,5459.410278746605,1360.4227682456126,5355.2262403755185
straight line,-,-,-,200-2000 mm,1-5 GeV,forward,1057,472.19920699999966,1410.5568971349953,5683.394445991735,1384.8109849698744,5472.209335175967
straight line,-,-,-,200-2000 mm,1-5 GeV,backward,985,472.238799499999,1376.2590853885968,5243.561776058685,1319.3870811872496,5181.755681324009
straight line,-,-,-,200-2000 mm,5-20 GeV,all,1531,472.22849999999926,408.30308057800835,1260.8657222048123,412.0880315958857,1224.912414935961
straight line,-,-,-,200-2000 mm,5-20 GeV,forward,764,472.23500099999956,438.444087149378,1338.4769771564659,435.89275990129295,1333.3968475889235
straight line,-,-,-,200-2000 mm,5-20 GeV,backward,767,472.22249900000133,385.1586256984092,1134.7709721612205,388.8694396076744,1132.0149552322646
straight line,-,-,-,200-2000 mm,20-200 GeV,all,427,472.1847999999991,105.52002412546813,348.66308963167967,106.0338133819414,348.43405387110226
straight line,-,-,-,200-2000 mm,20-200 GeV,forward,223,472.1836999999996,111.55700935472623,362.1818907177555,113.05341220582932,361.80091470855587
straight line,-,-,-,200-2000 mm,20-200 GeV,backward,204,472.1850502499992,100.74464903749458,314.4588962718501,98.60027704830543,316.2542343607754
straight line,-,-,-,cross-magnet,all,all,2410,5175.346389,525792.6107550126,1981982.2791537573,525508.9025366191,1964171.9454775953
straight line,-,-,-,cross-magnet,all,forward,1205,5175.346389,533916.693099016,1850279.5741382404,531807.9650111799,1831717.4345776527
straight line,-,-,-,cross-magnet,all,backward,1205,5175.346389,516547.29714739526,2126982.953792567,514787.91696085804,2112217.440145519
straight line,-,-,-,cross-magnet,1-5 GeV,all,1034,5174.7871589999995,1148832.8158304812,2322782.285306488,1141088.3206231291,2288153.8953972002
straight line,-,-,-,cross-magnet,1-5 GeV,forward,517,5174.7871589999995,1129606.7446044553,2132964.4602339766,1121382.5380605462,2096195.0056391892
straight line,-,-,-,cross-magnet,1-5 GeV,backward,517,5174.7871589999995,1165497.8262255876,2561534.158829471,1161435.8285109014,2531663.392070297
straight line,-,-,-,cross-magnet,5-20 GeV,all,1074,5175.753925000001,342032.0543092252,594453.4478558291,342232.18027177424,592044.492029692
straight line,-,-,-,cross-magnet,5-20 GeV,forward,537,5175.753925000001,346881.05546577735,598469.9007829591,346894.1757184654,595445.1152746344
straight line,-,-,-,cross-magnet,5-20 GeV,backward,537,5175.753925000001,334529.468994222,586517.3224611387,333975.6631984568,583268.4500550521
straight line,-,-,-,cross-magnet,20-200 GeV,all,302,5177.237445999999,99064.83189097699,143696.13501002037,98724.05201642422,143642.92610572994
straight line,-,-,-,cross-magnet,20-200 GeV,forward,151,5177.237445999999,100887.4465584741,144704.86269673318,100897.01494647778,144760.3622017093
straight line,-,-,-,cross-magnet,20-200 GeV,backward,151,5177.237445999999,96626.51153675244,138888.34932536999,96789.0679573984,139090.30907200626
exact scheme q=8,-,-,-,all,all,all,13228,70.22465149999971,20.444621856171352,5130.695129014223,0.0007041991239020717,116.56391525543044
exact scheme q=8,-,-,-,all,all,forward,6669,70.2286009999998,24.39018087295608,6289.001369171677,0.0009527876727588591,119.54861760150368
exact scheme q=8,-,-,-,all,all,backward,6559,70.22270000000026,16.452056820980943,4119.7916580676865,0.000479795062346966,114.76297130103451
exact scheme q=8,-,-,-,all,1-5 GeV,all,6526,70.21979974999931,38.14207569656958,11032.067949000251,0.0007898153455698775,277.5009287689061
exact scheme q=8,-,-,-,all,1-5 GeV,forward,3310,70.2234492499997,47.24421122418221,12596.568211170215,0.0010732046860084665,365.57359943798605
exact scheme q=8,-,-,-,all,1-5 GeV,backward,3216,70.21649950000028,30.900871857703294,9059.993348045795,0.0005370359303924488,234.3980397478731
exact scheme q=8,-,-,-,all,5-20 GeV,all,5212,140.07619949999935,10.886605436496666,1979.9066337704678,0.0007463853464173553,49.19863416303762
exact scheme q=8,-,-,-,all,5-20 GeV,forward,2606,140.02239974999975,13.047403020307158,2460.1000461317994,0.0008984381540955155,41.74569643598858
exact scheme q=8,-,-,-,all,5-20 GeV,backward,2606,203.6929999999993,8.73532204110461,1588.989619011535,0.0006035033948137425,53.1837823354806
exact scheme q=8,-,-,-,all,20-200 GeV,all,1490,70.21095024999977,2.7142636710522083,440.6444982989953,7.566220361354681e-05,11.214486166420551
exact scheme q=8,-,-,-,all,20-200 GeV,forward,753,139.99350049999885,3.0667460904965083,594.3426969084721,0.00014348457000323833,7.6257636147829535
exact scheme q=8,-,-,-,all,20-200 GeV,backward,737,70.2077999999965,2.4351221970562165,345.4537480747546,4.6628088057332207e-05,15.248068894541674
exact scheme q=8,-,-,-,0.05-2 mm,all,all,436,0.6499827500010724,0.10938066691323911,0.9476415445135444,4.547473508864641e-10,2.2737367544323206e-09
exact scheme q=8,-,-,-,0.05-2 mm,all,forward,218,0.6499827500010724,0.11432611495365563,1.0065759668293544,4.547473508864641e-10,2.0804691303055684e-09
exact scheme q=8,-,-,-,0.05-2 mm,all,backward,218,0.6499827500010724,0.10531764867494076,0.8744041475068797,4.547473508864641e-10,2.2737367544323206e-09
exact scheme q=8,-,-,-,0.05-2 mm,1-5 GeV,all,248,0.6499792499998875,0.1878687094176712,1.2018352609175054,9.094947017729282e-10,2.2737367544323206e-09
exact scheme q=8,-,-,-,0.05-2 mm,1-5 GeV,forward,124,0.6499792499998875,0.22289977408718187,1.1993442253924513,9.094947017729282e-10,2.2737367544323206e-09
exact scheme q=8,-,-,-,0.05-2 mm,1-5 GeV,backward,124,0.6499792499998875,0.16376321573829955,1.1964563893798175,9.094947017729282e-10,2.2737367544323206e-09
exact scheme q=8,-,-,-,0.05-2 mm,5-20 GeV,all,142,0.6499850000000151,0.08465909742483291,0.24661559498078128,2.540190280342358e-10,6.821210263296962e-10
exact scheme q=8,-,-,-,0.05-2 mm,5-20 GeV,forward,71,0.6499850000000151,0.07863852863465581,0.22931528933511913,2.3803181647963356e-10,5.684341886080801e-10
exact scheme q=8,-,-,-,0.05-2 mm,5-20 GeV,backward,71,0.6499850000000151,0.09028759336615622,0.3168770287516054,2.7000623958883807e-10,6.821210263296962e-10
exact scheme q=8,-,-,-,0.05-2 mm,20-200 GeV,all,46,0.6499925000007352,0.058006293799373054,0.12500909769386226,8.526512829121202e-11,2.2737367544323206e-10
exact scheme q=8,-,-,-,0.05-2 mm,20-200 GeV,forward,23,0.6499925000007352,0.05569343852585007,0.1301732045789094,1.1368683772161603e-10,2.2168933355715118e-10
exact scheme q=8,-,-,-,0.05-2 mm,20-200 GeV,backward,23,0.6499925000007352,0.07111313806262842,0.09798191267407218,8.526512829121202e-11,2.2168933355715118e-10
exact scheme q=8,-,-,-,2-20 mm,all,all,382,6.3070000000006985,0.5732100881346014,6.002440037032386,2.984279490192421e-10,1.3589929181989575e-07
exact scheme q=8,-,-,-,2-20 mm,all,forward,191,6.3070000000006985,0.6471071981489773,5.96150392109962,2.842170943040401e-10,2.1714896547564422e-07
exact scheme q=8,-,-,-,2-20 mm,all,backward,191,6.3070000000006985,0.5034127568208646,6.42718649740992,2.984279490192421e-10,2.9451996397256153e-08
exact scheme q=8,-,-,-,2-20 mm,1-5 GeV,all,160,6.3070000000006985,1.7905686055712522,10.054238747648004,7.531752999057062e-10,5.390191404330825e-07
exact scheme q=8,-,-,-,2-20 mm,1-5 GeV,forward,80,6.3070000000006985,1.7348772275695978,9.72903786733923,7.531752999057062e-10,5.390191404330833e-07
exact scheme q=8,-,-,-,2-20 mm,1-5 GeV,backward,80,6.3070000000006985,1.8873116010524882,11.019212934814956,7.673861546209082e-10,1.1756751128188842e-07
exact scheme q=8,-,-,-,2-20 mm,5-20 GeV,all,156,6.3070000000006985,0.49520044675821495,1.7174352502209445,2.4158453015843406e-10,1.545616967746355e-07
exact scheme q=8,-,-,-,2-20 mm,5-20 GeV,forward,78,6.3070000000006985,0.5634906753613222,1.7076189425594626,2.4158453015843406e-10,2.0299282255109564e-07
exact scheme q=8,-,-,-,2-20 mm,5-20 GeV,backward,78,6.3070000000006985,0.45550057219045925,1.6034872244482277,2.4158453015843406e-10,2.1585577769656074e-08
exact scheme q=8,-,-,-,2-20 mm,20-200 GeV,all,66,6.3070000000006985,0.15184522313838045,0.37758583327071604,1.2789769243681803e-10,2.8066438062523957e-10
exact scheme q=8,-,-,-,2-20 mm,20-200 GeV,forward,33,6.3070000000006985,0.13677277195967008,0.3407400637222224,1.2789769243681803e-10,2.6147972675971687e-10
exact scheme q=8,-,-,-,2-20 mm,20-200 GeV,backward,33,6.3070000000006985,0.15232244579266307,0.4123623768798267,1.2079226507921703e-10,2.899014361901209e-10
exact scheme q=8,-,-,-,20-200 mm,all,all,6000,69.804950499999,7.463210843567936,59.35325002084184,1.775970304151997e-05,0.0005766480370539284
exact scheme q=8,-,-,-,20-200 mm,all,forward,3011,69.80459999999948,8.978494458347086,67.18173561932872,2.4764290174061898e-05,0.0006974645430091186
exact scheme q=8,-,-,-,20-200 mm,all,backward,2989,69.80529999999999,6.155144595481943,47.93289949889182,1.4148156424198532e-05,0.00045919466629129585
exact scheme q=8,-,-,-,20-200 mm,1-5 GeV,all,3042,69.80709999999999,17.394425349323228,80.84040684140052,4.1378516613121974e-05,0.0009361234852178745
exact scheme q=8,-,-,-,20-200 mm,1-5 GeV,forward,1532,69.80653799999982,21.225410953036317,91.30813773469842,5.5224212758275826e-05,0.0011451960375552523
exact scheme q=8,-,-,-,20-200 mm,1-5 GeV,backward,1510,69.80770074999964,14.225204856529672,63.42032501658463,3.337663656566292e-05,0.0007123849435686224
exact scheme q=8,-,-,-,20-200 mm,5-20 GeV,all,2309,69.80490049999935,4.656629223063646,17.39385664879123,1.186589315693709e-05,0.00020584991489158694
exact scheme q=8,-,-,-,20-200 mm,5-20 GeV,forward,1156,69.80415000000085,5.349356457955423,18.876938449899683,2.0870416506113543e-05,0.0002622296833010296
exact scheme q=8,-,-,-,20-200 mm,5-20 GeV,backward,1153,69.80549999999857,3.9095688218537816,14.333215008158351,8.150777830451261e-06,0.0001649303328576934
exact scheme q=8,-,-,-,20-200 mm,20-200 GeV,all,649,69.8020000000015,1.1641983433747782,4.7555086380512535,2.972058155137347e-06,5.510455594048838e-05
exact scheme q=8,-,-,-,20-200 mm,20-200 GeV,forward,323,69.80189999999857,1.3220286107298307,5.356916743221517,4.6690615818079095e-06,6.631194366946146e-05
exact scheme q=8,-,-,-,20-200 mm,20-200 GeV,backward,326,69.80249950000007,1.0337623316019062,3.784087214018683,2.305332813534733e-06,4.402931352842643e-05
exact scheme q=8,-,-,-,200-2000 mm,all,all,4000,472.2208000000005,51.14420925950469,415.95657605370167,0.03562612690188871,0.3241983172301843
exact scheme q=8,-,-,-,200-2000 mm,all,forward,2044,472.2166499999994,58.87612462404945,433.92612772757957,0.02494636417793572,0.23317916530913857
exact scheme q=8,-,-,-,200-2000 mm,all,backward,1956,472.2224995000006,42.73482107419113,389.2916717237753,0.0494909999133597,0.39218039096056145
exact scheme q=8,-,-,-,200-2000 mm,1-5 GeV,all,2042,472.2235007499994,119.08880834581836,534.2636550620279,0.08133771970619819,0.44965350354004746
exact scheme q=8,-,-,-,200-2000 mm,1-5 GeV,forward,1057,472.19920699999966,131.32030897634195,621.3659435020189,0.05512537200047518,0.3367392643212952
exact scheme q=8,-,-,-,200-2000 mm,1-5 GeV,backward,985,472.238799499999,109.1378692981948,502.6700213750671,0.12847773035673526,0.5261943793811952
exact scheme q=8,-,-,-,200-2000 mm,5-20 GeV,all,1531,472.22849999999926,29.271237113675852,129.63032990501233,0.021139466390707184,0.08629249700220498
exact scheme q=8,-,-,-,200-2000 mm,5-20 GeV,forward,764,472.23500099999956,34.923173995153434,152.64777286390944,0.01406718703833576,0.054805772782629
exact scheme q=8,-,-,-,200-2000 mm,5-20 GeV,backward,767,472.22249900000133,23.8691780920135,110.79568608753895,0.0337482939585243,0.09804548569718459
exact scheme q=8,-,-,-,200-2000 mm,20-200 GeV,all,427,472.1847999999991,6.828525971741328,32.03994691788523,0.005322102794025341,0.02400468376890785
exact scheme q=8,-,-,-,200-2000 mm,20-200 GeV,forward,223,472.1836999999996,7.3948705540800574,32.09636371409203,0.003823221071286298,0.012246175316477093
exact scheme q=8,-,-,-,200-2000 mm,20-200 GeV,backward,204,472.1850502499992,5.845315921821026,29.788033448333803,0.00879934029285323,0.02517814535962781
exact scheme q=8,-,-,-,cross-magnet,all,all,2410,5175.346389,1847.13903901293,22135.326179404074,41.50355325727162,972.5361554440822
exact scheme q=8,-,-,-,cross-magnet,all,forward,1205,5175.346389,2352.8959100536895,26972.977940105593,31.774816256927352,1779.6829998460898
exact scheme q=8,-,-,-,cross-magnet,all,backward,1205,5175.346389,1443.567308876311,17049.45692076893,47.54709179620065,613.0633208748235
exact scheme q=8,-,-,-,cross-magnet,1-5 GeV,all,1034,5174.7871589999995,6408.02638155509,31844.04098125697,136.0800153793491,2592.1912450045643
exact scheme q=8,-,-,-,cross-magnet,1-5 GeV,forward,517,5174.7871589999995,7644.722380552935,38078.76918372759,147.36294752356116,5037.2695441094
exact scheme q=8,-,-,-,cross-magnet,1-5 GeV,backward,517,5174.7871589999995,5044.023235649029,24571.836972754176,132.47234950134157,919.6747740374176
exact scheme q=8,-,-,-,cross-magnet,5-20 GeV,all,1074,5175.753925000001,972.9139318617541,5086.396573185008,22.16843302369398,221.15952408314158
exact scheme q=8,-,-,-,cross-magnet,5-20 GeV,forward,537,5175.753925000001,1240.6181401393042,6236.789608534627,16.72381027378833,248.94249950901892
exact scheme q=8,-,-,-,cross-magnet,5-20 GeV,backward,537,5175.753925000001,765.8466074848604,4257.151184351024,28.80225930054081,191.33511378555852
exact scheme q=8,-,-,-,cross-magnet,20-200 GeV,all,302,5177.237445999999,244.15298961701382,1179.6036057025656,5.928316251530674,20.56367963298271
exact scheme q=8,-,-,-,cross-magnet,20-200 GeV,forward,151,5177.237445999999,289.92870607798693,2115.332393568707,4.408505629015735,14.690959743006715
exact scheme q=8,-,-,-,cross-magnet,20-200 GeV,backward,151,5177.237445999999,222.07971361560652,592.9260449656244,8.599448240055096,21.59908555778678
network (every seed),2x256,data,0,all,all,all,13228,70.22465149999971,24.29494697698864,10747.666822858908,4.214348009062618,8666.36081920182
network (every seed),2x256,data,0,all,all,forward,6669,70.2286009999998,29.12627124994316,9808.99156959264,4.46698083825936,7026.465445706297
network (every seed),2x256,data,0,all,all,backward,6559,70.22270000000026,20.069268852878963,11989.7921272862,3.9885127666821063,11035.10855179611
network (every seed),2x256,data,0,all,1-5 GeV,all,6526,70.21979974999931,46.10185045345361,39955.321751121,9.508651804253532,30260.82038000419
network (every seed),2x256,data,0,all,1-5 GeV,forward,3310,70.2234492499997,55.69376678866966,28146.763762931074,11.08667747553227,19755.652908132157
network (every seed),2x256,data,0,all,1-5 GeV,backward,3216,70.21649950000028,36.54505845211986,63229.32133695366,8.889547069657056,56650.08559982231
network (every seed),2x256,data,0,all,5-20 GeV,all,5212,140.07619949999935,12.301008549771453,3569.1123573618665,1.548153241436978,2529.9128093770087
network (every seed),2x256,data,0,all,5-20 GeV,forward,2606,140.02239974999975,14.810523814190901,3524.0158110117222,1.511340418970164,1968.1952871785882
network (every seed),2x256,data,0,all,5-20 GeV,backward,2606,203.6929999999993,10.144320707020427,3630.7150110743405,1.5670716235760551,2963.9733183414737
network (every seed),2x256,data,0,all,20-200 GeV,all,1490,70.21095024999977,3.452966960253434,1064.0459267834997,0.8445340542300173,745.383712686381
network (every seed),2x256,data,0,all,20-200 GeV,forward,753,139.99350049999885,4.446823867766625,1018.147120773676,0.9812877592878522,597.0981800577416
network (every seed),2x256,data,0,all,20-200 GeV,backward,737,70.2077999999965,2.907340577166906,1136.24967311802,0.6537322909707655,1025.7667932719044
network (every seed),2x256,data,0,0.05-2 mm,all,all,436,0.6499827500010724,0.1093743025535332,0.947029054344739,5.056369900557911e-05,0.001249921922408248
network (every seed),2x256,data,0,0.05-2 mm,all,forward,218,0.6499827500010724,0.11450174952187808,1.0065431272614893,5.067360575594648e-05,0.0012189090057290668
network (every seed),2x256,data,0,0.05-2 mm,all,backward,218,0.6499827500010724,0.10530710969192114,0.8737154720762418,5.056369900557911e-05,0.0012120824180783456
network (every seed),2x256,data,0,0.05-2 mm,1-5 GeV,all,248,0.6499792499998875,0.18789253942941286,1.205059886365234,0.0001591518241639278,0.002042048618022818
network (every seed),2x256,data,0,0.05-2 mm,1-5 GeV,forward,124,0.6499792499998875,0.22303785237909324,1.2021156187358883,0.0001591518241639278,0.0019917156976134703
network (every seed),2x256,data,0,0.05-2 mm,1-5 GeV,backward,124,0.6499792499998875,0.1642741810101711,1.1960874328792659,0.00015883318837950355,0.001998781624479305
network (every seed),2x256,data,0,0.05-2 mm,5-20 GeV,all,142,0.6499850000000151,0.08466030456588669,0.2465898795236398,1.44026728321478e-05,0.0001599895160353523
network (every seed),2x256,data,0,0.05-2 mm,5-20 GeV,forward,71,0.6499850000000151,0.07863697655352553,0.2293150474699246,1.4329657460621092e-05,0.00014840312090314
network (every seed),2x256,data,0,0.05-2 mm,5-20 GeV,backward,71,0.6499850000000151,0.09041519183483615,0.31687169777683266,1.4438171547226375e-05,0.00014575864604182698
network (every seed),2x256,data,0,0.05-2 mm,20-200 GeV,all,46,0.6499925000007352,0.05800136320566196,0.12500486739241978,5.2300030972673994e-06,0.00010744396661266364
network (every seed),2x256,data,0,0.05-2 mm,20-200 GeV,forward,23,0.6499925000007352,0.055710716424073325,0.13016775577909806,5.27250421100689e-06,0.00010404989438939079
network (every seed),2x256,data,0,0.05-2 mm,20-200 GeV,backward,23,0.6499925000007352,0.0711135576665356,0.09799024077494776,5.187501983527909e-06,0.00010445897373756448
network (every seed),2x256,data,0,2-20 mm,all,all,382,6.3070000000006985,0.5725827654217142,6.067618290920506,0.001422979543974634,0.07619164525056725
network (every seed),2x256,data,0,2-20 mm,all,forward,191,6.3070000000006985,0.6446406483948675,5.943573494519683,0.001268263787324031,0.07327965579939644
network (every seed),2x256,data,0,2-20 mm,all,backward,191,6.3070000000006985,0.5032157578828134,6.423941553854728,0.0015951330851748935,0.07351009318234958
network (every seed),2x256,data,0,2-20 mm,1-5 GeV,all,160,6.3070000000006985,1.776025308409146,10.067766643550147,0.014363170979692086,0.17219518866653444
network (every seed),2x256,data,0,2-20 mm,1-5 GeV,forward,80,6.3070000000006985,1.7359491961670415,9.763101457065204,0.01631268503388128,0.17267439170254292
network (every seed),2x256,data,0,2-20 mm,1-5 GeV,backward,80,6.3070000000006985,2.008967276765361,10.997821441958418,0.014363170979692086,0.17184203135940368
network (every seed),2x256,data,0,2-20 mm,5-20 GeV,all,156,6.3070000000006985,0.4960102845337211,1.7187295323779495,0.0005149689243921785,0.007720927996501814
network (every seed),2x256,data,0,2-20 mm,5-20 GeV,forward,78,6.3070000000006985,0.563697873431579,1.7089683721209772,0.00048339989078272083,0.007567171306277474
network (every seed),2x256,data,0,2-20 mm,5-20 GeV,backward,78,6.3070000000006985,0.4555772576360084,1.604476669578856,0.0005376621103891921,0.005649822375336474
network (every seed),2x256,data,0,2-20 mm,20-200 GeV,all,66,6.3070000000006985,0.15123442520525998,0.3784448409477892,0.0004189384412711661,0.0016083517988541018
network (every seed),2x256,data,0,2-20 mm,20-200 GeV,forward,33,6.3070000000006985,0.14127474186409472,0.3401393730966262,0.0004154318098414933,0.001375785628354719
network (every seed),2x256,data,0,2-20 mm,20-200 GeV,backward,33,6.3070000000006985,0.15155724307902574,0.41281929701826303,0.0004382440721428793,0.0014484881159404486
network (every seed),2x256,data,0,20-200 mm,all,all,6000,69.804950499999,7.840804064507267,61.37382427974459,0.5988370477325589,11.61791134103467
network (every seed),2x256,data,0,20-200 mm,all,forward,3011,69.80459999999948,9.264859704394723,70.19750984489725,0.6040656362529262,12.837701071703123
network (every seed),2x256,data,0,20-200 mm,all,backward,2989,69.80529999999999,6.583146333696277,50.429801747191036,0.5897905650726898,10.479140589950465
network (every seed),2x256,data,0,20-200 mm,1-5 GeV,all,3042,69.80709999999999,17.87731957045935,82.5282880713899,1.8331455105311534,20.45530557488743
network (every seed),2x256,data,0,20-200 mm,1-5 GeV,forward,1532,69.80653799999982,21.64255220042577,94.16168901478699,1.8603386137101552,21.26653969273847
network (every seed),2x256,data,0,20-200 mm,1-5 GeV,backward,1510,69.80770074999964,14.865938984371496,67.29634934378049,1.8016536325333732,19.557183637989777
network (every seed),2x256,data,0,20-200 mm,5-20 GeV,all,2309,69.80490049999935,4.719603560715768,17.43265347790839,0.2496062644468111,1.6176041569451622
network (every seed),2x256,data,0,20-200 mm,5-20 GeV,forward,1156,69.80415000000085,5.442491982442732,18.914871506012787,0.26922731765921526,1.5185902173868726
network (every seed),2x256,data,0,20-200 mm,5-20 GeV,backward,1153,69.80549999999857,3.975392342795203,14.432925663497526,0.23008142139246957,1.7826865167080526
network (every seed),2x256,data,0,20-200 mm,20-200 GeV,all,649,69.8020000000015,1.326131031873956,5.205641886044533,0.10423813688476002,1.4587712237357673
network (every seed),2x256,data,0,20-200 mm,20-200 GeV,forward,323,69.80189999999857,1.4749113162073613,5.355443866230303,0.08782771720916571,1.5564765652801065
network (every seed),2x256,data,0,20-200 mm,20-200 GeV,backward,326,69.80249950000007,1.1600117243659724,4.352990602511042,0.11899299168760535,1.0737665073250469
network (every seed),2x256,data,0,200-2000 mm,all,all,4000,472.2208000000005,72.39459312683039,761.400632669057,36.881253935519,637.8623136923917
network (every seed),2x256,data,0,200-2000 mm,all,forward,2044,472.2166499999994,83.59830697980897,930.4553559599065,45.74688578372843,721.6547607643631
network (every seed),2x256,data,0,200-2000 mm,all,backward,1956,472.2224995000006,62.60515792732235,651.8953578422497,28.776070479409555,528.2658180115334
network (every seed),2x256,data,0,200-2000 mm,1-5 GeV,all,2042,472.2235007499994,172.3785165344225,1159.6806945823103,107.84947613744578,990.6237853431586
network (every seed),2x256,data,0,200-2000 mm,1-5 GeV,forward,1057,472.19920699999966,190.33563362791028,1367.201723745256,123.45779871907325,1152.033657807987
network (every seed),2x256,data,0,200-2000 mm,1-5 GeV,backward,985,472.238799499999,153.19852635684583,925.1631108861143,89.49606418332223,796.1238441316476
network (every seed),2x256,data,0,200-2000 mm,5-20 GeV,all,1531,472.22849999999926,37.69082794565293,171.76954876890704,16.9754860271496,103.4589871492031
network (every seed),2x256,data,0,200-2000 mm,5-20 GeV,forward,764,472.23500099999956,42.52662427168019,184.55040815449618,20.531647552783028,105.45236177811434
network (every seed),2x256,data,0,200-2000 mm,5-20 GeV,backward,767,472.22249900000133,32.53129987274406,150.10484974241058,14.95433008049929,94.51997623803533
network (every seed),2x256,data,0,200-2000 mm,20-200 GeV,all,427,472.1847999999991,12.105019009652551,89.24563804872321,7.4663640368441975,77.4065182859715
network (every seed),2x256,data,0,200-2000 mm,20-200 GeV,forward,223,472.1836999999996,17.077225479315672,130.99576347318015,11.451890831178702,121.38287811808084
network (every seed),2x256,data,0,200-2000 mm,20-200 GeV,backward,204,472.1850502499992,9.088004903638591,46.73609467075507,4.619681651302443,33.93399801168044
network (every seed),2x256,data,0,cross-magnet,all,all,2410,5175.346389,3319.0551925966292,158348.39997116642,2339.703780814915,136821.74984848124
network (every seed),2x256,data,0,cross-magnet,all,forward,1205,5175.346389,3412.809783445823,96109.37059851349,1879.5216846832545,76114.24941298364
network (every seed),2x256,data,0,cross-magnet,all,backward,1205,5175.346389,3172.6351975551397,252201.15543395252,2761.4941510782674,240808.6795324578
network (every seed),2x256,data,0,cross-magnet,1-5 GeV,all,1034,5174.7871589999995,14091.597638893445,319588.59171959985,11761.358924579305,308391.6684225981
network (every seed),2x256,data,0,cross-magnet,1-5 GeV,forward,517,5174.7871589999995,12514.634929471811,176444.7916017606,8784.615805676594,137690.18699517363
network (every seed),2x256,data,0,cross-magnet,1-5 GeV,backward,517,5174.7871589999995,16760.04126419963,478895.1062831908,15679.319857210601,467091.40569566656
network (every seed),2x256,data,0,cross-magnet,5-20 GeV,all,1074,5175.753925000001,1799.0592534262255,13688.777808018831,1124.9980944838214,11945.2922365969
network (every seed),2x256,data,0,cross-magnet,5-20 GeV,forward,537,5175.753925000001,1887.1309336966463,13047.825113197981,810.234200114671,10486.8959656048
network (every seed),2x256,data,0,cross-magnet,5-20 GeV,backward,537,5175.753925000001,1733.4040618767083,13786.438403238284,1509.260231663866,12798.977504441904
network (every seed),2x256,data,0,cross-magnet,20-200 GeV,all,302,5177.237445999999,566.1970171605617,2697.20385033372,390.6080287097966,2270.0542414682545
network (every seed),2x256,data,0,cross-magnet,20-200 GeV,forward,151,5177.237445999999,561.0335545578664,3163.666754768755,379.3459581361276,1424.1522895090384
network (every seed),2x256,data,0,cross-magnet,20-200 GeV,backward,151,5177.237445999999,574.3411583202977,2267.583029138045,414.98956089043304,2360.035874141758
network (every seed),2x256,data,1,all,all,all,13228,70.22465149999971,25.002319046905086,10047.563138229147,4.824200906668352,7453.52371535572
network (every seed),2x256,data,1,all,all,forward,6669,70.2286009999998,29.062308111580393,9146.825877178362,4.717277688996546,5690.07874703459
network (every seed),2x256,data,1,all,all,backward,6559,70.22270000000026,21.148696487898633,11477.193885989309,4.929583627244938,9119.96090864129
network (every seed),2x256,data,1,all,1-5 GeV,all,6526,70.21979974999931,46.962234103602896,35068.23336268758,9.654370866712725,24367.169338554828
network (every seed),2x256,data,1,all,1-5 GeV,forward,3310,70.2234492499997,57.825803522536745,27600.171512409044,9.451092165448927,18160.71433391321
network (every seed),2x256,data,1,all,1-5 GeV,backward,3216,70.21649950000028,36.45636562876575,48701.62163066256,9.881448103840285,38351.926157298476
network (every seed),2x256,data,1,all,5-20 GeV,all,5212,140.07619949999935,12.77678683305794,3255.575866374968,1.829494278126731,1848.5356998480902
network (every seed),2x256,data,1,all,5-20 GeV,forward,2606,140.02239974999975,14.94774324869308,3523.6331172960436,1.5638608254704423,1518.64017921595
network (every seed),2x256,data,1,all,5-20 GeV,backward,2606,203.6929999999993,10.621132822226542,3161.7426844680276,2.2897194742199645,2156.1508279376794
network (every seed),2x256,data,1,all,20-200 GeV,all,1490,70.21095024999977,3.319348048073323,1053.0005151337134,0.5570709103466243,743.8489428648862
network (every seed),2x256,data,1,all,20-200 GeV,forward,753,139.99350049999885,4.143567340122445,1086.8527804072187,0.8240960148384602,664.5751699874714
network (every seed),2x256,data,1,all,20-200 GeV,backward,737,70.2077999999965,2.8399623510324545,923.1548833692904,0.4123069814880864,845.1854813566134
network (every seed),2x256,data,1,0.05-2 mm,all,all,436,0.6499827500010724,0.10936323150190219,0.9474629294459191,5.7966929034591885e-05,0.0014504663710113164
network (every seed),2x256,data,1,0.05-2 mm,all,forward,218,0.6499827500010724,0.11426994092289533,1.0065568451089695,5.774091960120131e-05,0.0013885095398791095
network (every seed),2x256,data,1,0.05-2 mm,all,backward,218,0.6499827500010724,0.1053378823598905,0.8742378864553756,5.7966929034591885e-05,0.0013852150061666037
network (every seed),2x256,data,1,0.05-2 mm,1-5 GeV,all,248,0.6499792499998875,0.1877409971484667,1.204037669299396,0.00017107345229305793,0.0027131108026878788
network (every seed),2x256,data,1,0.05-2 mm,1-5 GeV,forward,124,0.6499792499998875,0.22287752585725684,1.2015374570694348,0.0001673394649515103,0.002634423991310084
network (every seed),2x256,data,1,0.05-2 mm,1-5 GeV,backward,124,0.6499792499998875,0.16401610392335897,1.1965507190268443,0.00017107345229305793,0.0026471014251683274
network (every seed),2x256,data,1,0.05-2 mm,5-20 GeV,all,142,0.6499850000000151,0.08466741994084259,0.2466098191840515,1.676713168308197e-05,0.00042413095684423513
network (every seed),2x256,data,1,0.05-2 mm,5-20 GeV,forward,71,0.6499850000000151,0.0786340740006608,0.2292763765741057,1.6882125919437385e-05,0.00032990448062264477
network (every seed),2x256,data,1,0.05-2 mm,5-20 GeV,backward,71,0.6499850000000151,0.09006330128613627,0.3168985286379211,1.670099436523742e-05,0.0003305887616988912
network (every seed),2x256,data,1,0.05-2 mm,20-200 GeV,all,46,0.6499925000007352,0.058006803105747906,0.12501283169896737,6.5651164504743065e-06,0.00015101652905968876
network (every seed),2x256,data,1,0.05-2 mm,20-200 GeV,forward,23,0.6499925000007352,0.05569702625507489,0.1301770062397622,6.609809588553617e-06,0.00013803764602471328
network (every seed),2x256,data,1,0.05-2 mm,20-200 GeV,backward,23,0.6499925000007352,0.07112213504001375,0.09799153167762141,6.201531732585863e-06,0.0001380389676342018
network (every seed),2x256,data,1,2-20 mm,all,all,382,6.3070000000006985,0.5730309283435986,6.0211488768118215,0.0013172941359940182,0.0952216528844474
network (every seed),2x256,data,1,2-20 mm,all,forward,191,6.3070000000006985,0.6482368019946894,5.9545216729191,0.0012899019736778428,0.09498903821736349
network (every seed),2x256,data,1,2-20 mm,all,backward,191,6.3070000000006985,0.5032312378823178,6.445392674606865,0.0013239036338319465,0.09549881190196174
network (every seed),2x256,data,1,2-20 mm,1-5 GeV,all,160,6.3070000000006985,1.7684399371447057,10.059637390506271,0.015268965071868479,0.14817988890314368
network (every seed),2x256,data,1,2-20 mm,1-5 GeV,forward,80,6.3070000000006985,1.731771137990279,9.73156701462585,0.015637826358272378,0.14220842993637456
network (every seed),2x256,data,1,2-20 mm,1-5 GeV,backward,80,6.3070000000006985,1.8613537365297361,11.010005743398207,0.01500616714622538,0.14842659028744262
network (every seed),2x256,data,1,2-20 mm,5-20 GeV,all,156,6.3070000000006985,0.49376843411552684,1.718325455232872,0.0007077383497033907,0.006172636399348619
network (every seed),2x256,data,1,2-20 mm,5-20 GeV,forward,78,6.3070000000006985,0.5637038347998669,1.7086978886645445,0.0006791264546279763,0.006717137069678304
network (every seed),2x256,data,1,2-20 mm,5-20 GeV,backward,78,6.3070000000006985,0.45547682795543665,1.6047997439375883,0.0007590514101707413,0.006100559042643277
network (every seed),2x256,data,1,2-20 mm,20-200 GeV,all,66,6.3070000000006985,0.1520329625339656,0.37799694573970033,0.00023161209306010733,0.004406063531026128
network (every seed),2x256,data,1,2-20 mm,20-200 GeV,forward,33,6.3070000000006985,0.1331238612429786,0.34083920864373946,0.00018727165240761678,0.003918457507889883
network (every seed),2x256,data,1,2-20 mm,20-200 GeV,backward,33,6.3070000000006985,0.152663742468917,0.4127101439211244,0.00023887672639943958,0.004608337103295668
network (every seed),2x256,data,1,20-200 mm,all,all,6000,69.804950499999,7.862143563333035,62.05575781359553,0.553698345605369,12.184023163538175
network (every seed),2x256,data,1,20-200 mm,all,forward,3011,69.80459999999948,9.236562197880716,70.02254023348087,0.5093865399885544,11.342056235775999
network (every seed),2x256,data,1,20-200 mm,all,backward,2989,69.80529999999999,6.595430053749851,50.77350658853276,0.6063227624508727,12.439761736811755
network (every seed),2x256,data,1,20-200 mm,1-5 GeV,all,3042,69.80709999999999,17.876585013937074,82.86844442908148,1.8159594232969312,20.780705631705835
network (every seed),2x256,data,1,20-200 mm,1-5 GeV,forward,1532,69.80653799999982,21.51509757791814,94.221158680341,1.6504011644258298,20.81132232216661
network (every seed),2x256,data,1,20-200 mm,1-5 GeV,backward,1510,69.80770074999964,15.113916647749193,66.0519933069395,1.996481611854506,20.76181141245001
network (every seed),2x256,data,1,20-200 mm,5-20 GeV,all,2309,69.80490049999935,4.71927719840437,17.780065639726665,0.23103793072820622,2.0993169391431357
network (every seed),2x256,data,1,20-200 mm,5-20 GeV,forward,1156,69.80415000000085,5.4471827123911964,19.12438124290361,0.23450033336303022,1.780709782934764
network (every seed),2x256,data,1,20-200 mm,5-20 GeV,backward,1153,69.80549999999857,3.9319571900477968,14.765058524153558,0.22508625221462353,2.5962859824403464
network (every seed),2x256,data,1,20-200 mm,20-200 GeV,all,649,69.8020000000015,1.3278315403990604,5.188620503400898,0.1000855012307511,1.099683087011272
network (every seed),2x256,data,1,20-200 mm,20-200 GeV,forward,323,69.80189999999857,1.502533473768608,5.402320136776416,0.10251667413285759,1.1491031075607325
network (every seed),2x256,data,1,20-200 mm,20-200 GeV,backward,326,69.80249950000007,1.1753106173983952,4.3896142049248965,0.09845046116652156,0.831768579104164
network (every seed),2x256,data,1,200-2000 mm,all,all,4000,472.2208000000005,78.54334289220333,754.4168290515878,38.715148705790625,594.5559276172542
network (every seed),2x256,data,1,200-2000 mm,all,forward,2044,472.2166499999994,89.17773991051092,753.259861400715,44.94668012602432,597.8989810033141
network (every seed),2x256,data,1,200-2000 mm,all,backward,1956,472.2224995000006,69.24614042628718,753.5166253055135,33.01868652905071,581.9005069684988
network (every seed),2x256,data,1,200-2000 mm,1-5 GeV,all,2042,472.2235007499994,170.30646956195028,1093.7483983075022,98.93700344951384,890.023800703443
network (every seed),2x256,data,1,200-2000 mm,1-5 GeV,forward,1057,472.19920699999966,183.9819547241177,1095.263936150104,104.25677715693382,888.6099784284391
network (every seed),2x256,data,1,200-2000 mm,1-5 GeV,backward,985,472.238799499999,158.01673840746844,1069.860844302069,88.63516452527165,889.9275472529553
network (every seed),2x256,data,1,200-2000 mm,5-20 GeV,all,1531,472.22849999999926,42.75499659411253,209.44183578797038,20.92657418882027,150.01543011726426
network (every seed),2x256,data,1,200-2000 mm,5-20 GeV,forward,764,472.23500099999956,49.34841383908406,218.30539254219164,26.859019834660103,162.93321084179422
network (every seed),2x256,data,1,200-2000 mm,5-20 GeV,backward,767,472.22249900000133,37.07035673539849,197.8046145558631,17.823947284654196,125.29750820093565
network (every seed),2x256,data,1,200-2000 mm,20-200 GeV,all,427,472.1847999999991,10.943948227556177,86.29954578397869,6.323898070263567,62.79519328971753
network (every seed),2x256,data,1,200-2000 mm,20-200 GeV,forward,223,472.1836999999996,12.01565709334318,69.65315103939636,7.170832068680966,41.83739618386888
network (every seed),2x256,data,1,200-2000 mm,20-200 GeV,backward,204,472.1850502499992,9.147231025416147,190.35085205430136,5.518246208275457,191.04063979876923
network (every seed),2x256,data,1,cross-magnet,all,all,2410,5175.346389,3183.5516773285517,131342.08343939553,1860.4894183011425,112276.1020137285
network (every seed),2x256,data,1,cross-magnet,all,forward,1205,5175.346389,3246.859292961858,89541.71427028097,1505.2471910897048,72930.48264832176
network (every seed),2x256,data,1,cross-magnet,all,backward,1205,5175.346389,3119.470492173463,205379.4045596175,2234.6263265843972,193704.4469098715
network (every seed),2x256,data,1,cross-magnet,1-5 GeV,all,1034,5174.7871589999995,14059.353759450232,260331.7944115416,9583.77744736481,246908.02728636106
network (every seed),2x256,data,1,cross-magnet,1-5 GeV,forward,517,5174.7871589999995,12007.541594443182,156021.0557725533,7068.130700073539,128206.76170719857
network (every seed),2x256,data,1,cross-magnet,1-5 GeV,backward,517,5174.7871589999995,15598.173394038724,379449.1452639941,12447.920913740234,368494.18379165966
network (every seed),2x256,data,1,cross-magnet,5-20 GeV,all,1074,5175.753925000001,1547.7214649642833,9942.960337179678,849.8262092571522,8811.562970416559
network (every seed),2x256,data,1,cross-magnet,5-20 GeV,forward,537,5175.753925000001,1561.0238319915766,9381.905507882857,716.638546502395,8196.286217034092
network (every seed),2x256,data,1,cross-magnet,5-20 GeV,backward,537,5175.753925000001,1525.4790282403121,11397.557602321189,1019.313483583872,9864.265415118063
network (every seed),2x256,data,1,cross-magnet,20-200 GeV,all,302,5177.237445999999,500.29247745615635,4132.155508827831,275.03920571256657,4056.9224052579566
network (every seed),2x256,data,1,cross-magnet,20-200 GeV,forward,151,5177.237445999999,556.3252380341766,4092.0839681468306,223.70709284967916,3370.8637483482703
network (every seed),2x256,data,1,cross-magnet,20-200 GeV,backward,151,5177.237445999999,463.64201874187927,4025.370053098829,303.01062775540186,4036.6009794293996
network (every seed),2x256,data,2,all,all,all,13228,70.22465149999971,24.78321591296151,10988.825491960422,4.380816376283292,8851.97739236371
network (every seed),2x256,data,2,all,all,forward,6669,70.2286009999998,28.37304380565797,9813.201738758611,4.705238843484949,7323.366172934112
network (every seed),2x256,data,2,all,all,backward,6559,70.22270000000026,21.374143596208484,12839.849480152376,4.157298197373649,10664.378436773328
network (every seed),2x256,data,2,all,1-5 GeV,all,6526,70.21979974999931,46.3574261195312,28279.641453360997,9.884824498357148,26288.634873151714
network (every seed),2x256,data,2,all,1-5 GeV,forward,3310,70.2234492499997,54.181474529922724,21532.33153220065,10.023975496594062,18691.71263283521
network (every seed),2x256,data,2,all,1-5 GeV,backward,3216,70.21649950000028,38.89110978620636,38057.54081312909,9.70679517140649,33872.568837219995
network (every seed),2x256,data,2,all,5-20 GeV,all,5212,140.07619949999935,12.59565012624364,3319.914074086417,1.507726208387794,1739.6929828266855
network (every seed),2x256,data,2,all,5-20 GeV,forward,2606,140.02239974999975,14.608878733440633,3620.2316704725063,1.319902131669437,1568.162308300657
network (every seed),2x256,data,2,all,5-20 GeV,backward,2606,203.6929999999993,10.484417792440581,3046.2386800504237,1.6781459096666396,1934.3822924176238
network (every seed),2x256,data,2,all,20-200 GeV,all,1490,70.21095024999977,3.4477022664676227,1177.6796681684784,0.6130989760571026,771.9951950062134
network (every seed),2x256,data,2,all,20-200 GeV,forward,753,139.99350049999885,4.009969554431336,1039.644870239123,0.5949747337012923,617.4149166668484
network (every seed),2x256,data,2,all,20-200 GeV,backward,737,70.2077999999965,2.986759854536558,1258.851011534522,0.6340382416745172,1077.6083000674353
network (every seed),2x256,data,2,0.05-2 mm,all,all,436,0.6499827500010724,0.10936404510175635,0.9470516959595443,5.0141622409682896e-05,0.0018073506566906872
network (every seed),2x256,data,2,0.05-2 mm,all,forward,218,0.6499827500010724,0.11442576192166598,1.0067694000880982,5.0273399665456964e-05,0.001727189555822398
network (every seed),2x256,data,2,0.05-2 mm,all,backward,218,0.6499827500010724,0.10530593870328175,0.87690203167341,4.9512356881109554e-05,0.0017780408029466276
network (every seed),2x256,data,2,0.05-2 mm,1-5 GeV,all,248,0.6499792499998875,0.18782763368108135,1.2048819744222783,0.00013085121963740676,0.002760713016414229
network (every seed),2x256,data,2,0.05-2 mm,1-5 GeV,forward,124,0.6499792499998875,0.22295193548416137,1.2014405162346975,0.0001302432650618357,0.0027202704728779264
network (every seed),2x256,data,2,0.05-2 mm,1-5 GeV,backward,124,0.6499792499998875,0.16405438064026612,1.1958236370674047,0.0001336092054771143,0.0027194271524422207
network (every seed),2x256,data,2,0.05-2 mm,5-20 GeV,all,142,0.6499850000000151,0.0846568302392825,0.24660087946966053,1.7839084875959088e-05,0.0002795761929519341
network (every seed),2x256,data,2,0.05-2 mm,5-20 GeV,forward,71,0.6499850000000151,0.07864129111112561,0.2293461320928003,1.7767831650417065e-05,0.00021110690795467235
network (every seed),2x256,data,2,0.05-2 mm,5-20 GeV,backward,71,0.6499850000000151,0.09000039403872506,0.31688968462617595,1.791033810150111e-05,0.000209909671866626
network (every seed),2x256,data,2,0.05-2 mm,20-200 GeV,all,46,0.6499925000007352,0.058010433533262074,0.12499745795224726,6.213845438196586e-06,4.203431558380544e-05
network (every seed),2x256,data,2,0.05-2 mm,20-200 GeV,forward,23,0.6499925000007352,0.05569360450863314,0.13015896505237373,6.197126367624151e-06,4.058206855006572e-05
network (every seed),2x256,data,2,0.05-2 mm,20-200 GeV,backward,23,0.6499925000007352,0.07111796432468509,0.09798278774439949,6.230564508769021e-06,4.0706802906242936e-05
network (every seed),2x256,data,2,2-20 mm,all,all,382,6.3070000000006985,0.5703630913274083,6.044993687119415,0.0012979345616059845,0.09329688730446138
network (every seed),2x256,data,2,2-20 mm,all,forward,191,6.3070000000006985,0.6480103564280304,5.961532074465481,0.001312969118316687,0.09064461369234778
network (every seed),2x256,data,2,2-20 mm,all,backward,191,6.3070000000006985,0.5022869018134202,6.338453733162552,0.0012541150908873533,0.08785835580127355
network (every seed),2x256,data,2,2-20 mm,1-5 GeV,all,160,6.3070000000006985,1.7886204672734607,10.106897344576273,0.01517980652465667,0.18123598044681433
network (every seed),2x256,data,2,2-20 mm,1-5 GeV,forward,80,6.3070000000006985,1.7584185456342993,9.748406011249243,0.015084039858948017,0.18138392434106085
network (every seed),2x256,data,2,2-20 mm,1-5 GeV,backward,80,6.3070000000006985,2.0075480527168565,11.012966238536134,0.01517980652465667,0.176686886863564
network (every seed),2x256,data,2,2-20 mm,5-20 GeV,all,156,6.3070000000006985,0.4942926239797085,1.715222790537041,0.0006486738461930486,0.0043467726538182205
network (every seed),2x256,data,2,2-20 mm,5-20 GeV,forward,78,6.3070000000006985,0.5629803435667213,1.7049785928321617,0.0006447661888842049,0.004438723699351488
network (every seed),2x256,data,2,2-20 mm,5-20 GeV,backward,78,6.3070000000006985,0.4557425027016393,1.6049947796510344,0.0006486738461930486,0.004156859073844993
network (every seed),2x256,data,2,2-20 mm,20-200 GeV,all,66,6.3070000000006985,0.15148875607806644,0.37754733692349496,0.00035675098519760695,0.0015969678726079906
network (every seed),2x256,data,2,2-20 mm,20-200 GeV,forward,33,6.3070000000006985,0.1347898990289309,0.3405280041189673,0.0003220943227688622,0.0015307884737580928
network (every seed),2x256,data,2,2-20 mm,20-200 GeV,backward,33,6.3070000000006985,0.15154558082741687,0.4124469705107713,0.0003693192134335277,0.0015087318288919955
network (every seed),2x256,data,2,20-200 mm,all,all,6000,69.804950499999,7.93282877339152,61.52194652994183,0.5557900552304318,13.521019883096663
network (every seed),2x256,data,2,20-200 mm,all,forward,3011,69.80459999999948,9.413189600763872,69.1573222819386,0.5280350975453985,14.063361198751068
network (every seed),2x256,data,2,20-200 mm,all,backward,2989,69.80529999999999,6.532024619176013,51.77807942050093,0.5840068538418564,12.804268586955901
network (every seed),2x256,data,2,20-200 mm,1-5 GeV,all,3042,69.80709999999999,18.0997582079101,83.57104931474166,1.6816415421292419,23.95577089473587
network (every seed),2x256,data,2,20-200 mm,1-5 GeV,forward,1532,69.80653799999982,21.67753780251047,93.77189772640975,1.7322154524155309,23.719040512577298
network (every seed),2x256,data,2,20-200 mm,1-5 GeV,backward,1510,69.80770074999964,15.135226974734906,65.71915047632045,1.6126333717636498,24.25144604405886
network (every seed),2x256,data,2,20-200 mm,5-20 GeV,all,2309,69.80490049999935,4.748564801531074,17.51170918631146,0.20033247596984438,1.6947199897003875
network (every seed),2x256,data,2,20-200 mm,5-20 GeV,forward,1156,69.80415000000085,5.436364324186371,19.065371869317005,0.19272815106319285,1.4719486260332815
network (every seed),2x256,data,2,20-200 mm,5-20 GeV,backward,1153,69.80549999999857,4.004808024177464,14.310723458658698,0.20621486606842154,2.044617516980906
network (every seed),2x256,data,2,20-200 mm,20-200 GeV,all,649,69.8020000000015,1.2824673029854239,4.979259554801275,0.0960065854105352,0.8049310419437462
network (every seed),2x256,data,2,20-200 mm,20-200 GeV,forward,323,69.80189999999857,1.4063343748489388,5.346522381319117,0.11992901977464498,0.6257869109731469
network (every seed),2x256,data,2,20-200 mm,20-200 GeV,backward,326,69.80249950000007,1.1317113880977558,4.269211646214188,0.07754653177016735,1.0173232477654892
network (every seed),2x256,data,2,200-2000 mm,all,all,4000,472.2208000000005,73.90868559517116,847.1977187940912,32.88494788765206,687.1837108823241
network (every seed),2x256,data,2,200-2000 mm,all,forward,2044,472.2166499999994,80.57078143630747,910.0383643879126,30.72984781164223,722.4937178391201
network (every seed),2x256,data,2,200-2000 mm,all,backward,1956,472.2224995000006,66.68545717192131,784.9654274727343,34.97278975862628,632.5781016942358
network (every seed),2x256,data,2,200-2000 mm,1-5 GeV,all,2042,472.2235007499994,177.97792883712305,1229.7760618332868,100.19174374437334,995.2207125088984
network (every seed),2x256,data,2,200-2000 mm,1-5 GeV,forward,1057,472.19920699999966,184.31462620026196,1287.2737803952077,94.59483759579257,1078.7627007390704
network (every seed),2x256,data,2,200-2000 mm,1-5 GeV,backward,985,472.238799499999,171.64630197087405,1048.6892686652936,109.2285439783609,881.3594997625895
network (every seed),2x256,data,2,200-2000 mm,5-20 GeV,all,1531,472.22849999999926,39.507248238805914,184.7474269353313,16.74877464211022,152.24711427279658
network (every seed),2x256,data,2,200-2000 mm,5-20 GeV,forward,764,472.23500099999956,42.04570751269898,203.6352732822678,17.335281425090443,167.4235450295612
network (every seed),2x256,data,2,200-2000 mm,5-20 GeV,backward,767,472.22249900000133,37.14900523331721,161.46366530757913,15.745455091746408,120.97376776728183
network (every seed),2x256,data,2,200-2000 mm,20-200 GeV,all,427,472.1847999999991,11.595101368214955,68.48101969801519,9.247963455266017,54.46547869911882
network (every seed),2x256,data,2,200-2000 mm,20-200 GeV,forward,223,472.1836999999996,13.495779453194245,84.92075198729613,11.05889673482352,68.36710983874632
network (every seed),2x256,data,2,200-2000 mm,20-200 GeV,backward,204,472.1850502499992,9.101602843074375,54.128977445869864,5.805922965137711,45.80241894643103
network (every seed),2x256,data,2,cross-magnet,all,all,2410,5175.346389,3087.7445315880186,103801.09347450668,1906.829559114188,91863.53344259692
network (every seed),2x256,data,2,cross-magnet,all,forward,1205,5175.346389,3256.989172189378,69889.52652465907,1522.5301199166097,53043.23927426345
network (every seed),2x256,data,2,cross-magnet,all,backward,1205,5175.346389,2967.630788628114,174942.52434516628,2255.9829489565004,171960.49789448336
network (every seed),2x256,data,2,cross-magnet,1-5 GeV,all,1034,5174.7871589999995,14026.99875624846,226317.6978689572,11404.172065242066,214253.98778781685
network (every seed),2x256,data,2,cross-magnet,1-5 GeV,forward,517,5174.7871589999995,11940.716418333068,117926.83855903972,9536.766785933538,99228.62658808488
network (every seed),2x256,data,2,cross-magnet,1-5 GeV,backward,517,5174.7871589999995,16891.54725497963,363168.8904798575,13691.98315263543,344257.7130738059
network (every seed),2x256,data,2,cross-magnet,5-20 GeV,all,1074,5175.753925000001,1561.6969254640908,12336.147572700578,786.9824696953777,10286.47467475053
network (every seed),2x256,data,2,cross-magnet,5-20 GeV,forward,537,5175.753925000001,1628.1495741174297,11448.20406901792,675.5164934134257,9174.740249737939
network (every seed),2x256,data,2,cross-magnet,5-20 GeV,backward,537,5175.753925000001,1435.400515391592,12888.211611171231,883.8588399159732,11446.509743434764
network (every seed),2x256,data,2,cross-magnet,20-200 GeV,all,302,5177.237445999999,531.3178176539282,4849.069733992635,340.83809660780776,4701.6159128624295
network (every seed),2x256,data,2,cross-magnet,20-200 GeV,forward,151,5177.237445999999,582.768116169035,3460.762311380112,324.103407904488,3486.772045240471
network (every seed),2x256,data,2,cross-magnet,20-200 GeV,backward,151,5177.237445999999,464.16330457433475,5537.713868426714,349.2968317887204,5711.893250142282
network (every seed),2x256,physics,0,all,all,all,13228,70.22465149999971,29.268058247737372,7670.180188980048,12.184172911915425,3454.794122909173
network (every seed),2x256,physics,0,all,all,forward,6669,70.2286009999998,32.096816039199894,8000.159764605041,12.09983921677349,3332.2710965947817
network (every seed),2x256,physics,0,all,all,backward,6559,70.22270000000026,26.665332618023285,7080.426853928031,12.272363801400843,3633.872146299182
network (every seed),2x256,physics,0,all,1-5 GeV,all,6526,70.21979974999931,56.75651288625261,19477.077646568603,23.074665258036475,9202.206218849242
network (every seed),2x256,physics,0,all,1-5 GeV,forward,3310,70.2234492499997,62.293106040499424,17696.625204100557,23.31860066368563,6114.423819028929
network (every seed),2x256,physics,0,all,1-5 GeV,backward,3216,70.21649950000028,50.03374836473995,20954.395022487042,22.71903510521156,13779.475974399318
network (every seed),2x256,physics,0,all,5-20 GeV,all,5212,140.07619949999935,14.88992789612098,2730.9471007822985,5.700324808586288,1149.1841611693321
network (every seed),2x256,physics,0,all,5-20 GeV,forward,2606,140.02239974999975,16.08142234033494,3118.619994226997,5.726851200904548,1134.5650458807058
network (every seed),2x256,physics,0,all,5-20 GeV,backward,2606,203.6929999999993,13.635588861639292,2214.8185169909684,5.656486882514855,1184.1497144711432
network (every seed),2x256,physics,0,all,20-200 GeV,all,1490,70.21095024999977,4.0757893859151295,2528.3915070213257,2.2652520794347875,2236.5424473042804
network (every seed),2x256,physics,0,all,20-200 GeV,forward,753,139.99350049999885,4.421631726447828,3270.0706322105007,2.359772167721985,3113.575826099645
network (every seed),2x256,physics,0,all,20-200 GeV,backward,737,70.2077999999965,3.4379551920977747,2004.7711824538433,2.171677053041776,2056.6121629735217
network (every seed),2x256,physics,0,0.05-2 mm,all,all,436,0.6499827500010724,0.10910029033084356,0.9453920328894583,0.0002054664491879521,0.0025781216379527905
network (every seed),2x256,physics,0,0.05-2 mm,all,forward,218,0.6499827500010724,0.11355551509950601,1.0063141883279008,0.000204392585079205,0.002556291269684148
network (every seed),2x256,physics,0,0.05-2 mm,all,backward,218,0.6499827500010724,0.10553043405536755,0.8757799272942179,0.00020624918306566542,0.002560826561648351
network (every seed),2x256,physics,0,0.05-2 mm,1-5 GeV,all,248,0.6499792499998875,0.18768526410894992,1.2057330038942382,0.0004393219796838821,0.003999189607384324
network (every seed),2x256,physics,0,0.05-2 mm,1-5 GeV,forward,124,0.6499792499998875,0.22284002346850684,1.2020638244734982,0.00043885586364922347,0.003951989833694823
network (every seed),2x256,physics,0,0.05-2 mm,1-5 GeV,backward,124,0.6499792499998875,0.16451315939036704,1.1956343614770037,0.0004406305151860579,0.0039389592757288466
network (every seed),2x256,physics,0,0.05-2 mm,5-20 GeV,all,142,0.6499850000000151,0.08464963326559882,0.24645319463747478,0.00010409826245449949,0.0005125326081767392
network (every seed),2x256,physics,0,0.05-2 mm,5-20 GeV,forward,71,0.6499850000000151,0.07860867539477567,0.2292333252587042,0.00010379636705692974,0.00043763747825664723
network (every seed),2x256,physics,0,0.05-2 mm,5-20 GeV,backward,71,0.6499850000000151,0.09112859970628051,0.3169557876674389,0.00010440015785206924,0.00043567372109976077
network (every seed),2x256,physics,0,0.05-2 mm,20-200 GeV,all,46,0.6499925000007352,0.057887673782452964,0.12498012346284781,3.5080091720374185e-05,0.00021993865573222138
network (every seed),2x256,physics,0,0.05-2 mm,20-200 GeV,forward,23,0.6499925000007352,0.05567270693518367,0.13013527137246678,3.513315505188075e-05,0.00021517070365462127
network (every seed),2x256,physics,0,0.05-2 mm,20-200 GeV,backward,23,0.6499925000007352,0.07117527100319876,0.09798236220888155,3.502702838886762e-05,0.00021541234218602762
network (every seed),2x256,physics,0,2-20 mm,all,all,382,6.3070000000006985,0.5859595592632161,6.141559326291456,0.030363983469783307,0.2872978908015966
network (every seed),2x256,physics,0,2-20 mm,all,forward,191,6.3070000000006985,0.6514769184313707,5.976130379984568,0.030173228083185677,0.2839657184239286
network (every seed),2x256,physics,0,2-20 mm,all,backward,191,6.3070000000006985,0.5232969624771044,6.464572361349674,0.031235725202805042,0.29754362459755157
network (every seed),2x256,physics,0,2-20 mm,1-5 GeV,all,160,6.3070000000006985,1.8434711628358968,9.970037555399347,0.07801946048482944,0.3800307744413088
network (every seed),2x256,physics,0,2-20 mm,1-5 GeV,forward,80,6.3070000000006985,1.7994622075837852,9.857386070032703,0.07855366053632906,0.3803178046723587
network (every seed),2x256,physics,0,2-20 mm,1-5 GeV,backward,80,6.3070000000006985,1.9182693733341694,11.022841084908915,0.07801946048482944,0.37517023573485625
network (every seed),2x256,physics,0,2-20 mm,5-20 GeV,all,156,6.3070000000006985,0.5015426941774592,1.7204423989625184,0.021218281876400624,0.0938330872060078
network (every seed),2x256,physics,0,2-20 mm,5-20 GeV,forward,78,6.3070000000006985,0.5810194599291663,1.708775140534157,0.021024275536518644,0.08502901545170964
network (every seed),2x256,physics,0,2-20 mm,5-20 GeV,backward,78,6.3070000000006985,0.45525937553847484,1.6022418239593577,0.021519912792200557,0.09946462733836368
network (every seed),2x256,physics,0,2-20 mm,20-200 GeV,all,66,6.3070000000006985,0.1499933063229264,0.376854917685604,0.003696965681143638,0.011834432982915644
network (every seed),2x256,physics,0,2-20 mm,20-200 GeV,forward,33,6.3070000000006985,0.13145787639423645,0.3419013204150278,0.003719737406981949,0.011570520276649175
network (every seed),2x256,physics,0,2-20 mm,20-200 GeV,backward,33,6.3070000000006985,0.15451035947577907,0.4163801101665142,0.003674193955305327,0.011666938168275463
network (every seed),2x256,physics,0,20-200 mm,all,all,6000,69.804950499999,8.438668060449572,64.13283365161534,2.3844295182300357,20.526827372481193
network (every seed),2x256,physics,0,20-200 mm,all,forward,3011,69.80459999999948,9.77785337363457,73.17671197003506,2.194032582949035,21.29148413110382
network (every seed),2x256,physics,0,20-200 mm,all,backward,2989,69.80529999999999,7.313783667541429,53.929991864222856,2.511035587957622,19.670420511565112
network (every seed),2x256,physics,0,20-200 mm,1-5 GeV,all,3042,69.80709999999999,18.930526867464437,85.75478551384205,5.597513194089743,31.88632479345869
network (every seed),2x256,physics,0,20-200 mm,1-5 GeV,forward,1532,69.80653799999982,22.58014441380851,98.6075570768901,5.567888819520306,32.92455574235191
network (every seed),2x256,physics,0,20-200 mm,1-5 GeV,backward,1510,69.80770074999964,16.433974291430786,71.15173556679792,5.670400304609302,31.309508401966458
network (every seed),2x256,physics,0,20-200 mm,5-20 GeV,all,2309,69.80490049999935,4.890655112411935,18.23903492834232,1.301674976701861,4.425170221838924
network (every seed),2x256,physics,0,20-200 mm,5-20 GeV,forward,1156,69.80415000000085,5.576665015553317,19.91159794877717,1.170778136017958,4.326111505562835
network (every seed),2x256,physics,0,20-200 mm,5-20 GeV,backward,1153,69.80549999999857,4.2326807493964225,15.935580547154863,1.4585489604144186,4.508206108141619
network (every seed),2x256,physics,0,20-200 mm,20-200 GeV,all,649,69.8020000000015,1.620652172505288,4.927379794412448,0.43052427406564675,2.454653497522941
network (every seed),2x256,physics,0,20-200 mm,20-200 GeV,forward,323,69.80189999999857,1.6833470360779756,5.327888026499749,0.4168931465926562,2.390704488104233
network (every seed),2x256,physics,0,20-200 mm,20-200 GeV,backward,326,69.80249950000007,1.5356535540682614,4.180965830210326,0.4552737892495884,2.4861457659355324
network (every seed),2x256,physics,0,200-2000 mm,all,all,4000,472.2208000000005,100.807320021147,975.7858193104954,78.51500115572208,844.5652115685562
network (every seed),2x256,physics,0,200-2000 mm,all,forward,2044,472.2166499999994,101.40158615743644,1095.5769143249195,71.15210463450694,911.415507230219
network (every seed),2x256,physics,0,200-2000 mm,all,backward,1956,472.2224995000006,99.96778177755061,866.0478907943059,86.11963601609318,762.2421206149354
network (every seed),2x256,physics,0,200-2000 mm,1-5 GeV,all,2042,472.2235007499994,228.9481591836875,1372.5173443796702,181.02100575186597,1207.399778257924
network (every seed),2x256,physics,0,200-2000 mm,1-5 GeV,forward,1057,472.19920699999966,226.40760349065658,1672.6984463755912,167.6544625142924,1413.0964090925754
network (every seed),2x256,physics,0,200-2000 mm,1-5 GeV,backward,985,472.238799499999,235.14064985138816,1192.2516359075416,193.16773012587873,1074.0301847681378
network (every seed),2x256,physics,0,200-2000 mm,5-20 GeV,all,1531,472.22849999999926,48.96897978281345,220.69446578606744,36.70055371248537,159.17704816510536
network (every seed),2x256,physics,0,200-2000 mm,5-20 GeV,forward,764,472.23500099999956,49.28080741274243,219.92978946513736,32.26213109599918,144.8259483008485
network (every seed),2x256,physics,0,200-2000 mm,5-20 GeV,backward,767,472.22249900000133,48.58417690923034,220.35705727224962,40.510872115987695,168.84934306706322
network (every seed),2x256,physics,0,200-2000 mm,20-200 GeV,all,427,472.1847999999991,14.403921845371315,100.65070145967067,11.162213852571767,98.65354040061332
network (every seed),2x256,physics,0,200-2000 mm,20-200 GeV,forward,223,472.1836999999996,13.832270987720108,92.8308117845631,9.70636924205337,83.87311997674088
network (every seed),2x256,physics,0,200-2000 mm,20-200 GeV,backward,204,472.1850502499992,15.967894056714727,106.51569325209634,12.498651642378178,101.222944153362
network (every seed),2x256,physics,0,cross-magnet,all,all,2410,5175.346389,2707.9778240162113,59249.849145234155,1174.2504044907846,45990.81214962571
network (every seed),2x256,physics,0,cross-magnet,all,forward,1205,5175.346389,3132.0561719508646,48650.232212843934,1184.4816865076666,29887.56808698315
network (every seed),2x256,physics,0,cross-magnet,all,backward,1205,5175.346389,2256.79916893705,71025.51647314944,1154.957190914999,64098.388049874324
network (every seed),2x256,physics,0,cross-magnet,1-5 GeV,all,1034,5174.7871589999995,9112.28468495196,120485.75925730939,3385.2548240931383,100247.9776258332
network (every seed),2x256,physics,0,cross-magnet,1-5 GeV,forward,517,5174.7871589999995,9362.161801574046,90698.98462474953,2839.785567027775,57817.36737687415
network (every seed),2x256,physics,0,cross-magnet,1-5 GeV,backward,517,5174.7871589999995,8883.38198626741,172496.58312747825,3951.570994297242,150183.01128386921
network (every seed),2x256,physics,0,cross-magnet,5-20 GeV,all,1074,5175.753925000001,1338.3496355968703,8584.682225528048,568.0030877679201,5277.31015656297
network (every seed),2x256,physics,0,cross-magnet,5-20 GeV,forward,537,5175.753925000001,1612.4426987172455,8566.20293696037,566.0177812678739,5123.527757846089
network (every seed),2x256,physics,0,cross-magnet,5-20 GeV,backward,537,5175.753925000001,1130.9707549535233,8587.351125485982,570.8962641301127,5359.419099802589
network (every seed),2x256,physics,0,cross-magnet,20-200 GeV,all,302,5177.237445999999,1463.4768266560022,9436.84110319162,1337.3443214585982,9299.422033906983
network (every seed),2x256,physics,0,cross-magnet,20-200 GeV,forward,151,5177.237445999999,1656.1387196381077,9528.504150247143,1504.8663608182692,9636.569488958216
network (every seed),2x256,physics,0,cross-magnet,20-200 GeV,backward,151,5177.237445999999,1150.9295616460663,8946.53792320624,1131.63455036036,9027.308358443555
network (every seed),2x256,physics,1,all,all,all,13228,70.22465149999971,30.34908582876028,7391.706809663801,11.807751813652345,3166.7665244156324
network (every seed),2x256,physics,1,all,all,forward,6669,70.2286009999998,33.5819931988226,7726.163328641104,11.983275965885554,2830.5584462943816
network (every seed),2x256,physics,1,all,all,backward,6559,70.22270000000026,26.54235683172601,6762.752419283341,11.707102975211825,3529.3976502024125
network (every seed),2x256,physics,1,all,1-5 GeV,all,6526,70.21979974999931,55.23506192849936,17573.62149593558,24.37411178215143,8092.108989006087
network (every seed),2x256,physics,1,all,1-5 GeV,forward,3310,70.2234492499997,61.17754693619304,17687.765739318278,24.89710177269444,5921.452344045323
network (every seed),2x256,physics,1,all,1-5 GeV,backward,3216,70.21649950000028,48.103571973015846,17284.839455888134,23.868428576406586,11059.53423587151
network (every seed),2x256,physics,1,all,5-20 GeV,all,5212,140.07619949999935,15.254579873968055,2643.41133660953,5.9843619333150855,1142.2035316164074
network (every seed),2x256,physics,1,all,5-20 GeV,forward,2606,140.02239974999975,16.590349079805833,3059.3534918941855,5.685012562537395,1134.246809765088
network (every seed),2x256,physics,1,all,5-20 GeV,backward,2606,203.6929999999993,13.896936192001164,2084.2900664444815,6.4385044962789735,1144.6052325755093
network (every seed),2x256,physics,1,all,20-200 GeV,all,1490,70.21095024999977,4.149215807075279,3458.462520257507,1.7298206037743569,3184.819697855994
network (every seed),2x256,physics,1,all,20-200 GeV,forward,753,139.99350049999885,5.330281624324584,3479.747685630899,3.583734239747116,3105.1672032447764
network (every seed),2x256,physics,1,all,20-200 GeV,backward,737,70.2077999999965,3.4561231108796164,3336.764010484314,1.4218055961237042,3340.7063175957746
network (every seed),2x256,physics,1,0.05-2 mm,all,all,436,0.6499827500010724,0.1095541002769096,0.9457715331961936,0.0002895104103117774,0.002609162777389429
network (every seed),2x256,physics,1,0.05-2 mm,all,forward,218,0.6499827500010724,0.11405287023080746,1.0059844483677642,0.00028029653265093657,0.002602192626000031
network (every seed),2x256,physics,1,0.05-2 mm,all,backward,218,0.6499827500010724,0.10573600107477432,0.8752064035107309,0.0002895104103117774,0.0025882060185722345
network (every seed),2x256,physics,1,0.05-2 mm,1-5 GeV,all,248,0.6499792499998875,0.18746820160231437,1.2067849143022613,0.000530254283148679,0.0050099632289857254
network (every seed),2x256,physics,1,0.05-2 mm,1-5 GeV,forward,124,0.6499792499998875,0.22267621721994146,1.2029620058456203,0.0005277712489260011,0.004707881589638407
network (every seed),2x256,physics,1,0.05-2 mm,1-5 GeV,backward,124,0.6499792499998875,0.16438589840106488,1.1949642539263994,0.000532546096110309,0.0047130999064393
network (every seed),2x256,physics,1,0.05-2 mm,5-20 GeV,all,142,0.6499850000000151,0.08464362969107242,0.2467448866591226,0.0001324762219923059,0.00038572879077491945
network (every seed),2x256,physics,1,0.05-2 mm,5-20 GeV,forward,71,0.6499850000000151,0.07865911582882745,0.22918238647129385,0.0001330269974175735,0.0003784519151395216
network (every seed),2x256,physics,1,0.05-2 mm,5-20 GeV,backward,71,0.6499850000000151,0.09112341308536998,0.3171515070903297,0.00013183574765207595,0.00037858379187127866
network (every seed),2x256,physics,1,0.05-2 mm,20-200 GeV,all,46,0.6499925000007352,0.05797340451874078,0.12498525662074655,2.7437351945991395e-05,9.635669329099983e-05
network (every seed),2x256,physics,1,0.05-2 mm,20-200 GeV,forward,23,0.6499925000007352,0.055676791362202493,0.13014809437166258,2.7514033718034625e-05,9.485527954211645e-05
network (every seed),2x256,physics,1,0.05-2 mm,20-200 GeV,backward,23,0.6499925000007352,0.07120945895167097,0.09797849563142334,2.7360670173948165e-05,9.479198723738588e-05
network (every seed),2x256,physics,1,2-20 mm,all,all,382,6.3070000000006985,0.5847240672274268,6.0859010419626705,0.023772900917151674,0.21987929534148518
network (every seed),2x256,physics,1,2-20 mm,all,forward,191,6.3070000000006985,0.6441366583089803,5.938045848353113,0.02382172004899985,0.2203760318977288
network (every seed),2x256,physics,1,2-20 mm,all,backward,191,6.3070000000006985,0.5132177219593359,6.433392369261437,0.023724081785303497,0.21688499364813651
network (every seed),2x256,physics,1,2-20 mm,1-5 GeV,all,160,6.3070000000006985,1.8433013318582547,10.086626021134737,0.06978231572674076,0.43151139233117414
network (every seed),2x256,physics,1,2-20 mm,1-5 GeV,forward,80,6.3070000000006985,1.7634739625106144,9.940359839424673,0.06954140884118942,0.4331363184945758
network (every seed),2x256,physics,1,2-20 mm,1-5 GeV,backward,80,6.3070000000006985,1.9589384451919045,11.061130310025643,0.07003339461419955,0.4303036079718936
network (every seed),2x256,physics,1,2-20 mm,5-20 GeV,all,156,6.3070000000006985,0.5116833591465308,1.793341712005514,0.016114442733083933,0.10398821243740031
network (every seed),2x256,physics,1,2-20 mm,5-20 GeV,forward,78,6.3070000000006985,0.5859852552347888,1.7930201390747413,0.016090527683587652,0.09836868595414174
network (every seed),2x256,physics,1,2-20 mm,5-20 GeV,backward,78,6.3070000000006985,0.4613383675540206,1.603844026930543,0.01617287980515414,0.09918650368234652
network (every seed),2x256,physics,1,2-20 mm,20-200 GeV,all,66,6.3070000000006985,0.15908877521297882,0.38535444453557943,0.007607463947678639,0.02119966893232572
network (every seed),2x256,physics,1,2-20 mm,20-200 GeV,forward,33,6.3070000000006985,0.11727888338697312,0.3419031118809811,0.007602098429870807,0.02104460940302033
network (every seed),2x256,physics,1,2-20 mm,20-200 GeV,backward,33,6.3070000000006985,0.16258313332428997,0.41467794678240455,0.00761282946548647,0.021033205037213065
network (every seed),2x256,physics,1,20-200 mm,all,all,6000,69.804950499999,8.672340240593712,62.70587866936259,2.9514722303929375,20.850080598796698
network (every seed),2x256,physics,1,20-200 mm,all,forward,3011,69.80459999999948,10.037080481538396,72.87408862543998,3.0117901695518867,20.93684205954105
network (every seed),2x256,physics,1,20-200 mm,all,backward,2989,69.80529999999999,7.400326740196306,53.82431505813656,2.9073528610013,20.611692855163703
network (every seed),2x256,physics,1,20-200 mm,1-5 GeV,all,3042,69.80709999999999,19.22049923640401,84.62858777687283,5.876543449687688,34.26282775390134
network (every seed),2x256,physics,1,20-200 mm,1-5 GeV,forward,1532,69.80653799999982,22.7816513183825,99.28301365765722,5.938761985575525,34.242375172569695
network (every seed),2x256,physics,1,20-200 mm,1-5 GeV,backward,1510,69.80770074999964,16.532219879650256,70.26565836547715,5.8180440432877845,33.909863401004216
network (every seed),2x256,physics,1,20-200 mm,5-20 GeV,all,2309,69.80490049999935,4.943624574821115,18.82161243742075,1.56292354836296,5.650158408180771
network (every seed),2x256,physics,1,20-200 mm,5-20 GeV,forward,1156,69.80415000000085,5.785137541636232,20.513246274987296,1.5820275418363394,5.545906893487995
network (every seed),2x256,physics,1,20-200 mm,5-20 GeV,backward,1153,69.80549999999857,4.280199810068552,15.835896333291183,1.5232233542263884,5.831479234609559
network (every seed),2x256,physics,1,20-200 mm,20-200 GeV,all,649,69.8020000000015,1.391060392734289,4.832940633872343,0.4756550099855872,1.423861094917811
network (every seed),2x256,physics,1,20-200 mm,20-200 GeV,forward,323,69.80189999999857,1.506559268037222,5.361029888467783,0.5324195896605488,1.528001228916762
network (every seed),2x256,physics,1,20-200 mm,20-200 GeV,backward,326,69.80249950000007,1.283106525875155,4.013596435870959,0.452024831055553,1.394437043195751
network (every seed),2x256,physics,1,200-2000 mm,all,all,4000,472.2208000000005,106.70218959538147,916.1803430089138,83.66945375053092,780.4188826775728
network (every seed),2x256,physics,1,200-2000 mm,all,forward,2044,472.2166499999994,105.88882574370473,1043.5850798455174,81.1599525683846,843.7948977761349
network (every seed),2x256,physics,1,200-2000 mm,all,backward,1956,472.2224995000006,107.09586264754489,859.0575044126751,90.08286985033465,720.9053419995187
network (every seed),2x256,physics,1,200-2000 mm,1-5 GeV,all,2042,472.2235007499994,240.3432343254721,1377.3010404111499,189.42052513885344,1234.5161350103792
network (every seed),2x256,physics,1,200-2000 mm,1-5 GeV,forward,1057,472.19920699999966,226.52029368828153,1632.2693768461243,169.68321606418613,1309.69295519294
network (every seed),2x256,physics,1,200-2000 mm,1-5 GeV,backward,985,472.238799499999,257.5075536008171,1194.092351016161,211.67659043021558,1072.9425865811206
network (every seed),2x256,physics,1,200-2000 mm,5-20 GeV,all,1531,472.22849999999926,58.27903005229018,265.90990067361986,37.6343924936009,225.77120097025727
network (every seed),2x256,physics,1,200-2000 mm,5-20 GeV,forward,764,472.23500099999956,60.01705219780007,249.06399804941373,38.75000342274859,189.70879051780545
network (every seed),2x256,physics,1,200-2000 mm,5-20 GeV,backward,767,472.22249900000133,56.668849499487806,286.27442790969985,36.6518954394337,247.83560589151236
network (every seed),2x256,physics,1,200-2000 mm,20-200 GeV,all,427,472.1847999999991,18.90231141224774,68.05622042573344,15.276613693330887,60.75403343643016
network (every seed),2x256,physics,1,200-2000 mm,20-200 GeV,forward,223,472.1836999999996,19.360646401224813,74.91870928503482,15.373951256137275,70.56445306233026
network (every seed),2x256,physics,1,200-2000 mm,20-200 GeV,backward,204,472.1850502499992,18.48217118037354,53.1214556026498,15.267251905283441,50.56405591195272
network (every seed),2x256,physics,1,cross-magnet,all,all,2410,5175.346389,2682.0405963574813,56309.26259888389,1136.9433244780403,41876.95935463267
network (every seed),2x256,physics,1,cross-magnet,all,forward,1205,5175.346389,3007.5211698158173,47393.275530015824,1077.361196791344,30261.407822321456
network (every seed),2x256,physics,1,cross-magnet,all,backward,1205,5175.346389,2392.9070338496567,64164.15585302358,1177.2878502767412,55527.30265623484
network (every seed),2x256,physics,1,cross-magnet,1-5 GeV,all,1034,5174.7871589999995,8360.829586704709,117670.3892815278,2795.6486561296288,95704.93962058205
network (every seed),2x256,physics,1,cross-magnet,1-5 GeV,forward,517,5174.7871589999995,9064.60551843611,94751.19616121064,2409.710521807824,58068.58302960434
network (every seed),2x256,physics,1,cross-magnet,1-5 GeV,backward,517,5174.7871589999995,7778.1741164826035,148574.4105180955,3131.484453806081,137041.020790801
network (every seed),2x256,physics,1,cross-magnet,5-20 GeV,all,1074,5175.753925000001,1330.1494191787383,8015.147741358998,607.6257497003858,5784.596183036176
network (every seed),2x256,physics,1,cross-magnet,5-20 GeV,forward,537,5175.753925000001,1500.7562379269643,8014.429572018025,568.1439357030911,5173.679855899648
network (every seed),2x256,physics,1,cross-magnet,5-20 GeV,backward,537,5175.753925000001,1164.8244872578744,7983.288934982423,641.0306438934725,6365.992809547047
network (every seed),2x256,physics,1,cross-magnet,20-200 GeV,all,302,5177.237445999999,1514.896262686264,10500.69177655053,1416.2550687817516,10535.539321595164
network (every seed),2x256,physics,1,cross-magnet,20-200 GeV,forward,151,5177.237445999999,1511.9833430857739,9888.182653471176,1394.6186003701087,9938.83154594156
network (every seed),2x256,physics,1,cross-magnet,20-200 GeV,backward,151,5177.237445999999,1526.8237800612874,11823.746729977524,1541.5491324619381,11885.378177554236
network (every seed),2x256,physics,2,all,all,all,13228,70.22465149999971,28.942812484416436,7479.402032625968,13.984165153829053,3487.545761920908
network (every seed),2x256,physics,2,all,all,forward,6669,70.2286009999998,31.577040544050305,7938.251031406888,14.49049573625416,3277.8768643356175
network (every seed),2x256,physics,2,all,all,backward,6559,70.22270000000026,25.55622473346375,7088.184191120003,13.612514457463476,3893.2930715542716
network (every seed),2x256,physics,2,all,1-5 GeV,all,6526,70.21979974999931,57.585229812389116,19936.017861110086,26.09117460420407,9470.285019255263
network (every seed),2x256,physics,2,all,1-5 GeV,forward,3310,70.2234492499997,63.14472527087389,19299.943918985013,26.928456711289073,8220.972001173039
network (every seed),2x256,physics,2,all,1-5 GeV,backward,3216,70.21649950000028,49.57383477233179,20450.372774653715,25.259638981879107,11771.055651316105
network (every seed),2x256,physics,2,all,5-20 GeV,all,5212,140.07619949999935,15.314770660950217,2595.644242304697,8.521245417057344,1131.3329594892248
network (every seed),2x256,physics,2,all,5-20 GeV,forward,2606,140.02239974999975,16.344301841925812,2943.1953030092473,8.978704102162283,1101.4814052356883
network (every seed),2x256,physics,2,all,5-20 GeV,backward,2606,203.6929999999993,14.236430396877608,2142.7254408597846,8.361945564210771,1160.3775274067834
network (every seed),2x256,physics,2,all,20-200 GeV,all,1490,70.21095024999977,3.810611307397238,2915.679605711818,1.1354777682299755,2654.6107166258967
network (every seed),2x256,physics,2,all,20-200 GeV,forward,753,139.99350049999885,4.648207302921037,3061.232298236688,1.275190835762885,2585.8415958133396
network (every seed),2x256,physics,2,all,20-200 GeV,backward,737,70.2077999999965,3.164918904985825,2667.5841463131064,1.0562604278447907,2613.0343612519086
network (every seed),2x256,physics,2,0.05-2 mm,all,all,436,0.6499827500010724,0.10897431150169723,0.944937613979846,0.00035580004009716504,0.0030893762641426292
network (every seed),2x256,physics,2,0.05-2 mm,all,forward,218,0.6499827500010724,0.11319016607558297,1.0064095480224415,0.00035561282629714697,0.0029710796070503386
network (every seed),2x256,physics,2,0.05-2 mm,all,backward,218,0.6499827500010724,0.10546965023650046,0.873460680593041,0.000356021388370209,0.003095169689970588
network (every seed),2x256,physics,2,0.05-2 mm,1-5 GeV,all,248,0.6499792499998875,0.18745034117273462,1.2070497449258255,0.0006872814992675558,0.005432507646219165
network (every seed),2x256,physics,2,0.05-2 mm,1-5 GeV,forward,124,0.6499792499998875,0.22263546196654715,1.2031111115902604,0.000689300463818654,0.005287529722863832
network (every seed),2x256,physics,2,0.05-2 mm,1-5 GeV,backward,124,0.6499792499998875,0.16464682849459678,1.1952221319802436,0.0006868262971693184,0.005277778080881029
network (every seed),2x256,physics,2,0.05-2 mm,5-20 GeV,all,142,0.6499850000000151,0.08467919435872773,0.24641324740599652,0.0002122208684340876,0.0006719518125919417
network (every seed),2x256,physics,2,0.05-2 mm,5-20 GeV,forward,71,0.6499850000000151,0.07855906554254943,0.22896598965616022,0.00021217419998720288,0.0006547681437041319
network (every seed),2x256,physics,2,0.05-2 mm,5-20 GeV,backward,71,0.6499850000000151,0.09124543544203334,0.3170986868781256,0.00021226753688097233,0.0006550005196004349
network (every seed),2x256,physics,2,0.05-2 mm,20-200 GeV,all,46,0.6499925000007352,0.05799272987783155,0.12503476292380356,3.297489570286416e-05,8.477131174799979e-05
network (every seed),2x256,physics,2,0.05-2 mm,20-200 GeV,forward,23,0.6499925000007352,0.05576027876941225,0.13019547340888943,3.283048499724828e-05,8.282676731141689e-05
network (every seed),2x256,physics,2,0.05-2 mm,20-200 GeV,backward,23,0.6499925000007352,0.07119796535448586,0.09799032817170426,3.311930640848004e-05,8.302929046521965e-05
network (every seed),2x256,physics,2,2-20 mm,all,all,382,6.3070000000006985,0.5816038767285647,6.039633654389576,0.03208126950227097,0.3070909760154449
network (every seed),2x256,physics,2,2-20 mm,all,forward,191,6.3070000000006985,0.6556915710545508,5.992223671313468,0.03149989029793687,0.3007006979132143
network (every seed),2x256,physics,2,2-20 mm,all,backward,191,6.3070000000006985,0.5223701535079783,6.350522945823833,0.03334197089088775,0.30410638389355427
network (every seed),2x256,physics,2,2-20 mm,1-5 GeV,all,160,6.3070000000006985,1.8394423825968258,10.001103036987034,0.08704593812325356,0.39489878691440955
network (every seed),2x256,physics,2,2-20 mm,1-5 GeV,forward,80,6.3070000000006985,1.8185267956952882,9.956301065150797,0.08518029177650988,0.35828752788233914
network (every seed),2x256,physics,2,2-20 mm,1-5 GeV,backward,80,6.3070000000006985,1.8995270879287318,11.012935439694612,0.08817596636845337,0.3984298501457314
network (every seed),2x256,physics,2,2-20 mm,5-20 GeV,all,156,6.3070000000006985,0.5070399492863586,1.7710813850584373,0.02318536773415758,0.15322836904019255
network (every seed),2x256,physics,2,2-20 mm,5-20 GeV,forward,78,6.3070000000006985,0.5661351948660354,1.7687514235973365,0.022988452451855323,0.13575304418225165
network (every seed),2x256,physics,2,2-20 mm,5-20 GeV,backward,78,6.3070000000006985,0.4612550989016029,1.598013614874813,0.023685958289831888,0.15329123912266587
network (every seed),2x256,physics,2,2-20 mm,20-200 GeV,all,66,6.3070000000006985,0.15337269434922973,0.3830737024360098,0.006026113579526982,0.01358910059323648
network (every seed),2x256,physics,2,2-20 mm,20-200 GeV,forward,33,6.3070000000006985,0.12451936948920661,0.3392253351088391,0.005918123100911998,0.013233106204779686
network (every seed),2x256,physics,2,2-20 mm,20-200 GeV,backward,33,6.3070000000006985,0.1574080718711457,0.41936605666776916,0.006050004557778266,0.013441717158002573
network (every seed),2x256,physics,2,20-200 mm,all,all,6000,69.804950499999,9.192184707245588,66.57206759015253,3.365548054858891,24.567403303677537
network (every seed),2x256,physics,2,20-200 mm,all,forward,3011,69.80459999999948,10.642006358864364,76.76822011116258,3.5463671800641805,24.76159129179223
network (every seed),2x256,physics,2,20-200 mm,all,backward,2989,69.80529999999999,7.896683600620236,55.79229507798113,3.1907234298529374,24.281697907099435
network (every seed),2x256,physics,2,20-200 mm,1-5 GeV,all,3042,69.80709999999999,19.690713461073983,88.02860684743762,7.734102930186282,38.03069970753084
network (every seed),2x256,physics,2,20-200 mm,1-5 GeV,forward,1532,69.80653799999982,23.117621334279193,102.84319570836263,7.786653162781931,37.47562584812414
network (every seed),2x256,physics,2,20-200 mm,1-5 GeV,backward,1510,69.80770074999964,17.320529844369048,73.65437128302112,7.649647513176205,38.8418424079759
network (every seed),2x256,physics,2,20-200 mm,5-20 GeV,all,2309,69.80490049999935,5.19628663499816,18.952772995379508,1.8893704001641254,8.160334992908242
network (every seed),2x256,physics,2,20-200 mm,5-20 GeV,forward,1156,69.80415000000085,5.992850470988742,20.368212834242172,1.9823369122633494,7.795785126489818
network (every seed),2x256,physics,2,20-200 mm,5-20 GeV,backward,1153,69.80549999999857,4.453948576383482,17.18328664084083,1.7774909543959438,8.339931994919423
network (every seed),2x256,physics,2,20-200 mm,20-200 GeV,all,649,69.8020000000015,1.307757381695751,4.809188840142831,0.42150156690468066,1.0480309256969635
network (every seed),2x256,physics,2,20-200 mm,20-200 GeV,forward,323,69.80189999999857,1.4038352519918362,5.210195235125425,0.41229239079143554,0.978621936823742
network (every seed),2x256,physics,2,20-200 mm,20-200 GeV,backward,326,69.80249950000007,1.205414946277017,4.0072537422819465,0.43311510046706303,1.0552198933808654
network (every seed),2x256,physics,2,200-2000 mm,all,all,4000,472.2208000000005,100.15568080564208,960.1249797211715,76.4158521276741,820.3935404803585
network (every seed),2x256,physics,2,200-2000 mm,all,forward,2044,472.2166499999994,106.09243357662734,1108.8453147742932,75.45661670263293,988.7666365561244
network (every seed),2x256,physics,2,200-2000 mm,all,backward,1956,472.2224995000006,97.62067884536663,831.3301465856249,76.61517997955514,689.4197434040734
network (every seed),2x256,physics,2,200-2000 mm,1-5 GeV,all,2042,472.2235007499994,247.47924205576055,1392.1778862200506,202.66464142270024,1313.338681714176
network (every seed),2x256,physics,2,200-2000 mm,1-5 GeV,forward,1057,472.19920699999966,258.1919495505076,1784.5020571187426,214.0507015219555,1519.601933502912
network (every seed),2x256,physics,2,200-2000 mm,1-5 GeV,backward,985,472.238799499999,235.14403930391836,1135.8504312855061,194.4877641083167,1063.0343321510734
network (every seed),2x256,physics,2,200-2000 mm,5-20 GeV,all,1531,472.22849999999926,49.93865841629486,266.5867866067231,34.56900019432396,221.08954317766916
network (every seed),2x256,physics,2,200-2000 mm,5-20 GeV,forward,764,472.23500099999956,49.501203736667776,288.6580172779617,32.01649625144398,225.06208741070282
network (every seed),2x256,physics,2,200-2000 mm,5-20 GeV,backward,767,472.22249900000133,51.413213905277644,253.77302994611426,37.14452102804988,207.07299482413057
network (every seed),2x256,physics,2,200-2000 mm,20-200 GeV,all,427,472.1847999999991,13.827913350692,39.21381065557837,10.609607168419188,26.255761864862833
network (every seed),2x256,physics,2,200-2000 mm,20-200 GeV,forward,223,472.1836999999996,13.627790331938172,43.050554774515554,11.485465575958642,26.59084585937418
network (every seed),2x256,physics,2,200-2000 mm,20-200 GeV,backward,204,472.1850502499992,14.111515664794183,35.95194679102036,9.110397188678121,25.243643293558193
network (every seed),2x256,physics,2,cross-magnet,all,all,2410,5175.346389,2735.14693609593,66365.28549666883,1193.1560780177365,47899.80301175252
network (every seed),2x256,physics,2,cross-magnet,all,forward,1205,5175.346389,3103.6680031078276,58370.89851717937,1141.8898818093908,36827.31801050786
network (every seed),2x256,physics,2,cross-magnet,all,backward,1205,5175.346389,2358.086572190814,86095.63373046568,1224.495009767061,72663.36218188153
network (every seed),2x256,physics,2,cross-magnet,1-5 GeV,all,1034,5174.7871589999995,9059.108744511399,135193.80093413751,3445.116680988349,109342.86195681093
network (every seed),2x256,physics,2,cross-magnet,1-5 GeV,forward,517,5174.7871589999995,9865.088637657294,93215.7792885644,3192.4131398603777,70776.81803415513
network (every seed),2x256,physics,2,cross-magnet,1-5 GeV,backward,517,5174.7871589999995,8252.176470497943,172863.4420183751,3810.448658373435,153405.64876128724
network (every seed),2x256,physics,2,cross-magnet,5-20 GeV,all,1074,5175.753925000001,1309.5226254316544,7550.879614002148,577.5113972069619,4883.137675294359
network (every seed),2x256,physics,2,cross-magnet,5-20 GeV,forward,537,5175.753925000001,1492.239059929318,7278.977679460249,512.8598324224214,3704.8857543742174
network (every seed),2x256,physics,2,cross-magnet,5-20 GeV,backward,537,5175.753925000001,1144.9094440803335,7625.757140105986,642.3596351949641,5775.598041208963
network (every seed),2x256,physics,2,cross-magnet,20-200 GeV,all,302,5177.237445999999,1522.075767392103,10439.49336910356,1436.481206836696,10529.803931182483
network (every seed),2x256,physics,2,cross-magnet,20-200 GeV,forward,151,5177.237445999999,1565.1371421594895,9692.588605023971,1464.4434142717982,9600.929221898718
network (every seed),2x256,physics,2,cross-magnet,20-200 GeV,backward,151,5177.237445999999,1502.7192025386285,10996.613106219029,1428.1793147416167,10971.510060421879
network (every seed),4x64,data,0,all,all,all,13228,70.22465149999971,26.76746139489694,39818.718883556285,9.221313786611063,37131.402859045695
network (every seed),4x64,data,0,all,all,forward,6669,70.2286009999998,30.331456445310323,29191.51830254966,10.169273523843003,26397.04721318791
network (every seed),4x64,data,0,all,all,backward,6559,70.22270000000026,23.137718207749458,53219.49764536879,8.440504633512091,50481.4443913218
network (every seed),4x64,data,0,all,1-5 GeV,all,6526,70.21979974999931,54.24163848624808,125407.36302525148,25.457178014391957,113715.82920275231
network (every seed),4x64,data,0,all,1-5 GeV,forward,3310,70.2234492499997,63.62306060418632,87773.21337346466,30.820971348163084,77065.23378461668
network (every seed),4x64,data,0,all,1-5 GeV,backward,3216,70.21649950000028,43.82587494387202,188933.45016899036,20.261050998939822,182392.393620496
network (every seed),4x64,data,0,all,5-20 GeV,all,5212,140.07619949999935,13.175453477202836,11479.748156336831,3.802271771419896,11512.543524440955
network (every seed),4x64,data,0,all,5-20 GeV,forward,2606,140.02239974999975,15.128076008579683,8019.239006992962,4.92182228355631,6739.849978101063
network (every seed),4x64,data,0,all,5-20 GeV,backward,2606,203.6929999999993,11.132130267100138,14075.830371199434,3.199425593379601,14157.265417410026
network (every seed),4x64,data,0,all,20-200 GeV,all,1490,70.21095024999977,3.127703573230889,4180.299281509674,0.34165567407029585,4164.239975128175
network (every seed),4x64,data,0,all,20-200 GeV,forward,753,139.99350049999885,3.7358600633012884,1592.4864222000224,0.8086112766250153,1279.2908396164476
network (every seed),4x64,data,0,all,20-200 GeV,backward,737,70.2077999999965,2.671875179590444,5471.836891176336,0.20851441499303291,5384.6117280636145
network (every seed),4x64,data,0,0.05-2 mm,all,all,436,0.6499827500010724,0.10834986699137517,0.9464726402086399,0.00012695522855210584,0.004312626231239847
network (every seed),4x64,data,0,0.05-2 mm,all,forward,218,0.6499827500010724,0.11292327678802394,1.0066686113169914,0.00012082192668572134,0.004802766892453289
network (every seed),4x64,data,0,0.05-2 mm,all,backward,218,0.6499827500010724,0.10699711265260703,0.8749671839254346,0.00013554335964727215,0.004199524289560939
network (every seed),4x64,data,0,0.05-2 mm,1-5 GeV,all,248,0.6499792499998875,0.18765722654734418,1.2099611239364092,0.000491688751935726,0.006426363324862899
network (every seed),4x64,data,0,0.05-2 mm,1-5 GeV,forward,124,0.6499792499998875,0.22272316556382066,1.203315028601537,0.000506215712903213,0.006466758918577395
network (every seed),4x64,data,0,0.05-2 mm,1-5 GeV,backward,124,0.6499792499998875,0.16483446801629498,1.195556867679669,0.00046262738351288135,0.006086881876399268
network (every seed),4x64,data,0,0.05-2 mm,5-20 GeV,all,142,0.6499850000000151,0.08466296402787066,0.24680877418532526,2.7798250812338665e-05,0.00034609032866228485
network (every seed),4x64,data,0,0.05-2 mm,5-20 GeV,forward,71,0.6499850000000151,0.07864625415265891,0.22939139285682586,2.8173076316306833e-05,0.0002905579776779632
network (every seed),4x64,data,0,0.05-2 mm,5-20 GeV,backward,71,0.6499850000000151,0.0913059486720158,0.31702506328201707,2.7423425308370497e-05,0.00043536465810234404
network (every seed),4x64,data,0,0.05-2 mm,20-200 GeV,all,46,0.6499925000007352,0.058005824732809685,0.1250179134775209,3.939376824746432e-06,3.055606612178963e-05
network (every seed),4x64,data,0,0.05-2 mm,20-200 GeV,forward,23,0.6499925000007352,0.05568212066009437,0.13018225965382152,4.335717562753416e-06,2.7137605229654562e-05
network (every seed),4x64,data,0,0.05-2 mm,20-200 GeV,backward,23,0.6499925000007352,0.07109800543503297,0.0979836976455317,3.2778189051896334e-06,3.0501621495204735e-05
network (every seed),4x64,data,0,2-20 mm,all,all,382,6.3070000000006985,0.5827221657952464,6.0847234399460595,0.005067010334869337,0.21223573377788793
network (every seed),4x64,data,0,2-20 mm,all,forward,191,6.3070000000006985,0.646584151610341,5.8892074518439586,0.006492021924486835,0.22247997460311808
network (every seed),4x64,data,0,2-20 mm,all,backward,191,6.3070000000006985,0.4828572928659014,6.4409958479778595,0.0035883474822639982,0.19303081346322415
network (every seed),4x64,data,0,2-20 mm,1-5 GeV,all,160,6.3070000000006985,1.8253317683907255,10.074051573820942,0.03340199988599579,0.4515457579742588
network (every seed),4x64,data,0,2-20 mm,1-5 GeV,forward,80,6.3070000000006985,1.7433724356763491,9.757996417451409,0.03824745280427144,0.428715526824419
network (every seed),4x64,data,0,2-20 mm,1-5 GeV,backward,80,6.3070000000006985,2.06801230777387,11.012987180257024,0.027523949455598995,0.4515457579742588
network (every seed),4x64,data,0,2-20 mm,5-20 GeV,all,156,6.3070000000006985,0.4953941192693545,1.733400667493612,0.0026064471931874778,0.03469688840283813
network (every seed),4x64,data,0,2-20 mm,5-20 GeV,forward,78,6.3070000000006985,0.563422373836886,1.727912709130663,0.004369711976259794,0.03807430402944233
network (every seed),4x64,data,0,2-20 mm,5-20 GeV,backward,78,6.3070000000006985,0.45656214513911664,1.6313622476054925,0.00126536768974006,0.030343607211946712
network (every seed),4x64,data,0,2-20 mm,20-200 GeV,all,66,6.3070000000006985,0.15127781730939205,0.37765257957853016,0.000500699872674204,0.0013890431897201072
network (every seed),4x64,data,0,2-20 mm,20-200 GeV,forward,33,6.3070000000006985,0.13736336718039865,0.3420692825651272,0.0007642542456665069,0.001333874527631451
network (every seed),4x64,data,0,2-20 mm,20-200 GeV,backward,33,6.3070000000006985,0.15238216353452572,0.4125057583874713,0.00018461050643736598,0.0013829428551437317
network (every seed),4x64,data,0,20-200 mm,all,all,6000,69.804950499999,8.420995484509142,67.02116323785391,1.0316179094047584,30.90503992292284
network (every seed),4x64,data,0,20-200 mm,all,forward,3011,69.80459999999948,9.995302963773156,78.2892521215075,1.0171836478320984,32.59167879912184
network (every seed),4x64,data,0,20-200 mm,all,backward,2989,69.80529999999999,7.079572356190056,58.182302300747295,1.0479102658109696,28.49401974347074
network (every seed),4x64,data,0,20-200 mm,1-5 GeV,all,3042,69.80709999999999,19.943420428035097,92.59618295144483,4.5755757440986145,48.66145254226229
network (every seed),4x64,data,0,20-200 mm,1-5 GeV,forward,1532,69.80653799999982,23.47473313218984,109.93287893334697,4.841975161198775,55.25556000583269
network (every seed),4x64,data,0,20-200 mm,1-5 GeV,backward,1510,69.80770074999964,16.781774136063632,80.19283312026172,4.231413932647143,45.04596234621656
network (every seed),4x64,data,0,20-200 mm,5-20 GeV,all,2309,69.80490049999935,4.875130276232653,18.36102397411423,0.346559396405155,4.078571966709886
network (every seed),4x64,data,0,20-200 mm,5-20 GeV,forward,1156,69.80415000000085,5.575907023729343,19.403707989233965,0.3765478076271922,3.604415411871287
network (every seed),4x64,data,0,20-200 mm,5-20 GeV,backward,1153,69.80549999999857,3.949282105139673,15.72105448540242,0.3236845927290233,4.59426937666194
network (every seed),4x64,data,0,20-200 mm,20-200 GeV,all,649,69.8020000000015,1.1754666109098366,4.795018334674239,0.06980404121748052,0.3121165789366387
network (every seed),4x64,data,0,20-200 mm,20-200 GeV,forward,323,69.80189999999857,1.330329979623457,5.3752726338586845,0.07941774896380593,0.3556203578682469
network (every seed),4x64,data,0,20-200 mm,20-200 GeV,backward,326,69.80249950000007,1.0427099297007913,3.8157748705351935,0.061637649267254346,0.22774707569794828
network (every seed),4x64,data,0,200-2000 mm,all,all,4000,472.2208000000005,83.57625565963644,1301.6117854668505,47.69813584154292,1205.0395921255968
network (every seed),4x64,data,0,200-2000 mm,all,forward,2044,472.2166499999994,96.17134617451484,1461.534079109583,58.873951846834416,1338.3331185775646
network (every seed),4x64,data,0,200-2000 mm,all,backward,1956,472.2224995000006,72.61734674419529,1163.027281106551,41.24171052686165,1049.930407728283
network (every seed),4x64,data,0,200-2000 mm,1-5 GeV,all,2042,472.2235007499994,231.355143447459,1983.627333399634,161.81799719780088,1948.704253229149
network (every seed),4x64,data,0,200-2000 mm,1-5 GeV,forward,1057,472.19920699999966,258.1707861934319,2272.4656321899147,199.88508790260084,2176.025024160572
network (every seed),4x64,data,0,200-2000 mm,1-5 GeV,backward,985,472.238799499999,202.95417227629287,1691.9411648651471,129.49459692140408,1685.0091227019216
network (every seed),4x64,data,0,200-2000 mm,5-20 GeV,all,1531,472.22849999999926,41.26000308016842,247.2509241868579,19.718762962043,179.576651140394
network (every seed),4x64,data,0,200-2000 mm,5-20 GeV,forward,764,472.23500099999956,43.147571138760554,243.82779972598885,19.1209696489274,173.7873924440436
network (every seed),4x64,data,0,200-2000 mm,5-20 GeV,backward,767,472.22249900000133,38.969008809260686,252.3543162424885,20.29377246665831,200.530428637091
network (every seed),4x64,data,0,200-2000 mm,20-200 GeV,all,427,472.1847999999991,8.584612379181067,38.54984505101129,4.266213934542407,22.127021033539048
network (every seed),4x64,data,0,200-2000 mm,20-200 GeV,forward,223,472.1836999999996,9.01386811264615,38.29956307700397,4.327561035040617,15.889000899851869
network (every seed),4x64,data,0,200-2000 mm,20-200 GeV,backward,204,472.1850502499992,7.339660507444279,38.473255775878094,4.099692737057126,26.808175659855625
network (every seed),4x64,data,0,cross-magnet,all,all,2410,5175.346389,11330.227953465674,325368.7006226821,10821.579280246133,308659.8349210688
network (every seed),4x64,data,0,cross-magnet,all,forward,1205,5175.346389,7845.018399101491,209771.78932810322,6588.820353107508,191863.13705264975
network (every seed),4x64,data,0,cross-magnet,all,backward,1205,5175.346389,14578.04718142367,468555.5631038506,14228.308264058256,447484.1150828158
network (every seed),4x64,data,0,cross-magnet,1-5 GeV,all,1034,5174.7871589999995,54787.72142888454,510908.66041371203,51052.071341468945,495142.34779914736
network (every seed),4x64,data,0,cross-magnet,1-5 GeV,forward,517,5174.7871589999995,41577.40277444055,305171.4586120706,36206.43035552439,289532.7751152317
network (every seed),4x64,data,0,cross-magnet,1-5 GeV,backward,517,5174.7871589999995,79007.20460953988,701353.9567141955,76304.75254565664,679435.5030091207
network (every seed),4x64,data,0,cross-magnet,5-20 GeV,all,1074,5175.753925000001,6549.773074753148,34395.93360230112,6102.956604265774,31934.20916461941
network (every seed),4x64,data,0,cross-magnet,5-20 GeV,forward,537,5175.753925000001,4512.009197820873,30190.231367582848,4052.6734808132687,28035.161809867972
network (every seed),4x64,data,0,cross-magnet,5-20 GeV,backward,537,5175.753925000001,8694.88284448587,37134.93278609014,8676.054994405511,34955.047930896784
network (every seed),4x64,data,0,cross-magnet,20-200 GeV,all,302,5177.237445999999,2249.010754318334,9345.670180410842,1908.1053342132127,9282.376892737211
network (every seed),4x64,data,0,cross-magnet,20-200 GeV,forward,151,5177.237445999999,931.9494952033267,3786.4690614510155,867.5369388220702,3479.597896846407
network (every seed),4x64,data,0,cross-magnet,20-200 GeV,backward,151,5177.237445999999,3977.8643488860725,15569.22483844425,3837.4457568546063,15614.821972515041
network (every seed),4x64,data,1,all,all,all,13228,70.22465149999971,25.853071415411932,25977.677309853403,7.344513910290118,22609.467202784424
network (every seed),4x64,data,1,all,all,forward,6669,70.2286009999998,29.25123757600545,26688.15793000148,7.101919980613047,22381.065461014714
network (every seed),4x64,data,1,all,all,backward,6559,70.22270000000026,22.42594843487211,24469.046241967237,7.582953886043242,22729.89319288972
network (every seed),4x64,data,1,all,1-5 GeV,all,6526,70.21979974999931,51.65599073043836,76260.5605293824,22.893482612850846,70601.36894671446
network (every seed),4x64,data,1,all,1-5 GeV,forward,3310,70.2234492499997,60.24514537249459,63606.69439655911,22.53006914746436,58540.56292512303
network (every seed),4x64,data,1,all,1-5 GeV,backward,3216,70.21649950000028,43.601757298006305,90131.61282891582,23.17352559644803,85980.24392907372
network (every seed),4x64,data,1,all,5-20 GeV,all,5212,140.07619949999935,12.594363974308465,6541.7245284934,2.381691716435874,5773.4941254310315
network (every seed),4x64,data,1,all,5-20 GeV,forward,2606,140.02239974999975,14.709899720935837,8358.208260235006,2.3030983754068757,7112.316118848604
network (every seed),4x64,data,1,all,5-20 GeV,backward,2606,203.6929999999993,10.726273305763812,5306.2412967070595,2.6564514060596345,4724.141968606758
network (every seed),4x64,data,1,all,20-200 GeV,all,1490,70.21095024999977,3.0050029872654704,2483.8951623205703,0.357595887287232,2477.248966936029
network (every seed),4x64,data,1,all,20-200 GeV,forward,753,139.99350049999885,3.414439274294523,2849.398912417177,0.40762104008251754,2810.6376533178463
network (every seed),4x64,data,1,all,20-200 GeV,backward,737,70.2077999999965,2.640216901994563,1675.5116392649613,0.29399447207367757,1718.3438352321043
network (every seed),4x64,data,1,0.05-2 mm,all,all,436,0.6499827500010724,0.10938158885664961,0.9454702939990511,0.00012281827821425395,0.004841452607706742
network (every seed),4x64,data,1,0.05-2 mm,all,forward,218,0.6499827500010724,0.11375661711099383,1.006634150752456,0.00012281827821425395,0.005072477739531666
network (every seed),4x64,data,1,0.05-2 mm,all,backward,218,0.6499827500010724,0.10566309329362866,0.8797049318388871,0.00012175289043625526,0.004309981252958994
network (every seed),4x64,data,1,0.05-2 mm,1-5 GeV,all,248,0.6499792499998875,0.1876483080422986,1.2074410259856447,0.0004949644960561272,0.006286982115000226
network (every seed),4x64,data,1,0.05-2 mm,1-5 GeV,forward,124,0.6499792499998875,0.22290745727104877,1.2027390823675432,0.0004867559653121134,0.006280165369787481
network (every seed),4x64,data,1,0.05-2 mm,1-5 GeV,backward,124,0.6499792499998875,0.1647540576357187,1.1957782448064325,0.0005065533059678273,0.006163630813205143
network (every seed),4x64,data,1,0.05-2 mm,5-20 GeV,all,142,0.6499850000000151,0.08466439854259988,0.24671591315392755,2.5067379283427726e-05,0.0003144398291965434
network (every seed),4x64,data,1,0.05-2 mm,5-20 GeV,forward,71,0.6499850000000151,0.07864273527502519,0.22954070435865503,2.5086364985327236e-05,0.0002741366955660851
network (every seed),4x64,data,1,0.05-2 mm,5-20 GeV,backward,71,0.6499850000000151,0.0903290510905208,0.3170002360377566,2.4613370896986453e-05,0.0002914981598323152
network (every seed),4x64,data,1,0.05-2 mm,20-200 GeV,all,46,0.6499925000007352,0.05800564430558097,0.12501339535653244,2.661380449353601e-06,3.2612149425403913e-05
network (every seed),4x64,data,1,0.05-2 mm,20-200 GeV,forward,23,0.6499925000007352,0.055687568192297476,0.13017855682520002,2.9325519790290855e-06,1.9261392480984796e-05
network (every seed),4x64,data,1,0.05-2 mm,20-200 GeV,backward,23,0.6499925000007352,0.07111655800429162,0.09798325267809103,2.6497559701965656e-06,3.4803719017872936e-05
network (every seed),4x64,data,1,2-20 mm,all,all,382,6.3070000000006985,0.5886729443993488,6.075833318011802,0.0033327320210219114,0.1915093506951846
network (every seed),4x64,data,1,2-20 mm,all,forward,191,6.3070000000006985,0.6586173936347917,5.953406107025216,0.004155746950118555,0.18446369394098383
network (every seed),4x64,data,1,2-20 mm,all,backward,191,6.3070000000006985,0.5040412968106978,6.414851929213761,0.0030615925084021,0.17984834670414784
network (every seed),4x64,data,1,2-20 mm,1-5 GeV,all,160,6.3070000000006985,1.8221631412025374,10.017680446659927,0.03313121503722982,0.2795079970184116
network (every seed),4x64,data,1,2-20 mm,1-5 GeV,forward,80,6.3070000000006985,1.7552901946373822,9.804415968298485,0.025341798981060037,0.23329787431265456
network (every seed),4x64,data,1,2-20 mm,1-5 GeV,backward,80,6.3070000000006985,2.082202547008194,11.035819738700066,0.03699312003391242,0.39662509925904027
network (every seed),4x64,data,1,2-20 mm,5-20 GeV,all,156,6.3070000000006985,0.49593951127580027,1.7174416608014553,0.0011587451105299351,0.01864655415317884
network (every seed),4x64,data,1,2-20 mm,5-20 GeV,forward,78,6.3070000000006985,0.5622624919539021,1.707538649540651,0.0011447489285387746,0.01675910993697015
network (every seed),4x64,data,1,2-20 mm,5-20 GeV,backward,78,6.3070000000006985,0.4564960354400682,1.6112225638348554,0.0012485853559951465,0.021234932414237937
network (every seed),4x64,data,1,2-20 mm,20-200 GeV,all,66,6.3070000000006985,0.15184277919644273,0.3777815818414576,0.00047959434645861165,0.0012326228553405372
network (every seed),4x64,data,1,2-20 mm,20-200 GeV,forward,33,6.3070000000006985,0.13670446207925124,0.3402505591055149,0.0003434557811488048,0.0011269267815805504
network (every seed),4x64,data,1,2-20 mm,20-200 GeV,backward,33,6.3070000000006985,0.1529411698157901,0.4128290131354183,0.0005176503226067553,0.0012760364240804734
network (every seed),4x64,data,1,20-200 mm,all,all,6000,69.804950499999,8.466504815842768,66.71735127366551,1.0836976115200514,29.973805150300596
network (every seed),4x64,data,1,20-200 mm,all,forward,3011,69.80459999999948,9.982024324386884,74.70435277890886,1.230448358171543,29.233957415584655
network (every seed),4x64,data,1,20-200 mm,all,backward,2989,69.80529999999999,7.151641230692007,59.74173719066014,0.9539314924040809,30.362275678044153
network (every seed),4x64,data,1,20-200 mm,1-5 GeV,all,3042,69.80709999999999,20.12851894647838,93.48974798850234,4.393719279910613,45.583873432383335
network (every seed),4x64,data,1,20-200 mm,1-5 GeV,forward,1532,69.80653799999982,23.465883270880283,105.93679854803786,4.4739280384931135,44.339011052905164
network (every seed),4x64,data,1,20-200 mm,1-5 GeV,backward,1510,69.80770074999964,16.94370046510585,81.88238783508265,4.2880143229240275,48.833268326330874
network (every seed),4x64,data,1,20-200 mm,5-20 GeV,all,2309,69.80490049999935,4.727541751890385,17.831286912468155,0.3441606491492166,2.9072560916276293
network (every seed),4x64,data,1,20-200 mm,5-20 GeV,forward,1156,69.80415000000085,5.482572566407384,18.96384977282395,0.4350271497060021,2.722909926305306
network (every seed),4x64,data,1,20-200 mm,5-20 GeV,backward,1153,69.80549999999857,3.9851254298355343,15.057848995684214,0.273268919045222,3.110799848468556
network (every seed),4x64,data,1,20-200 mm,20-200 GeV,all,649,69.8020000000015,1.1701797286605142,4.837238018694736,0.054097380640882875,0.2822898474647674
network (every seed),4x64,data,1,20-200 mm,20-200 GeV,forward,323,69.80189999999857,1.3067313444992124,5.379453541750933,0.04902171860976523,0.25133373900416667
network (every seed),4x64,data,1,20-200 mm,20-200 GeV,backward,326,69.80249950000007,1.098010266446181,3.8695558937078545,0.06215235035256228,0.2938186536347587
network (every seed),4x64,data,1,200-2000 mm,all,all,4000,472.2208000000005,77.30580768264872,1148.7265575284814,37.58557487660852,1073.4399622020976
network (every seed),4x64,data,1,200-2000 mm,all,forward,2044,472.2166499999994,87.01176223090101,1307.7421804151256,42.66320384775213,1200.8340130772804
network (every seed),4x64,data,1,200-2000 mm,all,backward,1956,472.2224995000006,66.73915323926849,986.4935814423247,35.460798274915106,917.6419966688627
network (every seed),4x64,data,1,200-2000 mm,1-5 GeV,all,2042,472.2235007499994,214.19306590033216,1833.5517050557712,146.02041388258158,1658.9055798733104
network (every seed),4x64,data,1,200-2000 mm,1-5 GeV,forward,1057,472.19920699999966,230.61348214241661,2097.3859876209644,152.59379510075632,1793.6612680851792
network (every seed),4x64,data,1,200-2000 mm,1-5 GeV,backward,985,472.238799499999,198.24514584047392,1488.8384245825348,139.46259007229855,1380.1694204009434
network (every seed),4x64,data,1,200-2000 mm,5-20 GeV,all,1531,472.22849999999926,37.863430996644354,219.824053699341,13.489926444634648,139.5151148284981
network (every seed),4x64,data,1,200-2000 mm,5-20 GeV,forward,764,472.23500099999956,44.2707054568956,239.43544070425423,13.13765361005892,158.8207525089076
network (every seed),4x64,data,1,200-2000 mm,5-20 GeV,backward,767,472.22249900000133,33.52247223278937,201.32619641354938,13.643950740743094,102.54980476399905
network (every seed),4x64,data,1,200-2000 mm,20-200 GeV,all,427,472.1847999999991,7.9655841001575745,50.41544209042286,2.4891583146935403,30.328343351469286
network (every seed),4x64,data,1,200-2000 mm,20-200 GeV,forward,223,472.1836999999996,8.327460526174946,50.056039668129365,2.631498056992143,16.21131276086193
network (every seed),4x64,data,1,200-2000 mm,20-200 GeV,backward,204,472.1850502499992,7.584081489227401,50.37057284333992,2.2452681125244567,45.23698977425264
network (every seed),4x64,data,1,cross-magnet,all,all,2410,5175.346389,6902.294460735206,205244.3506322998,6370.609142631662,194246.65712891248
network (every seed),4x64,data,1,cross-magnet,all,forward,1205,5175.346389,7859.755022957302,144101.58387407608,7236.212171253101,133497.46721221734
network (every seed),4x64,data,1,cross-magnet,all,backward,1205,5175.346389,6019.787435344398,279953.0176556931,5495.73309792143,263809.4488990551
network (every seed),4x64,data,1,cross-magnet,1-5 GeV,all,1034,5174.7871589999995,34709.500126060426,373959.32787366695,32160.667029883312,354510.1734915951
network (every seed),4x64,data,1,cross-magnet,1-5 GeV,forward,517,5174.7871589999995,33075.732192472744,273295.77314043866,28993.321261848905,260105.9441868091
network (every seed),4x64,data,1,cross-magnet,1-5 GeV,backward,517,5174.7871589999995,36954.07170980411,459411.6719397193,33335.58764167827,442887.753453798
network (every seed),4x64,data,1,cross-magnet,5-20 GeV,all,1074,5175.753925000001,3167.67262115863,27316.649185025664,2599.4686065728274,25757.18981645403
network (every seed),4x64,data,1,cross-magnet,5-20 GeV,forward,537,5175.753925000001,3715.8960004221626,32712.55413413214,2728.2104500850437,32055.625584169225
network (every seed),4x64,data,1,cross-magnet,5-20 GeV,backward,537,5175.753925000001,2836.2942879121533,17669.867130355222,2515.1085631461,16964.327119784142
network (every seed),4x64,data,1,cross-magnet,20-200 GeV,all,302,5177.237445999999,1216.658386432723,5807.929441940573,1189.0273317555043,5823.881895345184
network (every seed),4x64,data,1,cross-magnet,20-200 GeV,forward,151,5177.237445999999,1799.0960632895394,4268.311767515059,1790.1987360921794,4565.5562930440465
network (every seed),4x64,data,1,cross-magnet,20-200 GeV,backward,151,5177.237445999999,725.7164564801855,6637.239506786237,712.8666772593792,6724.146846005418
network (every seed),4x64,data,2,all,all,all,13228,70.22465149999971,26.442009014679968,25125.752090197155,7.497356122513565,22278.904470954367
network (every seed),4x64,data,2,all,all,forward,6669,70.2286009999998,29.23204875162355,21924.24638177343,6.3371814255788195,19338.51775194229
network (every seed),4x64,data,2,all,all,backward,6559,70.22270000000026,23.407513749816644,31074.46669018325,8.947549259573861,28465.39755098133
network (every seed),4x64,data,2,all,1-5 GeV,all,6526,70.21979974999931,51.51125204088203,74464.7068785265,18.237117480566667,66687.20705031935
network (every seed),4x64,data,2,all,1-5 GeV,forward,3310,70.2234492499997,60.35850199767623,56026.84435048902,16.680580827717506,45228.30674572925
network (every seed),4x64,data,2,all,1-5 GeV,backward,3216,70.21649950000028,43.50143408818852,116721.55148617434,20.116834396873173,108866.9915484255
network (every seed),4x64,data,2,all,5-20 GeV,all,5212,140.07619949999935,13.149375165539823,8056.1526381204285,2.7957687078696836,7667.959097443702
network (every seed),4x64,data,2,all,5-20 GeV,forward,2606,140.02239974999975,14.674305468986404,9884.845938016413,1.9630244345592018,8327.506311924328
network (every seed),4x64,data,2,all,5-20 GeV,backward,2606,203.6929999999993,11.549303036460401,6683.323814803179,3.99401363173979,5977.611865379391
network (every seed),4x64,data,2,all,20-200 GeV,all,1490,70.21095024999977,3.1409343711956694,2071.3292159345065,0.35397924931501734,2021.6828634030671
network (every seed),4x64,data,2,all,20-200 GeV,forward,753,139.99350049999885,3.626380884043101,2343.2172187202805,0.3647536340736224,2153.0783734916777
network (every seed),4x64,data,2,all,20-200 GeV,backward,737,70.2077999999965,2.849685167575444,1711.8931882854502,0.3353134267811697,1784.241013201078
network (every seed),4x64,data,2,0.05-2 mm,all,all,436,0.6499827500010724,0.10940049452301537,0.9440804401208425,0.000127606324618057,0.003153720115278702
network (every seed),4x64,data,2,0.05-2 mm,all,forward,218,0.6499827500010724,0.11341248909957358,1.0066289468461724,0.00012189183706823314,0.002548209886299421
network (every seed),4x64,data,2,0.05-2 mm,all,backward,218,0.6499827500010724,0.10527515087233041,0.8764325118775673,0.00014339235576699139,0.0031215497642733607
network (every seed),4x64,data,2,0.05-2 mm,1-5 GeV,all,248,0.6499792499998875,0.18791022739605978,1.206077259007543,0.00045800356929248665,0.004723887138879944
network (every seed),4x64,data,2,0.05-2 mm,1-5 GeV,forward,124,0.6499792499998875,0.22284247825155035,1.2034764641668971,0.0004522700862708007,0.0046966898764821945
network (every seed),4x64,data,2,0.05-2 mm,1-5 GeV,backward,124,0.6499792499998875,0.16482222133618052,1.195599264320889,0.00047008177261886885,0.0046702834481493465
network (every seed),4x64,data,2,0.05-2 mm,5-20 GeV,all,142,0.6499850000000151,0.08466214893587676,0.24678911944864262,2.5352733246108983e-05,0.00022628603346674933
network (every seed),4x64,data,2,0.05-2 mm,5-20 GeV,forward,71,0.6499850000000151,0.07864451112027382,0.22932466125702433,2.4753603611316066e-05,0.00024318161173653152
network (every seed),4x64,data,2,0.05-2 mm,5-20 GeV,backward,71,0.6499850000000151,0.09049244067682594,0.316973625274386,2.5908775569405407e-05,0.00021173960362830258
network (every seed),4x64,data,2,0.05-2 mm,20-200 GeV,all,46,0.6499925000007352,0.05800672973066412,0.12501098743555872,3.975387130594754e-06,2.7328653118274815e-05
network (every seed),4x64,data,2,0.05-2 mm,20-200 GeV,forward,23,0.6499925000007352,0.05570683799760445,0.13017593030468783,3.58079432771774e-06,2.3883654876044595e-05
network (every seed),4x64,data,2,0.05-2 mm,20-200 GeV,backward,23,0.6499925000007352,0.0711232480483659,0.09798370393809817,4.049027779728931e-06,2.7671802627082794e-05
network (every seed),4x64,data,2,2-20 mm,all,all,382,6.3070000000006985,0.5826633050745045,6.0712465365696735,0.005307087981520908,0.18734694839821478
network (every seed),4x64,data,2,2-20 mm,all,forward,191,6.3070000000006985,0.646814273380869,5.937408690385837,0.004365965045494136,0.17326596800160132
network (every seed),4x64,data,2,2-20 mm,all,backward,191,6.3070000000006985,0.4807709840690677,6.445866530043531,0.0058743348176903964,0.18870888374777905
network (every seed),4x64,data,2,2-20 mm,1-5 GeV,all,160,6.3070000000006985,1.8196117676190227,10.045312871244494,0.03831281149047072,0.34493101566397355
network (every seed),4x64,data,2,2-20 mm,1-5 GeV,forward,80,6.3070000000006985,1.7204662738237175,9.82758652042719,0.04038017767982183,0.2874415407070783
network (every seed),4x64,data,2,2-20 mm,1-5 GeV,backward,80,6.3070000000006985,2.0604499642118412,11.032031651757276,0.032165256321547986,0.34493101566397394
network (every seed),4x64,data,2,2-20 mm,5-20 GeV,all,156,6.3070000000006985,0.49485422159567527,1.7110258512040843,0.0025397302287899493,0.02811436536021006
network (every seed),4x64,data,2,2-20 mm,5-20 GeV,forward,78,6.3070000000006985,0.5637292044511355,1.699767910123028,0.0018313336980213535,0.021561814482851098
network (every seed),4x64,data,2,2-20 mm,5-20 GeV,backward,78,6.3070000000006985,0.4573097107254398,1.6018038138042787,0.003315370442180665,0.03756077016987541
network (every seed),4x64,data,2,2-20 mm,20-200 GeV,all,66,6.3070000000006985,0.15199799111265122,0.37786992832603006,0.00020040792136910568,0.001142230426687263
network (every seed),4x64,data,2,2-20 mm,20-200 GeV,forward,33,6.3070000000006985,0.13689594258536886,0.3411089495478414,0.00012611325805877982,0.0007892128440989408
network (every seed),4x64,data,2,2-20 mm,20-200 GeV,backward,33,6.3070000000006985,0.1525657895342647,0.41225124909791677,0.00031540450562417277,0.0015420196891380287
network (every seed),4x64,data,2,20-200 mm,all,all,6000,69.804950499999,8.258818475439966,63.98968184732336,1.0588236835786802,22.81387915134026
network (every seed),4x64,data,2,20-200 mm,all,forward,3011,69.80459999999948,9.568274650291642,71.20325516112302,1.0195581290872724,21.28262732088615
network (every seed),4x64,data,2,20-200 mm,all,backward,2989,69.80529999999999,7.125234757381804,57.47158325059444,1.1161383761191246,24.397684656241818
network (every seed),4x64,data,2,20-200 mm,1-5 GeV,all,3042,69.80709999999999,19.344790430068315,86.87845072095111,3.6941285216158803,36.68579779887167
network (every seed),4x64,data,2,20-200 mm,1-5 GeV,forward,1532,69.80653799999982,23.004011748071207,102.48045472905577,3.4863677065004595,33.67636444514233
network (every seed),4x64,data,2,20-200 mm,1-5 GeV,backward,1510,69.80770074999964,16.381126512868605,75.52548365197251,3.8622981954858915,39.53841371413204
network (every seed),4x64,data,2,20-200 mm,5-20 GeV,all,2309,69.80490049999935,4.707657754181582,17.779929098026052,0.4278233799084319,3.0914662957030705
network (every seed),4x64,data,2,20-200 mm,5-20 GeV,forward,1156,69.80415000000085,5.4793502035543895,19.049450832270054,0.40216319791852584,2.525371487990924
network (every seed),4x64,data,2,20-200 mm,5-20 GeV,backward,1153,69.80549999999857,3.9563931239854355,15.26100924314732,0.45048163832461796,3.547750401503435
network (every seed),4x64,data,2,20-200 mm,20-200 GeV,all,649,69.8020000000015,1.1831810689386657,4.873587356223654,0.07998749043736098,0.45675091484440644
network (every seed),4x64,data,2,20-200 mm,20-200 GeV,forward,323,69.80189999999857,1.3740329637812465,5.385438144830345,0.07582721985954777,0.4435650332368366
network (every seed),4x64,data,2,20-200 mm,20-200 GeV,backward,326,69.80249950000007,1.0919041506838312,4.236937037470412,0.08090388612913557,0.5162911262068803
network (every seed),4x64,data,2,200-2000 mm,all,all,4000,472.2208000000005,82.89375045637826,1022.6526383378082,43.82588118826902,935.396129554499
network (every seed),4x64,data,2,200-2000 mm,all,forward,2044,472.2166499999994,97.1781325809502,1135.2735751467776,46.73349474485633,1070.9695858335601
network (every seed),4x64,data,2,200-2000 mm,all,backward,1956,472.2224995000006,71.87270903014564,894.112529361081,42.553468882360335,787.7585798408688
network (every seed),4x64,data,2,200-2000 mm,1-5 GeV,all,2042,472.2235007499994,207.61382876384005,1547.1710827556176,139.86911054072948,1419.5265006724862
network (every seed),4x64,data,2,200-2000 mm,1-5 GeV,forward,1057,472.19920699999966,231.59281572748114,1794.4709735992537,166.82825597939654,1590.34878291809
network (every seed),4x64,data,2,200-2000 mm,1-5 GeV,backward,985,472.238799499999,179.86257670077066,1347.262910378731,114.80478399096228,1175.8039873574487
network (every seed),4x64,data,2,200-2000 mm,5-20 GeV,all,1531,472.22849999999926,44.05707753022625,223.91914243104338,24.102485083687952,145.78245106497434
network (every seed),4x64,data,2,200-2000 mm,5-20 GeV,forward,764,472.23500099999956,46.565049356892985,246.8394361435401,21.747459146304493,156.0307745516298
network (every seed),4x64,data,2,200-2000 mm,5-20 GeV,backward,767,472.22249900000133,41.413229149156905,203.32618663604717,26.680686103645712,123.61486542677649
network (every seed),4x64,data,2,200-2000 mm,20-200 GeV,all,427,472.1847999999991,8.524239917989007,39.94070730101125,2.1584164042565135,25.13015578904854
network (every seed),4x64,data,2,200-2000 mm,20-200 GeV,forward,223,472.1836999999996,8.60711180888124,35.29852566787994,1.715362161576195,15.200706537059713
network (every seed),4x64,data,2,200-2000 mm,20-200 GeV,backward,204,472.1850502499992,8.294549959025233,41.13226108837788,2.7658827807783837,31.32345453104612
network (every seed),4x64,data,2,cross-magnet,all,all,2410,5175.346389,7043.170107776738,186313.44490606658,6605.028252630205,174437.33464480762
network (every seed),4x64,data,2,cross-magnet,all,forward,1205,5175.346389,7034.472569617719,115553.28927520984,6471.196451500646,98557.70127399282
network (every seed),4x64,data,2,cross-magnet,all,backward,1205,5175.346389,7137.633997760617,290527.6377850168,6836.1664667031055,288355.276320334
network (every seed),4x64,data,2,cross-magnet,1-5 GeV,all,1034,5174.7871589999995,37448.916803278735,338738.4584543637,31674.71009266603,326690.9054358012
network (every seed),4x64,data,2,cross-magnet,1-5 GeV,forward,517,5174.7871589999995,30154.167178410033,167122.66696526846,24792.06835598916,149336.50354896823
network (every seed),4x64,data,2,cross-magnet,1-5 GeV,backward,517,5174.7871589999995,49227.8697032948,499344.2938892153,45684.80068236988,486332.98710340296
network (every seed),4x64,data,2,cross-magnet,5-20 GeV,all,1074,5175.753925000001,3483.8500632336463,20956.267564944254,3048.207206406836,19805.53727401219
network (every seed),4x64,data,2,cross-magnet,5-20 GeV,forward,537,5175.753925000001,3979.9543109746764,27097.279499591215,3330.431310594605,25059.197666662545
network (every seed),4x64,data,2,cross-magnet,5-20 GeV,backward,537,5175.753925000001,3107.3837196300856,18283.456096661383,2742.6531508349185,17571.514111928896
network (every seed),4x64,data,2,cross-magnet,20-200 GeV,all,302,5177.237445999999,1377.2892173290654,3914.9903126604995,1433.9097364380054,3890.796541067311
network (every seed),4x64,data,2,cross-magnet,20-200 GeV,forward,151,5177.237445999999,1637.5975023297826,4351.953231055915,1572.599473747559,4451.864942704981
network (every seed),4x64,data,2,cross-magnet,20-200 GeV,backward,151,5177.237445999999,1243.9373662990586,3495.2093687763368,1298.9616219099607,3330.8118103864144
network (every seed),4x64,physics,0,all,all,all,13228,70.22465149999971,28.551327378011138,7041.832374170764,12.580199583368312,2867.6329532704704
network (every seed),4x64,physics,0,all,all,forward,6669,70.2286009999998,33.30776440554928,7138.8415681765755,14.583938460646095,2521.289083445426
network (every seed),4x64,physics,0,all,all,backward,6559,70.22270000000026,24.0638500613386,6887.370622340965,10.898399008567594,3459.435294673195
network (every seed),4x64,physics,0,all,1-5 GeV,all,6526,70.21979974999931,54.860451396034904,18103.31681517813,24.813977454016367,9330.914752695391
network (every seed),4x64,physics,0,all,1-5 GeV,forward,3310,70.2234492499997,65.48528652479035,18633.479969417294,27.1370829375428,7318.218031414987
network (every seed),4x64,physics,0,all,1-5 GeV,backward,3216,70.21649950000028,45.585162050485906,17737.231732503198,23.223075797943693,11307.02163216817
network (every seed),4x64,physics,0,all,5-20 GeV,all,5212,140.07619949999935,15.132187841743416,2593.609301811544,6.876833253116388,1147.8512884997238
network (every seed),4x64,physics,0,all,5-20 GeV,forward,2606,140.02239974999975,18.56014355793434,2899.056848118306,7.928244509486149,948.7929340876633
network (every seed),4x64,physics,0,all,5-20 GeV,backward,2606,203.6929999999993,12.43435615680255,2397.0736073304834,5.860670602416462,1300.8869739710303
network (every seed),4x64,physics,0,all,20-200 GeV,all,1490,70.21095024999977,3.913154059290491,948.3346450735296,1.3734346572817913,780.6498393591664
network (every seed),4x64,physics,0,all,20-200 GeV,forward,753,139.99350049999885,4.585515904352633,1150.4352779328935,1.5801647060698087,835.1426583010294
network (every seed),4x64,physics,0,all,20-200 GeV,backward,737,70.2077999999965,3.3769339628975104,792.9101205381093,1.1296035531103144,743.2846678296614
network (every seed),4x64,physics,0,0.05-2 mm,all,all,436,0.6499827500010724,0.10935213441598535,0.9449112370418788,0.000239580629113334,0.0035708521295418905
network (every seed),4x64,physics,0,0.05-2 mm,all,forward,218,0.6499827500010724,0.11302776329102926,1.006317051117373,0.00023994593334464298,0.0035637514542941045
network (every seed),4x64,physics,0,0.05-2 mm,all,backward,218,0.6499827500010724,0.10688385485480012,0.8754047151498411,0.00023909001356514636,0.003552954069618861
network (every seed),4x64,physics,0,0.05-2 mm,1-5 GeV,all,248,0.6499792499998875,0.18812073187746137,1.2076232230811002,0.0004985377302091365,0.003907568549266216
network (every seed),4x64,physics,0,0.05-2 mm,1-5 GeV,forward,124,0.6499792499998875,0.22282286727204337,1.2034591601775446,0.0004981426968697633,0.003907776664391349
network (every seed),4x64,physics,0,0.05-2 mm,1-5 GeV,backward,124,0.6499792499998875,0.16403740700354774,1.1957766907983103,0.0004985377302091365,0.0039055898696460645
network (every seed),4x64,physics,0,0.05-2 mm,5-20 GeV,all,142,0.6499850000000151,0.08469887983153512,0.24655717312249686,0.00012062719179084525,0.0005419084772029232
network (every seed),4x64,physics,0,0.05-2 mm,5-20 GeV,forward,71,0.6499850000000151,0.07859013233257883,0.22918074909838992,0.00012060445442330092,0.0005264511884206513
network (every seed),4x64,physics,0,0.05-2 mm,5-20 GeV,backward,71,0.6499850000000151,0.09118758543991135,0.31693872011828716,0.00012064992915838957,0.0005203202420034359
network (every seed),4x64,physics,0,0.05-2 mm,20-200 GeV,all,46,0.6499925000007352,0.05797784690741992,0.1249551197073373,4.135939590810267e-05,0.00010217793544597953
network (every seed),4x64,physics,0,0.05-2 mm,20-200 GeV,forward,23,0.6499925000007352,0.05567749917645415,0.13010397432466897,4.135213771405688e-05,0.00010161957817444998
network (every seed),4x64,physics,0,0.05-2 mm,20-200 GeV,backward,23,0.6499925000007352,0.07116280255559104,0.09798628178430134,4.136665410214846e-05,0.00010164958013092472
network (every seed),4x64,physics,0,2-20 mm,all,all,382,6.3070000000006985,0.6074696622775377,6.024975682200306,0.03747467815173877,0.3235210251544273
network (every seed),4x64,physics,0,2-20 mm,all,forward,191,6.3070000000006985,0.6711549505311609,5.922089328002755,0.037639375307207956,0.32044652909668514
network (every seed),4x64,physics,0,2-20 mm,all,backward,191,6.3070000000006985,0.5512398157056508,6.369713981080327,0.03676463782653627,0.32026207082225255
network (every seed),4x64,physics,0,2-20 mm,1-5 GeV,all,160,6.3070000000006985,1.809598070212859,10.20087667447739,0.06394905515350047,0.534748324842127
network (every seed),4x64,physics,0,2-20 mm,1-5 GeV,forward,80,6.3070000000006985,1.809598070212859,10.00679257120396,0.06944639680028786,0.5063193760676654
network (every seed),4x64,physics,0,2-20 mm,1-5 GeV,backward,80,6.3070000000006985,1.8413691419141287,10.998589291091317,0.061632468387529116,0.5383611495865637
network (every seed),4x64,physics,0,2-20 mm,5-20 GeV,all,156,6.3070000000006985,0.5252589071684799,1.8173867538706645,0.03525458578934604,0.20298466965229522
network (every seed),4x64,physics,0,2-20 mm,5-20 GeV,forward,78,6.3070000000006985,0.5649457724175022,1.811120630916462,0.03582766198118037,0.1739254158792382
network (every seed),4x64,physics,0,2-20 mm,5-20 GeV,backward,78,6.3070000000006985,0.45991809587064836,1.608815330681776,0.03396875035699409,0.19504818069435634
network (every seed),4x64,physics,0,2-20 mm,20-200 GeV,all,66,6.3070000000006985,0.15631261918036543,0.3855081824724882,0.007667581152892566,0.014156181276092639
network (every seed),4x64,physics,0,2-20 mm,20-200 GeV,forward,33,6.3070000000006985,0.1329634812208269,0.3312844998050401,0.007727876671026479,0.01431605003858749
network (every seed),4x64,physics,0,2-20 mm,20-200 GeV,backward,33,6.3070000000006985,0.158359600214375,0.4230316637891639,0.007607285634758654,0.013785748018335651
network (every seed),4x64,physics,0,20-200 mm,all,all,6000,69.804950499999,8.600260821509664,66.49821566786046,2.6849897094791686,26.481577634308472
network (every seed),4x64,physics,0,20-200 mm,all,forward,3011,69.80459999999948,10.404164176975428,75.87293193597588,3.0024867028259905,26.448371254844005
network (every seed),4x64,physics,0,20-200 mm,all,backward,2989,69.80529999999999,7.329075452958023,56.25325343642086,2.4260270175773258,26.742090160252005
network (every seed),4x64,physics,0,20-200 mm,1-5 GeV,all,3042,69.80709999999999,19.83234168270087,92.27945327418172,5.756937946330254,45.31860184874603
network (every seed),4x64,physics,0,20-200 mm,1-5 GeV,forward,1532,69.80653799999982,23.049677267565016,105.56171865158039,6.253419957488404,43.74624279962521
network (every seed),4x64,physics,0,20-200 mm,1-5 GeV,backward,1510,69.80770074999964,16.75236476794595,78.16320659422631,5.155503234959724,45.811894345979454
network (every seed),4x64,physics,0,20-200 mm,5-20 GeV,all,2309,69.80490049999935,5.009749049747825,19.596714653067686,1.6744983308427663,6.030541734492089
network (every seed),4x64,physics,0,20-200 mm,5-20 GeV,forward,1156,69.80415000000085,5.916965873524305,21.026876935696492,1.868035411000335,6.619050578308361
network (every seed),4x64,physics,0,20-200 mm,5-20 GeV,backward,1153,69.80549999999857,4.256177115223636,16.301599009352664,1.512569076737691,4.833317602503938
network (every seed),4x64,physics,0,20-200 mm,20-200 GeV,all,649,69.8020000000015,1.3128926929866225,4.61427744421954,0.4455027765981612,1.357760713051448
network (every seed),4x64,physics,0,20-200 mm,20-200 GeV,forward,323,69.80189999999857,1.4085214736923035,5.555156736720333,0.49240525281391,1.4223572068544852
network (every seed),4x64,physics,0,20-200 mm,20-200 GeV,backward,326,69.80249950000007,1.2527582018009298,4.137544412548877,0.385090385822906,1.2362668270036181
network (every seed),4x64,physics,0,200-2000 mm,all,all,4000,472.2208000000005,83.00966155192668,979.5115285078441,47.40405843491935,879.2232724094897
network (every seed),4x64,physics,0,200-2000 mm,all,forward,2044,472.2166499999994,94.51289257674489,1180.2386534589684,53.36698804158857,1007.4786936775579
network (every seed),4x64,physics,0,200-2000 mm,all,backward,1956,472.2224995000006,71.05233734522187,798.0026231627306,38.89235535662294,705.5145745651714
network (every seed),4x64,physics,0,200-2000 mm,1-5 GeV,all,2042,472.2235007499994,200.92084490798356,1570.2429194306305,119.3803136849283,1333.9462464845024
network (every seed),4x64,physics,0,200-2000 mm,1-5 GeV,forward,1057,472.19920699999966,205.12305610476034,1872.6735208467285,113.50870780859168,1611.8053675672395
network (every seed),4x64,physics,0,200-2000 mm,1-5 GeV,backward,985,472.238799499999,198.8462010397143,1288.181569564162,133.65668438802913,1127.812784871866
network (every seed),4x64,physics,0,200-2000 mm,5-20 GeV,all,1531,472.22849999999926,44.77716975890189,231.11873767609836,27.487062472573598,164.13828967381505
network (every seed),4x64,physics,0,200-2000 mm,5-20 GeV,forward,764,472.23500099999956,52.573126204976006,257.8113657725851,33.652626159973664,213.55505750442492
network (every seed),4x64,physics,0,200-2000 mm,5-20 GeV,backward,767,472.22249900000133,37.73924514848659,188.2484170076906,22.43330946848232,120.3385731008778
network (every seed),4x64,physics,0,200-2000 mm,20-200 GeV,all,427,472.1847999999991,13.195387062758357,42.07387214454741,9.60872418187364,33.20446461677591
network (every seed),4x64,physics,0,200-2000 mm,20-200 GeV,forward,223,472.1836999999996,16.50073052766743,44.467191376249076,13.952055943036612,33.57167379845122
network (every seed),4x64,physics,0,200-2000 mm,20-200 GeV,backward,204,472.1850502499992,9.200689972480802,37.68180785261705,5.9953235719660825,24.81873252860786
network (every seed),4x64,physics,0,cross-magnet,all,all,2410,5175.346389,2441.2569770934383,61706.93831368722,976.770037102753,44937.72740139171
network (every seed),4x64,physics,0,cross-magnet,all,forward,1205,5175.346389,2828.2807425480596,57280.15188241427,800.5863242718192,34678.085369799905
network (every seed),4x64,physics,0,cross-magnet,all,backward,1205,5175.346389,2108.2567528712843,70521.45283310238,1168.9467504585593,65138.89464953112
network (every seed),4x64,physics,0,cross-magnet,1-5 GeV,all,1034,5174.7871589999995,8451.001444839647,122004.53751397663,3242.180877745909,98995.4220760527
network (every seed),4x64,physics,0,cross-magnet,1-5 GeV,forward,517,5174.7871589999995,8900.02823335385,100675.11021754087,2778.8464700064424,69683.1689014981
network (every seed),4x64,physics,0,cross-magnet,1-5 GeV,backward,517,5174.7871589999995,7846.828711536602,144253.1331119848,3900.212666558957,139997.74284209893
network (every seed),4x64,physics,0,cross-magnet,5-20 GeV,all,1074,5175.753925000001,1360.10979805421,8097.280765283607,590.1875543020338,4920.976751358039
network (every seed),4x64,physics,0,cross-magnet,5-20 GeV,forward,537,5175.753925000001,1492.928539905506,7261.429736521244,462.2644482039959,3572.99867884062
network (every seed),4x64,physics,0,cross-magnet,5-20 GeV,backward,537,5175.753925000001,1220.5545142171986,9470.786382735934,751.1285466382702,7768.011182852229
network (every seed),4x64,physics,0,cross-magnet,20-200 GeV,all,302,5177.237445999999,588.9443340262303,2980.5853825693193,462.47434911516905,2121.6240690669233
network (every seed),4x64,physics,0,cross-magnet,20-200 GeV,forward,151,5177.237445999999,684.8965132328146,2977.8730236836955,551.932456033029,2024.2036008084199
network (every seed),4x64,physics,0,cross-magnet,20-200 GeV,backward,151,5177.237445999999,549.488597177433,2755.3866915825547,423.564709469332,2687.082103704295
network (every seed),4x64,physics,1,all,all,all,13228,70.22465149999971,28.304405998397897,6676.291433663033,13.325522836737491,2782.0064619951063
network (every seed),4x64,physics,1,all,all,forward,6669,70.2286009999998,32.39963091718323,6914.6936556070295,14.705808119401809,2571.057826591547
network (every seed),4x64,physics,1,all,all,backward,6559,70.22270000000026,24.54324578275191,6209.8577504943105,11.935650339637505,3076.461627611834
network (every seed),4x64,physics,1,all,1-5 GeV,all,6526,70.21979974999931,54.52227168552781,16660.162316285096,25.54589545724184,8606.478659371678
network (every seed),4x64,physics,1,all,1-5 GeV,forward,3310,70.2234492499997,63.78142473340631,16051.625342768326,27.76654333998252,6297.531019735148
network (every seed),4x64,physics,1,all,1-5 GeV,backward,3216,70.21649950000028,44.96031840375281,17373.0462292624,22.403358835461518,12058.072792017263
network (every seed),4x64,physics,1,all,5-20 GeV,all,5212,140.07619949999935,14.511262036648986,2408.027639038847,4.956534560079717,965.7865592053232
network (every seed),4x64,physics,1,all,5-20 GeV,forward,2606,140.02239974999975,17.15588555777936,2789.675889613676,5.264256585451932,1032.4782727155687
network (every seed),4x64,physics,1,all,5-20 GeV,backward,2606,203.6929999999993,12.21612925760951,1928.8969178510715,4.676018639429458,875.6404750112665
network (every seed),4x64,physics,1,all,20-200 GeV,all,1490,70.21095024999977,3.6992552988266425,1102.169457464908,1.3340004987547616,875.7264091695546
network (every seed),4x64,physics,1,all,20-200 GeV,forward,753,139.99350049999885,4.157658068734804,1594.4319909015376,1.3151130819721857,1215.9673566115434
network (every seed),4x64,physics,1,all,20-200 GeV,backward,737,70.2077999999965,3.0848179459326275,730.5528188880431,1.3547577409127598,539.094812982575
network (every seed),4x64,physics,1,0.05-2 mm,all,all,436,0.6499827500010724,0.10885778669944557,0.9453101866085944,0.00026626094040693715,0.003945628122892231
network (every seed),4x64,physics,1,0.05-2 mm,all,forward,218,0.6499827500010724,0.11273903896835691,1.0065693574119854,0.00026429506760905497,0.003924248153452933
network (every seed),4x64,physics,1,0.05-2 mm,all,backward,218,0.6499827500010724,0.10654461333103882,0.8763744698640606,0.00026917126660919166,0.003934061533072961
network (every seed),4x64,physics,1,0.05-2 mm,1-5 GeV,all,248,0.6499792499998875,0.18741588655757369,1.207165632217766,0.000681546211467321,0.004896012342214817
network (every seed),4x64,physics,1,0.05-2 mm,1-5 GeV,forward,124,0.6499792499998875,0.2228568966415878,1.202472508930441,0.000682816860830826,0.004870101111009716
network (every seed),4x64,physics,1,0.05-2 mm,1-5 GeV,backward,124,0.6499792499998875,0.16373334446484478,1.1964042507429429,0.0006793409141891971,0.004855913971368863
network (every seed),4x64,physics,1,0.05-2 mm,5-20 GeV,all,142,0.6499850000000151,0.08468423392571367,0.2464507222189382,0.00011646159236988751,0.00047368808964165396
network (every seed),4x64,physics,1,0.05-2 mm,5-20 GeV,forward,71,0.6499850000000151,0.07859898896356299,0.22913624814790978,0.0001165506660072424,0.00042797455535037443
network (every seed),4x64,physics,1,0.05-2 mm,5-20 GeV,backward,71,0.6499850000000151,0.09087606918001256,0.3169251299084408,0.00011637251873253263,0.00042929684695991455
network (every seed),4x64,physics,1,0.05-2 mm,20-200 GeV,all,46,0.6499925000007352,0.05796062096763421,0.12499533289833664,3.3712964864207606e-05,0.00013454675240609504
network (every seed),4x64,physics,1,0.05-2 mm,20-200 GeV,forward,23,0.6499925000007352,0.05574084104864596,0.13015432223326678,3.368845113982388e-05,0.0001319380203312903
network (every seed),4x64,physics,1,0.05-2 mm,20-200 GeV,backward,23,0.6499925000007352,0.07117230136088892,0.09799176821445597,3.373747858859133e-05,0.00013180030862258715
network (every seed),4x64,physics,1,2-20 mm,all,all,382,6.3070000000006985,0.5992314727798487,6.126135252520724,0.031568972693296615,0.25429145577362533
network (every seed),4x64,physics,1,2-20 mm,all,forward,191,6.3070000000006985,0.6665948202098093,5.870988084041073,0.032183267748564504,0.25071817749733327
network (every seed),4x64,physics,1,2-20 mm,all,backward,191,6.3070000000006985,0.5098504605598464,6.4566979484728115,0.03114492865652352,0.25469831157920453
network (every seed),4x64,physics,1,2-20 mm,1-5 GeV,all,160,6.3070000000006985,1.843334549405995,10.009121476443273,0.06993510492492305,0.2666332830983706
network (every seed),4x64,physics,1,2-20 mm,1-5 GeV,forward,80,6.3070000000006985,1.7629163612724597,9.952308859772074,0.07031611600893939,0.26353084994141773
network (every seed),4x64,physics,1,2-20 mm,1-5 GeV,backward,80,6.3070000000006985,2.011907876230623,10.999469359799715,0.06963411365035199,0.26663328309837175
network (every seed),4x64,physics,1,2-20 mm,5-20 GeV,all,156,6.3070000000006985,0.4989979165541669,1.698655893818568,0.021776893063929492,0.07246848121875149
network (every seed),4x64,physics,1,2-20 mm,5-20 GeV,forward,78,6.3070000000006985,0.5636647901781089,1.685468849910875,0.02171149210994372,0.07180429186963702
network (every seed),4x64,physics,1,2-20 mm,5-20 GeV,backward,78,6.3070000000006985,0.4517675673021415,1.608257976313607,0.021836026746768766,0.07148580947221032
network (every seed),4x64,physics,1,2-20 mm,20-200 GeV,all,66,6.3070000000006985,0.15167596255061255,0.38291730569620097,0.002558435781008228,0.016708426292311174
network (every seed),4x64,physics,1,2-20 mm,20-200 GeV,forward,33,6.3070000000006985,0.13712779368901806,0.33736588191768385,0.0025520595130501533,0.01654165805291541
network (every seed),4x64,physics,1,2-20 mm,20-200 GeV,backward,33,6.3070000000006985,0.15494601635168692,0.42308921387583787,0.002564812048966303,0.01662092716259167
network (every seed),4x64,physics,1,20-200 mm,all,all,6000,69.804950499999,8.662457551800173,64.63751881111367,2.8407231610856343,26.777818940854566
network (every seed),4x64,physics,1,20-200 mm,all,forward,3011,69.80459999999948,10.25226351089259,73.76242967923474,3.02696733358232,27.329326871608828
network (every seed),4x64,physics,1,20-200 mm,all,backward,2989,69.80529999999999,7.270841468852041,55.49722103287418,2.7282521299980544,26.329004313174664
network (every seed),4x64,physics,1,20-200 mm,1-5 GeV,all,3042,69.80709999999999,19.555907547726292,88.63475813747355,6.935790719410306,42.09492850540071
network (every seed),4x64,physics,1,20-200 mm,1-5 GeV,forward,1532,69.80653799999982,23.227462355464468,102.89686009157323,7.249046176156071,41.66453678772088
network (every seed),4x64,physics,1,20-200 mm,1-5 GeV,backward,1510,69.80770074999964,16.604575497353835,73.83135976080123,6.506306511084858,42.8591152912304
network (every seed),4x64,physics,1,20-200 mm,5-20 GeV,all,2309,69.80490049999935,4.835127000887951,18.571454004131734,1.4146327404205294,5.303948544060687
network (every seed),4x64,physics,1,20-200 mm,5-20 GeV,forward,1156,69.80415000000085,5.5783688930546305,20.58681711495325,1.4550063422404946,5.531544544822964
network (every seed),4x64,physics,1,20-200 mm,5-20 GeV,backward,1153,69.80549999999857,4.230784396334286,16.086781135481896,1.361132937063303,4.963640607638808
network (every seed),4x64,physics,1,20-200 mm,20-200 GeV,all,649,69.8020000000015,1.3577659632204586,4.7018469813025385,0.4950265143293109,1.319527198609194
network (every seed),4x64,physics,1,20-200 mm,20-200 GeV,forward,323,69.80189999999857,1.4396463012928962,5.306528394780229,0.4920077955716806,1.2948634234561496
network (every seed),4x64,physics,1,20-200 mm,20-200 GeV,backward,326,69.80249950000007,1.3158759725833136,4.168126717406739,0.4987424159139664,1.3482806074556208
network (every seed),4x64,physics,1,200-2000 mm,all,all,4000,472.2208000000005,85.95600484619581,916.9855446620662,56.18594195237847,772.9474544580901
network (every seed),4x64,physics,1,200-2000 mm,all,forward,2044,472.2166499999994,101.71526353638072,1083.9731174517506,66.53987822278395,937.3791765191525
network (every seed),4x64,physics,1,200-2000 mm,all,backward,1956,472.2224995000006,74.87695255548488,781.0562867174795,46.73846796778491,653.0863349998413
network (every seed),4x64,physics,1,200-2000 mm,1-5 GeV,all,2042,472.2235007499994,208.85097862700874,1426.7083152299838,150.211262072105,1206.1018316667016
network (every seed),4x64,physics,1,200-2000 mm,1-5 GeV,forward,1057,472.19920699999966,213.04907641518867,1601.434815907259,151.78397191016302,1356.0182981481432
network (every seed),4x64,physics,1,200-2000 mm,1-5 GeV,backward,985,472.238799499999,196.7933346750783,1164.6628263110058,147.49198893383664,1028.9825799976459
network (every seed),4x64,physics,1,200-2000 mm,5-20 GeV,all,1531,472.22849999999926,43.300481044752814,200.29280398105698,30.489267889379335,127.56378688328596
network (every seed),4x64,physics,1,200-2000 mm,5-20 GeV,forward,764,472.23500099999956,50.4026649870255,207.97257849949915,36.65481319055175,129.19502851248126
network (every seed),4x64,physics,1,200-2000 mm,5-20 GeV,backward,767,472.22249900000133,36.9504141556245,178.88820021016704,25.65839413688309,123.56961365762794
network (every seed),4x64,physics,1,200-2000 mm,20-200 GeV,all,427,472.1847999999991,15.227352293251784,56.345109586289105,13.034343876967114,45.71659395381288
network (every seed),4x64,physics,1,200-2000 mm,20-200 GeV,forward,223,472.1836999999996,13.527329326223025,51.015728549329225,12.137896462888875,39.86024848499454
network (every seed),4x64,physics,1,200-2000 mm,20-200 GeV,backward,204,472.1850502499992,15.671865241529304,58.63434823179218,13.961743984911124,49.181809266981695
network (every seed),4x64,physics,1,cross-magnet,all,all,2410,5175.346389,2382.8827256687364,57557.99978257202,874.1792748622004,42421.340089244346
network (every seed),4x64,physics,1,cross-magnet,all,forward,1205,5175.346389,2745.9050296284886,50509.410539685014,973.278544159939,30995.880506682326
network (every seed),4x64,physics,1,cross-magnet,all,backward,1205,5175.346389,1886.661990160114,62027.33689901445,772.5956193577019,55548.34512781726
network (every seed),4x64,physics,1,cross-magnet,1-5 GeV,all,1034,5174.7871589999995,7833.42920312603,125910.62186400588,3092.379887218044,107625.55655123128
network (every seed),4x64,physics,1,cross-magnet,1-5 GeV,forward,517,5174.7871589999995,8582.355500201857,104226.3869384732,2862.704880082731,82599.74888430149
network (every seed),4x64,physics,1,cross-magnet,1-5 GeV,backward,517,5174.7871589999995,7409.17294444921,150800.06758215508,3482.640088172303,125688.82029424084
network (every seed),4x64,physics,1,cross-magnet,5-20 GeV,all,1074,5175.753925000001,1216.810225807535,7272.301109731412,510.87573315561224,4788.124867875
network (every seed),4x64,physics,1,cross-magnet,5-20 GeV,forward,537,5175.753925000001,1468.6245055177665,7207.254600569886,542.14092366351,3276.6627646572247
network (every seed),4x64,physics,1,cross-magnet,5-20 GeV,backward,537,5175.753925000001,952.4726180109724,7272.229814656405,472.92428508157514,5878.777478745183
network (every seed),4x64,physics,1,cross-magnet,20-200 GeV,all,302,5177.237445999999,577.3203342499755,4416.929217042262,399.3981629885823,4494.576065319933
network (every seed),4x64,physics,1,cross-magnet,20-200 GeV,forward,151,5177.237445999999,833.9986486400903,4365.93557689551,579.6158802864966,4293.225742154313
network (every seed),4x64,physics,1,cross-magnet,20-200 GeV,backward,151,5177.237445999999,431.7693081172891,5341.098713722815,347.4720155654012,5408.992963214631
network (every seed),4x64,physics,2,all,all,all,13228,70.22465149999971,27.633919301618626,7048.708329972059,11.359437758954982,2999.7132011073522
network (every seed),4x64,physics,2,all,all,forward,6669,70.2286009999998,30.12566078450618,7435.722503687329,9.349730063831885,2508.8806614147834
network (every seed),4x64,physics,2,all,all,backward,6559,70.22270000000026,25.512132921967634,6727.262342171191,13.496466952318542,3499.7078367017084
network (every seed),4x64,physics,2,all,1-5 GeV,all,6526,70.21979974999931,55.08039479894933,16823.55744816357,22.775289308032853,9602.834173538035
network (every seed),4x64,physics,2,all,1-5 GeV,forward,3310,70.2234492499997,62.98306667480347,16985.65112023204,22.70354136655328,7118.109494408607
network (every seed),4x64,physics,2,all,1-5 GeV,backward,3216,70.21649950000028,46.66390173218815,16786.796688993523,22.89161647232163,12666.149324514183
network (every seed),4x64,physics,2,all,5-20 GeV,all,5212,140.07619949999935,14.88209570151433,2649.2824992745354,4.761654670431881,1125.153246485296
network (every seed),4x64,physics,2,all,5-20 GeV,forward,2606,140.02239974999975,15.943979455670387,2994.8048326636754,4.077953462910955,1134.2829998331752
network (every seed),4x64,physics,2,all,5-20 GeV,backward,2606,203.6929999999993,13.35541506936977,2124.4377546429546,6.129196510075374,1103.414530219051
network (every seed),4x64,physics,2,all,20-200 GeV,all,1490,70.21095024999977,4.0714005481170545,949.4618262309073,1.7855997372251409,799.3090434088282
network (every seed),4x64,physics,2,all,20-200 GeV,forward,753,139.99350049999885,4.104175588096837,1149.9659773756193,1.7862624269042726,820.1620807724223
network (every seed),4x64,physics,2,all,20-200 GeV,backward,737,70.2077999999965,4.071133455198606,839.2789200216265,1.7849370475460091,767.847272321641
network (every seed),4x64,physics,2,0.05-2 mm,all,all,436,0.6499827500010724,0.10942352463416682,0.9465213048542864,0.0002674825054782559,0.002369661416423696
network (every seed),4x64,physics,2,0.05-2 mm,all,forward,218,0.6499827500010724,0.1141370860295865,1.0068227833123395,0.0002695083196613268,0.002347700404925486
network (every seed),4x64,physics,2,0.05-2 mm,all,backward,218,0.6499827500010724,0.10533106647869772,0.8767093367538337,0.0002655579294241761,0.002352106486114276
network (every seed),4x64,physics,2,0.05-2 mm,1-5 GeV,all,248,0.6499792499998875,0.18764259448289522,1.2054793785864604,0.0006654126991634257,0.0034294680972379865
network (every seed),4x64,physics,2,0.05-2 mm,1-5 GeV,forward,124,0.6499792499998875,0.22286932482984412,1.2012366850740364,0.0006678335466858698,0.003427338128858537
network (every seed),4x64,physics,2,0.05-2 mm,1-5 GeV,backward,124,0.6499792499998875,0.16400402243732515,1.195575115042401,0.000661775118260266,0.0034171813013017522
network (every seed),4x64,physics,2,0.05-2 mm,5-20 GeV,all,142,0.6499850000000151,0.08470154600104252,0.2465881498034505,0.0001398300355504034,0.0006004172377060962
network (every seed),4x64,physics,2,0.05-2 mm,5-20 GeV,forward,71,0.6499850000000151,0.07862294295080119,0.22920656421554497,0.00014010612403581035,0.0005790014085960138
network (every seed),4x64,physics,2,0.05-2 mm,5-20 GeV,backward,71,0.6499850000000151,0.09109600568990572,0.3169653730878963,0.00013955394706499646,0.0005787662757938961
network (every seed),4x64,physics,2,0.05-2 mm,20-200 GeV,all,46,0.6499925000007352,0.05803149303851285,0.12496392817595847,2.983615843277221e-05,9.076811124941742e-05
network (every seed),4x64,physics,2,0.05-2 mm,20-200 GeV,forward,23,0.6499925000007352,0.05575791385581397,0.13011765360744215,2.9816646929248236e-05,8.918084404285762e-05
network (every seed),4x64,physics,2,0.05-2 mm,20-200 GeV,backward,23,0.6499925000007352,0.07111188864428186,0.09798709712640628,2.985566993629618e-05,8.904434594114716e-05
network (every seed),4x64,physics,2,2-20 mm,all,all,382,6.3070000000006985,0.5858357504706646,6.002951728388695,0.045921270810822534,0.32051849149681283
network (every seed),4x64,physics,2,2-20 mm,all,forward,191,6.3070000000006985,0.6742891375761673,5.985564976512592,0.047719463189821454,0.3193822703124738
network (every seed),4x64,physics,2,2-20 mm,all,backward,191,6.3070000000006985,0.5426120377478583,6.391332332618127,0.04567014420331361,0.31831870589371647
network (every seed),4x64,physics,2,2-20 mm,1-5 GeV,all,160,6.3070000000006985,1.8202549898060916,10.121877932118641,0.1148744418610903,0.4499449134968341
network (every seed),4x64,physics,2,2-20 mm,1-5 GeV,forward,80,6.3070000000006985,1.7792350190330986,9.881605860579157,0.11402792509329629,0.41772946625826496
network (every seed),4x64,physics,2,2-20 mm,1-5 GeV,backward,80,6.3070000000006985,1.8649351648534207,10.944572999386533,0.11810510014242936,0.4499449134968356
network (every seed),4x64,physics,2,2-20 mm,5-20 GeV,all,156,6.3070000000006985,0.5185984487869888,1.7942232391447988,0.02997944444016465,0.15272825315548744
network (every seed),4x64,physics,2,2-20 mm,5-20 GeV,forward,78,6.3070000000006985,0.5547261655323155,1.7919259596141044,0.03117206323688393,0.14589537269387107
network (every seed),4x64,physics,2,2-20 mm,5-20 GeV,backward,78,6.3070000000006985,0.46440658902113796,1.6140803760258364,0.029658296823373287,0.13772799751592335
network (every seed),4x64,physics,2,2-20 mm,20-200 GeV,all,66,6.3070000000006985,0.15906893682959833,0.38395018658543556,0.014540081769709445,0.04705155720330367
network (every seed),4x64,physics,2,2-20 mm,20-200 GeV,forward,33,6.3070000000006985,0.11925643495480642,0.33608966039282423,0.014329571598636903,0.04458669638580658
network (every seed),4x64,physics,2,2-20 mm,20-200 GeV,backward,33,6.3070000000006985,0.16856520061026004,0.4234439303003156,0.014750591940781987,0.04489878405280477
network (every seed),4x64,physics,2,20-200 mm,all,all,6000,69.804950499999,8.813969316108228,64.55686807031498,2.800155908943225,23.296997302753677
network (every seed),4x64,physics,2,20-200 mm,all,forward,3011,69.80459999999948,10.113833902870795,75.82770397436889,2.7232458496655454,22.799645164070625
network (every seed),4x64,physics,2,20-200 mm,all,backward,2989,69.80529999999999,7.293177692872632,55.211042107146106,2.873966906690839,23.460382976418256
network (every seed),4x64,physics,2,20-200 mm,1-5 GeV,all,3042,69.80709999999999,19.76035647037122,87.99132232070617,6.304379096889079,34.74124852972405
network (every seed),4x64,physics,2,20-200 mm,1-5 GeV,forward,1532,69.80653799999982,22.519600174163656,99.30364662877766,6.112699839079028,33.674323696243405
network (every seed),4x64,physics,2,20-200 mm,1-5 GeV,backward,1510,69.80770074999964,17.05209898295834,72.23486827221562,6.626019924688364,36.388498549086975
network (every seed),4x64,physics,2,20-200 mm,5-20 GeV,all,2309,69.80490049999935,4.943968057773418,18.877809015748426,1.5055644835229032,5.47264816030406
network (every seed),4x64,physics,2,20-200 mm,5-20 GeV,forward,1156,69.80415000000085,5.6136304098082235,20.22036880431699,1.4931159238216196,4.9724515761404575
network (every seed),4x64,physics,2,20-200 mm,5-20 GeV,backward,1153,69.80549999999857,4.274447274013937,16.372744744239718,1.5173269100330344,5.872838069979021
network (every seed),4x64,physics,2,20-200 mm,20-200 GeV,all,649,69.8020000000015,1.3442802290342115,4.7037490052971975,0.4073019696306801,1.495834522580708
network (every seed),4x64,physics,2,20-200 mm,20-200 GeV,forward,323,69.80189999999857,1.409912667043045,5.25676427614723,0.37203455443091116,1.2457657569626688
network (every seed),4x64,physics,2,20-200 mm,20-200 GeV,backward,326,69.80249950000007,1.2382183789192425,4.210461481896743,0.45537571146803124,1.5454512131798381
network (every seed),4x64,physics,2,200-2000 mm,all,all,4000,472.2208000000005,80.84494487906113,942.5729080791468,45.1747801738307,772.8129639407028
network (every seed),4x64,physics,2,200-2000 mm,all,forward,2044,472.2166499999994,88.49995759990748,1114.6588976355927,43.250592248256226,915.3171936268418
network (every seed),4x64,physics,2,200-2000 mm,all,backward,1956,472.2224995000006,74.91933369232129,778.4587194095707,46.04910393425854,624.4542636956005
network (every seed),4x64,physics,2,200-2000 mm,1-5 GeV,all,2042,472.2235007499994,191.93512886462827,1421.3234534311118,131.41277285032515,1246.6054418734755
network (every seed),4x64,physics,2,200-2000 mm,1-5 GeV,forward,1057,472.19920699999966,194.3914520776957,1581.4146622487808,121.79323948191723,1416.4961942733487
network (every seed),4x64,physics,2,200-2000 mm,1-5 GeV,backward,985,472.238799499999,189.1647792203912,1149.5686298597311,138.3801561783713,1017.9400584411721
network (every seed),4x64,physics,2,200-2000 mm,5-20 GeV,all,1531,472.22849999999926,40.11375912647708,220.28241901494994,22.81817080034898,147.94579006078834
network (every seed),4x64,physics,2,200-2000 mm,5-20 GeV,forward,764,472.23500099999956,43.25384586948999,232.76569480373163,17.680442374057748,161.6727558470814
network (every seed),4x64,physics,2,200-2000 mm,5-20 GeV,backward,767,472.22249900000133,37.706256541639505,188.15364266545768,25.691834119470514,123.8868877843051
network (every seed),4x64,physics,2,200-2000 mm,20-200 GeV,all,427,472.1847999999991,16.537231042207168,49.31512074460098,12.706976425704397,42.742779433038784
network (every seed),4x64,physics,2,200-2000 mm,20-200 GeV,forward,223,472.1836999999996,13.49572872074134,43.04924884000057,8.738195821621275,31.234072273138292
network (every seed),4x64,physics,2,200-2000 mm,20-200 GeV,backward,204,472.1850502499992,19.361424625316204,58.45596861400106,19.036181956010978,45.808870652157196
network (every seed),4x64,physics,2,cross-magnet,all,all,2410,5175.346389,2410.2756375635436,60832.03383697014,970.1265502228935,44789.56992582597
network (every seed),4x64,physics,2,cross-magnet,all,forward,1205,5175.346389,2762.2397335915994,46867.81196086082,915.3632416844175,29143.927795680836
network (every seed),4x64,physics,2,cross-magnet,all,backward,1205,5175.346389,2098.2413026073345,78778.97992007634,1005.5792247136424,74114.59287930265
network (every seed),4x64,physics,2,cross-magnet,1-5 GeV,all,1034,5174.7871589999995,8235.009561733506,145776.6484138829,3404.244761727654,115506.25222226951
network (every seed),4x64,physics,2,cross-magnet,1-5 GeV,forward,517,5174.7871589999995,8696.638426253117,116718.44635937126,2701.4399083166154,81470.68424883054
network (every seed),4x64,physics,2,cross-magnet,1-5 GeV,backward,517,5174.7871589999995,7953.591850814718,162802.4858313347,3938.042160870282,149823.59224793734
network (every seed),4x64,physics,2,cross-magnet,5-20 GeV,all,1074,5175.753925000001,1323.6516734497882,8079.366617277215,575.1499556025888,5495.680846830722
network (every seed),4x64,physics,2,cross-magnet,5-20 GeV,forward,537,5175.753925000001,1522.8511949776084,8086.701973663101,540.9248455450779,4555.727357296363
network (every seed),4x64,physics,2,cross-magnet,5-20 GeV,backward,537,5175.753925000001,1119.962038866987,7781.144902199532,593.8650110565646,5988.832684880981
network (every seed),4x64,physics,2,cross-magnet,20-200 GeV,all,302,5177.237445999999,567.9029013118821,3829.6852031044077,533.1861937679996,3380.3806310956293
network (every seed),4x64,physics,2,cross-magnet,20-200 GeV,forward,151,5177.237445999999,653.8633826868363,3348.5877687483558,554.4025636827996,1881.2178564165833
network (every seed),4x64,physics,2,cross-magnet,20-200 GeV,backward,151,5177.237445999999,503.6874524186743,5983.150098572332,526.457790429447,5828.454313542081
network (every seed),8x128,data,0,all,all,all,13228,70.22465149999971,26.073057461957205,23389.88180845213,7.43729940410276,21893.989350421707
network (every seed),8x128,data,0,all,all,forward,6669,70.2286009999998,29.437166487923605,19255.147673676787,7.865502188735718,17524.93759547683
network (every seed),8x128,data,0,all,all,backward,6559,70.22270000000026,22.596975384658435,28745.74387815848,7.190866372866367,27118.52969892488
network (every seed),8x128,data,0,all,1-5 GeV,all,6526,70.21979974999931,50.89563023365429,64967.70159954668,17.642588667051484,57382.77701934535
network (every seed),8x128,data,0,all,1-5 GeV,forward,3310,70.2234492499997,60.35491493364731,42231.86183885022,19.259423417778976,36032.6123792558
network (every seed),8x128,data,0,all,1-5 GeV,backward,3216,70.21649950000028,41.12532960425597,109403.9323189562,16.372437310337773,106484.66697299347
network (every seed),8x128,data,0,all,5-20 GeV,all,5212,140.07619949999935,12.759114797546545,6702.4915150543775,2.9403838159183238,5807.021849356895
network (every seed),8x128,data,0,all,5-20 GeV,forward,2606,140.02239974999975,15.04330748863758,6368.793742957337,2.772621769906891,5706.3557059295745
network (every seed),8x128,data,0,all,5-20 GeV,backward,2606,203.6929999999993,10.79853922257712,6990.4295805832535,3.1095830044023387,5841.149794167521
network (every seed),8x128,data,0,all,20-200 GeV,all,1490,70.21095024999977,3.236221395123806,2117.120011226679,0.6088628650005035,2102.8862295927456
network (every seed),8x128,data,0,all,20-200 GeV,forward,753,139.99350049999885,3.9728902357722973,2555.1868224728573,0.6831927451003139,2367.99038029481
network (every seed),8x128,data,0,all,20-200 GeV,backward,737,70.2077999999965,2.829947648393727,1378.4873625139037,0.5098719751686076,1308.2561581623033
network (every seed),8x128,data,0,0.05-2 mm,all,all,436,0.6499827500010724,0.10938937492710465,0.9466815797622985,9.522297261810309e-05,0.00261698323811288
network (every seed),8x128,data,0,0.05-2 mm,all,forward,218,0.6499827500010724,0.11351349417054735,1.0066576654843067,9.497212261067034e-05,0.002602520271466343
network (every seed),8x128,data,0,0.05-2 mm,all,backward,218,0.6499827500010724,0.10552310975242563,0.8744557615557368,0.00010189454258124897,0.002561732742378804
network (every seed),8x128,data,0,0.05-2 mm,1-5 GeV,all,248,0.6499792499998875,0.18756127883534646,1.2064524012657785,0.000298581937840936,0.0042055632320625565
network (every seed),8x128,data,0,0.05-2 mm,1-5 GeV,forward,124,0.6499792499998875,0.22275163581753077,1.202735481228956,0.00030832990205453825,0.004258766512066358
network (every seed),8x128,data,0,0.05-2 mm,1-5 GeV,backward,124,0.6499792499998875,0.16488280071769168,1.1954924074643702,0.00028242776295428484,0.004134547589274007
network (every seed),8x128,data,0,0.05-2 mm,5-20 GeV,all,142,0.6499850000000151,0.08465639238863787,0.2467765871747573,1.8864540152208065e-05,0.00036554538098698604
network (every seed),8x128,data,0,0.05-2 mm,5-20 GeV,forward,71,0.6499850000000151,0.07864743851371259,0.2291382200976244,2.0723120996990474e-05,0.0003763336149376073
network (every seed),8x128,data,0,0.05-2 mm,5-20 GeV,backward,71,0.6499850000000151,0.09019493427331327,0.3170278436073204,1.8111904864781536e-05,0.0002960820779662754
network (every seed),8x128,data,0,0.05-2 mm,20-200 GeV,all,46,0.6499925000007352,0.05800546833434339,0.12501593924696408,6.280085784737821e-06,3.333911990921479e-05
network (every seed),8x128,data,0,0.05-2 mm,20-200 GeV,forward,23,0.6499925000007352,0.055686497489659814,0.13018233233310633,5.495905952557223e-06,4.111060434297541e-05
network (every seed),8x128,data,0,0.05-2 mm,20-200 GeV,backward,23,0.6499925000007352,0.07111545671989461,0.09798387689272657,7.10602421349904e-06,3.2058784427135834e-05
network (every seed),8x128,data,0,2-20 mm,all,all,382,6.3070000000006985,0.5888201293018369,6.08704644189828,0.005503222354596993,0.22930376725156504
network (every seed),8x128,data,0,2-20 mm,all,forward,191,6.3070000000006985,0.6473866593239563,5.928059296863353,0.004782006342907152,0.2051902773700931
network (every seed),8x128,data,0,2-20 mm,all,backward,191,6.3070000000006985,0.49978967047081824,6.444835841406871,0.005930640199380832,0.23687682610784577
network (every seed),8x128,data,0,2-20 mm,1-5 GeV,all,160,6.3070000000006985,1.816183094028645,10.11663208709023,0.03561151615372182,0.3392726795340188
network (every seed),8x128,data,0,2-20 mm,1-5 GeV,forward,80,6.3070000000006985,1.7208417771499285,9.756254410339691,0.03509684036373528,0.31785393995420447
network (every seed),8x128,data,0,2-20 mm,1-5 GeV,backward,80,6.3070000000006985,2.0655535138018877,11.029943656026827,0.03561151615372182,0.3432383211077191
network (every seed),8x128,data,0,2-20 mm,5-20 GeV,all,156,6.3070000000006985,0.49664760688772347,1.6819207687213122,0.0031864779259649367,0.03674807887893081
network (every seed),8x128,data,0,2-20 mm,5-20 GeV,forward,78,6.3070000000006985,0.5635137061901219,1.6668397313814851,0.002665058815409793,0.040432761866782095
network (every seed),8x128,data,0,2-20 mm,5-20 GeV,backward,78,6.3070000000006985,0.45667166618912347,1.6062217935665732,0.003938756414356703,0.017867500784518594
network (every seed),8x128,data,0,2-20 mm,20-200 GeV,all,66,6.3070000000006985,0.1520403937593784,0.37869274500376693,0.0006551926550191212,0.0032550884814241954
network (every seed),8x128,data,0,2-20 mm,20-200 GeV,forward,33,6.3070000000006985,0.13623357083858423,0.34047408029960197,0.00046005445053509675,0.0012315439832377706
network (every seed),8x128,data,0,2-20 mm,20-200 GeV,backward,33,6.3070000000006985,0.15398570530322786,0.4141252469156419,0.0010615713321726616,0.003689327298839195
network (every seed),8x128,data,0,20-200 mm,all,all,6000,69.804950499999,8.173681202947591,64.3542728183171,1.169439844730391,23.86148093001027
network (every seed),8x128,data,0,20-200 mm,all,forward,3011,69.80459999999948,9.582685619079712,72.89404217659978,1.2686031491284666,23.886771564249898
network (every seed),8x128,data,0,20-200 mm,all,backward,2989,69.80529999999999,6.9572214680420075,55.59326677496301,1.0861353521534056,23.396197544479936
network (every seed),8x128,data,0,20-200 mm,1-5 GeV,all,3042,69.80709999999999,19.097013415318997,88.69659925145588,3.0809628620431795,38.44726881522999
network (every seed),8x128,data,0,20-200 mm,1-5 GeV,forward,1532,69.80653799999982,22.47463261117133,105.13701148678507,3.119679286982091,38.5955501398371
network (every seed),8x128,data,0,20-200 mm,1-5 GeV,backward,1510,69.80770074999964,15.933009585637592,73.26889824033739,3.054918516284033,38.215965311206894
network (every seed),8x128,data,0,20-200 mm,5-20 GeV,all,2309,69.80490049999935,4.741569812892976,17.898550708150644,0.5783589180623494,3.5731102441900475
network (every seed),8x128,data,0,20-200 mm,5-20 GeV,forward,1156,69.80415000000085,5.460923480001156,19.12290165154218,0.6531162210592356,3.236205642270562
network (every seed),8x128,data,0,20-200 mm,5-20 GeV,backward,1153,69.80549999999857,3.9731392000703636,15.409169742770244,0.4980931790896648,4.039782792892746
network (every seed),8x128,data,0,20-200 mm,20-200 GeV,all,649,69.8020000000015,1.1874041361181753,4.781630760382427,0.13719400669742754,0.7338184518800972
network (every seed),8x128,data,0,20-200 mm,20-200 GeV,forward,323,69.80189999999857,1.3522832092291992,5.316247773114916,0.1764696818753464,0.8030151192002672
network (every seed),8x128,data,0,20-200 mm,20-200 GeV,backward,326,69.80249950000007,1.084364448757924,3.9438446953994344,0.09419786624675908,0.652973062493345
network (every seed),8x128,data,0,200-2000 mm,all,all,4000,472.2208000000005,75.7564501687149,1014.3124485993885,42.176855585040585,892.3147475057359
network (every seed),8x128,data,0,200-2000 mm,all,forward,2044,472.2166499999994,88.59478553979727,1164.0618990217372,54.09778679745614,966.0149362893767
network (every seed),8x128,data,0,200-2000 mm,all,backward,1956,472.2224995000006,64.98466631626343,899.3833105321869,34.29695321200654,811.1268622060948
network (every seed),8x128,data,0,200-2000 mm,1-5 GeV,all,2042,472.2235007499994,188.56925446624473,1584.4431035622379,110.08237888958661,1405.9897778027662
network (every seed),8x128,data,0,200-2000 mm,1-5 GeV,forward,1057,472.19920699999966,202.4039174218899,1830.0250985270388,128.82867802671427,1541.8162265365027
network (every seed),8x128,data,0,200-2000 mm,1-5 GeV,backward,985,472.238799499999,169.9941138789427,1337.2217604316231,92.91532617751841,1265.221493248543
network (every seed),8x128,data,0,200-2000 mm,5-20 GeV,all,1531,472.22849999999926,42.30249791444862,222.26220136738561,25.324700273017697,166.2769160928974
network (every seed),8x128,data,0,200-2000 mm,5-20 GeV,forward,764,472.23500099999956,46.371435570641495,241.78020817734597,31.021228040309268,190.9870586534486
network (every seed),8x128,data,0,200-2000 mm,5-20 GeV,backward,767,472.22249900000133,37.93354915171676,182.19764336249673,19.904161594524794,121.0736758577494
network (every seed),8x128,data,0,200-2000 mm,20-200 GeV,all,427,472.1847999999991,10.924000652288157,45.188065981932354,7.181233888161387,35.78428850407249
network (every seed),8x128,data,0,200-2000 mm,20-200 GeV,forward,223,472.1836999999996,11.631306773558947,45.43756099446337,8.46098053523292,31.817644117432987
network (every seed),8x128,data,0,200-2000 mm,20-200 GeV,backward,204,472.1850502499992,9.553137027229042,43.98703775154944,4.920521590477733,38.42858426117175
network (every seed),8x128,data,0,cross-magnet,all,all,2410,5175.346389,6343.046095910353,186241.14178750565,6123.169680175437,177820.24623335706
network (every seed),8x128,data,0,cross-magnet,all,forward,1205,5175.346389,5866.08665803476,109929.22997774852,5640.236057007996,91666.24276073852
network (every seed),8x128,data,0,cross-magnet,all,backward,1205,5175.346389,7326.981113309486,320558.88342128205,6736.844830915572,308113.55270056357
network (every seed),8x128,data,0,cross-magnet,1-5 GeV,all,1034,5174.7871589999995,31028.232804472937,362661.52318509953,28436.46018031498,345586.756687498
network (every seed),8x128,data,0,cross-magnet,1-5 GeV,forward,517,5174.7871589999995,23903.986366980007,147114.89939432376,21934.65981073612,126096.98777232628
network (every seed),8x128,data,0,cross-magnet,1-5 GeV,backward,517,5174.7871589999995,42795.16461468809,553890.2488662507,39528.715535737036,542181.471295268
network (every seed),8x128,data,0,cross-magnet,5-20 GeV,all,1074,5175.753925000001,2977.5218694286423,24726.7965227679,2671.094540473291,23275.346397841484
network (every seed),8x128,data,0,cross-magnet,5-20 GeV,forward,537,5175.753925000001,3259.0735270416644,24721.72180311498,2855.6218637986603,23271.377970348567
network (every seed),8x128,data,0,cross-magnet,5-20 GeV,backward,537,5175.753925000001,2670.324515452535,24712.981204957054,2381.7307467736964,23164.686400751307
network (every seed),8x128,data,0,cross-magnet,20-200 GeV,all,302,5177.237445999999,1370.9699407439864,5181.023397270619,1391.6845136660356,5101.5487763741385
network (every seed),8x128,data,0,cross-magnet,20-200 GeV,forward,151,5177.237445999999,1920.7555422281644,4864.691820002037,1839.7162269343496,4857.626534080069
network (every seed),8x128,data,0,cross-magnet,20-200 GeV,backward,151,5177.237445999999,785.4788841256237,5494.479169619595,745.4648487629925,5260.628342112633
network (every seed),8x128,data,1,all,all,all,13228,70.22465149999971,25.69059466043555,38849.58994614737,7.992470275155483,36793.623600340135
network (every seed),8x128,data,1,all,all,forward,6669,70.2286009999998,30.414004808790196,33923.279898435205,9.62647343521894,30520.67585341193
network (every seed),8x128,data,1,all,all,backward,6559,70.22270000000026,21.58534313170435,45468.70257231062,7.1507267953165865,45196.89519207195
network (every seed),8x128,data,1,all,1-5 GeV,all,6526,70.21979974999931,52.43064364168504,122319.32722717473,23.362538881061212,109248.47134033206
network (every seed),8x128,data,1,all,1-5 GeV,forward,3310,70.2234492499997,62.48664672615689,85286.01850813022,26.273294183503772,75294.39328964164
network (every seed),8x128,data,1,all,1-5 GeV,backward,3216,70.21649950000028,43.63951918957554,188531.2647856215,19.781775756996467,179837.9348290234
network (every seed),8x128,data,1,all,5-20 GeV,all,5212,140.07619949999935,12.869326458220698,11398.981955498104,3.654334394141756,11111.649873427277
network (every seed),8x128,data,1,all,5-20 GeV,forward,2606,140.02239974999975,15.189817981095644,12925.44515897832,3.839704127038601,12336.726021132075
network (every seed),8x128,data,1,all,5-20 GeV,backward,2606,203.6929999999993,10.83613096056979,9759.06689734198,3.4648852162977306,9941.049983891013
network (every seed),8x128,data,1,all,20-200 GeV,all,1490,70.21095024999977,3.4085864083976958,2985.0217129173993,0.4468863666602374,3055.67766051435
network (every seed),8x128,data,1,all,20-200 GeV,forward,753,139.99350049999885,3.9794672940161036,2592.9769103632816,0.402432076725745,2485.626625015277
network (every seed),8x128,data,1,all,20-200 GeV,backward,737,70.2077999999965,2.9498985564089253,3005.4194198116843,0.5122512909991883,3089.434868933519
network (every seed),8x128,data,1,0.05-2 mm,all,all,436,0.6499827500010724,0.1093852813482954,0.94593954943889,9.440464054932818e-05,0.0028275964041313273
network (every seed),8x128,data,1,0.05-2 mm,all,forward,218,0.6499827500010724,0.1141766010732681,1.0066600680048003,9.30573285096159e-05,0.0027136623657497538
network (every seed),8x128,data,1,0.05-2 mm,all,backward,218,0.6499827500010724,0.10586474067508789,0.8752385193702138,9.624164931665291e-05,0.0029276711074998794
network (every seed),8x128,data,1,0.05-2 mm,1-5 GeV,all,248,0.6499792499998875,0.18726368409716088,1.207563202297024,0.00039455233036278514,0.005202615670896187
network (every seed),8x128,data,1,0.05-2 mm,1-5 GeV,forward,124,0.6499792499998875,0.2227184629077783,1.203144978723003,0.00041256092231378716,0.005009565717273289
network (every seed),8x128,data,1,0.05-2 mm,1-5 GeV,backward,124,0.6499792499998875,0.16492944640589258,1.1954802732532233,0.0003588658046282944,0.005225486216886563
network (every seed),8x128,data,1,0.05-2 mm,5-20 GeV,all,142,0.6499850000000151,0.08466737362766708,0.24681459514876986,2.8254168782382294e-05,0.00037172234428339834
network (every seed),8x128,data,1,0.05-2 mm,5-20 GeV,forward,71,0.6499850000000151,0.07864485598929605,0.22931558536321006,3.35666641149146e-05,0.000344289706077916
network (every seed),8x128,data,1,0.05-2 mm,5-20 GeV,backward,71,0.6499850000000151,0.09101077421291848,0.31692988557097124,2.675113819350372e-05,0.00038980509131647523
network (every seed),8x128,data,1,0.05-2 mm,20-200 GeV,all,46,0.6499925000007352,0.0580057131145395,0.1250133236467832,5.3443471870195935e-06,4.219577931507956e-05
network (every seed),8x128,data,1,0.05-2 mm,20-200 GeV,forward,23,0.6499925000007352,0.05568146150380926,0.13017866940856487,3.174058349486586e-06,1.9643127302515492e-05
network (every seed),8x128,data,1,0.05-2 mm,20-200 GeV,backward,23,0.6499925000007352,0.07111552517358177,0.09798436267089981,6.981053957133554e-06,4.627090675057839e-05
network (every seed),8x128,data,1,2-20 mm,all,all,382,6.3070000000006985,0.5835619987344387,6.084771066807092,0.005146649392884228,0.17347635213553755
network (every seed),8x128,data,1,2-20 mm,all,forward,191,6.3070000000006985,0.6466001257479093,5.930758736298003,0.004731021093107302,0.17107857977549656
network (every seed),8x128,data,1,2-20 mm,all,backward,191,6.3070000000006985,0.4896940869798527,6.442134478163553,0.007280529231934452,0.19167866824076896
network (every seed),8x128,data,1,2-20 mm,1-5 GeV,all,160,6.3070000000006985,1.8430145487329241,10.117765554664961,0.04174475543550216,0.35840931512893665
network (every seed),8x128,data,1,2-20 mm,1-5 GeV,forward,80,6.3070000000006985,1.7339920898962191,9.898153856960334,0.039016376011780096,0.29048518976111365
network (every seed),8x128,data,1,2-20 mm,1-5 GeV,backward,80,6.3070000000006985,2.0677167671010466,11.021460826444237,0.04363276792673787,0.4385372573182166
network (every seed),8x128,data,1,2-20 mm,5-20 GeV,all,156,6.3070000000006985,0.4933499474908398,1.7183834672991338,0.0029416120690406444,0.029075994515181947
network (every seed),8x128,data,1,2-20 mm,5-20 GeV,forward,78,6.3070000000006985,0.563955092360402,1.7081314049633525,0.0020784990834021855,0.02306963313780385
network (every seed),8x128,data,1,2-20 mm,5-20 GeV,backward,78,6.3070000000006985,0.45586040497269664,1.6121214042048118,0.00367836173253977,0.03503374340994013
network (every seed),8x128,data,1,2-20 mm,20-200 GeV,all,66,6.3070000000006985,0.1521522493739269,0.3777026826275731,0.00021921762538568146,0.0006347125101058282
network (every seed),8x128,data,1,2-20 mm,20-200 GeV,forward,33,6.3070000000006985,0.13675130113810496,0.3407819174171766,0.0002837317065740308,0.0007065766780556256
network (every seed),8x128,data,1,2-20 mm,20-200 GeV,backward,33,6.3070000000006985,0.15237085832353614,0.4125441258841177,0.00018998387929514138,0.0005760808704735607
network (every seed),8x128,data,1,20-200 mm,all,all,6000,69.804950499999,8.272681182941,64.72969694389121,1.0021753295745839,26.440890708806826
network (every seed),8x128,data,1,20-200 mm,all,forward,3011,69.80459999999948,9.687526432998084,73.7156580815963,0.9736341429587014,26.357351417061636
network (every seed),8x128,data,1,20-200 mm,all,backward,2989,69.80529999999999,7.105249201572406,56.75459556287021,1.029247995205651,26.458816593321895
network (every seed),8x128,data,1,20-200 mm,1-5 GeV,all,3042,69.80709999999999,19.39848990127757,89.63538524802173,3.5610997214234885,42.67911552507257
network (every seed),8x128,data,1,20-200 mm,1-5 GeV,forward,1532,69.80653799999982,23.29352822153652,105.9643133230452,3.473771142807891,41.69515024411798
network (every seed),8x128,data,1,20-200 mm,1-5 GeV,backward,1510,69.80770074999964,16.500177797155402,77.81396718279437,3.6375208523509173,43.66209755264696
network (every seed),8x128,data,1,20-200 mm,5-20 GeV,all,2309,69.80490049999935,4.79876016322045,17.95338966173858,0.4390086221874867,4.012717742944003
network (every seed),8x128,data,1,20-200 mm,5-20 GeV,forward,1156,69.80415000000085,5.544114584793647,19.375577408737854,0.40790466577789175,3.3700270819281286
network (every seed),8x128,data,1,20-200 mm,5-20 GeV,backward,1153,69.80549999999857,3.926800672729769,15.409935494130874,0.4756851817404595,4.3909864888632795
network (every seed),8x128,data,1,20-200 mm,20-200 GeV,all,649,69.8020000000015,1.1612610636575482,4.759938956925681,0.06094577480553198,0.4238045409636016
network (every seed),8x128,data,1,20-200 mm,20-200 GeV,forward,323,69.80189999999857,1.3306215428521284,5.35116674051039,0.05877757538996775,0.3316764078931555
network (every seed),8x128,data,1,20-200 mm,20-200 GeV,backward,326,69.80249950000007,1.0447822693535613,3.916164810938483,0.06691099834554848,0.4523219408838486
network (every seed),8x128,data,1,200-2000 mm,all,all,4000,472.2208000000005,83.94365836899453,1185.653512606745,48.9928236478363,1104.5126730231975
network (every seed),8x128,data,1,200-2000 mm,all,forward,2044,472.2166499999994,102.22275461080699,1332.1645739463509,65.92740047849688,1263.0052047695913
network (every seed),8x128,data,1,200-2000 mm,all,backward,1956,472.2224995000006,68.60064324004611,1024.4480002015096,33.63203331440445,947.9072043836538
network (every seed),8x128,data,1,200-2000 mm,1-5 GeV,all,2042,472.2235007499994,225.05498911591104,1756.601828546684,170.92488803854167,1731.413433780118
network (every seed),8x128,data,1,200-2000 mm,1-5 GeV,forward,1057,472.19920699999966,262.01646972639026,2258.16199381029,198.81009181312947,1970.2480727078598
network (every seed),8x128,data,1,200-2000 mm,1-5 GeV,backward,985,472.238799499999,189.56089225973471,1523.6383277264842,136.85957316806707,1425.9558807213248
network (every seed),8x128,data,1,200-2000 mm,5-20 GeV,all,1531,472.22849999999926,39.77765681980827,246.73803358223267,16.514744988128882,181.1843712912804
network (every seed),8x128,data,1,200-2000 mm,5-20 GeV,forward,764,472.23500099999956,47.881277099917185,247.1175355992273,27.08914252031036,171.40476778597548
network (every seed),8x128,data,1,200-2000 mm,5-20 GeV,backward,767,472.22249900000133,31.591820901894607,239.77582884323803,11.6167547091095,185.27117018275266
network (every seed),8x128,data,1,200-2000 mm,20-200 GeV,all,427,472.1847999999991,9.475300931654829,41.727730650546846,4.229587725831152,27.556807098892463
network (every seed),8x128,data,1,200-2000 mm,20-200 GeV,forward,223,472.1836999999996,11.137061126106573,51.74279874117076,6.622453454212973,34.64010776609552
network (every seed),8x128,data,1,200-2000 mm,20-200 GeV,backward,204,472.1850502499992,7.420707144749628,31.130736767433117,3.638278635861525,12.560444654670988
network (every seed),8x128,data,1,cross-magnet,all,all,2410,5175.346389,10645.343367845056,305703.90804398846,10552.634603995913,286718.82905045483
network (every seed),8x128,data,1,cross-magnet,all,forward,1205,5175.346389,10689.76608357218,184939.2664061041,10492.577603385513,165465.93100107918
network (every seed),8x128,data,1,cross-magnet,all,backward,1205,5175.346389,10467.426756234432,428766.88962707884,10711.768842320509,414328.54219850537
network (every seed),8x128,data,1,cross-magnet,1-5 GeV,all,1034,5174.7871589999995,54557.344578430566,467955.2013094115,50931.44850063385,447123.4273907251
network (every seed),8x128,data,1,cross-magnet,1-5 GeV,forward,517,5174.7871589999995,43896.718124770414,254843.7058681827,39495.829202430454,242584.1011944396
network (every seed),8x128,data,1,cross-magnet,1-5 GeV,backward,517,5174.7871589999995,72655.99474187638,698353.3525226493,68453.55782458467,675511.0085758796
network (every seed),8x128,data,1,cross-magnet,5-20 GeV,all,1074,5175.753925000001,4248.665332042769,36807.490433949024,4124.621614927143,35818.728033560095
network (every seed),8x128,data,1,cross-magnet,5-20 GeV,forward,537,5175.753925000001,4765.017113658317,38011.96578331963,4788.631471292092,35983.537484577675
network (every seed),8x128,data,1,cross-magnet,5-20 GeV,backward,537,5175.753925000001,3903.8065528527286,34778.53469255074,3661.05628176291,35293.7878213582
network (every seed),8x128,data,1,cross-magnet,20-200 GeV,all,302,5177.237445999999,2449.9512060594006,4760.301881065863,2516.5851533652576,4826.153864519374
network (every seed),8x128,data,1,cross-magnet,20-200 GeV,forward,151,5177.237445999999,1267.5693306872108,6471.799518416006,1083.2337319083933,7106.393483584123
network (every seed),8x128,data,1,cross-magnet,20-200 GeV,backward,151,5177.237445999999,2788.561497903004,3516.3907597309035,2864.9609058631427,3585.5322258066167
network (every seed),8x128,data,2,all,all,all,13228,70.22465149999971,25.637057485887738,25589.701233573778,7.196587937691401,24375.684039595642
network (every seed),8x128,data,2,all,all,forward,6669,70.2286009999998,29.448092485552024,21240.608714497805,7.265898304012808,20085.30707160564
network (every seed),8x128,data,2,all,all,backward,6559,70.22270000000026,22.219100321535734,32634.218855120595,7.127815847894681,31680.164618230276
network (every seed),8x128,data,2,all,1-5 GeV,all,6526,70.21979974999931,51.21842795738729,80895.43423872688,18.724892708938512,73417.32183314335
network (every seed),8x128,data,2,all,1-5 GeV,forward,3310,70.2234492499997,60.75083139239723,51925.26412586513,19.60226210482574,47556.94298439064
network (every seed),8x128,data,2,all,1-5 GeV,backward,3216,70.21649950000028,41.15745277331939,111622.88760027742,17.926870584517474,109009.18656441256
network (every seed),8x128,data,2,all,5-20 GeV,all,5212,140.07619949999935,12.601688536240996,7189.671416335029,2.6109270608571933,6334.737935721184
network (every seed),8x128,data,2,all,5-20 GeV,forward,2606,140.02239974999975,14.843140786979347,7456.364320262438,2.29334276797033,6027.068649015135
network (every seed),8x128,data,2,all,5-20 GeV,backward,2606,203.6929999999993,10.840816820412158,7062.928714663851,3.027142345068512,6618.260143100955
network (every seed),8x128,data,2,all,20-200 GeV,all,1490,70.21095024999977,3.2867757750665305,2709.4193549506977,0.33339705477875015,2630.764260550942
network (every seed),8x128,data,2,all,20-200 GeV,forward,753,139.99350049999885,3.924841950066593,3472.866991843017,0.38652830362906343,3412.9766215246664
network (every seed),8x128,data,2,all,20-200 GeV,backward,737,70.2077999999965,2.8240014082427933,1399.2101636498708,0.2955240511823831,1381.8611040831488
network (every seed),8x128,data,2,0.05-2 mm,all,all,436,0.6499827500010724,0.10938282593997428,0.9458529825110418,9.656920951783832e-05,0.0025356537776133337
network (every seed),8x128,data,2,0.05-2 mm,all,forward,218,0.6499827500010724,0.11376319025657722,1.0066587458531677,8.99014480637561e-05,0.002567387753060757
network (every seed),8x128,data,2,0.05-2 mm,all,backward,218,0.6499827500010724,0.10562661574908816,0.8745490274975508,0.00010648801662682672,0.0024867924139471134
network (every seed),8x128,data,2,0.05-2 mm,1-5 GeV,all,248,0.6499792499998875,0.18716816521191504,1.2074225442347595,0.00040796700773171324,0.005240376793835802
network (every seed),8x128,data,2,0.05-2 mm,1-5 GeV,forward,124,0.6499792499998875,0.22291272478014434,1.2027145174442921,0.0004201282877147605,0.005407898328257938
network (every seed),8x128,data,2,0.05-2 mm,1-5 GeV,backward,124,0.6499792499998875,0.16492333654127833,1.1953967158660805,0.0004036332370560558,0.0046615382188974755
network (every seed),8x128,data,2,0.05-2 mm,5-20 GeV,all,142,0.6499850000000151,0.08466936181150686,0.2468073506161516,1.925386072798574e-05,0.0002886803532220483
network (every seed),8x128,data,2,0.05-2 mm,5-20 GeV,forward,71,0.6499850000000151,0.07864108167154882,0.22935604461693515,2.0084485186089296e-05,0.0002877341565010738
network (every seed),8x128,data,2,0.05-2 mm,5-20 GeV,backward,71,0.6499850000000151,0.0905088102172158,0.3169143332115709,1.8657914324649028e-05,0.00031737533845443977
network (every seed),8x128,data,2,0.05-2 mm,20-200 GeV,all,46,0.6499925000007352,0.05801290201112863,0.12501616920879144,5.777479827884235e-06,8.34729121379496e-05
network (every seed),8x128,data,2,0.05-2 mm,20-200 GeV,forward,23,0.6499925000007352,0.055679008255538065,0.13018067443866238,7.23400717106415e-06,8.71777217525959e-05
network (every seed),8x128,data,2,0.05-2 mm,20-200 GeV,backward,23,0.6499925000007352,0.07111572284657086,0.09798336616597679,4.126604835619219e-06,5.867217964805604e-05
network (every seed),8x128,data,2,2-20 mm,all,all,382,6.3070000000006985,0.5887275778100332,6.084569193266986,0.006015802275174953,0.20684004050779398
network (every seed),8x128,data,2,2-20 mm,all,forward,191,6.3070000000006985,0.647353862888167,5.961330254208974,0.006047278759524488,0.18700933364357297
network (every seed),8x128,data,2,2-20 mm,all,backward,191,6.3070000000006985,0.5054777158157719,6.330039496104778,0.005984325790825418,0.212617274022886
network (every seed),8x128,data,2,2-20 mm,1-5 GeV,all,160,6.3070000000006985,1.7559549416006348,10.130042445186396,0.036733401245214736,0.41885336533624684
network (every seed),8x128,data,2,2-20 mm,1-5 GeV,forward,80,6.3070000000006985,1.732534406006847,9.948176056258262,0.03750887638004352,0.36929436442960634
network (every seed),8x128,data,2,2-20 mm,1-5 GeV,backward,80,6.3070000000006985,1.8242602008626818,11.004984332444675,0.036437887985130146,0.41954356387634556
network (every seed),8x128,data,2,2-20 mm,5-20 GeV,all,156,6.3070000000006985,0.4956974442456019,1.70178126685272,0.003001806739177937,0.02986758579837101
network (every seed),8x128,data,2,2-20 mm,5-20 GeV,forward,78,6.3070000000006985,0.5630543275145783,1.6893711126968458,0.0028357222490171807,0.0345583923532899
network (every seed),8x128,data,2,2-20 mm,5-20 GeV,backward,78,6.3070000000006985,0.4566181494496391,1.6213578156516895,0.0033158805479160947,0.022530503616735524
network (every seed),8x128,data,2,2-20 mm,20-200 GeV,all,66,6.3070000000006985,0.15199772021645686,0.3775306036334636,0.00041341730472321814,0.0012011858956384458
network (every seed),8x128,data,2,2-20 mm,20-200 GeV,forward,33,6.3070000000006985,0.13606366171714512,0.34096832665952975,0.0003864853219681663,0.0009607575083947495
network (every seed),8x128,data,2,2-20 mm,20-200 GeV,backward,33,6.3070000000006985,0.15355847921938448,0.4129125363546037,0.000631249683635815,0.0013057915890790637
network (every seed),8x128,data,2,20-200 mm,all,all,6000,69.804950499999,8.28569682104785,64.75054330121567,0.9123225175073912,23.859903066039713
network (every seed),8x128,data,2,20-200 mm,all,forward,3011,69.80459999999948,9.666932981502896,71.66024753493261,0.8228170524731127,24.021955239632575
network (every seed),8x128,data,2,20-200 mm,all,backward,2989,69.80529999999999,7.086380822499905,56.301491789918146,0.9897175394257829,23.79388439216541
network (every seed),8x128,data,2,20-200 mm,1-5 GeV,all,3042,69.80709999999999,19.29489863313605,88.95181776417755,3.623060528820332,38.023694092277054
network (every seed),8x128,data,2,20-200 mm,1-5 GeV,forward,1532,69.80653799999982,22.82924809899356,100.44210506423794,3.296676896937356,37.86574801870306
network (every seed),8x128,data,2,20-200 mm,1-5 GeV,backward,1510,69.80770074999964,16.36564971312282,75.61736015443327,3.8911316087535397,37.967144259806666
network (every seed),8x128,data,2,20-200 mm,5-20 GeV,all,2309,69.80490049999935,4.74572736638379,17.872859830140438,0.3068819166358594,2.9100766753344938
network (every seed),8x128,data,2,20-200 mm,5-20 GeV,forward,1156,69.80415000000085,5.5386732184388165,19.079871870246734,0.3027935754786881,2.7956720095581034
network (every seed),8x128,data,2,20-200 mm,5-20 GeV,backward,1153,69.80549999999857,3.9768463819314093,14.97518549703043,0.3102142270989816,3.160596150905794
network (every seed),8x128,data,2,20-200 mm,20-200 GeV,all,649,69.8020000000015,1.2218061127100555,4.784645135475785,0.08374307270742065,0.3555714809067472
network (every seed),8x128,data,2,20-200 mm,20-200 GeV,forward,323,69.80189999999857,1.3751367184795527,5.396070638187211,0.10038819672786303,0.3769102920045952
network (every seed),8x128,data,2,20-200 mm,20-200 GeV,backward,326,69.80249950000007,1.1326324373897023,3.8904094924276933,0.0627316456416338,0.29998789197804854
network (every seed),8x128,data,2,200-2000 mm,all,all,4000,472.2208000000005,76.57911706277787,991.4330553459985,38.91997308608097,881.5613726072422
network (every seed),8x128,data,2,200-2000 mm,all,forward,2044,472.2166499999994,90.17777791686399,1068.4798215460878,44.40719917101532,908.4665822422068
network (every seed),8x128,data,2,200-2000 mm,all,backward,1956,472.2224995000006,65.87344338967682,888.4307153838336,32.190361029151404,809.4745100576972
network (every seed),8x128,data,2,200-2000 mm,1-5 GeV,all,2042,472.2235007499994,189.14900658222678,1484.0790829810874,114.58968790105217,1334.7450006190559
network (every seed),8x128,data,2,200-2000 mm,1-5 GeV,forward,1057,472.19920699999966,204.21889915593283,1568.2981547567576,120.89617474566694,1399.7909935704224
network (every seed),8x128,data,2,200-2000 mm,1-5 GeV,backward,985,472.238799499999,175.9692638006527,1328.854819814978,106.94264577023205,1273.42143286646
network (every seed),8x128,data,2,200-2000 mm,5-20 GeV,all,1531,472.22849999999926,38.00439109847531,219.31846092033425,17.09061357541941,169.02560808551925
network (every seed),8x128,data,2,200-2000 mm,5-20 GeV,forward,764,472.23500099999956,43.59406481859196,225.52031893312707,21.634716850968516,168.80431758472378
network (every seed),8x128,data,2,200-2000 mm,5-20 GeV,backward,767,472.22249900000133,33.410714373566464,212.8801370167933,15.19668821548914,169.67092269600232
network (every seed),8x128,data,2,200-2000 mm,20-200 GeV,all,427,472.1847999999991,9.312562512086231,40.274402220939,4.350883366399216,23.567220357108454
network (every seed),8x128,data,2,200-2000 mm,20-200 GeV,forward,223,472.1836999999996,10.123800431415475,45.13398827693313,4.881473091046473,22.482744969545365
network (every seed),8x128,data,2,200-2000 mm,20-200 GeV,backward,204,472.1850502499992,7.975016129719847,36.370191445906386,4.0416365853062075,25.717349305382694
network (every seed),8x128,data,2,cross-magnet,all,all,2410,5175.346389,7218.8499474351465,220629.80227895416,6522.320062899013,199624.14459657838
network (every seed),8x128,data,2,cross-magnet,all,forward,1205,5175.346389,7134.619614672943,123827.59927267552,5786.784855328165,109816.79662393701
network (every seed),8x128,data,2,cross-magnet,all,backward,1205,5175.346389,7387.431779606502,291739.63325167145,7494.637253207636,280055.40201594465
network (every seed),8x128,data,2,cross-magnet,1-5 GeV,all,1034,5174.7871589999995,36013.4388278906,369759.55760627677,32579.07457584845,358398.73565689
network (every seed),8x128,data,2,cross-magnet,1-5 GeV,forward,517,5174.7871589999995,26200.03982056869,216242.70858444084,24555.30562967374,190678.2182706373
network (every seed),8x128,data,2,cross-magnet,1-5 GeV,backward,517,5174.7871589999995,51620.99753760197,525806.6085186579,49197.75735698346,517385.60702474846
network (every seed),8x128,data,2,cross-magnet,5-20 GeV,all,1074,5175.753925000001,3458.141471652567,25936.88061714839,2786.3681001978903,25122.143212833074
network (every seed),8x128,data,2,cross-magnet,5-20 GeV,forward,537,5175.753925000001,3691.141388778476,26849.168401550953,2803.5080032316273,25583.811038015057
network (every seed),8x128,data,2,cross-magnet,5-20 GeV,backward,537,5175.753925000001,3173.153571461569,25204.76865625578,2722.852447515038,24394.64396411094
network (every seed),8x128,data,2,cross-magnet,20-200 GeV,all,302,5177.237445999999,1333.9082924031177,5075.589823557896,1398.2794109148954,5077.70254016886
network (every seed),8x128,data,2,cross-magnet,20-200 GeV,forward,151,5177.237445999999,2228.1064422035397,5273.589898037408,2236.366246526643,5555.8359997698
network (every seed),8x128,data,2,cross-magnet,20-200 GeV,backward,151,5177.237445999999,828.0039739806599,3368.288502077434,799.4255494467595,3347.831623268714
network (every seed),8x128,physics,0,all,all,all,13228,70.22465149999971,30.94680404631589,6640.878129524902,14.515522434610073,2454.507340855463
network (every seed),8x128,physics,0,all,all,forward,6669,70.2286009999998,34.72994828298681,7571.578114426096,15.534739781742246,2351.2231300955127
network (every seed),8x128,physics,0,all,all,backward,6559,70.22270000000026,27.019165751767105,5684.071250094099,13.35095496463623,2597.30055832143
network (every seed),8x128,physics,0,all,1-5 GeV,all,6526,70.21979974999931,56.24414417863477,17270.008454141513,28.15002565230884,8464.978659665292
network (every seed),8x128,physics,0,all,1-5 GeV,forward,3310,70.2234492499997,64.38912177600287,17539.6023674198,31.734381757445362,6636.658962927876
network (every seed),8x128,physics,0,all,1-5 GeV,backward,3216,70.21649950000028,48.70614107925064,17144.312427658067,24.391259243884633,11077.369709972807
network (every seed),8x128,physics,0,all,5-20 GeV,all,5212,140.07619949999935,16.823285066287497,2503.3248257034757,8.033503140120857,908.4450352258182
network (every seed),8x128,physics,0,all,5-20 GeV,forward,2606,140.02239974999975,18.79333800981442,2911.209975120869,8.074930267280678,791.9909099401536
network (every seed),8x128,physics,0,all,5-20 GeV,backward,2606,203.6929999999993,14.818212538465048,2053.0416245208125,8.033503140120857,992.8050434267597
network (every seed),8x128,physics,0,all,20-200 GeV,all,1490,70.21095024999977,4.310359174180434,1013.872319927026,2.4341745386635694,756.6870035970942
network (every seed),8x128,physics,0,all,20-200 GeV,forward,753,139.99350049999885,4.4294897660108745,1165.8277452905734,2.7895014142131913,809.5272897258235
network (every seed),8x128,physics,0,all,20-200 GeV,backward,737,70.2077999999965,4.010218829321843,763.9673094447761,2.244452460388402,695.0900492371751
network (every seed),8x128,physics,0,0.05-2 mm,all,all,436,0.6499827500010724,0.10948875200256225,0.944690624805844,0.00030049289989619865,0.0038764566738791473
network (every seed),8x128,physics,0,0.05-2 mm,all,forward,218,0.6499827500010724,0.113108171717613,1.0067995341877582,0.0003029257413800224,0.003849685833756664
network (every seed),8x128,physics,0,0.05-2 mm,all,backward,218,0.6499827500010724,0.10715639271552391,0.8771266206593963,0.00029714703941863263,0.003871797719057212
network (every seed),8x128,physics,0,0.05-2 mm,1-5 GeV,all,248,0.6499792499998875,0.18728655402355798,1.2081152488008229,0.0006576039410788326,0.005549982824959442
network (every seed),8x128,physics,0,0.05-2 mm,1-5 GeV,forward,124,0.6499792499998875,0.22273831962138502,1.2037795262699547,0.0006656186712916679,0.005437765889837461
network (every seed),8x128,physics,0,0.05-2 mm,1-5 GeV,backward,124,0.6499792499998875,0.16367808677841822,1.1964977218838146,0.0006400578556053915,0.0054735806770622696
network (every seed),8x128,physics,0,0.05-2 mm,5-20 GeV,all,142,0.6499850000000151,0.08476966547732445,0.24658728858835127,0.00018632735532264633,0.0006498260006537748
network (every seed),8x128,physics,0,0.05-2 mm,5-20 GeV,forward,71,0.6499850000000151,0.0786473829634815,0.22927183979781773,0.00018578015215098276,0.0006430473149521276
network (every seed),8x128,physics,0,0.05-2 mm,5-20 GeV,backward,71,0.6499850000000151,0.0914304593493398,0.31696071982878493,0.00018712194105319213,0.0006488168651230808
network (every seed),8x128,physics,0,0.05-2 mm,20-200 GeV,all,46,0.6499925000007352,0.057963709728880985,0.1249785118329072,3.897764599969378e-05,0.00019241797133418004
network (every seed),8x128,physics,0,0.05-2 mm,20-200 GeV,forward,23,0.6499925000007352,0.05573762473431998,0.13013766826404088,3.8983898775768466e-05,0.0001878393391052668
network (every seed),8x128,physics,0,0.05-2 mm,20-200 GeV,backward,23,0.6499925000007352,0.07119843745329035,0.09798326157124392,3.897139322361909e-05,0.00018799987628881348
network (every seed),8x128,physics,0,2-20 mm,all,all,382,6.3070000000006985,0.6111697227666468,6.056842369117987,0.042972814279895744,0.34462358413431804
network (every seed),8x128,physics,0,2-20 mm,all,forward,191,6.3070000000006985,0.6612514018371485,5.878108043795294,0.043704014238699074,0.3360474263089941
network (every seed),8x128,physics,0,2-20 mm,all,backward,191,6.3070000000006985,0.5416979240493447,6.379480221275102,0.04269298558057244,0.34830015265363556
network (every seed),8x128,physics,0,2-20 mm,1-5 GeV,all,160,6.3070000000006985,1.881541986674451,10.178218006282682,0.10419988103649303,0.4853541893538673
network (every seed),8x128,physics,0,2-20 mm,1-5 GeV,forward,80,6.3070000000006985,1.881541986674451,9.992378740159324,0.09959020417227293,0.4853541893538699
network (every seed),8x128,physics,0,2-20 mm,1-5 GeV,backward,80,6.3070000000006985,1.7842326190020685,10.991539337155128,0.10583812147046956,0.47224334993671785
network (every seed),8x128,physics,0,2-20 mm,5-20 GeV,all,156,6.3070000000006985,0.532141996745672,1.8207782905363956,0.037732164347659136,0.2236086475093657
network (every seed),8x128,physics,0,2-20 mm,5-20 GeV,forward,78,6.3070000000006985,0.5655197358613862,1.807721176707132,0.03784908506432316,0.2234264067098479
network (every seed),8x128,physics,0,2-20 mm,5-20 GeV,backward,78,6.3070000000006985,0.45735908436128625,1.6304511725536455,0.03769414188781184,0.22495784239424652
network (every seed),8x128,physics,0,2-20 mm,20-200 GeV,all,66,6.3070000000006985,0.15616651213434807,0.3836855681256246,0.00860342457453811,0.017332898072819347
network (every seed),8x128,physics,0,2-20 mm,20-200 GeV,forward,33,6.3070000000006985,0.13416508503638624,0.33160964575942303,0.008674553516385686,0.016779939105404647
network (every seed),8x128,physics,0,2-20 mm,20-200 GeV,backward,33,6.3070000000006985,0.15774692717940297,0.4205837334085415,0.00850686846121107,0.016108803218273234
network (every seed),8x128,physics,0,20-200 mm,all,all,6000,69.804950499999,8.861443180308015,65.08770468932853,3.2915309010377314,29.517341669895842
network (every seed),8x128,physics,0,20-200 mm,all,forward,3011,69.80459999999948,10.450794686221343,76.00405061111815,3.2593847649877716,31.457548053026585
network (every seed),8x128,physics,0,20-200 mm,all,backward,2989,69.80529999999999,7.5785510674677425,58.16534029120244,3.32470541894736,26.380023305364375
network (every seed),8x128,physics,0,20-200 mm,1-5 GeV,all,3042,69.80709999999999,19.738595504165346,90.38106176952418,6.376509681189191,48.05132066558141
network (every seed),8x128,physics,0,20-200 mm,1-5 GeV,forward,1532,69.80653799999982,23.055793830735638,105.8842590934063,6.261464167209851,49.749736966322196
network (every seed),8x128,physics,0,20-200 mm,1-5 GeV,backward,1510,69.80770074999964,16.954527099656502,73.16307650726229,6.610660798926915,46.62550640781544
network (every seed),8x128,physics,0,20-200 mm,5-20 GeV,all,2309,69.80490049999935,5.1817199477568465,19.28705831739421,2.167564616826212,6.220145611609948
network (every seed),8x128,physics,0,20-200 mm,5-20 GeV,forward,1156,69.80415000000085,5.880230232151007,20.59380141864864,2.1554062803943452,5.798221402557147
network (every seed),8x128,physics,0,20-200 mm,5-20 GeV,backward,1153,69.80549999999857,4.557597353255005,16.74126770135442,2.199075307203202,6.671296172430629
network (every seed),8x128,physics,0,20-200 mm,20-200 GeV,all,649,69.8020000000015,1.4718628422514257,4.944580961257829,0.6799775951265019,2.2655494621574244
network (every seed),8x128,physics,0,20-200 mm,20-200 GeV,forward,323,69.80189999999857,1.5042593737746301,5.514860582399447,0.7214768274934613,2.165599035737386
network (every seed),8x128,physics,0,20-200 mm,20-200 GeV,backward,326,69.80249950000007,1.399242516050947,4.479465537695404,0.6702781431666693,2.499454430790138
network (every seed),8x128,physics,0,200-2000 mm,all,all,4000,472.2208000000005,91.52240579487625,863.2609291325944,60.006844144140814,730.3802865844089
network (every seed),8x128,physics,0,200-2000 mm,all,forward,2044,472.2166499999994,91.06403596771884,1058.1632622381326,51.88296520698543,865.5754376040693
network (every seed),8x128,physics,0,200-2000 mm,all,backward,1956,472.2224995000006,91.55980630555405,735.1895440059906,67.5823459001208,606.2752466687016
network (every seed),8x128,physics,0,200-2000 mm,1-5 GeV,all,2042,472.2235007499994,196.3755636420501,1319.6055190327675,118.42025291790748,1140.069624264486
network (every seed),8x128,physics,0,200-2000 mm,1-5 GeV,forward,1057,472.19920699999966,198.57960082185855,1618.4380806902934,111.27025209785302,1369.4380211847586
network (every seed),8x128,physics,0,200-2000 mm,1-5 GeV,backward,985,472.238799499999,192.9341389251249,1135.3844456481395,124.9781741651077,966.1357226789047
network (every seed),8x128,physics,0,200-2000 mm,5-20 GeV,all,1531,472.22849999999926,53.29551974256219,199.58472360821133,33.45621860370329,138.18690370557363
network (every seed),8x128,physics,0,200-2000 mm,5-20 GeV,forward,764,472.23500099999956,50.77677254109503,201.3601463069677,30.906175871894703,107.69202262299589
network (every seed),8x128,physics,0,200-2000 mm,5-20 GeV,backward,767,472.22249900000133,57.49131361540094,195.39592706406407,39.365760685996065,145.773464647425
network (every seed),8x128,physics,0,200-2000 mm,20-200 GeV,all,427,472.1847999999991,14.955640228720313,73.73971870387945,12.787796116640493,69.9212720437032
network (every seed),8x128,physics,0,200-2000 mm,20-200 GeV,forward,223,472.1836999999996,15.400157799518865,75.7324872693715,13.397568404684534,69.44020963227328
network (every seed),8x128,physics,0,200-2000 mm,20-200 GeV,backward,204,472.1850502499992,14.01906295206956,64.45685401634476,11.79707321097112,70.95696668499016
network (every seed),8x128,physics,0,cross-magnet,all,all,2410,5175.346389,2376.0629768076387,58377.87357340169,803.5496481341227,45139.93837942666
network (every seed),8x128,physics,0,cross-magnet,all,forward,1205,5175.346389,2836.5137233897713,57432.6621410833,758.4367563641763,33543.2770261501
network (every seed),8x128,physics,0,cross-magnet,all,backward,1205,5175.346389,1900.3696003934251,58444.30373810438,834.8867314743984,52883.159451461186
network (every seed),8x128,physics,0,cross-magnet,1-5 GeV,all,1034,5174.7871589999995,8499.851434574226,129856.72522574275,2676.757377371322,103919.94836848318
network (every seed),8x128,physics,0,cross-magnet,1-5 GeV,forward,517,5174.7871589999995,9453.468948372574,115755.92074408836,2434.999194174935,73100.51945028428
network (every seed),8x128,physics,0,cross-magnet,1-5 GeV,backward,517,5174.7871589999995,7027.450020888978,170851.02963472906,2985.836468400052,152463.62214189267
network (every seed),8x128,physics,0,cross-magnet,5-20 GeV,all,1074,5175.753925000001,1216.2955598800522,7386.268861471979,436.4098146575408,4251.909989139574
network (every seed),8x128,physics,0,cross-magnet,5-20 GeV,forward,537,5175.753925000001,1425.3184659275532,7570.812199017769,375.1239741212089,3921.089190728929
network (every seed),8x128,physics,0,cross-magnet,5-20 GeV,backward,537,5175.753925000001,1004.9266757463045,7261.929370545662,545.2953342125113,4760.183049484988
network (every seed),8x128,physics,0,cross-magnet,20-200 GeV,all,302,5177.237445999999,550.3436664384722,3027.700351421945,385.0293240791309,2727.951699850495
network (every seed),8x128,physics,0,cross-magnet,20-200 GeV,forward,151,5177.237445999999,718.5333449833422,3048.033926704612,423.4336127430467,2812.1339465545957
network (every seed),8x128,physics,0,cross-magnet,20-200 GeV,backward,151,5177.237445999999,487.27191374614875,2507.567355044436,344.26899627223406,2480.6495287750286
network (every seed),8x128,physics,1,all,all,all,13228,70.22465149999971,31.302378533354158,7004.229007557381,18.031588764799267,2676.7248908260185
network (every seed),8x128,physics,1,all,all,forward,6669,70.2286009999998,36.5717697139587,7481.729528442415,21.832910427114882,2526.948311793338
network (every seed),8x128,physics,1,all,all,backward,6559,70.22270000000026,25.5034994459038,6320.190221656629,14.602687439747797,2966.8899139617747
network (every seed),8x128,physics,1,all,1-5 GeV,all,6526,70.21979974999931,57.03561199657159,18190.89210077479,32.635867574356325,8337.234392620176
network (every seed),8x128,physics,1,all,1-5 GeV,forward,3310,70.2234492499997,69.52154239309039,17959.351429354047,40.91035499406814,6574.929280647409
network (every seed),8x128,physics,1,all,1-5 GeV,backward,3216,70.21649950000028,46.96639348642151,18241.040482666598,27.390577690766804,10899.242499460843
network (every seed),8x128,physics,1,all,5-20 GeV,all,5212,140.07619949999935,16.66574636401208,2578.5895869445794,10.504834892344661,1017.2848334597904
network (every seed),8x128,physics,1,all,5-20 GeV,forward,2606,140.02239974999975,19.555858544041627,2843.0868859443167,12.528565279893655,999.0278778356014
network (every seed),8x128,physics,1,all,5-20 GeV,backward,2606,203.6929999999993,13.458178959794509,2179.2254937592334,7.9593532228248165,1030.6915314885891
network (every seed),8x128,physics,1,all,20-200 GeV,all,1490,70.21095024999977,4.4801093959829785,945.4448112507862,2.9862936409372765,807.8776235634604
network (every seed),8x128,physics,1,all,20-200 GeV,forward,753,139.99350049999885,5.076696269906478,1152.1508989841711,3.5121427450235387,867.7003871592206
network (every seed),8x128,physics,1,all,20-200 GeV,backward,737,70.2077999999965,4.019399038099891,736.6044476969266,2.3929604826946616,742.9795481433748
network (every seed),8x128,physics,1,0.05-2 mm,all,all,436,0.6499827500010724,0.10795706805311056,0.9440180646720364,0.00040779013943392783,0.005482593223860022
network (every seed),8x128,physics,1,0.05-2 mm,all,forward,218,0.6499827500010724,0.11247879479014955,1.0070474502548117,0.00040910168763730326,0.005486922441377825
network (every seed),8x128,physics,1,0.05-2 mm,all,backward,218,0.6499827500010724,0.10708692921923557,0.8767387375073097,0.00040735079664955265,0.005468213407766596
network (every seed),8x128,physics,1,0.05-2 mm,1-5 GeV,all,248,0.6499792499998875,0.1883350854541277,1.2074372807092004,0.0007206800205494801,0.006184611004300677
network (every seed),8x128,physics,1,0.05-2 mm,1-5 GeV,forward,124,0.6499792499998875,0.22288544204229765,1.2028211807489697,0.0007261312475748127,0.006193700903622812
network (every seed),8x128,physics,1,0.05-2 mm,1-5 GeV,backward,124,0.6499792499998875,0.16369997297971395,1.1966386830067666,0.0007191526947281091,0.006106121429638733
network (every seed),8x128,physics,1,0.05-2 mm,5-20 GeV,all,142,0.6499850000000151,0.08470283246708732,0.2462565983968545,0.00019640731352410512,0.0007473687276160483
network (every seed),8x128,physics,1,0.05-2 mm,5-20 GeV,forward,71,0.6499850000000151,0.0785470040796099,0.2289414910521259,0.00019655522009998094,0.0007236696433210454
network (every seed),8x128,physics,1,0.05-2 mm,5-20 GeV,backward,71,0.6499850000000151,0.09098485111280752,0.31700505613230234,0.0001959549535968108,0.0007243307891258155
network (every seed),8x128,physics,1,0.05-2 mm,20-200 GeV,all,46,0.6499925000007352,0.05792581618813131,0.12493947315483922,5.196574193178094e-05,0.00020771227582372376
network (every seed),8x128,physics,1,0.05-2 mm,20-200 GeV,forward,23,0.6499925000007352,0.0556603267796163,0.130080368581531,5.0995168976442073e-05,0.0002042437600380253
network (every seed),8x128,physics,1,0.05-2 mm,20-200 GeV,backward,23,0.6499925000007352,0.07128858784710701,0.09797631968240238,5.2936314887119806e-05,0.00020452968811923705
network (every seed),8x128,physics,1,2-20 mm,all,all,382,6.3070000000006985,0.618783233623077,6.019009135522424,0.05205824253806668,0.3689138448919492
network (every seed),8x128,physics,1,2-20 mm,all,forward,191,6.3070000000006985,0.6643923616138636,5.875174835090036,0.051673625193870976,0.35879952209683097
network (every seed),8x128,physics,1,2-20 mm,all,backward,191,6.3070000000006985,0.582741792015895,6.388154327430673,0.0530611768141398,0.38298043419615624
network (every seed),8x128,physics,1,2-20 mm,1-5 GeV,all,160,6.3070000000006985,1.7907389792668482,10.13128453371336,0.11209982173454591,0.513475666981833
network (every seed),8x128,physics,1,2-20 mm,1-5 GeV,forward,80,6.3070000000006985,1.8589750472628452,10.053175354704535,0.11277474786908215,0.4917958870841232
network (every seed),8x128,physics,1,2-20 mm,1-5 GeV,backward,80,6.3070000000006985,1.6448360443632737,10.956814310347337,0.10799736844191443,0.5154602679326102
network (every seed),8x128,physics,1,2-20 mm,5-20 GeV,all,156,6.3070000000006985,0.5183986312857769,1.8342357788085906,0.046095235303078574,0.2918934147260188
network (every seed),8x128,physics,1,2-20 mm,5-20 GeV,forward,78,6.3070000000006985,0.5603857612355156,1.8260600825847453,0.0455878216222283,0.28591183025810096
network (every seed),8x128,physics,1,2-20 mm,5-20 GeV,backward,78,6.3070000000006985,0.4578692098711201,1.6301318484266831,0.046479249981246085,0.30578486693002555
network (every seed),8x128,physics,1,2-20 mm,20-200 GeV,all,66,6.3070000000006985,0.15744491556080042,0.38131213479719595,0.007613937242467728,0.01900031615775788
network (every seed),8x128,physics,1,2-20 mm,20-200 GeV,forward,33,6.3070000000006985,0.13139598690870002,0.3326885273561508,0.007694553957549033,0.01984475420613307
network (every seed),8x128,physics,1,2-20 mm,20-200 GeV,backward,33,6.3070000000006985,0.1597490072309249,0.4206561667753127,0.007533320527386422,0.018948300784416006
network (every seed),8x128,physics,1,20-200 mm,all,all,6000,69.804950499999,9.52390056482244,69.86326442414567,3.9196919438779787,36.08843918921423
network (every seed),8x128,physics,1,20-200 mm,all,forward,3011,69.80459999999948,11.38837594677966,81.29869801071266,4.665523793555337,39.60461426356687
network (every seed),8x128,physics,1,20-200 mm,all,backward,2989,69.80529999999999,7.765937134792011,59.7479994966477,3.338219331588732,33.38669347194803
network (every seed),8x128,physics,1,20-200 mm,1-5 GeV,all,3042,69.80709999999999,20.92721087782934,93.27709039804681,7.929677978426142,53.46772187740494
network (every seed),8x128,physics,1,20-200 mm,1-5 GeV,forward,1532,69.80653799999982,25.071935431981274,108.37196380876438,9.192822017876523,58.47435924880532
network (every seed),8x128,physics,1,20-200 mm,1-5 GeV,backward,1510,69.80770074999964,17.10473823175107,78.31222642316787,6.847721558244757,49.13800010801877
network (every seed),8x128,physics,1,20-200 mm,5-20 GeV,all,2309,69.80490049999935,5.480680911176705,19.31186486924616,2.478297549828312,9.583670653745443
network (every seed),8x128,physics,1,20-200 mm,5-20 GeV,forward,1156,69.80415000000085,6.5681125509442495,21.656765365051456,2.958182466272774,10.916545207862782
network (every seed),8x128,physics,1,20-200 mm,5-20 GeV,backward,1153,69.80549999999857,4.59308778090417,16.32208153392084,2.13338269969654,6.612370914422158
network (every seed),8x128,physics,1,20-200 mm,20-200 GeV,all,649,69.8020000000015,1.6610757724819791,5.182944558732672,0.8337188532578921,2.8539249165305596
network (every seed),8x128,physics,1,20-200 mm,20-200 GeV,forward,323,69.80189999999857,1.8136294920054752,6.2022429193959265,1.0002150746686311,3.041627445801961
network (every seed),8x128,physics,1,20-200 mm,20-200 GeV,backward,326,69.80249950000007,1.4582893619632387,4.4683026762273315,0.7280408191974175,2.563204722044077
network (every seed),8x128,physics,1,200-2000 mm,all,all,4000,472.2208000000005,90.64366435504212,901.3898938780968,62.02455168781995,774.9060517660607
network (every seed),8x128,physics,1,200-2000 mm,all,forward,2044,472.2166499999994,104.50626856470535,1086.3916662753795,71.38353564351974,965.2444525675319
network (every seed),8x128,physics,1,200-2000 mm,all,backward,1956,472.2224995000006,76.03855137078597,768.4860795199029,50.21698294417831,648.2305597243396
network (every seed),8x128,physics,1,200-2000 mm,1-5 GeV,all,2042,472.2235007499994,201.120055304429,1401.0591371220141,131.194007831283,1286.6810250542676
network (every seed),8x128,physics,1,200-2000 mm,1-5 GeV,forward,1057,472.19920699999966,225.60005694879237,1928.5823522483036,158.8188851883956,1531.417322950786
network (every seed),8x128,physics,1,200-2000 mm,1-5 GeV,backward,985,472.238799499999,179.12398969269816,1135.3779984994273,109.38824653544543,1024.115328913059
network (every seed),8x128,physics,1,200-2000 mm,5-20 GeV,all,1531,472.22849999999926,50.97536824405324,216.27724014392413,37.45508876090753,144.18310681907087
network (every seed),8x128,physics,1,200-2000 mm,5-20 GeV,forward,764,472.23500099999956,56.65567668285121,232.55579770652344,42.30608745510267,159.97686292765832
network (every seed),8x128,physics,1,200-2000 mm,5-20 GeV,backward,767,472.22249900000133,46.08418460296093,184.24442178429672,33.10968963285177,121.09831383431809
network (every seed),8x128,physics,1,200-2000 mm,20-200 GeV,all,427,472.1847999999991,16.25074129453452,87.93713716733289,14.9007907469354,68.37486218192055
network (every seed),8x128,physics,1,200-2000 mm,20-200 GeV,forward,223,472.1836999999996,21.964534575971584,95.16970486352096,19.527087710116575,69.7589981592671
network (every seed),8x128,physics,1,200-2000 mm,20-200 GeV,backward,204,472.1850502499992,13.130693937519311,57.73472055287875,11.194377709221603,36.931215161653306
network (every seed),8x128,physics,1,cross-magnet,all,all,2410,5175.346389,2385.1568340384583,61229.7517591804,875.3946125914922,40358.25790865963
network (every seed),8x128,physics,1,cross-magnet,all,forward,1205,5175.346389,2758.6737862700375,53566.54111807302,875.9033701702492,34424.10549081523
network (every seed),8x128,physics,1,cross-magnet,all,backward,1205,5175.346389,1976.7814241516817,76554.30567968165,874.0392581237302,64115.20487873967
network (every seed),8x128,physics,1,cross-magnet,1-5 GeV,all,1034,5174.7871589999995,8343.433176921322,122197.8046483813,2899.5597991791424,101623.91379299566
network (every seed),8x128,physics,1,cross-magnet,1-5 GeV,forward,517,5174.7871589999995,9056.1838436617,90754.93939834081,2662.6025621126246,61210.118104258705
network (every seed),8x128,physics,1,cross-magnet,1-5 GeV,backward,517,5174.7871589999995,7574.354217843904,180184.72034980665,3277.812765532559,168011.27272338225
network (every seed),8x128,physics,1,cross-magnet,5-20 GeV,all,1074,5175.753925000001,1322.3566854274545,7834.242478079257,574.307590246022,4371.050055123793
network (every seed),8x128,physics,1,cross-magnet,5-20 GeV,forward,537,5175.753925000001,1523.7137866131434,7459.175379554116,595.5285433735753,3435.9384089248124
network (every seed),8x128,physics,1,cross-magnet,5-20 GeV,backward,537,5175.753925000001,986.8996879735334,8252.983422280746,550.478928219448,5390.157344989642
network (every seed),8x128,physics,1,cross-magnet,20-200 GeV,all,302,5177.237445999999,548.5494214365367,3172.0892221698577,408.8016185386323,2002.9029828144708
network (every seed),8x128,physics,1,cross-magnet,20-200 GeV,forward,151,5177.237445999999,659.9773567323766,2975.040193422835,480.1164355057921,1439.2055363100412
network (every seed),8x128,physics,1,cross-magnet,20-200 GeV,backward,151,5177.237445999999,466.4764235618861,3341.0240748048955,369.67118226566595,3404.033845172433
network (every seed),8x128,physics,2,all,all,all,13228,70.22465149999971,29.824034331056737,7068.486507986746,13.960723726993862,2806.5454099351596
network (every seed),8x128,physics,2,all,all,forward,6669,70.2286009999998,33.5488500311385,7768.586720079427,14.911964503426134,2592.4919852131306
network (every seed),8x128,physics,2,all,all,backward,6559,70.22270000000026,26.616867349389395,6411.71552577996,13.03419933161365,3168.934889013136
network (every seed),8x128,physics,2,all,1-5 GeV,all,6526,70.21979974999931,55.20811483950183,21510.10455625493,26.369359020236516,10675.265732427946
network (every seed),8x128,physics,2,all,1-5 GeV,forward,3310,70.2234492499997,65.52283019664173,18109.515247936357,31.10323790218672,6672.056405544312
network (every seed),8x128,physics,2,all,1-5 GeV,backward,3216,70.21649950000028,45.78370349258876,23519.605669385048,22.604752581287357,15400.896681179482
network (every seed),8x128,physics,2,all,5-20 GeV,all,5212,140.07619949999935,15.834594536983104,2650.2821011735523,6.1194756143692075,1073.6860828769065
network (every seed),8x128,physics,2,all,5-20 GeV,forward,2606,140.02239974999975,18.016892039838694,2954.9034155939107,6.247074390444141,1042.3151977618766
network (every seed),8x128,physics,2,all,5-20 GeV,backward,2606,203.6929999999993,13.616904237153449,2170.5696443935094,5.812998137525227,1136.7851029919045
network (every seed),8x128,physics,2,all,20-200 GeV,all,1490,70.21095024999977,3.9322771995955463,1049.4344159026314,2.048247868827957,803.7714852521374
network (every seed),8x128,physics,2,all,20-200 GeV,forward,753,139.99350049999885,4.7710560770859445,1066.6172169719114,2.6740070864548215,793.1490012431708
network (every seed),8x128,physics,2,all,20-200 GeV,backward,737,70.2077999999965,3.288180933964213,1015.4157412677808,1.226165846077265,858.2053088921409
network (every seed),8x128,physics,2,0.05-2 mm,all,all,436,0.6499827500010724,0.10868062594227013,0.9446539642397056,0.0003297146520253591,0.004314131388127862
network (every seed),8x128,physics,2,0.05-2 mm,all,forward,218,0.6499827500010724,0.11261078816460213,1.006829069731902,0.0003311807859063265,0.004252218377587259
network (every seed),8x128,physics,2,0.05-2 mm,all,backward,218,0.6499827500010724,0.10705706483093991,0.8755174169024825,0.0003271532875714911,0.004274529760550641
network (every seed),8x128,physics,2,0.05-2 mm,1-5 GeV,all,248,0.6499792499998875,0.18747597005130956,1.2089319211099792,0.0006098221092543099,0.006338332855193584
network (every seed),8x128,physics,2,0.05-2 mm,1-5 GeV,forward,124,0.6499792499998875,0.22270824638326303,1.204280564382998,0.0006009855439970124,0.0062274638025883134
network (every seed),8x128,physics,2,0.05-2 mm,1-5 GeV,backward,124,0.6499792499998875,0.16372551468890606,1.1961539550213718,0.0006241496066650143,0.006189062673911389
network (every seed),8x128,physics,2,0.05-2 mm,5-20 GeV,all,142,0.6499850000000151,0.08472793291502967,0.24668314586140377,0.00019069712209329737,0.0005645120126018809
network (every seed),8x128,physics,2,0.05-2 mm,5-20 GeV,forward,71,0.6499850000000151,0.07864440063087841,0.22916429301922392,0.0001901106543300557,0.000561308411306527
network (every seed),8x128,physics,2,0.05-2 mm,5-20 GeV,backward,71,0.6499850000000151,0.09068684062185639,0.3170522984987656,0.00019162928310834104,0.0005611359483737033
network (every seed),8x128,physics,2,0.05-2 mm,20-200 GeV,all,46,0.6499925000007352,0.05794710092832389,0.12500348100985548,5.351705567591125e-05,0.00019836954479046653
network (every seed),8x128,physics,2,0.05-2 mm,20-200 GeV,forward,23,0.6499925000007352,0.05578111483828252,0.13017611873067375,5.352393372959341e-05,0.0001910127991777698
network (every seed),8x128,physics,2,0.05-2 mm,20-200 GeV,backward,23,0.6499925000007352,0.0713107589547235,0.09798094143889101,5.3510177622229094e-05,0.00019009900569244554
network (every seed),8x128,physics,2,2-20 mm,all,all,382,6.3070000000006985,0.5929533365005568,6.040066503565809,0.021870344689034482,0.3101947663466831
network (every seed),8x128,physics,2,2-20 mm,all,forward,191,6.3070000000006985,0.654561144007193,5.836052331986252,0.021511552546371604,0.317201201056605
network (every seed),8x128,physics,2,2-20 mm,all,backward,191,6.3070000000006985,0.5034471303702048,6.426768929046034,0.02222913683169736,0.2988614163399461
network (every seed),8x128,physics,2,2-20 mm,1-5 GeV,all,160,6.3070000000006985,1.8572806433212463,10.086886591457745,0.07370297775821655,0.4558116391763175
network (every seed),8x128,physics,2,2-20 mm,1-5 GeV,forward,80,6.3070000000006985,1.7228120278289794,9.963498279552141,0.07636013297362965,0.4793730049186704
network (every seed),8x128,physics,2,2-20 mm,1-5 GeV,backward,80,6.3070000000006985,2.016725305793443,11.007543482440948,0.07323321201369026,0.45178149932567635
network (every seed),8x128,physics,2,2-20 mm,5-20 GeV,all,156,6.3070000000006985,0.5109130862059885,1.7900173608254022,0.014331496565489488,0.1819367115167836
network (every seed),8x128,physics,2,2-20 mm,5-20 GeV,forward,78,6.3070000000006985,0.55509902880857,1.7896907599300953,0.014331496565489488,0.19538414653084096
network (every seed),8x128,physics,2,2-20 mm,5-20 GeV,backward,78,6.3070000000006985,0.4629178545023649,1.6243357851873677,0.013052348453612694,0.16772609927855328
network (every seed),8x128,physics,2,2-20 mm,20-200 GeV,all,66,6.3070000000006985,0.15403068287245247,0.38335901674788064,0.0034929943986128364,0.009505872580195529
network (every seed),8x128,physics,2,2-20 mm,20-200 GeV,forward,33,6.3070000000006985,0.13538013001479499,0.3391550090007466,0.0034991479367363354,0.00911641661147655
network (every seed),8x128,physics,2,2-20 mm,20-200 GeV,backward,33,6.3070000000006985,0.15679887247088686,0.41445593543887316,0.0034868408604893375,0.009353686320778818
network (every seed),8x128,physics,2,20-200 mm,all,all,6000,69.804950499999,8.769451696764463,67.52775367640426,2.9094569867993414,29.564902800503045
network (every seed),8x128,physics,2,20-200 mm,all,forward,3011,69.80459999999948,10.744187856062126,77.1023762920322,3.2056899129884187,29.802531389350406
network (every seed),8x128,physics,2,20-200 mm,all,backward,2989,69.80529999999999,7.337051823071761,58.673647163755014,2.622010398567909,29.2197226764415
network (every seed),8x128,physics,2,20-200 mm,1-5 GeV,all,3042,69.80709999999999,19.946405532579092,92.30717804384746,6.225710745546564,48.579309491080366
network (every seed),8x128,physics,2,20-200 mm,1-5 GeV,forward,1532,69.80653799999982,23.64584902761635,104.51518588264719,6.564702308011761,47.04516211375564
network (every seed),8x128,physics,2,20-200 mm,1-5 GeV,backward,1510,69.80770074999964,16.75675862148296,78.45967334041858,5.896969314278522,49.51674440170847
network (every seed),8x128,physics,2,20-200 mm,5-20 GeV,all,2309,69.80490049999935,5.04013827730887,19.22933599853991,1.8816263008716305,6.4433324821038696
network (every seed),8x128,physics,2,20-200 mm,5-20 GeV,forward,1156,69.80415000000085,5.8900947032825,20.927812743266827,2.071646991431919,6.73657207593692
network (every seed),8x128,physics,2,20-200 mm,5-20 GeV,backward,1153,69.80549999999857,4.328040807365596,16.220722138186257,1.753067790644991,6.177104362359378
network (every seed),8x128,physics,2,20-200 mm,20-200 GeV,all,649,69.8020000000015,1.4120307740199678,5.254860032654563,0.6347993090010107,2.512665555150307
network (every seed),8x128,physics,2,20-200 mm,20-200 GeV,forward,323,69.80189999999857,1.5511994546102414,6.226180062650143,0.7813050718254999,2.9262253346189473
network (every seed),8x128,physics,2,20-200 mm,20-200 GeV,backward,326,69.80249950000007,1.328760878593016,4.168314999070333,0.6011037144588727,1.285979447125385
network (every seed),8x128,physics,2,200-2000 mm,all,all,4000,472.2208000000005,85.76877576422248,896.5391929612823,53.98708939355856,781.0622733320525
network (every seed),8x128,physics,2,200-2000 mm,all,forward,2044,472.2166499999994,91.92853130108602,1062.2375170700818,51.6788029958235,902.9138090523018
network (every seed),8x128,physics,2,200-2000 mm,all,backward,1956,472.2224995000006,80.05629835226102,781.7919390318906,56.223959010822,686.7262466440138
network (every seed),8x128,physics,2,200-2000 mm,1-5 GeV,all,2042,472.2235007499994,188.78841889412712,1401.5259425774104,122.43865823293731,1228.19540445883
network (every seed),8x128,physics,2,200-2000 mm,1-5 GeV,forward,1057,472.19920699999966,197.34538859802342,1574.4726022990087,123.28775612512288,1325.3636349897072
network (every seed),8x128,physics,2,200-2000 mm,1-5 GeV,backward,985,472.238799499999,177.77654494156536,1250.9845914268624,121.78929988044729,1100.694785805171
network (every seed),8x128,physics,2,200-2000 mm,5-20 GeV,all,1531,472.22849999999926,50.853209771986485,212.3871964929549,34.358720121531405,150.17148153827975
network (every seed),8x128,physics,2,200-2000 mm,5-20 GeV,forward,764,472.23500099999956,49.95234114255709,230.88348689816772,28.61853394993119,165.5604838762145
network (every seed),8x128,physics,2,200-2000 mm,5-20 GeV,backward,767,472.22249900000133,52.01187604552615,185.3961407153008,41.943428611034506,137.56488338883338
network (every seed),8x128,physics,2,200-2000 mm,20-200 GeV,all,427,472.1847999999991,16.077193547744173,51.70307473612182,13.247817237981963,43.47504978224492
network (every seed),8x128,physics,2,200-2000 mm,20-200 GeV,forward,223,472.1836999999996,14.754037715661639,51.95678927085507,10.993981790534235,43.54258170224056
network (every seed),8x128,physics,2,200-2000 mm,20-200 GeV,backward,204,472.1850502499992,18.89247768038871,50.1405808576834,16.778207386067834,43.04998835067693
network (every seed),8x128,physics,2,cross-magnet,all,all,2410,5175.346389,2378.1663192704773,73682.59371380681,912.8324018619126,54246.54593804671
network (every seed),8x128,physics,2,cross-magnet,all,forward,1205,5175.346389,2815.3441891964803,54231.151569561356,872.938790821081,33468.5890599902
network (every seed),8x128,physics,2,cross-magnet,all,backward,1205,5175.346389,1937.8072746120124,110030.79385219014,955.0415763859519,92911.71160940561
network (every seed),8x128,physics,2,cross-magnet,1-5 GeV,all,1034,5174.7871589999995,8969.640225496505,158567.5746680467,3059.7194006079053,143182.41660919687
network (every seed),8x128,physics,2,cross-magnet,1-5 GeV,forward,517,5174.7871589999995,9444.02400633976,107180.80234569023,2655.604526232537,74560.93433136288
network (every seed),8x128,physics,2,cross-magnet,1-5 GeV,backward,517,5174.7871589999995,7784.076757438001,225528.32066707368,3436.8702028401826,214682.6118816562
network (every seed),8x128,physics,2,cross-magnet,5-20 GeV,all,1074,5175.753925000001,1274.9550188346764,8077.4143694063705,540.469235740062,4963.169860395986
network (every seed),8x128,physics,2,cross-magnet,5-20 GeV,forward,537,5175.753925000001,1539.4371563861569,7675.932678420985,495.39317662686244,4669.410751423845
network (every seed),8x128,physics,2,cross-magnet,5-20 GeV,backward,537,5175.753925000001,1112.9887103240462,8178.744679108228,590.9613544945387,6383.182097902528
network (every seed),8x128,physics,2,cross-magnet,20-200 GeV,all,302,5177.237445999999,636.3100737629441,3367.366268301923,497.0898097279779,2913.8418965877395
network (every seed),8x128,physics,2,cross-magnet,20-200 GeV,forward,151,5177.237445999999,651.1354933805364,4171.1075175208025,481.22566575722203,3203.4453847577497
network (every seed),8x128,physics,2,cross-magnet,20-200 GeV,backward,151,5177.237445999999,619.8367061405393,2560.2432850549876,547.638583266231,2524.746158174001
network (every seed),8x256,data,0,all,all,all,13228,70.22465149999971,23.646549825173224,11340.10961083966,4.402479374789436,8606.329407546336
network (every seed),8x256,data,0,all,all,forward,6669,70.2286009999998,27.773049566349073,13445.456323544848,4.336947681849779,9690.823878446176
network (every seed),8x256,data,0,all,all,backward,6559,70.22270000000026,20.259877087539735,8701.816460794766,4.454412304312427,7753.543623675622
network (every seed),8x256,data,0,all,1-5 GeV,all,6526,70.21979974999931,47.46452502049703,32136.49599905591,12.224291403299503,26856.160322605574
network (every seed),8x256,data,0,all,1-5 GeV,forward,3310,70.2234492499997,56.36029904859086,31239.87415412242,12.431811378348812,24538.340867924177
network (every seed),8x256,data,0,all,1-5 GeV,backward,3216,70.21649950000028,39.096728160416205,33439.99875532667,11.651140498040391,31002.473773470752
network (every seed),8x256,data,0,all,5-20 GeV,all,5212,140.07619949999935,12.19282113784459,3952.949685212215,2.31362555848591,2877.9099641155262
network (every seed),8x256,data,0,all,5-20 GeV,forward,2606,140.02239974999975,14.393877531318822,4582.421993703108,2.2138564526237303,3040.005818533089
network (every seed),8x256,data,0,all,5-20 GeV,backward,2606,203.6929999999993,10.400375724042732,3387.979960287517,2.3869729621033287,2826.294199520937
network (every seed),8x256,data,0,all,20-200 GeV,all,1490,70.21095024999977,3.031597498136307,966.0191518173481,0.25298575215515484,889.8688737423038
network (every seed),8x256,data,0,all,20-200 GeV,forward,753,139.99350049999885,3.4700873972894897,1024.1194468987655,0.37101501085601285,853.6456167488325
network (every seed),8x256,data,0,all,20-200 GeV,backward,737,70.2077999999965,2.660108050054788,933.0691771561393,0.14056082183344643,930.6047164566157
network (every seed),8x256,data,0,0.05-2 mm,all,all,436,0.6499827500010724,0.1093778242307053,0.9453926657272405,5.5823250022513093e-05,0.0028682944162028434
network (every seed),8x256,data,0,0.05-2 mm,all,forward,218,0.6499827500010724,0.11449840326349658,1.006611304336497,5.7402786524107796e-05,0.0028785164943201367
network (every seed),8x256,data,0,0.05-2 mm,all,backward,218,0.6499827500010724,0.10530181738488409,0.8750247606897686,5.507988021236088e-05,0.0018717106456733479
network (every seed),8x256,data,0,0.05-2 mm,1-5 GeV,all,248,0.6499792499998875,0.18685284555886028,1.2050695655489108,0.0001930919211190485,0.0039048273947628327
network (every seed),8x256,data,0,0.05-2 mm,1-5 GeV,forward,124,0.6499792499998875,0.222982791854065,1.2017064575502445,0.00018959468661705614,0.003864641303152893
network (every seed),8x256,data,0,0.05-2 mm,1-5 GeV,backward,124,0.6499792499998875,0.16442272048067252,1.19567018160751,0.00020365951058920473,0.00388957239465526
network (every seed),8x256,data,0,0.05-2 mm,5-20 GeV,all,142,0.6499850000000151,0.0846590311169848,0.2466302513242979,1.3529628972719365e-05,0.00010075383585217423
network (every seed),8x256,data,0,0.05-2 mm,5-20 GeV,forward,71,0.6499850000000151,0.07862888841714266,0.2293238658470642,1.3716373814531835e-05,9.789322152897739e-05
network (every seed),8x256,data,0,0.05-2 mm,5-20 GeV,backward,71,0.6499850000000151,0.09020473635246162,0.31686242598993886,1.1458723747637123e-05,0.00010064881905691436
network (every seed),8x256,data,0,0.05-2 mm,20-200 GeV,all,46,0.6499925000007352,0.05800552926427116,0.12500869942222437,1.96239113847696e-06,1.3852961444626999e-05
network (every seed),8x256,data,0,0.05-2 mm,20-200 GeV,forward,23,0.6499925000007352,0.05570390260345448,0.13017282774185895,2.23710117097653e-06,1.4524343328048412e-05
network (every seed),8x256,data,0,0.05-2 mm,20-200 GeV,backward,23,0.6499925000007352,0.07111489117050951,0.09798351995300435,1.9421690922172274e-06,9.7468387139088e-06
network (every seed),8x256,data,0,2-20 mm,all,all,382,6.3070000000006985,0.5772646915147561,6.073785540478127,0.0029514019885823473,0.1337837106248684
network (every seed),8x256,data,0,2-20 mm,all,forward,191,6.3070000000006985,0.6654981212523281,5.9301572922692,0.0028536028366943356,0.1313276553176479
network (every seed),8x256,data,0,2-20 mm,all,backward,191,6.3070000000006985,0.4771847696929399,6.442146733029563,0.0029602349087554103,0.13037270450411143
network (every seed),8x256,data,0,2-20 mm,1-5 GeV,all,160,6.3070000000006985,1.7998049039533726,10.121331782946175,0.018889667948940314,0.19059630942752645
network (every seed),8x256,data,0,2-20 mm,1-5 GeV,forward,80,6.3070000000006985,1.7481199036453177,9.748069018394288,0.015608423026947094,0.194391846544839
network (every seed),8x256,data,0,2-20 mm,1-5 GeV,backward,80,6.3070000000006985,2.0247313406045464,11.047151216803282,0.02039505233875083,0.17656207712946065
network (every seed),8x256,data,0,2-20 mm,5-20 GeV,all,156,6.3070000000006985,0.4937081300122603,1.7046112373790834,0.001273253333877733,0.018625044280184966
network (every seed),8x256,data,0,2-20 mm,5-20 GeV,forward,78,6.3070000000006985,0.5628815010609856,1.693110090049287,0.0013637192939341958,0.018852183207940226
network (every seed),8x256,data,0,2-20 mm,5-20 GeV,backward,78,6.3070000000006985,0.4557898951986772,1.598971554688686,0.0011299391644570278,0.015183873277232992
network (every seed),8x256,data,0,2-20 mm,20-200 GeV,all,66,6.3070000000006985,0.1517740816883162,0.37773709625657514,0.0003319555936798224,0.0006779096892728376
network (every seed),8x256,data,0,2-20 mm,20-200 GeV,forward,33,6.3070000000006985,0.13640322432451057,0.34049074033899446,0.00035296164391240836,0.0006438744502901271
network (every seed),8x256,data,0,2-20 mm,20-200 GeV,backward,33,6.3070000000006985,0.15261435747504493,0.4123542851248273,0.00019955679775307544,0.0006829107178418781
network (every seed),8x256,data,0,20-200 mm,all,all,6000,69.804950499999,7.932583489377976,61.438653755097064,0.49994114573337356,13.847880858674015
network (every seed),8x256,data,0,20-200 mm,all,forward,3011,69.80459999999948,9.323905743599425,70.08773615555697,0.4147414122144255,13.188846781872599
network (every seed),8x256,data,0,20-200 mm,all,backward,2989,69.80529999999999,6.617745479587711,52.91683571315388,0.6312368639100896,14.991506715699641
network (every seed),8x256,data,0,20-200 mm,1-5 GeV,all,3042,69.80709999999999,18.2273505594992,84.2403344140578,1.8840816796341642,25.291597327714747
network (every seed),8x256,data,0,20-200 mm,1-5 GeV,forward,1532,69.80653799999982,21.69082395008104,97.35538428569728,1.5387188498152682,23.42327583034495
network (every seed),8x256,data,0,20-200 mm,1-5 GeV,backward,1510,69.80770074999964,15.204490818987892,69.48814108857276,2.279238389434113,26.43837938479798
network (every seed),8x256,data,0,20-200 mm,5-20 GeV,all,2309,69.80490049999935,4.731303848274138,17.735395617967235,0.16182535290454325,1.9340281449217356
network (every seed),8x256,data,0,20-200 mm,5-20 GeV,forward,1156,69.80415000000085,5.4075981142460705,18.943495599287985,0.13508385392668742,1.5532526022479232
network (every seed),8x256,data,0,20-200 mm,5-20 GeV,backward,1153,69.80549999999857,3.9255195114265007,14.726711472758314,0.202181229639109,2.2404438764397083
network (every seed),8x256,data,0,20-200 mm,20-200 GeV,all,649,69.8020000000015,1.1700103277050289,4.768162636970175,0.034383906182711144,0.1594147181279485
network (every seed),8x256,data,0,20-200 mm,20-200 GeV,forward,323,69.80189999999857,1.35636361392244,5.400696332715426,0.04425789029482985,0.2086960930334668
network (every seed),8x256,data,0,20-200 mm,20-200 GeV,backward,326,69.80249950000007,1.030439901256841,3.814169460028438,0.030984325292138237,0.11196930295653829
network (every seed),8x256,data,0,200-2000 mm,all,all,4000,472.2208000000005,70.17185729365849,831.166597210866,25.679611230636112,650.342505496331
network (every seed),8x256,data,0,200-2000 mm,all,forward,2044,472.2166499999994,78.23508317470385,901.2686856945206,25.179105920486222,791.5504812134698
network (every seed),8x256,data,0,200-2000 mm,all,backward,1956,472.2224995000006,62.056061777205684,694.1931012812512,25.942983604295478,581.9767358610407
network (every seed),8x256,data,0,200-2000 mm,1-5 GeV,all,2042,472.2235007499994,172.06617320630357,1297.562331786605,87.10490194744125,1107.1706811350157
network (every seed),8x256,data,0,200-2000 mm,1-5 GeV,forward,1057,472.19920699999966,184.8459938103133,1444.7161121834588,91.34698753848625,1222.3511577757554
network (every seed),8x256,data,0,200-2000 mm,1-5 GeV,backward,985,472.238799499999,155.65338390752004,1075.8063560066826,79.68747861482939,915.9146805072619
network (every seed),8x256,data,0,200-2000 mm,5-20 GeV,all,1531,472.22849999999926,35.3002483217324,178.85117591035282,10.59919728135128,109.56478388652613
network (every seed),8x256,data,0,200-2000 mm,5-20 GeV,forward,764,472.23500099999956,39.49905794289066,188.29451006286254,9.50699842188385,120.5575368382569
network (every seed),8x256,data,0,200-2000 mm,5-20 GeV,backward,767,472.22249900000133,31.746707916227024,156.14051550230087,12.320209977076502,98.46685069605867
network (every seed),8x256,data,0,200-2000 mm,20-200 GeV,all,427,472.1847999999991,7.38582811869648,36.584613369551604,2.276759931532979,10.667964563668873
network (every seed),8x256,data,0,200-2000 mm,20-200 GeV,forward,223,472.1836999999996,7.743616177705803,44.12057886972694,2.2938749369814104,7.786595824045149
network (every seed),8x256,data,0,200-2000 mm,20-200 GeV,backward,204,472.1850502499992,6.666457606350207,34.343782074815,2.117070860123249,15.073865563381608
network (every seed),8x256,data,0,cross-magnet,all,all,2410,5175.346389,3693.712810489366,131678.0278903964,2644.298396756426,111042.72773634047
network (every seed),8x256,data,0,cross-magnet,all,forward,1205,5175.346389,4632.1738582620355,99645.01098791511,2587.5982072924444,80063.25387720203
network (every seed),8x256,data,0,cross-magnet,all,backward,1205,5175.346389,3259.975191467902,175066.15613030107,2696.6908126554754,166719.92699632054
network (every seed),8x256,data,0,cross-magnet,1-5 GeV,all,1034,5174.7871589999995,16162.426519279848,258013.39307122977,11340.11202081004,225335.11065261322
network (every seed),8x256,data,0,cross-magnet,1-5 GeV,forward,517,5174.7871589999995,18304.52736445483,161451.60546885364,12114.328245406796,136443.05879300245
network (every seed),8x256,data,0,cross-magnet,1-5 GeV,backward,517,5174.7871589999995,12056.468673541729,368266.531152955,9971.820591941721,354223.1484686594
network (every seed),8x256,data,0,cross-magnet,5-20 GeV,all,1074,5175.753925000001,1972.1707783065058,12055.416318461926,1373.1057661838468,10931.421037202288
network (every seed),8x256,data,0,cross-magnet,5-20 GeV,forward,537,5175.753925000001,2229.062775966412,12218.054345156717,1346.4053904209409,11598.458239870943
network (every seed),8x256,data,0,cross-magnet,5-20 GeV,backward,537,5175.753925000001,1844.3475426861653,11316.091860371123,1429.57310350939,9830.32404708254
network (every seed),8x256,data,0,cross-magnet,20-200 GeV,all,302,5177.237445999999,581.2944816759789,2697.500260629673,581.5982597198346,2350.5915708490575
network (every seed),8x256,data,0,cross-magnet,20-200 GeV,forward,151,5177.237445999999,649.1105091432701,2545.991416201943,563.3208245573655,1974.4564659874977
network (every seed),8x256,data,0,cross-magnet,20-200 GeV,backward,151,5177.237445999999,536.7568728352126,2720.543213927165,591.9549747691377,2601.669422006183
network (every seed),8x256,data,1,all,all,all,13228,70.22465149999971,25.561451428501414,27541.738590852536,7.126478524646984,25153.042663431832
network (every seed),8x256,data,1,all,all,forward,6669,70.2286009999998,29.36796685591503,25752.29464635161,7.957366493656082,23440.26091976514
network (every seed),8x256,data,1,all,all,backward,6559,70.22270000000026,22.268102324119354,29723.988621290086,6.2699407420154785,27674.925975786366
network (every seed),8x256,data,1,all,1-5 GeV,all,6526,70.21979974999931,51.92489344526052,82907.23764229681,20.509142036033268,77480.6889535614
network (every seed),8x256,data,1,all,1-5 GeV,forward,3310,70.2234492499997,61.983199344183504,66905.14336380207,21.9750354219741,60709.24017631329
network (every seed),8x256,data,1,all,1-5 GeV,backward,3216,70.21649950000028,42.006027630321796,111382.33266191976,18.70874303940262,104699.53455681122
network (every seed),8x256,data,1,all,5-20 GeV,all,5212,140.07619949999935,12.871463049805243,8818.947057201292,2.6229927147758403,7808.880546236267
network (every seed),8x256,data,1,all,5-20 GeV,forward,2606,140.02239974999975,14.813669246890981,8926.779574266646,2.5808578854906727,8183.921668673563
network (every seed),8x256,data,1,all,5-20 GeV,backward,2606,203.6929999999993,11.219831992178797,8525.682525661723,2.7332324551867515,7348.269739285385
network (every seed),8x256,data,1,all,20-200 GeV,all,1490,70.21095024999977,3.2588088245972813,1614.5224053480272,0.36416303599517974,1466.4238462474777
network (every seed),8x256,data,1,all,20-200 GeV,forward,753,139.99350049999885,3.711412414190818,1670.6641507810843,0.5429578027360549,1259.560520405061
network (every seed),8x256,data,1,all,20-200 GeV,backward,737,70.2077999999965,2.6871708346050127,1525.9123403104898,0.21540878887549297,1566.8218485982086
network (every seed),8x256,data,1,0.05-2 mm,all,all,436,0.6499827500010724,0.10944074909957635,0.9453441228117754,0.00010056120380852462,0.0028592388616743847
network (every seed),8x256,data,1,0.05-2 mm,all,forward,218,0.6499827500010724,0.11459354959697521,1.0066813258269696,9.584255167283118e-05,0.0028751826221196006
network (every seed),8x256,data,1,0.05-2 mm,all,backward,218,0.6499827500010724,0.10523373590842766,0.8751692175991366,0.00010110713333233434,0.0028576522026924063
network (every seed),8x256,data,1,0.05-2 mm,1-5 GeV,all,248,0.6499792499998875,0.18727981853317033,1.2076772337650254,0.0003479281360796449,0.004372431840238275
network (every seed),8x256,data,1,0.05-2 mm,1-5 GeV,forward,124,0.6499792499998875,0.22279315311379833,1.203844275744359,0.00033400058896404516,0.004392462733449064
network (every seed),8x256,data,1,0.05-2 mm,1-5 GeV,backward,124,0.6499792499998875,0.16505988805448624,1.1955359773082808,0.00040044338334155327,0.004271219927431957
network (every seed),8x256,data,1,0.05-2 mm,5-20 GeV,all,142,0.6499850000000151,0.08467063585726464,0.24679496482598035,3.6155853422314976e-05,0.00024976370252005587
network (every seed),8x256,data,1,0.05-2 mm,5-20 GeV,forward,71,0.6499850000000151,0.0786532445431476,0.22936608663925995,2.4800158371363068e-05,0.00029300233528317676
network (every seed),8x256,data,1,0.05-2 mm,5-20 GeV,backward,71,0.6499850000000151,0.09103119987230457,0.31700314141858144,4.034143330500228e-05,0.00024129979614428976
network (every seed),8x256,data,1,0.05-2 mm,20-200 GeV,all,46,0.6499925000007352,0.05800621657403582,0.12500857383379582,3.898151135217631e-06,2.4943787479969615e-05
network (every seed),8x256,data,1,0.05-2 mm,20-200 GeV,forward,23,0.6499925000007352,0.055683111895632464,0.13017389533231943,3.5257414765510475e-06,2.5190269070662894e-05
network (every seed),8x256,data,1,0.05-2 mm,20-200 GeV,backward,23,0.6499925000007352,0.07109400900162655,0.09798404015839422,6.1321827615756774e-06,2.159278267299669e-05
network (every seed),8x256,data,1,2-20 mm,all,all,382,6.3070000000006985,0.5945714553305947,6.088984281426234,0.00399670937412111,0.17693456959193551
network (every seed),8x256,data,1,2-20 mm,all,forward,191,6.3070000000006985,0.6466537670348771,5.840641356329002,0.004218893991492223,0.18240963859739168
network (every seed),8x256,data,1,2-20 mm,all,backward,191,6.3070000000006985,0.5050285979599778,6.4425238099659055,0.0036469707396236117,0.17545318402767407
network (every seed),8x256,data,1,2-20 mm,1-5 GeV,all,160,6.3070000000006985,1.7883630537127715,10.084925359242893,0.032266494613963914,0.37739347030338877
network (every seed),8x256,data,1,2-20 mm,1-5 GeV,forward,80,6.3070000000006985,1.7205929073469406,9.879991679480327,0.026861659806698412,0.3237859102540595
network (every seed),8x256,data,1,2-20 mm,1-5 GeV,backward,80,6.3070000000006985,1.8607769288792042,11.028400523585443,0.03721127658273815,0.37739347030338877
network (every seed),8x256,data,1,2-20 mm,5-20 GeV,all,156,6.3070000000006985,0.49626125208690475,1.735319035393701,0.0018048738574805157,0.03412978433559033
network (every seed),8x256,data,1,2-20 mm,5-20 GeV,forward,78,6.3070000000006985,0.5648658403174522,1.7272302007164335,0.002230303675077039,0.03138054641330863
network (every seed),8x256,data,1,2-20 mm,5-20 GeV,backward,78,6.3070000000006985,0.4563384914426649,1.6291250249661695,0.0015314559824730622,0.03871801545969329
network (every seed),8x256,data,1,2-20 mm,20-200 GeV,all,66,6.3070000000006985,0.15191049176621618,0.37859672430834435,0.0006190757488866439,0.0019114413216669845
network (every seed),8x256,data,1,2-20 mm,20-200 GeV,forward,33,6.3070000000006985,0.13680473252719594,0.3406111239740994,0.0004387212726442158,0.0011453953220552648
network (every seed),8x256,data,1,2-20 mm,20-200 GeV,backward,33,6.3070000000006985,0.1540277701721493,0.41307811166912944,0.000952574477963708,0.0019757892978589098
network (every seed),8x256,data,1,20-200 mm,all,all,6000,69.804950499999,8.295046089557445,65.60539180318302,1.0221351638932674,24.100174596873114
network (every seed),8x256,data,1,20-200 mm,all,forward,3011,69.80459999999948,9.686526607083579,73.28368994069479,1.0549290371955067,24.083967427152686
network (every seed),8x256,data,1,20-200 mm,all,backward,2989,69.80529999999999,7.060788196611156,56.362493966594194,0.9858941539278021,24.23054985044359
network (every seed),8x256,data,1,20-200 mm,1-5 GeV,all,3042,69.80709999999999,19.221436128709968,89.65732552978663,3.323441461247967,35.95760811327859
network (every seed),8x256,data,1,20-200 mm,1-5 GeV,forward,1532,69.80653799999982,22.725866602854694,100.94103131471293,3.597261072016522,33.582405323377884
network (every seed),8x256,data,1,20-200 mm,1-5 GeV,backward,1510,69.80770074999964,16.55859811563687,77.30191412246509,3.0279160004624828,38.529158503803274
network (every seed),8x256,data,1,20-200 mm,5-20 GeV,all,2309,69.80490049999935,4.738722390413841,18.04148195846835,0.3571812905818206,3.836247923482003
network (every seed),8x256,data,1,20-200 mm,5-20 GeV,forward,1156,69.80415000000085,5.445007577208116,19.259055147813342,0.3706754251027178,2.7938448934818894
network (every seed),8x256,data,1,20-200 mm,5-20 GeV,backward,1153,69.80549999999857,3.9974865252503378,15.60272940018876,0.3446199700363195,4.499821648050778
network (every seed),8x256,data,1,20-200 mm,20-200 GeV,all,649,69.8020000000015,1.1655163242210165,4.821459211086676,0.07749733647699486,0.3696962650110436
network (every seed),8x256,data,1,20-200 mm,20-200 GeV,forward,323,69.80189999999857,1.3326168109983882,5.351310591976243,0.11519563688011658,0.46676157480192154
network (every seed),8x256,data,1,20-200 mm,20-200 GeV,backward,326,69.80249950000007,1.0330119337425003,3.775925810785452,0.05647215601101152,0.22289639708006348
network (every seed),8x256,data,1,200-2000 mm,all,all,4000,472.2208000000005,76.63232234385475,1112.2187761641255,38.179400260062835,954.2612087323391
network (every seed),8x256,data,1,200-2000 mm,all,forward,2044,472.2166499999994,90.23043066159175,1207.8150356410072,45.89958962934304,1087.1948130640465
network (every seed),8x256,data,1,200-2000 mm,all,backward,1956,472.2224995000006,65.4151000526042,939.213056630022,30.530147764324056,880.7135158153515
network (every seed),8x256,data,1,200-2000 mm,1-5 GeV,all,2042,472.2235007499994,194.2927754736843,1648.7016007815544,115.07559568057957,1467.5641546375357
network (every seed),8x256,data,1,200-2000 mm,1-5 GeV,forward,1057,472.19920699999966,219.16896978348177,1862.459629230624,138.90150768884268,1582.3272701699343
network (every seed),8x256,data,1,200-2000 mm,1-5 GeV,backward,985,472.238799499999,171.4883219958665,1411.8151493034015,94.23592573736528,1339.3957776483367
network (every seed),8x256,data,1,200-2000 mm,5-20 GeV,all,1531,472.22849999999926,38.618873503395434,236.951459245347,15.101983193289925,177.56859802915415
network (every seed),8x256,data,1,200-2000 mm,5-20 GeV,forward,764,472.23500099999956,44.741886584745316,232.69361031627798,19.207448898178825,167.10926022119574
network (every seed),8x256,data,1,200-2000 mm,5-20 GeV,backward,767,472.22249900000133,33.123964156686725,240.7544173113588,13.028693561523141,187.59674802715196
network (every seed),8x256,data,1,200-2000 mm,20-200 GeV,all,427,472.1847999999991,8.07364160089491,37.222701550117044,3.2084862279049275,17.3790380025025
network (every seed),8x256,data,1,200-2000 mm,20-200 GeV,forward,223,472.1836999999996,8.883022440926425,38.81157583756261,5.035799740284119,21.76532232957126
network (every seed),8x256,data,1,200-2000 mm,20-200 GeV,backward,204,472.1850502499992,7.366791313138776,32.746501775555714,2.296832985137165,12.177321091982655
network (every seed),8x256,data,1,cross-magnet,all,all,2410,5175.346389,8633.385535673868,221712.77099938242,7765.713333283529,211581.9942388325
network (every seed),8x256,data,1,cross-magnet,all,forward,1205,5175.346389,8775.109162516968,158061.82859444473,7912.2195279036305,140186.53449422444
network (every seed),8x256,data,1,cross-magnet,all,backward,1205,5175.346389,8381.623115350294,280086.13578503614,7562.850515704298,273664.0806924186
network (every seed),8x256,data,1,cross-magnet,1-5 GeV,all,1034,5174.7871589999995,38628.72324520322,352572.09350106877,36363.135970787494,328749.8860265257
network (every seed),8x256,data,1,cross-magnet,1-5 GeV,forward,517,5174.7871589999995,35661.92080114041,234873.81243412083,30621.71303407035,221624.0868470311
network (every seed),8x256,data,1,cross-magnet,1-5 GeV,backward,517,5174.7871589999995,44851.81810618331,495668.46868142154,43085.87918290454,489575.93559881335
network (every seed),8x256,data,1,cross-magnet,5-20 GeV,all,1074,5175.753925000001,4636.044209779911,25811.03496508068,4622.8938328421245,23765.68300356877
network (every seed),8x256,data,1,cross-magnet,5-20 GeV,forward,537,5175.753925000001,4555.554336515968,27340.429130642122,4637.450130728666,25506.47516993398
network (every seed),8x256,data,1,cross-magnet,5-20 GeV,backward,537,5175.753925000001,4654.994085231493,23600.858756270984,4599.1514862262475,22140.263362319227
network (every seed),8x256,data,1,cross-magnet,20-200 GeV,all,302,5177.237445999999,1064.6715724874375,3859.6233549164835,932.998893671602,3494.1827459008673
network (every seed),8x256,data,1,cross-magnet,20-200 GeV,forward,151,5177.237445999999,1102.5412473089773,5168.765709834539,878.8126639117166,6202.078944347775
network (every seed),8x256,data,1,cross-magnet,20-200 GeV,backward,151,5177.237445999999,1055.0378701439058,2978.936799446995,1106.2766363675607,3028.111478883682
network (every seed),8x256,data,2,all,all,all,13228,70.22465149999971,27.935856585699526,34492.11849233626,10.233705867410237,33716.717581448174
network (every seed),8x256,data,2,all,all,forward,6669,70.2286009999998,31.473981975523202,28710.898091680716,10.836619738142872,26716.609326068832
network (every seed),8x256,data,2,all,all,backward,6559,70.22270000000026,24.140687156730678,42454.24781469464,9.616859231101671,41512.809490550346
network (every seed),8x256,data,2,all,1-5 GeV,all,6526,70.21979974999931,52.70975938367428,99604.89538457757,24.494544763186354,93127.12417758604
network (every seed),8x256,data,2,all,1-5 GeV,forward,3310,70.2234492499997,61.679194911839375,69121.88706045409,26.66125034114941,59500.103199337835
network (every seed),8x256,data,2,all,1-5 GeV,backward,3216,70.21649950000028,44.11694248281606,159324.2494475493,23.0007984228493,152588.9094650263
network (every seed),8x256,data,2,all,5-20 GeV,all,5212,140.07619949999935,13.26167329594341,8960.756838575617,3.206972150845644,7960.36918903489
network (every seed),8x256,data,2,all,5-20 GeV,forward,2606,140.02239974999975,15.104075247819537,9731.080576944742,2.2869480869562864,8401.393944595056
network (every seed),8x256,data,2,all,5-20 GeV,backward,2606,203.6929999999993,11.340503493501686,8220.875146672966,4.392493598999181,7608.177984195762
network (every seed),8x256,data,2,all,20-200 GeV,all,1490,70.21095024999977,3.4288325226623506,2787.197578183365,0.34261018928560816,2825.501999942861
network (every seed),8x256,data,2,all,20-200 GeV,forward,753,139.99350049999885,3.927889862756828,2808.9687812265197,0.48341437323617953,2852.5617989446337
network (every seed),8x256,data,2,all,20-200 GeV,backward,737,70.2077999999965,2.8055521211740597,2748.337749283631,0.30515268099406967,2770.7258463416165
network (every seed),8x256,data,2,0.05-2 mm,all,all,436,0.6499827500010724,0.10938032727381142,0.9455332622678725,9.89498047943016e-05,0.004231166315094015
network (every seed),8x256,data,2,0.05-2 mm,all,forward,218,0.6499827500010724,0.11364538181624084,1.0066485435963506,9.912844234349905e-05,0.004219735399146882
network (every seed),8x256,data,2,0.05-2 mm,all,backward,218,0.6499827500010724,0.1069991696596162,0.8756559320175937,9.697171066136434e-05,0.004083437011104245
network (every seed),8x256,data,2,0.05-2 mm,1-5 GeV,all,248,0.6499792499998875,0.18747945250652265,1.209487267328768,0.00042718664872154477,0.005263201933303207
network (every seed),8x256,data,2,0.05-2 mm,1-5 GeV,forward,124,0.6499792499998875,0.22273234930025865,1.2042978064584986,0.0004286862917979306,0.0052410254738788345
network (every seed),8x256,data,2,0.05-2 mm,1-5 GeV,backward,124,0.6499792499998875,0.16504485076040964,1.1955985425231563,0.00042718664872154477,0.005211863481235922
network (every seed),8x256,data,2,0.05-2 mm,5-20 GeV,all,142,0.6499850000000151,0.0846753777068443,0.24675835447904854,2.9586402661152533e-05,0.0003237176446901908
network (every seed),8x256,data,2,0.05-2 mm,5-20 GeV,forward,71,0.6499850000000151,0.07865258955064292,0.22934167991017773,2.9580178306787275e-05,0.0002817340352123665
network (every seed),8x256,data,2,0.05-2 mm,5-20 GeV,backward,71,0.6499850000000151,0.09126096733780287,0.3169565853795575,3.0063631584198447e-05,0.0003050313601704602
network (every seed),8x256,data,2,0.05-2 mm,20-200 GeV,all,46,0.6499925000007352,0.0580073062943498,0.12501275869247763,4.862286573370511e-06,3.0355906233126007e-05
network (every seed),8x256,data,2,0.05-2 mm,20-200 GeV,forward,23,0.6499925000007352,0.05566931884004589,0.1301773252940563,4.418978960529785e-06,2.867680564122565e-05
network (every seed),8x256,data,2,0.05-2 mm,20-200 GeV,backward,23,0.6499925000007352,0.07109065884947086,0.09798401325724625,6.369248239934677e-06,3.004085442626091e-05
network (every seed),8x256,data,2,2-20 mm,all,all,382,6.3070000000006985,0.5796294637292476,6.012753495205913,0.005488324177349568,0.1922978374945927
network (every seed),8x256,data,2,2-20 mm,all,forward,191,6.3070000000006985,0.6484162612139244,5.916995535201863,0.005560464479970051,0.18896357423869858
network (every seed),8x256,data,2,2-20 mm,all,backward,191,6.3070000000006985,0.4984041978133291,6.45401282966418,0.004748092543138682,0.19159236278554204
network (every seed),8x256,data,2,2-20 mm,1-5 GeV,all,160,6.3070000000006985,1.829170280668535,10.120547696544682,0.031738869481046095,0.4238880916552988
network (every seed),8x256,data,2,2-20 mm,1-5 GeV,forward,80,6.3070000000006985,1.7364436887987722,9.897060213162945,0.03365377402531067,0.42422956721637184
network (every seed),8x256,data,2,2-20 mm,1-5 GeV,backward,80,6.3070000000006985,2.0636532387356965,11.03136805691349,0.030648719842929495,0.39202512357974195
network (every seed),8x256,data,2,2-20 mm,5-20 GeV,all,156,6.3070000000006985,0.4973943192856378,1.7065268949387757,0.0028169888999229897,0.02818702730483097
network (every seed),8x256,data,2,2-20 mm,5-20 GeV,forward,78,6.3070000000006985,0.5648760165755107,1.6945302083989577,0.0033125344671702805,0.02576351543446263
network (every seed),8x256,data,2,2-20 mm,5-20 GeV,backward,78,6.3070000000006985,0.4567013833884914,1.627971302313467,0.0024970068324137173,0.030380594930434712
network (every seed),8x256,data,2,2-20 mm,20-200 GeV,all,66,6.3070000000006985,0.1514375980722349,0.3778606066772161,0.0007138114064275669,0.00167556268237945
network (every seed),8x256,data,2,2-20 mm,20-200 GeV,forward,33,6.3070000000006985,0.13671055317487912,0.34121521028387386,0.00032920807058189894,0.0012163033531464858
network (every seed),8x256,data,2,2-20 mm,20-200 GeV,backward,33,6.3070000000006985,0.1540745761090534,0.4122799651793406,0.0008549480270403365,0.0017986845662676385
network (every seed),8x256,data,2,20-200 mm,all,all,6000,69.804950499999,8.313503030365155,67.19991192163378,1.0676052176075146,31.31806443868187
network (every seed),8x256,data,2,20-200 mm,all,forward,3011,69.80459999999948,9.736554070869374,74.107036481454,1.0260877424457249,30.684197163907356
network (every seed),8x256,data,2,20-200 mm,all,backward,2989,69.80529999999999,6.994616556454503,60.59459146080746,1.1131243523436751,32.2476444949643
network (every seed),8x256,data,2,20-200 mm,1-5 GeV,all,3042,69.80709999999999,19.89299322585225,95.69302612334309,4.165431511403028,52.56540533731021
network (every seed),8x256,data,2,20-200 mm,1-5 GeV,forward,1532,69.80653799999982,23.310876574328177,108.17955094354943,4.2676294968941875,50.550444888779126
network (every seed),8x256,data,2,20-200 mm,1-5 GeV,backward,1510,69.80770074999964,17.11834438614801,83.97928852584077,4.070562849165071,54.16818278396248
network (every seed),8x256,data,2,20-200 mm,5-20 GeV,all,2309,69.80490049999935,4.7948331729799065,18.25658614758936,0.38475293074213823,4.171969221272319
network (every seed),8x256,data,2,20-200 mm,5-20 GeV,forward,1156,69.80415000000085,5.512296066154221,19.41850354610608,0.35799555388393856,3.2064962941493746
network (every seed),8x256,data,2,20-200 mm,5-20 GeV,backward,1153,69.80549999999857,3.996059646425465,15.665263571918326,0.40789022995113555,4.794287537970368
network (every seed),8x256,data,2,20-200 mm,20-200 GeV,all,649,69.8020000000015,1.1708730108921372,4.824017180146712,0.0778495440840743,0.3422115502019097
network (every seed),8x256,data,2,20-200 mm,20-200 GeV,forward,323,69.80189999999857,1.3276557062837924,5.364264692529728,0.07019772215244302,0.3575387438363269
network (every seed),8x256,data,2,20-200 mm,20-200 GeV,backward,326,69.80249950000007,1.0341877368134078,3.9042258467993918,0.07981564245085337,0.33888806206050504
network (every seed),8x256,data,2,200-2000 mm,all,all,4000,472.2208000000005,88.78408059359799,1150.2949619621284,58.03377272977173,1076.6026732176995
network (every seed),8x256,data,2,200-2000 mm,all,forward,2044,472.2166499999994,99.06251465483251,1255.239193222148,64.5665726165987,1143.8127346915508
network (every seed),8x256,data,2,200-2000 mm,all,backward,1956,472.2224995000006,78.08084903893686,1093.7337035871337,51.425966137280454,1001.4166048630955
network (every seed),8x256,data,2,200-2000 mm,1-5 GeV,all,2042,472.2235007499994,212.00824805941565,1835.290666880374,156.02329140381244,1675.9260479631955
network (every seed),8x256,data,2,200-2000 mm,1-5 GeV,forward,1057,472.19920699999966,223.1456112226624,2097.694304922879,167.16851757999507,1808.9426684085065
network (every seed),8x256,data,2,200-2000 mm,1-5 GeV,backward,985,472.238799499999,199.97078323194728,1633.8475028084622,143.20708515856495,1562.1027265680368
network (every seed),8x256,data,2,200-2000 mm,5-20 GeV,all,1531,472.22849999999926,47.87164418110024,268.1854480684933,35.8379283998147,197.42965805093604
network (every seed),8x256,data,2,200-2000 mm,5-20 GeV,forward,764,472.23500099999956,52.935821328972565,246.80635987715794,37.87382758062563,167.09039773898414
network (every seed),8x256,data,2,200-2000 mm,5-20 GeV,backward,767,472.22249900000133,43.05268988545663,290.1809961510818,33.842626940327136,246.88836362534508
network (every seed),8x256,data,2,200-2000 mm,20-200 GeV,all,427,472.1847999999991,11.420842882436943,51.60535681632722,9.591740022344197,48.32929319708509
network (every seed),8x256,data,2,200-2000 mm,20-200 GeV,forward,223,472.1836999999996,14.480298758918764,58.85041192136097,13.357263638226868,55.28370627823586
network (every seed),8x256,data,2,200-2000 mm,20-200 GeV,backward,204,472.1850502499992,9.667763139766805,41.653205785323166,6.297908166743582,33.326158652542404
network (every seed),8x256,data,2,cross-magnet,all,all,2410,5175.346389,9002.404915045929,276862.2892347743,8335.574875993578,258032.1647601043
network (every seed),8x256,data,2,cross-magnet,all,forward,1205,5175.346389,8695.492052792815,164821.39400839637,7945.498737166872,155329.57403367886
network (every seed),8x256,data,2,cross-magnet,all,backward,1205,5175.346389,9154.024730479705,387005.1061178672,8702.907562406872,372082.8433389569
network (every seed),8x256,data,2,cross-magnet,1-5 GeV,all,1034,5174.7871589999995,47354.668724209405,429201.8911672339,45039.30964720184,419473.52871386975
network (every seed),8x256,data,2,cross-magnet,1-5 GeV,forward,517,5174.7871589999995,34193.229395017624,229197.9526034359,34164.364672721604,205453.20868999462
network (every seed),8x256,data,2,cross-magnet,1-5 GeV,backward,517,5174.7871589999995,65964.94446049522,661509.030584764,65025.34739414102,641560.4210509144
network (every seed),8x256,data,2,cross-magnet,5-20 GeV,all,1074,5175.753925000001,4520.88916713457,36211.88706011116,3964.1403033610204,34631.934698997946
network (every seed),8x256,data,2,cross-magnet,5-20 GeV,forward,537,5175.753925000001,4062.7973826434527,40544.88054315711,3260.5663035975567,37785.42462822766
network (every seed),8x256,data,2,cross-magnet,5-20 GeV,backward,537,5175.753925000001,4816.076963481492,30359.166071963868,4393.868122878757,28466.038576031195
network (every seed),8x256,data,2,cross-magnet,20-200 GeV,all,302,5177.237445999999,2038.8433051309278,8200.02639434768,1996.3525615578205,8619.72321434209
network (every seed),8x256,data,2,cross-magnet,20-200 GeV,forward,151,5177.237445999999,1839.8808618504177,7324.841921517844,1580.5492053651449,8495.239054826714
network (every seed),8x256,data,2,cross-magnet,20-200 GeV,backward,151,5177.237445999999,2094.036495037258,8461.944649389094,2137.9529074445572,8300.326553088407
network (every seed),8x256,physics,0,all,all,all,13228,70.22465149999971,30.34563549594793,6611.172009607624,16.10668165125162,2631.6101515837495
network (every seed),8x256,physics,0,all,all,forward,6669,70.2286009999998,37.01540633687728,6958.9557768569875,20.70065140395627,2387.0590238019468
network (every seed),8x256,physics,0,all,all,backward,6559,70.22270000000026,24.723751524959425,6258.5813839253315,13.115799222191526,2904.7522723422326
network (every seed),8x256,physics,0,all,1-5 GeV,all,6526,70.21979974999931,54.389064022359435,18154.156576625483,25.495726018725406,8843.276384607265
network (every seed),8x256,physics,0,all,1-5 GeV,forward,3310,70.2234492499997,66.31239997916794,15625.018245795656,32.60123215028443,6116.978374767877
network (every seed),8x256,physics,0,all,1-5 GeV,backward,3216,70.21649950000028,43.61310615233549,20499.482839208664,20.509762994038283,13440.84609930832
network (every seed),8x256,physics,0,all,5-20 GeV,all,5212,140.07619949999935,16.507822866671518,2607.579406809389,10.393205653082216,987.1214914451764
network (every seed),8x256,physics,0,all,5-20 GeV,forward,2606,140.02239974999975,20.122363057481607,2860.224471182974,12.963598372884633,812.2434777131247
network (every seed),8x256,physics,0,all,5-20 GeV,backward,2606,203.6929999999993,13.303680390457373,2184.0028137590402,8.222589745884079,1122.5244092998485
network (every seed),8x256,physics,0,all,20-200 GeV,all,1490,70.21095024999977,4.488521233511733,896.9456252085937,2.6653357132104816,614.1579005049273
network (every seed),8x256,physics,0,all,20-200 GeV,forward,753,139.99350049999885,5.450216097599991,724.6778970329898,3.5469236129870296,363.01161863146854
network (every seed),8x256,physics,0,all,20-200 GeV,backward,737,70.2077999999965,3.8077956405686564,957.6843522569419,2.275521761383459,896.7538448836818
network (every seed),8x256,physics,0,0.05-2 mm,all,all,436,0.6499827500010724,0.10769368348917396,0.9448509323704002,0.00039876542512473634,0.004334228719926614
network (every seed),8x256,physics,0,0.05-2 mm,all,forward,218,0.6499827500010724,0.11287356983302743,1.0064075490753004,0.00040246321830750276,0.0043002028405680895
network (every seed),8x256,physics,0,0.05-2 mm,all,backward,218,0.6499827500010724,0.10612201474913263,0.8758481063281919,0.00039538676599448763,0.004377849029424397
network (every seed),8x256,physics,0,0.05-2 mm,1-5 GeV,all,248,0.6499792499998875,0.1880971128684905,1.2089837329085638,0.0006468612809840124,0.0060652347428913345
network (every seed),8x256,physics,0,0.05-2 mm,1-5 GeV,forward,124,0.6499792499998875,0.2227380778663246,1.2034151838633989,0.0006468612809840124,0.005979949833090356
network (every seed),8x256,physics,0,0.05-2 mm,1-5 GeV,backward,124,0.6499792499998875,0.1635144739111638,1.1962595629654504,0.0006486155257334758,0.006006997125496125
network (every seed),8x256,physics,0,0.05-2 mm,5-20 GeV,all,142,0.6499850000000151,0.08473512107798342,0.24673234160310636,0.00022318045012070797,0.0008408565719264505
network (every seed),8x256,physics,0,0.05-2 mm,5-20 GeV,forward,71,0.6499850000000151,0.07865664542805462,0.22909922376967984,0.0002237470653199125,0.0007942951327777337
network (every seed),8x256,physics,0,0.05-2 mm,5-20 GeV,backward,71,0.6499850000000151,0.09094586880564748,0.31724596792059856,0.00022261383492150344,0.0007974057467663442
network (every seed),8x256,physics,0,0.05-2 mm,20-200 GeV,all,46,0.6499925000007352,0.05791267501642494,0.12495990052130423,4.1126611449726624e-05,0.00026402945252357313
network (every seed),8x256,physics,0,0.05-2 mm,20-200 GeV,forward,23,0.6499925000007352,0.055684666676825145,0.13011624305505615,4.116361651540501e-05,0.00026419318146508886
network (every seed),8x256,physics,0,0.05-2 mm,20-200 GeV,backward,23,0.6499925000007352,0.07129328493249432,0.09798425586211577,4.108960638404824e-05,0.00026288884669156687
network (every seed),8x256,physics,0,2-20 mm,all,all,382,6.3070000000006985,0.5904296868592951,5.995360328709863,0.041843705536170894,0.3099326180318937
network (every seed),8x256,physics,0,2-20 mm,all,forward,191,6.3070000000006985,0.66318116870967,5.760599667638644,0.04185297582637304,0.32015921723171914
network (every seed),8x256,physics,0,2-20 mm,all,backward,191,6.3070000000006985,0.5273378907606485,6.3907328373988825,0.04183443524596875,0.26946159667140535
network (every seed),8x256,physics,0,2-20 mm,1-5 GeV,all,160,6.3070000000006985,1.86698492382871,10.191498631959908,0.07641169332472941,0.47834690925441187
network (every seed),8x256,physics,0,2-20 mm,1-5 GeV,forward,80,6.3070000000006985,1.86698492382871,10.068188795403898,0.08029049740798655,0.47033408061452053
network (every seed),8x256,physics,0,2-20 mm,1-5 GeV,backward,80,6.3070000000006985,1.870151054760072,11.033044623476936,0.07527520039829483,0.4786851518119305
network (every seed),8x256,physics,0,2-20 mm,5-20 GeV,all,156,6.3070000000006985,0.5209459785620041,1.813105950049021,0.041354961337281004,0.186034412852365
network (every seed),8x256,physics,0,2-20 mm,5-20 GeV,forward,78,6.3070000000006985,0.5650317063583543,1.7990434289060875,0.04245572704064671,0.2679286720095315
network (every seed),8x256,physics,0,2-20 mm,5-20 GeV,backward,78,6.3070000000006985,0.45692997381863165,1.6386556327432769,0.04019384851083885,0.16041329485338826
network (every seed),8x256,physics,0,2-20 mm,20-200 GeV,all,66,6.3070000000006985,0.15800420261768977,0.3972981624311145,0.005399442732034743,0.02936314900625625
network (every seed),8x256,physics,0,2-20 mm,20-200 GeV,forward,33,6.3070000000006985,0.13594339696254565,0.3275647419212379,0.005715142549433949,0.02923586384024901
network (every seed),8x256,physics,0,2-20 mm,20-200 GeV,backward,33,6.3070000000006985,0.16121001509850075,0.4392179719405308,0.005345019403080187,0.02951431635969115
network (every seed),8x256,physics,0,20-200 mm,all,all,6000,69.804950499999,9.283634414899211,65.86171769887416,3.9355928915369986,28.931026836323795
network (every seed),8x256,physics,0,20-200 mm,all,forward,3011,69.80459999999948,11.119364285264055,77.57918004229047,4.392485188986939,29.804092093058898
network (every seed),8x256,physics,0,20-200 mm,all,backward,2989,69.80529999999999,7.699407586869711,55.32676283555556,3.56790415969499,27.84395567683758
network (every seed),8x256,physics,0,20-200 mm,1-5 GeV,all,3042,69.80709999999999,20.457160052202994,90.66367780898184,7.628146997546992,42.218333304623414
network (every seed),8x256,physics,0,20-200 mm,1-5 GeV,forward,1532,69.80653799999982,24.582948232463764,105.70646817228922,8.410595683926658,44.90497140039765
network (every seed),8x256,physics,0,20-200 mm,1-5 GeV,backward,1510,69.80770074999964,17.00071606222764,73.78239648315912,6.901685772845667,39.51134192491965
network (every seed),8x256,physics,0,20-200 mm,5-20 GeV,all,2309,69.80490049999935,5.633511839334915,19.73179750327743,2.6300555658735902,9.707374202025676
network (every seed),8x256,physics,0,20-200 mm,5-20 GeV,forward,1156,69.80415000000085,6.648563587937417,22.042577881848047,2.71171407177917,10.806154260308176
network (every seed),8x256,physics,0,20-200 mm,5-20 GeV,backward,1153,69.80549999999857,4.895520738500636,16.785505124994398,2.572312386973863,7.596724073066946
network (every seed),8x256,physics,0,20-200 mm,20-200 GeV,all,649,69.8020000000015,1.5092404697867323,5.42743875026588,0.7221235146062099,2.897654331243872
network (every seed),8x256,physics,0,20-200 mm,20-200 GeV,forward,323,69.80189999999857,1.6212452113091302,6.376419478893068,0.7038565352104342,3.274357005548722
network (every seed),8x256,physics,0,20-200 mm,20-200 GeV,backward,326,69.80249950000007,1.4416064811015872,4.749507631132133,0.7283820195880253,2.392659643945194
network (every seed),8x256,physics,0,200-2000 mm,all,all,4000,472.2208000000005,88.87446515153385,873.9943302876092,63.580839958461866,750.6254960136172
network (every seed),8x256,physics,0,200-2000 mm,all,forward,2044,472.2166499999994,104.37609963910077,1045.5683278920312,76.54902090597204,940.6004543928099
network (every seed),8x256,physics,0,200-2000 mm,all,backward,1956,472.2224995000006,71.59516041581071,697.5589178910298,46.79539712802239,596.6591955301936
network (every seed),8x256,physics,0,200-2000 mm,1-5 GeV,all,2042,472.2235007499994,191.56408343194187,1341.2233896299433,127.28374850664181,1158.372967418733
network (every seed),8x256,physics,0,200-2000 mm,1-5 GeV,forward,1057,472.19920699999966,207.50567098912143,1773.5960359508451,144.16262780031275,1411.857785110258
network (every seed),8x256,physics,0,200-2000 mm,1-5 GeV,backward,985,472.238799499999,176.7889980517907,988.5160009925129,112.36836249599946,907.3600564226122
network (every seed),8x256,physics,0,200-2000 mm,5-20 GeV,all,1531,472.22849999999926,52.97866615674707,196.5181444725772,41.72044178676515,121.52645207822843
network (every seed),8x256,physics,0,200-2000 mm,5-20 GeV,forward,764,472.23500099999956,64.07256306667364,207.0290277691811,56.61718192953913,124.61883164184542
network (every seed),8x256,physics,0,200-2000 mm,5-20 GeV,backward,767,472.22249900000133,42.779066798971144,167.47617526729044,32.61770785303497,103.46796808937104
network (every seed),8x256,physics,0,200-2000 mm,20-200 GeV,all,427,472.1847999999991,18.130541041045944,83.81386611089283,16.85127462886271,78.95762523849612
network (every seed),8x256,physics,0,200-2000 mm,20-200 GeV,forward,223,472.1836999999996,22.756220719280407,96.1889592581883,20.07048271404699,87.23164781009271
network (every seed),8x256,physics,0,200-2000 mm,20-200 GeV,backward,204,472.1850502499992,12.899031326853105,45.48032937561004,10.471571606185393,34.67142309670166
network (every seed),8x256,physics,0,cross-magnet,all,all,2410,5175.346389,2395.7277434771954,65290.386552236996,823.5915244846268,49191.745252816494
network (every seed),8x256,physics,0,cross-magnet,all,forward,1205,5175.346389,2771.9907932960837,48370.92435868051,627.1187251302877,29447.03486741425
network (every seed),8x256,physics,0,cross-magnet,all,backward,1205,5175.346389,1979.6224340015272,78322.26897847679,1011.5498189973948,67932.42040456811
network (every seed),8x256,physics,0,cross-magnet,1-5 GeV,all,1034,5174.7871589999995,8016.061098582582,125070.33434621438,2974.695943938201,101408.74256739831
network (every seed),8x256,physics,0,cross-magnet,1-5 GeV,forward,517,5174.7871589999995,8300.3687591995,96430.67755302599,2710.2587483632306,64228.605707439696
network (every seed),8x256,physics,0,cross-magnet,1-5 GeV,backward,517,5174.7871589999995,7682.1740767755955,188190.46922687316,3277.96516703091,182214.94180044232
network (every seed),8x256,physics,0,cross-magnet,5-20 GeV,all,1074,5175.753925000001,1236.0930845311593,8043.27592004627,494.5792066175834,5698.359204633369
network (every seed),8x256,physics,0,cross-magnet,5-20 GeV,forward,537,5175.753925000001,1485.0996225871427,7678.126117654105,373.28512893645893,4261.579032331379
network (every seed),8x256,physics,0,cross-magnet,5-20 GeV,backward,537,5175.753925000001,1093.398341533657,8552.813013124065,612.4097590294468,6198.544100978033
network (every seed),8x256,physics,0,cross-magnet,20-200 GeV,all,302,5177.237445999999,533.6323377985934,2395.9706581705445,303.8221817025004,2039.3357920498256
network (every seed),8x256,physics,0,cross-magnet,20-200 GeV,forward,151,5177.237445999999,431.28059749989234,2446.906389017997,242.57760664767147,753.9590735632089
network (every seed),8x256,physics,0,cross-magnet,20-200 GeV,backward,151,5177.237445999999,631.2350295260422,2340.010145768634,515.1970220319697,2432.9679263816474
network (every seed),8x256,physics,1,all,all,all,13228,70.22465149999971,29.508934494174355,6737.5897175970995,13.331735246396192,2517.039167311644
network (every seed),8x256,physics,1,all,all,forward,6669,70.2286009999998,32.33024100268267,7591.642680341461,13.465342799193536,2414.6616701651947
network (every seed),8x256,physics,1,all,all,backward,6559,70.22270000000026,26.8845324288165,5850.4171483173795,13.08646947637726,2560.016684493709
network (every seed),8x256,physics,1,all,1-5 GeV,all,6526,70.21979974999931,54.29685483835556,17692.069147675516,25.289018884478764,7963.187301797689
network (every seed),8x256,physics,1,all,1-5 GeV,forward,3310,70.2234492499997,62.94077081895466,17420.09415651346,25.78192738553753,6331.057744184661
network (every seed),8x256,physics,1,all,1-5 GeV,backward,3216,70.21649950000028,47.289089816302976,17980.381742487836,24.714129469316504,10118.756724817324
network (every seed),8x256,physics,1,all,5-20 GeV,all,5212,140.07619949999935,15.634060059085186,2521.7264521085694,6.5797212496043755,860.7543215778022
network (every seed),8x256,physics,1,all,5-20 GeV,forward,2606,140.02239974999975,17.057180141748063,2858.8561807119886,7.291612565438754,895.1717464276712
network (every seed),8x256,physics,1,all,5-20 GeV,backward,2606,203.6929999999993,13.058986119915517,1998.8426553911224,6.1816697754935035,828.8145927252729
network (every seed),8x256,physics,1,all,20-200 GeV,all,1490,70.21095024999977,4.066170246986189,937.2865697096202,1.8987210239913566,642.0072270169828
network (every seed),8x256,physics,1,all,20-200 GeV,forward,753,139.99350049999885,4.521137173000511,982.0664948773293,2.155074648754862,594.8005872658025
network (every seed),8x256,physics,1,all,20-200 GeV,backward,737,70.2077999999965,3.4723840590231703,725.5037071540683,1.6742266148526141,662.0052910004971
network (every seed),8x256,physics,1,0.05-2 mm,all,all,436,0.6499827500010724,0.10852549462470051,0.9439924840251024,0.00033478657712748827,0.004293756092010881
network (every seed),8x256,physics,1,0.05-2 mm,all,forward,218,0.6499827500010724,0.11258107281264529,1.006886316601902,0.0003363393261679448,0.004259661182004485
network (every seed),8x256,physics,1,0.05-2 mm,all,backward,218,0.6499827500010724,0.10690642221788949,0.8745458946449955,0.0003328941176050648,0.00423223575580777
network (every seed),8x256,physics,1,0.05-2 mm,1-5 GeV,all,248,0.6499792499998875,0.187640844615089,1.206919762717007,0.000745355691833538,0.005159443594493496
network (every seed),8x256,physics,1,0.05-2 mm,1-5 GeV,forward,124,0.6499792499998875,0.22277110463164718,1.2024393613671691,0.000745355691833538,0.005144640596199678
network (every seed),8x256,physics,1,0.05-2 mm,1-5 GeV,backward,124,0.6499792499998875,0.16366853740379383,1.196406771026658,0.0007482354789090095,0.00513112902353896
network (every seed),8x256,physics,1,0.05-2 mm,5-20 GeV,all,142,0.6499850000000151,0.08473780914641793,0.24658037898497293,0.0001724928324620123,0.0005560284421335371
network (every seed),8x256,physics,1,0.05-2 mm,5-20 GeV,forward,71,0.6499850000000151,0.07856029154140742,0.22911985708518046,0.00017168980548376567,0.000511407051817514
network (every seed),8x256,physics,1,0.05-2 mm,5-20 GeV,backward,71,0.6499850000000151,0.09084840689865814,0.31702833678082243,0.00017329585944025894,0.0005129646751811379
network (every seed),8x256,physics,1,0.05-2 mm,20-200 GeV,all,46,0.6499925000007352,0.057956569241568445,0.12498179499687012,3.3253797937504714e-05,0.00016516703738034266
network (every seed),8x256,physics,1,0.05-2 mm,20-200 GeV,forward,23,0.6499925000007352,0.055711219374643406,0.1301297031830017,3.325402531118016e-05,0.0001594767184087686
network (every seed),8x256,physics,1,0.05-2 mm,20-200 GeV,backward,23,0.6499925000007352,0.07116241654614441,0.09798590830030206,3.325357056382927e-05,0.00016076788824648242
network (every seed),8x256,physics,1,2-20 mm,all,all,382,6.3070000000006985,0.6049099677114811,6.037637760351799,0.037194291323316975,0.3533573759099794
network (every seed),8x256,physics,1,2-20 mm,all,forward,191,6.3070000000006985,0.6712543839526575,6.005629347455965,0.03740513824368463,0.34835225990548224
network (every seed),8x256,physics,1,2-20 mm,all,backward,191,6.3070000000006985,0.549672049416472,6.283890051559826,0.03698344440294932,0.3626316584686151
network (every seed),8x256,physics,1,2-20 mm,1-5 GeV,all,160,6.3070000000006985,1.8395289593380326,10.16270637242086,0.08583440375531382,0.5184936147685446
network (every seed),8x256,physics,1,2-20 mm,1-5 GeV,forward,80,6.3070000000006985,1.7890139241574232,10.076560577346072,0.08552798901462211,0.5188279335840206
network (every seed),8x256,physics,1,2-20 mm,1-5 GeV,backward,80,6.3070000000006985,1.9135569597921176,10.943184227573962,0.08654027135435172,0.5178230090734814
network (every seed),8x256,physics,1,2-20 mm,5-20 GeV,all,156,6.3070000000006985,0.5183091040725785,1.8095509343254434,0.03044373319127658,0.19496720224054798
network (every seed),8x256,physics,1,2-20 mm,5-20 GeV,forward,78,6.3070000000006985,0.5633298956198018,1.8062356427421373,0.029923480862947827,0.1881587056587358
network (every seed),8x256,physics,1,2-20 mm,5-20 GeV,backward,78,6.3070000000006985,0.46671717920787614,1.5972193381266184,0.030451925674412905,0.18759935384764437
network (every seed),8x256,physics,1,2-20 mm,20-200 GeV,all,66,6.3070000000006985,0.1523540014645164,0.3837414395962968,0.007030805434737886,0.03067896388841973
network (every seed),8x256,physics,1,2-20 mm,20-200 GeV,forward,33,6.3070000000006985,0.13556452173091316,0.3313364812796759,0.0072231811785172795,0.0279600960155335
network (every seed),8x256,physics,1,2-20 mm,20-200 GeV,backward,33,6.3070000000006985,0.15655304267525594,0.42244407380156435,0.006544444833167518,0.028192201048682353
network (every seed),8x256,physics,1,20-200 mm,all,all,6000,69.804950499999,8.832672456094315,66.31774820840809,2.961975496170055,27.380570215507344
network (every seed),8x256,physics,1,20-200 mm,all,forward,3011,69.80459999999948,10.287627672028066,75.17331298276986,2.8549817981797787,26.567593017148283
network (every seed),8x256,physics,1,20-200 mm,all,backward,2989,69.80529999999999,7.564769176781283,57.486190860333856,3.1086722954682955,28.338029457034956
network (every seed),8x256,physics,1,20-200 mm,1-5 GeV,all,3042,69.80709999999999,20.24270537680195,92.26553976366885,6.302495786222551,42.97421260739468
network (every seed),8x256,physics,1,20-200 mm,1-5 GeV,forward,1532,69.80653799999982,23.053373742612848,103.151663029189,6.22398889561282,40.27415565834645
network (every seed),8x256,physics,1,20-200 mm,1-5 GeV,backward,1510,69.80770074999964,16.987531992072036,76.58660571326266,6.367833254842026,45.5963279072705
network (every seed),8x256,physics,1,20-200 mm,5-20 GeV,all,2309,69.80490049999935,5.053408266718407,18.550819988365674,1.814954486235365,5.936935303907376
network (every seed),8x256,physics,1,20-200 mm,5-20 GeV,forward,1156,69.80415000000085,5.749584565876376,20.21830559515081,1.6472088817778285,5.860744887328906
network (every seed),8x256,physics,1,20-200 mm,5-20 GeV,backward,1153,69.80549999999857,4.479388950016983,17.00110251406669,1.9865460010350944,6.075420525644394
network (every seed),8x256,physics,1,20-200 mm,20-200 GeV,all,649,69.8020000000015,1.4174954906991388,4.974584497904289,0.5129901458360564,1.90894648985136
network (every seed),8x256,physics,1,20-200 mm,20-200 GeV,forward,323,69.80189999999857,1.4974297303069761,5.605210841673624,0.5070504711000012,1.9943775992416586
network (every seed),8x256,physics,1,20-200 mm,20-200 GeV,backward,326,69.80249950000007,1.2926906749939349,4.431909212394558,0.5227205742954766,1.8390492111635126
network (every seed),8x256,physics,1,200-2000 mm,all,all,4000,472.2208000000005,89.17206175381409,944.6589331932609,56.07930858010235,813.0221949820678
network (every seed),8x256,physics,1,200-2000 mm,all,forward,2044,472.2166499999994,87.89078692727514,1034.5974982074065,44.215156612466444,888.8388417993689
network (every seed),8x256,physics,1,200-2000 mm,all,backward,1956,472.2224995000006,90.01009957205497,873.1551045621444,68.72046790761033,731.5896409334641
network (every seed),8x256,physics,1,200-2000 mm,1-5 GeV,all,2042,472.2235007499994,205.10209551315484,1462.9661336672823,135.10221200183992,1248.3893539440696
network (every seed),8x256,physics,1,200-2000 mm,1-5 GeV,forward,1057,472.19920699999966,205.47057224786158,1519.6536548377924,122.30110712800979,1294.0204911352319
network (every seed),8x256,physics,1,200-2000 mm,1-5 GeV,backward,985,472.238799499999,203.0310123174388,1310.0257963331378,152.65678479102007,1146.4928588528887
network (every seed),8x256,physics,1,200-2000 mm,5-20 GeV,all,1531,472.22849999999926,50.50885285511697,217.46643531609777,33.654366889663834,137.99833511259862
network (every seed),8x256,physics,1,200-2000 mm,5-20 GeV,forward,764,472.23500099999956,47.19366969653649,221.25549423279125,26.582161008517957,145.31847398762372
network (every seed),8x256,physics,1,200-2000 mm,5-20 GeV,backward,767,472.22249900000133,53.96130614155936,198.6641938616571,48.952367549304654,135.989168526035
network (every seed),8x256,physics,1,200-2000 mm,20-200 GeV,all,427,472.1847999999991,16.14665114452407,56.1779149370011,12.824144287634454,44.447148250735324
network (every seed),8x256,physics,1,200-2000 mm,20-200 GeV,forward,223,472.1836999999996,15.154163987460834,58.706427684700174,12.389853962446296,44.359093643943446
network (every seed),8x256,physics,1,200-2000 mm,20-200 GeV,backward,204,472.1850502499992,17.437743398858174,51.76490332626533,14.34586710038488,44.21380945377962
network (every seed),8x256,physics,1,cross-magnet,all,all,2410,5175.346389,2369.9686830207725,67534.08908427398,768.4579016534308,50462.16052401988
network (every seed),8x256,physics,1,cross-magnet,all,forward,1205,5175.346389,2827.5185232196236,62159.73560134361,784.7356428815785,34694.102098277464
network (every seed),8x256,physics,1,cross-magnet,all,backward,1205,5175.346389,1832.4885053467065,72162.65163634882,757.0444182205875,60354.80555986053
network (every seed),8x256,physics,1,cross-magnet,1-5 GeV,all,1034,5174.7871589999995,8276.857334420356,139988.11004445827,2684.0270450036596,105474.90871384882
network (every seed),8x256,physics,1,cross-magnet,1-5 GeV,forward,517,5174.7871589999995,9107.284129429103,120266.17466927727,2578.7863911040176,86876.80269145984
network (every seed),8x256,physics,1,cross-magnet,1-5 GeV,backward,517,5174.7871589999995,7102.696580272664,152734.42677091202,2799.2807690720556,136858.8504433729
network (every seed),8x256,physics,1,cross-magnet,5-20 GeV,all,1074,5175.753925000001,1142.7723886377166,7543.364015464692,458.9702412914853,3915.013594152
network (every seed),8x256,physics,1,cross-magnet,5-20 GeV,forward,537,5175.753925000001,1440.6906217504911,7591.4932021739105,436.295908913479,3432.7349735446655
network (every seed),8x256,physics,1,cross-magnet,5-20 GeV,backward,537,5175.753925000001,958.1861266515546,7398.993376163037,475.93160508983703,4459.211547010841
network (every seed),8x256,physics,1,cross-magnet,20-200 GeV,all,302,5177.237445999999,514.3417519833449,3295.123335780684,322.1497055540823,2940.213335869736
network (every seed),8x256,physics,1,cross-magnet,20-200 GeV,forward,151,5177.237445999999,604.1929894405769,3888.256772569953,360.1988245569032,3557.074222287014
network (every seed),8x256,physics,1,cross-magnet,20-200 GeV,backward,151,5177.237445999999,404.5531056161167,2337.842909252494,270.23027178067593,2382.6481918300606
network (every seed),8x256,physics,2,all,all,all,13228,70.22465149999971,27.75596853267359,6499.297809593962,13.441930178053951,2419.5735552352357
network (every seed),8x256,physics,2,all,all,forward,6669,70.2286009999998,30.721771623994698,7116.884595921392,12.380711461958072,2244.310386276341
network (every seed),8x256,physics,2,all,all,backward,6559,70.22270000000026,24.887998131987388,5722.0736612374785,14.271885189593547,2898.9377927776663
network (every seed),8x256,physics,2,all,1-5 GeV,all,6526,70.21979974999931,53.83469484318937,19207.797384161648,26.820512559925902,8800.92675576357
network (every seed),8x256,physics,2,all,1-5 GeV,forward,3310,70.2234492499997,59.496447175195755,17365.15490396797,26.901070077009592,6794.250020407721
network (every seed),8x256,physics,2,all,1-5 GeV,backward,3216,70.21649950000028,46.84759483262724,21936.30827284751,26.762554993194243,12966.257605591125
network (every seed),8x256,physics,2,all,5-20 GeV,all,5212,140.07619949999935,14.822628717254815,2346.3638936453544,6.6019114063919915,853.1963107368465
network (every seed),8x256,physics,2,all,5-20 GeV,forward,2606,140.02239974999975,16.288659939597494,2848.819126173087,4.582515488479544,908.1418583435692
network (every seed),8x256,physics,2,all,5-20 GeV,backward,2606,203.6929999999993,13.124791866270247,1837.9627884427512,8.032250602511226,781.0488496182124
network (every seed),8x256,physics,2,all,20-200 GeV,all,1490,70.21095024999977,3.9777929566573444,1086.2160083478043,1.797291024287162,853.5586426628277
network (every seed),8x256,physics,2,all,20-200 GeV,forward,753,139.99350049999885,4.407977685843889,1167.9968328151801,1.3964846379082019,829.5609753593793
network (every seed),8x256,physics,2,all,20-200 GeV,backward,737,70.2077999999965,3.8660294475363344,1046.4144647889332,2.0633411663482093,894.6905832849047
network (every seed),8x256,physics,2,0.05-2 mm,all,all,436,0.6499827500010724,0.10835468947334448,0.9447490256206947,0.00029418988845009153,0.005180823279715696
network (every seed),8x256,physics,2,0.05-2 mm,all,forward,218,0.6499827500010724,0.11298789422653499,1.006530434041503,0.00029288541547600744,0.0051080923299195976
network (every seed),8x256,physics,2,0.05-2 mm,all,backward,218,0.6499827500010724,0.10700276753539129,0.8743186542986334,0.00029534126788632875,0.005178811238693014
network (every seed),8x256,physics,2,0.05-2 mm,1-5 GeV,all,248,0.6499792499998875,0.1883981485661934,1.2089394368103967,0.0007451684211901011,0.006186030032040433
network (every seed),8x256,physics,2,0.05-2 mm,1-5 GeV,forward,124,0.6499792499998875,0.2227366686042842,1.2053280586883375,0.0007521538663013416,0.006116016959367697
network (every seed),8x256,physics,2,0.05-2 mm,1-5 GeV,backward,124,0.6499792499998875,0.16426237021960333,1.1958557823731997,0.0007368101790916626,0.006168426091335276
network (every seed),8x256,physics,2,0.05-2 mm,5-20 GeV,all,142,0.6499850000000151,0.08473785906915055,0.2468165278303402,0.00016420491988355934,0.0006592149702555606
network (every seed),8x256,physics,2,0.05-2 mm,5-20 GeV,forward,71,0.6499850000000151,0.07870261592302086,0.2294309268808803,0.00016421762438767473,0.0006226111963769654
network (every seed),8x256,physics,2,0.05-2 mm,5-20 GeV,backward,71,0.6499850000000151,0.09074503896044916,0.31722505818265745,0.00016246303857769817,0.000617986017914518
network (every seed),8x256,physics,2,0.05-2 mm,20-200 GeV,all,46,0.6499925000007352,0.05797709892529923,0.12497080007989325,4.3902346646973456e-05,0.00018576790239421825
network (every seed),8x256,physics,2,0.05-2 mm,20-200 GeV,forward,23,0.6499925000007352,0.055775739042474015,0.13013511524206928,4.3997658849548316e-05,0.00018016943954535228
network (every seed),8x256,physics,2,0.05-2 mm,20-200 GeV,backward,23,0.6499925000007352,0.07117388459221274,0.09797445701451578,4.3807034444398596e-05,0.00017898401551974522
network (every seed),8x256,physics,2,2-20 mm,all,all,382,6.3070000000006985,0.5754399926658493,6.0531801512979655,0.027970345094274762,0.27154093472745444
network (every seed),8x256,physics,2,2-20 mm,all,forward,191,6.3070000000006985,0.6719271786040926,5.883918992111603,0.026141384246614052,0.25155283714184407
network (every seed),8x256,physics,2,2-20 mm,all,backward,191,6.3070000000006985,0.5189934604417079,6.438660432039001,0.028387627196480025,0.28757274421309376
network (every seed),8x256,physics,2,2-20 mm,1-5 GeV,all,160,6.3070000000006985,1.803976219907355,10.122290972452664,0.06643634750957972,0.37834680008046445
network (every seed),8x256,physics,2,2-20 mm,1-5 GeV,forward,80,6.3070000000006985,1.7674286648592386,10.004518154900666,0.0662801163233695,0.3783468000804646
network (every seed),8x256,physics,2,2-20 mm,1-5 GeV,backward,80,6.3070000000006985,1.9356651643249734,11.078338104164228,0.06643634750957972,0.3493124605832064
network (every seed),8x256,physics,2,2-20 mm,5-20 GeV,all,156,6.3070000000006985,0.5040237363855837,1.7565948894784356,0.023313483305642535,0.14825348645430836
network (every seed),8x256,physics,2,2-20 mm,5-20 GeV,forward,78,6.3070000000006985,0.549982236464075,1.7538163629993162,0.02223355498465196,0.13338233092241572
network (every seed),8x256,physics,2,2-20 mm,5-20 GeV,backward,78,6.3070000000006985,0.46347806763691324,1.5936040961030042,0.02401715445499164,0.19579563844800413
network (every seed),8x256,physics,2,2-20 mm,20-200 GeV,all,66,6.3070000000006985,0.15336678506727708,0.38246066027639025,0.0034182620325395874,0.020922469028406
network (every seed),8x256,physics,2,2-20 mm,20-200 GeV,forward,33,6.3070000000006985,0.13792198878448403,0.3345919442879541,0.003296041560574281,0.021246145604436606
network (every seed),8x256,physics,2,2-20 mm,20-200 GeV,backward,33,6.3070000000006985,0.15421802050497035,0.4227159790148648,0.003637127303335319,0.019742178028536728
network (every seed),8x256,physics,2,20-200 mm,all,all,6000,69.804950499999,8.911767859817843,69.30288245077922,2.7165995277869115,33.166454542333675
network (every seed),8x256,physics,2,20-200 mm,all,forward,3011,69.80459999999948,9.962353506068666,77.69331897088705,1.7785901436013773,33.508632884604594
network (every seed),8x256,physics,2,20-200 mm,all,backward,2989,69.80529999999999,8.083800196232005,60.889861934379034,3.7421870397338353,32.601590364174626
network (every seed),8x256,physics,2,20-200 mm,1-5 GeV,all,3042,69.80709999999999,20.531047550889525,94.87137303992193,6.57358076473713,56.153520646319045
network (every seed),8x256,physics,2,20-200 mm,1-5 GeV,forward,1532,69.80653799999982,23.428837230348165,109.41143834650697,4.776261304371587,57.67308538223695
network (every seed),8x256,physics,2,20-200 mm,1-5 GeV,backward,1510,69.80770074999964,18.193266979096734,80.6120169955193,8.170617137977843,54.685786232926006
network (every seed),8x256,physics,2,20-200 mm,5-20 GeV,all,2309,69.80490049999935,5.077974596474633,18.542349282188297,1.5442145857775813,6.71610065362138
network (every seed),8x256,physics,2,20-200 mm,5-20 GeV,forward,1156,69.80415000000085,5.5531796250107845,19.542188722795117,1.000996396616216,4.176388169071288
network (every seed),8x256,physics,2,20-200 mm,5-20 GeV,backward,1153,69.80549999999857,4.622976588535721,16.56748732237925,2.4302095295283266,8.26444537551651
network (every seed),8x256,physics,2,20-200 mm,20-200 GeV,all,649,69.8020000000015,1.4950900282997281,4.926479624964487,0.5416340700037381,2.278307313457619
network (every seed),8x256,physics,2,20-200 mm,20-200 GeV,forward,323,69.80189999999857,1.4349975519962754,5.350335953562531,0.45173487563943127,1.2448954626790962
network (every seed),8x256,physics,2,20-200 mm,20-200 GeV,backward,326,69.80249950000007,1.5453869755219785,4.384523481286706,0.7115348664115118,2.762977218793594
network (every seed),8x256,physics,2,200-2000 mm,all,all,4000,472.2208000000005,77.16580411165808,963.4438084885913,41.23594890265281,850.4797407527166
network (every seed),8x256,physics,2,200-2000 mm,all,forward,2044,472.2166499999994,80.96121344361862,1070.1557976604286,38.543343199844315,1006.244260916048
network (every seed),8x256,physics,2,200-2000 mm,all,backward,1956,472.2224995000006,72.07092152444261,866.1617926858512,43.730451655591196,726.874060801832
network (every seed),8x256,physics,2,200-2000 mm,1-5 GeV,all,2042,472.2235007499994,188.52318492753994,1587.1010767089483,121.95497340968586,1391.393351222938
network (every seed),8x256,physics,2,200-2000 mm,1-5 GeV,forward,1057,472.19920699999966,185.0383725904976,1921.3792812077363,105.46738508639919,1698.167824018946
network (every seed),8x256,physics,2,200-2000 mm,1-5 GeV,backward,985,472.238799499999,191.59938999027304,1247.580502772098,139.71040537626322,1154.5131408996892
network (every seed),8x256,physics,2,200-2000 mm,5-20 GeV,all,1531,472.22849999999926,41.406539863658054,210.09120526780123,23.500091655193955,129.1660764033935
network (every seed),8x256,physics,2,200-2000 mm,5-20 GeV,forward,764,472.23500099999956,44.396612320918294,223.6656232060341,21.97655390273212,148.42457121313836
network (every seed),8x256,physics,2,200-2000 mm,5-20 GeV,backward,767,472.22249900000133,39.127392656708615,177.29705262246085,25.899169378362785,115.23856855403628
network (every seed),8x256,physics,2,200-2000 mm,20-200 GeV,all,427,472.1847999999991,13.167467151987466,41.90712995474967,10.742986418204481,27.680115198131716
network (every seed),8x256,physics,2,200-2000 mm,20-200 GeV,forward,223,472.1836999999996,13.029409923831281,42.759797560833924,10.742986418204481,27.86093190510996
network (every seed),8x256,physics,2,200-2000 mm,20-200 GeV,backward,204,472.1850502499992,13.265885484646134,41.16424117135721,10.691656487210821,26.617135762506905
network (every seed),8x256,physics,2,cross-magnet,all,all,2410,5175.346389,2211.27988070765,65536.73172805092,778.3748454824533,48656.47662425207
network (every seed),8x256,physics,2,cross-magnet,all,forward,1205,5175.346389,2654.957352699739,54666.79478398451,798.8141736174157,31432.021957669574
network (every seed),8x256,physics,2,cross-magnet,all,backward,1205,5175.346389,1787.4856842264749,83382.42427472385,752.6274443194296,72928.57901606213
network (every seed),8x256,physics,2,cross-magnet,1-5 GeV,all,1034,5174.7871589999995,8287.023948342408,131541.0588554552,2755.156394448818,116856.80961204656
network (every seed),8x256,physics,2,cross-magnet,1-5 GeV,forward,517,5174.7871589999995,9456.917265201922,97174.31027241636,2312.731195788274,67953.34959170326
network (every seed),8x256,physics,2,cross-magnet,1-5 GeV,backward,517,5174.7871589999995,7259.717405229026,193706.40128706043,3626.347059144507,168421.80486013475
network (every seed),8x256,physics,2,cross-magnet,5-20 GeV,all,1074,5175.753925000001,1184.6506395489484,7194.062809073038,452.0618046508922,3658.4531955867187
network (every seed),8x256,physics,2,cross-magnet,5-20 GeV,forward,537,5175.753925000001,1440.670622828634,7667.730572303708,492.9887216219413,3657.652606447391
network (every seed),8x256,physics,2,cross-magnet,5-20 GeV,backward,537,5175.753925000001,942.1077359242531,6410.843073789316,419.1440342013948,3539.126958055075
network (every seed),8x256,physics,2,cross-magnet,20-200 GeV,all,302,5177.237445999999,640.0748169209169,2604.2309352521143,482.85439182550505,1877.395792233004
network (every seed),8x256,physics,2,cross-magnet,20-200 GeV,forward,151,5177.237445999999,652.0498818865548,2310.2318033067986,460.87901997329794,1507.7924059573675
network (every seed),8x256,physics,2,cross-magnet,20-200 GeV,backward,151,5177.237445999999,606.0221064066553,2898.4013203359923,523.0786960998781,3187.498793491134
network (best val seed),4x64,physics,per stratum,all,all,all,13228,70.22465149999971,28.525537000035683,6676.291433663033,13.296389621103799,2883.684914296848
network (best val seed),4x64,physics,per stratum,all,all,forward,6669,70.2286009999998,33.32686761154946,6914.6936556070295,15.91680361661929,2719.2406904467402
network (best val seed),4x64,physics,per stratum,all,all,backward,6559,70.22270000000026,23.94765254621234,6209.8577504943105,11.20623395376441,3094.1316683871987
network (best val seed),4x64,physics,per stratum,all,1-5 GeV,all,6526,70.21979974999931,54.50427579702932,16660.162316285096,25.555887113910103,8606.478659371678
network (best val seed),4x64,physics,per stratum,all,1-5 GeV,forward,3310,70.2234492499997,64.14745328574156,16051.625342768326,28.330661268455515,6297.531019735148
network (best val seed),4x64,physics,per stratum,all,1-5 GeV,backward,3216,70.21649950000028,46.05879733166773,17373.0462292624,22.656362668755037,12058.072792017263
network (best val seed),4x64,physics,per stratum,all,5-20 GeV,all,5212,140.07619949999935,15.210242293972332,2408.027639038847,6.440522388722059,969.4484585668384
network (best val seed),4x64,physics,per stratum,all,5-20 GeV,forward,2606,140.02239974999975,18.227438001133578,2789.675889613676,7.312892723923881,1022.9025042062858
network (best val seed),4x64,physics,per stratum,all,5-20 GeV,backward,2606,203.6929999999993,12.421677517551188,1928.8969178510715,5.860670602416462,871.1646847062262
network (best val seed),4x64,physics,per stratum,all,20-200 GeV,all,1490,70.21095024999977,3.997108937205951,1102.169457464908,1.3645801539752256,875.7264091695546
network (best val seed),4x64,physics,per stratum,all,20-200 GeV,forward,753,139.99350049999885,4.610255166355159,1594.4319909015376,1.6300064477832166,1215.9673566115434
network (best val seed),4x64,physics,per stratum,all,20-200 GeV,backward,737,70.2077999999965,3.510122764026846,730.5528188880431,1.2798521062364898,539.094812982575
network (best val seed),4x64,physics,per stratum,0.05-2 mm,all,all,436,0.6499827500010724,0.10885778669944557,0.9453101866085944,0.00026626094040693715,0.003945628122892231
network (best val seed),4x64,physics,per stratum,0.05-2 mm,all,forward,218,0.6499827500010724,0.11273903896835691,1.0065693574119854,0.00026429506760905497,0.003924248153452933
network (best val seed),4x64,physics,per stratum,0.05-2 mm,all,backward,218,0.6499827500010724,0.10654461333103882,0.8763744698640606,0.00026917126660919166,0.003934061533072961
network (best val seed),4x64,physics,per stratum,0.05-2 mm,1-5 GeV,all,248,0.6499792499998875,0.18741588655757369,1.207165632217766,0.000681546211467321,0.004896012342214817
network (best val seed),4x64,physics,per stratum,0.05-2 mm,1-5 GeV,forward,124,0.6499792499998875,0.2228568966415878,1.202472508930441,0.000682816860830826,0.004870101111009716
network (best val seed),4x64,physics,per stratum,0.05-2 mm,1-5 GeV,backward,124,0.6499792499998875,0.16373334446484478,1.1964042507429429,0.0006793409141891971,0.004855913971368863
network (best val seed),4x64,physics,per stratum,0.05-2 mm,5-20 GeV,all,142,0.6499850000000151,0.08468423392571367,0.2464507222189382,0.00011646159236988751,0.00047368808964165396
network (best val seed),4x64,physics,per stratum,0.05-2 mm,5-20 GeV,forward,71,0.6499850000000151,0.07859898896356299,0.22913624814790978,0.0001165506660072424,0.00042797455535037443
network (best val seed),4x64,physics,per stratum,0.05-2 mm,5-20 GeV,backward,71,0.6499850000000151,0.09087606918001256,0.3169251299084408,0.00011637251873253263,0.00042929684695991455
network (best val seed),4x64,physics,per stratum,0.05-2 mm,20-200 GeV,all,46,0.6499925000007352,0.05796062096763421,0.12499533289833664,3.3712964864207606e-05,0.00013454675240609504
network (best val seed),4x64,physics,per stratum,0.05-2 mm,20-200 GeV,forward,23,0.6499925000007352,0.05574084104864596,0.13015432223326678,3.368845113982388e-05,0.0001319380203312903
network (best val seed),4x64,physics,per stratum,0.05-2 mm,20-200 GeV,backward,23,0.6499925000007352,0.07117230136088892,0.09799176821445597,3.373747858859133e-05,0.00013180030862258715
network (best val seed),4x64,physics,per stratum,2-20 mm,all,all,382,6.3070000000006985,0.5992314727798487,6.126135252520724,0.031568972693296615,0.25429145577362533
network (best val seed),4x64,physics,per stratum,2-20 mm,all,forward,191,6.3070000000006985,0.6665948202098093,5.870988084041073,0.032183267748564504,0.25071817749733327
network (best val seed),4x64,physics,per stratum,2-20 mm,all,backward,191,6.3070000000006985,0.5098504605598464,6.4566979484728115,0.03114492865652352,0.25469831157920453
network (best val seed),4x64,physics,per stratum,2-20 mm,1-5 GeV,all,160,6.3070000000006985,1.843334549405995,10.009121476443273,0.06993510492492305,0.2666332830983706
network (best val seed),4x64,physics,per stratum,2-20 mm,1-5 GeV,forward,80,6.3070000000006985,1.7629163612724597,9.952308859772074,0.07031611600893939,0.26353084994141773
network (best val seed),4x64,physics,per stratum,2-20 mm,1-5 GeV,backward,80,6.3070000000006985,2.011907876230623,10.999469359799715,0.06963411365035199,0.26663328309837175
network (best val seed),4x64,physics,per stratum,2-20 mm,5-20 GeV,all,156,6.3070000000006985,0.4989979165541669,1.698655893818568,0.021776893063929492,0.07246848121875149
network (best val seed),4x64,physics,per stratum,2-20 mm,5-20 GeV,forward,78,6.3070000000006985,0.5636647901781089,1.685468849910875,0.02171149210994372,0.07180429186963702
network (best val seed),4x64,physics,per stratum,2-20 mm,5-20 GeV,backward,78,6.3070000000006985,0.4517675673021415,1.608257976313607,0.021836026746768766,0.07148580947221032
network (best val seed),4x64,physics,per stratum,2-20 mm,20-200 GeV,all,66,6.3070000000006985,0.15167596255061255,0.38291730569620097,0.002558435781008228,0.016708426292311174
network (best val seed),4x64,physics,per stratum,2-20 mm,20-200 GeV,forward,33,6.3070000000006985,0.13712779368901806,0.33736588191768385,0.0025520595130501533,0.01654165805291541
network (best val seed),4x64,physics,per stratum,2-20 mm,20-200 GeV,backward,33,6.3070000000006985,0.15494601635168692,0.42308921387583787,0.002564812048966303,0.01662092716259167
network (best val seed),4x64,physics,per stratum,20-200 mm,all,all,6000,69.804950499999,8.662457551800173,64.63751881111367,2.8407231610856343,26.777818940854566
network (best val seed),4x64,physics,per stratum,20-200 mm,all,forward,3011,69.80459999999948,10.25226351089259,73.76242967923474,3.02696733358232,27.329326871608828
network (best val seed),4x64,physics,per stratum,20-200 mm,all,backward,2989,69.80529999999999,7.270841468852041,55.49722103287418,2.7282521299980544,26.329004313174664
network (best val seed),4x64,physics,per stratum,20-200 mm,1-5 GeV,all,3042,69.80709999999999,19.555907547726292,88.63475813747355,6.935790719410306,42.09492850540071
network (best val seed),4x64,physics,per stratum,20-200 mm,1-5 GeV,forward,1532,69.80653799999982,23.227462355464468,102.89686009157323,7.249046176156071,41.66453678772088
network (best val seed),4x64,physics,per stratum,20-200 mm,1-5 GeV,backward,1510,69.80770074999964,16.604575497353835,73.83135976080123,6.506306511084858,42.8591152912304
network (best val seed),4x64,physics,per stratum,20-200 mm,5-20 GeV,all,2309,69.80490049999935,4.835127000887951,18.571454004131734,1.4146327404205294,5.303948544060687
network (best val seed),4x64,physics,per stratum,20-200 mm,5-20 GeV,forward,1156,69.80415000000085,5.5783688930546305,20.58681711495325,1.4550063422404946,5.531544544822964
network (best val seed),4x64,physics,per stratum,20-200 mm,5-20 GeV,backward,1153,69.80549999999857,4.230784396334286,16.086781135481896,1.361132937063303,4.963640607638808
network (best val seed),4x64,physics,per stratum,20-200 mm,20-200 GeV,all,649,69.8020000000015,1.3577659632204586,4.7018469813025385,0.4950265143293109,1.319527198609194
network (best val seed),4x64,physics,per stratum,20-200 mm,20-200 GeV,forward,323,69.80189999999857,1.4396463012928962,5.306528394780229,0.4920077955716806,1.2948634234561496
network (best val seed),4x64,physics,per stratum,20-200 mm,20-200 GeV,backward,326,69.80249950000007,1.3158759725833136,4.168126717406739,0.4987424159139664,1.3482806074556208
network (best val seed),4x64,physics,per stratum,200-2000 mm,all,all,4000,472.2208000000005,83.00966155192668,979.5115285078441,47.40405843491935,879.2232724094897
network (best val seed),4x64,physics,per stratum,200-2000 mm,all,forward,2044,472.2166499999994,94.51289257674489,1180.2386534589684,53.36698804158857,1007.4786936775579
network (best val seed),4x64,physics,per stratum,200-2000 mm,all,backward,1956,472.2224995000006,71.05233734522187,798.0026231627306,38.89235535662294,705.5145745651714
network (best val seed),4x64,physics,per stratum,200-2000 mm,1-5 GeV,all,2042,472.2235007499994,200.92084490798356,1570.2429194306305,119.3803136849283,1333.9462464845024
network (best val seed),4x64,physics,per stratum,200-2000 mm,1-5 GeV,forward,1057,472.19920699999966,205.12305610476034,1872.6735208467285,113.50870780859168,1611.8053675672395
network (best val seed),4x64,physics,per stratum,200-2000 mm,1-5 GeV,backward,985,472.238799499999,198.8462010397143,1288.181569564162,133.65668438802913,1127.812784871866
network (best val seed),4x64,physics,per stratum,200-2000 mm,5-20 GeV,all,1531,472.22849999999926,44.77716975890189,231.11873767609836,27.487062472573598,164.13828967381505
network (best val seed),4x64,physics,per stratum,200-2000 mm,5-20 GeV,forward,764,472.23500099999956,52.573126204976006,257.8113657725851,33.652626159973664,213.55505750442492
network (best val seed),4x64,physics,per stratum,200-2000 mm,5-20 GeV,backward,767,472.22249900000133,37.73924514848659,188.2484170076906,22.43330946848232,120.3385731008778
network (best val seed),4x64,physics,per stratum,200-2000 mm,20-200 GeV,all,427,472.1847999999991,13.195387062758357,42.07387214454741,9.60872418187364,33.20446461677591
network (best val seed),4x64,physics,per stratum,200-2000 mm,20-200 GeV,forward,223,472.1836999999996,16.50073052766743,44.467191376249076,13.952055943036612,33.57167379845122
network (best val seed),4x64,physics,per stratum,200-2000 mm,20-200 GeV,backward,204,472.1850502499992,9.200689972480802,37.68180785261705,5.9953235719660825,24.81873252860786
network (best val seed),4x64,physics,per stratum,cross-magnet,all,all,2410,5175.346389,2382.8827256687364,57557.99978257202,874.1792748622004,42421.340089244346
network (best val seed),4x64,physics,per stratum,cross-magnet,all,forward,1205,5175.346389,2745.9050296284886,50509.410539685014,973.278544159939,30995.880506682326
network (best val seed),4x64,physics,per stratum,cross-magnet,all,backward,1205,5175.346389,1886.661990160114,62027.33689901445,772.5956193577019,55548.34512781726
network (best val seed),4x64,physics,per stratum,cross-magnet,1-5 GeV,all,1034,5174.7871589999995,7833.42920312603,125910.62186400588,3092.379887218044,107625.55655123128
network (best val seed),4x64,physics,per stratum,cross-magnet,1-5 GeV,forward,517,5174.7871589999995,8582.355500201857,104226.3869384732,2862.704880082731,82599.74888430149
network (best val seed),4x64,physics,per stratum,cross-magnet,1-5 GeV,backward,517,5174.7871589999995,7409.17294444921,150800.06758215508,3482.640088172303,125688.82029424084
network (best val seed),4x64,physics,per stratum,cross-magnet,5-20 GeV,all,1074,5175.753925000001,1216.810225807535,7272.301109731412,510.87573315561224,4788.124867875
network (best val seed),4x64,physics,per stratum,cross-magnet,5-20 GeV,forward,537,5175.753925000001,1468.6245055177665,7207.254600569886,542.14092366351,3276.6627646572247
network (best val seed),4x64,physics,per stratum,cross-magnet,5-20 GeV,backward,537,5175.753925000001,952.4726180109724,7272.229814656405,472.92428508157514,5878.777478745183
network (best val seed),4x64,physics,per stratum,cross-magnet,20-200 GeV,all,302,5177.237445999999,577.3203342499755,4416.929217042262,399.3981629885823,4494.576065319933
network (best val seed),4x64,physics,per stratum,cross-magnet,20-200 GeV,forward,151,5177.237445999999,833.9986486400903,4365.93557689551,579.6158802864966,4293.225742154313
network (best val seed),4x64,physics,per stratum,cross-magnet,20-200 GeV,backward,151,5177.237445999999,431.7693081172891,5341.098713722815,347.4720155654012,5408.992963214631
network (best val seed),4x64,data,per stratum,all,all,all,13228,70.22465149999971,25.853071415411932,25977.677309853403,7.344513910290118,22609.467202784424
network (best val seed),4x64,data,per stratum,all,all,forward,6669,70.2286009999998,29.25123757600545,26688.15793000148,7.101919980613047,22381.065461014714
network (best val seed),4x64,data,per stratum,all,all,backward,6559,70.22270000000026,22.42594843487211,24469.046241967237,7.582953886043242,22729.89319288972
network (best val seed),4x64,data,per stratum,all,1-5 GeV,all,6526,70.21979974999931,51.65599073043836,76260.5605293824,22.893482612850846,70601.36894671446
network (best val seed),4x64,data,per stratum,all,1-5 GeV,forward,3310,70.2234492499997,60.24514537249459,63606.69439655911,22.53006914746436,58540.56292512303
network (best val seed),4x64,data,per stratum,all,1-5 GeV,backward,3216,70.21649950000028,43.601757298006305,90131.61282891582,23.17352559644803,85980.24392907372
network (best val seed),4x64,data,per stratum,all,5-20 GeV,all,5212,140.07619949999935,12.594363974308465,6541.7245284934,2.381691716435874,5773.4941254310315
network (best val seed),4x64,data,per stratum,all,5-20 GeV,forward,2606,140.02239974999975,14.709899720935837,8358.208260235006,2.3030983754068757,7112.316118848604
network (best val seed),4x64,data,per stratum,all,5-20 GeV,backward,2606,203.6929999999993,10.726273305763812,5306.2412967070595,2.6564514060596345,4724.141968606758
network (best val seed),4x64,data,per stratum,all,20-200 GeV,all,1490,70.21095024999977,3.0050029872654704,2483.8951623205703,0.357595887287232,2477.248966936029
network (best val seed),4x64,data,per stratum,all,20-200 GeV,forward,753,139.99350049999885,3.414439274294523,2849.398912417177,0.40762104008251754,2810.6376533178463
network (best val seed),4x64,data,per stratum,all,20-200 GeV,backward,737,70.2077999999965,2.640216901994563,1675.5116392649613,0.29399447207367757,1718.3438352321043
network (best val seed),4x64,data,per stratum,0.05-2 mm,all,all,436,0.6499827500010724,0.10938158885664961,0.9454702939990511,0.00012281827821425395,0.004841452607706742
network (best val seed),4x64,data,per stratum,0.05-2 mm,all,forward,218,0.6499827500010724,0.11375661711099383,1.006634150752456,0.00012281827821425395,0.005072477739531666
network (best val seed),4x64,data,per stratum,0.05-2 mm,all,backward,218,0.6499827500010724,0.10566309329362866,0.8797049318388871,0.00012175289043625526,0.004309981252958994
network (best val seed),4x64,data,per stratum,0.05-2 mm,1-5 GeV,all,248,0.6499792499998875,0.1876483080422986,1.2074410259856447,0.0004949644960561272,0.006286982115000226
network (best val seed),4x64,data,per stratum,0.05-2 mm,1-5 GeV,forward,124,0.6499792499998875,0.22290745727104877,1.2027390823675432,0.0004867559653121134,0.006280165369787481
network (best val seed),4x64,data,per stratum,0.05-2 mm,1-5 GeV,backward,124,0.6499792499998875,0.1647540576357187,1.1957782448064325,0.0005065533059678273,0.006163630813205143
network (best val seed),4x64,data,per stratum,0.05-2 mm,5-20 GeV,all,142,0.6499850000000151,0.08466439854259988,0.24671591315392755,2.5067379283427726e-05,0.0003144398291965434
network (best val seed),4x64,data,per stratum,0.05-2 mm,5-20 GeV,forward,71,0.6499850000000151,0.07864273527502519,0.22954070435865503,2.5086364985327236e-05,0.0002741366955660851
network (best val seed),4x64,data,per stratum,0.05-2 mm,5-20 GeV,backward,71,0.6499850000000151,0.0903290510905208,0.3170002360377566,2.4613370896986453e-05,0.0002914981598323152
network (best val seed),4x64,data,per stratum,0.05-2 mm,20-200 GeV,all,46,0.6499925000007352,0.05800564430558097,0.12501339535653244,2.661380449353601e-06,3.2612149425403913e-05
network (best val seed),4x64,data,per stratum,0.05-2 mm,20-200 GeV,forward,23,0.6499925000007352,0.055687568192297476,0.13017855682520002,2.9325519790290855e-06,1.9261392480984796e-05
network (best val seed),4x64,data,per stratum,0.05-2 mm,20-200 GeV,backward,23,0.6499925000007352,0.07111655800429162,0.09798325267809103,2.6497559701965656e-06,3.4803719017872936e-05
network (best val seed),4x64,data,per stratum,2-20 mm,all,all,382,6.3070000000006985,0.5886729443993488,6.075833318011802,0.0033327320210219114,0.1915093506951846
network (best val seed),4x64,data,per stratum,2-20 mm,all,forward,191,6.3070000000006985,0.6586173936347917,5.953406107025216,0.004155746950118555,0.18446369394098383
network (best val seed),4x64,data,per stratum,2-20 mm,all,backward,191,6.3070000000006985,0.5040412968106978,6.414851929213761,0.0030615925084021,0.17984834670414784
network (best val seed),4x64,data,per stratum,2-20 mm,1-5 GeV,all,160,6.3070000000006985,1.8221631412025374,10.017680446659927,0.03313121503722982,0.2795079970184116
network (best val seed),4x64,data,per stratum,2-20 mm,1-5 GeV,forward,80,6.3070000000006985,1.7552901946373822,9.804415968298485,0.025341798981060037,0.23329787431265456
network (best val seed),4x64,data,per stratum,2-20 mm,1-5 GeV,backward,80,6.3070000000006985,2.082202547008194,11.035819738700066,0.03699312003391242,0.39662509925904027
network (best val seed),4x64,data,per stratum,2-20 mm,5-20 GeV,all,156,6.3070000000006985,0.49593951127580027,1.7174416608014553,0.0011587451105299351,0.01864655415317884
network (best val seed),4x64,data,per stratum,2-20 mm,5-20 GeV,forward,78,6.3070000000006985,0.5622624919539021,1.707538649540651,0.0011447489285387746,0.01675910993697015
network (best val seed),4x64,data,per stratum,2-20 mm,5-20 GeV,backward,78,6.3070000000006985,0.4564960354400682,1.6112225638348554,0.0012485853559951465,0.021234932414237937
network (best val seed),4x64,data,per stratum,2-20 mm,20-200 GeV,all,66,6.3070000000006985,0.15184277919644273,0.3777815818414576,0.00047959434645861165,0.0012326228553405372
network (best val seed),4x64,data,per stratum,2-20 mm,20-200 GeV,forward,33,6.3070000000006985,0.13670446207925124,0.3402505591055149,0.0003434557811488048,0.0011269267815805504
network (best val seed),4x64,data,per stratum,2-20 mm,20-200 GeV,backward,33,6.3070000000006985,0.1529411698157901,0.4128290131354183,0.0005176503226067553,0.0012760364240804734
network (best val seed),4x64,data,per stratum,20-200 mm,all,all,6000,69.804950499999,8.466504815842768,66.71735127366551,1.0836976115200514,29.973805150300596
network (best val seed),4x64,data,per stratum,20-200 mm,all,forward,3011,69.80459999999948,9.982024324386884,74.70435277890886,1.230448358171543,29.233957415584655
network (best val seed),4x64,data,per stratum,20-200 mm,all,backward,2989,69.80529999999999,7.151641230692007,59.74173719066014,0.9539314924040809,30.362275678044153
network (best val seed),4x64,data,per stratum,20-200 mm,1-5 GeV,all,3042,69.80709999999999,20.12851894647838,93.48974798850234,4.393719279910613,45.583873432383335
network (best val seed),4x64,data,per stratum,20-200 mm,1-5 GeV,forward,1532,69.80653799999982,23.465883270880283,105.93679854803786,4.4739280384931135,44.339011052905164
network (best val seed),4x64,data,per stratum,20-200 mm,1-5 GeV,backward,1510,69.80770074999964,16.94370046510585,81.88238783508265,4.2880143229240275,48.833268326330874
network (best val seed),4x64,data,per stratum,20-200 mm,5-20 GeV,all,2309,69.80490049999935,4.727541751890385,17.831286912468155,0.3441606491492166,2.9072560916276293
network (best val seed),4x64,data,per stratum,20-200 mm,5-20 GeV,forward,1156,69.80415000000085,5.482572566407384,18.96384977282395,0.4350271497060021,2.722909926305306
network (best val seed),4x64,data,per stratum,20-200 mm,5-20 GeV,backward,1153,69.80549999999857,3.9851254298355343,15.057848995684214,0.273268919045222,3.110799848468556
network (best val seed),4x64,data,per stratum,20-200 mm,20-200 GeV,all,649,69.8020000000015,1.1701797286605142,4.837238018694736,0.054097380640882875,0.2822898474647674
network (best val seed),4x64,data,per stratum,20-200 mm,20-200 GeV,forward,323,69.80189999999857,1.3067313444992124,5.379453541750933,0.04902171860976523,0.25133373900416667
network (best val seed),4x64,data,per stratum,20-200 mm,20-200 GeV,backward,326,69.80249950000007,1.098010266446181,3.8695558937078545,0.06215235035256228,0.2938186536347587
network (best val seed),4x64,data,per stratum,200-2000 mm,all,all,4000,472.2208000000005,77.30580768264872,1148.7265575284814,37.58557487660852,1073.4399622020976
network (best val seed),4x64,data,per stratum,200-2000 mm,all,forward,2044,472.2166499999994,87.01176223090101,1307.7421804151256,42.66320384775213,1200.8340130772804
network (best val seed),4x64,data,per stratum,200-2000 mm,all,backward,1956,472.2224995000006,66.73915323926849,986.4935814423247,35.460798274915106,917.6419966688627
network (best val seed),4x64,data,per stratum,200-2000 mm,1-5 GeV,all,2042,472.2235007499994,214.19306590033216,1833.5517050557712,146.02041388258158,1658.9055798733104
network (best val seed),4x64,data,per stratum,200-2000 mm,1-5 GeV,forward,1057,472.19920699999966,230.61348214241661,2097.3859876209644,152.59379510075632,1793.6612680851792
network (best val seed),4x64,data,per stratum,200-2000 mm,1-5 GeV,backward,985,472.238799499999,198.24514584047392,1488.8384245825348,139.46259007229855,1380.1694204009434
network (best val seed),4x64,data,per stratum,200-2000 mm,5-20 GeV,all,1531,472.22849999999926,37.863430996644354,219.824053699341,13.489926444634648,139.5151148284981
network (best val seed),4x64,data,per stratum,200-2000 mm,5-20 GeV,forward,764,472.23500099999956,44.2707054568956,239.43544070425423,13.13765361005892,158.8207525089076
network (best val seed),4x64,data,per stratum,200-2000 mm,5-20 GeV,backward,767,472.22249900000133,33.52247223278937,201.32619641354938,13.643950740743094,102.54980476399905
network (best val seed),4x64,data,per stratum,200-2000 mm,20-200 GeV,all,427,472.1847999999991,7.9655841001575745,50.41544209042286,2.4891583146935403,30.328343351469286
network (best val seed),4x64,data,per stratum,200-2000 mm,20-200 GeV,forward,223,472.1836999999996,8.327460526174946,50.056039668129365,2.631498056992143,16.21131276086193
network (best val seed),4x64,data,per stratum,200-2000 mm,20-200 GeV,backward,204,472.1850502499992,7.584081489227401,50.37057284333992,2.2452681125244567,45.23698977425264
network (best val seed),4x64,data,per stratum,cross-magnet,all,all,2410,5175.346389,6902.294460735206,205244.3506322998,6370.609142631662,194246.65712891248
network (best val seed),4x64,data,per stratum,cross-magnet,all,forward,1205,5175.346389,7859.755022957302,144101.58387407608,7236.212171253101,133497.46721221734
network (best val seed),4x64,data,per stratum,cross-magnet,all,backward,1205,5175.346389,6019.787435344398,279953.0176556931,5495.73309792143,263809.4488990551
network (best val seed),4x64,data,per stratum,cross-magnet,1-5 GeV,all,1034,5174.7871589999995,34709.500126060426,373959.32787366695,32160.667029883312,354510.1734915951
network (best val seed),4x64,data,per stratum,cross-magnet,1-5 GeV,forward,517,5174.7871589999995,33075.732192472744,273295.77314043866,28993.321261848905,260105.9441868091
network (best val seed),4x64,data,per stratum,cross-magnet,1-5 GeV,backward,517,5174.7871589999995,36954.07170980411,459411.6719397193,33335.58764167827,442887.753453798
network (best val seed),4x64,data,per stratum,cross-magnet,5-20 GeV,all,1074,5175.753925000001,3167.67262115863,27316.649185025664,2599.4686065728274,25757.18981645403
network (best val seed),4x64,data,per stratum,cross-magnet,5-20 GeV,forward,537,5175.753925000001,3715.8960004221626,32712.55413413214,2728.2104500850437,32055.625584169225
network (best val seed),4x64,data,per stratum,cross-magnet,5-20 GeV,backward,537,5175.753925000001,2836.2942879121533,17669.867130355222,2515.1085631461,16964.327119784142
network (best val seed),4x64,data,per stratum,cross-magnet,20-200 GeV,all,302,5177.237445999999,1216.658386432723,5807.929441940573,1189.0273317555043,5823.881895345184
network (best val seed),4x64,data,per stratum,cross-magnet,20-200 GeV,forward,151,5177.237445999999,1799.0960632895394,4268.311767515059,1790.1987360921794,4565.5562930440465
network (best val seed),4x64,data,per stratum,cross-magnet,20-200 GeV,backward,151,5177.237445999999,725.7164564801855,6637.239506786237,712.8666772593792,6724.146846005418
network (best val seed),8x128,physics,per stratum,all,all,all,13228,70.22465149999971,30.39640038004876,6663.736846374371,16.12304858927871,2506.232606917966
network (best val seed),8x128,physics,per stratum,all,all,forward,6669,70.2286009999998,35.66506397453395,7667.600739813001,19.500982691795343,2450.58635594932
network (best val seed),8x128,physics,per stratum,all,all,backward,6559,70.22270000000026,25.459153218889696,5707.94780183465,13.319316290790084,2599.276121502036
network (best val seed),8x128,physics,per stratum,all,1-5 GeV,all,6526,70.21979974999931,56.078953405503285,17270.008454141513,28.695779170220703,8528.868329902707
network (best val seed),8x128,physics,per stratum,all,1-5 GeV,forward,3310,70.2234492499997,68.25670209031921,17539.6023674198,34.356221465742465,6793.1845031011835
network (best val seed),8x128,physics,per stratum,all,1-5 GeV,backward,3216,70.21649950000028,46.45085795527848,17144.312427658067,23.967167699765923,11077.369709972807
network (best val seed),8x128,physics,per stratum,all,5-20 GeV,all,5212,140.07619949999935,16.40092666957571,2503.3248257034757,8.207046706854015,913.869079206963
network (best val seed),8x128,physics,per stratum,all,5-20 GeV,forward,2606,140.02239974999975,19.358392217959874,2911.209975120869,9.18504137820264,780.2046099481004
network (best val seed),8x128,physics,per stratum,all,5-20 GeV,backward,2606,203.6929999999993,13.52889021011805,2053.0416245208125,7.577758972207249,992.8050434267597
network (best val seed),8x128,physics,per stratum,all,20-200 GeV,all,1490,70.21095024999977,4.3131792671147196,1013.872319927026,2.7664331562835542,756.6870035970942
network (best val seed),8x128,physics,per stratum,all,20-200 GeV,forward,753,139.99350049999885,5.222688682351873,1165.8277452905734,3.5121427450235387,809.5272897258235
network (best val seed),8x128,physics,per stratum,all,20-200 GeV,backward,737,70.2077999999965,3.783041626675754,763.9673094447761,1.363160175202438,695.0900492371751
network (best val seed),8x128,physics,per stratum,0.05-2 mm,all,all,436,0.6499827500010724,0.10868062594227013,0.9446539642397056,0.0003297146520253591,0.004314131388127862
network (best val seed),8x128,physics,per stratum,0.05-2 mm,all,forward,218,0.6499827500010724,0.11261078816460213,1.006829069731902,0.0003311807859063265,0.004252218377587259
network (best val seed),8x128,physics,per stratum,0.05-2 mm,all,backward,218,0.6499827500010724,0.10705706483093991,0.8755174169024825,0.0003271532875714911,0.004274529760550641
network (best val seed),8x128,physics,per stratum,0.05-2 mm,1-5 GeV,all,248,0.6499792499998875,0.18747597005130956,1.2089319211099792,0.0006098221092543099,0.006338332855193584
network (best val seed),8x128,physics,per stratum,0.05-2 mm,1-5 GeV,forward,124,0.6499792499998875,0.22270824638326303,1.204280564382998,0.0006009855439970124,0.0062274638025883134
network (best val seed),8x128,physics,per stratum,0.05-2 mm,1-5 GeV,backward,124,0.6499792499998875,0.16372551468890606,1.1961539550213718,0.0006241496066650143,0.006189062673911389
network (best val seed),8x128,physics,per stratum,0.05-2 mm,5-20 GeV,all,142,0.6499850000000151,0.08472793291502967,0.24668314586140377,0.00019069712209329737,0.0005645120126018809
network (best val seed),8x128,physics,per stratum,0.05-2 mm,5-20 GeV,forward,71,0.6499850000000151,0.07864440063087841,0.22916429301922392,0.0001901106543300557,0.000561308411306527
network (best val seed),8x128,physics,per stratum,0.05-2 mm,5-20 GeV,backward,71,0.6499850000000151,0.09068684062185639,0.3170522984987656,0.00019162928310834104,0.0005611359483737033
network (best val seed),8x128,physics,per stratum,0.05-2 mm,20-200 GeV,all,46,0.6499925000007352,0.05794710092832389,0.12500348100985548,5.351705567591125e-05,0.00019836954479046653
network (best val seed),8x128,physics,per stratum,0.05-2 mm,20-200 GeV,forward,23,0.6499925000007352,0.05578111483828252,0.13017611873067375,5.352393372959341e-05,0.0001910127991777698
network (best val seed),8x128,physics,per stratum,0.05-2 mm,20-200 GeV,backward,23,0.6499925000007352,0.0713107589547235,0.09798094143889101,5.3510177622229094e-05,0.00019009900569244554
network (best val seed),8x128,physics,per stratum,2-20 mm,all,all,382,6.3070000000006985,0.5929533365005568,6.040066503565809,0.021870344689034482,0.3101947663466831
network (best val seed),8x128,physics,per stratum,2-20 mm,all,forward,191,6.3070000000006985,0.654561144007193,5.836052331986252,0.021511552546371604,0.317201201056605
network (best val seed),8x128,physics,per stratum,2-20 mm,all,backward,191,6.3070000000006985,0.5034471303702048,6.426768929046034,0.02222913683169736,0.2988614163399461
network (best val seed),8x128,physics,per stratum,2-20 mm,1-5 GeV,all,160,6.3070000000006985,1.8572806433212463,10.086886591457745,0.07370297775821655,0.4558116391763175
network (best val seed),8x128,physics,per stratum,2-20 mm,1-5 GeV,forward,80,6.3070000000006985,1.7228120278289794,9.963498279552141,0.07636013297362965,0.4793730049186704
network (best val seed),8x128,physics,per stratum,2-20 mm,1-5 GeV,backward,80,6.3070000000006985,2.016725305793443,11.007543482440948,0.07323321201369026,0.45178149932567635
network (best val seed),8x128,physics,per stratum,2-20 mm,5-20 GeV,all,156,6.3070000000006985,0.5109130862059885,1.7900173608254022,0.014331496565489488,0.1819367115167836
network (best val seed),8x128,physics,per stratum,2-20 mm,5-20 GeV,forward,78,6.3070000000006985,0.55509902880857,1.7896907599300953,0.014331496565489488,0.19538414653084096
network (best val seed),8x128,physics,per stratum,2-20 mm,5-20 GeV,backward,78,6.3070000000006985,0.4629178545023649,1.6243357851873677,0.013052348453612694,0.16772609927855328
network (best val seed),8x128,physics,per stratum,2-20 mm,20-200 GeV,all,66,6.3070000000006985,0.15403068287245247,0.38335901674788064,0.0034929943986128364,0.009505872580195529
network (best val seed),8x128,physics,per stratum,2-20 mm,20-200 GeV,forward,33,6.3070000000006985,0.13538013001479499,0.3391550090007466,0.0034991479367363354,0.00911641661147655
network (best val seed),8x128,physics,per stratum,2-20 mm,20-200 GeV,backward,33,6.3070000000006985,0.15679887247088686,0.41445593543887316,0.0034868408604893375,0.009353686320778818
network (best val seed),8x128,physics,per stratum,20-200 mm,all,all,6000,69.804950499999,8.769451696764463,67.52775367640426,2.9094569867993414,29.564902800503045
network (best val seed),8x128,physics,per stratum,20-200 mm,all,forward,3011,69.80459999999948,10.744187856062126,77.1023762920322,3.2056899129884187,29.802531389350406
network (best val seed),8x128,physics,per stratum,20-200 mm,all,backward,2989,69.80529999999999,7.337051823071761,58.673647163755014,2.622010398567909,29.2197226764415
network (best val seed),8x128,physics,per stratum,20-200 mm,1-5 GeV,all,3042,69.80709999999999,19.946405532579092,92.30717804384746,6.225710745546564,48.579309491080366
network (best val seed),8x128,physics,per stratum,20-200 mm,1-5 GeV,forward,1532,69.80653799999982,23.64584902761635,104.51518588264719,6.564702308011761,47.04516211375564
network (best val seed),8x128,physics,per stratum,20-200 mm,1-5 GeV,backward,1510,69.80770074999964,16.75675862148296,78.45967334041858,5.896969314278522,49.51674440170847
network (best val seed),8x128,physics,per stratum,20-200 mm,5-20 GeV,all,2309,69.80490049999935,5.04013827730887,19.22933599853991,1.8816263008716305,6.4433324821038696
network (best val seed),8x128,physics,per stratum,20-200 mm,5-20 GeV,forward,1156,69.80415000000085,5.8900947032825,20.927812743266827,2.071646991431919,6.73657207593692
network (best val seed),8x128,physics,per stratum,20-200 mm,5-20 GeV,backward,1153,69.80549999999857,4.328040807365596,16.220722138186257,1.753067790644991,6.177104362359378
network (best val seed),8x128,physics,per stratum,20-200 mm,20-200 GeV,all,649,69.8020000000015,1.4120307740199678,5.254860032654563,0.6347993090010107,2.512665555150307
network (best val seed),8x128,physics,per stratum,20-200 mm,20-200 GeV,forward,323,69.80189999999857,1.5511994546102414,6.226180062650143,0.7813050718254999,2.9262253346189473
network (best val seed),8x128,physics,per stratum,20-200 mm,20-200 GeV,backward,326,69.80249950000007,1.328760878593016,4.168314999070333,0.6011037144588727,1.285979447125385
network (best val seed),8x128,physics,per stratum,200-2000 mm,all,all,4000,472.2208000000005,90.64366435504212,901.3898938780968,62.02455168781995,774.9060517660607
network (best val seed),8x128,physics,per stratum,200-2000 mm,all,forward,2044,472.2166499999994,104.50626856470535,1086.3916662753795,71.38353564351974,965.2444525675319
network (best val seed),8x128,physics,per stratum,200-2000 mm,all,backward,1956,472.2224995000006,76.03855137078597,768.4860795199029,50.21698294417831,648.2305597243396
network (best val seed),8x128,physics,per stratum,200-2000 mm,1-5 GeV,all,2042,472.2235007499994,201.120055304429,1401.0591371220141,131.194007831283,1286.6810250542676
network (best val seed),8x128,physics,per stratum,200-2000 mm,1-5 GeV,forward,1057,472.19920699999966,225.60005694879237,1928.5823522483036,158.8188851883956,1531.417322950786
network (best val seed),8x128,physics,per stratum,200-2000 mm,1-5 GeV,backward,985,472.238799499999,179.12398969269816,1135.3779984994273,109.38824653544543,1024.115328913059
network (best val seed),8x128,physics,per stratum,200-2000 mm,5-20 GeV,all,1531,472.22849999999926,50.97536824405324,216.27724014392413,37.45508876090753,144.18310681907087
network (best val seed),8x128,physics,per stratum,200-2000 mm,5-20 GeV,forward,764,472.23500099999956,56.65567668285121,232.55579770652344,42.30608745510267,159.97686292765832
network (best val seed),8x128,physics,per stratum,200-2000 mm,5-20 GeV,backward,767,472.22249900000133,46.08418460296093,184.24442178429672,33.10968963285177,121.09831383431809
network (best val seed),8x128,physics,per stratum,200-2000 mm,20-200 GeV,all,427,472.1847999999991,16.25074129453452,87.93713716733289,14.9007907469354,68.37486218192055
network (best val seed),8x128,physics,per stratum,200-2000 mm,20-200 GeV,forward,223,472.1836999999996,21.964534575971584,95.16970486352096,19.527087710116575,69.7589981592671
network (best val seed),8x128,physics,per stratum,200-2000 mm,20-200 GeV,backward,204,472.1850502499992,13.130693937519311,57.73472055287875,11.194377709221603,36.931215161653306
network (best val seed),8x128,physics,per stratum,cross-magnet,all,all,2410,5175.346389,2376.0629768076387,58377.87357340169,803.5496481341227,45139.93837942666
network (best val seed),8x128,physics,per stratum,cross-magnet,all,forward,1205,5175.346389,2836.5137233897713,57432.6621410833,758.4367563641763,33543.2770261501
network (best val seed),8x128,physics,per stratum,cross-magnet,all,backward,1205,5175.346389,1900.3696003934251,58444.30373810438,834.8867314743984,52883.159451461186
network (best val seed),8x128,physics,per stratum,cross-magnet,1-5 GeV,all,1034,5174.7871589999995,8499.851434574226,129856.72522574275,2676.757377371322,103919.94836848318
network (best val seed),8x128,physics,per stratum,cross-magnet,1-5 GeV,forward,517,5174.7871589999995,9453.468948372574,115755.92074408836,2434.999194174935,73100.51945028428
network (best val seed),8x128,physics,per stratum,cross-magnet,1-5 GeV,backward,517,5174.7871589999995,7027.450020888978,170851.02963472906,2985.836468400052,152463.62214189267
network (best val seed),8x128,physics,per stratum,cross-magnet,5-20 GeV,all,1074,5175.753925000001,1216.2955598800522,7386.268861471979,436.4098146575408,4251.909989139574
network (best val seed),8x128,physics,per stratum,cross-magnet,5-20 GeV,forward,537,5175.753925000001,1425.3184659275532,7570.812199017769,375.1239741212089,3921.089190728929
network (best val seed),8x128,physics,per stratum,cross-magnet,5-20 GeV,backward,537,5175.753925000001,1004.9266757463045,7261.929370545662,545.2953342125113,4760.183049484988
network (best val seed),8x128,physics,per stratum,cross-magnet,20-200 GeV,all,302,5177.237445999999,550.3436664384722,3027.700351421945,385.0293240791309,2727.951699850495
network (best val seed),8x128,physics,per stratum,cross-magnet,20-200 GeV,forward,151,5177.237445999999,718.5333449833422,3048.033926704612,423.4336127430467,2812.1339465545957
network (best val seed),8x128,physics,per stratum,cross-magnet,20-200 GeV,backward,151,5177.237445999999,487.27191374614875,2507.567355044436,344.26899627223406,2480.6495287750286
network (best val seed),8x128,data,per stratum,all,all,all,13228,70.22465149999971,26.073057461957205,23389.88180845213,7.43729940410276,21893.989350421707
network (best val seed),8x128,data,per stratum,all,all,forward,6669,70.2286009999998,29.437166487923605,19255.147673676787,7.865502188735718,17524.93759547683
network (best val seed),8x128,data,per stratum,all,all,backward,6559,70.22270000000026,22.596975384658435,28745.74387815848,7.190866372866367,27118.52969892488
network (best val seed),8x128,data,per stratum,all,1-5 GeV,all,6526,70.21979974999931,50.89563023365429,64967.70159954668,17.642588667051484,57382.77701934535
network (best val seed),8x128,data,per stratum,all,1-5 GeV,forward,3310,70.2234492499997,60.35491493364731,42231.86183885022,19.259423417778976,36032.6123792558
network (best val seed),8x128,data,per stratum,all,1-5 GeV,backward,3216,70.21649950000028,41.12532960425597,109403.9323189562,16.372437310337773,106484.66697299347
network (best val seed),8x128,data,per stratum,all,5-20 GeV,all,5212,140.07619949999935,12.759114797546545,6702.4915150543775,2.9403838159183238,5807.021849356895
network (best val seed),8x128,data,per stratum,all,5-20 GeV,forward,2606,140.02239974999975,15.04330748863758,6368.793742957337,2.772621769906891,5706.3557059295745
network (best val seed),8x128,data,per stratum,all,5-20 GeV,backward,2606,203.6929999999993,10.79853922257712,6990.4295805832535,3.1095830044023387,5841.149794167521
network (best val seed),8x128,data,per stratum,all,20-200 GeV,all,1490,70.21095024999977,3.236221395123806,2117.120011226679,0.6088628650005035,2102.8862295927456
network (best val seed),8x128,data,per stratum,all,20-200 GeV,forward,753,139.99350049999885,3.9728902357722973,2555.1868224728573,0.6831927451003139,2367.99038029481
network (best val seed),8x128,data,per stratum,all,20-200 GeV,backward,737,70.2077999999965,2.829947648393727,1378.4873625139037,0.5098719751686076,1308.2561581623033
network (best val seed),8x128,data,per stratum,0.05-2 mm,all,all,436,0.6499827500010724,0.10938282593997428,0.9458529825110418,9.656920951783832e-05,0.0025356537776133337
network (best val seed),8x128,data,per stratum,0.05-2 mm,all,forward,218,0.6499827500010724,0.11376319025657722,1.0066587458531677,8.99014480637561e-05,0.002567387753060757
network (best val seed),8x128,data,per stratum,0.05-2 mm,all,backward,218,0.6499827500010724,0.10562661574908816,0.8745490274975508,0.00010648801662682672,0.0024867924139471134
network (best val seed),8x128,data,per stratum,0.05-2 mm,1-5 GeV,all,248,0.6499792499998875,0.18716816521191504,1.2074225442347595,0.00040796700773171324,0.005240376793835802
network (best val seed),8x128,data,per stratum,0.05-2 mm,1-5 GeV,forward,124,0.6499792499998875,0.22291272478014434,1.2027145174442921,0.0004201282877147605,0.005407898328257938
network (best val seed),8x128,data,per stratum,0.05-2 mm,1-5 GeV,backward,124,0.6499792499998875,0.16492333654127833,1.1953967158660805,0.0004036332370560558,0.0046615382188974755
network (best val seed),8x128,data,per stratum,0.05-2 mm,5-20 GeV,all,142,0.6499850000000151,0.08466936181150686,0.2468073506161516,1.925386072798574e-05,0.0002886803532220483
network (best val seed),8x128,data,per stratum,0.05-2 mm,5-20 GeV,forward,71,0.6499850000000151,0.07864108167154882,0.22935604461693515,2.0084485186089296e-05,0.0002877341565010738
network (best val seed),8x128,data,per stratum,0.05-2 mm,5-20 GeV,backward,71,0.6499850000000151,0.0905088102172158,0.3169143332115709,1.8657914324649028e-05,0.00031737533845443977
network (best val seed),8x128,data,per stratum,0.05-2 mm,20-200 GeV,all,46,0.6499925000007352,0.05801290201112863,0.12501616920879144,5.777479827884235e-06,8.34729121379496e-05
network (best val seed),8x128,data,per stratum,0.05-2 mm,20-200 GeV,forward,23,0.6499925000007352,0.055679008255538065,0.13018067443866238,7.23400717106415e-06,8.71777217525959e-05
network (best val seed),8x128,data,per stratum,0.05-2 mm,20-200 GeV,backward,23,0.6499925000007352,0.07111572284657086,0.09798336616597679,4.126604835619219e-06,5.867217964805604e-05
network (best val seed),8x128,data,per stratum,2-20 mm,all,all,382,6.3070000000006985,0.5888201293018369,6.08704644189828,0.005503222354596993,0.22930376725156504
network (best val seed),8x128,data,per stratum,2-20 mm,all,forward,191,6.3070000000006985,0.6473866593239563,5.928059296863353,0.004782006342907152,0.2051902773700931
network (best val seed),8x128,data,per stratum,2-20 mm,all,backward,191,6.3070000000006985,0.49978967047081824,6.444835841406871,0.005930640199380832,0.23687682610784577
network (best val seed),8x128,data,per stratum,2-20 mm,1-5 GeV,all,160,6.3070000000006985,1.816183094028645,10.11663208709023,0.03561151615372182,0.3392726795340188
network (best val seed),8x128,data,per stratum,2-20 mm,1-5 GeV,forward,80,6.3070000000006985,1.7208417771499285,9.756254410339691,0.03509684036373528,0.31785393995420447
network (best val seed),8x128,data,per stratum,2-20 mm,1-5 GeV,backward,80,6.3070000000006985,2.0655535138018877,11.029943656026827,0.03561151615372182,0.3432383211077191
network (best val seed),8x128,data,per stratum,2-20 mm,5-20 GeV,all,156,6.3070000000006985,0.49664760688772347,1.6819207687213122,0.0031864779259649367,0.03674807887893081
network (best val seed),8x128,data,per stratum,2-20 mm,5-20 GeV,forward,78,6.3070000000006985,0.5635137061901219,1.6668397313814851,0.002665058815409793,0.040432761866782095
network (best val seed),8x128,data,per stratum,2-20 mm,5-20 GeV,backward,78,6.3070000000006985,0.45667166618912347,1.6062217935665732,0.003938756414356703,0.017867500784518594
network (best val seed),8x128,data,per stratum,2-20 mm,20-200 GeV,all,66,6.3070000000006985,0.1520403937593784,0.37869274500376693,0.0006551926550191212,0.0032550884814241954
network (best val seed),8x128,data,per stratum,2-20 mm,20-200 GeV,forward,33,6.3070000000006985,0.13623357083858423,0.34047408029960197,0.00046005445053509675,0.0012315439832377706
network (best val seed),8x128,data,per stratum,2-20 mm,20-200 GeV,backward,33,6.3070000000006985,0.15398570530322786,0.4141252469156419,0.0010615713321726616,0.003689327298839195
network (best val seed),8x128,data,per stratum,20-200 mm,all,all,6000,69.804950499999,8.173681202947591,64.3542728183171,1.169439844730391,23.86148093001027
network (best val seed),8x128,data,per stratum,20-200 mm,all,forward,3011,69.80459999999948,9.582685619079712,72.89404217659978,1.2686031491284666,23.886771564249898
network (best val seed),8x128,data,per stratum,20-200 mm,all,backward,2989,69.80529999999999,6.9572214680420075,55.59326677496301,1.0861353521534056,23.396197544479936
network (best val seed),8x128,data,per stratum,20-200 mm,1-5 GeV,all,3042,69.80709999999999,19.097013415318997,88.69659925145588,3.0809628620431795,38.44726881522999
network (best val seed),8x128,data,per stratum,20-200 mm,1-5 GeV,forward,1532,69.80653799999982,22.47463261117133,105.13701148678507,3.119679286982091,38.5955501398371
network (best val seed),8x128,data,per stratum,20-200 mm,1-5 GeV,backward,1510,69.80770074999964,15.933009585637592,73.26889824033739,3.054918516284033,38.215965311206894
network (best val seed),8x128,data,per stratum,20-200 mm,5-20 GeV,all,2309,69.80490049999935,4.741569812892976,17.898550708150644,0.5783589180623494,3.5731102441900475
network (best val seed),8x128,data,per stratum,20-200 mm,5-20 GeV,forward,1156,69.80415000000085,5.460923480001156,19.12290165154218,0.6531162210592356,3.236205642270562
network (best val seed),8x128,data,per stratum,20-200 mm,5-20 GeV,backward,1153,69.80549999999857,3.9731392000703636,15.409169742770244,0.4980931790896648,4.039782792892746
network (best val seed),8x128,data,per stratum,20-200 mm,20-200 GeV,all,649,69.8020000000015,1.1874041361181753,4.781630760382427,0.13719400669742754,0.7338184518800972
network (best val seed),8x128,data,per stratum,20-200 mm,20-200 GeV,forward,323,69.80189999999857,1.3522832092291992,5.316247773114916,0.1764696818753464,0.8030151192002672
network (best val seed),8x128,data,per stratum,20-200 mm,20-200 GeV,backward,326,69.80249950000007,1.084364448757924,3.9438446953994344,0.09419786624675908,0.652973062493345
network (best val seed),8x128,data,per stratum,200-2000 mm,all,all,4000,472.2208000000005,75.7564501687149,1014.3124485993885,42.176855585040585,892.3147475057359
network (best val seed),8x128,data,per stratum,200-2000 mm,all,forward,2044,472.2166499999994,88.59478553979727,1164.0618990217372,54.09778679745614,966.0149362893767
network (best val seed),8x128,data,per stratum,200-2000 mm,all,backward,1956,472.2224995000006,64.98466631626343,899.3833105321869,34.29695321200654,811.1268622060948
network (best val seed),8x128,data,per stratum,200-2000 mm,1-5 GeV,all,2042,472.2235007499994,188.56925446624473,1584.4431035622379,110.08237888958661,1405.9897778027662
network (best val seed),8x128,data,per stratum,200-2000 mm,1-5 GeV,forward,1057,472.19920699999966,202.4039174218899,1830.0250985270388,128.82867802671427,1541.8162265365027
network (best val seed),8x128,data,per stratum,200-2000 mm,1-5 GeV,backward,985,472.238799499999,169.9941138789427,1337.2217604316231,92.91532617751841,1265.221493248543
network (best val seed),8x128,data,per stratum,200-2000 mm,5-20 GeV,all,1531,472.22849999999926,42.30249791444862,222.26220136738561,25.324700273017697,166.2769160928974
network (best val seed),8x128,data,per stratum,200-2000 mm,5-20 GeV,forward,764,472.23500099999956,46.371435570641495,241.78020817734597,31.021228040309268,190.9870586534486
network (best val seed),8x128,data,per stratum,200-2000 mm,5-20 GeV,backward,767,472.22249900000133,37.93354915171676,182.19764336249673,19.904161594524794,121.0736758577494
network (best val seed),8x128,data,per stratum,200-2000 mm,20-200 GeV,all,427,472.1847999999991,10.924000652288157,45.188065981932354,7.181233888161387,35.78428850407249
network (best val seed),8x128,data,per stratum,200-2000 mm,20-200 GeV,forward,223,472.1836999999996,11.631306773558947,45.43756099446337,8.46098053523292,31.817644117432987
network (best val seed),8x128,data,per stratum,200-2000 mm,20-200 GeV,backward,204,472.1850502499992,9.553137027229042,43.98703775154944,4.920521590477733,38.42858426117175
network (best val seed),8x128,data,per stratum,cross-magnet,all,all,2410,5175.346389,6343.046095910353,186241.14178750565,6123.169680175437,177820.24623335706
network (best val seed),8x128,data,per stratum,cross-magnet,all,forward,1205,5175.346389,5866.08665803476,109929.22997774852,5640.236057007996,91666.24276073852
network (best val seed),8x128,data,per stratum,cross-magnet,all,backward,1205,5175.346389,7326.981113309486,320558.88342128205,6736.844830915572,308113.55270056357
network (best val seed),8x128,data,per stratum,cross-magnet,1-5 GeV,all,1034,5174.7871589999995,31028.232804472937,362661.52318509953,28436.46018031498,345586.756687498
network (best val seed),8x128,data,per stratum,cross-magnet,1-5 GeV,forward,517,5174.7871589999995,23903.986366980007,147114.89939432376,21934.65981073612,126096.98777232628
network (best val seed),8x128,data,per stratum,cross-magnet,1-5 GeV,backward,517,5174.7871589999995,42795.16461468809,553890.2488662507,39528.715535737036,542181.471295268
network (best val seed),8x128,data,per stratum,cross-magnet,5-20 GeV,all,1074,5175.753925000001,2977.5218694286423,24726.7965227679,2671.094540473291,23275.346397841484
network (best val seed),8x128,data,per stratum,cross-magnet,5-20 GeV,forward,537,5175.753925000001,3259.0735270416644,24721.72180311498,2855.6218637986603,23271.377970348567
network (best val seed),8x128,data,per stratum,cross-magnet,5-20 GeV,backward,537,5175.753925000001,2670.324515452535,24712.981204957054,2381.7307467736964,23164.686400751307
network (best val seed),8x128,data,per stratum,cross-magnet,20-200 GeV,all,302,5177.237445999999,1370.9699407439864,5181.023397270619,1391.6845136660356,5101.5487763741385
network (best val seed),8x128,data,per stratum,cross-magnet,20-200 GeV,forward,151,5177.237445999999,1920.7555422281644,4864.691820002037,1839.7162269343496,4857.626534080069
network (best val seed),8x128,data,per stratum,cross-magnet,20-200 GeV,backward,151,5177.237445999999,785.4788841256237,5494.479169619595,745.4648487629925,5260.628342112633
network (best val seed),2x256,physics,per stratum,all,all,all,13228,70.22465149999971,29.71553440823982,7391.706809663801,14.051828848579362,3175.312485714095
network (best val seed),2x256,physics,per stratum,all,all,forward,6669,70.2286009999998,32.723489972795505,7726.163328641104,13.582214030691375,2868.7508731782746
network (best val seed),2x256,physics,per stratum,all,all,backward,6559,70.22270000000026,26.770560534259857,6762.752419283341,14.451691095654695,3542.663493719697
network (best val seed),2x256,physics,per stratum,all,1-5 GeV,all,6526,70.21979974999931,57.4353948740054,17573.62149593558,26.679504053589653,8092.108989006087
network (best val seed),2x256,physics,per stratum,all,1-5 GeV,forward,3310,70.2234492499997,63.17351772062807,17687.765739318278,26.29186230107905,5921.452344045323
network (best val seed),2x256,physics,per stratum,all,1-5 GeV,backward,3216,70.21649950000028,50.664075921304175,17284.839455888134,27.496114516452508,11059.53423587151
network (best val seed),2x256,physics,per stratum,all,5-20 GeV,all,5212,140.07619949999935,15.259058667293601,2643.41133660953,7.982111468578523,1142.2035316164074
network (best val seed),2x256,physics,per stratum,all,5-20 GeV,forward,2606,140.02239974999975,16.196403535758463,3059.3534918941855,7.607628813644851,1134.246809765088
network (best val seed),2x256,physics,per stratum,all,5-20 GeV,backward,2606,203.6929999999993,14.497206441021149,2084.2900664444815,8.341341288087278,1144.6052325755093
network (best val seed),2x256,physics,per stratum,all,20-200 GeV,all,1490,70.21095024999977,3.988607048452053,3458.462520257507,1.0895442355263185,3184.819697855994
network (best val seed),2x256,physics,per stratum,all,20-200 GeV,forward,753,139.99350049999885,4.440002108481167,3479.747685630899,1.3891722069843127,3105.1672032447764
network (best val seed),2x256,physics,per stratum,all,20-200 GeV,backward,737,70.2077999999965,3.2406038997123687,3336.764010484314,1.0363067790208902,3340.7063175957746
network (best val seed),2x256,physics,per stratum,0.05-2 mm,all,all,436,0.6499827500010724,0.10897431150169723,0.944937613979846,0.00035580004009716504,0.0030893762641426292
network (best val seed),2x256,physics,per stratum,0.05-2 mm,all,forward,218,0.6499827500010724,0.11319016607558297,1.0064095480224415,0.00035561282629714697,0.0029710796070503386
network (best val seed),2x256,physics,per stratum,0.05-2 mm,all,backward,218,0.6499827500010724,0.10546965023650046,0.873460680593041,0.000356021388370209,0.003095169689970588
network (best val seed),2x256,physics,per stratum,0.05-2 mm,1-5 GeV,all,248,0.6499792499998875,0.18745034117273462,1.2070497449258255,0.0006872814992675558,0.005432507646219165
network (best val seed),2x256,physics,per stratum,0.05-2 mm,1-5 GeV,forward,124,0.6499792499998875,0.22263546196654715,1.2031111115902604,0.000689300463818654,0.005287529722863832
network (best val seed),2x256,physics,per stratum,0.05-2 mm,1-5 GeV,backward,124,0.6499792499998875,0.16464682849459678,1.1952221319802436,0.0006868262971693184,0.005277778080881029
network (best val seed),2x256,physics,per stratum,0.05-2 mm,5-20 GeV,all,142,0.6499850000000151,0.08467919435872773,0.24641324740599652,0.0002122208684340876,0.0006719518125919417
network (best val seed),2x256,physics,per stratum,0.05-2 mm,5-20 GeV,forward,71,0.6499850000000151,0.07855906554254943,0.22896598965616022,0.00021217419998720288,0.0006547681437041319
network (best val seed),2x256,physics,per stratum,0.05-2 mm,5-20 GeV,backward,71,0.6499850000000151,0.09124543544203334,0.3170986868781256,0.00021226753688097233,0.0006550005196004349
network (best val seed),2x256,physics,per stratum,0.05-2 mm,20-200 GeV,all,46,0.6499925000007352,0.05799272987783155,0.12503476292380356,3.297489570286416e-05,8.477131174799979e-05
network (best val seed),2x256,physics,per stratum,0.05-2 mm,20-200 GeV,forward,23,0.6499925000007352,0.05576027876941225,0.13019547340888943,3.283048499724828e-05,8.282676731141689e-05
network (best val seed),2x256,physics,per stratum,0.05-2 mm,20-200 GeV,backward,23,0.6499925000007352,0.07119796535448586,0.09799032817170426,3.311930640848004e-05,8.302929046521965e-05
network (best val seed),2x256,physics,per stratum,2-20 mm,all,all,382,6.3070000000006985,0.5816038767285647,6.039633654389576,0.03208126950227097,0.3070909760154449
network (best val seed),2x256,physics,per stratum,2-20 mm,all,forward,191,6.3070000000006985,0.6556915710545508,5.992223671313468,0.03149989029793687,0.3007006979132143
network (best val seed),2x256,physics,per stratum,2-20 mm,all,backward,191,6.3070000000006985,0.5223701535079783,6.350522945823833,0.03334197089088775,0.30410638389355427
network (best val seed),2x256,physics,per stratum,2-20 mm,1-5 GeV,all,160,6.3070000000006985,1.8394423825968258,10.001103036987034,0.08704593812325356,0.39489878691440955
network (best val seed),2x256,physics,per stratum,2-20 mm,1-5 GeV,forward,80,6.3070000000006985,1.8185267956952882,9.956301065150797,0.08518029177650988,0.35828752788233914
network (best val seed),2x256,physics,per stratum,2-20 mm,1-5 GeV,backward,80,6.3070000000006985,1.8995270879287318,11.012935439694612,0.08817596636845337,0.3984298501457314
network (best val seed),2x256,physics,per stratum,2-20 mm,5-20 GeV,all,156,6.3070000000006985,0.5070399492863586,1.7710813850584373,0.02318536773415758,0.15322836904019255
network (best val seed),2x256,physics,per stratum,2-20 mm,5-20 GeV,forward,78,6.3070000000006985,0.5661351948660354,1.7687514235973365,0.022988452451855323,0.13575304418225165
network (best val seed),2x256,physics,per stratum,2-20 mm,5-20 GeV,backward,78,6.3070000000006985,0.4612550989016029,1.598013614874813,0.023685958289831888,0.15329123912266587
network (best val seed),2x256,physics,per stratum,2-20 mm,20-200 GeV,all,66,6.3070000000006985,0.15337269434922973,0.3830737024360098,0.006026113579526982,0.01358910059323648
network (best val seed),2x256,physics,per stratum,2-20 mm,20-200 GeV,forward,33,6.3070000000006985,0.12451936948920661,0.3392253351088391,0.005918123100911998,0.013233106204779686
network (best val seed),2x256,physics,per stratum,2-20 mm,20-200 GeV,backward,33,6.3070000000006985,0.1574080718711457,0.41936605666776916,0.006050004557778266,0.013441717158002573
network (best val seed),2x256,physics,per stratum,20-200 mm,all,all,6000,69.804950499999,9.192184707245588,66.57206759015253,3.365548054858891,24.567403303677537
network (best val seed),2x256,physics,per stratum,20-200 mm,all,forward,3011,69.80459999999948,10.642006358864364,76.76822011116258,3.5463671800641805,24.76159129179223
network (best val seed),2x256,physics,per stratum,20-200 mm,all,backward,2989,69.80529999999999,7.896683600620236,55.79229507798113,3.1907234298529374,24.281697907099435
network (best val seed),2x256,physics,per stratum,20-200 mm,1-5 GeV,all,3042,69.80709999999999,19.690713461073983,88.02860684743762,7.734102930186282,38.03069970753084
network (best val seed),2x256,physics,per stratum,20-200 mm,1-5 GeV,forward,1532,69.80653799999982,23.117621334279193,102.84319570836263,7.786653162781931,37.47562584812414
network (best val seed),2x256,physics,per stratum,20-200 mm,1-5 GeV,backward,1510,69.80770074999964,17.320529844369048,73.65437128302112,7.649647513176205,38.8418424079759
network (best val seed),2x256,physics,per stratum,20-200 mm,5-20 GeV,all,2309,69.80490049999935,5.19628663499816,18.952772995379508,1.8893704001641254,8.160334992908242
network (best val seed),2x256,physics,per stratum,20-200 mm,5-20 GeV,forward,1156,69.80415000000085,5.992850470988742,20.368212834242172,1.9823369122633494,7.795785126489818
network (best val seed),2x256,physics,per stratum,20-200 mm,5-20 GeV,backward,1153,69.80549999999857,4.453948576383482,17.18328664084083,1.7774909543959438,8.339931994919423
network (best val seed),2x256,physics,per stratum,20-200 mm,20-200 GeV,all,649,69.8020000000015,1.307757381695751,4.809188840142831,0.42150156690468066,1.0480309256969635
network (best val seed),2x256,physics,per stratum,20-200 mm,20-200 GeV,forward,323,69.80189999999857,1.4038352519918362,5.210195235125425,0.41229239079143554,0.978621936823742
network (best val seed),2x256,physics,per stratum,20-200 mm,20-200 GeV,backward,326,69.80249950000007,1.205414946277017,4.0072537422819465,0.43311510046706303,1.0552198933808654
network (best val seed),2x256,physics,per stratum,200-2000 mm,all,all,4000,472.2208000000005,100.807320021147,975.7858193104954,78.51500115572208,844.5652115685562
network (best val seed),2x256,physics,per stratum,200-2000 mm,all,forward,2044,472.2166499999994,101.40158615743644,1095.5769143249195,71.15210463450694,911.415507230219
network (best val seed),2x256,physics,per stratum,200-2000 mm,all,backward,1956,472.2224995000006,99.96778177755061,866.0478907943059,86.11963601609318,762.2421206149354
network (best val seed),2x256,physics,per stratum,200-2000 mm,1-5 GeV,all,2042,472.2235007499994,228.9481591836875,1372.5173443796702,181.02100575186597,1207.399778257924
network (best val seed),2x256,physics,per stratum,200-2000 mm,1-5 GeV,forward,1057,472.19920699999966,226.40760349065658,1672.6984463755912,167.6544625142924,1413.0964090925754
network (best val seed),2x256,physics,per stratum,200-2000 mm,1-5 GeV,backward,985,472.238799499999,235.14064985138816,1192.2516359075416,193.16773012587873,1074.0301847681378
network (best val seed),2x256,physics,per stratum,200-2000 mm,5-20 GeV,all,1531,472.22849999999926,48.96897978281345,220.69446578606744,36.70055371248537,159.17704816510536
network (best val seed),2x256,physics,per stratum,200-2000 mm,5-20 GeV,forward,764,472.23500099999956,49.28080741274243,219.92978946513736,32.26213109599918,144.8259483008485
network (best val seed),2x256,physics,per stratum,200-2000 mm,5-20 GeV,backward,767,472.22249900000133,48.58417690923034,220.35705727224962,40.510872115987695,168.84934306706322
network (best val seed),2x256,physics,per stratum,200-2000 mm,20-200 GeV,all,427,472.1847999999991,14.403921845371315,100.65070145967067,11.162213852571767,98.65354040061332
network (best val seed),2x256,physics,per stratum,200-2000 mm,20-200 GeV,forward,223,472.1836999999996,13.832270987720108,92.8308117845631,9.70636924205337,83.87311997674088
network (best val seed),2x256,physics,per stratum,200-2000 mm,20-200 GeV,backward,204,472.1850502499992,15.967894056714727,106.51569325209634,12.498651642378178,101.222944153362
network (best val seed),2x256,physics,per stratum,cross-magnet,all,all,2410,5175.346389,2682.0405963574813,56309.26259888389,1136.9433244780403,41876.95935463267
network (best val seed),2x256,physics,per stratum,cross-magnet,all,forward,1205,5175.346389,3007.5211698158173,47393.275530015824,1077.361196791344,30261.407822321456
network (best val seed),2x256,physics,per stratum,cross-magnet,all,backward,1205,5175.346389,2392.9070338496567,64164.15585302358,1177.2878502767412,55527.30265623484
network (best val seed),2x256,physics,per stratum,cross-magnet,1-5 GeV,all,1034,5174.7871589999995,8360.829586704709,117670.3892815278,2795.6486561296288,95704.93962058205
network (best val seed),2x256,physics,per stratum,cross-magnet,1-5 GeV,forward,517,5174.7871589999995,9064.60551843611,94751.19616121064,2409.710521807824,58068.58302960434
network (best val seed),2x256,physics,per stratum,cross-magnet,1-5 GeV,backward,517,5174.7871589999995,7778.1741164826035,148574.4105180955,3131.484453806081,137041.020790801
network (best val seed),2x256,physics,per stratum,cross-magnet,5-20 GeV,all,1074,5175.753925000001,1330.1494191787383,8015.147741358998,607.6257497003858,5784.596183036176
network (best val seed),2x256,physics,per stratum,cross-magnet,5-20 GeV,forward,537,5175.753925000001,1500.7562379269643,8014.429572018025,568.1439357030911,5173.679855899648
network (best val seed),2x256,physics,per stratum,cross-magnet,5-20 GeV,backward,537,5175.753925000001,1164.8244872578744,7983.288934982423,641.0306438934725,6365.992809547047
network (best val seed),2x256,physics,per stratum,cross-magnet,20-200 GeV,all,302,5177.237445999999,1514.896262686264,10500.69177655053,1416.2550687817516,10535.539321595164
network (best val seed),2x256,physics,per stratum,cross-magnet,20-200 GeV,forward,151,5177.237445999999,1511.9833430857739,9888.182653471176,1394.6186003701087,9938.83154594156
network (best val seed),2x256,physics,per stratum,cross-magnet,20-200 GeV,backward,151,5177.237445999999,1526.8237800612874,11823.746729977524,1541.5491324619381,11885.378177554236
network (best val seed),2x256,data,per stratum,all,all,all,13228,70.22465149999971,24.78321591296151,10988.825491960422,4.380816376283292,8851.97739236371
network (best val seed),2x256,data,per stratum,all,all,forward,6669,70.2286009999998,28.37304380565797,9813.201738758611,4.705238843484949,7323.366172934112
network (best val seed),2x256,data,per stratum,all,all,backward,6559,70.22270000000026,21.374143596208484,12839.849480152376,4.157298197373649,10664.378436773328
network (best val seed),2x256,data,per stratum,all,1-5 GeV,all,6526,70.21979974999931,46.3574261195312,28279.641453360997,9.884824498357148,26288.634873151714
network (best val seed),2x256,data,per stratum,all,1-5 GeV,forward,3310,70.2234492499997,54.181474529922724,21532.33153220065,10.023975496594062,18691.71263283521
network (best val seed),2x256,data,per stratum,all,1-5 GeV,backward,3216,70.21649950000028,38.89110978620636,38057.54081312909,9.70679517140649,33872.568837219995
network (best val seed),2x256,data,per stratum,all,5-20 GeV,all,5212,140.07619949999935,12.59565012624364,3319.914074086417,1.507726208387794,1739.6929828266855
network (best val seed),2x256,data,per stratum,all,5-20 GeV,forward,2606,140.02239974999975,14.608878733440633,3620.2316704725063,1.319902131669437,1568.162308300657
network (best val seed),2x256,data,per stratum,all,5-20 GeV,backward,2606,203.6929999999993,10.484417792440581,3046.2386800504237,1.6781459096666396,1934.3822924176238
network (best val seed),2x256,data,per stratum,all,20-200 GeV,all,1490,70.21095024999977,3.4477022664676227,1177.6796681684784,0.6130989760571026,771.9951950062134
network (best val seed),2x256,data,per stratum,all,20-200 GeV,forward,753,139.99350049999885,4.009969554431336,1039.644870239123,0.5949747337012923,617.4149166668484
network (best val seed),2x256,data,per stratum,all,20-200 GeV,backward,737,70.2077999999965,2.986759854536558,1258.851011534522,0.6340382416745172,1077.6083000674353
network (best val seed),2x256,data,per stratum,0.05-2 mm,all,all,436,0.6499827500010724,0.10936404510175635,0.9470516959595443,5.0141622409682896e-05,0.0018073506566906872
network (best val seed),2x256,data,per stratum,0.05-2 mm,all,forward,218,0.6499827500010724,0.11442576192166598,1.0067694000880982,5.0273399665456964e-05,0.001727189555822398
network (best val seed),2x256,data,per stratum,0.05-2 mm,all,backward,218,0.6499827500010724,0.10530593870328175,0.87690203167341,4.9512356881109554e-05,0.0017780408029466276
network (best val seed),2x256,data,per stratum,0.05-2 mm,1-5 GeV,all,248,0.6499792499998875,0.18782763368108135,1.2048819744222783,0.00013085121963740676,0.002760713016414229
network (best val seed),2x256,data,per stratum,0.05-2 mm,1-5 GeV,forward,124,0.6499792499998875,0.22295193548416137,1.2014405162346975,0.0001302432650618357,0.0027202704728779264
network (best val seed),2x256,data,per stratum,0.05-2 mm,1-5 GeV,backward,124,0.6499792499998875,0.16405438064026612,1.1958236370674047,0.0001336092054771143,0.0027194271524422207
network (best val seed),2x256,data,per stratum,0.05-2 mm,5-20 GeV,all,142,0.6499850000000151,0.0846568302392825,0.24660087946966053,1.7839084875959088e-05,0.0002795761929519341
network (best val seed),2x256,data,per stratum,0.05-2 mm,5-20 GeV,forward,71,0.6499850000000151,0.07864129111112561,0.2293461320928003,1.7767831650417065e-05,0.00021110690795467235
network (best val seed),2x256,data,per stratum,0.05-2 mm,5-20 GeV,backward,71,0.6499850000000151,0.09000039403872506,0.31688968462617595,1.791033810150111e-05,0.000209909671866626
network (best val seed),2x256,data,per stratum,0.05-2 mm,20-200 GeV,all,46,0.6499925000007352,0.058010433533262074,0.12499745795224726,6.213845438196586e-06,4.203431558380544e-05
network (best val seed),2x256,data,per stratum,0.05-2 mm,20-200 GeV,forward,23,0.6499925000007352,0.05569360450863314,0.13015896505237373,6.197126367624151e-06,4.058206855006572e-05
network (best val seed),2x256,data,per stratum,0.05-2 mm,20-200 GeV,backward,23,0.6499925000007352,0.07111796432468509,0.09798278774439949,6.230564508769021e-06,4.0706802906242936e-05
network (best val seed),2x256,data,per stratum,2-20 mm,all,all,382,6.3070000000006985,0.5703630913274083,6.044993687119415,0.0012979345616059845,0.09329688730446138
network (best val seed),2x256,data,per stratum,2-20 mm,all,forward,191,6.3070000000006985,0.6480103564280304,5.961532074465481,0.001312969118316687,0.09064461369234778
network (best val seed),2x256,data,per stratum,2-20 mm,all,backward,191,6.3070000000006985,0.5022869018134202,6.338453733162552,0.0012541150908873533,0.08785835580127355
network (best val seed),2x256,data,per stratum,2-20 mm,1-5 GeV,all,160,6.3070000000006985,1.7886204672734607,10.106897344576273,0.01517980652465667,0.18123598044681433
network (best val seed),2x256,data,per stratum,2-20 mm,1-5 GeV,forward,80,6.3070000000006985,1.7584185456342993,9.748406011249243,0.015084039858948017,0.18138392434106085
network (best val seed),2x256,data,per stratum,2-20 mm,1-5 GeV,backward,80,6.3070000000006985,2.0075480527168565,11.012966238536134,0.01517980652465667,0.176686886863564
network (best val seed),2x256,data,per stratum,2-20 mm,5-20 GeV,all,156,6.3070000000006985,0.4942926239797085,1.715222790537041,0.0006486738461930486,0.0043467726538182205
network (best val seed),2x256,data,per stratum,2-20 mm,5-20 GeV,forward,78,6.3070000000006985,0.5629803435667213,1.7049785928321617,0.0006447661888842049,0.004438723699351488
network (best val seed),2x256,data,per stratum,2-20 mm,5-20 GeV,backward,78,6.3070000000006985,0.4557425027016393,1.6049947796510344,0.0006486738461930486,0.004156859073844993
network (best val seed),2x256,data,per stratum,2-20 mm,20-200 GeV,all,66,6.3070000000006985,0.15148875607806644,0.37754733692349496,0.00035675098519760695,0.0015969678726079906
network (best val seed),2x256,data,per stratum,2-20 mm,20-200 GeV,forward,33,6.3070000000006985,0.1347898990289309,0.3405280041189673,0.0003220943227688622,0.0015307884737580928
network (best val seed),2x256,data,per stratum,2-20 mm,20-200 GeV,backward,33,6.3070000000006985,0.15154558082741687,0.4124469705107713,0.0003693192134335277,0.0015087318288919955
network (best val seed),2x256,data,per stratum,20-200 mm,all,all,6000,69.804950499999,7.93282877339152,61.52194652994183,0.5557900552304318,13.521019883096663
network (best val seed),2x256,data,per stratum,20-200 mm,all,forward,3011,69.80459999999948,9.413189600763872,69.1573222819386,0.5280350975453985,14.063361198751068
network (best val seed),2x256,data,per stratum,20-200 mm,all,backward,2989,69.80529999999999,6.532024619176013,51.77807942050093,0.5840068538418564,12.804268586955901
network (best val seed),2x256,data,per stratum,20-200 mm,1-5 GeV,all,3042,69.80709999999999,18.0997582079101,83.57104931474166,1.6816415421292419,23.95577089473587
network (best val seed),2x256,data,per stratum,20-200 mm,1-5 GeV,forward,1532,69.80653799999982,21.67753780251047,93.77189772640975,1.7322154524155309,23.719040512577298
network (best val seed),2x256,data,per stratum,20-200 mm,1-5 GeV,backward,1510,69.80770074999964,15.135226974734906,65.71915047632045,1.6126333717636498,24.25144604405886
network (best val seed),2x256,data,per stratum,20-200 mm,5-20 GeV,all,2309,69.80490049999935,4.748564801531074,17.51170918631146,0.20033247596984438,1.6947199897003875
network (best val seed),2x256,data,per stratum,20-200 mm,5-20 GeV,forward,1156,69.80415000000085,5.436364324186371,19.065371869317005,0.19272815106319285,1.4719486260332815
network (best val seed),2x256,data,per stratum,20-200 mm,5-20 GeV,backward,1153,69.80549999999857,4.004808024177464,14.310723458658698,0.20621486606842154,2.044617516980906
network (best val seed),2x256,data,per stratum,20-200 mm,20-200 GeV,all,649,69.8020000000015,1.2824673029854239,4.979259554801275,0.0960065854105352,0.8049310419437462
network (best val seed),2x256,data,per stratum,20-200 mm,20-200 GeV,forward,323,69.80189999999857,1.4063343748489388,5.346522381319117,0.11992901977464498,0.6257869109731469
network (best val seed),2x256,data,per stratum,20-200 mm,20-200 GeV,backward,326,69.80249950000007,1.1317113880977558,4.269211646214188,0.07754653177016735,1.0173232477654892
network (best val seed),2x256,data,per stratum,200-2000 mm,all,all,4000,472.2208000000005,73.90868559517116,847.1977187940912,32.88494788765206,687.1837108823241
network (best val seed),2x256,data,per stratum,200-2000 mm,all,forward,2044,472.2166499999994,80.57078143630747,910.0383643879126,30.72984781164223,722.4937178391201
network (best val seed),2x256,data,per stratum,200-2000 mm,all,backward,1956,472.2224995000006,66.68545717192131,784.9654274727343,34.97278975862628,632.5781016942358
network (best val seed),2x256,data,per stratum,200-2000 mm,1-5 GeV,all,2042,472.2235007499994,177.97792883712305,1229.7760618332868,100.19174374437334,995.2207125088984
network (best val seed),2x256,data,per stratum,200-2000 mm,1-5 GeV,forward,1057,472.19920699999966,184.31462620026196,1287.2737803952077,94.59483759579257,1078.7627007390704
network (best val seed),2x256,data,per stratum,200-2000 mm,1-5 GeV,backward,985,472.238799499999,171.64630197087405,1048.6892686652936,109.2285439783609,881.3594997625895
network (best val seed),2x256,data,per stratum,200-2000 mm,5-20 GeV,all,1531,472.22849999999926,39.507248238805914,184.7474269353313,16.74877464211022,152.24711427279658
network (best val seed),2x256,data,per stratum,200-2000 mm,5-20 GeV,forward,764,472.23500099999956,42.04570751269898,203.6352732822678,17.335281425090443,167.4235450295612
network (best val seed),2x256,data,per stratum,200-2000 mm,5-20 GeV,backward,767,472.22249900000133,37.14900523331721,161.46366530757913,15.745455091746408,120.97376776728183
network (best val seed),2x256,data,per stratum,200-2000 mm,20-200 GeV,all,427,472.1847999999991,11.595101368214955,68.48101969801519,9.247963455266017,54.46547869911882
network (best val seed),2x256,data,per stratum,200-2000 mm,20-200 GeV,forward,223,472.1836999999996,13.495779453194245,84.92075198729613,11.05889673482352,68.36710983874632
network (best val seed),2x256,data,per stratum,200-2000 mm,20-200 GeV,backward,204,472.1850502499992,9.101602843074375,54.128977445869864,5.805922965137711,45.80241894643103
network (best val seed),2x256,data,per stratum,cross-magnet,all,all,2410,5175.346389,3087.7445315880186,103801.09347450668,1906.829559114188,91863.53344259692
network (best val seed),2x256,data,per stratum,cross-magnet,all,forward,1205,5175.346389,3256.989172189378,69889.52652465907,1522.5301199166097,53043.23927426345
network (best val seed),2x256,data,per stratum,cross-magnet,all,backward,1205,5175.346389,2967.630788628114,174942.52434516628,2255.9829489565004,171960.49789448336
network (best val seed),2x256,data,per stratum,cross-magnet,1-5 GeV,all,1034,5174.7871589999995,14026.99875624846,226317.6978689572,11404.172065242066,214253.98778781685
network (best val seed),2x256,data,per stratum,cross-magnet,1-5 GeV,forward,517,5174.7871589999995,11940.716418333068,117926.83855903972,9536.766785933538,99228.62658808488
network (best val seed),2x256,data,per stratum,cross-magnet,1-5 GeV,backward,517,5174.7871589999995,16891.54725497963,363168.8904798575,13691.98315263543,344257.7130738059
network (best val seed),2x256,data,per stratum,cross-magnet,5-20 GeV,all,1074,5175.753925000001,1561.6969254640908,12336.147572700578,786.9824696953777,10286.47467475053
network (best val seed),2x256,data,per stratum,cross-magnet,5-20 GeV,forward,537,5175.753925000001,1628.1495741174297,11448.20406901792,675.5164934134257,9174.740249737939
network (best val seed),2x256,data,per stratum,cross-magnet,5-20 GeV,backward,537,5175.753925000001,1435.400515391592,12888.211611171231,883.8588399159732,11446.509743434764
network (best val seed),2x256,data,per stratum,cross-magnet,20-200 GeV,all,302,5177.237445999999,531.3178176539282,4849.069733992635,340.83809660780776,4701.6159128624295
network (best val seed),2x256,data,per stratum,cross-magnet,20-200 GeV,forward,151,5177.237445999999,582.768116169035,3460.762311380112,324.103407904488,3486.772045240471
network (best val seed),2x256,data,per stratum,cross-magnet,20-200 GeV,backward,151,5177.237445999999,464.16330457433475,5537.713868426714,349.2968317887204,5711.893250142282
network (best val seed),8x256,physics,per stratum,all,all,all,13228,70.22465149999971,27.754362630304286,6753.047743360673,13.449388510835547,2564.235776661152
network (best val seed),8x256,physics,per stratum,all,all,forward,6669,70.2286009999998,30.730301028995655,7585.975268873425,12.377739922456499,2573.226505332195
network (best val seed),8x256,physics,per stratum,all,all,backward,6559,70.22270000000026,24.87816032464707,5852.888865262296,14.308776121126243,2524.2916388858225
network (best val seed),8x256,physics,per stratum,all,1-5 GeV,all,6526,70.21979974999931,53.83469484318937,17692.069147675516,26.767156392754288,7954.610588170155
network (best val seed),8x256,physics,per stratum,all,1-5 GeV,forward,3310,70.2234492499997,59.496447175195755,17420.09415651346,26.813541117036266,6337.786944315057
network (best val seed),8x256,physics,per stratum,all,1-5 GeV,backward,3216,70.21649950000028,46.84759483262724,17980.381742487836,26.762554993194243,10118.756724817324
network (best val seed),8x256,physics,per stratum,all,5-20 GeV,all,5212,140.07619949999935,14.822628717254815,2521.7264521085694,6.624944105681152,856.3772261046208
network (best val seed),8x256,physics,per stratum,all,5-20 GeV,forward,2606,140.02239974999975,16.288659939597494,2858.8561807119886,4.582515488479544,895.1717464276712
network (best val seed),8x256,physics,per stratum,all,5-20 GeV,backward,2606,203.6929999999993,13.124791866270247,1998.8426553911224,8.151584721513672,826.1658712389561
network (best val seed),8x256,physics,per stratum,all,20-200 GeV,all,1490,70.21095024999977,3.9777929566573444,937.2865697096202,1.797291024287162,642.0072270169828
network (best val seed),8x256,physics,per stratum,all,20-200 GeV,forward,753,139.99350049999885,4.407977685843889,982.0664948773293,1.3964846379082019,594.8005872658025
network (best val seed),8x256,physics,per stratum,all,20-200 GeV,backward,737,70.2077999999965,3.8660294475363344,725.5037071540683,2.0633411663482093,662.0052910004971
network (best val seed),8x256,physics,per stratum,0.05-2 mm,all,all,436,0.6499827500010724,0.10852549462470051,0.9439924840251024,0.00033478657712748827,0.004293756092010881
network (best val seed),8x256,physics,per stratum,0.05-2 mm,all,forward,218,0.6499827500010724,0.11258107281264529,1.006886316601902,0.0003363393261679448,0.004259661182004485
network (best val seed),8x256,physics,per stratum,0.05-2 mm,all,backward,218,0.6499827500010724,0.10690642221788949,0.8745458946449955,0.0003328941176050648,0.00423223575580777
network (best val seed),8x256,physics,per stratum,0.05-2 mm,1-5 GeV,all,248,0.6499792499998875,0.187640844615089,1.206919762717007,0.000745355691833538,0.005159443594493496
network (best val seed),8x256,physics,per stratum,0.05-2 mm,1-5 GeV,forward,124,0.6499792499998875,0.22277110463164718,1.2024393613671691,0.000745355691833538,0.005144640596199678
network (best val seed),8x256,physics,per stratum,0.05-2 mm,1-5 GeV,backward,124,0.6499792499998875,0.16366853740379383,1.196406771026658,0.0007482354789090095,0.00513112902353896
network (best val seed),8x256,physics,per stratum,0.05-2 mm,5-20 GeV,all,142,0.6499850000000151,0.08473780914641793,0.24658037898497293,0.0001724928324620123,0.0005560284421335371
network (best val seed),8x256,physics,per stratum,0.05-2 mm,5-20 GeV,forward,71,0.6499850000000151,0.07856029154140742,0.22911985708518046,0.00017168980548376567,0.000511407051817514
network (best val seed),8x256,physics,per stratum,0.05-2 mm,5-20 GeV,backward,71,0.6499850000000151,0.09084840689865814,0.31702833678082243,0.00017329585944025894,0.0005129646751811379
network (best val seed),8x256,physics,per stratum,0.05-2 mm,20-200 GeV,all,46,0.6499925000007352,0.057956569241568445,0.12498179499687012,3.3253797937504714e-05,0.00016516703738034266
network (best val seed),8x256,physics,per stratum,0.05-2 mm,20-200 GeV,forward,23,0.6499925000007352,0.055711219374643406,0.1301297031830017,3.325402531118016e-05,0.0001594767184087686
network (best val seed),8x256,physics,per stratum,0.05-2 mm,20-200 GeV,backward,23,0.6499925000007352,0.07116241654614441,0.09798590830030206,3.325357056382927e-05,0.00016076788824648242
network (best val seed),8x256,physics,per stratum,2-20 mm,all,all,382,6.3070000000006985,0.6049099677114811,6.037637760351799,0.037194291323316975,0.3533573759099794
network (best val seed),8x256,physics,per stratum,2-20 mm,all,forward,191,6.3070000000006985,0.6712543839526575,6.005629347455965,0.03740513824368463,0.34835225990548224
network (best val seed),8x256,physics,per stratum,2-20 mm,all,backward,191,6.3070000000006985,0.549672049416472,6.283890051559826,0.03698344440294932,0.3626316584686151
network (best val seed),8x256,physics,per stratum,2-20 mm,1-5 GeV,all,160,6.3070000000006985,1.8395289593380326,10.16270637242086,0.08583440375531382,0.5184936147685446
network (best val seed),8x256,physics,per stratum,2-20 mm,1-5 GeV,forward,80,6.3070000000006985,1.7890139241574232,10.076560577346072,0.08552798901462211,0.5188279335840206
network (best val seed),8x256,physics,per stratum,2-20 mm,1-5 GeV,backward,80,6.3070000000006985,1.9135569597921176,10.943184227573962,0.08654027135435172,0.5178230090734814
network (best val seed),8x256,physics,per stratum,2-20 mm,5-20 GeV,all,156,6.3070000000006985,0.5183091040725785,1.8095509343254434,0.03044373319127658,0.19496720224054798
network (best val seed),8x256,physics,per stratum,2-20 mm,5-20 GeV,forward,78,6.3070000000006985,0.5633298956198018,1.8062356427421373,0.029923480862947827,0.1881587056587358
network (best val seed),8x256,physics,per stratum,2-20 mm,5-20 GeV,backward,78,6.3070000000006985,0.46671717920787614,1.5972193381266184,0.030451925674412905,0.18759935384764437
network (best val seed),8x256,physics,per stratum,2-20 mm,20-200 GeV,all,66,6.3070000000006985,0.1523540014645164,0.3837414395962968,0.007030805434737886,0.03067896388841973
network (best val seed),8x256,physics,per stratum,2-20 mm,20-200 GeV,forward,33,6.3070000000006985,0.13556452173091316,0.3313364812796759,0.0072231811785172795,0.0279600960155335
network (best val seed),8x256,physics,per stratum,2-20 mm,20-200 GeV,backward,33,6.3070000000006985,0.15655304267525594,0.42244407380156435,0.006544444833167518,0.028192201048682353
network (best val seed),8x256,physics,per stratum,20-200 mm,all,all,6000,69.804950499999,8.911767859817843,69.30288245077922,2.7165995277869115,33.166454542333675
network (best val seed),8x256,physics,per stratum,20-200 mm,all,forward,3011,69.80459999999948,9.962353506068666,77.69331897088705,1.7785901436013773,33.508632884604594
network (best val seed),8x256,physics,per stratum,20-200 mm,all,backward,2989,69.80529999999999,8.083800196232005,60.889861934379034,3.7421870397338353,32.601590364174626
network (best val seed),8x256,physics,per stratum,20-200 mm,1-5 GeV,all,3042,69.80709999999999,20.531047550889525,94.87137303992193,6.57358076473713,56.153520646319045
network (best val seed),8x256,physics,per stratum,20-200 mm,1-5 GeV,forward,1532,69.80653799999982,23.428837230348165,109.41143834650697,4.776261304371587,57.67308538223695
network (best val seed),8x256,physics,per stratum,20-200 mm,1-5 GeV,backward,1510,69.80770074999964,18.193266979096734,80.6120169955193,8.170617137977843,54.685786232926006
network (best val seed),8x256,physics,per stratum,20-200 mm,5-20 GeV,all,2309,69.80490049999935,5.077974596474633,18.542349282188297,1.5442145857775813,6.71610065362138
network (best val seed),8x256,physics,per stratum,20-200 mm,5-20 GeV,forward,1156,69.80415000000085,5.5531796250107845,19.542188722795117,1.000996396616216,4.176388169071288
network (best val seed),8x256,physics,per stratum,20-200 mm,5-20 GeV,backward,1153,69.80549999999857,4.622976588535721,16.56748732237925,2.4302095295283266,8.26444537551651
network (best val seed),8x256,physics,per stratum,20-200 mm,20-200 GeV,all,649,69.8020000000015,1.4950900282997281,4.926479624964487,0.5416340700037381,2.278307313457619
network (best val seed),8x256,physics,per stratum,20-200 mm,20-200 GeV,forward,323,69.80189999999857,1.4349975519962754,5.350335953562531,0.45173487563943127,1.2448954626790962
network (best val seed),8x256,physics,per stratum,20-200 mm,20-200 GeV,backward,326,69.80249950000007,1.5453869755219785,4.384523481286706,0.7115348664115118,2.762977218793594
network (best val seed),8x256,physics,per stratum,200-2000 mm,all,all,4000,472.2208000000005,77.16580411165808,963.4438084885913,41.23594890265281,850.4797407527166
network (best val seed),8x256,physics,per stratum,200-2000 mm,all,forward,2044,472.2166499999994,80.96121344361862,1070.1557976604286,38.543343199844315,1006.244260916048
network (best val seed),8x256,physics,per stratum,200-2000 mm,all,backward,1956,472.2224995000006,72.07092152444261,866.1617926858512,43.730451655591196,726.874060801832
network (best val seed),8x256,physics,per stratum,200-2000 mm,1-5 GeV,all,2042,472.2235007499994,188.52318492753994,1587.1010767089483,121.95497340968586,1391.393351222938
network (best val seed),8x256,physics,per stratum,200-2000 mm,1-5 GeV,forward,1057,472.19920699999966,185.0383725904976,1921.3792812077363,105.46738508639919,1698.167824018946
network (best val seed),8x256,physics,per stratum,200-2000 mm,1-5 GeV,backward,985,472.238799499999,191.59938999027304,1247.580502772098,139.71040537626322,1154.5131408996892
network (best val seed),8x256,physics,per stratum,200-2000 mm,5-20 GeV,all,1531,472.22849999999926,41.406539863658054,210.09120526780123,23.500091655193955,129.1660764033935
network (best val seed),8x256,physics,per stratum,200-2000 mm,5-20 GeV,forward,764,472.23500099999956,44.396612320918294,223.6656232060341,21.97655390273212,148.42457121313836
network (best val seed),8x256,physics,per stratum,200-2000 mm,5-20 GeV,backward,767,472.22249900000133,39.127392656708615,177.29705262246085,25.899169378362785,115.23856855403628
network (best val seed),8x256,physics,per stratum,200-2000 mm,20-200 GeV,all,427,472.1847999999991,13.167467151987466,41.90712995474967,10.742986418204481,27.680115198131716
network (best val seed),8x256,physics,per stratum,200-2000 mm,20-200 GeV,forward,223,472.1836999999996,13.029409923831281,42.759797560833924,10.742986418204481,27.86093190510996
network (best val seed),8x256,physics,per stratum,200-2000 mm,20-200 GeV,backward,204,472.1850502499992,13.265885484646134,41.16424117135721,10.691656487210821,26.617135762506905
network (best val seed),8x256,physics,per stratum,cross-magnet,all,all,2410,5175.346389,2369.9686830207725,67534.08908427398,768.4579016534308,50462.16052401988
network (best val seed),8x256,physics,per stratum,cross-magnet,all,forward,1205,5175.346389,2827.5185232196236,62159.73560134361,784.7356428815785,34694.102098277464
network (best val seed),8x256,physics,per stratum,cross-magnet,all,backward,1205,5175.346389,1832.4885053467065,72162.65163634882,757.0444182205875,60354.80555986053
network (best val seed),8x256,physics,per stratum,cross-magnet,1-5 GeV,all,1034,5174.7871589999995,8276.857334420356,139988.11004445827,2684.0270450036596,105474.90871384882
network (best val seed),8x256,physics,per stratum,cross-magnet,1-5 GeV,forward,517,5174.7871589999995,9107.284129429103,120266.17466927727,2578.7863911040176,86876.80269145984
network (best val seed),8x256,physics,per stratum,cross-magnet,1-5 GeV,backward,517,5174.7871589999995,7102.696580272664,152734.42677091202,2799.2807690720556,136858.8504433729
network (best val seed),8x256,physics,per stratum,cross-magnet,5-20 GeV,all,1074,5175.753925000001,1142.7723886377166,7543.364015464692,458.9702412914853,3915.013594152
network (best val seed),8x256,physics,per stratum,cross-magnet,5-20 GeV,forward,537,5175.753925000001,1440.6906217504911,7591.4932021739105,436.295908913479,3432.7349735446655
network (best val seed),8x256,physics,per stratum,cross-magnet,5-20 GeV,backward,537,5175.753925000001,958.1861266515546,7398.993376163037,475.93160508983703,4459.211547010841
network (best val seed),8x256,physics,per stratum,cross-magnet,20-200 GeV,all,302,5177.237445999999,514.3417519833449,3295.123335780684,322.1497055540823,2940.213335869736
network (best val seed),8x256,physics,per stratum,cross-magnet,20-200 GeV,forward,151,5177.237445999999,604.1929894405769,3888.256772569953,360.1988245569032,3557.074222287014
network (best val seed),8x256,physics,per stratum,cross-magnet,20-200 GeV,backward,151,5177.237445999999,404.5531056161167,2337.842909252494,270.23027178067593,2382.6481918300606
network (best val seed),8x256,data,per stratum,all,all,all,13228,70.22465149999971,23.646549825173224,11340.10961083966,4.402479374789436,8606.329407546336
network (best val seed),8x256,data,per stratum,all,all,forward,6669,70.2286009999998,27.773049566349073,13445.456323544848,4.336947681849779,9690.823878446176
network (best val seed),8x256,data,per stratum,all,all,backward,6559,70.22270000000026,20.259877087539735,8701.816460794766,4.454412304312427,7753.543623675622
network (best val seed),8x256,data,per stratum,all,1-5 GeV,all,6526,70.21979974999931,47.46452502049703,32136.49599905591,12.224291403299503,26856.160322605574
network (best val seed),8x256,data,per stratum,all,1-5 GeV,forward,3310,70.2234492499997,56.36029904859086,31239.87415412242,12.431811378348812,24538.340867924177
network (best val seed),8x256,data,per stratum,all,1-5 GeV,backward,3216,70.21649950000028,39.096728160416205,33439.99875532667,11.651140498040391,31002.473773470752
network (best val seed),8x256,data,per stratum,all,5-20 GeV,all,5212,140.07619949999935,12.19282113784459,3952.949685212215,2.31362555848591,2877.9099641155262
network (best val seed),8x256,data,per stratum,all,5-20 GeV,forward,2606,140.02239974999975,14.393877531318822,4582.421993703108,2.2138564526237303,3040.005818533089
network (best val seed),8x256,data,per stratum,all,5-20 GeV,backward,2606,203.6929999999993,10.400375724042732,3387.979960287517,2.3869729621033287,2826.294199520937
network (best val seed),8x256,data,per stratum,all,20-200 GeV,all,1490,70.21095024999977,3.031597498136307,966.0191518173481,0.25298575215515484,889.8688737423038
network (best val seed),8x256,data,per stratum,all,20-200 GeV,forward,753,139.99350049999885,3.4700873972894897,1024.1194468987655,0.37101501085601285,853.6456167488325
network (best val seed),8x256,data,per stratum,all,20-200 GeV,backward,737,70.2077999999965,2.660108050054788,933.0691771561393,0.14056082183344643,930.6047164566157
network (best val seed),8x256,data,per stratum,0.05-2 mm,all,all,436,0.6499827500010724,0.1093778242307053,0.9453926657272405,5.5823250022513093e-05,0.0028682944162028434
network (best val seed),8x256,data,per stratum,0.05-2 mm,all,forward,218,0.6499827500010724,0.11449840326349658,1.006611304336497,5.7402786524107796e-05,0.0028785164943201367
network (best val seed),8x256,data,per stratum,0.05-2 mm,all,backward,218,0.6499827500010724,0.10530181738488409,0.8750247606897686,5.507988021236088e-05,0.0018717106456733479
network (best val seed),8x256,data,per stratum,0.05-2 mm,1-5 GeV,all,248,0.6499792499998875,0.18685284555886028,1.2050695655489108,0.0001930919211190485,0.0039048273947628327
network (best val seed),8x256,data,per stratum,0.05-2 mm,1-5 GeV,forward,124,0.6499792499998875,0.222982791854065,1.2017064575502445,0.00018959468661705614,0.003864641303152893
network (best val seed),8x256,data,per stratum,0.05-2 mm,1-5 GeV,backward,124,0.6499792499998875,0.16442272048067252,1.19567018160751,0.00020365951058920473,0.00388957239465526
network (best val seed),8x256,data,per stratum,0.05-2 mm,5-20 GeV,all,142,0.6499850000000151,0.0846590311169848,0.2466302513242979,1.3529628972719365e-05,0.00010075383585217423
network (best val seed),8x256,data,per stratum,0.05-2 mm,5-20 GeV,forward,71,0.6499850000000151,0.07862888841714266,0.2293238658470642,1.3716373814531835e-05,9.789322152897739e-05
network (best val seed),8x256,data,per stratum,0.05-2 mm,5-20 GeV,backward,71,0.6499850000000151,0.09020473635246162,0.31686242598993886,1.1458723747637123e-05,0.00010064881905691436
network (best val seed),8x256,data,per stratum,0.05-2 mm,20-200 GeV,all,46,0.6499925000007352,0.05800552926427116,0.12500869942222437,1.96239113847696e-06,1.3852961444626999e-05
network (best val seed),8x256,data,per stratum,0.05-2 mm,20-200 GeV,forward,23,0.6499925000007352,0.05570390260345448,0.13017282774185895,2.23710117097653e-06,1.4524343328048412e-05
network (best val seed),8x256,data,per stratum,0.05-2 mm,20-200 GeV,backward,23,0.6499925000007352,0.07111489117050951,0.09798351995300435,1.9421690922172274e-06,9.7468387139088e-06
network (best val seed),8x256,data,per stratum,2-20 mm,all,all,382,6.3070000000006985,0.5772646915147561,6.073785540478127,0.0029514019885823473,0.1337837106248684
network (best val seed),8x256,data,per stratum,2-20 mm,all,forward,191,6.3070000000006985,0.6654981212523281,5.9301572922692,0.0028536028366943356,0.1313276553176479
network (best val seed),8x256,data,per stratum,2-20 mm,all,backward,191,6.3070000000006985,0.4771847696929399,6.442146733029563,0.0029602349087554103,0.13037270450411143
network (best val seed),8x256,data,per stratum,2-20 mm,1-5 GeV,all,160,6.3070000000006985,1.7998049039533726,10.121331782946175,0.018889667948940314,0.19059630942752645
network (best val seed),8x256,data,per stratum,2-20 mm,1-5 GeV,forward,80,6.3070000000006985,1.7481199036453177,9.748069018394288,0.015608423026947094,0.194391846544839
network (best val seed),8x256,data,per stratum,2-20 mm,1-5 GeV,backward,80,6.3070000000006985,2.0247313406045464,11.047151216803282,0.02039505233875083,0.17656207712946065
network (best val seed),8x256,data,per stratum,2-20 mm,5-20 GeV,all,156,6.3070000000006985,0.4937081300122603,1.7046112373790834,0.001273253333877733,0.018625044280184966
network (best val seed),8x256,data,per stratum,2-20 mm,5-20 GeV,forward,78,6.3070000000006985,0.5628815010609856,1.693110090049287,0.0013637192939341958,0.018852183207940226
network (best val seed),8x256,data,per stratum,2-20 mm,5-20 GeV,backward,78,6.3070000000006985,0.4557898951986772,1.598971554688686,0.0011299391644570278,0.015183873277232992
network (best val seed),8x256,data,per stratum,2-20 mm,20-200 GeV,all,66,6.3070000000006985,0.1517740816883162,0.37773709625657514,0.0003319555936798224,0.0006779096892728376
network (best val seed),8x256,data,per stratum,2-20 mm,20-200 GeV,forward,33,6.3070000000006985,0.13640322432451057,0.34049074033899446,0.00035296164391240836,0.0006438744502901271
network (best val seed),8x256,data,per stratum,2-20 mm,20-200 GeV,backward,33,6.3070000000006985,0.15261435747504493,0.4123542851248273,0.00019955679775307544,0.0006829107178418781
network (best val seed),8x256,data,per stratum,20-200 mm,all,all,6000,69.804950499999,7.932583489377976,61.438653755097064,0.49994114573337356,13.847880858674015
network (best val seed),8x256,data,per stratum,20-200 mm,all,forward,3011,69.80459999999948,9.323905743599425,70.08773615555697,0.4147414122144255,13.188846781872599
network (best val seed),8x256,data,per stratum,20-200 mm,all,backward,2989,69.80529999999999,6.617745479587711,52.91683571315388,0.6312368639100896,14.991506715699641
network (best val seed),8x256,data,per stratum,20-200 mm,1-5 GeV,all,3042,69.80709999999999,18.2273505594992,84.2403344140578,1.8840816796341642,25.291597327714747
network (best val seed),8x256,data,per stratum,20-200 mm,1-5 GeV,forward,1532,69.80653799999982,21.69082395008104,97.35538428569728,1.5387188498152682,23.42327583034495
network (best val seed),8x256,data,per stratum,20-200 mm,1-5 GeV,backward,1510,69.80770074999964,15.204490818987892,69.48814108857276,2.279238389434113,26.43837938479798
network (best val seed),8x256,data,per stratum,20-200 mm,5-20 GeV,all,2309,69.80490049999935,4.731303848274138,17.735395617967235,0.16182535290454325,1.9340281449217356
network (best val seed),8x256,data,per stratum,20-200 mm,5-20 GeV,forward,1156,69.80415000000085,5.4075981142460705,18.943495599287985,0.13508385392668742,1.5532526022479232
network (best val seed),8x256,data,per stratum,20-200 mm,5-20 GeV,backward,1153,69.80549999999857,3.9255195114265007,14.726711472758314,0.202181229639109,2.2404438764397083
network (best val seed),8x256,data,per stratum,20-200 mm,20-200 GeV,all,649,69.8020000000015,1.1700103277050289,4.768162636970175,0.034383906182711144,0.1594147181279485
network (best val seed),8x256,data,per stratum,20-200 mm,20-200 GeV,forward,323,69.80189999999857,1.35636361392244,5.400696332715426,0.04425789029482985,0.2086960930334668
network (best val seed),8x256,data,per stratum,20-200 mm,20-200 GeV,backward,326,69.80249950000007,1.030439901256841,3.814169460028438,0.030984325292138237,0.11196930295653829
network (best val seed),8x256,data,per stratum,200-2000 mm,all,all,4000,472.2208000000005,70.17185729365849,831.166597210866,25.679611230636112,650.342505496331
network (best val seed),8x256,data,per stratum,200-2000 mm,all,forward,2044,472.2166499999994,78.23508317470385,901.2686856945206,25.179105920486222,791.5504812134698
network (best val seed),8x256,data,per stratum,200-2000 mm,all,backward,1956,472.2224995000006,62.056061777205684,694.1931012812512,25.942983604295478,581.9767358610407
network (best val seed),8x256,data,per stratum,200-2000 mm,1-5 GeV,all,2042,472.2235007499994,172.06617320630357,1297.562331786605,87.10490194744125,1107.1706811350157
network (best val seed),8x256,data,per stratum,200-2000 mm,1-5 GeV,forward,1057,472.19920699999966,184.8459938103133,1444.7161121834588,91.34698753848625,1222.3511577757554
network (best val seed),8x256,data,per stratum,200-2000 mm,1-5 GeV,backward,985,472.238799499999,155.65338390752004,1075.8063560066826,79.68747861482939,915.9146805072619
network (best val seed),8x256,data,per stratum,200-2000 mm,5-20 GeV,all,1531,472.22849999999926,35.3002483217324,178.85117591035282,10.59919728135128,109.56478388652613
network (best val seed),8x256,data,per stratum,200-2000 mm,5-20 GeV,forward,764,472.23500099999956,39.49905794289066,188.29451006286254,9.50699842188385,120.5575368382569
network (best val seed),8x256,data,per stratum,200-2000 mm,5-20 GeV,backward,767,472.22249900000133,31.746707916227024,156.14051550230087,12.320209977076502,98.46685069605867
network (best val seed),8x256,data,per stratum,200-2000 mm,20-200 GeV,all,427,472.1847999999991,7.38582811869648,36.584613369551604,2.276759931532979,10.667964563668873
network (best val seed),8x256,data,per stratum,200-2000 mm,20-200 GeV,forward,223,472.1836999999996,7.743616177705803,44.12057886972694,2.2938749369814104,7.786595824045149
network (best val seed),8x256,data,per stratum,200-2000 mm,20-200 GeV,backward,204,472.1850502499992,6.666457606350207,34.343782074815,2.117070860123249,15.073865563381608
network (best val seed),8x256,data,per stratum,cross-magnet,all,all,2410,5175.346389,3693.712810489366,131678.0278903964,2644.298396756426,111042.72773634047
network (best val seed),8x256,data,per stratum,cross-magnet,all,forward,1205,5175.346389,4632.1738582620355,99645.01098791511,2587.5982072924444,80063.25387720203
network (best val seed),8x256,data,per stratum,cross-magnet,all,backward,1205,5175.346389,3259.975191467902,175066.15613030107,2696.6908126554754,166719.92699632054
network (best val seed),8x256,data,per stratum,cross-magnet,1-5 GeV,all,1034,5174.7871589999995,16162.426519279848,258013.39307122977,11340.11202081004,225335.11065261322
network (best val seed),8x256,data,per stratum,cross-magnet,1-5 GeV,forward,517,5174.7871589999995,18304.52736445483,161451.60546885364,12114.328245406796,136443.05879300245
network (best val seed),8x256,data,per stratum,cross-magnet,1-5 GeV,backward,517,5174.7871589999995,12056.468673541729,368266.531152955,9971.820591941721,354223.1484686594
network (best val seed),8x256,data,per stratum,cross-magnet,5-20 GeV,all,1074,5175.753925000001,1972.1707783065058,12055.416318461926,1373.1057661838468,10931.421037202288
network (best val seed),8x256,data,per stratum,cross-magnet,5-20 GeV,forward,537,5175.753925000001,2229.062775966412,12218.054345156717,1346.4053904209409,11598.458239870943
network (best val seed),8x256,data,per stratum,cross-magnet,5-20 GeV,backward,537,5175.753925000001,1844.3475426861653,11316.091860371123,1429.57310350939,9830.32404708254
network (best val seed),8x256,data,per stratum,cross-magnet,20-200 GeV,all,302,5177.237445999999,581.2944816759789,2697.500260629673,581.5982597198346,2350.5915708490575
network (best val seed),8x256,data,per stratum,cross-magnet,20-200 GeV,forward,151,5177.237445999999,649.1105091432701,2545.991416201943,563.3208245573655,1974.4564659874977
network (best val seed),8x256,data,per stratum,cross-magnet,20-200 GeV,backward,151,5177.237445999999,536.7568728352126,2720.543213927165,591.9549747691377,2601.669422006183
