N,q,plane,z_mm,med_um,p95_um,tx_med_mrad
2,2,0,2648.2,0.0,0.0,0.0
2,2,1,5237.1,4797.420579544397,16552.654881869155,1.8677798136740587
2,2,2,7826.0,9249.998624454209,39346.58250475706,2.177687251747183
2,4,0,2648.2,0.0,0.0,0.0
2,4,1,5237.1,96.00857111867835,756.4432419829785,0.038183187115369
2,4,2,7826.0,283.81794083164095,2011.4533666394227,0.08040983754148412
2,8,0,2648.2,0.0,0.0,0.0
2,8,1,5237.1,65.35495325118734,431.34433032684944,0.027424451416097062
2,8,2,7826.0,188.1411881912138,1427.6755307126282,0.042997884042259016
2,16,0,2648.2,0.0,0.0,0.0
2,16,1,5237.1,75.73425185439963,575.3774819555124,0.024676302177804865
2,16,2,7826.0,223.6481025740179,1682.8462575563208,0.03318204456845275
64,2,0,2648.2,0.0,0.0,0.0
64,2,1,2729.1031249999996,0.30453654326362994,1.515406936994747,0.0019645057199972615
64,2,2,2810.00625,0.6652223543891989,3.5263591596867823,0.0036086392151638697
64,2,3,2890.9093749999997,1.0940747550063603,6.3429675308577975,0.005204636184402006
64,2,4,2971.8125,1.6323635599460378,10.164105361407634,0.006762991691899173
64,2,5,3052.715625,2.3978402641512466,15.309001103430065,0.008215565118269673
64,2,6,3133.6187499999996,3.3200273045806323,20.870887505609517,0.009652327061097574
64,2,7,3214.521875,4.4330501948965635,27.27346124067137,0.010945051464613872
64,2,8,3295.4249999999997,5.721285883384147,33.90150754604294,0.01230400950185534
64,2,9,3376.328125,7.008526120046317,40.701796535770534,0.0134431991609665
64,2,10,3457.23125,8.473942285205101,49.70172973725198,0.014739311248162384
64,2,11,3538.1343749999996,9.965628002749106,58.336646710569624,0.01598675353250631
64,2,12,3619.0375,11.71421902681019,68.24383599999216,0.017138970876755602
64,2,13,3699.940625,13.516237201235102,77.88497217350647,0.018383292711262635
64,2,14,3780.84375,15.341283095382348,88.64410759056018,0.019441588071559147
64,2,15,3861.746875,16.86079874375349,100.34468396047487,0.01985940712217419
64,2,16,3942.6499999999996,18.8308941430489,111.13850422408454,0.02042021271451153
64,2,17,4023.553125,20.909813587438606,122.0895328402821,0.021233414454247673
64,2,18,4104.45625,22.74713068278735,134.62545854188107,0.021647536995556167
64,2,19,4185.359375,24.653728109007922,146.98845432219616,0.022418413540509306
64,2,20,4266.2625,26.64155428842456,157.41992803475674,0.022749330236245327
64,2,21,4347.165625,29.191867892418568,170.99389451633894,0.023247732761404183
64,2,22,4428.06875,31.760134083988817,184.16579063645946,0.023760739188131985
64,2,23,4508.971875,33.98234231626961,199.37906674969489,0.023996126551146385
64,2,24,4589.875,36.44996165279507,216.10166157765428,0.024086317758787584
64,2,25,4670.778125,38.91274748848178,233.7206879780464,0.025375546049357864
64,2,26,4751.68125,41.38547571765126,249.13227754214276,0.02628856338397767
64,2,27,4832.584375,44.16917575436311,266.5376892688857,0.026816909115108534
64,2,28,4913.487499999999,46.944766782608795,280.02324022787195,0.02782940646669195
64,2,29,4994.390625,49.44584352624365,295.9508831266839,0.028317809279886086
64,2,30,5075.29375,52.07490109282158,314.60056751525605,0.028589487028739258
64,2,31,5156.196875,54.74366727352233,338.11898733526584,0.029074578916613025
64,2,32,5237.1,57.19457772447484,355.1079398470311,0.029247319987522197
64,2,33,5318.003124999999,59.9602898378611,375.46282062739505,0.029111773213656798
64,2,34,5398.90625,62.76024735037804,400.3639914645775,0.029404360692575
64,2,35,5479.809375,66.31962719854647,418.1581919307664,0.02983221234770239
64,2,36,5560.7125,69.6422799843011,442.59270056216866,0.030530827222971513
64,2,37,5641.615625,72.80086655251773,461.36522794449,0.03025153183771126
64,2,38,5722.518749999999,76.24575778870233,482.03967969754945,0.030833069903212634
64,2,39,5803.421875,79.67103395826871,502.84948677929566,0.03150770399967459
64,2,40,5884.325,83.38682442348573,526.431719954376,0.03189343114651591
64,2,41,5965.228125,86.49777119533363,554.4926524810649,0.03236034330392906
64,2,42,6046.13125,90.06155828654121,578.2341863138066,0.0323513921867552
64,2,43,6127.034374999999,93.78604399956464,601.1867877785731,0.03313734062265977
64,2,44,6207.9375,97.520598010072,625.0931247292987,0.033862189943896503
64,2,45,6288.840625,101.31869520118374,641.8475935781323,0.03421568180184131
64,2,46,6369.74375,104.20679466449985,663.652107234677,0.03445984362640889
64,2,47,6450.646875,107.24202797850711,686.4968769978927,0.0348869805209609
64,2,48,6531.55,110.30577155575554,715.2071565673235,0.03507932558375129
64,2,49,6612.453125,113.65134881313261,746.6758811833577,0.035457168635854436
64,2,50,6693.35625,117.2445593005032,765.5164443730388,0.03564925696464272
64,2,51,6774.259375,120.73489929011447,790.4907060294053,0.0359787321562513
64,2,52,6855.1625,124.86601108077649,814.9267790369568,0.03589534589634735
64,2,53,6936.065625,128.7799387997857,842.4023658147873,0.03583946934580112
64,2,54,7016.96875,132.3577008048747,861.6234455997712,0.03587621555212195
64,2,55,7097.871875,135.3504951783583,885.6103728924054,0.03650079676323359
64,2,56,7178.775,138.61818230011636,929.2686946743263,0.03709074783610211
64,2,57,7259.678125,141.9715333131469,960.506047898439,0.037758588750427466
64,2,58,7340.58125,146.00405123174983,985.939546431371,0.03835713115913145
64,2,59,7421.484375,149.5782433325551,1016.8547876758931,0.039582252143816055
64,2,60,7502.3875,152.97855869101147,1043.1596010222136,0.04122017602998379
64,2,61,7583.290625,156.06677542321188,1062.7297857262577,0.04155352520210029
64,2,62,7664.19375,159.35122374420007,1103.2048710888366,0.042225403497103686
64,2,63,7745.096875,162.48201762453985,1128.4372949961826,0.042224754467037884
64,2,64,7826.0,166.25818774640442,1153.9236640084143,0.04328133128464473
64,4,0,2648.2,0.0,0.0,0.0
64,4,1,2729.1031249999996,0.33521813810681156,2.1932156750421923,0.0017117932200778896
64,4,2,2810.00625,0.6777755350414201,4.929859607995868,0.0031247481908234435
64,4,3,2890.9093749999997,1.1572583305525093,8.368358723888464,0.004465788977663088
64,4,4,2971.8125,1.7539542292639763,11.967184999788454,0.005409197136926197
64,4,5,3052.715625,2.4047844766116375,15.737103068977664,0.006307619228567395
64,4,6,3133.6187499999996,3.2072837544557977,21.0854562140544,0.007280328691343049
64,4,7,3214.521875,4.091958827882648,26.456064300104607,0.00854350674238738
64,4,8,3295.4249999999997,5.01434817470625,33.647465137512036,0.009956538669192785
64,4,9,3376.328125,6.056376470466185,39.81391397010974,0.011226378538399225
64,4,10,3457.23125,7.100874794760879,47.70854381576335,0.012765546738410124
64,4,11,3538.1343749999996,8.123905152556063,56.17369562405234,0.013764678232169522
64,4,12,3619.0375,9.440054944723023,64.88507837126846,0.015247588260191777
64,4,13,3699.940625,10.643411827890978,74.09155600868111,0.01642950323214095
64,4,14,3780.84375,11.983837127203046,81.26088138952387,0.017411955503740313
64,4,15,3861.746875,13.607699892797065,86.98583871913154,0.018231284170063845
64,4,16,3942.6499999999996,15.402575198644264,93.861287004639,0.018656746983411465
64,4,17,4023.553125,17.287065989655396,101.62752146844062,0.019727069776193703
64,4,18,4104.45625,19.194219901837414,112.1776259085497,0.020796495847304197
64,4,19,4185.359375,21.425467933722974,125.07279221394961,0.020999390577381913
64,4,20,4266.2625,23.54830266768747,136.7254827308412,0.021810732343001925
64,4,21,4347.165625,26.081445998706855,147.80307311153015,0.02285216780234002
64,4,22,4428.06875,28.12206228517628,163.27912134712514,0.023479646361873607
64,4,23,4508.971875,30.808951594254047,177.9546611239644,0.023872430059215105
64,4,24,4589.875,33.20331589469947,196.15816194059843,0.024418577020464405
64,4,25,4670.778125,35.42378665166703,213.35085497491272,0.02504234117061896
64,4,26,4751.68125,38.086167133694445,230.80681101647278,0.02541642971263733
64,4,27,4832.584375,40.64490143363889,245.5543037547524,0.025938610953374353
64,4,28,4913.487499999999,43.165833194139694,260.3830736235207,0.026774235133520535
64,4,29,4994.390625,45.70150461469071,285.1729891931575,0.0271650409949184
64,4,30,5075.29375,48.755074798561225,306.4910289193647,0.02727600744492631
64,4,31,5156.196875,51.426311733690554,326.00307654847,0.02768468302827634
64,4,32,5237.1,54.58532924062982,346.54492152757774,0.02824841573669662
64,4,33,5318.003124999999,57.52621534160994,365.9977139176554,0.02864262875456377
64,4,34,5398.90625,60.66665515001489,382.02482419812543,0.029544595681767205
64,4,35,5479.809375,64.12631191357906,408.4148898688543,0.029688442210032417
64,4,36,5560.7125,66.77993422285272,426.6910386794459,0.029871982864158875
64,4,37,5641.615625,70.40118329846004,446.9219672979938,0.030563570348279834
64,4,38,5722.518749999999,73.22139668889405,467.3682794909443,0.0309564992921757
64,4,39,5803.421875,75.9656858582952,487.3653696952703,0.03162005829573239
64,4,40,5884.325,79.45273071628067,509.6519466263307,0.032320415234723954
64,4,41,5965.228125,82.8972698316565,527.7870299161315,0.03245019057548926
64,4,42,6046.13125,86.28459545667047,549.0815364119514,0.03290877733864994
64,4,43,6127.034374999999,89.97047280281132,569.1918518037012,0.03352338267048269
64,4,44,6207.9375,93.10251728927105,586.5311122002535,0.03489592027759725
64,4,45,6288.840625,96.46558982293364,603.8109223674991,0.03576636001428272
64,4,46,6369.74375,99.7812840888372,625.4133278729734,0.03670392810670858
64,4,47,6450.646875,103.5415101836681,648.1819626235005,0.037209393618078956
64,4,48,6531.55,107.02915140413351,673.4418050455243,0.037665006502534716
64,4,49,6612.453125,110.34066634447844,694.4322666226725,0.03843993993932204
64,4,50,6693.35625,114.62715754447179,719.0095023394049,0.038960597937669206
64,4,51,6774.259375,118.26370555564995,742.470785193608,0.03943646432533199
64,4,52,6855.1625,122.15838521361867,767.7547494644188,0.04058144624849436
64,4,53,6936.065625,125.86847552000735,789.3406993936908,0.041643374486512175
64,4,54,7016.96875,130.23418531588408,816.2693838454703,0.04149098636426103
64,4,55,7097.871875,133.88729676877927,841.0592972826893,0.04237281536548232
64,4,56,7178.775,137.71863277819185,867.0979771820146,0.042988463509976704
64,4,57,7259.678125,141.0418322881121,892.9061553299176,0.043587349881045456
64,4,58,7340.58125,144.88793962397182,915.0296700235428,0.04455462622369316
64,4,59,7421.484375,148.91750978179016,940.9486551649994,0.04517381482359306
64,4,60,7502.3875,153.22213024570465,968.5320749656777,0.04602094565821224
64,4,61,7583.290625,158.50239338685725,987.6080024652441,0.04632783319706915
64,4,62,7664.19375,162.0190919523356,1009.7802046286622,0.04701337318316692
64,4,63,7745.096875,167.39448754640222,1030.1005575933762,0.04704765682418677
64,4,64,7826.0,172.3702920150361,1050.7354638813756,0.04740095145320394
64,8,0,2648.2,0.0,0.0,0.0
64,8,1,2729.1031249999996,0.8774356592624714,2.878193159382856,0.00257377115209928
64,8,2,2810.00625,1.831158345011659,6.2335349733718175,0.00493500537742525
64,8,3,2890.9093749999997,2.786794073246184,10.658441434114888,0.006912041497343299
64,8,4,2971.8125,3.872953908356881,15.53951537257671,0.008809800273019107
64,8,5,3052.715625,5.06832379392345,21.576355021057104,0.010696884622371212
64,8,6,3133.6187499999996,6.312200536408831,27.44472405188187,0.012242714571696067
64,8,7,3214.521875,7.828688550548601,34.28742120423878,0.013596664914678272
64,8,8,3295.4249999999997,9.489122823751995,41.423966122203524,0.014698135044862934
64,8,9,3376.328125,11.344564316322261,49.558681998713126,0.01577297143657945
64,8,10,3457.23125,13.11034902480127,56.860057755439975,0.01668381789580748
64,8,11,3538.1343749999996,14.850797233990757,65.8913242503383,0.017168692800377527
64,8,12,3619.0375,16.968258183134928,75.6274879579302,0.0178729820545908
64,8,13,3699.940625,19.15709594301179,86.5682106093013,0.018564456949945324
64,8,14,3780.84375,21.047122428327405,100.68861209368445,0.01895609376074449
64,8,15,3861.746875,23.105079918817992,113.30151130215471,0.019921162726252613
64,8,16,3942.6499999999996,24.906313451593885,127.07232359666021,0.02073055088447004
64,8,17,4023.553125,26.627857158365494,143.31165129599827,0.021797740308663813
64,8,18,4104.45625,28.844832224052,160.4384511464741,0.022311254362111788
64,8,19,4185.359375,30.81778206415486,175.0089955269524,0.02354281027317981
64,8,20,4266.2625,33.39596301761,192.5917807229668,0.02482028581591439
64,8,21,4347.165625,35.737094361466106,210.11198554494146,0.02564768309475801
64,8,22,4428.06875,38.22813729306475,227.29882098072113,0.02613004791211966
64,8,23,4508.971875,41.542414335710205,241.3245667835109,0.026788161219384876
64,8,24,4589.875,44.24232161315459,254.68869379245763,0.028071561284073916
64,8,25,4670.778125,47.0036763054846,269.1579920659334,0.0292873453161778
64,8,26,4751.68125,50.17992949546941,283.54600327222784,0.030525159222485887
64,8,27,4832.584375,53.00888812311055,295.4066738235694,0.031520968175741126
64,8,28,4913.487499999999,56.05746314710275,311.4697303536309,0.03250159070370545
64,8,29,4994.390625,59.3191072290133,329.67207469446583,0.033574444883204685
64,8,30,5075.29375,63.09148921485878,346.67390679682893,0.03493278130668048
64,8,31,5156.196875,67.01647351769734,365.01785770444775,0.036359489278547714
64,8,32,5237.1,70.30134905757512,385.2108220609759,0.037090398190428586
64,8,33,5318.003124999999,73.88072095549259,408.7203146320666,0.0377848363862978
64,8,34,5398.90625,77.41940274094073,428.32720406436096,0.038639246141046815
64,8,35,5479.809375,80.55479098882388,449.4184191154952,0.038954057144678644
64,8,36,5560.7125,83.4654461183122,470.53388290002687,0.039924048005346435
64,8,37,5641.615625,87.67432025758666,493.2475644475888,0.040378532482794605
64,8,38,5722.518749999999,90.46393732465162,513.8131047184906,0.04110828381684957
64,8,39,5803.421875,94.18645911367676,535.4953682303897,0.04165989691002486
64,8,40,5884.325,97.28836392122687,563.155928375928,0.04268618480597619
64,8,41,5965.228125,100.89369145147236,584.0080367799762,0.04321707608871336
64,8,42,6046.13125,104.63439109256052,603.025848370306,0.04389764473501645
64,8,43,6127.034374999999,108.6269223937663,627.0341514039907,0.04415660856149292
64,8,44,6207.9375,112.41338257799006,648.7748412503981,0.04525736805993663
64,8,45,6288.840625,116.85353397253539,672.3078921259394,0.046701497225368205
64,8,46,6369.74375,121.59149913125694,700.3442804793548,0.04776325036701112
64,8,47,6450.646875,125.5716182298048,718.7424266248818,0.04900745965804795
64,8,48,6531.55,129.61736409421545,742.1114893871134,0.04917633689999201
64,8,49,6612.453125,133.74953962130903,766.8790885355979,0.049285667080636864
64,8,50,6693.35625,138.4990820251694,791.9805143479477,0.04934252942239564
64,8,51,6774.259375,143.39613037360203,819.3394192599915,0.05011933783354017
64,8,52,6855.1625,147.60317248173988,860.2880792781281,0.04993862357301204
64,8,53,6936.065625,152.1244116119467,889.9366553555766,0.05038609429747036
64,8,54,7016.96875,156.43974025307372,920.9090866695079,0.05038732845834282
64,8,55,7097.871875,161.57978718600754,949.5378167406003,0.05056307488968126
64,8,56,7178.775,166.47791478143935,967.3136523847901,0.050528662303275795
64,8,57,7259.678125,170.11177719125936,989.9976099509221,0.050471385909967026
64,8,58,7340.58125,174.32842310331364,1024.696102879972,0.05051971217573392
64,8,59,7421.484375,179.4329261399667,1057.8251320273869,0.05084595245417878
64,8,60,7502.3875,182.98077600860842,1097.7119218643077,0.0516894508836227
64,8,61,7583.290625,188.89736847729458,1127.9484620993496,0.05115963054440342
64,8,62,7664.19375,193.40433967172532,1165.7910498931399,0.05162764196102454
64,8,63,7745.096875,198.52298688418347,1208.2651839114305,0.05274485511180815
64,8,64,7826.0,204.15216972682416,1248.7233471880054,0.051890719136540864
64,16,0,2648.2,0.0,0.0,0.0
64,16,1,2729.1031249999996,0.76228815157279,5.324144132796776,0.001995833741941233
64,16,2,2810.00625,1.6451336815447983,11.273241974488302,0.0038285926687552096
64,16,3,2890.9093749999997,2.6712657274487714,17.96420332689282,0.005643867971399236
64,16,4,2971.8125,3.8010777513772416,25.31509634692176,0.007222078465894677
64,16,5,3052.715625,5.0915213615997965,33.8501542902216,0.008895700585238343
64,16,6,3133.6187499999996,6.55902988229521,42.855965345628036,0.010130700534563206
64,16,7,3214.521875,8.198854590623334,51.867163606764,0.011494477262228783
64,16,8,3295.4249999999997,9.915232609584148,63.62484873254798,0.013021615404256413
64,16,9,3376.328125,11.935173660933582,74.10197008881525,0.014699400360779213
64,16,10,3457.23125,14.152072295583856,85.31712515127717,0.0162131833501937
64,16,11,3538.1343749999996,16.49852379164676,97.96805990896067,0.01769308874085586
64,16,12,3619.0375,18.62940090417319,110.25488652755996,0.018813735743632154
64,16,13,3699.940625,21.025725161019867,121.52484461048878,0.020259819571922383
64,16,14,3780.84375,23.44521526587218,133.4880994942928,0.02125132820048406
64,16,15,3861.746875,26.185464876536134,148.52806878899,0.02236746663637594
64,16,16,3942.6499999999996,28.65136912609392,162.2836931888125,0.02278309924294347
64,16,17,4023.553125,31.402474182106435,175.59883032386554,0.0234200159330393
64,16,18,4104.45625,34.349216798625164,187.33621527964888,0.023924388347163275
64,16,19,4185.359375,37.21723263862859,199.96252888513388,0.024617347907724546
64,16,20,4266.2625,39.846347913160585,206.76316971251413,0.025234407428978423
64,16,21,4347.165625,42.76313770882484,224.24611891832348,0.025824703681901623
64,16,22,4428.06875,45.436282283919994,237.07653882778507,0.026191799327781977
64,16,23,4508.971875,48.53936717291724,252.92575180971352,0.0265222683663649
64,16,24,4589.875,51.839614837972206,272.10942953504593,0.02670173275344436
64,16,25,4670.778125,55.40270671751716,289.9925423126243,0.026642935022278685
64,16,26,4751.68125,58.32324407620916,304.6379125759802,0.02699164067485743
64,16,27,4832.584375,61.4302531399822,315.54235360819786,0.027005106993639727
64,16,28,4913.487499999999,64.53120775922822,336.6876447575235,0.02755089219586178
64,16,29,4994.390625,67.71228711401855,354.0979067205215,0.027724118642658002
64,16,30,5075.29375,70.52016631304178,373.2759755348675,0.0276177857242918
64,16,31,5156.196875,73.37216429839526,390.32741056445207,0.028092978764139576
64,16,32,5237.1,75.85006230753902,408.5113674121509,0.028118750317777247
64,16,33,5318.003124999999,79.07799406452207,426.6528966233942,0.028497635796397025
64,16,34,5398.90625,81.9337918322442,440.22017301330544,0.029134910149004878
64,16,35,5479.809375,84.93921334622723,456.82837771292753,0.02977428989793529
64,16,36,5560.7125,88.54355268396469,472.10029830361697,0.03033798067447746
64,16,37,5641.615625,92.00689619671381,488.5068587381946,0.031097636802375483
64,16,38,5722.518749999999,95.68513457060604,504.87123963909534,0.03210790702039279
64,16,39,5803.421875,99.29217613976583,521.9262362694825,0.03256788870854496
64,16,40,5884.325,103.62658498426201,547.0518629208008,0.03303235007350025
64,16,41,5965.228125,107.12368269112949,569.859929214418,0.03294317530538882
64,16,42,6046.13125,109.7029066141892,595.5528990013605,0.0335047464882967
64,16,43,6127.034374999999,113.18457500677607,614.7950135661029,0.03361044272729222
64,16,44,6207.9375,116.94883326298367,631.0859716434567,0.03409863274203562
64,16,45,6288.840625,120.19536272576585,649.089369343684,0.03433289560130122
64,16,46,6369.74375,123.24072140482247,669.9896952214826,0.034785935221534614
64,16,47,6450.646875,127.10125916678899,690.6923085428446,0.035328083235537655
64,16,48,6531.55,131.28170873064215,707.3382300455289,0.03557857386339569
64,16,49,6612.453125,135.14299877009117,725.4944886313051,0.03580609053849618
64,16,50,6693.35625,139.36146691790077,748.5094343587202,0.03647863321359717
64,16,51,6774.259375,142.18951653014435,781.7031671718443,0.03693436991591276
64,16,52,6855.1625,145.16858719533084,803.8239726437968,0.03729820843887538
64,16,53,6936.065625,148.53332738990537,838.3387224392627,0.03834159651494584
64,16,54,7016.96875,152.41979706674363,869.4389215978309,0.03862431212441064
64,16,55,7097.871875,156.14339351729387,898.7896879744468,0.038461310111856384
64,16,56,7178.775,158.46370557672583,922.9027007153167,0.03912790851641479
64,16,57,7259.678125,162.63296407128036,961.2660008685652,0.04003261509953615
64,16,58,7340.58125,167.51560804094993,994.7843594103592,0.040994615913253485
64,16,59,7421.484375,171.6040062647515,1017.1453073705827,0.04169157565420134
64,16,60,7502.3875,175.91060509229447,1054.3664710880707,0.04179085536176741
64,16,61,7583.290625,180.38189375287897,1080.763868780599,0.04267917997750198
64,16,62,7664.19375,184.9388442022514,1123.0279647159875,0.04294206335818396
64,16,63,7745.096875,188.39788991111772,1167.0046692485867,0.043158497450925676
64,16,64,7826.0,194.15694877675736,1207.2404043504978,0.04288757605516724
128,2,0,2648.2,0.0,0.0,0.0
128,2,1,2688.6515624999997,0.08119646063215495,1.0000502092935422,0.00097848527958605
128,2,2,2729.1031249999996,0.19809604893671962,2.109599638933389,0.001948452688797786
128,2,3,2769.5546875,0.3450009189839939,3.3074631693503873,0.0028674760243222633
128,2,4,2810.00625,0.5213374742445145,4.822614256860674,0.003768472245883913
128,2,5,2850.4578125,0.7447760886105419,6.290853051726452,0.004679165299564388
128,2,6,2890.9093749999997,1.014997855137381,7.819990959215864,0.00547732295788834
128,2,7,2931.3609374999996,1.3425983809770499,9.400142582911071,0.006232324768058045
128,2,8,2971.8125,1.7002258556339678,11.209999675029746,0.006987443803591065
128,2,9,3012.2640625,2.103146476321516,13.004641434627281,0.007659035569098152
128,2,10,3052.715625,2.5581551536933667,15.47499945070357,0.00839306698886648
128,2,11,3093.1671874999997,3.0361506109592007,18.003692411035747,0.009189558546075435
128,2,12,3133.6187499999996,3.539965945261349,20.68696216785641,0.009917814774471762
128,2,13,3174.0703125,4.05431260511315,22.99805476158064,0.010642553357696413
128,2,14,3214.521875,4.658934533516745,25.795777077116966,0.010963129610173407
128,2,15,3254.9734375,5.308356478481018,28.937202306675267,0.01180363023692288
128,2,16,3295.4249999999997,6.000224689987274,32.12116263005223,0.012415286716305207
128,2,17,3335.8765624999996,6.713972291927562,34.66490281436233,0.013182032278321112
128,2,18,3376.328125,7.478353810675021,37.59184241893218,0.013833045020976084
128,2,19,3416.7796875,8.400183513220204,40.86230312503462,0.01461337851255259
128,2,20,3457.23125,9.35634328359531,44.653332385342615,0.015336509251809467
128,2,21,3497.6828124999997,10.298389948408097,47.963787698675276,0.015883691167015504
128,2,22,3538.1343749999996,11.342294010667128,51.7317774412268,0.01684193568928568
128,2,23,3578.5859375,12.401340711817767,56.002982242756616,0.017438034755956622
128,2,24,3619.0375,13.448637474588082,60.193552272854006,0.017841688602256156
128,2,25,3659.4890625,14.44331480465841,64.33356413111964,0.01849470640466304
128,2,26,3699.940625,15.514246866495489,69.32859525505819,0.01919725332448323
128,2,27,3740.3921874999996,16.628512151309124,74.15357280497288,0.01968557051619437
128,2,28,3780.84375,17.666557425324008,79.15388238192037,0.020709855264132784
128,2,29,3821.2953125,18.80508811089686,84.52387887513655,0.021121879691936296
128,2,30,3861.746875,20.148777933317568,90.13315467897615,0.02179445380205529
128,2,31,3902.1984375,21.25996474361476,95.97710242063751,0.02212509943801122
128,2,32,3942.6499999999996,22.326859802414546,100.83083198289843,0.022816878006967634
128,2,33,3983.1015625,23.497422222060656,104.3969788463475,0.02321436317806458
128,2,34,4023.553125,24.727250553154462,111.42843517182084,0.023883284227751295
128,2,35,4064.0046875,26.12907554294307,118.89521733935896,0.024167127642370917
128,2,36,4104.45625,27.45542261834281,125.85150576023081,0.02476138444239273
128,2,37,4144.9078125,28.673887971738402,131.18818244786902,0.024695110746481355
128,2,38,4185.359375,30.10967771489011,136.86996417535252,0.02523599447438519
128,2,39,4225.8109375,31.38215540345704,146.22828944501381,0.025819555921980167
128,2,40,4266.2625,32.68670459969299,157.07372375522127,0.026441056988455933
128,2,41,4306.7140625,33.83217216139706,162.2704588388417,0.02656577170776983
128,2,42,4347.165625,35.36453414198748,168.98317874803826,0.026518830022980583
128,2,43,4387.6171875,36.647335303524166,174.95275966098825,0.026676106585787722
128,2,44,4428.06875,38.41300116948692,185.27566058006332,0.0272558190758318
128,2,45,4468.5203125,39.9425175513571,192.0806063382334,0.027378619901267248
128,2,46,4508.971875,41.14218285142838,199.28744163111708,0.02862505626955933
128,2,47,4549.4234375,42.56277818157572,208.02731304479428,0.028867185722730726
128,2,48,4589.875,43.67739455381219,218.65233975088444,0.02896434078897281
128,2,49,4630.3265625,45.09271981253761,230.18063383454935,0.02947822241331638
128,2,50,4670.778125,46.73858883194724,238.88312727494977,0.029140208484441932
128,2,51,4711.229687499999,48.1531706391072,246.87479623210783,0.029206480433977694
128,2,52,4751.68125,49.58841864498671,254.60664821392606,0.02914570862984356
128,2,53,4792.1328125,50.801492246106015,261.9536584347811,0.0291361609712059
128,2,54,4832.584375,52.38162334504453,270.7621555357535,0.02930123627922776
128,2,55,4873.0359375,54.14401002955037,280.6903568908526,0.029311991462721565
128,2,56,4913.487499999999,55.526135407026,290.2727584321199,0.029806897956030122
128,2,57,4953.9390625,57.49632225159809,299.540157088241,0.029696524500036348
128,2,58,4994.390625,59.021784974160866,305.17414747469644,0.029776028990495355
128,2,59,5034.8421875,60.63340874619135,311.43246639648186,0.029651527831681037
128,2,60,5075.29375,62.13996346827058,321.7257936202814,0.02997124820800943
128,2,61,5115.745312499999,63.80259047252524,331.1722278387948,0.029941801979380817
128,2,62,5156.196875,65.38752971564517,341.58952272615977,0.03005196896741641
128,2,63,5196.6484375,66.88929929231176,351.68548214984764,0.029966396673131168
128,2,64,5237.1,68.60423759756485,363.2977401944239,0.030361236116990126
128,2,65,5277.5515625,70.54225768259052,375.8398541615933,0.030744986695954192
128,2,66,5318.003124999999,72.19882852314507,387.54915607198734,0.03140148494491096
128,2,67,5358.4546875,74.01597614680031,398.34343478272467,0.031796113350891775
128,2,68,5398.90625,76.15726783691923,409.53384720267206,0.032279897459214224
128,2,69,5439.3578125,77.55082440445352,420.12890786096546,0.032164822841851404
128,2,70,5479.809375,79.0127635891467,429.0970281645105,0.03257895110230641
128,2,71,5520.260937499999,80.84847518616826,439.40301255095505,0.033098630504227455
128,2,72,5560.7125,83.74051803271765,452.68835217175297,0.033816166185557384
128,2,73,5601.1640625,85.41264593116642,461.80333513398875,0.03409626600014981
128,2,74,5641.615625,87.19901848061798,474.19884068234325,0.03433635347134577
128,2,75,5682.0671875,88.92949060104159,485.5137418829593,0.034563477751707594
128,2,76,5722.518749999999,90.42930172495005,495.9818946436756,0.034956217538816
128,2,77,5762.9703125,92.32883003417217,504.0701621220999,0.03531487446402706
128,2,78,5803.421875,94.46851670561945,517.5626206075104,0.035942082450377
128,2,79,5843.8734375,96.35436692707286,531.2661632016261,0.036679857696501894
128,2,80,5884.325,98.64179570090647,542.2101611453554,0.03713959432141006
128,2,81,5924.776562499999,100.93413187808025,553.8995155505423,0.03759672626326219
128,2,82,5965.228125,102.50201482259627,565.6850406417293,0.0380897730417884
128,2,83,6005.6796875,104.38586191613422,578.4348403278462,0.03842049007300903
128,2,84,6046.13125,106.71028243024489,592.9305649642025,0.038222758711366385
128,2,85,6086.5828125,108.22657346695648,603.8509032612386,0.038780078018899045
128,2,86,6127.034374999999,110.09828475800144,616.0290179566972,0.039128979590963286
128,2,87,6167.4859375,112.46037720084306,628.3560065948797,0.03981155844633849
128,2,88,6207.9375,113.99380430328253,640.9292211830053,0.040464519901904986
128,2,89,6248.3890625,116.30436353505033,653.8056759511229,0.04120120886812878
128,2,90,6288.840625,118.64572245624743,666.9420695091487,0.041539952141111336
128,2,91,6329.292187499999,120.95418958954406,685.4323847408147,0.04176418743222221
128,2,92,6369.74375,122.66293210513379,705.0349773558406,0.0417198123469297
128,2,93,6410.1953125,125.97932541699416,720.120103542608,0.04195231793829857
128,2,94,6450.646875,128.0305236560403,732.6481932122697,0.042443641999470594
128,2,95,6491.0984375,130.08814572522482,744.1630629675232,0.042797201830632736
128,2,96,6531.55,132.23591219111,754.6588295631379,0.042952715656408014
128,2,97,6572.0015625,134.5535509135704,762.756422032478,0.04372365016813706
128,2,98,6612.453125,136.5648230711387,770.1969198291363,0.044298368864055526
128,2,99,6652.9046875,138.85798791284537,778.9789900778898,0.04440943703002548
128,2,100,6693.35625,141.11801724624422,794.7568432976469,0.04483967395288446
128,2,101,6733.8078125,143.9115416744419,804.7908207405098,0.045800729782163874
128,2,102,6774.259375,144.76296167541824,815.0082387714767,0.04611567463631144
128,2,103,6814.7109375,146.57535585392492,827.0468074836385,0.04663954911510865
128,2,104,6855.1625,148.65080090967194,839.4350692934469,0.04705105473272464
128,2,105,6895.6140625,151.1466606243851,855.025905545216,0.047518630777482196
128,2,106,6936.065625,152.915996237096,869.4527195747032,0.047890224801033776
128,2,107,6976.5171875,154.8937020692216,880.6917485667714,0.048493586495765295
128,2,108,7016.96875,156.4881702442342,891.6786160541235,0.04877710802259072
128,2,109,7057.4203125,158.98050396204104,902.3772706226229,0.04913134233764868
128,2,110,7097.871875,161.73264016335395,913.8560546344272,0.04964462368077608
128,2,111,7138.3234375,165.08194555989576,928.7376185574864,0.049401869765007544
128,2,112,7178.775,167.14475887603447,946.6176394640875,0.04961012063185721
128,2,113,7219.2265625,168.99434486149244,965.6574135801394,0.050006477611490296
128,2,114,7259.678125,171.7179516240209,984.721472156342,0.05067758289633434
128,2,115,7300.1296875,173.96781447803028,1003.4631657308911,0.05069956442212836
128,2,116,7340.58125,176.78144788021444,1016.6156725465961,0.050981328131916026
128,2,117,7381.0328125,179.65966587153437,1033.3036556894442,0.05124363271981347
128,2,118,7421.484375,181.95487463398354,1053.919789424698,0.05184025557632144
128,2,119,7461.9359375,183.86262958705979,1074.4507340897737,0.05162761311731934
128,2,120,7502.3875,185.23677722879995,1088.7979043727473,0.051962354126064425
128,2,121,7542.8390625,187.63650811936773,1101.8724986689724,0.0531414265976804
128,2,122,7583.290625,190.03522524089914,1115.0292701155581,0.05407797180437962
128,2,123,7623.7421875,194.44030055066423,1128.309992330465,0.05437435024119308
128,2,124,7664.19375,197.1691489664758,1141.7288851964977,0.05462629774063976
128,2,125,7704.6453125,199.53372199967822,1155.5842379437574,0.05446927398423951
128,2,126,7745.096875,202.567107187349,1172.4169721887208,0.0545755905566464
128,2,127,7785.5484375,205.3576243679346,1189.2056205695728,0.05460170337636544
128,2,128,7826.0,207.01034225129456,1206.245230900243,0.05439367861651695
128,4,0,2648.2,0.0,0.0,0.0
128,4,1,2688.6515624999997,0.23838597495555583,1.5285715748391882,0.0011889113383806854
128,4,2,2729.1031249999996,0.47990105672443784,3.2671281099193012,0.0022521449425723537
128,4,3,2769.5546875,0.7410962998673327,5.18422479113308,0.00328547572498567
128,4,4,2810.00625,1.022078830023881,7.23694955461704,0.004157538628514479
128,4,5,2850.4578125,1.3095184456923197,9.351994221051783,0.004935784786847669
128,4,6,2890.9093749999997,1.636741301314888,11.683845793860588,0.005749530035466244
128,4,7,2931.3609374999996,2.0026351555475945,13.766746810017077,0.006368913826092573
128,4,8,2971.8125,2.387544471406515,15.878678154319573,0.006918198094130364
128,4,9,3012.2640625,2.8000412975114974,19.002457375743543,0.007425500710728228
128,4,10,3052.715625,3.299575835755368,21.76878435048223,0.007953825947613902
128,4,11,3093.1671874999997,3.8220786083169402,24.108476753744984,0.008541887796814293
128,4,12,3133.6187499999996,4.3827119898401365,26.151119197229193,0.009140876544600288
128,4,13,3174.0703125,4.915039403993058,29.569257388638114,0.00975539600605983
128,4,14,3214.521875,5.569964091893705,31.81976971931079,0.010354116272416787
128,4,15,3254.9734375,6.147040136093365,35.111744317834244,0.01116714971111316
128,4,16,3295.4249999999997,6.865824956440236,38.768271546740884,0.011655204518633104
128,4,17,3335.8765624999996,7.6442932660060965,42.27704779899108,0.01235828221250344
128,4,18,3376.328125,8.408093967801232,47.832826423315254,0.012829234761303071
128,4,19,3416.7796875,9.150910599510695,52.869076324617936,0.013510175114191808
128,4,20,3457.23125,9.917818998369661,57.00488551712103,0.014119544285066607
128,4,21,3497.6828124999997,10.631241837412198,60.2267767155484,0.014661930479775709
128,4,22,3538.1343749999996,11.32445668176149,65.71641363673164,0.015261436740104939
128,4,23,3578.5859375,12.081130326769905,70.67682613423729,0.015921592865771786
128,4,24,3619.0375,12.86090540242471,75.56818367289043,0.016295574061766377
128,4,25,3659.4890625,13.70654458482157,81.03515450976893,0.01660527619635945
128,4,26,3699.940625,14.37546323423934,86.9953265959928,0.01717925846603935
128,4,27,3740.3921874999996,15.240798502908953,93.64522722061706,0.017500480864605233
128,4,28,3780.84375,16.1110478266569,98.94859407138836,0.018001367638951528
128,4,29,3821.2953125,16.95210426735413,104.61019428715797,0.01854764628533151
128,4,30,3861.746875,17.88551729125031,110.96410071344992,0.01882092494179949
128,4,31,3902.1984375,18.882999506922907,118.00712316837907,0.01974693639942215
128,4,32,3942.6499999999996,20.035195155003084,124.98131568422373,0.020099604917200517
128,4,33,3983.1015625,21.022004412627386,131.1245181457369,0.020426215890677335
128,4,34,4023.553125,22.14000555072802,138.07871632291582,0.021129097526978186
128,4,35,4064.0046875,23.35419953957527,145.5150487391534,0.021320419469898072
128,4,36,4104.45625,24.399004803615448,150.98297364533607,0.02170662456212882
128,4,37,4144.9078125,25.500702418407283,157.73466065013744,0.02189248234473612
128,4,38,4185.359375,26.810236443129504,166.64437947217627,0.022494835685921144
128,4,39,4225.8109375,27.926340005806367,173.47473201165394,0.022885372660293515
128,4,40,4266.2625,29.145072520730814,178.5782654694628,0.023253835637553066
128,4,41,4306.7140625,30.06382348637824,189.68247872692695,0.023580232624699493
128,4,42,4347.165625,31.396042102871768,196.47034240321295,0.023649078616098593
128,4,43,4387.6171875,32.791637219006674,202.42206140431622,0.023717580484793402
128,4,44,4428.06875,33.839994902050634,207.40215666818344,0.024057696437906548
128,4,45,4468.5203125,35.214305510018654,215.34907993152237,0.02462038778549419
128,4,46,4508.971875,36.698979892499736,223.91643494773166,0.025364854590760946
128,4,47,4549.4234375,38.208924135459526,232.26071185052038,0.02574908385516786
128,4,48,4589.875,39.48916044557114,240.9129760086831,0.02611620573261548
128,4,49,4630.3265625,40.75499714740296,250.86521143882064,0.02657451659188008
128,4,50,4670.778125,42.2111347324403,258.85329762906747,0.02733464521110368
128,4,51,4711.229687499999,43.43214220622161,269.8337047614892,0.027822095516997353
128,4,52,4751.68125,44.864952932457776,281.8317585519588,0.028196369697705906
128,4,53,4792.1328125,46.456241404710035,291.4910412355439,0.028840669536059002
128,4,54,4832.584375,48.05294371201429,295.3184879856697,0.02937582937978609
128,4,55,4873.0359375,49.681553014177084,304.86946849809857,0.029969231579080047
128,4,56,4913.487499999999,51.397750126878336,315.9548663889663,0.030355925864089528
128,4,57,4953.9390625,53.138177145202306,328.0478212887471,0.030749041844177483
128,4,58,4994.390625,54.7913454388574,340.00510812145444,0.031266066497111916
128,4,59,5034.8421875,56.79108624961778,351.6479695489832,0.03120568976466148
128,4,60,5075.29375,58.26143272934469,361.7868610162975,0.03166164103221569
128,4,61,5115.745312499999,60.00804628460529,371.7667825949322,0.031586504103977425
128,4,62,5156.196875,61.56320976310509,384.5219308823888,0.03184828790591537
128,4,63,5196.6484375,63.34547892559466,397.5296014996253,0.032274873567250326
128,4,64,5237.1,65.1759519120512,410.1978415601275,0.032564903756526764
128,4,65,5277.5515625,66.69451541201143,418.9989711272554,0.03310826802100167
128,4,66,5318.003124999999,68.15892557224008,428.9844388258987,0.032993654937474304
128,4,67,5358.4546875,70.09679152601346,438.8215821788258,0.03308359374364772
128,4,68,5398.90625,71.72636731535418,447.8422288868046,0.03343416293937265
128,4,69,5439.3578125,73.79140302115727,458.7020809952333,0.03329734469137424
128,4,70,5479.809375,75.34100834432147,469.9444421139664,0.033426709999659354
128,4,71,5520.260937499999,77.08111446381604,482.7870205502214,0.033587670624054405
128,4,72,5560.7125,78.90359755034987,497.48572947273345,0.033473967270963856
128,4,73,5601.1640625,80.53652950177093,511.1940495430777,0.033556520796670236
128,4,74,5641.615625,82.81867801922843,521.3903567248559,0.033952392417831156
128,4,75,5682.0671875,85.15388081236611,528.4954884234836,0.034020965472517095
128,4,76,5722.518749999999,86.56994117239842,535.0732371091171,0.0345544522313071
128,4,77,5762.9703125,88.7281692022872,551.711825598445,0.03482853147260788
128,4,78,5803.421875,90.57841414726343,559.953493480695,0.034979509091211114
128,4,79,5843.8734375,92.08220917319122,568.4169440804105,0.035145198614295464
128,4,80,5884.325,93.52996675326821,577.3306011731212,0.03512614864312549
128,4,81,5924.776562499999,95.5146425361215,586.758962860494,0.035072700297785614
128,4,82,5965.228125,96.95954137712496,596.975623117526,0.03564023068742053
128,4,83,6005.6796875,99.40170561817703,606.8233216659255,0.03568375973069665
128,4,84,6046.13125,100.27575551198791,618.5509073717577,0.03600983970839314
128,4,85,6086.5828125,101.84765129704513,630.0436036343164,0.036265619517618364
128,4,86,6127.034374999999,103.96868116520406,641.2912263506446,0.036255254265288306
128,4,87,6167.4859375,105.97022376088893,652.2889782296056,0.036442559677827766
128,4,88,6207.9375,107.50701687365869,663.0333923520081,0.03678872627915428
128,4,89,6248.3890625,109.68903451926245,673.5192373833371,0.037306822897223424
128,4,90,6288.840625,111.95940708143891,683.9726600218223,0.03772598063164767
128,4,91,6329.292187499999,113.71345244805316,697.9495989983304,0.03810149566749882
128,4,92,6369.74375,115.41609612549928,712.6362417795192,0.03847166840101335
128,4,93,6410.1953125,117.39587234397216,729.0523271491655,0.038658707006200554
128,4,94,6450.646875,118.9198040762605,745.4017245788921,0.03849857275373798
128,4,95,6491.0984375,121.41660174269288,756.5925312379669,0.03899785063715688
128,4,96,6531.55,123.33510955507805,767.8564895367065,0.03956050068661121
128,4,97,6572.0015625,125.36195903519302,779.2905504457925,0.03972146497885354
128,4,98,6612.453125,127.26991274749588,790.8767108279176,0.03967918476058263
128,4,99,6652.9046875,129.53794328166197,803.8866208175314,0.039861627582793435
128,4,100,6693.35625,131.9415221280437,821.2643608878311,0.04037387243978341
128,4,101,6733.8078125,134.72361847161733,831.8312872107937,0.040680067016587995
128,4,102,6774.259375,137.40551076603492,846.104075710181,0.04102390480512433
128,4,103,6814.7109375,139.21947096546654,860.3796846493434,0.041162824264660836
128,4,104,6855.1625,140.95776415010786,875.9606449163424,0.04105899833568155
128,4,105,6895.6140625,142.77698723303547,888.4491144418807,0.041497168432186315
128,4,106,6936.065625,144.91293730604258,902.6972399340348,0.041857386903494664
128,4,107,6976.5171875,146.63076045928375,920.165472251665,0.0418823681211794
128,4,108,7016.96875,147.98616608691884,932.6986621957585,0.04167720725562277
128,4,109,7057.4203125,150.44991020253914,945.4750921775569,0.04172397541622741
128,4,110,7097.871875,152.97336502409462,958.5679048864954,0.04162987153763509
128,4,111,7138.3234375,156.17669260530846,971.9943171323847,0.041598536157289034
128,4,112,7178.775,158.3352396315749,987.115040370533,0.0416026847174511
128,4,113,7219.2265625,161.05104783881058,1005.5597984935351,0.0418924428191407
128,4,114,7259.678125,162.71412349990402,1017.6656393275198,0.04190050570095083
128,4,115,7300.1296875,165.27238511397874,1029.4601688980222,0.04200878114782314
128,4,116,7340.58125,167.71868905732953,1046.3327418621861,0.0419413485587411
128,4,117,7381.0328125,170.4003398668718,1062.8233732043889,0.04161991837649259
128,4,118,7421.484375,172.55014620479568,1077.1216779363372,0.04172599098540078
128,4,119,7461.9359375,174.84908775285086,1091.2587859323137,0.04156950156903455
128,4,120,7502.3875,176.36400302893253,1109.7102528228666,0.0415068808349954
128,4,121,7542.8390625,178.6398292864639,1131.2756523600583,0.04175600874707728
128,4,122,7583.290625,181.0401220083533,1152.9026396398178,0.041760416366606185
128,4,123,7623.7421875,183.3447391318026,1172.6958254987287,0.04223074306543284
128,4,124,7664.19375,185.61220536379386,1189.5992653725864,0.0421206569349436
128,4,125,7704.6453125,188.3408555900741,1203.777697827942,0.04312580033850877
128,4,126,7745.096875,190.55631792360526,1212.2617362167632,0.04388417558563035
128,4,127,7785.5484375,192.80908676612984,1228.4177332225672,0.043847104677557924
128,4,128,7826.0,195.61262370983917,1246.4833577154575,0.04432579255557456
128,8,0,2648.2,0.0,0.0,0.0
128,8,1,2688.6515624999997,0.20887802862960478,1.9429669321729302,0.001105868865238814
128,8,2,2729.1031249999996,0.4256694471925273,4.00663107458656,0.0021036278440456774
128,8,3,2769.5546875,0.6606674286100165,6.372838767726125,0.003026431918497219
128,8,4,2810.00625,0.9437252276227219,9.043162833061952,0.0038932011720404364
128,8,5,2850.4578125,1.2521416269353376,11.682408098266619,0.004703458637196796
128,8,6,2890.9093749999997,1.5965334946901222,14.72479644902169,0.005374134711820522
128,8,7,2931.3609374999996,2.0073016479706727,17.953314859412096,0.005881527409898855
128,8,8,2971.8125,2.4312981764759076,20.80946375922271,0.006512377458844747
128,8,9,3012.2640625,2.90789630427898,23.970464987558916,0.0070245854010594746
128,8,10,3052.715625,3.3901718529376357,27.36318650684339,0.007641701368202303
128,8,11,3093.1671874999997,3.9164415357873734,31.16326046431825,0.007893282539183265
128,8,12,3133.6187499999996,4.489207560594273,34.58568859825736,0.008119713569097048
128,8,13,3174.0703125,5.094104417969309,38.18055429257161,0.008397621348309875
128,8,14,3214.521875,5.809116352071605,41.98582062134144,0.008869058022435705
128,8,15,3254.9734375,6.346584461227879,45.34672945268125,0.009258648375481612
128,8,16,3295.4249999999997,7.052442741519237,50.48621692126624,0.009562742768268184
128,8,17,3335.8765624999996,7.774152041225925,55.704856852664875,0.010107581858238325
128,8,18,3376.328125,8.48150763105714,59.79930849136619,0.010469066033738303
128,8,19,3416.7796875,9.219530104700082,64.19997064352457,0.010856182302457912
128,8,20,3457.23125,9.994387760302505,68.95452161321603,0.011298916611500974
128,8,21,3497.6828124999997,10.864266076414996,75.15920521795732,0.011565488184747674
128,8,22,3538.1343749999996,11.729222620695495,80.75298637719557,0.011926672887484658
128,8,23,3578.5859375,12.686673700109633,83.42369743878338,0.012591463576121231
128,8,24,3619.0375,13.58100425162737,87.78897665054717,0.01294241325193457
128,8,25,3659.4890625,14.466880658703168,93.7605189882503,0.013376539199568514
128,8,26,3699.940625,15.413826482358616,101.11609444168042,0.013777810086620587
128,8,27,3740.3921874999996,16.366592323922813,108.99810600451838,0.014134416668677274
128,8,28,3780.84375,17.292087354336537,116.6949318822794,0.014446021450696678
128,8,29,3821.2953125,18.35279551865178,124.08888006971264,0.014520804540183244
128,8,30,3861.746875,19.19860944547918,130.64245173311025,0.014811696960974167
128,8,31,3902.1984375,20.314965547577835,138.0190614907999,0.015299384815436329
128,8,32,3942.6499999999996,21.1667167975735,142.3005444954894,0.015764318438868732
128,8,33,3983.1015625,22.205496386688452,146.53882509973892,0.01630128827234331
128,8,34,4023.553125,23.17284731770274,154.35789102399275,0.01642603434304571
128,8,35,4064.0046875,24.18997021617484,160.45107360531765,0.01637830221627376
128,8,36,4104.45625,25.169221997955837,167.0512624588432,0.016360660080910056
128,8,37,4144.9078125,26.133371905370982,175.07785464888755,0.016573452154861057
128,8,38,4185.359375,27.249900328749703,183.4975255947151,0.017042765153211722
128,8,39,4225.8109375,28.097647683112754,192.6225679446088,0.01751704385812014
128,8,40,4266.2625,29.117449481406858,197.44179318169253,0.017674171475107192
128,8,41,4306.7140625,30.40043747012445,203.7914358264193,0.0177871965170856
128,8,42,4347.165625,31.328184937195793,211.2078698925426,0.018225081123424136
128,8,43,4387.6171875,32.10483677463726,219.4185905672261,0.018103172235772735
128,8,44,4428.06875,33.25671780386443,226.82144987236083,0.01853416508493591
128,8,45,4468.5203125,34.27742085535024,234.4330590254028,0.018753914404139038
128,8,46,4508.971875,35.29481954995526,240.4262430300581,0.01896762367016927
128,8,47,4549.4234375,35.971799791002994,253.51389725314291,0.019281115348965955
128,8,48,4589.875,37.05528929299943,265.1019656747296,0.01982771755523055
128,8,49,4630.3265625,37.96148568468316,268.9751191167713,0.020138969250829176
128,8,50,4670.778125,39.082298878809134,279.02254836299113,0.020226617608570113
128,8,51,4711.229687499999,40.499040143048376,288.0735311886035,0.020728221705339223
128,8,52,4751.68125,41.88802940294971,296.4269377003306,0.02114711244331942
128,8,53,4792.1328125,43.02038297874759,305.4046437982823,0.021145029766925227
128,8,54,4832.584375,44.01991737964445,314.1644413771902,0.021588653979442984
128,8,55,4873.0359375,45.41801307441179,330.53372796893444,0.02187856054071749
128,8,56,4913.487499999999,46.36583582502221,338.6616276605381,0.02217897943983943
128,8,57,4953.9390625,47.856943511577356,345.563053960293,0.022518478015362553
128,8,58,4994.390625,48.90208773026827,354.9555868158038,0.02279503223623358
128,8,59,5034.8421875,50.028783394312725,366.45386188074554,0.023210521202340906
128,8,60,5075.29375,51.40777531373769,378.0025124065278,0.023548572783114313
128,8,61,5115.745312499999,52.85030230479427,389.58160900034636,0.023660622223324948
128,8,62,5156.196875,53.665668943438575,401.2507592380128,0.023938488876042337
128,8,63,5196.6484375,54.95535216157681,413.00639275259675,0.02387449802603806
128,8,64,5237.1,56.051807668214394,424.853241755418,0.023963118921416227
128,8,65,5277.5515625,57.54108265342533,435.4462236270967,0.02418635864387831
128,8,66,5318.003124999999,58.80837329950061,445.4340321397463,0.02412571585775486
128,8,67,5358.4546875,60.30941457171194,449.7203428406299,0.024246115226160547
128,8,68,5398.90625,61.6391402886632,460.6204786129745,0.024546492931792896
128,8,69,5439.3578125,62.734005599020364,471.08286755811173,0.02462993190180396
128,8,70,5479.809375,64.18471040172858,482.16849851360195,0.02487423727035379
128,8,71,5520.260937499999,65.61950191507174,493.17245710464715,0.025240897711956145
128,8,72,5560.7125,66.88363696644527,502.5339853190903,0.025527880090983612
128,8,73,5601.1640625,68.07479349428954,508.1640143636465,0.025704984769406303
128,8,74,5641.615625,69.50428769358234,513.7920925710356,0.025757315317086193
128,8,75,5682.0671875,71.00770479495348,519.4213269183186,0.025791801414768584
128,8,76,5722.518749999999,72.68024995587027,537.0754374683524,0.026013596249010312
128,8,77,5762.9703125,73.94525272213116,546.632187610509,0.026132489628814815
128,8,78,5803.421875,75.17284063777404,553.4881793921539,0.02626131827151469
128,8,79,5843.8734375,76.69466895357402,563.5242702483404,0.0265074804728805
128,8,80,5884.325,77.91952021697864,574.946371547158,0.026703346618361934
128,8,81,5924.776562499999,79.26813601623252,586.3548118504425,0.026903208753151914
128,8,82,5965.228125,81.14099412985573,600.3384656782215,0.027357839457890776
128,8,83,6005.6796875,82.58681354768163,614.6650743324013,0.027606310748315432
128,8,84,6046.13125,84.34055675874387,629.1966144604203,0.02764939303548635
128,8,85,6086.5828125,86.27147154251918,643.9085156765617,0.027822360656997586
128,8,86,6127.034374999999,87.86349061124093,651.1682660226038,0.028196143172483715
128,8,87,6167.4859375,89.51687426882361,660.0739729537271,0.028352714255303058
128,8,88,6207.9375,91.19453619459227,670.8135840810742,0.0287820678228079
128,8,89,6248.3890625,92.81455008091977,680.4736429500904,0.029091014506352902
128,8,90,6288.840625,94.07692373590046,687.4941843164681,0.029462219882155083
128,8,91,6329.292187499999,95.55812804386872,697.7018420949264,0.029795950060654275
128,8,92,6369.74375,97.14086223846377,707.8908404050226,0.02975601071562861
128,8,93,6410.1953125,98.47122507859558,718.0634149327879,0.029877352375876076
128,8,94,6450.646875,99.76498513131907,728.2149521042976,0.029890532450812038
128,8,95,6491.0984375,101.37224379180515,738.2810008125798,0.029902696800858386
128,8,96,6531.55,103.00590638552549,749.3160789286491,0.030231522903850783
128,8,97,6572.0015625,104.68090599805888,762.634648847235,0.030315433481947762
128,8,98,6612.453125,106.56005877219721,775.7704367053217,0.030363071421582455
128,8,99,6652.9046875,108.32262043826682,791.813885116911,0.03044965797473903
128,8,100,6693.35625,110.02260115325726,814.9691084479192,0.030673644134733558
128,8,101,6733.8078125,111.71533349714686,833.3202801994671,0.030964830543191157
128,8,102,6774.259375,113.75063585643196,844.9051238779574,0.030943380498318906
128,8,103,6814.7109375,115.91157289958943,856.4694291143779,0.031053564041171045
128,8,104,6855.1625,117.50740001627909,868.019883095702,0.03131981370943504
128,8,105,6895.6140625,119.49654323386113,879.1232664541618,0.031432876831332876
128,8,106,6936.065625,122.17613461823814,889.8280522544235,0.03159611832333903
128,8,107,6976.5171875,123.35555239348255,904.3685826973165,0.03192894875685137
128,8,108,7016.96875,125.17677535804268,917.6165490971503,0.03197365474828101
128,8,109,7057.4203125,127.27809215716533,930.1325453216028,0.03212529526212815
128,8,110,7097.871875,128.58276665053586,944.5658272463469,0.03251960176164914
128,8,111,7138.3234375,130.04224746707496,963.3727004271932,0.03279882531888323
128,8,112,7178.775,131.34194995164307,976.4953970077993,0.03299485930885471
128,8,113,7219.2265625,132.54615020923325,987.4320208104908,0.0332982260913689
128,8,114,7259.678125,133.84758682988888,993.6952562966572,0.03346023418243638
128,8,115,7300.1296875,135.56620922824754,999.3918265985081,0.033809458242960166
128,8,116,7340.58125,137.3255900507744,1005.0285148499556,0.03413613265419724
128,8,117,7381.0328125,139.6547546883403,1013.6506888325547,0.033933826070087214
128,8,118,7421.484375,140.99536397074604,1026.3180069261198,0.03458320626300443
128,8,119,7461.9359375,142.41137833394407,1036.9680927863906,0.03485479011101217
128,8,120,7502.3875,143.9570058022294,1042.827886887672,0.03480570865495303
128,8,121,7542.8390625,145.83167655393623,1051.731676699851,0.03544514990304337
128,8,122,7583.290625,147.69938087714297,1060.9624578894147,0.03552200201523137
128,8,123,7623.7421875,149.4381841216548,1061.7631533362112,0.03530961834394275
128,8,124,7664.19375,151.46803733496057,1066.6299050541413,0.035738923411021695
128,8,125,7704.6453125,152.94790949041703,1072.5886880127932,0.035721908031714766
128,8,126,7745.096875,155.13885964978823,1078.422827277206,0.03636598405015734
128,8,127,7785.5484375,156.67990666377642,1084.138812229406,0.035993824533842034
128,8,128,7826.0,158.56125982817758,1089.6387673992099,0.03636868043024877
128,16,0,2648.2,0.0,0.0,0.0
128,16,1,2688.6515624999997,0.2677361613511367,1.998697033540531,0.0011384207719462858
128,16,2,2729.1031249999996,0.5532114301868248,4.201460660582717,0.0022301626301859945
128,16,3,2769.5546875,0.8955074235634508,6.67222840976343,0.0033819658024000776
128,16,4,2810.00625,1.2794728561176063,9.240247616064,0.004475087858524587
128,16,5,2850.4578125,1.7018952956904387,12.070267088529526,0.005533627791874315
128,16,6,2890.9093749999997,2.1792476382714643,15.20162256678813,0.00653266782712613
128,16,7,2931.3609374999996,2.7442629708519064,18.61111194742891,0.007546826669236847
128,16,8,2971.8125,3.3451955214827658,22.168583486580264,0.008538915838792816
128,16,9,3012.2640625,4.01262764375085,26.721055224358143,0.009491319840622122
128,16,10,3052.715625,4.740768634779387,30.74877969508999,0.01047579478527386
128,16,11,3093.1671874999997,5.466566375034549,34.31467661427609,0.011476621230001857
128,16,12,3133.6187499999996,6.269140573244689,38.713533024301164,0.012693102516548455
128,16,13,3174.0703125,7.108702259152258,44.33518373944396,0.01373072862747844
128,16,14,3214.521875,7.907689054556206,50.62201703907229,0.014796507204814253
128,16,15,3254.9734375,8.835250193363201,56.881915665417026,0.01578853267802309
128,16,16,3295.4249999999997,9.794720565492266,62.73819635111393,0.016831718150252944
128,16,17,3335.8765624999996,10.818644459963664,68.84216839779381,0.017579907316007906
128,16,18,3376.328125,11.892506640548035,75.1298067529989,0.018654996068132104
128,16,19,3416.7796875,12.950613871674307,82.62854607549724,0.019870060087801445
128,16,20,3457.23125,14.067010361084472,90.66467929296894,0.021162849420891614
128,16,21,3497.6828124999997,15.181779191010762,97.39787579796301,0.022000312414423642
128,16,22,3538.1343749999996,16.37152204395648,104.66061387416438,0.023045622928125065
128,16,23,3578.5859375,17.625344608973066,111.09207879730062,0.024157161278459682
128,16,24,3619.0375,18.874104688672567,120.1245631823009,0.025122627958873087
128,16,25,3659.4890625,19.989006016528354,125.41875885113383,0.025880048660619197
128,16,26,3699.940625,21.07812782238193,134.66125484490226,0.026704531491825167
128,16,27,3740.3921874999996,22.313089879575507,142.22610025303865,0.027595097944768665
128,16,28,3780.84375,23.779825223100914,149.849607727185,0.028263977160873643
128,16,29,3821.2953125,25.190997895694444,155.6242572584114,0.029191527548410798
128,16,30,3861.746875,26.570711576562267,164.19611736423363,0.030478108159780005
128,16,31,3902.1984375,28.086074348310326,171.26720956021308,0.031007932538379412
128,16,32,3942.6499999999996,29.619467394423346,179.1901455360203,0.031446529688710936
128,16,33,3983.1015625,31.08639886531097,187.9744576693978,0.032350053360935896
128,16,34,4023.553125,32.51119037055979,193.66803697311124,0.03282653337315436
128,16,35,4064.0046875,34.409212525323255,199.98091521546795,0.033498567450085046
128,16,36,4104.45625,35.92705780121192,207.09200596918646,0.03426578113507623
128,16,37,4144.9078125,37.71890000919808,216.29083937014047,0.03473932481645216
128,16,38,4185.359375,39.41870842013034,223.90265364274404,0.03492619583448167
128,16,39,4225.8109375,40.84380412907802,229.8214767415208,0.035622187232719475
128,16,40,4266.2625,42.19609519678944,244.84636519471377,0.0356154903612127
128,16,41,4306.7140625,43.672245294627224,259.3473641046834,0.03620749267245482
128,16,42,4347.165625,45.60909029279746,271.28568286861656,0.036513612224791867
128,16,43,4387.6171875,47.19162908623122,278.29473032236444,0.03657963447096027
128,16,44,4428.06875,48.70310349912007,289.02465974667575,0.03657076924111491
128,16,45,4468.5203125,50.448826476171774,297.90465022655906,0.036809028191076704
128,16,46,4508.971875,52.26429207416438,305.8163283304309,0.03703082101117394
128,16,47,4549.4234375,53.80761745413753,313.19657375674024,0.03740245311592734
128,16,48,4589.875,55.64688015643206,322.5271511404931,0.03764722266588576
128,16,49,4630.3265625,57.14670970839575,332.8592423459879,0.03806512732516289
128,16,50,4670.778125,58.78206279695374,343.3573438117367,0.038706898971748505
128,16,51,4711.229687499999,60.69021260451984,353.8623526701549,0.039314834807787066
128,16,52,4751.68125,62.46042323621691,362.8729341117437,0.03967352466579914
128,16,53,4792.1328125,64.74699947650431,372.4957500127085,0.03986225369827928
128,16,54,4832.584375,66.29868478446507,380.7454744228443,0.04036942391033235
128,16,55,4873.0359375,67.85510683665474,388.51738609064336,0.04116377754790658
128,16,56,4913.487499999999,69.07665144320666,398.5430227384466,0.04200502220257085
128,16,57,4953.9390625,71.16149765037143,408.7362464408232,0.04275939442933974
128,16,58,4994.390625,73.10151375866886,419.1379260518605,0.042859778924504016
128,16,59,5034.8421875,74.93115192220213,428.63382131224597,0.04289120714889155
128,16,60,5075.29375,77.11657105027422,441.435473064863,0.04293373214735163
128,16,61,5115.745312499999,79.468575091258,455.8363637868997,0.04324620355216323
128,16,62,5156.196875,81.39492393961731,465.78276049328997,0.04352765896365601
128,16,63,5196.6484375,83.54520402697392,475.5867509419127,0.043652042310632355
128,16,64,5237.1,85.15175317148166,489.35301580159387,0.04392140325583556
128,16,65,5277.5515625,87.17528911659743,502.05465697379657,0.04383739498829524
128,16,66,5318.003124999999,89.74052621548779,515.1777624281201,0.04396002991473302
128,16,67,5358.4546875,91.54593645021896,526.7384937664557,0.043990181925677475
128,16,68,5398.90625,93.89173174646925,539.6041354886597,0.044432081528524014
128,16,69,5439.3578125,96.76253116547312,553.0674857328551,0.04465657037692333
128,16,70,5479.809375,98.85814414582194,566.3397930432526,0.04500462656517601
128,16,71,5520.260937499999,100.73380359352936,578.6388359772558,0.045382715640356064
128,16,72,5560.7125,102.83617152141748,593.0809355033205,0.045585672001972194
128,16,73,5601.1640625,104.39055107622362,607.7497557160267,0.045804133814594805
128,16,74,5641.615625,106.92179266367145,623.4573838810778,0.046388013323333394
128,16,75,5682.0671875,108.89497232182273,637.6967895683014,0.04670493151695543
128,16,76,5722.518749999999,111.09537992277927,652.8690357239255,0.046916091412857464
128,16,77,5762.9703125,113.31036059061495,668.0073818958306,0.04761305012209588
128,16,78,5803.421875,115.15420162331795,682.510371440028,0.04801183318364072
128,16,79,5843.8734375,117.78150179262252,695.4719304613338,0.04895462961607144
128,16,80,5884.325,119.92083504687416,704.0713857925065,0.04861411141696831
128,16,81,5924.776562499999,121.85704174732795,717.0243892142736,0.0489079820280916
128,16,82,5965.228125,125.15623848203725,728.0744898074802,0.049216408101349085
128,16,83,6005.6796875,127.52190325567693,738.4320265483311,0.0497695303637493
128,16,84,6046.13125,129.5833323660063,748.8335125849704,0.05049570861238861
128,16,85,6086.5828125,131.7700571374636,763.2169304773456,0.05088038475019492
128,16,86,6127.034374999999,134.12790389823863,780.716863900286,0.05135855272010714
128,16,87,6167.4859375,136.48894069625734,792.794414326466,0.051247621355186845
128,16,88,6207.9375,139.0359425535069,806.1384619006603,0.05140635393047731
128,16,89,6248.3890625,141.2467682823155,811.016289154639,0.05204175209756745
128,16,90,6288.840625,143.47621026867745,824.0506405101302,0.052663260105986764
128,16,91,6329.292187499999,145.0669984066306,837.0716885815458,0.05275299974615705
128,16,92,6369.74375,147.6456016472993,852.6406242901454,0.052981593769445626
128,16,93,6410.1953125,150.51369459577467,864.5432021069769,0.05328829696705194
128,16,94,6450.646875,153.0958727695417,880.4972402882589,0.05366817108758831
128,16,95,6491.0984375,155.17034038226456,896.015346158727,0.05449410039952418
128,16,96,6531.55,158.6383452144198,910.8003505036073,0.05502268696701198
128,16,97,6572.0015625,160.93869595734404,927.7501710276088,0.05516493138525702
128,16,98,6612.453125,163.091508161786,941.9936282457188,0.05485261523117957
128,16,99,6652.9046875,165.5622289541327,956.1530677828871,0.05533669673975228
128,16,100,6693.35625,167.92465219468966,969.7591709257525,0.05567467800079995
128,16,101,6733.8078125,169.95397235936002,984.2570905080819,0.05559272515939101
128,16,102,6774.259375,172.2158498608776,998.5516667609396,0.05590212336924888
128,16,103,6814.7109375,174.4656114410218,1014.2171900982196,0.056059823317501645
128,16,104,6855.1625,176.88632383428072,1029.240124564825,0.05601375927298535
128,16,105,6895.6140625,179.77764733280534,1044.5246695462627,0.05639020093808206
128,16,106,6936.065625,182.53376560661263,1060.098771269026,0.05695099458334282
128,16,107,6976.5171875,185.16152667202107,1078.3820155489987,0.05755738182268433
128,16,108,7016.96875,187.16487966992128,1096.8214519711216,0.05756693505273858
128,16,109,7057.4203125,190.11333040928926,1113.5667624446683,0.05710634621557131
128,16,110,7097.871875,192.52623956129793,1128.0573702358809,0.05680612111855221
128,16,111,7138.3234375,194.69855942423595,1143.0929026673834,0.057257510721053784
128,16,112,7178.775,197.89990798239853,1160.84798373122,0.05693336492308687
128,16,113,7219.2265625,200.77667382598872,1179.0148921150685,0.05702768756563059
128,16,114,7259.678125,203.4785127896463,1197.5940023137994,0.057622736496169835
128,16,115,7300.1296875,206.61696975753884,1213.8134946817215,0.057972353831144824
128,16,116,7340.58125,209.3707918482549,1229.7589644169323,0.05842861039702038
128,16,117,7381.0328125,211.53112670816242,1245.0379636853459,0.05938126447443612
128,16,118,7421.484375,214.7851277595492,1253.6577734199698,0.06024266128344842
128,16,119,7461.9359375,217.80097803739977,1273.0486426757507,0.06104329804179978
128,16,120,7502.3875,221.21640614418263,1287.6870991407725,0.061393730822808384
128,16,121,7542.8390625,223.39908304924708,1300.6291584896737,0.061305017156371155
128,16,122,7583.290625,225.42567611809073,1315.4894176288458,0.06165167103595881
128,16,123,7623.7421875,228.57622447448185,1328.4816899246523,0.062149843038566965
128,16,124,7664.19375,231.71589314501745,1347.1516787261926,0.062352957871752296
128,16,125,7704.6453125,234.68499103577537,1366.7187486577495,0.06327984385870455
128,16,126,7745.096875,238.25676017243688,1382.4513285145702,0.06359286336838667
128,16,127,7785.5484375,242.54223213592064,1388.647389522351,0.06455322414472553
128,16,128,7826.0,246.23851192374306,1409.828549463727,0.06538118273725392
256,2,0,2648.2,0.0,0.0,0.0
256,2,1,2668.42578125,0.08829974780896038,0.38129376667566495,0.0006729321010943978
256,2,2,2688.6515624999997,0.18261231397606262,0.8227916482215983,0.0013045762318267262
256,2,3,2708.87734375,0.278180736120767,1.277245811411754,0.0018999910753585841
256,2,4,2729.1031249999996,0.3789385055819914,1.7904050722986464,0.0024783983850230895
256,2,5,2749.32890625,0.48354935668146215,2.3911865636177394,0.002974452362934643
256,2,6,2769.5546875,0.5992309888711422,3.0342016962716527,0.0034590586152558056
256,2,7,2789.7804687499997,0.7173429289527233,3.6895412202277633,0.003898849398241422
256,2,8,2810.00625,0.8611436290470343,4.389617685675982,0.004334610112927129
256,2,9,2830.2320312499996,0.9994536988866278,5.182583173219367,0.004803488101752865
256,2,10,2850.4578125,1.1391474217758613,5.8803322978882235,0.005221132109825395
256,2,11,2870.68359375,1.2749728098073798,6.754740802755588,0.005613369095290154
256,2,12,2890.9093749999997,1.4028795205995075,7.674480455852046,0.006013653026326615
256,2,13,2911.13515625,1.5719333956756167,8.368559433424304,0.006364675705371886
256,2,14,2931.3609374999996,1.7142040548502022,9.324263581912076,0.006791992706416117
256,2,15,2951.58671875,1.8837312260531291,10.421223033602857,0.007148851101233117
256,2,16,2971.8125,2.0772820236379763,11.29957093209339,0.007423896486859899
256,2,17,2992.0382812499997,2.2573544836540265,12.246192897697759,0.007718537128957939
256,2,18,3012.2640625,2.4703114755817035,13.27958694690696,0.008242803529738725
256,2,19,3032.4898437499996,2.677126253788129,14.129853024759132,0.008577961655089825
256,2,20,3052.715625,2.8841457789398346,15.466186237690124,0.008826051889495928
256,2,21,3072.94140625,3.12112062830845,16.665272742864307,0.009090145483527795
256,2,22,3093.1671874999997,3.338376162011407,17.859542875757725,0.009411764989237723
256,2,23,3113.39296875,3.5579805379973037,19.077777561054845,0.009663771609378475
256,2,24,3133.6187499999996,3.7967172233334474,20.16296650021818,0.010113456354046528
256,2,25,3153.84453125,4.024076889969679,21.833017247788444,0.010381609485868304
256,2,26,3174.0703125,4.294981361964505,23.488852229604387,0.010652422198699496
256,2,27,3194.2960937499997,4.529999917510677,25.07236528509906,0.010898078074786724
256,2,28,3214.521875,4.77303685240672,26.60943487529605,0.011202338760209207
256,2,29,3234.7476562499996,5.01017388754003,28.08872055153111,0.011494955412197187
256,2,30,3254.9734375,5.367189077245602,29.687798340567134,0.011649593516149933
256,2,31,3275.19921875,5.6397718897387215,31.43156930469261,0.01192461657254125
256,2,32,3295.4249999999997,5.958946231561087,32.90557709152945,0.012354001661938827
256,2,33,3315.65078125,6.320441236781999,35.03248693804997,0.012586530753356823
256,2,34,3335.8765624999996,6.626512723897216,36.819925531445755,0.012991893238029073
256,2,35,3356.10234375,6.962674872181493,39.00506103052793,0.013335727624783078
256,2,36,3376.328125,7.292215705157172,41.2320012010131,0.013652839800100403
256,2,37,3396.5539062499997,7.635209200816325,43.48399513856709,0.013893036036663302
256,2,38,3416.7796875,7.923885971011334,45.71932055917955,0.014127776622491206
256,2,39,3437.0054687499996,8.230040858709621,47.71292867819259,0.014338315441456834
256,2,40,3457.23125,8.583592360076333,50.04627536182625,0.014743795113585437
256,2,41,3477.45703125,8.936269976216899,52.58653713046873,0.01501241067934124
256,2,42,3497.6828124999997,9.30896248188554,54.78811018528089,0.015240296928241241
256,2,43,3517.90859375,9.607386227355992,56.95452808130432,0.01563459477297441
256,2,44,3538.1343749999996,10.007289251783487,59.27445035043472,0.015985838871218627
256,2,45,3558.36015625,10.438549557599654,62.37629042371801,0.016434326907015413
256,2,46,3578.5859375,10.889206866760693,64.9060924003852,0.016988304305638746
256,2,47,3598.8117187499997,11.292333090684963,67.14788705435406,0.017068361796811767
256,2,48,3619.0375,11.762293181116213,69.40976074081455,0.017356774678609077
256,2,49,3639.2632812499996,12.217599066760453,71.75885462948996,0.01761718988055349
256,2,50,3659.4890625,12.547722579304533,75.80145210500164,0.018071324486910144
256,2,51,3679.71484375,13.028541482437015,79.46229682849577,0.018234165864322714
256,2,52,3699.940625,13.477813733233075,82.02421837324104,0.01864005873008709
256,2,53,3720.16640625,13.972024747297336,84.99146608218655,0.01888048119254998
256,2,54,3740.3921874999996,14.465600462289537,87.52917429267636,0.01922636685012906
256,2,55,3760.61796875,14.957718509511576,89.92436661682193,0.019666655532463162
256,2,56,3780.84375,15.487444456715252,91.20298229349031,0.020025434376978735
256,2,57,3801.06953125,16.085979785913388,92.10693325062292,0.020380009639290198
256,2,58,3821.2953125,16.49244846426394,95.05555187305976,0.020777862884555076
256,2,59,3841.5210937499996,16.92318507362131,98.04765153725756,0.0210783157700567
256,2,60,3861.746875,17.308970944894618,100.94871715185808,0.021124574087577792
256,2,61,3881.97265625,17.825404122828978,104.3604023358821,0.021674811139671228
256,2,62,3902.1984375,18.41879262772445,107.0978225393306,0.022017633616297494
256,2,63,3922.42421875,19.00565617806554,109.62135150140746,0.02223130871317064
256,2,64,3942.6499999999996,19.48747950824012,112.80995660168138,0.02245722916129414
256,2,65,3962.87578125,19.992100978571017,116.80398409800083,0.022767339566950873
256,2,66,3983.1015625,20.63738769833313,119.7309963908509,0.022951979312554882
256,2,67,4003.32734375,21.174093978581638,123.22633651975977,0.023349571707494264
256,2,68,4023.553125,21.787379467390707,126.13563396161078,0.02366513034911949
256,2,69,4043.7789062499996,22.264531575187956,128.5246060874545,0.023872403160823605
256,2,70,4064.0046875,22.839063039127474,132.9033417167225,0.024333896789550252
256,2,71,4084.23046875,23.317162025289647,136.61015898914263,0.02478668655292709
256,2,72,4104.45625,23.87177729519962,138.57247027204997,0.024945508233738256
256,2,73,4124.68203125,24.362986025147983,142.31006561815352,0.02531323681705111
256,2,74,4144.9078125,25.08267557320098,145.09344041815044,0.02574135958662016
256,2,75,4165.13359375,25.84760096511582,149.263207524551,0.025976794908294173
256,2,76,4185.359375,26.316295761931435,154.5014493376275,0.026723480846507774
256,2,77,4205.58515625,26.87139971615759,159.67215198283122,0.026895298887719132
256,2,78,4225.8109375,27.43071730583783,163.20113702125948,0.026811461441900164
256,2,79,4246.03671875,27.982013798796196,165.98990645220084,0.027050356200248368
256,2,80,4266.2625,28.573520191198668,169.45916122525298,0.027720212986729123
256,2,81,4286.48828125,29.170680466181516,172.11523269033347,0.027943034851540816
256,2,82,4306.7140625,29.91435617594895,173.48965680858396,0.028094455456647432
256,2,83,4326.93984375,30.5811814710759,176.08727068399003,0.02814019622721575
256,2,84,4347.165625,31.24842711991422,182.3215817941729,0.02812527462955558
256,2,85,4367.39140625,31.855684304937753,185.280000762241,0.027924913406519175
256,2,86,4387.6171875,32.400912174081526,188.02559365008236,0.027671921462406324
256,2,87,4407.84296875,33.06882787719175,190.91528875706007,0.02791187686421691
256,2,88,4428.06875,33.667146420654916,197.8791363853371,0.027822274854868295
256,2,89,4448.29453125,34.31660258922798,202.2191315074053,0.027973203982650796
256,2,90,4468.5203125,35.00474471295706,207.82635936656678,0.027530726658314686
256,2,91,4488.74609375,35.65012465925766,212.26136257970944,0.027407140239937844
256,2,92,4508.971875,36.187483495821354,215.46938446186402,0.027220218617497044
256,2,93,4529.19765625,36.82668902826237,218.88069587093455,0.027439578379861995
256,2,94,4549.4234375,37.4199361579462,222.65578222936588,0.02742139191328624
256,2,95,4569.64921875,38.10461835576139,227.01812936491936,0.027503373402903986
256,2,96,4589.875,38.77053026153496,230.15065056258274,0.027433289170559344
256,2,97,4610.10078125,39.53325442540351,232.77143014515744,0.02773324545170784
256,2,98,4630.3265625,40.098530103178575,236.72644331596834,0.02795773529049722
256,2,99,4650.55234375,41.00115944090112,240.69834640764898,0.027933652972746137
256,2,100,4670.778125,41.63601125862031,247.33029218602607,0.02775140703711182
256,2,101,4691.00390625,42.64309598842911,256.3727326569513,0.027933024017096422
256,2,102,4711.229687499999,43.48294800858078,265.0182824253022,0.027963221058805582
256,2,103,4731.45546875,44.316148381991766,268.49625459234557,0.028106399224608197
256,2,104,4751.68125,45.14047761335054,269.5360774756784,0.028007595311928257
256,2,105,4771.90703125,45.74786914776935,271.1832029782622,0.02806453171966261
256,2,106,4792.1328125,46.43242298634435,276.48018704596177,0.028270725458358695
256,2,107,4812.358593749999,47.205727184439866,281.44378302744144,0.02828066766769055
256,2,108,4832.584375,47.870713846978305,286.1722126015025,0.02831528198531108
256,2,109,4852.81015625,49.0474133541409,291.28740458651885,0.028301192888477433
256,2,110,4873.0359375,49.99603241674106,295.37887327819044,0.02849926741887998
256,2,111,4893.26171875,50.62405077053589,299.8807411911181,0.028517632836531914
256,2,112,4913.487499999999,51.62595969717087,304.3709154810212,0.028908276308721795
256,2,113,4933.71328125,52.330396791455804,310.20081841450593,0.029006325525111898
256,2,114,4953.9390625,53.079998854102655,315.37409387539867,0.028984861595339473
256,2,115,4974.16484375,53.607005341429456,320.0356755886015,0.029068891645507577
256,2,116,4994.390625,54.13668773773121,322.76229901376803,0.029455401134356046
256,2,117,5014.616406249999,54.662599957944884,328.56424766435964,0.029815990300125633
256,2,118,5034.8421875,55.32251375391124,334.5489312180308,0.029917963766459832
256,2,119,5055.06796875,55.892210821869135,340.55026489371716,0.029816118190811522
256,2,120,5075.29375,56.61691514135957,345.9734733686808,0.030113526057619355
256,2,121,5095.51953125,57.35712876571008,351.1600866738704,0.0304185981307957
256,2,122,5115.745312499999,58.13484336563251,356.35185307557066,0.030406135189703365
256,2,123,5135.97109375,58.50873143580883,361.55097375521206,0.030691655454426203
256,2,124,5156.196875,59.07486748805482,366.75683285527845,0.03117684831502321
256,2,125,5176.42265625,59.71158517070095,375.00642884456215,0.0312830101219172
256,2,126,5196.6484375,60.6463999228847,381.3195844590471,0.0311606619044294
256,2,127,5216.874218749999,61.19665250885545,386.05198579560863,0.031845683948518444
256,2,128,5237.1,62.0637148363426,392.2226413872256,0.0319382439140925
256,2,129,5257.32578125,63.212815018788135,396.69369728685933,0.03204983543593498
256,2,130,5277.5515625,63.96494349634038,401.43613787483986,0.031827464070904865
256,2,131,5297.77734375,64.76148344067903,406.39916609268386,0.03226765571835363
256,2,132,5318.003124999999,65.6587619189394,411.35391145063863,0.032332322319222895
256,2,133,5338.22890625,65.96454878077425,416.09688995891,0.03242712543477348
256,2,134,5358.4546875,67.09441998521345,420.1760257210601,0.03238366092993272
256,2,135,5378.68046875,67.67420877539182,424.0050217327532,0.0322880967709438
256,2,136,5398.90625,68.34049226419232,427.79697757877534,0.03262892784898497
256,2,137,5419.132031249999,69.08529513335831,431.9200722969432,0.03272163211918977
256,2,138,5439.3578125,69.92886962421733,435.894016383078,0.0329318514453239
256,2,139,5459.58359375,70.71052250780139,441.04822982868313,0.03311939946796724
256,2,140,5479.809375,71.55955558002341,447.7214832709551,0.03320994198552715
256,2,141,5500.03515625,72.26022328256822,453.30956022178975,0.03339884116028077
256,2,142,5520.260937499999,72.95660560439939,458.7095484021866,0.03351750828040491
256,2,143,5540.48671875,73.60504257941949,464.04631866574493,0.03373805177078401
256,2,144,5560.7125,74.67325927949804,468.45443629265844,0.03382071556158606
256,2,145,5580.93828125,75.40533309534936,472.8712859116844,0.0340526490327283
256,2,146,5601.1640625,76.38210083358854,477.50378202037876,0.03413971746908347
256,2,147,5621.389843749999,76.91516954864954,482.79814630287507,0.03434136041920166
256,2,148,5641.615625,77.49406518484156,488.6289058559223,0.034516159384968825
256,2,149,5661.84140625,78.09808222693871,494.47363920604664,0.034588068426343044
256,2,150,5682.0671875,78.77628632545566,500.3324302692698,0.03477909035809815
256,2,151,5702.29296875,79.71340524619956,506.20538571002885,0.03511391492491342
256,2,152,5722.518749999999,80.54766746435615,512.7353600068387,0.03520591126335293
256,2,153,5742.74453125,81.44523762929148,521.9127059391353,0.035236918126454325
256,2,154,5762.9703125,82.42653213469723,529.872355593446,0.03534075097497147
256,2,155,5783.19609375,83.41047440599911,538.1094059266242,0.03558862328421897
256,2,156,5803.421875,84.39698812869135,545.8985342949333,0.03595548889293032
256,2,157,5823.647656249999,85.3019069170148,552.5739183626641,0.03623540363198452
256,2,158,5843.8734375,86.33126300619753,559.2786371903173,0.03608060058703233
256,2,159,5864.09921875,87.16466794807627,565.7988386717466,0.03602473108342552
256,2,160,5884.325,87.76464909159719,572.1701554870992,0.036219382690945434
256,2,161,5904.55078125,88.55038981477247,578.5111611935,0.03622948577124488
256,2,162,5924.776562499999,89.36679866443589,584.7854566284601,0.03685500164304911
256,2,163,5945.00234375,90.1574252351993,591.054861187083,0.03704504652781576
256,2,164,5965.228125,91.55218941789045,597.318242959488,0.03716386471722816
256,2,165,5985.45390625,92.76657847873025,603.2862262589169,0.03763582018698197
256,2,166,6005.6796875,93.527678570425,608.6999633734384,0.03763537683855456
256,2,167,6025.905468749999,94.41884569234483,614.5682685503592,0.03807693880184676
256,2,168,6046.13125,95.43380413638593,621.2607223175928,0.038023604080963946
256,2,169,6066.35703125,96.4118048104077,628.359786091779,0.038234727275958044
256,2,170,6086.5828125,97.55353436459777,636.9526084363187,0.038462571546184904
256,2,171,6106.80859375,98.4091368645714,647.5904912445321,0.038384221383885864
256,2,172,6127.034374999999,99.67025819002632,655.1835766440635,0.038314122953565094
256,2,173,6147.26015625,100.72481479980645,662.7508378191988,0.03862478336357639
256,2,174,6167.4859375,101.87653806474539,670.2901316251402,0.0388595383542939
256,2,175,6187.71171875,102.94779878478178,677.0920574491394,0.03888198251564279
256,2,176,6207.9375,103.94454987208556,683.1846860188604,0.038671585645772
256,2,177,6228.163281249999,104.42927096868831,689.2699495262888,0.03878051212918843
256,2,178,6248.3890625,105.27479443144765,695.3479518232209,0.03890723605953078
256,2,179,6268.61484375,106.37202691984405,701.4185961917154,0.03911841498570323
256,2,180,6288.840625,107.6796947876554,707.4817514156592,0.03922451763763678
256,2,181,6309.06640625,108.6126872968239,713.5371506240223,0.03970719475199572
256,2,182,6329.292187499999,109.19056020954093,716.7782675503811,0.03934203194386893
256,2,183,6349.51796875,110.13671304823137,718.4463837968862,0.039775945443601586
256,2,184,6369.74375,110.84801656557173,722.0575331247062,0.039858134832454484
256,2,185,6389.96953125,111.56889064525714,733.0932050730439,0.040007470296306996
256,2,186,6410.1953125,112.5562046113552,743.2684357076787,0.04002433598340738
256,2,187,6430.421093749999,113.74938203308784,749.1309872801821,0.04008955530673819
256,2,188,6450.646875,115.04104628398053,754.9813690807863,0.0403744931516542
256,2,189,6470.87265625,115.82276647202386,760.8187403009753,0.04058676335344513
256,2,190,6491.0984375,116.67469297642194,766.6421333428652,0.04070767128157293
256,2,191,6511.32421875,117.53212094508271,772.4504769821121,0.04095397940825224
256,2,192,6531.55,118.6234260933669,778.6596965844489,0.04102639542245823
256,2,193,6551.77578125,119.71906824844314,788.0337851270733,0.04108197910106595
256,2,194,6572.0015625,120.98927134147439,797.4505284973139,0.041110068818212
256,2,195,6592.22734375,122.09451314631306,803.7644168071654,0.04131262948536829
256,2,196,6612.453125,123.20301390492929,812.2741259007635,0.041614595664034304
256,2,197,6632.67890625,124.3495463141117,821.2053878518541,0.041375596668564996
256,2,198,6652.9046875,125.35083134895035,826.2214986037578,0.04137847603857131
256,2,199,6673.13046875,126.30840192440616,831.4852651341747,0.041160234184350886
256,2,200,6693.35625,127.51182145012433,837.8782841880609,0.0410695010872042
256,2,201,6713.58203125,128.1848207494004,844.2759766994567,0.04085246781389967
256,2,202,6733.8078125,129.19849665790946,850.6768385050434,0.04079499987591148
256,2,203,6754.03359375,130.18401125967347,857.3067501880776,0.040756613514169454
256,2,204,6774.259375,131.4338869259864,864.5312066185805,0.040657614503333134
256,2,205,6794.48515625,131.6520398673183,871.6762812488997,0.040269431425151575
256,2,206,6814.7109375,132.39427950114123,878.8123844709219,0.040119588240988824
256,2,207,6834.93671875,133.44135890129522,886.9565383700983,0.04013576507369554
256,2,208,6855.1625,134.55154889112532,896.9022970773322,0.04001306683822786
256,2,209,6875.38828125,135.8243172502807,908.7398774711445,0.0399614741520421
256,2,210,6895.6140625,136.9715562565633,918.9120692761658,0.03988556850295123
256,2,211,6915.83984375,138.21054361869756,925.6911248225912,0.03984281327549903
256,2,212,6936.065625,139.0985020202776,931.9999128549464,0.03993097705731752
256,2,213,6956.29140625,140.14390479967693,941.0011566855748,0.03984616115449563
256,2,214,6976.5171875,141.17554252418228,949.7661123106791,0.03975695826934078
256,2,215,6996.74296875,142.6815580835638,955.6681379854581,0.039934080588693854
256,2,216,7016.96875,143.84923222506947,961.5734151624301,0.04004612526171264
256,2,217,7037.19453125,145.1628227802724,967.1859328597153,0.04043306752238296
256,2,218,7057.4203125,146.12864624331564,972.5837058046491,0.04068522675086325
256,2,219,7077.64609375,147.86497054136862,977.9709758778282,0.040763911110852646
256,2,220,7097.871875,148.71609105178385,983.351357748881,0.0404464980983954
256,2,221,7118.09765625,149.83973478748285,988.7317976836313,0.04047854961600206
256,2,222,7138.3234375,150.39356987225415,995.8408653723366,0.04088544664215821
256,2,223,7158.54921875,151.20408865182685,1003.1451957606222,0.04091938236899621
256,2,224,7178.775,152.62969706923798,1010.4422222606754,0.04070103565016574
256,2,225,7199.00078125,153.70358457641208,1018.2613105640414,0.0405271159296507
256,2,226,7219.2265625,154.64943205261707,1029.0788992807047,0.04086862508333872
256,2,227,7239.45234375,155.51730000810875,1042.4511155698087,0.040738715854818364
256,2,228,7259.678125,156.75449040666928,1055.1102442792958,0.041113593598700315
256,2,229,7279.90390625,157.66935967803104,1061.9716808663666,0.041453222313244525
256,2,230,7300.1296875,158.48405061299266,1068.828647244275,0.04140042618808876
256,2,231,7320.35546875,159.89592621771965,1076.0872947705018,0.041433162729878625
256,2,232,7340.58125,161.13325899320574,1085.6565648337037,0.040838155020693837
256,2,233,7360.80703125,162.0746271048765,1095.2140755325893,0.04145888106636686
256,2,234,7381.0328125,163.10811869736972,1104.687531175952,0.04141299727138115
256,2,235,7401.25859375,164.33594875168689,1113.9156379074002,0.0413663567419946
256,2,236,7421.484375,165.3046007756313,1123.484847856668,0.04128946380294041
256,2,237,7441.71015625,166.3556937156946,1132.6800271769002,0.041380964493589745
256,2,238,7461.9359375,167.29929516986107,1141.7187334140867,0.04118079859359927
256,2,239,7482.16171875,168.37838322132822,1150.7354172351395,0.04119149425670793
256,2,240,7502.3875,169.80025950522895,1165.187096608848,0.04122573714063216
256,2,241,7522.61328125,170.78649990946394,1182.985254147936,0.041202415876365195
256,2,242,7542.8390625,171.68120719074642,1194.5733012490825,0.04115422528072621
256,2,243,7563.06484375,171.86746637097534,1206.9940515595374,0.04120506035747151
256,2,244,7583.290625,173.78084773527917,1217.8439812210358,0.04154253296449577
256,2,245,7603.51640625,174.86928984509376,1229.554290061629,0.0417378597229387
256,2,246,7623.7421875,175.1973679690463,1241.3199073224162,0.041896939499089236
256,2,247,7643.96796875,176.2143473548027,1253.126535747293,0.04131850812255297
256,2,248,7664.19375,177.22716414679078,1264.9616276928834,0.04140835090166162
256,2,249,7684.41953125,178.37675358926901,1274.888066016087,0.041676052767038174
256,2,250,7704.6453125,179.40018682656577,1282.324043389957,0.04187695281227671
256,2,251,7724.87109375,180.74783853447474,1289.3335841787803,0.042094650646723464
256,2,252,7745.096875,181.65701208629642,1296.2222818478233,0.04240978752884095
256,2,253,7765.32265625,182.54165382664655,1301.477670272282,0.04269608991083404
256,2,254,7785.5484375,183.20781456652685,1306.7180169009362,0.042464048849062686
256,2,255,7805.77421875,184.22787772860403,1311.9688042569344,0.04281052518677331
256,2,256,7826.0,185.3010792473865,1318.8905201932214,0.0429717965814147
256,4,0,2648.2,0.0,0.0,0.0
256,4,1,2668.42578125,0.03876975584468609,0.5717199541882699,0.0005954017223835928
256,4,2,2688.6515624999997,0.07977583638449046,1.173866133038445,0.0011713490564654871
256,4,3,2708.87734375,0.12936208408513747,1.8320393697710766,0.0017489059104380117
256,4,4,2729.1031249999996,0.18345891379166793,2.5343110907125244,0.002322741436479401
256,4,5,2749.32890625,0.25878540001486405,3.2612787963375798,0.0028732651144169896
256,4,6,2769.5546875,0.34623777017924423,4.035274666937023,0.0033474296365423872
256,4,7,2789.7804687499997,0.44381987747909113,4.925292149537673,0.003898679670828742
256,4,8,2810.00625,0.559193987732514,5.742633524807937,0.004416518271210812
256,4,9,2830.2320312499996,0.6872696378519163,6.72262982271135,0.0049610852035910855
256,4,10,2850.4578125,0.8247281357385535,7.803189807200937,0.005356979917125505
256,4,11,2870.68359375,0.9785871321095463,8.692776874857978,0.005742663796025511
256,4,12,2890.9093749999997,1.1531217642292693,9.671948724477907,0.006231407723688784
256,4,13,2911.13515625,1.3464910339771652,10.526249523520969,0.006599964095707275
256,4,14,2931.3609374999996,1.5521635531972735,11.44868888214283,0.007069604472592812
256,4,15,2951.58671875,1.7470012873451235,12.38692765918234,0.0074492665793172985
256,4,16,2971.8125,1.972066238042302,13.323754190242003,0.007891207472510847
256,4,17,2992.0382812499997,2.2068964350897726,14.100416580890592,0.00832249642298004
256,4,18,3012.2640625,2.4372664627960106,15.030080760723004,0.008783833289251024
256,4,19,3032.4898437499996,2.6775884669865047,16.25858161008253,0.009218397066412809
256,4,20,3052.715625,2.924031223763147,17.367056807730247,0.009671850886435471
256,4,21,3072.94140625,3.1884697567191216,19.022199607860184,0.010061901718167593
256,4,22,3093.1671874999997,3.4570942662740274,20.715406139255023,0.010292237596801895
256,4,23,3113.39296875,3.760516668156516,22.502401210568596,0.01072659076795622
256,4,24,3133.6187499999996,4.044847809714739,24.28783349138453,0.010965727287610277
256,4,25,3153.84453125,4.342331510577305,26.12320506402425,0.011522538015566915
256,4,26,3174.0703125,4.6399962357685745,28.025612342910858,0.012002151375184195
256,4,27,3194.2960937499997,4.982517663013255,30.47588209600257,0.012320616568188558
256,4,28,3214.521875,5.327570664478256,32.435194589410216,0.012651935143732224
256,4,29,3234.7476562499996,5.667423041134427,34.13051867353646,0.013096345878342228
256,4,30,3254.9734375,6.0358879725968855,35.882642926738924,0.013485396601217725
256,4,31,3275.19921875,6.403700218410549,37.59038267145071,0.013855941983935416
256,4,32,3295.4249999999997,6.763382264342159,39.6986315063293,0.01413870363436813
256,4,33,3315.65078125,7.117207027750299,41.89089559551471,0.014499683527752043
256,4,34,3335.8765624999996,7.49413161168793,43.937172511286946,0.014801948545001276
256,4,35,3356.10234375,7.87003692684104,45.93670335357936,0.015010866359240621
256,4,36,3376.328125,8.2735382438306,47.966299598861404,0.015208771508978598
256,4,37,3396.5539062499997,8.669606096700095,50.024855065601166,0.015516343766466822
256,4,38,3416.7796875,8.97755287787207,52.44787161712221,0.016013015763066685
256,4,39,3437.0054687499996,9.400211556237414,54.352485278756085,0.016384712829664583
256,4,40,3457.23125,9.78086653954771,56.992114463121865,0.016852165243264744
256,4,41,3477.45703125,10.220913264491013,59.810886191865926,0.017319441232989397
256,4,42,3497.6828124999997,10.615672823126097,62.2547091183482,0.01750744977959285
256,4,43,3517.90859375,11.062430715732209,64.72760437724797,0.017917882397369037
256,4,44,3538.1343749999996,11.489312336201067,67.21852671327703,0.018363133462928616
256,4,45,3558.36015625,11.976058982083941,69.91571727405534,0.01854183005946773
256,4,46,3578.5859375,12.439215708333805,73.01943757540792,0.018765978289315456
256,4,47,3598.8117187499997,12.924203821690465,75.85325637642174,0.019032838335768416
256,4,48,3619.0375,13.407800418692633,78.4958785259104,0.019138457307775122
256,4,49,3639.2632812499996,13.875880034321257,81.16519638113387,0.019466857678021587
256,4,50,3659.4890625,14.335130549045415,83.85683277389239,0.019783210966170528
256,4,51,3679.71484375,14.811587882137403,86.56899963238655,0.020350076003060324
256,4,52,3699.940625,15.341377529304008,89.57986618307156,0.020645041094728006
256,4,53,3720.16640625,15.888986157346226,92.94961425243595,0.020788467309355158
256,4,54,3740.3921874999996,16.470810432446843,96.3686939860516,0.020912198538098063
256,4,55,3760.61796875,16.905314686426465,99.8342455272065,0.02124698067571852
256,4,56,3780.84375,17.403080548520137,102.7885630626274,0.021222320692062743
256,4,57,3801.06953125,17.985614467364343,106.73521879144006,0.021498856489644835
256,4,58,3821.2953125,18.470241862523423,109.87950386604436,0.021747995520758623
256,4,59,3841.5210937499996,18.991139771883297,113.26983358603722,0.022056972357645255
256,4,60,3861.746875,19.57507375500385,116.59940526761926,0.022064813930022797
256,4,61,3881.97265625,20.1014887404802,119.64405676360605,0.022383941187049256
256,4,62,3902.1984375,20.740617352767615,122.38925754233645,0.022677461786493186
256,4,63,3922.42421875,21.27266030240269,124.49402872245008,0.022902860204903827
256,4,64,3942.6499999999996,21.835908024993593,128.6262798897663,0.02328179980080891
256,4,65,3962.87578125,22.374332843919483,132.72641694991017,0.023383952533279767
256,4,66,3983.1015625,22.99810871241798,133.732035232252,0.023691261876641195
256,4,67,4003.32734375,23.479772409736185,136.0898523909796,0.023804454462509825
256,4,68,4023.553125,24.27329675063754,138.4223748554181,0.02373883351145748
256,4,69,4043.7789062499996,24.943249364047055,141.88271081923682,0.0239840034913074
256,4,70,4064.0046875,25.445875561948085,146.94088824751086,0.02413309982594522
256,4,71,4084.23046875,25.959691262003787,150.75439922542884,0.02412947096689516
256,4,72,4104.45625,26.76686620072081,156.28382005290132,0.024362712123159914
256,4,73,4124.68203125,27.38045336379189,160.21128764570054,0.024470730995086905
256,4,74,4144.9078125,28.06864163336462,163.65343635413268,0.02472830779615999
256,4,75,4165.13359375,28.92965189545231,166.78638168239684,0.024959658591572516
256,4,76,4185.359375,29.63729387213271,170.063416685719,0.025283190537185064
256,4,77,4205.58515625,30.35325856592487,174.46771296297018,0.02573926435709209
256,4,78,4225.8109375,30.98429905757547,176.6802650080657,0.026102613001807804
256,4,79,4246.03671875,31.693739173086776,182.17882515019753,0.026327797318576648
256,4,80,4266.2625,32.26400829169377,187.55320700096067,0.026478555721206817
256,4,81,4286.48828125,32.90887965252877,192.68013291198994,0.026672682530864553
256,4,82,4306.7140625,33.66129843861166,198.05150383477007,0.02680219794539123
256,4,83,4326.93984375,34.25114154585859,203.07825746482027,0.026778287945471158
256,4,84,4347.165625,34.93070256420354,207.73145169741773,0.026710909697332322
256,4,85,4367.39140625,35.70576370632396,215.13891175763587,0.026991822138236476
256,4,86,4387.6171875,36.28439505199591,220.1981460167334,0.027379785914369292
256,4,87,4407.84296875,36.980240936636605,221.9173203664336,0.02746189186869901
256,4,88,4428.06875,37.67522944423904,224.75482927078852,0.02764612344597142
256,4,89,4448.29453125,38.172066466867896,227.6477839057038,0.027751844426264494
256,4,90,4468.5203125,38.688117333236555,230.27543416239516,0.027996996311814917
256,4,91,4488.74609375,39.411678271213916,233.28034299951233,0.02792197375593719
256,4,92,4508.971875,40.40545995367595,237.84301956427723,0.028176194504179672
256,4,93,4529.19765625,41.02572678315185,242.60075645345776,0.02822212762550874
256,4,94,4549.4234375,41.735704880489116,247.69865695180982,0.028225493767006227
256,4,95,4569.64921875,42.27688217303199,252.8143979821384,0.02828820351419639
256,4,96,4589.875,43.19205727541783,259.0737826217855,0.02846101065772863
256,4,97,4610.10078125,43.952783784469844,265.24526996006074,0.02872893564971439
256,4,98,4630.3265625,44.48939424429592,268.5813710675938,0.02892684577474741
256,4,99,4650.55234375,45.18235580757244,275.6186451189218,0.029019825813277056
256,4,100,4670.778125,45.68333557933124,282.45491096097805,0.02921503245480444
256,4,101,4691.00390625,46.5608283201248,288.9515083855897,0.029308149372534724
256,4,102,4711.229687499999,47.1293850012091,295.2724481097525,0.029374423053462467
256,4,103,4731.45546875,47.80064505938195,301.6221396476934,0.02941880082189645
256,4,104,4751.68125,48.618084374939,304.24143185866427,0.029639655956953392
256,4,105,4771.90703125,49.408489947793925,307.11569590453314,0.029806689382292847
256,4,106,4792.1328125,50.16464977340551,311.6407271407539,0.029792006445022307
256,4,107,4812.358593749999,50.85254621625209,316.55121452945053,0.029855979881025785
256,4,108,4832.584375,51.8729764040997,321.20009719638347,0.02987915084450704
256,4,109,4852.81015625,52.613470806820104,326.16096776766227,0.03002955252512894
256,4,110,4873.0359375,53.18737126504077,332.2042621708293,0.030029433927519777
256,4,111,4893.26171875,54.01122367397725,336.4728982535606,0.030109697295360727
256,4,112,4913.487499999999,54.5420213135277,341.29108752927664,0.030496098969105996
256,4,113,4933.71328125,55.20036714712383,350.1133677791266,0.03068971910400592
256,4,114,4953.9390625,55.92091794496592,355.9794469660796,0.03093406344718483
256,4,115,4974.16484375,56.76602663743405,361.23066331000206,0.03104273405523522
256,4,116,4994.390625,57.49098711185228,365.95823650910035,0.030932254348065187
256,4,117,5014.616406249999,58.70704001504137,369.9125837357329,0.030984047893334657
256,4,118,5034.8421875,59.672038131380695,375.196732938228,0.03110091718871999
256,4,119,5055.06796875,60.35277442632909,379.71825349630905,0.03129096276824339
256,4,120,5075.29375,61.280803070531874,384.9780762023223,0.03156733482067263
256,4,121,5095.51953125,62.21715816185605,388.7718682752484,0.031635768430054306
256,4,122,5115.745312499999,63.21010353212034,392.93305287674707,0.031606320801305654
256,4,123,5135.97109375,64.24568661560562,397.0858129266786,0.03163805055336755
256,4,124,5156.196875,65.03590785310405,401.13751015504204,0.03176901194142795
256,4,125,5176.42265625,65.801422207662,405.22204309071844,0.03195841102735658
256,4,126,5196.6484375,66.58549971324328,409.8204023726246,0.031811654907044906
256,4,127,5216.874218749999,67.35800520266275,415.6398447875364,0.031837576652979545
256,4,128,5237.1,68.29715727663444,421.4786292866886,0.031902755276293215
256,4,129,5257.32578125,69.17384800835777,427.336039702458,0.031868291731761145
256,4,130,5277.5515625,69.84218501254239,434.02597980318444,0.03189691055469762
256,4,131,5297.77734375,70.53936375412746,441.5150585982986,0.03209464682365701
256,4,132,5318.003124999999,71.45010558125628,447.7552710083357,0.032582963666996645
256,4,133,5338.22890625,72.2523293541193,453.74670903936556,0.03260071388272792
256,4,134,5358.4546875,73.0571689934926,458.4266338502983,0.03257041392190976
256,4,135,5378.68046875,73.70185562034433,461.78197912243354,0.0327992331577015
256,4,136,5398.90625,74.51418480924944,465.742795931349,0.03297850045098222
256,4,137,5419.132031249999,75.2903207843938,470.6502584188854,0.03293019539097816
256,4,138,5439.3578125,76.13597617786154,475.5507754880545,0.033200179883331044
256,4,139,5459.58359375,77.04791651709827,480.4464243114444,0.03337452331149404
256,4,140,5479.809375,77.96850992284598,485.3392883337813,0.03366439785646314
256,4,141,5500.03515625,78.95711853017485,490.01632490533376,0.03378011313932838
256,4,142,5520.260937499999,79.84300559790736,494.1077423121467,0.03410008706296406
256,4,143,5540.48671875,80.45828405483648,497.7458368703299,0.034153260237528016
256,4,144,5560.7125,81.01444777885303,498.57688985841503,0.034471913081368655
256,4,145,5580.93828125,81.69201168537074,502.9317299991765,0.03483425247478855
256,4,146,5601.1640625,82.4340153845629,507.9837450884225,0.03486122090066296
256,4,147,5621.389843749999,83.39513834641829,513.3752456920432,0.0349324885326463
256,4,148,5641.615625,84.47553356129221,521.0101098728885,0.034832927152075865
256,4,149,5661.84140625,85.32697118391305,528.1902702683182,0.034737665652671834
256,4,150,5682.0671875,86.01507106182913,534.5214993929459,0.03495125400216487
256,4,151,5702.29296875,86.71598656763035,540.931276480237,0.03529223109823704
256,4,152,5722.518749999999,87.50887805984468,545.9702704909739,0.03554725971156858
256,4,153,5742.74453125,87.92756362731444,549.5660229477152,0.03568086129573933
256,4,154,5762.9703125,88.68730274844086,555.6803565750758,0.03578604797714602
256,4,155,5783.19609375,89.46645598640808,562.2335572333651,0.03590571492459449
256,4,156,5803.421875,90.02406601258357,567.211568836998,0.03601873494615132
256,4,157,5823.647656249999,90.72203836196431,572.9789346779982,0.036127575870854856
256,4,158,5843.8734375,91.95461150005187,578.7736086294556,0.036550169191174736
256,4,159,5864.09921875,92.81108495162545,584.5952854226487,0.0366428330914742
256,4,160,5884.325,93.7379704526239,590.4436374553475,0.03675063293875035
256,4,161,5904.55078125,94.5425701828512,596.3182844334237,0.03673032995549219
256,4,162,5924.776562499999,95.32545059672702,602.2185331933074,0.03672531694848269
256,4,163,5945.00234375,95.93135523465145,608.1440429453548,0.03679172507119188
256,4,164,5965.228125,96.96356612549667,612.9744719396484,0.036922254356214906
256,4,165,5985.45390625,97.72740556763473,618.0901462599901,0.03701550494834838
256,4,166,6005.6796875,98.80429243741952,623.3868670209995,0.03710814581028843
256,4,167,6025.905468749999,99.91943291410573,628.7057384442705,0.03735384706785028
256,4,168,6046.13125,101.44919592001037,634.0488235353008,0.03734886814791942
256,4,169,6066.35703125,102.38433331009706,639.4172223809006,0.03728127030025452
256,4,170,6086.5828125,103.04521156809324,645.0492024590682,0.03737646211662837
256,4,171,6106.80859375,103.93709019393697,652.0683049176597,0.03708747383024402
256,4,172,6127.034374999999,104.61873824360272,659.1163436545874,0.037332954417691744
256,4,173,6147.26015625,105.30068490692204,666.2048398724489,0.037418770751931896
256,4,174,6167.4859375,105.92630787367597,673.3336876089688,0.037446395760379336
256,4,175,6187.71171875,106.79352007846822,680.5029422213578,0.03750191126122848
256,4,176,6207.9375,107.74587891089881,687.7125759591936,0.03740455605608789
256,4,177,6228.163281249999,108.58813310396582,693.0845193109587,0.03771209770175171
256,4,178,6248.3890625,109.5294050363359,694.3516319901629,0.03770254896955788
256,4,179,6268.61484375,110.1624663859279,695.6504963331071,0.037865911390412565
256,4,180,6288.840625,111.21394551448009,701.8704452611357,0.03788096245366246
256,4,181,6309.06640625,112.40044197246837,708.1203720797215,0.037963848455474514
256,4,182,6329.292187499999,113.48261837338033,714.4002852971628,0.03808156855851508
256,4,183,6349.51796875,114.3095830161331,721.0472990573451,0.03855558403728643
256,4,184,6369.74375,115.41398162340778,728.0774463693036,0.038871531932337805
256,4,185,6389.96953125,116.58155468153564,735.2194745337805,0.03908485646137577
256,4,186,6410.1953125,117.71805690385754,742.4647868721402,0.039183103509247974
256,4,187,6430.421093749999,118.65937997534148,749.810670604443,0.0394874466777273
256,4,188,6450.646875,119.08718681460411,757.2579651249478,0.039864988258187656
256,4,189,6470.87265625,120.33658425395839,764.8041113685596,0.04025416979963614
256,4,190,6491.0984375,121.30565968316388,772.4423056722644,0.040437072513544586
256,4,191,6511.32421875,122.46432138013094,779.7185647513927,0.040559012170829356
256,4,192,6531.55,123.57031212018197,786.6098626426527,0.040668575748893654
256,4,193,6551.77578125,124.83084275830004,794.657802902709,0.041104712327787174
256,4,194,6572.0015625,125.93792807163379,802.7820249410154,0.041216778815869604
256,4,195,6592.22734375,127.0836818913137,810.9226672488644,0.04170214137405912
256,4,196,6612.453125,127.8269469349963,818.4977998965638,0.04226499612847097
256,4,197,6632.67890625,128.97438479355196,824.5844440546883,0.04262764120313567
256,4,198,6652.9046875,130.21086840767924,831.0098186515489,0.04302172020946918
256,4,199,6673.13046875,131.06897214231844,838.5443286558931,0.042885447220026955
256,4,200,6693.35625,131.85207900633714,846.1306690379902,0.04320282989373793
256,4,201,6713.58203125,133.28692438422974,853.453411708322,0.042783639104142235
256,4,202,6733.8078125,134.2928171100633,860.1830623258197,0.043450268028814854
256,4,203,6754.03359375,135.19495234045755,869.1778785154205,0.043346829164223055
256,4,204,6774.259375,136.13446558055728,876.7992533311236,0.043407891626948136
256,4,205,6794.48515625,137.12201387933095,884.3699601202992,0.04340357865573619
256,4,206,6814.7109375,138.1979835586729,891.9585975201198,0.0435648871763214
256,4,207,6834.93671875,139.3497646428824,899.5598820110561,0.04394682974099423
256,4,208,6855.1625,140.12980920315988,909.3147001884196,0.04455251446724984
256,4,209,6875.38828125,140.83974584801106,919.8515467257962,0.04465660377014902
256,4,210,6895.6140625,141.78252411730642,930.3293838593959,0.04489328921350455
256,4,211,6915.83984375,142.76195741242572,939.5806201555919,0.04541887083906945
256,4,212,6936.065625,143.74531545470802,945.6355260039958,0.0457231673943511
256,4,213,6956.29140625,144.59224092820028,951.3924480732452,0.04570576808200777
256,4,214,6976.5171875,145.57308574545328,959.0167191366374,0.0458651802956421
256,4,215,6996.74296875,146.70582644081577,971.7627461874911,0.045895396182896175
256,4,216,7016.96875,148.28324862685224,977.4304838723676,0.046175868388235314
256,4,217,7037.19453125,149.70887321531347,983.0102946458724,0.046221456609388256
256,4,218,7057.4203125,151.18980016523574,990.1489820188801,0.04650783039910483
256,4,219,7077.64609375,152.6842872108828,998.5334909275651,0.0466823057993504
256,4,220,7097.871875,153.62797520597542,1006.8722153640584,0.04667615743224329
256,4,221,7118.09765625,155.06632858301333,1015.1648884578382,0.04662933274593439
256,4,222,7138.3234375,156.80348620930187,1023.407617180037,0.04674616963524364
256,4,223,7158.54921875,158.0846584790708,1031.1956770966476,0.046602673843133824
256,4,224,7178.775,158.90771678632893,1036.3147406801104,0.046751060678251743
256,4,225,7199.00078125,159.90803100565185,1041.0071651672852,0.04702230662835538
256,4,226,7219.2265625,160.9166177660863,1044.9799457728273,0.04733021521013264
256,4,227,7239.45234375,162.51992761707046,1048.5043930584773,0.04735989719700795
256,4,228,7259.678125,163.29214468118192,1054.4337684495385,0.048048744988135605
256,4,229,7279.90390625,164.5405257090778,1062.1627371211782,0.0487453425786679
256,4,230,7300.1296875,165.6776962983667,1070.4583227200774,0.04880727072171728
256,4,231,7320.35546875,166.97327460891165,1078.6558730965255,0.04873761858998488
256,4,232,7340.58125,168.077671598613,1086.7410777210862,0.049030348709823424
256,4,233,7360.80703125,169.18137829940235,1098.4137168052487,0.04907727720874361
256,4,234,7381.0328125,170.40856434754545,1103.9095265285991,0.0490665050406347
256,4,235,7401.25859375,171.68791307139938,1111.8553682469335,0.04945464776669184
256,4,236,7421.484375,173.07238620731817,1118.1090666083858,0.04949266339103475
256,4,237,7441.71015625,174.67393398140518,1119.2002350289167,0.04956779007512374
256,4,238,7461.9359375,176.53155632026628,1123.911673607941,0.04993095237677825
256,4,239,7482.16171875,177.92520915896733,1129.788676825197,0.04983420907870781
256,4,240,7502.3875,179.18822936754827,1136.4915461464104,0.05004275720343204
256,4,241,7522.61328125,179.99562839456263,1143.1932710252343,0.05024409950005887
256,4,242,7542.8390625,180.80673928005433,1149.872925605487,0.05057434765163779
256,4,243,7563.06484375,182.17419249035083,1157.5958128414964,0.05079730467176524
256,4,244,7583.290625,183.26270888330737,1167.7983502996356,0.050972818582205315
256,4,245,7603.51640625,184.34694260332935,1177.1288478292402,0.05102071763279925
256,4,246,7623.7421875,185.10321876834774,1186.8230917723117,0.051235978219522915
256,4,247,7643.96796875,185.90519615770384,1196.4786337443009,0.05154213453722328
256,4,248,7664.19375,187.1387451980879,1203.0733976385868,0.05192885702454478
256,4,249,7684.41953125,188.38031902919647,1209.4959017152983,0.051986152322019974
256,4,250,7704.6453125,189.39942871455597,1216.279801477381,0.051899409969111826
256,4,251,7724.87109375,190.3448856051433,1225.0288175853366,0.0522080597702701
256,4,252,7745.096875,191.59369126726492,1234.3925516466268,0.052134714177396596
256,4,253,7765.32265625,192.40179481027468,1244.7257277195947,0.052097250236443626
256,4,254,7785.5484375,193.25578803752734,1255.1044730280985,0.05204359748132992
256,4,255,7805.77421875,194.32264641906238,1265.5272496222806,0.05218886404190909
256,4,256,7826.0,195.57050308887875,1275.4826093953675,0.052444980634960836
256,8,0,2648.2,0.0,0.0,0.0
256,8,1,2668.42578125,0.10903367262779798,0.5114617829280006,0.0005256226997246011
256,8,2,2688.6515624999997,0.22105636044728552,1.0494497773305191,0.0010500581594258956
256,8,3,2708.87734375,0.3329239266543091,1.6549538669713368,0.001566748097043668
256,8,4,2729.1031249999996,0.44870127854751224,2.277393318519953,0.0020893673812931793
256,8,5,2749.32890625,0.5748008369147081,2.937261923277549,0.0025985568625555566
256,8,6,2769.5546875,0.7071344944348115,3.636203975783088,0.003121356873961832
256,8,7,2789.7804687499997,0.8487656121385225,4.498794486386815,0.0036125789397156716
256,8,8,2810.00625,0.9846782869063678,5.302002536098757,0.004140274630028487
256,8,9,2830.2320312499996,1.13767666754956,6.236986172618064,0.004615899907442749
256,8,10,2850.4578125,1.291667254016792,7.3309889490196385,0.005122741081355336
256,8,11,2870.68359375,1.4500137272712568,8.304994578369376,0.0056626298169048205
256,8,12,2890.9093749999997,1.6341877569505168,9.362894372516447,0.006170613773904751
256,8,13,2911.13515625,1.8184401022974255,10.297907232631827,0.00673250381815621
256,8,14,2931.3609374999996,2.008994660085845,11.26019379443937,0.007263938281976828
256,8,15,2951.58671875,2.1995202899474737,12.544127021735171,0.007799412850701716
256,8,16,2971.8125,2.405535959840469,13.677258197159228,0.008358912683026354
256,8,17,2992.0382812499997,2.6217362878037114,14.921540595157563,0.008676122489206274
256,8,18,3012.2640625,2.8410436145056197,16.325494386150453,0.009143218680260617
256,8,19,3032.4898437499996,3.0811171240490554,17.524472063047206,0.009534068160775913
256,8,20,3052.715625,3.3378468685463627,18.967744895943206,0.009954927521520045
256,8,21,3072.94140625,3.6280531684246116,20.77270574781745,0.010497603631458123
256,8,22,3093.1671874999997,3.8682094063982104,22.25889942931074,0.010920962613766676
256,8,23,3113.39296875,4.155724475986702,23.814403754126296,0.011241892403765844
256,8,24,3133.6187499999996,4.460115757288614,25.61013725531913,0.011698466571726657
256,8,25,3153.84453125,4.724464862189269,27.423534611568186,0.012093238849014698
256,8,26,3174.0703125,5.012596443330242,29.33632895307568,0.012583240544071245
256,8,27,3194.2960937499997,5.384776930346071,31.47434900717273,0.01290742258346425
256,8,28,3214.521875,5.700056604100952,33.85766311593738,0.013433861113937295
256,8,29,3234.7476562499996,6.020872833586292,35.629856125703526,0.013830927829847073
256,8,30,3254.9734375,6.314372646115198,37.26300213486387,0.01421177370006417
256,8,31,3275.19921875,6.646874476459841,39.03256727012915,0.014477260422767271
256,8,32,3295.4249999999997,7.082888973604915,40.99058488120654,0.014692502358878414
256,8,33,3315.65078125,7.483295578513168,43.27602747351297,0.015300338584253725
256,8,34,3335.8765624999996,7.962438126453936,45.679496959733136,0.015631147801258537
256,8,35,3356.10234375,8.393145237635226,47.74289388602407,0.01594499613067485
256,8,36,3376.328125,8.686944467554163,50.255397867817884,0.016329644614124922
256,8,37,3396.5539062499997,9.028242719259033,52.79224406051238,0.016694981453974772
256,8,38,3416.7796875,9.503890048398963,55.13069203950364,0.01715885331823354
256,8,39,3437.0054687499996,9.912493691850116,56.831269645189224,0.017533740925170363
256,8,40,3457.23125,10.429429384833412,59.041955377913276,0.017962853423341384
256,8,41,3477.45703125,10.860025837243153,61.60326128263498,0.018271653663144052
256,8,42,3497.6828124999997,11.245174995713649,64.1396269086034,0.018425655553636414
256,8,43,3517.90859375,11.783777275986008,65.70597818690491,0.018580346819403737
256,8,44,3538.1343749999996,12.308036011620455,68.60086674498898,0.01899421835296726
256,8,45,3558.36015625,12.736224910684015,71.2211757784884,0.019366738968740194
256,8,46,3578.5859375,13.098497898695346,73.56821184151505,0.019817771731143498
256,8,47,3598.8117187499997,13.59600074355436,76.05056351578192,0.020100112201399567
256,8,48,3619.0375,14.076306565474827,78.71633948773726,0.02040128551291341
256,8,49,3639.2632812499996,14.675732280431358,81.36199244324494,0.020613285453118663
256,8,50,3659.4890625,15.245866892091994,83.99138009469449,0.020796497967653232
256,8,51,3679.71484375,15.810737875792514,86.8441999115859,0.02097084915852988
256,8,52,3699.940625,16.338914000109952,89.41692526943231,0.021013449612050997
256,8,53,3720.16640625,16.9258229486205,91.43076047701236,0.02121581170738858
256,8,54,3740.3921874999996,17.482654277582135,94.46199292168764,0.021410567524690897
256,8,55,3760.61796875,18.073094008041018,96.89853232417016,0.02152000764245863
256,8,56,3780.84375,18.537081989432473,99.42824910141032,0.021713605131609345
256,8,57,3801.06953125,19.117048750693982,102.53674408544562,0.021800086262093593
256,8,58,3821.2953125,19.67432445282707,105.14358896001904,0.02215417034542866
256,8,59,3841.5210937499996,20.28120932483523,107.53453940447702,0.02207008244625025
256,8,60,3861.746875,20.878326635230437,109.74578857507095,0.02185591215903178
256,8,61,3881.97265625,21.470367211598408,112.14093640468187,0.022461830371509495
256,8,62,3902.1984375,22.06402108740983,114.35911688819101,0.0230131811087414
256,8,63,3922.42421875,22.643412982678445,117.35525561750086,0.023100102862289723
256,8,64,3942.6499999999996,23.24427491690568,120.74925093124116,0.02347435885954527
256,8,65,3962.87578125,23.960835437180446,124.17306286938982,0.023768250588161732
256,8,66,3983.1015625,24.707022167256387,127.93637997075253,0.02402317390129546
256,8,67,4003.32734375,25.353125327908657,131.94917044621806,0.024189621765612068
256,8,68,4023.553125,25.99642689281815,135.12790631924815,0.02428893098781887
256,8,69,4043.7789062499996,26.61947147240552,138.1231804698972,0.024445954175649626
256,8,70,4064.0046875,27.266950983269304,141.11455067984144,0.024402561374360383
256,8,71,4084.23046875,27.974432181441244,144.1047693688195,0.024464650229700027
256,8,72,4104.45625,28.68430341780319,147.1467234782635,0.024524994851549825
256,8,73,4124.68203125,29.536111128886148,150.0594976513692,0.024740150055213572
256,8,74,4144.9078125,30.22999490725592,152.16423851928965,0.02513298835853106
256,8,75,4165.13359375,30.866520027686434,155.73907775971867,0.025710091123083006
256,8,76,4185.359375,31.543852830255712,158.7850947839618,0.025808193424969178
256,8,77,4205.58515625,32.26178737399542,161.8595937065315,0.025995823393999695
256,8,78,4225.8109375,32.941007379646734,165.04710013089812,0.026090752903251344
256,8,79,4246.03671875,33.66748307632143,167.3269150236582,0.02644366178427898
256,8,80,4266.2625,34.41147111314464,171.6707483934879,0.02673141632047668
256,8,81,4286.48828125,35.02519341210157,174.97267884518473,0.02672889334894013
256,8,82,4306.7140625,35.62910532242462,178.4421419776674,0.026853911449060183
256,8,83,4326.93984375,36.363196726933666,182.70700786248833,0.02694562406862621
256,8,84,4347.165625,37.17543441341684,185.2312738659285,0.02699683531857261
256,8,85,4367.39140625,37.8063062978499,188.16492270273088,0.027316644321574712
256,8,86,4387.6171875,38.47805269749342,191.33854718230512,0.02769160699478239
256,8,87,4407.84296875,39.1051431779631,194.47495010938832,0.02775807817537515
256,8,88,4428.06875,39.810002747300615,197.3905096093714,0.028255247463896196
256,8,89,4448.29453125,40.27773331611082,200.8216603863143,0.028499423617048963
256,8,90,4468.5203125,40.94028086087981,205.0569355616692,0.028901725135224016
256,8,91,4488.74609375,41.457545208763754,209.10825262958684,0.02928677255885706
256,8,92,4508.971875,41.89920429999502,212.79822543533098,0.029632187039139307
256,8,93,4529.19765625,42.549299243731724,216.63268809441524,0.02966122634549817
256,8,94,4549.4234375,43.46333003382646,220.2929551116702,0.029835553289579708
256,8,95,4569.64921875,44.04464110380129,222.68656586142762,0.029979273430492948
256,8,96,4589.875,45.04662161999673,226.46103242328397,0.030496455172341307
256,8,97,4610.10078125,45.412993285861944,230.01849858722954,0.031042392668768383
256,8,98,4630.3265625,46.37034857865961,233.17556498802136,0.031073972154450208
256,8,99,4650.55234375,47.05432752175798,235.93991693250652,0.031173875222445524
256,8,100,4670.778125,47.8544520270335,238.70676412831165,0.031336339816608744
256,8,101,4691.00390625,48.64985150088965,242.76406977395803,0.03137518184608695
256,8,102,4711.229687499999,49.31052001321871,247.3420097266338,0.03156496627419736
256,8,103,4731.45546875,50.20180564207516,251.4087740016402,0.03153780190891242
256,8,104,4751.68125,50.96714886035636,255.574495226394,0.03190735083218564
256,8,105,4771.90703125,51.70646876062628,259.66360742522943,0.03161887457685773
256,8,106,4792.1328125,52.405836081311776,264.25264202397716,0.031892653661727555
256,8,107,4812.358593749999,53.006697470060814,271.51158923869514,0.03197041590023188
256,8,108,4832.584375,53.83696403277759,277.018267396108,0.03248019264414162
256,8,109,4852.81015625,55.022174213936424,282.3117801919831,0.03279733601208035
256,8,110,4873.0359375,55.71455265789753,286.26571549785376,0.03297940572173294
256,8,111,4893.26171875,56.49536120156437,290.39812564147,0.033104315131184114
256,8,112,4913.487499999999,57.2375667810323,295.550021410644,0.033088444084478086
256,8,113,4933.71328125,58.08012778360427,299.8328135102435,0.03316730317222405
256,8,114,4953.9390625,58.948401618579155,303.89119898187647,0.03312167980994152
256,8,115,4974.16484375,59.693563270835355,308.1055366429284,0.03307563420038365
256,8,116,4994.390625,60.68033134080319,314.33695933363816,0.03316770722599886
256,8,117,5014.616406249999,61.64202197443085,318.3258237642153,0.03329696129120152
256,8,118,5034.8421875,62.50822695902511,323.49711002560605,0.03357687580407033
256,8,119,5055.06796875,63.43447124025433,328.682056895403,0.03334921138135882
256,8,120,5075.29375,64.0908291977353,333.3841883161376,0.03332389375951261
256,8,121,5095.51953125,64.97946030067072,338.7655244308829,0.0333668709133067
256,8,122,5115.745312499999,65.92868865033955,344.80804365357255,0.033545305980674234
256,8,123,5135.97109375,66.79491996880478,350.22085256382877,0.03353004642157181
256,8,124,5156.196875,67.67049585235,355.29325771473253,0.033550621147262344
256,8,125,5176.42265625,68.43776667435507,360.7044557324685,0.03334841789186249
256,8,126,5196.6484375,69.2956101262107,366.8342288879603,0.033304129603511576
256,8,127,5216.874218749999,69.9771269836047,373.1176998203698,0.03319945181044087
256,8,128,5237.1,70.88346745678845,377.87165443863177,0.03315321531871529
256,8,129,5257.32578125,71.64456634388941,381.22875910844584,0.03317865389438658
256,8,130,5277.5515625,72.50167733785031,386.0567071580131,0.03322298292618431
256,8,131,5297.77734375,73.2022696269099,391.4701314575392,0.03325229406501984
256,8,132,5318.003124999999,73.79325198298497,396.01591763978666,0.0333289886743221
256,8,133,5338.22890625,74.61921876148722,400.3290095959236,0.03342910938701482
256,8,134,5358.4546875,75.6479472412239,404.64116742799865,0.03365572370490552
256,8,135,5378.68046875,76.74039613469279,413.2131040586683,0.03370627790358349
256,8,136,5398.90625,77.6286461791731,418.669430967946,0.03384921119216344
256,8,137,5419.132031249999,78.35213215690965,424.1147571305775,0.03411134351997969
256,8,138,5439.3578125,79.27955383507256,428.3390399174562,0.03443409774405576
256,8,139,5459.58359375,80.15430975721547,432.76602059773467,0.03459193916594688
256,8,140,5479.809375,80.86343722522393,439.6948424646225,0.03492448989351332
256,8,141,5500.03515625,81.61143952021061,445.05325166309814,0.03511920921338979
256,8,142,5520.260937499999,82.5198675899968,448.99343124772474,0.03527608484325817
256,8,143,5540.48671875,83.52271728636246,454.78009638867985,0.03543372091541468
256,8,144,5560.7125,84.38519542194983,462.463218633341,0.03550632340652837
256,8,145,5580.93828125,85.37037700540643,468.01780784368646,0.035649194363260306
256,8,146,5601.1640625,86.37254587454544,473.2445986323537,0.035945703398234524
256,8,147,5621.389843749999,87.40036232589895,478.21243550314773,0.03601967500571797
256,8,148,5641.615625,88.54654283946618,482.77942093220474,0.036266896306840456
256,8,149,5661.84140625,89.6026244667535,487.0592395787942,0.03645857013212517
256,8,150,5682.0671875,90.57693141125583,491.3405980335521,0.03657280388524517
256,8,151,5702.29296875,91.43263521169986,495.6260063656874,0.036486238404784266
256,8,152,5722.518749999999,92.23823252757663,499.9174379093676,0.03640186646378801
256,8,153,5742.74453125,93.04116540919003,504.2174699472077,0.03659152694247825
256,8,154,5762.9703125,93.75193959266775,508.5283147280799,0.036857272693570364
256,8,155,5783.19609375,94.93536808201897,512.852211382423,0.036907011396688366
256,8,156,5803.421875,95.95701921975368,517.1914047641943,0.03706913549057084
256,8,157,5823.647656249999,96.88059792337452,521.5478521341395,0.0372797283174648
256,8,158,5843.8734375,97.81572178049683,525.9238362357478,0.03714273508020893
256,8,159,5864.09921875,98.77795387381553,530.9066001636835,0.037210140854729984
256,8,160,5884.325,99.61359330968564,536.0209818225532,0.037126851746324685
256,8,161,5904.55078125,100.40561601194526,544.1179106058008,0.03711612842732587
256,8,162,5924.776562499999,101.10252708795431,549.6248418780376,0.037223524752914156
256,8,163,5945.00234375,101.65204193421138,553.7502567034857,0.03728288155630671
256,8,164,5965.228125,102.34239597049393,557.0674538207586,0.03749169634033149
256,8,165,5985.45390625,103.28985106400775,562.4895622489913,0.03765133282077754
256,8,166,6005.6796875,104.0509793783746,568.3317629383531,0.037608181444395705
256,8,167,6025.905468749999,104.8364853293979,574.7591742765471,0.037525814573079186
256,8,168,6046.13125,105.71227818388942,582.2649741206834,0.03760775264536123
256,8,169,6066.35703125,106.55619784498606,588.1555487712486,0.03752119316580323
256,8,170,6086.5828125,108.04627687880232,594.0930870320112,0.037730662382485375
256,8,171,6106.80859375,108.5880983486182,600.081715751072,0.03757487185338665
256,8,172,6127.034374999999,109.0350547035265,606.1252277885662,0.037364880769698725
256,8,173,6147.26015625,109.97164104756402,613.8726803298579,0.03743146783270063
256,8,174,6167.4859375,110.86158205522918,621.8543676727127,0.03726045123311761
256,8,175,6187.71171875,111.85714214406113,628.4668216127081,0.03721771483210928
256,8,176,6207.9375,112.75543050511894,634.6764297803387,0.03746450320767092
256,8,177,6228.163281249999,113.78984593833175,641.2201381019843,0.03782276689462752
256,8,178,6248.3890625,114.88840446330079,647.8665663346045,0.037832797191245104
256,8,179,6268.61484375,116.13431822376374,653.046602624394,0.03816716152103827
256,8,180,6288.840625,117.51888570973105,661.4120086915385,0.037855176569387416
256,8,181,6309.06640625,118.10243216557937,668.4409862468871,0.03771221098009675
256,8,182,6329.292187499999,118.95518874957833,676.2153086860692,0.037553154088112994
256,8,183,6349.51796875,120.08358194344555,684.0568433501106,0.037400833863814736
256,8,184,6369.74375,121.08500916521503,691.763899138632,0.037414248383091375
256,8,185,6389.96953125,122.02802626816049,698.5335950676102,0.03715183597276933
256,8,186,6410.1953125,122.9404162094848,705.3875032965734,0.037140848694040135
256,8,187,6430.421093749999,124.22189979720243,712.3236407415357,0.036974390719146655
256,8,188,6450.646875,125.16287395009893,719.9993284650463,0.03732126871720115
256,8,189,6470.87265625,126.10426558116791,728.6948422575035,0.03759248103327173
256,8,190,6491.0984375,127.0070635773231,737.6497266297274,0.03743358477989456
256,8,191,6511.32421875,128.2079148490651,746.4091940788968,0.037503984015255926
256,8,192,6531.55,129.3385492371388,753.2393958481067,0.03766677894595852
256,8,193,6551.77578125,130.81357301336368,759.9190704727162,0.03796409542634882
256,8,194,6572.0015625,132.08032091988127,766.2532267437015,0.038204015017702375
256,8,195,6592.22734375,132.67273465823408,771.4330299238293,0.03852461558781495
256,8,196,6612.453125,133.22063603104033,776.5234324702207,0.03864322461579611
256,8,197,6632.67890625,133.97563463383267,782.109393302645,0.0384135763661711
256,8,198,6652.9046875,134.87467076801332,788.9886524865112,0.03826851707915829
256,8,199,6673.13046875,135.91890456486493,795.9071107807101,0.038195452626177406
256,8,200,6693.35625,137.41270435997703,803.1371623554354,0.0383877065516236
256,8,201,6713.58203125,138.15339806396116,810.1291642828614,0.03880938607282031
256,8,202,6733.8078125,139.31956751031635,816.9706436300766,0.039314621173361375
256,8,203,6754.03359375,140.159640208034,823.8347866101269,0.039270914002700885
256,8,204,6774.259375,140.78200058648025,830.7219692767326,0.0394245383012054
256,8,205,6794.48515625,141.32205862226195,837.6361377147393,0.03951196747362107
256,8,206,6814.7109375,142.23658818329915,844.5826114710557,0.03981372251051982
256,8,207,6834.93671875,143.4119393828828,852.8256869636194,0.04049688614878033
256,8,208,6855.1625,144.4342924702353,861.6523558400734,0.04039923051903094
256,8,209,6875.38828125,145.44040186638108,870.5580055805177,0.04054639603586277
256,8,210,6895.6140625,146.31294928975026,879.5497222416286,0.04087122663226639
256,8,211,6915.83984375,147.18959352367824,888.6343274562447,0.04108697161799013
256,8,212,6936.065625,148.3216314527807,897.8107421242769,0.04093393603737429
256,8,213,6956.29140625,149.3000191215197,907.0736255625652,0.041091688091202117
256,8,214,6976.5171875,150.08167284724323,914.9789613871965,0.041178339671363307
256,8,215,6996.74296875,150.83480716104043,918.2628142138861,0.040959778938531866
256,8,216,7016.96875,152.03240019278425,922.4084127197248,0.0411934921917545
256,8,217,7037.19453125,153.22322089468673,930.4338588329045,0.04137456479163734
256,8,218,7057.4203125,154.61719913595527,937.6647558790878,0.04164811343501662
256,8,219,7077.64609375,155.9685744677925,942.9372879105734,0.042141739322883176
256,8,220,7097.871875,156.91514734314995,948.1537640508501,0.042301690476434506
256,8,221,7118.09765625,157.5454278271111,953.3084057571969,0.04249159098220802
256,8,222,7138.3234375,158.34498153126853,958.2877149456816,0.04270082511020207
256,8,223,7158.54921875,159.44475599032944,962.7308030230911,0.04279580716930881
256,8,224,7178.775,160.67024267608502,967.3349259069687,0.04289611875556154
256,8,225,7199.00078125,161.81880414068968,975.115876233704,0.04316324885097339
256,8,226,7219.2265625,162.7147439789338,982.9285685801242,0.043337297774115324
256,8,227,7239.45234375,163.456982318561,990.7659641741595,0.04315841679830568
256,8,228,7259.678125,164.21636671008338,998.6212434023549,0.0431148771660797
256,8,229,7279.90390625,165.36102747506374,1006.4901165590263,0.04311894600451949
256,8,230,7300.1296875,166.44789411465047,1014.3707733985494,0.04265616156555463
256,8,231,7320.35546875,167.47568586393913,1022.263324374009,0.043142278494957484
256,8,232,7340.58125,168.82455436095927,1028.9941209165697,0.043022585118790424
256,8,233,7360.80703125,169.55296384438395,1033.7407326419025,0.042835360400235445
256,8,234,7381.0328125,170.73889989962402,1045.4321374703625,0.043113908112506205
256,8,235,7401.25859375,171.92373104475928,1053.8808320507865,0.04340879010795214
256,8,236,7421.484375,172.79990369762623,1061.7976171271587,0.0434290048583405
256,8,237,7441.71015625,174.09453428574716,1069.7143558534897,0.043680110008599386
256,8,238,7461.9359375,175.04467041606475,1077.624691227368,0.04383466419383142
256,8,239,7482.16171875,176.27732750208173,1084.5666685129893,0.04422205047031891
256,8,240,7502.3875,177.30640042799445,1090.1271680444981,0.04452141929947584
256,8,241,7522.61328125,178.42483311043094,1098.9901437721526,0.044896486460506424
256,8,242,7542.8390625,178.97308343368098,1107.606394134793,0.04524876471260347
256,8,243,7563.06484375,180.4771510099444,1116.1057276529154,0.0453408924808163
256,8,244,7583.290625,181.60670399540143,1123.9859526865066,0.04536301121483167
256,8,245,7603.51640625,182.54917811632748,1131.6108676558727,0.044796546596996556
256,8,246,7623.7421875,183.33067020707517,1139.2185124046187,0.04502422718110494
256,8,247,7643.96796875,183.6280439727367,1146.8086803104457,0.045051028576270635
256,8,248,7664.19375,184.13540538028002,1154.3839188003667,0.04508478834555629
256,8,249,7684.41953125,185.58171850017172,1156.238354758813,0.045035138687966186
256,8,250,7704.6453125,186.56728379591976,1161.5521937279245,0.04502498503856228
256,8,251,7724.87109375,187.86757476933002,1168.680301312454,0.045263982869928054
256,8,252,7745.096875,189.10432112756786,1175.7843289175746,0.045364144030881834
256,8,253,7765.32265625,190.19503280086863,1182.8508751285187,0.04570256525986138
256,8,254,7785.5484375,191.42635185577137,1189.8689211893175,0.04564210354959797
256,8,255,7805.77421875,192.53486218412624,1196.8300922385297,0.04582735740421562
256,8,256,7826.0,193.57240068813857,1203.7309669226495,0.04610921462406409
256,16,0,2648.2,0.0,0.0,0.0
256,16,1,2668.42578125,0.06608547585181929,0.6057126860647951,0.000357490704903235
256,16,2,2688.6515624999997,0.13616132570845443,1.2497515225830154,0.0006956532095283435
256,16,3,2708.87734375,0.20916847562273805,1.9786977347999288,0.0010315439177340652
256,16,4,2729.1031249999996,0.2832763802046284,2.6749479085349246,0.0013561458185213932
256,16,5,2749.32890625,0.36252798406851094,3.454358046490957,0.0016484592464914571
256,16,6,2769.5546875,0.44011562105299656,4.297752773409377,0.0019527386330957654
256,16,7,2789.7804687499997,0.5346292828777246,5.201955521661484,0.0022450328493357763
256,16,8,2810.00625,0.6365178004507317,6.120586046106344,0.00247710269335108
256,16,9,2830.2320312499996,0.7404386045244243,7.141770998231915,0.0027828814973748783
256,16,10,2850.4578125,0.8352414093344014,8.155057030217995,0.0030050518611927923
256,16,11,2870.68359375,0.9462498828576731,9.195649108534175,0.0032692788934224337
256,16,12,2890.9093749999997,1.0759724268623576,10.215409145662617,0.0035624420792244958
256,16,13,2911.13515625,1.2062571439336185,11.220383641078424,0.0038693619601841422
256,16,14,2931.3609374999996,1.3330155644427633,12.284092391387821,0.0041553547586287674
256,16,15,2951.58671875,1.4365857769372017,13.599239100034685,0.004469367582817484
256,16,16,2971.8125,1.5797966234114917,14.932070645634994,0.0047724880209640275
256,16,17,2992.0382812499997,1.7304485988022413,16.35548641502024,0.005036743012646998
256,16,18,3012.2640625,1.8718136936090515,17.55235425648014,0.005334648989143527
256,16,19,3032.4898437499996,2.0023792022988647,19.069481652984226,0.0055662935751297354
256,16,20,3052.715625,2.1729661984689495,20.678684915460416,0.005838243764155759
256,16,21,3072.94140625,2.351205883087705,22.15201849037711,0.006062912461039273
256,16,22,3093.1671874999997,2.5388300027563155,23.72116498847129,0.006383144652024296
256,16,23,3113.39296875,2.7534905775628973,25.31276425319217,0.006676553454283002
256,16,24,3133.6187499999996,2.926996827704773,26.950457163559765,0.007044271208466596
256,16,25,3153.84453125,3.0892417702980053,28.740080503140568,0.007353393526794358
256,16,26,3174.0703125,3.253226431411147,30.38396877709679,0.007626909556208289
256,16,27,3194.2960937499997,3.5007862632136426,32.112755502566976,0.007866019328067395
256,16,28,3214.521875,3.7073906489298776,33.75507598311104,0.008124708169544685
256,16,29,3234.7476562499996,3.9764860109511697,35.654253805064606,0.00841555117244916
256,16,30,3254.9734375,4.166680755949093,37.846049296581874,0.008672026460931903
256,16,31,3275.19921875,4.391051768203358,40.12127810752739,0.008947937496030928
256,16,32,3295.4249999999997,4.628014351347163,42.04836761875746,0.009176543135491072
256,16,33,3315.65078125,4.858268282713411,43.69331220219201,0.009415768647271297
256,16,34,3335.8765624999996,5.0432565971190275,45.57173297201225,0.009429274350500685
256,16,35,3356.10234375,5.269207143470897,47.25989119779713,0.009542508866978473
256,16,36,3376.328125,5.523941736364678,49.46456765622913,0.009705611018684043
256,16,37,3396.5539062499997,5.780459140819431,51.46138757549453,0.009931903777087372
256,16,38,3416.7796875,6.01622772426992,53.742969406647084,0.010190007546930294
256,16,39,3437.0054687499996,6.342303497710528,55.94205400907167,0.010474072892292796
256,16,40,3457.23125,6.587563054245855,58.17170143052176,0.010539052183991884
256,16,41,3477.45703125,6.94723876768389,60.471442674231724,0.010612310032867556
256,16,42,3497.6828124999997,7.284468188488749,62.92389610555809,0.010795607524939285
256,16,43,3517.90859375,7.513065255686688,65.43468037046193,0.011064337829382173
256,16,44,3538.1343749999996,7.803095951483003,67.60888373560375,0.011377163585778519
256,16,45,3558.36015625,8.072363740859721,71.5382972344336,0.011645590151529439
256,16,46,3578.5859375,8.30325413183148,74.72159388120276,0.011736682522899347
256,16,47,3598.8117187499997,8.669497990518598,77.3990524353009,0.01208728750490013
256,16,48,3619.0375,8.972902907015845,80.68289908148331,0.012411495427354022
256,16,49,3639.2632812499996,9.329719988412656,83.1731948245066,0.01262543091716398
256,16,50,3659.4890625,9.748096854456104,85.59780815730142,0.012638730553564403
256,16,51,3679.71484375,10.079338909637544,88.19260483592986,0.012897271827730893
256,16,52,3699.940625,10.46616249617089,90.76733338898701,0.013194673707668005
256,16,53,3720.16640625,10.876607408770624,94.13245064352834,0.013291411882838944
256,16,54,3740.3921874999996,11.283255267870187,96.74311190436761,0.013408630376768055
256,16,55,3760.61796875,11.659432279467211,99.17384190170895,0.013609142782998462
256,16,56,3780.84375,12.057204936823089,101.21853374907717,0.013899324229412141
256,16,57,3801.06953125,12.388159085006514,103.73667001643214,0.014096493774768369
256,16,58,3821.2953125,12.79527126712389,106.82028963968953,0.014366987561693044
256,16,59,3841.5210937499996,13.233570286145017,108.64012260777562,0.014640753871635048
256,16,60,3861.746875,13.669849151809261,110.24300881651659,0.01488164401092229
256,16,61,3881.97265625,14.095245127891609,111.93611594706272,0.014845307424113385
256,16,62,3902.1984375,14.339690017901844,114.34571684206573,0.015126086553171603
256,16,63,3922.42421875,14.576343361514436,118.15535423928634,0.015254104146986743
256,16,64,3942.6499999999996,15.011738813248282,123.82468558693525,0.01547295918319716
256,16,65,3962.87578125,15.491855742445704,127.55361251402627,0.01568495552999559
256,16,66,3983.1015625,15.8822977613339,130.8133596473865,0.01592876743615468
256,16,67,4003.32734375,16.26010405950054,134.80802512137336,0.016161105591348812
256,16,68,4023.553125,16.682001372770785,140.15269693833224,0.01617579564506047
256,16,69,4043.7789062499996,17.14400300570056,143.44621518759277,0.016332999473478785
256,16,70,4064.0046875,17.644434126931507,145.39033416484673,0.016485713888225555
256,16,71,4084.23046875,18.020855942253807,148.2615516352338,0.016751696504314906
256,16,72,4104.45625,18.51497428797694,150.44960682756607,0.016868667128197047
256,16,73,4124.68203125,18.981448010800385,155.53804235012484,0.0170098917513916
256,16,74,4144.9078125,19.395849075830306,157.92819635579247,0.017090367086844416
256,16,75,4165.13359375,19.738702780210637,162.39208951776345,0.017215968043781532
256,16,76,4185.359375,20.11452601547014,165.89474852469525,0.017400837673229273
256,16,77,4205.58515625,20.572667295311184,171.11270065625268,0.017407924513180954
256,16,78,4225.8109375,21.095199414281737,173.7197756350073,0.017588875001080945
256,16,79,4246.03671875,21.661179781072935,175.81872221822655,0.0177975266590644
256,16,80,4266.2625,22.07702755661631,178.92203371563218,0.017988272814087325
256,16,81,4286.48828125,22.531995741808576,183.92129718512248,0.018228803236444713
256,16,82,4306.7140625,23.026090671982253,188.3468759330081,0.018364062890425387
256,16,83,4326.93984375,23.366523173417978,192.08684071328258,0.018396754258760434
256,16,84,4347.165625,23.89142391527891,194.82365994674402,0.018451383849361208
256,16,85,4367.39140625,24.398514021165163,197.2835421157243,0.018417123049598028
256,16,86,4387.6171875,24.856506361238438,199.71658694133768,0.018402045472805037
256,16,87,4407.84296875,25.276824100094323,205.2711624541138,0.018387855372066497
256,16,88,4428.06875,25.69598505758917,207.24787994213187,0.01840009160637701
256,16,89,4448.29453125,26.48504523684477,207.60939825171894,0.018441935583838817
256,16,90,4468.5203125,26.943463552816798,209.18820148854752,0.01870899313948654
256,16,91,4488.74609375,27.381218112199072,211.8268399217644,0.018615830554263857
256,16,92,4508.971875,27.96942419018152,214.58276932022702,0.0186339486123073
256,16,93,4529.19765625,28.41075693460351,217.40915741992856,0.018690410878676594
256,16,94,4549.4234375,28.83931651549942,220.1317737749233,0.01883713506886653
256,16,95,4569.64921875,29.266006327776346,223.66775020769998,0.018830223075298747
256,16,96,4589.875,29.768632252565993,225.98999641521243,0.018777917949543838
256,16,97,4610.10078125,30.211129340567535,228.31946380557912,0.018884933215990857
256,16,98,4630.3265625,30.6996584198764,230.65745211239448,0.018963838397868804
256,16,99,4650.55234375,31.292292002660094,233.07316161400908,0.01885625425620055
256,16,100,4670.778125,31.74092302492734,236.0046819654165,0.01874055828970239
256,16,101,4691.00390625,32.287696740610244,239.53590075493727,0.018793412596477405
256,16,102,4711.229687499999,32.68262808723105,243.3926499964473,0.01874763395670609
256,16,103,4731.45546875,33.213889054029394,247.90686860346165,0.018901969803213417
256,16,104,4751.68125,33.782425821125045,251.61277194195125,0.01883425912418621
256,16,105,4771.90703125,34.19292988901876,255.16043586572604,0.018760683173864312
256,16,106,4792.1328125,34.60111352126708,259.0973306431943,0.018700839189798563
256,16,107,4812.358593749999,35.21017072546413,262.8492377607822,0.018761232598268722
256,16,108,4832.584375,35.749569818439724,265.2312627389419,0.01865724863647951
256,16,109,4852.81015625,36.23109015274731,266.8811929136134,0.018637132044838772
256,16,110,4873.0359375,36.737542684954676,273.7553074161713,0.018699716048807546
256,16,111,4893.26171875,37.21023771139598,279.1800514656286,0.018907627070990918
256,16,112,4913.487499999999,37.70157725330805,281.5989818007087,0.018929769626743406
256,16,113,4933.71328125,38.353056906194254,285.2223203166386,0.01898112224926079
256,16,114,4953.9390625,38.94234807162855,290.71773746217167,0.01923378636736143
256,16,115,4974.16484375,39.43590822291949,295.48985323581104,0.019381431086672174
256,16,116,4994.390625,39.85585184077219,299.1313038265615,0.01932970550171456
256,16,117,5014.616406249999,40.433336650229506,302.273577759418,0.019613004999523287
256,16,118,5034.8421875,40.99103378137002,303.84960927797096,0.019728312657705388
256,16,119,5055.06796875,41.41076227246721,307.81330081661764,0.01972633478990963
256,16,120,5075.29375,42.022878674471656,314.078658165269,0.019777686971918923
256,16,121,5095.51953125,42.498525361056366,317.3797837660614,0.01988047546488264
256,16,122,5115.745312499999,43.18332120847661,323.6488232161037,0.020143636349750915
256,16,123,5135.97109375,43.85839807341455,331.02764906982486,0.02026663545374313
256,16,124,5156.196875,44.41470357802686,338.2504310273365,0.02048834970864999
256,16,125,5176.42265625,44.837615430502964,344.5303587499357,0.020617873562819855
256,16,126,5196.6484375,45.435891826345326,350.5773354325376,0.020687537003440115
256,16,127,5216.874218749999,45.869754298591126,356.37882614785684,0.021038882954706118
256,16,128,5237.1,46.578473067608485,362.20247635538857,0.020997460395324324
256,16,129,5257.32578125,47.23878788646165,367.941149612787,0.02110191213920004
256,16,130,5277.5515625,47.62238451690767,372.93954679317244,0.0212023036914033
256,16,131,5297.77734375,48.053695272180214,377.47330905158947,0.021346676026087752
256,16,132,5318.003124999999,48.633627474602534,381.9888536051268,0.021456908449971057
256,16,133,5338.22890625,49.10523005806663,386.49243445433837,0.021425951497327372
256,16,134,5358.4546875,49.631439606861775,391.0263204363911,0.021504794433711838
256,16,135,5378.68046875,50.058842061344066,395.19732006974596,0.021554185473686774
256,16,136,5398.90625,50.603572939215326,398.84572019947905,0.02153136807367048
256,16,137,5419.132031249999,51.17575788725998,401.74748606832134,0.021696494077877437
256,16,138,5439.3578125,51.89699463344244,404.48471523419727,0.021686501497364397
256,16,139,5459.58359375,52.493666466257096,406.7827658084908,0.021634877490721988
256,16,140,5479.809375,53.10679531571241,412.28251216071186,0.021745233847358242
256,16,141,5500.03515625,53.608726934484864,418.34185149488366,0.021943496017381645
256,16,142,5520.260937499999,54.24004033224094,423.1660856351993,0.021977975991505777
256,16,143,5540.48671875,54.86995531191896,427.12305328026315,0.02202450544409179
256,16,144,5560.7125,55.53819197137726,431.073901650481,0.022128869821159275
256,16,145,5580.93828125,56.11355323406188,435.0168500047591,0.02229793770672228
256,16,146,5601.1640625,56.67647547337685,439.72771005283636,0.022554789716563994
256,16,147,5621.389843749999,57.24170514460825,444.9774021822491,0.0226316344207958
256,16,148,5641.615625,57.84057817675442,450.25343020548513,0.02267499975590684
256,16,149,5661.84140625,58.44303829709103,455.1953972714179,0.022710613139728664
256,16,150,5682.0671875,58.952399555898864,459.4350279712363,0.02282917260108125
256,16,151,5702.29296875,59.444520183942615,463.6752155338128,0.022983912226499925
256,16,152,5722.518749999999,60.13058882279502,467.9146331386451,0.023121052651987883
256,16,153,5742.74453125,60.72687535202367,472.1503425005387,0.02317826228072058
256,16,154,5762.9703125,61.207977570835524,476.3803874230388,0.023384630120956706
256,16,155,5783.19609375,61.71005701515319,480.6029597577218,0.02342275451863718
256,16,156,5803.421875,62.37712217537994,484.81648892253037,0.023314475194996173
256,16,157,5823.647656249999,63.01085814481185,490.639491410628,0.023331713979682367
256,16,158,5843.8734375,63.61103827970061,497.14595333762117,0.023440860604767577
256,16,159,5864.09921875,64.17936403856136,502.4464436632851,0.023529820278742064
256,16,160,5884.325,64.96575266393371,508.4905336126423,0.023703665275501273
256,16,161,5904.55078125,65.76433881406786,515.0282819466652,0.023995781143135164
256,16,162,5924.776562499999,66.58375735787453,521.6484650233882,0.023997976308663682
256,16,163,5945.00234375,67.27898178421603,528.3487037018301,0.024072315748815964
256,16,164,5965.228125,68.17662323339864,535.1271033919269,0.02402084261679538
256,16,165,5985.45390625,68.89679473022039,541.982023327517,0.023967527781880438
256,16,166,6005.6796875,69.48848628779149,548.912397674216,0.024075392510300442
256,16,167,6025.905468749999,69.96228816790354,555.9174621743002,0.023973494239680482
256,16,168,6046.13125,70.32947904974696,562.7807037323938,0.023924949082369806
256,16,169,6066.35703125,70.99192591111076,568.7507162823686,0.023906396994684276
256,16,170,6086.5828125,71.60943149627542,576.0832959714431,0.02400240944312737
256,16,171,6106.80859375,72.43982057653318,582.5642949796903,0.02395758551494709
256,16,172,6127.034374999999,73.40286621857541,587.746135737382,0.024187802149820692
256,16,173,6147.26015625,74.29916723583506,593.817662115374,0.02434327831002392
256,16,174,6167.4859375,74.90494338518951,603.32841250592,0.024671220633098144
256,16,175,6187.71171875,75.32395696282774,610.8166771292506,0.02488230362825139
256,16,176,6207.9375,75.92767985477602,618.3607797453467,0.025096870125279613
256,16,177,6228.163281249999,76.69160564900625,625.961012710686,0.025304594300841476
256,16,178,6248.3890625,77.23448961371834,633.6170188283897,0.02530618740289453
256,16,179,6268.61484375,77.7499199538081,641.3226222944668,0.025409045022573018
256,16,180,6288.840625,78.65156967293063,648.9006224648673,0.02558069691527276
256,16,181,6309.06640625,78.97624344421249,656.5854296314493,0.02581600560815772
256,16,182,6329.292187499999,79.37136821050916,664.3783217721059,0.026084517654845207
256,16,183,6349.51796875,80.15591179747744,671.7581695650485,0.026098954317092804
256,16,184,6369.74375,80.74068067037712,678.4934474435413,0.026197548986531954
256,16,185,6389.96953125,81.47632771116002,684.9747930911066,0.026505993283985896
256,16,186,6410.1953125,82.10007639475539,691.4793117785507,0.02651710261636353
256,16,187,6430.421093749999,82.74377654128668,697.8188224499472,0.026614870403160462
256,16,188,6450.646875,83.45717240260109,702.8524745850035,0.026740875832875766
256,16,189,6470.87265625,84.18610498912903,707.9178489475822,0.02676825586404169
256,16,190,6491.0984375,84.81104144678946,713.0141281544585,0.026971951299165076
256,16,191,6511.32421875,85.38346564635916,718.1396794502363,0.027150855855494205
256,16,192,6531.55,86.11204665632496,723.2936665663677,0.02723843104956644
256,16,193,6551.77578125,86.86745826086589,727.7746434554952,0.027455582843921578
256,16,194,6572.0015625,87.64193255613498,730.6288482607008,0.02777585879409558
256,16,195,6592.22734375,88.16238413392756,733.2929691848963,0.027912614198585817
256,16,196,6612.453125,89.00399246762211,744.1687524683624,0.028093191126590117
256,16,197,6632.67890625,89.68314238183308,749.4435602631086,0.028382051525430163
256,16,198,6652.9046875,90.34165843487335,754.7367415340392,0.02836860527780441
256,16,199,6673.13046875,90.92088542238024,760.0458038137294,0.028498756905297185
256,16,200,6693.35625,91.6251912954012,765.3685140534467,0.028504226841197244
256,16,201,6713.58203125,92.19427044003982,770.8980914888818,0.02844933005611422
256,16,202,6733.8078125,92.76992857326665,777.8653617704548,0.028663145877030893
256,16,203,6754.03359375,93.33245106614861,784.8520405080795,0.028722639527467564
256,16,204,6774.259375,93.99072114185265,791.2195469542777,0.02883638345516082
256,16,205,6794.48515625,94.78019537497327,797.2529134842393,0.029032751296065307
256,16,206,6814.7109375,95.55225181251481,802.925520935649,0.029073339857913633
256,16,207,6834.93671875,96.17258931316175,808.4443994449181,0.029163540266691212
256,16,208,6855.1625,96.84681179739204,815.0409517266885,0.029198525795234853
256,16,209,6875.38828125,97.46668146582817,826.7699601025732,0.029228297323748154
256,16,210,6895.6140625,98.01661346219623,833.6647046766745,0.029482104831279887
256,16,211,6915.83984375,98.73899042368782,840.573303085772,0.029720724179192748
256,16,212,6936.065625,99.38689394981077,847.4956046343063,0.029735997633797973
256,16,213,6956.29140625,100.2379307748181,854.4317214394645,0.029898080851804842
256,16,214,6976.5171875,101.18214063078345,861.3813864105296,0.030077735110739523
256,16,215,6996.74296875,101.89766424841385,868.3439465927858,0.030206736756979713
256,16,216,7016.96875,102.61911526882284,873.4485045821856,0.03033729821369513
256,16,217,7037.19453125,103.52303193312974,876.2418247659724,0.030439245917300572
256,16,218,7057.4203125,104.5531420822248,878.907944830558,0.030596391784376564
256,16,219,7077.64609375,105.27734304083614,881.7049344356175,0.030790897855237365
256,16,220,7097.871875,105.86823297585164,888.8734526919919,0.030820852562035705
256,16,221,7118.09765625,107.06735164177769,896.0295727830007,0.030781020989675834
256,16,222,7138.3234375,108.22797840419469,903.1768073120768,0.030968338485461155
256,16,223,7158.54921875,109.15297665563907,910.2169191574126,0.03094343160634644
256,16,224,7178.775,109.96240943595761,917.8494959189323,0.030830070531909226
256,16,225,7199.00078125,110.77630362390258,931.7569168865062,0.030769250415837307
256,16,226,7219.2265625,111.53180581069228,942.7863346794761,0.030996266809885098
256,16,227,7239.45234375,112.27995112754903,948.702486586726,0.031177297532949955
256,16,228,7259.678125,112.87086020401767,954.6106998453705,0.03141637432104577
256,16,229,7279.90390625,113.45444306799382,960.5148173816065,0.03154378545991172
256,16,230,7300.1296875,114.33228923651399,966.3477654520667,0.031336901080021226
256,16,231,7320.35546875,115.41075492438259,972.5672695673992,0.03135833956843803
256,16,232,7340.58125,116.12214800346027,981.0400135062182,0.03127742391256447
256,16,233,7360.80703125,117.12564030818777,989.5317320990084,0.031157401528203454
256,16,234,7381.0328125,117.96219027095549,998.0382745129203,0.031169504323316777
256,16,235,7401.25859375,118.7900878717542,1006.5532637294472,0.031144325257286692
256,16,236,7421.484375,119.82354991076565,1015.0347620301172,0.031065552821812892
256,16,237,7441.71015625,120.85218933493204,1021.960363494277,0.030978987865235008
256,16,238,7461.9359375,121.55869164939587,1026.632001871079,0.030726911568981774
256,16,239,7482.16171875,122.29932742479957,1027.0989104077821,0.03075050476511812
256,16,240,7502.3875,123.46152500149077,1025.549241954062,0.030889747755627472
256,16,241,7522.61328125,124.23587082967796,1023.4363192535762,0.03077454695949583
256,16,242,7542.8390625,124.99483245865662,1027.1787776749284,0.030627952995247038
256,16,243,7563.06484375,125.74180407218824,1031.201558265603,0.030522462077312018
256,16,244,7583.290625,126.44929385576447,1030.9985565779587,0.03039367015940375
256,16,245,7603.51640625,127.29389277064445,1028.8719021398922,0.03030275596183768
256,16,246,7623.7421875,128.10750921803327,1032.160959415426,0.030160392147662862
256,16,247,7643.96796875,129.17601884907464,1036.4267022136194,0.030479002771970076
256,16,248,7664.19375,130.03905442502946,1040.3967916909153,0.03048736602989828
256,16,249,7684.41953125,131.2753711104801,1044.0969923021598,0.03046252494402074
256,16,250,7704.6453125,132.0500445479011,1047.7874332698268,0.03057878299063399
256,16,251,7724.87109375,132.59631667011612,1051.4704048255235,0.03074695165614788
256,16,252,7745.096875,133.38151441943162,1059.0892505430502,0.03052248864135465
256,16,253,7765.32265625,134.152120911836,1065.180255720556,0.030653270487263073
256,16,254,7785.5484375,135.21804604315759,1070.6441641525578,0.03083358511921097
256,16,255,7805.77421875,136.10161344635236,1075.8593358976996,0.031092132565226083
256,16,256,7826.0,136.77869248944677,1082.1430535840286,0.031041576209010074
