leg,q,p_GeV,dz_mm,converged,n_evals,residual,err_x_mm,err_y_mm,err_tx,err_ty,wall_s
A,2,8.055789947509766,-105.38589859008789,1,15,1.4454087849302601e-15,2.4865118051775603e-06,9.139205295327635e-09,2.201528577841505e-08,7.761850190357578e-11,0.00630950927734375
A,2,3.6785106658935547,-7827.635303914547,1,21,5.684341886080802e-14,14.979224691995515,4.085294414416353,0.0498314666679501,0.0001259124449856236,0.00804448127746582
A,2,1.1132805347442627,-19.135299682617188,1,15,1.3799860776667061e-14,1.0129674876679928e-12,1.4034551298891529e-11,2.199085358256525e-11,5.0453863309485314e-11,0.005870819091796875
A,2,4.457874298095703,-282.16429138183594,1,32,1.086425633972047e-15,2.7903107339855016e-05,1.3857886013796117e-05,4.784059119133932e-07,9.44105467519385e-08,0.012305736541748047
A,2,2.029374837875366,-36.79439830780029,1,15,1.0928419085474983e-14,6.133249463857737e-11,1.5889622950737703e-11,8.265152451336633e-11,4.452063717685917e-11,0.00732421875
A,2,199.90037536621094,-398.76099395751953,1,27,1.4690016303614976e-15,3.3575421252707294e-06,1.5645466387576024e-06,7.030422546211446e-10,7.351607069633337e-09,0.010490655899047852
A,2,7.07179069519043,-2293.2232627868652,1,16,7.105427357601002e-15,0.8937662120781047,0.005787295866333864,0.00044095401963884645,3.252415192819824e-06,0.006213188171386719
A,2,1.0006492137908936,-45.39060020446777,1,16,1.3770638139986788e-14,8.995809652745379e-11,8.957703329093292e-11,1.27675647831893e-15,2.6922908347160046e-15,0.00623774528503418
A,2,3.069549083709717,-9143.742893218994,1,21,2.2737367544323206e-13,702.6473848658718,12.378533032803553,0.2032987597166942,0.0022236110200274557,0.008148908615112305
A,2,2.82137393951416,-2272.0743370056152,1,27,1.4210854715202004e-14,1.7515534908604282,0.20366846875146338,0.0010116804887345537,4.717468551557191e-05,0.010514497756958008
A,2,30.44393539428711,-298.4199905395508,1,18,8.365641494218292e-16,2.147993590953523e-06,2.053215619052251e-06,5.488734682306418e-08,1.425734881196905e-08,0.006964921951293945
A,2,4.036323547363281,-8592.99785232544,1,20,1.3493980238754588e-12,292.8279936613835,6.3589746926585775,0.11283112861794992,0.0014101311340235306,0.007848739624023438
A,2,4.9447922706604,-29.954798698425293,1,15,2.2212592008796772e-14,6.02629057766535e-13,9.12950270937074e-13,9.539535827940426e-12,1.3676754173630457e-11,0.005940437316894531
A,2,1.874666690826416,-38.47639846801758,1,15,1.2793585635328952e-14,1.009314853916976e-11,1.621036638255191e-11,1.4730577868604655e-11,9.954770341380481e-11,0.005795478820800781
A,2,5.519657135009766,-2288.9615364074707,1,17,3.552713678800501e-15,1.1173851787748958,0.0020287323242973443,0.0005579801749255736,6.147850209192729e-06,0.00649714469909668
A,2,3.3514626026153564,-48.355200588703156,1,15,1.3644377291286694e-14,3.498479284047562e-12,1.0602629885170245e-13,2.0556473190325164e-16,1.6653345369377348e-16,0.005864858627319336
A,2,9.218462944030762,-2299.312364578247,1,16,5.684341886080802e-14,0.6924791927058038,0.021388797634232848,0.00034567928134562886,1.0405865871448983e-05,0.006100177764892578
A,2,23.26853370666504,-284.03039169311523,1,26,1.7279472123987727e-15,1.0278614161696176e-05,3.163539608608268e-06,4.563890866268738e-08,1.0070063526101958e-08,0.009993314743041992
A,2,2.2048487663269043,-9166.832578659058,1,22,5.684341886080802e-14,1031.0970877332275,10.272679430286473,0.29588935719246323,0.0011130583772263336,0.008429765701293945
A,2,18.49923324584961,-647.6951904296875,1,30,1.6999157158005757e-15,0.00014496643693173716,3.37796084860717e-05,6.763176578824387e-07,1.9320055899552102e-07,0.011528730392456055
A,2,2.3891072273254395,-7862.165752410889,1,22,5.684341886080802e-14,42.60660989791012,14.449962515365655,0.07816565874720041,0.0018469439436792634,0.008419513702392578
A,2,15.220085144042969,-606.4361910820007,1,32,4.2012834183813297e-16,0.0001761502813032445,0.00013188247840673073,2.7860172042114273e-07,2.3197010650625322e-07,0.012354373931884766
A,2,1.348832368850708,-2242.0462646484375,1,17,2.842170943040401e-14,4.321966444559475,0.0567231959480301,0.0021933565533850813,5.3449676417793857e-05,0.006621599197387695
A,2,1.4721050262451172,-15.454002380371094,1,15,1.84458364923569e-14,3.769951018028905e-11,3.59824670059794e-12,1.1098200136672176e-10,2.3176904839772305e-11,0.005942344665527344
A,2,1.7380659580230713,-323.7021026611328,1,34,1.463672932855431e-15,0.00016918946269639523,4.524121799728831e-05,7.377027273422487e-08,7.195268590491632e-08,0.01297616958618164
A,2,6.239363670349121,-49.51180171966553,1,15,1.2355669601598479e-14,3.076989324446444e-07,2.9357008490826786e-08,5.8688705562026655e-09,5.086119025943248e-10,0.0057909488677978516
A,2,10.724223136901855,-157.31089401245117,1,15,1.7614314835949193e-15,7.026601360760054e-06,5.346156795038581e-08,6.367655010653533e-08,1.8638261281567203e-09,0.005780220031738281
A,2,43.24116897583008,-194.49989318847656,1,15,9.931461306556671e-16,2.4918230924764195e-06,1.7216495243332908e-09,2.6701378160604028e-08,1.0154266958523062e-09,0.005811214447021484
A,2,1.6027175188064575,-20.224000930786133,1,15,2.47666081030053e-14,2.540928578653734e-11,3.6821962146049714e-11,0.0,2.220446049250313e-16,0.005918979644775391
A,2,2.5881831645965576,-2367.2904357910156,1,17,5.684341886080802e-14,8.323296649290796,0.6385790654091181,0.005002548043801069,0.00029982033828147847,0.006564617156982422
A,2,1.2273989915847778,-24.018701553344727,1,15,1.991543865584311e-14,8.504419390931162e-11,2.3445314578651733e-09,2.995637071734336e-10,1.992352449686763e-09,0.005874156951904297
A,2,12.66734504699707,-99.77239990234375,1,15,3.3512593860320376e-15,8.079339522959472e-07,5.578915790449557e-08,1.588470880352355e-08,1.1076639883089712e-09,0.00583195686340332
A,4,8.055789947509766,-105.38589859008789,1,23,1.9481757786848908e-15,1.5666870795127963e-07,4.5993396591281765e-10,9.967487737960745e-10,7.86926079854311e-13,0.00892329216003418
A,4,3.6785106658935547,-7827.635303914547,1,28,5.357042934250877e-13,50.34133517725121,0.08630534328995054,0.01820578844714513,3.2117897674585616e-05,0.010854959487915039
A,4,1.1132805347442627,-19.135299682617188,1,24,2.6315619605296603e-14,5.093259147770368e-12,1.2146283978609063e-11,1.8162027437540473e-11,4.137651332669634e-11,0.009386777877807617
A,4,4.457874298095703,-282.16429138183594,1,48,1.4942190585157892e-15,9.832082961680477e-07,2.452075408471144e-06,5.2892714631769255e-08,1.762835391896922e-08,0.018454551696777344
A,4,2.029374837875366,-36.79439830780029,1,23,1.1846602800298645e-14,5.963607385695013e-11,3.373357149172307e-11,8.265152451336633e-11,4.4520540032344513e-11,0.008927106857299805
A,4,199.90037536621094,-398.76099395751953,1,26,1.5083605382679958e-15,1.4636826865532804e-06,9.867706725341652e-08,5.59437082509745e-09,8.851020923128505e-10,0.01012730598449707
A,4,7.07179069519043,-2293.2232627868652,1,26,1.4210854715202004e-14,0.015234880262254613,0.0014471446424195733,1.0521572729668693e-06,2.334757476754601e-06,0.010109186172485352
A,4,1.0006492137908936,-45.39060020446777,1,24,1.3246748262110003e-14,1.759703494030873e-14,2.200323256928982e-14,0.0,0.0,0.009313821792602539
A,4,3.069549083709717,-9143.742893218994,1,29,1.4066438985826935e-12,165.3365527192127,2.5813255268584996,0.0386220826249114,0.00031522663653812955,0.011301994323730469
A,4,2.82137393951416,-2272.0743370056152,1,47,1.4210854715202004e-14,0.09953044442997072,0.020149172738281873,2.7953438523228846e-05,2.373029932575821e-05,0.018178224563598633
A,4,30.44393539428711,-298.4199905395508,1,42,1.4982424650152471e-15,1.151380327732432e-06,2.815445993842314e-07,1.6167238815062435e-10,2.053858416672938e-09,0.016327381134033203
A,4,4.036323547363281,-8592.99785232544,1,28,4.547473508864641e-13,107.20340034589844,0.9503257039410897,0.030030265952362634,2.2501616014330983e-05,0.010935306549072266
A,4,4.9447922706604,-29.954798698425293,1,23,1.6924988835561802e-14,4.440892098500626e-16,1.0130785099704553e-15,9.539535827940426e-12,1.3676750704183505e-11,0.008812427520751953
A,4,1.874666690826416,-38.47639846801758,1,25,1.837955616423425e-14,1.0533685035341023e-11,7.175349203691894e-11,1.3074985538708006e-11,8.783029858960845e-11,0.009769916534423828
A,4,5.519657135009766,-2288.9615364074707,1,29,3.9968028886505635e-15,0.030104644069382402,0.0016272881916856718,1.337811924067428e-05,2.614727040953224e-06,0.011191844940185547
A,4,3.3514626026153564,-48.355200588703156,1,23,1.301021431158924e-14,4.996003610813204e-16,5.551115123125783e-16,0.0,2.7755575615628914e-17,0.009017705917358398
A,4,9.218462944030762,-2299.312364578247,1,24,5.684341886080802e-14,0.02261504438840234,0.000959066800701347,1.1644217541212365e-05,1.6622693664244959e-06,0.009380817413330078
A,4,23.26853370666504,-284.03039169311523,1,43,1.3806637040245096e-15,3.517427703880749e-06,5.495388012421998e-07,2.7022793409187118e-08,1.852927512813185e-09,0.016716957092285156
A,4,2.2048487663269043,-9166.832578659058,1,31,5.551115123125783e-13,279.39407933953044,9.87028753733506,0.06425216996112992,0.003400260723966368,0.012047529220581055
A,4,18.49923324584961,-647.6951904296875,1,47,7.113356221262013e-16,5.007193870132376e-05,7.297480632071501e-05,1.7631161599966638e-07,1.8662807318992058e-07,0.018141508102416992
A,4,2.3891072273254395,-7862.165752410889,1,30,1.1368683772161603e-13,87.70553883334111,1.4028454902093017,0.030367865591192672,0.00039377357422878956,0.011633872985839844
A,4,15.220085144042969,-606.4361910820007,1,47,4.440892098500626e-16,1.8442780472804898e-06,7.324983686690656e-05,7.060009107884291e-08,1.9426316073996308e-07,0.0181734561920166
A,4,1.348832368850708,-2242.0462646484375,1,25,1.4210854715202004e-14,0.07435300600053196,0.007027293071552698,3.214525004423263e-05,2.585578796385213e-06,0.009873151779174805
A,4,1.4721050262451172,-15.454002380371094,1,23,2.0755695339519376e-14,3.151245930865798e-11,6.5723121389638095e-12,1.0648837367455144e-10,2.2191942727900482e-11,0.00896763801574707
A,4,1.7380659580230713,-323.7021026611328,1,49,1.4365678785432934e-15,5.289300499866645e-05,9.528264442698609e-06,4.5704479319924607e-07,2.6670528213007527e-08,0.01892542839050293
A,4,6.239363670349121,-49.51180171966553,1,23,1.3251393708430101e-14,2.3809799132301634e-08,2.1488463231023047e-09,3.92543691996039e-10,2.0652646259833318e-11,0.008983850479125977
A,4,10.724223136901855,-157.31089401245117,1,24,2.3552942238487897e-15,7.266971870922845e-07,1.173694441636286e-08,8.426019702280352e-09,3.8059313339777745e-10,0.009190797805786133
A,4,43.24116897583008,-194.49989318847656,1,25,1.4485322189232604e-15,4.715734674975991e-08,1.8279829108736045e-09,1.1178212210027905e-09,7.753209706196085e-11,0.009851932525634766
A,4,1.6027175188064575,-20.224000930786133,1,23,3.774717626144064e-14,1.3705703238997557e-13,2.0503043707265078e-13,0.0,5.551115123125783e-17,0.008911848068237305
A,4,2.5881831645965576,-2367.2904357910156,1,25,2.2737367544323206e-13,0.7686439976998827,0.0020101253247020168,0.0006142563939049994,5.262742251536945e-06,0.009761571884155273
A,4,1.2273989915847778,-24.018701553344727,1,23,2.230068343531122e-14,7.323253115032458e-12,7.635891918766902e-12,2.3441820706793237e-10,1.61646362961676e-10,0.008970975875854492
A,4,12.66734504699707,-99.77239990234375,1,23,4.8128412062989345e-15,2.1946395867278312e-07,1.5283197540849613e-08,4.332393962677705e-09,3.019101912915545e-10,0.008901119232177734
A,8,8.055789947509766,-105.38589859008789,1,39,3.3354569276098246e-15,2.1481956330449137e-07,1.1043458508774862e-09,2.6099887077968287e-09,1.352021272715831e-11,0.015240907669067383
A,8,3.6785106658935547,-7827.635303914547,1,45,7.216449660063518e-13,0.5249544619918574,0.013893508282194489,0.00047449377432626574,6.706912279323685e-06,0.017740249633789062
A,8,1.1132805347442627,-19.135299682617188,1,39,2.6961905744051634e-14,8.467448964211144e-12,1.9681589691344925e-11,2.8083091407893335e-13,1.1243783681891273e-12,0.015164613723754883
A,8,4.457874298095703,-282.16429138183594,1,80,1.7309118277141627e-15,2.909424121233517e-06,2.923467156967785e-07,9.634360718935309e-09,1.5501738538648002e-09,0.031107425689697266
A,8,2.029374837875366,-36.79439830780029,1,39,1.1329912702473521e-14,7.998712803214403e-12,1.6572299088579712e-12,9.927253463715147e-12,3.922966118619087e-12,0.015323638916015625
A,8,199.90037536621094,-398.76099395751953,1,42,1.2963136154206397e-15,8.457788608362549e-08,6.825486116579516e-08,6.477553996658836e-11,2.607027267675921e-10,0.016414165496826172
A,8,7.07179069519043,-2293.2232627868652,1,40,2.842170943040401e-14,0.0042393030083749395,0.00046535717405760124,3.4740604743649373e-06,5.127263707771501e-07,0.01572871208190918
A,8,1.0006492137908936,-45.39060020446777,1,40,1.3823577699190182e-14,1.6708856520608606e-14,2.200323256928982e-14,0.0,0.0,0.01562643051147461
A,8,3.069549083709717,-9143.742893218994,1,46,1.1368683772161603e-13,1.3724697273869424,1.0656970452810768,0.0011331945700796542,0.0002615978410190085,0.017989397048950195
A,8,2.82137393951416,-2272.0743370056152,1,79,2.042810365310288e-14,0.04957060179512229,0.03704103723276431,4.680272571805366e-05,4.102894880009256e-05,0.030683279037475586
A,8,30.44393539428711,-298.4199905395508,1,75,1.297323602948567e-15,6.979474453244761e-07,1.7338009408729427e-07,6.721954878895035e-09,1.0041751909162233e-09,0.029305696487426758
A,8,4.036323547363281,-8592.99785232544,1,47,2.842170943040401e-14,3.8223003884459104,0.2467014408743644,0.00032334195749317285,7.327924279798082e-05,0.01851654052734375
A,8,4.9447922706604,-29.954798698425293,1,39,2.7671719353850738e-14,7.0463634926909435e-12,1.0103709535691507e-11,2.3036572649459686e-12,3.3096407558996788e-12,0.015124320983886719
A,8,1.874666690826416,-38.47639846801758,1,39,1.5971017978716646e-14,3.809286219791375e-12,2.8282487463116013e-11,1.3886114480499145e-13,1.6682211168017602e-12,0.015248775482177734
A,8,5.519657135009766,-2288.9615364074707,1,46,7.105427357601002e-15,0.00841363157297792,0.0006055883665547768,3.0726902988317817e-06,5.840821226989201e-07,0.017908811569213867
A,8,3.3514626026153564,-48.355200588703156,1,39,1.2997985273413256e-14,4.440892098500626e-16,5.551115123125783e-16,0.0,2.7755575615628914e-17,0.015213251113891602
A,8,9.218462944030762,-2299.312364578247,1,40,5.684341886080802e-14,0.0037426739429804456,0.0001502432663023079,1.668772551866038e-06,1.8694262866880695e-08,0.015594959259033203
A,8,23.26853370666504,-284.03039169311523,1,76,1.6805133673525319e-15,7.444257531519227e-07,1.2972191398841204e-07,4.5439660159574125e-09,5.318765081141485e-10,0.029683828353881836
A,8,2.2048487663269043,-9166.832578659058,1,47,4.547473508864641e-13,11.27795645575452,3.4474262444647366,0.004411194688955233,0.0006099656984867446,0.018519163131713867
A,8,18.49923324584961,-647.6951904296875,1,80,1.604672485709995e-15,2.0400536357767507e-05,2.236329146441951e-06,4.9294408638322906e-08,9.382204065738753e-09,0.03133344650268555
A,8,2.3891072273254395,-7862.165752410889,1,47,2.2737367544323206e-13,0.6081472502117435,0.1111813606281089,0.0007988793560425866,9.716465441268751e-06,0.01850605010986328
A,8,15.220085144042969,-606.4361910820007,1,81,4.2012834183813297e-16,4.225287685721835e-05,4.436651717731888e-06,1.195230908707795e-07,5.73289644575925e-09,0.03181576728820801
A,8,1.348832368850708,-2242.0462646484375,1,41,2.842170943040401e-14,0.04469653470351531,0.008683923707514474,2.6840192101765248e-05,9.642648387736541e-06,0.016040802001953125
A,8,1.4721050262451172,-15.454002380371094,1,39,1.9701986353135026e-14,1.200095578468563e-11,2.624803152606603e-12,3.167793805047836e-11,6.86789514148245e-12,0.015303373336791992
A,8,1.7380659580230713,-323.7021026611328,1,82,1.1926223897340549e-15,2.915132585656899e-06,2.9050924065521233e-06,1.8271109705064736e-08,1.4283192767416963e-08,0.03194069862365723
A,8,6.239363670349121,-49.51180171966553,1,39,1.3568028520748049e-14,2.8498866266879475e-08,2.7994372375772514e-09,7.333889051608367e-10,7.636555277024115e-11,0.015171527862548828
A,8,10.724223136901855,-157.31089401245117,1,41,2.909346415581708e-15,5.742928379515178e-07,8.082062796788136e-10,4.267406205314683e-09,3.284987559748487e-11,0.015935182571411133
A,8,43.24116897583008,-194.49989318847656,1,41,1.6135977645194421e-15,2.1211624873229695e-07,5.231742407352247e-09,2.469896759338397e-09,1.0704453816401394e-10,0.016056060791015625
A,8,1.6027175188064575,-20.224000930786133,1,39,5.383741412748333e-14,1.3705703238997557e-13,2.0503043707265078e-13,0.0,5.551115123125783e-17,0.015149593353271484
A,8,2.5881831645965576,-2367.2904357910156,1,41,4.547473508864641e-13,0.042999341839959015,0.0017377024551024078,4.811257062198315e-06,5.057366007074626e-06,0.015943288803100586
A,8,1.2273989915847778,-24.018701553344727,1,39,2.7464196281773434e-14,1.1375678177216741e-10,6.477900438284223e-10,4.5800085946012814e-11,1.2838291540973046e-10,0.015280485153198242
A,8,12.66734504699707,-99.77239990234375,1,39,6.479352060242169e-15,5.7608601777836554e-08,4.016188881461602e-09,1.138847325471426e-09,7.918725397626503e-11,0.01514577865600586
A,16,8.055789947509766,-105.38589859008789,1,73,3.4326539583072555e-15,1.9431386444335175e-08,9.71459440668454e-11,2.2834713633845816e-10,1.1496983920444848e-12,0.02935624122619629
A,16,3.6785106658935547,-7827.635303914547,1,78,3.410605131648481e-13,0.16469459719707302,0.009422814093909437,3.635008270922238e-05,5.466003505302797e-06,0.03142523765563965
A,16,1.1132805347442627,-19.135299682617188,1,71,2.6346112791397758e-14,9.43201072800548e-12,2.2086776851892864e-11,7.732148255001903e-13,1.2365664048274994e-12,0.028243064880371094
A,16,4.457874298095703,-282.16429138183594,1,144,1.6847485320888034e-15,3.690606406592245e-07,3.9039516866457014e-07,1.4851099430085446e-09,2.2852784248295066e-09,0.057300567626953125
A,16,2.029374837875366,-36.79439830780029,1,71,1.2974850686041373e-14,8.297584841443495e-12,6.5530914028499865e-12,3.4541813853650183e-12,3.0181690480191037e-12,0.028896331787109375
A,16,199.90037536621094,-398.76099395751953,1,139,1.7247873824588201e-15,5.364841676458454e-08,7.258966913670228e-09,1.2261477250197217e-10,2.387461409125713e-11,0.05557894706726074
A,16,7.07179069519043,-2293.2232627868652,1,75,7.105427357601002e-15,0.0006456107713566084,2.3378376617699814e-05,7.382796755259213e-07,6.277774344809472e-08,0.030037641525268555
A,16,1.0006492137908936,-45.39060020446777,1,72,1.3525422101756668e-14,1.759703494030873e-14,2.200323256928982e-14,0.0,0.0,0.028732776641845703
A,16,3.069549083709717,-9143.742893218994,1,79,4.547473508864641e-13,1.436248881092979,0.005060314488609663,0.00036562007602158886,5.238203358548174e-06,0.03201937675476074
A,16,2.82137393951416,-2272.0743370056152,1,142,2.842170943040401e-14,0.006821175647533373,0.009060646702100161,5.4225557348658304e-06,1.0447539853380983e-05,0.05703377723693848
A,16,30.44393539428711,-298.4199905395508,1,140,1.597623252529818e-15,1.2770475994738906e-07,1.702729976460482e-08,9.136663206609288e-10,1.1429584362288026e-10,0.05593585968017578
A,16,4.036323547363281,-8592.99785232544,1,77,2.7755575615628914e-12,0.8143034734566754,0.0022629637384667944,0.00024834937763168474,3.174638371740337e-06,0.031050443649291992
A,16,4.9447922706604,-29.954798698425293,1,71,2.7743717154367353e-14,5.576428208087236e-12,8.001280193958848e-12,6.509792704889605e-13,9.387698951535128e-13,0.028438329696655273
A,16,1.874666690826416,-38.47639846801758,1,72,2.728801342874454e-14,3.21065396491349e-12,2.2985391368024466e-11,1.0659251259426128e-12,7.619571640304912e-12,0.028670549392700195
A,16,5.519657135009766,-2288.9615364074707,1,215,3.552713678800501e-15,0.0020558487704391837,2.8838796139574185e-05,4.629571086420259e-07,9.868696947828992e-08,0.0858151912689209
A,16,3.3514626026153564,-48.355200588703156,1,71,1.324637768519558e-14,4.996003610813204e-16,1.2212453270876722e-15,0.0,2.7755575615628914e-17,0.02816009521484375
A,16,9.218462944030762,-2299.312364578247,1,72,1.7053025658242404e-13,0.0010834546082776342,8.264467020291377e-05,2.1109524761531162e-07,1.0993263763192651e-07,0.02893209457397461
A,16,23.26853370666504,-284.03039169311523,1,141,1.5517643593698782e-15,1.7280069597447323e-09,5.579501860530911e-09,1.0268169682581263e-09,8.658236801128982e-11,0.05622386932373047
A,16,2.2048487663269043,-9166.832578659058,1,80,6.821210263296962e-13,1.0341060700739035,0.05070407964149126,7.984566372987167e-05,2.857818089507802e-06,0.03222465515136719
A,16,18.49923324584961,-647.6951904296875,1,72,1.6936423780349735e-15,3.3665071261790303e-06,1.5112161368055488e-06,5.313706837387078e-09,3.3592949359728674e-09,0.02872467041015625
A,16,2.3891072273254395,-7862.165752410889,1,151,1.1368683772161603e-13,0.4791718307331507,0.011650491579871414,0.00012846599999757902,2.1831277601663812e-07,0.06087136268615723
A,16,15.220085144042969,-606.4361910820007,1,145,5.692061405548898e-16,7.703782116563751e-06,1.2332302283257768e-06,2.016231747965086e-08,2.792903228999999e-09,0.05823349952697754
A,16,1.348832368850708,-2242.0462646484375,1,73,8.526512829121202e-14,0.00717356566977756,0.0020671211439884374,1.0759285238415295e-05,3.729313260092404e-06,0.029416322708129883
A,16,1.4721050262451172,-15.454002380371094,1,71,2.4170826303730308e-14,1.4531376102411286e-11,3.0053876054481066e-12,3.966627026841252e-11,8.413852947697364e-12,0.028566598892211914
A,16,1.7380659580230713,-323.7021026611328,1,212,1.5720931501039814e-15,1.5020572655677356e-06,5.642151962581554e-07,1.8012749139484363e-09,1.266216225620509e-09,0.08534860610961914
A,16,6.239363670349121,-49.51180171966553,1,71,1.26479758947279e-14,4.443414636234877e-09,4.173043022248635e-10,1.2083440498189546e-10,9.620138019528213e-12,0.028506040573120117
A,16,10.724223136901855,-157.31089401245117,1,139,3.2596474788305647e-15,8.343642332597767e-08,1.6173429262522632e-10,4.712122064071123e-10,1.4709906903664915e-11,0.05561518669128418
A,16,43.24116897583008,-194.49989318847656,1,74,1.6714077631695481e-15,6.622418446955436e-09,6.554234585620655e-10,2.015213447503772e-10,1.5431751362871005e-11,0.02973461151123047
A,16,1.6027175188064575,-20.224000930786133,1,71,5.3017486234541167e-14,1.3705703238997557e-13,2.0503043707265078e-13,0.0,5.551115123125783e-17,0.028357982635498047
A,16,2.5881831645965576,-2367.2904357910156,1,73,9.094947017729282e-13,0.012121407031145282,0.017850883294485698,1.0928334011284235e-05,1.8204709709000733e-05,0.02926802635192871
A,16,1.2273989915847778,-24.018701553344727,1,71,2.7578439850534358e-14,1.0902811986568395e-10,1.1913803277252555e-11,9.281464485866309e-12,2.4618640459550534e-11,0.02851724624633789
A,16,12.66734504699707,-99.77239990234375,1,71,6.799556984083896e-15,1.328077170459352e-08,9.262108302543481e-10,2.6237975854492834e-10,1.8197499063177247e-11,0.028492450714111328
A,32,8.055789947509766,-105.38589859008789,1,266,3.296652230713737e-15,1.443832325920269e-08,7.586677119864049e-11,1.8314442323807967e-10,9.0995960766449e-13,0.11230945587158203
A,32,3.6785106658935547,-7827.635303914547,1,142,4.547473508864641e-13,0.07549338262384353,0.01908313257382588,1.4636774452594231e-05,5.473185709405082e-06,0.0608518123626709
A,32,1.1132805347442627,-19.135299682617188,1,135,2.7304954087689626e-14,9.777512133268829e-12,2.2872814753327475e-11,2.867150961094467e-13,1.0103029524088925e-13,0.05674600601196289
A,32,4.457874298095703,-282.16429138183594,1,272,1.7012656745602622e-15,8.330609840845327e-08,2.6882592124577442e-08,2.1325071049294042e-10,2.3535400364704806e-10,0.11534357070922852
A,32,2.029374837875366,-36.79439830780029,1,136,1.3627066055427184e-14,1.0336842493074982e-11,6.1491922664913545e-12,5.820233184294921e-12,3.5247846308372743e-12,0.057279348373413086
A,32,199.90037536621094,-398.76099395751953,1,268,1.6863313421909236e-15,3.0527563255056123e-09,7.003993093834815e-09,3.236502905956673e-11,3.216732435973313e-11,0.11326408386230469
A,32,7.07179069519043,-2293.2232627868652,1,136,5.684341886080802e-14,0.0026106157942829,1.8276415040929805e-05,1.7135133101517375e-06,2.649049153646832e-08,0.057695865631103516
A,32,1.0006492137908936,-45.39060020446777,1,137,1.3839883083424827e-14,1.9373391779708982e-14,2.1115054149589696e-14,0.0,0.0,0.05880546569824219
A,32,3.069549083709717,-9143.742893218994,1,143,9.094947017729282e-13,0.35418112945490066,0.020279933792586746,5.137374265706818e-05,3.6952075047353566e-06,0.061154842376708984
A,32,2.82137393951416,-2272.0743370056152,1,137,5.684341886080802e-14,0.003969194186171698,0.0007774961501314515,2.6709996144291814e-06,6.326588780913855e-07,0.05836319923400879
A,32,30.44393539428711,-298.4199905395508,1,269,1.7193180642486195e-15,5.591755933287423e-09,1.0241790332488065e-08,2.6497453656151165e-10,5.252984505710323e-11,0.11387228965759277
A,32,4.036323547363281,-8592.99785232544,1,141,3.6637359812630166e-12,0.02783205907098818,0.00912286895363934,1.9124060074426907e-06,5.942482697020041e-06,0.060366153717041016
A,32,4.9447922706604,-29.954798698425293,1,135,2.684565047204098e-14,6.680433983774492e-12,9.585346405494022e-12,1.1601830607332886e-12,1.669886451338698e-12,0.05679035186767578
A,32,1.874666690826416,-38.47639846801758,1,135,2.674750052927789e-14,2.350009076224069e-12,1.7144730080076442e-11,6.077638392554263e-13,4.45210535104934e-12,0.05694413185119629
A,32,5.519657135009766,-2288.9615364074707,1,271,1.4210854715202004e-14,0.002381148164545266,1.5772869409680368e-05,1.881779962131791e-06,1.0976689605868284e-08,0.11475706100463867
A,32,3.3514626026153564,-48.355200588703156,1,135,1.3585402622334113e-14,5.551115123125783e-16,1.2212453270876722e-15,0.0,2.7755575615628914e-17,0.056682586669921875
A,32,9.218462944030762,-2299.312364578247,1,270,2.842170943040401e-14,0.0017285660292998273,3.797966708196654e-05,1.2896609703771933e-06,2.925173953061133e-08,0.11441683769226074
A,32,23.26853370666504,-284.03039169311523,1,270,1.429791614965259e-15,8.524164563095127e-08,5.4337870869503035e-09,5.458948779124562e-10,2.703355161254306e-11,0.11417531967163086
A,32,2.2048487663269043,-9166.832578659058,1,144,2.7755575615628914e-12,0.3498917789256666,0.10695051628988494,0.0001987293480777419,2.931021650066923e-05,0.06191062927246094
A,32,18.49923324584961,-647.6951904296875,1,273,1.631597214648596e-15,5.740117818842094e-07,5.335527011179897e-08,9.701411583795672e-10,3.314726791658895e-10,0.11594748497009277
A,32,2.3891072273254395,-7862.165752410889,1,144,2.2737367544323206e-13,0.0021038125487962134,0.018809357362670198,7.880825463518759e-06,2.518407506264808e-06,0.06161355972290039
A,32,15.220085144042969,-606.4361910820007,1,274,4.440892098500626e-16,1.8531598110493874e-06,7.520761685642086e-08,3.813296843221958e-09,4.242748184030143e-10,0.1166071891784668
A,32,1.348832368850708,-2242.0462646484375,1,137,8.526512829121202e-14,0.0006689269757522709,0.00023162893918371452,9.967253929293873e-07,1.8236726723186436e-07,0.05829143524169922
A,32,1.4721050262451172,-15.454002380371094,1,135,2.7260908374432402e-14,1.2635115176351519e-11,2.583058766880697e-12,3.686967398053298e-11,7.817024805234496e-12,0.05720376968383789
A,32,1.7380659580230713,-323.7021026611328,1,275,1.7763568394002505e-15,3.931424684688878e-07,8.061495818112441e-08,4.358111288516042e-09,8.904356245398315e-11,0.11677026748657227
A,32,6.239363670349121,-49.51180171966553,1,135,1.3596924421086364e-14,6.389880846668916e-10,5.3171578251465235e-11,2.357219280879619e-11,5.960509863456309e-13,0.05681800842285156
A,32,10.724223136901855,-157.31089401245117,1,268,3.4355523991736413e-15,1.1825177503865802e-08,1.969679974678229e-11,4.1343598683463156e-11,3.409938997833706e-12,0.11270856857299805
A,32,43.24116897583008,-194.49989318847656,1,267,1.7274707563659421e-15,2.714209024201608e-09,8.672614709714921e-11,1.0019450547016362e-11,2.374087038070627e-12,0.11258316040039062
A,32,1.6027175188064575,-20.224000930786133,1,135,5.2739659427841756e-14,1.3883338922937583e-13,2.023659018135504e-13,0.0,5.551115123125783e-17,0.05683135986328125
A,32,2.5881831645965576,-2367.2904357910156,1,137,9.094947017729282e-13,0.002646025201329394,0.0045262358865443275,3.4261919293898657e-06,4.951180666123989e-06,0.05819845199584961
A,32,1.2273989915847778,-24.018701553344727,1,135,2.7282931231061014e-14,1.2247869385362264e-10,1.0740364153605242e-10,1.7622792114480035e-11,4.1338321654649235e-11,0.057318925857543945
A,32,12.66734504699707,-99.77239990234375,1,136,6.8868278474306906e-15,1.5361419913872965e-09,1.0719575227469136e-10,3.070961020201768e-11,2.0152629565117763e-12,0.05782723426818848
B,2,13.417542457580566,-5184.896240234375,1,20,1.0658141036401503e-14,14.103612359560678,0.044180138022035464,0.0021678589425819586,4.858311182773939e-06,0.008125066757202148
B,2,1.6830500364303589,-5177.655029296875,1,25,1.1368683772161603e-13,109.57565098881787,2.37533967975137,0.02380224225777916,0.0008368894485556218,0.009754180908203125
B,2,3.4692625999450684,5161.790283203125,1,20,1.0651202142497596e-12,8.161015096379288,4.085136869526082,0.009006333566069225,0.00046719548345187933,0.0078012943267822266
B,2,15.177986145019531,-5163.583251953125,1,18,2.842170943040401e-14,12.104831164548678,0.09059870233760847,0.0017256847209780883,2.8820874195568946e-06,0.007078409194946289
B,2,10.615238189697266,5183.047119140625,1,32,2.842170943040401e-14,3.371651282282869,0.5426645385466031,0.00278278686074436,7.825298156163146e-05,0.012432575225830078
B,2,2.104147434234619,-5164.817138671875,1,23,2.220446049250313e-13,53.22753589089041,15.631792591397499,0.010600366538756192,0.0015033253637045454,0.008902549743652344
B,2,24.26104164123535,-5177.039794921875,1,18,5.684341886080802e-14,7.738465811654308,0.024131046398636613,0.0011777194503168123,3.322797834144631e-05,0.006846904754638672
B,2,1.0183287858963013,7187.5396728515625,1,24,4.547473508864641e-13,1629.8567468924286,57.43806037475322,0.4850237530434641,0.019965543523338753,0.009227514266967773
B,2,20.06036949157715,5162.853271484375,1,18,1.4210854715202004e-14,2.3993708876295443,0.008986701179640733,0.0013289772205879735,5.0816652113743616e-06,0.007025003433227539
B,2,3.213031530380249,-5162.787353515625,1,21,1.050049804052211e-13,54.61900750416129,0.034584565960308566,0.008406912254296836,0.0002427458372170361,0.008182287216186523
B,2,2.5015547275543213,5183.821533203125,1,22,2.6150956400350367e-13,20.68886159640124,6.4535224844178884,0.02295618878585759,0.0011734810078455216,0.008448600769042969
B,2,2.9413137435913086,5167.405029296875,1,21,5.551115123125783e-14,7.365207189484977,6.390901389510418,0.010779033785995096,0.0005398251875021257,0.008109331130981445
B,2,7.279381275177002,5180.994873046875,1,19,5.2475385148298415e-14,3.1308984928302834,7.771022377356076,0.003496712340175623,0.0011875081922864128,0.007284402847290039
B,2,11.862637519836426,-5177.446044921875,1,22,1.4210854715202004e-14,15.829859566614045,0.03272358168459277,0.0023831656559341902,3.1226335758621077e-05,0.008689165115356445
B,2,7.9838032722473145,-5177.310791015625,1,19,2.842170943040401e-14,23.41871544071188,0.12788157513538323,0.0035576093392065133,0.0001151173384753186,0.007372856140136719
B,2,30.416053771972656,-5163.548583984375,1,18,1.7763568394002505e-15,6.0624799739284185,0.024474280699898543,0.0008635920607005,1.0235225398561726e-05,0.0069844722747802734
B,2,8.666776657104492,-5168.591064453125,1,19,5.684341886080802e-14,21.348434775674065,0.20746622094045364,0.003154109621150456,7.346254122765974e-05,0.0074462890625
B,2,6.118424415588379,-5178.243896484375,1,19,5.684341886080802e-14,30.460279111743105,0.12983786378118012,0.004642025262192741,1.2319428147340716e-05,0.007343769073486328
B,2,5.565932273864746,5177.125244140625,1,20,6.938893903907228e-15,5.973230090625407,0.7625256580126347,0.00545597631169642,6.720986907169171e-05,0.00785374641418457
B,2,4.749756336212158,5167.665283203125,1,20,1.4210854715202004e-14,8.416861986375238,2.182485198967413,0.005924265445002047,0.0005899042834226348,0.00783681869506836
B,2,3.7634856700897217,-5168.278564453125,1,20,2.1120258320017626e-13,47.36032359468071,1.0824107625549857,0.007296494483709847,0.00014475759225320017,0.007758378982543945
B,2,2.2944986820220947,-5162.897216796875,1,22,2.2737367544323206e-13,70.60282866492071,0.09283018682364208,0.011481875378883588,0.0001513393618936521,0.008486509323120117
B,2,17.2535457611084,-5177.219970703125,1,18,5.684341886080802e-14,10.909742572968042,0.028504818203757054,0.0016550345901805708,3.398752741061786e-05,0.00699305534362793
B,2,9.599445343017578,5163.467529296875,1,19,1.4210854715202004e-14,4.952940200260429,0.07824683310903424,0.0027698912399306552,1.3479505171866413e-05,0.007412910461425781
B,2,4.38246488571167,7087.8970947265625,1,19,7.105427357601002e-15,331.5049990260488,0.5482319087466259,0.0637418734640943,0.0001093563020149505,0.007359027862548828
B,2,4.060618877410889,5179.261962890625,1,20,9.82287168271867e-14,8.97300508744354,2.673416607816705,0.007282977104535099,0.0006750837515211577,0.0076427459716796875
B,2,5.165721893310547,-5163.648193359375,1,21,2.842170943040401e-14,34.92716158282467,0.5078941492631515,0.005103967389944811,0.00012487934850533358,0.008121013641357422
B,2,6.6928019523620605,5184.904541015625,1,19,5.684341886080802e-14,4.98858398429843,0.6643946862670589,0.004578609296163494,4.988745272876613e-05,0.007361888885498047
B,2,199.90037536621094,-5184.796630859375,1,29,1.0658141036401503e-14,0.9499564154725828,0.00184982835348535,0.00014521809325444054,2.870138962156321e-07,0.011127710342407227
B,2,1.898374080657959,-5218.230712890625,1,24,2.2737367544323206e-13,10.102835122832857,183.62763048010333,0.04984283334107775,0.09280782770246815,0.009346246719360352
B,2,2.7280631065368652,-5170.990966796875,1,21,4.614364446098307e-13,58.12929789028898,6.564023308388727,0.009800116849982294,0.00014739868250000787,0.008053779602050781
B,2,41.133323669433594,-5169.497314453125,1,17,2.842170943040401e-14,4.547527947714826,0.0044439465039758375,0.0006648277081106498,4.904650547284464e-06,0.0066013336181640625
B,4,13.417542457580566,-5184.896240234375,1,48,1.4210854715202004e-14,1.1111531634330234,0.022550546040911,0.000589510909663131,8.267805997823341e-06,0.018893957138061523
B,4,1.6830500364303589,-5177.655029296875,1,31,6.692563170318522e-12,14.405937041921788,0.21683029573163992,0.006913886406194836,0.0002099945618843392,0.01206827163696289
B,4,3.4692625999450684,5161.790283203125,1,29,5.551115123125783e-14,9.08469783022747,0.25771206055054563,0.0030538195507512356,0.00013575719624217553,0.011301994323730469
B,4,15.177986145019531,-5163.583251953125,1,28,8.881784197001252e-15,0.9604780324306077,0.004650391070761373,0.000502262432579156,2.1885901021340137e-07,0.01093745231628418
B,4,10.615238189697266,5183.047119140625,1,27,2.842170943040401e-14,2.920021405231239,0.03734418294328634,0.0008972369967023414,2.0155546122190005e-05,0.010432243347167969
B,4,2.104147434234619,-5164.817138671875,1,32,3.634245682171411e-12,10.278130778046602,4.478422525380182,0.005404865226333197,0.0007918509345167246,0.012540340423583984
B,4,24.26104164123535,-5177.039794921875,1,26,2.842170943040401e-14,0.6666869297351212,0.019829216512235348,0.0003539081395233165,3.4540305128005766e-06,0.010223627090454102
B,4,1.0183287858963013,7187.5396728515625,1,33,3.730349362740526e-11,269.9701442065164,2.0622036070083283,0.12978356252821388,0.0052116954120593265,0.012926340103149414
B,4,20.06036949157715,5162.853271484375,1,26,1.4210854715202004e-14,1.2036635910277766,0.0016519747449628142,0.00037541241907735473,1.0601769984707778e-06,0.010045528411865234
B,4,3.213031530380249,-5162.787353515625,1,29,4.547473508864641e-13,4.5632553558496625,0.2543170253150464,0.0023424366677348846,6.878766378412907e-05,0.01124715805053711
B,4,2.5015547275543213,5183.821533203125,1,30,1.257457679648688e-12,15.711475676393547,0.008774243515446756,0.005607548096399406,4.378131223928099e-05,0.011722564697265625
B,4,2.9413137435913086,5167.405029296875,1,30,5.684341886080802e-14,14.055496516608173,0.9659994250806676,0.004731822469056235,0.00038679936023498784,0.011813640594482422
B,4,7.279381275177002,5180.994873046875,1,27,8.604228440844963e-13,10.647650770559494,0.11936305981760142,0.0031986913052559074,0.00012200383074717491,0.01036977767944336
B,4,11.862637519836426,-5177.446044921875,1,27,5.684341886080802e-14,1.2587061388204166,0.030873889663681098,0.0006634009097284937,8.70442359137552e-06,0.010607242584228516
B,4,7.9838032722473145,-5177.310791015625,1,27,1.1368683772161603e-13,1.8631662477928899,0.08742172086183331,0.0009873434112789847,2.050123222484268e-05,0.010514497756958008
B,4,30.416053771972656,-5163.548583984375,1,26,1.4210854715202004e-14,0.484201710566488,0.004713376954605053,0.0002523134424188313,7.929599967551604e-07,0.010155916213989258
B,4,8.666776657104492,-5168.591064453125,1,27,1.1368683772161603e-13,1.7064069363528063,0.04894312451214233,0.0008966073095923975,8.184026882376155e-06,0.010490655899047852
B,4,6.118424415588379,-5178.243896484375,1,28,5.684341886080802e-14,2.357838654367569,0.05490597074733827,0.0012463531070411524,1.7281981710862843e-05,0.010914802551269531
B,4,5.565932273864746,5177.125244140625,1,28,5.551115123125783e-14,4.993062132627642,0.09359827897233686,0.0015555290933502441,4.120280368713827e-05,0.0109405517578125
B,4,4.749756336212158,5167.665283203125,1,28,1.3877787807814457e-13,7.305129942070778,0.6962777660871211,0.0022708361208636507,0.00015432568915230843,0.01099395751953125
B,4,3.7634856700897217,-5168.278564453125,1,29,1.1368683772161603e-13,4.297006151756264,0.3748854572112066,0.002256596021867497,0.00011837639549239914,0.011300086975097656
B,4,2.2944986820220947,-5162.897216796875,1,30,4.999256217330661e-13,6.665787158906596,0.0687785248428332,0.0032246438992082687,2.130671209538788e-05,0.011728286743164062
B,4,17.2535457611084,-5177.219970703125,1,26,5.684341886080802e-14,0.9315666065364496,0.02545520546517821,0.0004824367779262956,5.687069777705195e-06,0.010100841522216797
B,4,9.599445343017578,5163.467529296875,1,27,2.7755575615628914e-14,2.597819748320461,0.011664859821081563,0.0008110691519792046,3.0676250853400866e-06,0.010599851608276367
B,4,4.38246488571167,7087.8970947265625,1,28,5.684341886080802e-14,37.21343011221563,0.04055215091555553,0.011265984144168073,3.5718565868088185e-06,0.010975360870361328
B,4,4.060618877410889,5179.261962890625,1,29,5.684341886080802e-14,7.564940710764176,0.7931295799455143,0.002354317140179779,0.00018153297230295157,0.011181354522705078
B,4,5.165721893310547,-5163.648193359375,1,28,1.1368683772161603e-13,2.8404673418658186,0.17187167210448706,0.0014967367150855197,4.536573122977325e-05,0.01096034049987793
B,4,6.6928019523620605,5184.904541015625,1,28,5.551115123125783e-14,4.0272781461899285,0.010370970599808516,0.0012355289307656447,1.3287342597458063e-05,0.010999917984008789
B,4,199.90037536621094,-5184.796630859375,1,45,7.105427357601002e-15,0.07557070336725324,0.0005918307750079066,3.982693881572196e-05,2.431579388256777e-07,0.01734447479248047
B,4,1.898374080657959,-5218.230712890625,1,34,2.55351295663786e-12,121.49365203558364,86.09565957747975,0.07021073041521197,0.049849042131979465,0.013305902481079102
B,4,2.7280631065368652,-5170.990966796875,1,30,2.983724378680108e-13,6.749789011864877,1.4726565396204307,0.0036248103777046063,0.00033635772555236365,0.011752605438232422
B,4,41.133323669433594,-5169.497314453125,1,28,1.4210854715202004e-14,0.34956459071651125,0.005634936230102028,0.0001835854086406942,1.507216597158162e-06,0.010873556137084961
B,8,13.417542457580566,-5184.896240234375,1,43,5.684341886080802e-14,0.017949571324557212,0.002285463561996437,4.629515756020275e-06,7.252005770237713e-07,0.01688361167907715
B,8,1.6830500364303589,-5177.655029296875,1,47,1.1483869410966463e-12,0.3180330838209784,0.023019954618732186,0.0001035568686956756,3.7198619818273534e-05,0.01846933364868164
B,8,3.4692625999450684,5161.790283203125,1,45,2.831068712794149e-12,0.024652732018580537,0.005965914262390015,2.778492919963682e-05,2.547193287447125e-06,0.01767134666442871
B,8,15.177986145019531,-5163.583251953125,1,47,2.842170943040401e-14,0.02906626263219181,0.002885205295193316,9.139338856725362e-06,8.75606946906804e-07,0.0184628963470459
B,8,10.615238189697266,5183.047119140625,1,43,5.684341886080802e-14,0.010365819315495628,0.0010879223409006045,4.1589512517203886e-07,3.9610967466491287e-07,0.01683211326599121
B,8,2.104147434234619,-5164.817138671875,1,48,1.887379141862766e-12,0.11641283751180254,0.12694536998017725,7.754680020219396e-06,2.4007259723415886e-05,0.018913984298706055
B,8,24.26104164123535,-5177.039794921875,1,42,1.1368683772161603e-13,0.0035865369693937055,0.000494647660630676,9.066055391901418e-07,1.3151394932103821e-07,0.01651144027709961
B,8,1.0183287858963013,7187.5396728515625,1,52,8.326672684688674e-13,8.687766140528169,3.7514759680097853,0.005245442685026247,0.000644691925647721,0.020670652389526367
B,8,20.06036949157715,5162.853271484375,1,42,2.1316282072803006e-14,0.013012238025055467,0.0005359551884325242,6.209991936949322e-06,1.9406950403817735e-07,0.016452550888061523
B,8,3.213031530380249,-5162.787353515625,1,46,8.326672684688674e-13,0.26171440508488786,0.057507331406366546,6.276463472089377e-05,1.2707986342079015e-05,0.018358707427978516
B,8,2.5015547275543213,5183.821533203125,1,47,4.547473508864641e-13,0.46667550439815386,0.04105654123112856,0.00020027075851158926,4.4271862284573846e-05,0.018515586853027344
B,8,2.9413137435913086,5167.405029296875,1,46,4.440892098500626e-13,0.00512048566008616,0.0240413047599759,1.4584065690381731e-05,1.3828547766880916e-05,0.018046855926513672
B,8,7.279381275177002,5180.994873046875,1,44,1.1368683772161603e-13,0.10978424289805844,0.007701196750758754,3.222755197018756e-05,6.168490491689771e-06,0.01731729507446289
B,8,11.862637519836426,-5177.446044921875,1,43,5.684341886080802e-14,0.014739041567468192,0.005376811279461435,4.250200669268442e-06,1.334583199539413e-06,0.016698122024536133
B,8,7.9838032722473145,-5177.310791015625,1,43,3.885780586188048e-13,0.018868742882830247,0.007320650810420659,6.261150741676547e-06,1.4562055408520735e-06,0.017908334732055664
B,8,30.416053771972656,-5163.548583984375,1,42,1.4210854715202004e-14,0.014830908099618512,0.001271779290100028,4.347019947077008e-06,3.788498275439367e-07,0.016493558883666992
B,8,8.666776657104492,-5168.591064453125,1,43,1.1368683772161603e-13,0.05023740829975054,0.006327627248261081,1.45899866342801e-05,1.7419026118910275e-06,0.016930341720581055
B,8,6.118424415588379,-5178.243896484375,1,44,1.1368683772161603e-13,0.08481159828725993,0.001268810077487359,2.176330976968316e-05,1.6473059367971832e-07,0.01726388931274414
B,8,5.565932273864746,5177.125244140625,1,44,1.1102230246251565e-13,0.01657905922854752,0.0016588553814642637,4.352574061838865e-06,1.066653225571812e-06,0.017298221588134766
B,8,4.749756336212158,5167.665283203125,1,44,9.43689570931383e-13,0.035760616112895605,0.01415892941832908,1.7643541272011065e-05,4.977283398717447e-06,0.017114877700805664
B,8,3.7634856700897217,-5168.278564453125,1,45,7.216449660063518e-13,0.06733665870309835,0.019784918346203995,1.5297224982158825e-05,5.323196682220643e-06,0.017659902572631836
B,8,2.2944986820220947,-5162.897216796875,1,50,2.2737367544323206e-13,0.3256556494702636,0.1173218847151718,8.399129269007796e-05,2.3638215755024828e-05,0.019480228424072266
B,8,17.2535457611084,-5177.219970703125,1,42,5.684341886080802e-14,0.01104867360649564,0.003185134557682545,3.1877384939066333e-06,7.655058855242369e-07,0.016605615615844727
B,8,9.599445343017578,5163.467529296875,1,43,2.842170943040401e-14,0.026418375228558943,0.0027184505588877528,1.4628518192533191e-05,1.5426205222761336e-06,0.01692056655883789
B,8,4.38246488571167,7087.8970947265625,1,45,2.2737367544323206e-13,0.6024379570372957,0.10472018623169888,0.0003266688346733604,2.644594548589915e-05,0.017683744430541992
B,8,4.060618877410889,5179.261962890625,1,45,1.6653345369377348e-13,0.01002954751731977,0.007615697567416646,3.5295215691788506e-07,2.0801780185875085e-06,0.01759481430053711
B,8,5.165721893310547,-5163.648193359375,1,44,3.885780586188048e-13,0.045749618946801185,6.673506985066524e-05,1.2665584359502872e-05,5.07970238216443e-07,0.01725172996520996
B,8,6.6928019523620605,5184.904541015625,1,44,2.842170943040401e-14,0.0018706055400343757,0.003732331133335265,2.8969835378367392e-06,1.990809712019981e-06,0.0173187255859375
B,8,199.90037536621094,-5184.796630859375,1,77,1.2434497875801753e-14,0.0012912306142336405,0.0001424176103625996,3.032784830639748e-07,4.7530081277030733e-08,0.03024578094482422
B,8,1.898374080657959,-5218.230712890625,1,50,1.9984014443252818e-12,9.45704384206897,4.043095133364545,0.011269428537703408,0.008502943776683314,0.01989603042602539
B,8,2.7280631065368652,-5170.990966796875,1,47,4.547473508864641e-13,0.09291556085248942,0.007472475804519263,4.020729195221631e-05,2.742860530022262e-06,0.018724679946899414
B,8,41.133323669433594,-5169.497314453125,1,46,1.2434497875801753e-14,0.008451150669401386,0.0007979703938474358,2.601024312143957e-06,2.4459233236018285e-07,0.018204212188720703
B,16,13.417542457580566,-5184.896240234375,1,75,8.526512829121202e-14,0.05480118672762302,0.0022919094379361127,1.527247851681318e-05,6.757208077419474e-07,0.030336380004882812
B,16,1.6830500364303589,-5177.655029296875,1,80,1.7053025658242404e-13,0.021805894805197568,0.010075647549470546,2.3001630565344655e-05,2.215366007307651e-07,0.03224301338195801
B,16,3.4692625999450684,5161.790283203125,1,77,3.83026943495679e-12,0.015606921812604924,0.010808099730297727,3.641458997061253e-05,8.804339617446422e-06,0.031002044677734375
B,16,15.177986145019531,-5163.583251953125,1,79,2.842170943040401e-14,0.0491803813682381,0.0002185288301390642,1.153380050442044e-05,1.0968966944815972e-07,0.03187394142150879
B,16,10.615238189697266,5183.047119140625,1,75,5.684341886080802e-14,0.017527291145142954,0.0014001189842360873,1.2983703096491883e-05,5.864962761836789e-07,0.03026413917541504
B,16,2.104147434234619,-5164.817138671875,1,81,3.3306690738754696e-12,0.2791558535719787,0.010583055202829428,2.351246433872356e-05,2.2798145254965263e-06,0.032834768295288086
B,16,24.26104164123535,-5177.039794921875,1,74,5.684341886080802e-14,0.012435153679447808,0.0010134001659451997,2.666676874985008e-06,3.675943943542981e-07,0.0297548770904541
B,16,1.0183287858963013,7187.5396728515625,1,83,2.5646151868841116e-11,1.892958006322715,0.768239785397796,0.0006401950974020965,0.00010870071594722142,0.03356599807739258
B,16,20.06036949157715,5162.853271484375,1,74,2.1316282072803006e-14,0.0010394718309214568,0.0003833250567240043,3.895134235383513e-06,2.315175631345534e-07,0.02979588508605957
B,16,3.213031530380249,-5162.787353515625,1,78,2.0539125955565396e-12,0.06891290782760962,0.005583353511095623,9.00074674582696e-06,1.5447464513946435e-06,0.03125762939453125
B,16,2.5015547275543213,5183.821533203125,1,79,9.43689570931383e-13,0.04513665705189851,0.018950562825423845,3.324624372758045e-05,4.1733558172713306e-05,0.03190946578979492
B,16,2.9413137435913086,5167.405029296875,1,78,8.881784197001252e-13,0.03749899945103152,0.0096440608812145,8.677824314073934e-06,6.630506647883894e-06,0.03173017501831055
B,16,7.279381275177002,5180.994873046875,1,76,1.7053025658242404e-13,0.0062615252124942344,0.003508739417156903,5.826442898593243e-06,2.3641995353512746e-06,0.03063797950744629
B,16,11.862637519836426,-5177.446044921875,1,75,5.684341886080802e-14,0.025768973833764974,0.001819819917187715,5.076038276248182e-06,5.440885167962151e-07,0.030320405960083008
B,16,7.9838032722473145,-5177.310791015625,1,75,4.718447854656915e-13,0.030688662655563803,0.003431862481953374,5.986757774661955e-06,1.3537350155266858e-06,0.03031134605407715
B,16,30.416053771972656,-5163.548583984375,1,74,1.2434497875801753e-14,0.021678556120406256,0.0012556200071074386,5.11516552930899e-06,3.6226298249716904e-07,0.029838085174560547
B,16,8.666776657104492,-5168.591064453125,1,75,2.2737367544323206e-13,0.048830611886529596,0.007108130179169336,8.425073841463598e-06,1.8944285506833358e-06,0.030357837677001953
B,16,6.118424415588379,-5178.243896484375,1,76,1.7053025658242404e-13,0.06851302128062287,0.006717788479715381,1.6006220586277375e-05,2.107636770293936e-06,0.03060770034790039
B,16,5.565932273864746,5177.125244140625,1,76,1.6653345369377348e-13,0.00833086633417679,0.0007303716295155027,1.2922741602527932e-05,1.5198177024666748e-06,0.030892372131347656
B,16,4.749756336212158,5167.665283203125,1,76,1.4432899320127035e-12,0.011117933283458115,0.00027154471035828465,1.661238271671861e-05,2.62793032855535e-07,0.030588388442993164
B,16,3.7634856700897217,-5168.278564453125,1,77,1.2490009027033011e-12,0.12691510712433285,0.0150639241036572,2.228563948435472e-05,4.556034220136451e-06,0.030977964401245117
B,16,2.2944986820220947,-5162.897216796875,1,80,6.821210263296962e-13,0.13242707678159604,0.09529906873112814,2.2883273420904208e-05,2.328892632907421e-05,0.03221440315246582
B,16,17.2535457611084,-5177.219970703125,1,74,1.1368683772161603e-13,0.01354222477985445,0.0008415850189606999,2.83943150410082e-06,3.385934840144378e-07,0.029734373092651367
B,16,9.599445343017578,5163.467529296875,1,75,5.684341886080802e-14,0.011957701770541007,0.00043182033857647184,1.5118469499031395e-05,1.7738404831449395e-07,0.03041362762451172
B,16,4.38246488571167,7087.8970947265625,1,77,1.1368683772161603e-13,0.03468396244545602,0.03714194851753305,2.8118845225522104e-05,9.588309752260344e-06,0.031058549880981445
B,16,4.060618877410889,5179.261962890625,1,77,1.3877787807814457e-13,0.10880327006316293,0.0090442793210741,7.967020276808401e-05,4.966872668731026e-06,0.031259775161743164
B,16,5.165721893310547,-5163.648193359375,1,76,6.938893903907228e-13,0.14551073228251798,0.025080927404772524,3.4819170420061045e-05,7.800332227903689e-06,0.03062605857849121
B,16,6.6928019523620605,5184.904541015625,1,76,5.684341886080802e-14,0.044896652956822436,0.0012998725826491864,2.8114832966108505e-05,5.804363240810573e-07,0.030650854110717773
B,16,199.90037536621094,-5184.796630859375,1,73,1.4210854715202004e-14,0.003269605453965596,6.798933949880848e-05,8.99077982158443e-07,1.9465409343416562e-08,0.02942061424255371
B,16,1.898374080657959,-5218.230712890625,1,82,5.140332604014475e-11,8.94012355269831,14.606540010786375,0.0002266793413030488,0.0077749924771237655,0.0333859920501709
B,16,2.7280631065368652,-5170.990966796875,1,79,4.547473508864641e-13,0.3612183118938077,0.07034466126950178,8.733697395472625e-05,1.815670840459027e-05,0.032041072845458984
B,16,41.133323669433594,-5169.497314453125,1,74,2.842170943040401e-14,0.012113893786533936,0.0012970587261307287,2.389592947963509e-06,3.8236554968790193e-07,0.029787302017211914
B,32,13.417542457580566,-5184.896240234375,1,139,5.684341886080802e-14,0.01986786954073949,0.0009336764507352768,6.536897430929611e-06,2.7449432062759405e-07,0.05911660194396973
B,32,1.6830500364303589,-5177.655029296875,1,144,4.440892098500626e-13,0.023356659899604892,0.004596161135722809,1.2817437751055927e-05,4.794497830851868e-07,0.061214447021484375
B,32,3.4692625999450684,5161.790283203125,1,141,4.052314039881821e-12,0.06192962648435696,0.0037362970959975428,2.6476487969107065e-05,1.2552618396041715e-06,0.05990409851074219
B,32,15.177986145019531,-5163.583251953125,1,140,2.842170943040401e-14,0.0203201978207872,3.441969248285659e-06,6.992261890673471e-06,5.783439831208437e-09,0.059092044830322266
B,32,10.615238189697266,5183.047119140625,1,139,8.526512829121202e-14,0.012032292006495027,0.0006446445256074185,5.573493076532765e-06,4.2152594553757083e-07,0.058797359466552734
B,32,2.104147434234619,-5164.817138671875,1,145,4.551914400963142e-12,0.042202317849501014,0.046949823461517326,1.2384094670581103e-07,1.076844855724124e-05,0.06194257736206055
B,32,24.26104164123535,-5177.039794921875,1,138,1.1368683772161603e-13,0.007087859040908029,0.0007252169344127424,2.458793764439915e-06,2.0957462144866046e-07,0.05846810340881348
B,32,1.0183287858963013,7187.5396728515625,1,147,2.19824158875781e-11,0.04294438964197411,0.05585043289541147,4.184906511661701e-06,2.608420602442929e-06,0.06281185150146484
B,32,20.06036949157715,5162.853271484375,1,138,2.1316282072803006e-14,0.008481065748128458,0.0001786091093656239,3.382912034201324e-06,1.1065895539437084e-07,0.05819106101989746
B,32,3.213031530380249,-5162.787353515625,1,142,2.3314683517128287e-12,0.053251365880839785,0.00844981407037082,1.9833384456144354e-05,2.1515611201084264e-06,0.060117483139038086
B,32,2.5015547275543213,5183.821533203125,1,143,1.3642420526593924e-12,0.0022025755274626135,0.0023472057994524675,4.084734714693283e-06,1.5359305533414053e-06,0.06071138381958008
B,32,2.9413137435913086,5167.405029296875,1,142,8.881784197001252e-13,0.062005398756696195,0.0032714616941120767,2.4299314017484086e-05,1.4595655119173379e-06,0.06035447120666504
B,32,7.279381275177002,5180.994873046875,1,140,3.410605131648481e-13,0.01022531147555128,0.0011831805510382765,3.2691428678011114e-06,4.5219076487412746e-07,0.059354543685913086
B,32,11.862637519836426,-5177.446044921875,1,139,1.7053025658242404e-13,0.012297573888288227,0.0007127899520753544,4.4201560466129025e-06,2.21939871335175e-07,0.058786630630493164
B,32,7.9838032722473145,-5177.310791015625,1,139,5.551115123125783e-13,0.018105165003532875,0.0033558023196249565,6.5705081195577275e-06,9.634550841366996e-07,0.05917668342590332
B,32,30.416053771972656,-5163.548583984375,1,138,1.4210854715202004e-14,0.009555816890561175,0.0005344642056073212,3.338820103008372e-06,1.5266472307151613e-07,0.05871772766113281
B,32,8.666776657104492,-5168.591064453125,1,139,2.8421709430404007e-13,0.021733130003866563,0.0014689678279964369,7.800327780419641e-06,4.774648671192205e-07,0.05917191505432129
B,32,6.118424415588379,-5178.243896484375,1,140,2.2737367544323206e-13,0.032070290748052344,0.0033031580398450444,1.1278994709325307e-05,9.654710367706931e-07,0.05987191200256348
B,32,5.565932273864746,5177.125244140625,1,140,1.942890293094024e-13,0.026752282739607836,0.00010268594971307721,1.1824120278003392e-05,1.990838644598536e-07,0.059696197509765625
B,32,4.749756336212158,5167.665283203125,1,140,1.5543122344752192e-12,0.03568223757025635,0.0013159343553752478,1.6286140593291254e-05,6.084661962543758e-07,0.0601348876953125
B,32,3.7634856700897217,-5168.278564453125,1,141,1.3322676295501878e-12,0.056074288102294645,0.00832487985101693,1.9665768831510916e-05,2.4033091768627113e-06,0.06048393249511719
B,32,2.2944986820220947,-5162.897216796875,1,144,6.821210263296962e-13,0.06953829016401869,0.026284538379138134,2.743025097819954e-05,6.725378646606434e-06,0.061601877212524414
B,32,17.2535457611084,-5177.219970703125,1,138,1.1368683772161603e-13,0.00953260375470677,0.0006181610028619389,3.3211515399617086e-06,1.9328564459381026e-07,0.05882883071899414
B,32,9.599445343017578,5163.467529296875,1,139,8.526512829121202e-14,0.023407869207574095,4.802044307439246e-05,1.0233048261296118e-05,1.944726227623428e-08,0.05949974060058594
B,32,4.38246488571167,7087.8970947265625,1,141,3.410605131648481e-13,0.09252194948089709,0.01687225016512528,3.2063037290475105e-05,4.091987169530485e-06,0.060355186462402344
B,32,4.060618877410889,5179.261962890625,1,141,2.220446049250313e-13,0.06656002348256607,0.004083584328043344,3.377385678085543e-05,2.206734750709316e-06,0.06017041206359863
B,32,5.165721893310547,-5163.648193359375,1,140,8.049116928532385e-13,0.06692443565718431,0.011237057260004235,2.2336592663205375e-05,3.2886763820377807e-06,0.059751033782958984
B,32,6.6928019523620605,5184.904541015625,1,140,2.2737367544323206e-13,0.027678583714646265,0.0002888829190226261,1.332585128641095e-05,2.8298432421663966e-07,0.06073403358459473
B,32,199.90037536621094,-5184.796630859375,1,269,1.4210854715202004e-14,0.0011525358769084448,3.600762535427293e-05,3.8265926544708145e-07,1.0332126515466555e-08,0.11516237258911133
B,32,1.898374080657959,-5218.230712890625,1,146,4.547473508864641e-13,1.2649672705174453,0.4013832202690537,0.00034656389433385115,0.0002818277033828087,0.06322813034057617
B,32,2.7280631065368652,-5170.990966796875,1,143,6.821210263296962e-13,0.16645007907335696,0.022048850568381795,5.1872810479487025e-05,6.491093485799793e-06,0.06144237518310547
B,32,41.133323669433594,-5169.497314453125,1,141,2.842170943040401e-14,0.0053964304502471805,0.0005519138744958241,1.9153501065530265e-06,1.6124095435568475e-07,0.0603785514831543
C,2,5.022859573364258,74.99999237060547,1,15,1.2407338611380991e-14,5.982612094612705e-07,4.0334708906186734e-08,1.6097673083415032e-08,1.047306033563622e-09,0.00592350959777832
C,2,7.057497024536133,25.0,1,15,5.1372548250973316e-15,5.329070518200751e-15,6.439293542825908e-15,0.0,0.0,0.0058252811431884766
C,2,2.6009926795959473,69.76318359375,1,16,4.263256414560601e-14,1.065829837898491e-05,1.1262932275712956e-07,2.6657676582830803e-07,4.192548308523669e-09,0.006212949752807617
C,2,1.1987922191619873,25.0,1,15,3.4537239028702062e-15,2.3092638912203256e-14,2.3092638912203256e-14,3.4379529605110815e-10,3.940086451548197e-11,0.005875587463378906
C,2,17.093704223632812,50.0,1,15,1.125547968223355e-15,7.623747544371895e-08,1.2164444562756671e-08,2.9810329153084902e-09,4.805442536948146e-10,0.005821943283081055
C,2,1.556978464126587,475.1240234375,1,17,5.377642775528102e-14,0.0017542085313380085,0.00011193218159633034,7.515983825645556e-06,1.4882504274782438e-07,0.006737470626831055
C,2,12.108073234558105,25.000015258789062,1,15,1.0903431613530981e-15,8.881784197001252e-16,3.1086244689504383e-15,3.469446951953614e-18,1.734723475976807e-18,0.005793571472167969
C,2,5.598653316497803,25.0,1,15,2.434118580524683e-14,1.1507239605634823e-11,9.201528428093297e-13,1.4682888238581882e-10,1.0188849763892449e-11,0.005766391754150391
C,2,6.278496265411377,5171.388427734375,1,19,2.7755575615628914e-14,6.502805692444753,0.5594761494588738,0.004149548316657953,4.694588608090966e-05,0.007426738739013672
C,2,1.000246524810791,73.7179946899414,1,16,1.3662959076567085e-14,3.8942638003192087e-10,1.511359926098521e-10,9.086481567166516e-15,4.18554080283684e-14,0.0062007904052734375
C,2,27.510936737060547,69.41796875,1,15,2.042810365310288e-14,1.1272049960098229e-10,3.801403636316536e-13,1.7839264787600229e-10,7.656152187923704e-13,0.005832195281982422
C,2,39.21449279785156,50.0,1,15,2.72405795836983e-15,3.0536135398051556e-08,4.312967760711217e-09,1.1995310231216472e-09,1.7288080342292567e-10,0.0060122013092041016
C,2,21.245851516723633,475.1728515625,1,34,6.439293542825908e-15,9.99137844814868e-05,1.2650964464455683e-05,3.799810896140676e-07,3.7714907178201806e-08,0.013040781021118164
C,2,2.3895246982574463,26.281997680664062,1,15,2.689022558089024e-14,4.8476778147232835e-11,5.38840083663672e-11,1.1102230246251565e-16,2.7755575615628914e-16,0.005800485610961914
C,2,14.225818634033203,69.7529296875,1,15,9.059419880941277e-14,1.3499698070518207e-07,4.863591129833367e-08,2.0641390194309217e-09,7.440496829769216e-10,0.005941629409790039
C,2,1.3115198612213135,70.1904296875,1,16,1.3173056395698879e-14,5.778418326940482e-06,6.710047273372766e-08,1.5302050304644155e-07,1.7554418335619104e-09,0.006225109100341797
C,2,10.459282875061035,69.798828125,1,16,7.105427357601002e-14,3.0108594728517346e-08,7.640608146175509e-10,7.777297139632822e-10,4.3309245079115044e-12,0.006342887878417969
C,2,4.5329108238220215,70.169921875,1,16,2.886579864025407e-14,5.394074491960055e-06,4.397315933601931e-08,8.047836347335746e-08,4.815442211647536e-10,0.006263256072998047
C,2,3.399446964263916,69.7744140625,1,31,8.881784197001252e-15,2.1624373403028585e-09,1.9485568714117107e-10,2.2011678590949657e-09,4.070960235580401e-11,0.0120391845703125
C,2,1.0991222858428955,24.999998092651367,1,15,1.2805444096590513e-14,2.3376856006507296e-12,8.232303727595536e-14,5.551115123125783e-17,7.632783294297951e-17,0.005861043930053711
C,2,4.107022285461426,25.0,1,15,4.213380107659305e-15,1.9984014443252818e-14,1.9539925233402755e-14,3.469446951953614e-18,0.0,0.005858659744262695
C,2,3.1019513607025146,23.717999279499054,1,15,1.3730827591465836e-14,1.9539925233402755e-14,5.551115123125783e-15,0.0,1.7889335846010823e-18,0.005842924118041992
C,2,1.4298925399780273,69.896484375,1,30,2.0250467969162855e-13,3.0258888727985322e-09,2.3100312773749465e-09,1.7166251753408801e-09,5.741429554007027e-11,0.01165318489074707
C,2,2.847501039505005,25.0,1,15,6.689839747634862e-15,4.973799150320701e-14,6.394884621840902e-14,0.0,2.7755575615628914e-17,0.005783557891845703
C,2,1.6966899633407593,70.20458984375,1,16,2.184918912462308e-13,1.3324204701348208e-05,1.7879185634228634e-06,1.2071522081935626e-07,2.0606753279445167e-08,0.006262779235839844
C,2,2.1931464672088623,69.8095703125,1,16,2.6725583551767684e-14,1.2776382050105894e-06,1.2050875852764875e-08,7.932861700865601e-08,7.192701156899517e-10,0.006242990493774414
C,2,1.8436847925186157,55.0,1,16,8.669382215147764e-16,1.803755146312369e-05,2.08179621807858e-06,3.136035874422294e-07,3.61628103399958e-08,0.006220102310180664
C,2,2.008988618850708,25.0,1,15,8.964996713739515e-15,1.8474111129762605e-13,1.270095140171179e-13,3.1930821875469917e-10,1.727177428856308e-12,0.005828857421875
C,2,9.057456016540527,50.0,1,15,1.836367429647323e-15,3.647622470737133e-08,5.742525566176937e-09,2.606276576500033e-09,4.0032252859867334e-10,0.005895137786865234
C,2,7.9521613121032715,69.826171875,1,32,2.6645352591003757e-14,1.6964349924819544e-08,2.038518687186297e-09,4.069244941007355e-13,1.341010635869111e-13,0.012491703033447266
C,2,3.7463717460632324,472.20654296875,1,27,8.526512829121202e-14,0.00022326785165205365,1.31106061473929e-06,4.4674846411130176e-07,1.2648712462842715e-08,0.010494709014892578
C,2,199.90037536621094,69.8046875,1,15,9.71445146547012e-15,1.4751623922393264e-08,2.2893686946190428e-10,6.839250702231348e-10,1.0615258672075356e-11,0.00581812858581543
C,4,5.022859573364258,74.99999237060547,1,23,2.5141631940402143e-14,1.6311240003119565e-07,1.0730452970619808e-08,4.422967769812658e-09,2.892990708103227e-10,0.009044647216796875
C,4,7.057497024536133,25.0,1,23,6.140141834646423e-15,0.0,2.220446049250313e-16,0.0,0.0,0.009042978286743164
C,4,2.6009926795959473,69.76318359375,1,24,6.039613253960852e-14,2.690874453037395e-06,6.904315341671463e-09,7.181927680344202e-08,2.2859633630467613e-10,0.009557723999023438
C,4,1.1987922191619873,25.0,1,23,1.2920428819180284e-15,4.440892098500626e-16,8.881784197001252e-16,3.4379530125527857e-10,3.940088533216368e-11,0.008989334106445312
C,4,17.093704223632812,50.0,1,23,9.014151094459866e-16,2.0409820944422563e-08,3.285228089566772e-09,7.954876497101582e-10,1.2823495043612354e-10,0.009110689163208008
C,4,1.556978464126587,475.1240234375,1,25,8.526512829121202e-14,0.0005838449671955459,1.808610784337361e-05,2.38220834891667e-06,9.396006518669342e-08,0.009737253189086914
C,4,12.108073234558105,25.000015258789062,1,23,1.4830488115238731e-15,8.881784197001252e-16,4.440892098500626e-16,3.469446951953614e-18,1.734723475976807e-18,0.009011507034301758
C,4,5.598653316497803,25.0,1,23,2.3602043679649045e-14,2.4868995751603507e-14,1.7763568394002505e-15,1.4682882687466758e-10,1.0188849763892449e-11,0.008961200714111328
C,4,6.278496265411377,5171.388427734375,1,28,1.1368683772161603e-13,6.841815763987398,0.3333538869097765,0.0020863562404283276,0.00010732481682301787,0.01094198226928711
C,4,1.000246524810791,73.7179946899414,1,25,1.095817111774729e-14,1.2101430968414206e-14,3.552713678800501e-15,1.734723475976807e-18,0.0,0.009699344635009766
C,4,27.510936737060547,69.41796875,1,23,1.1712852909795402e-14,1.1328893378959037e-10,4.831690603168681e-13,1.7839260624263886e-10,7.656065451749905e-13,0.009068727493286133
C,4,39.21449279785156,50.0,1,23,3.156044761469523e-15,8.20717716010222e-09,1.1794538679055222e-09,3.200960885241244e-10,4.613512696871602e-11,0.008952856063842773
C,4,21.245851516723633,475.1728515625,1,50,1.1546319456101628e-14,3.8863272081357536e-05,1.3810615655529546e-06,1.5924163574571049e-07,3.745376864552896e-09,0.019422531127929688
C,4,2.3895246982574463,26.281997680664062,1,23,2.6856026625644847e-14,8.881784197001252e-14,1.0302869668521453e-13,5.551115123125783e-17,5.551115123125783e-17,0.009041547775268555
C,4,14.225818634033203,69.7529296875,1,23,8.748557434046234e-14,2.141818811196572e-08,7.78140929469373e-09,3.4552048722158446e-10,1.2530004811495132e-10,0.008998632431030273
C,4,1.3115198612213135,70.1904296875,1,24,1.1709383462843448e-14,1.48189320725578e-06,1.7077496750061982e-08,3.8972158306060933e-08,4.4701811696690186e-10,0.009309530258178711
C,4,10.459282875061035,69.798828125,1,24,1.0480505352461478e-13,1.0952589946100488e-08,2.8900615234306315e-10,1.0585965437570621e-10,2.007230145983918e-11,0.009342193603515625
C,4,4.5329108238220215,70.169921875,1,50,5.5067062021407764e-14,9.091320407605963e-08,5.450147000374272e-10,1.8871972873313325e-09,1.2899917245512427e-11,0.019535541534423828
C,4,3.399446964263916,69.7744140625,1,47,1.3322676295501878e-14,2.0475567907851655e-09,3.7900349525443744e-11,2.2011638900476527e-09,4.06895211968461e-11,0.018237590789794922
C,4,1.0991222858428955,24.999998092651367,1,23,2.6520601578532144e-14,0.0,8.326672684688674e-16,0.0,8.673617379884035e-19,0.008956670761108398
C,4,4.107022285461426,25.0,1,23,6.889718016490951e-15,4.440892098500626e-16,1.7763568394002505e-15,3.469446951953614e-18,1.3877787807814457e-17,0.009041070938110352
C,4,3.1019513607025146,23.717999279499054,1,23,1.3506787376917073e-14,2.6645352591003757e-15,0.0,0.0,5.421010862427522e-20,0.008873224258422852
C,4,1.4298925399780273,69.896484375,1,46,1.7408297026122455e-13,0.0,1.4210854715202004e-13,1.7164525356605509e-09,5.779809963968319e-11,0.017844200134277344
C,4,2.847501039505005,25.0,1,23,5.3109495188436665e-15,0.0,3.552713678800501e-15,0.0,1.3877787807814457e-17,0.008943796157836914
C,4,1.6966899633407593,70.20458984375,1,24,1.8829382497642655e-13,8.945933586801402e-06,2.992692429870658e-06,1.0536034367181202e-07,5.2159320229269723e-08,0.00937652587890625
C,4,2.1931464672088623,69.8095703125,1,24,2.5757174171303632e-14,3.633186906881747e-07,3.4159768347308272e-09,5.271757641533981e-09,5.141555237120343e-11,0.00936269760131836
C,4,1.8436847925186157,55.0,1,24,2.220446049250313e-15,1.412797253408371e-06,1.6301595451295725e-07,2.0933099108277897e-08,2.413582497057254e-09,0.009499311447143555
C,4,2.008988618850708,25.0,1,23,1.157385819128276e-14,0.0,8.881784197001252e-16,3.1930819099912355e-10,1.727177428856308e-12,0.008918046951293945
C,4,9.057456016540527,50.0,1,23,3.074941356769924e-15,1.0179506126917204e-08,1.6049765960701734e-09,2.5047969254288205e-10,4.0255781347253716e-11,0.008966445922851562
C,4,7.9521613121032715,69.826171875,1,47,5.1514348342607263e-14,7.958078640513122e-13,1.1368683772161603e-13,5.551115123125783e-17,0.0,0.01824212074279785
C,4,3.7463717460632324,472.20654296875,1,27,5.684341886080802e-14,7.43563425658067e-05,4.45028220497079e-07,3.0820329993686e-07,4.943810847680974e-09,0.010538101196289062
C,4,199.90037536621094,69.8046875,1,23,1.3766765505351941e-14,4.360344973974861e-09,6.764366844436154e-11,9.54596234958166e-11,1.481242212220124e-12,0.00884103775024414
C,8,5.022859573364258,74.99999237060547,1,39,2.0223758648643675e-14,4.3989750508899306e-08,2.8835192011911204e-09,1.1958767309749874e-09,7.827920256442411e-11,0.015378952026367188
C,8,7.057497024536133,25.0,1,39,6.788969072243217e-15,0.0,2.220446049250313e-16,0.0,0.0,0.01526784896850586
C,8,2.6009926795959473,69.76318359375,1,40,5.240252676230739e-14,6.648015187238343e-07,2.922536168625811e-08,1.7722201539616123e-08,6.882246439410267e-10,0.015702486038208008
C,8,1.1987922191619873,25.0,1,39,2.6288196913629245e-15,5.846523265518044e-11,6.701306176637445e-12,2.2600981676446086e-10,2.5903466871479708e-11,0.015263080596923828
C,8,17.093704223632812,50.0,1,39,1.649331966981733e-15,4.9264330392873035e-09,7.938663060258477e-10,1.9132071794880634e-10,3.084292196642302e-11,0.015283346176147461
C,8,1.556978464126587,475.1240234375,1,41,1.1368683772161603e-13,0.00014777834871892992,3.661192243953337e-05,1.1070226672016403e-06,2.0120602774870155e-07,0.01600170135498047
C,8,12.108073234558105,25.000015258789062,1,39,1.2805020580116885e-15,8.881784197001252e-16,4.440892098500626e-16,3.469446951953614e-18,1.734723475976807e-18,0.015045881271362305
C,8,5.598653316497803,25.0,1,39,2.7740329022578336e-14,2.4996893444040325e-11,1.7195134205394424e-12,9.652112442637417e-11,6.725620060876736e-12,0.015394210815429688
C,8,6.278496265411377,5171.388427734375,1,44,5.684341886080802e-14,0.11712732010781224,0.013507525955674282,2.5825887158742455e-05,5.977822390881848e-06,0.01717233657836914
C,8,1.000246524810791,73.7179946899414,1,41,9.936708940362708e-15,1.2101430968414206e-14,0.0,1.734723475976807e-18,0.0,0.015893936157226562
C,8,27.510936737060547,69.41796875,1,39,2.0095036745715333e-14,2.5369217837578617e-10,1.0906830993917538e-12,8.785989991100251e-11,3.7707792617525104e-13,0.015137434005737305
C,8,39.21449279785156,50.0,1,39,3.3555210205479108e-15,1.9820198815523327e-09,2.8546498498371875e-10,7.698713194725926e-11,1.1097112811997434e-11,0.01524972915649414
C,8,21.245851516723633,475.1728515625,1,82,1.2045919817182948e-14,5.823152605444193e-06,8.583747614920867e-07,4.3859914831967384e-08,3.391265277277733e-09,0.03186321258544922
C,8,2.3895246982574463,26.281997680664062,1,39,2.595647763566078e-14,8.881784197001252e-14,1.0302869668521453e-13,5.551115123125783e-17,5.551115123125783e-17,0.015218734741210938
C,8,14.225818634033203,69.7529296875,1,39,9.414691248821327e-14,3.434877271502046e-09,1.2437340046744794e-09,5.397586544386712e-11,1.9515472571285386e-11,0.015177726745605469
C,8,1.3115198612213135,70.1904296875,1,40,1.3444106938820255e-14,2.937230334509877e-07,3.3810465538408607e-09,7.444899446928943e-09,8.534490475442524e-11,0.015592575073242188
C,8,10.459282875061035,69.798828125,1,40,9.947598300641403e-14,1.2387317838147283e-09,6.80557832311024e-11,2.4755403282838984e-10,6.91185823853413e-12,0.015630245208740234
C,8,4.5329108238220215,70.169921875,1,40,5.684341886080802e-14,8.47314254315279e-07,5.3752273743157275e-09,1.3279919275355212e-08,7.98931337753217e-11,0.01566147804260254
C,8,3.399446964263916,69.7744140625,1,80,1.27675647831893e-14,2.1840946828888264e-09,4.035172196381609e-11,8.533282414013854e-10,1.579401887052967e-11,0.031080245971679688
C,8,1.0991222858428955,24.999998092651367,1,39,2.6570364764183334e-14,0.0,8.326672684688674e-16,0.0,8.673617379884035e-19,0.01527547836303711
C,8,4.107022285461426,25.0,1,39,6.562030416828069e-15,4.440892098500626e-16,1.7763568394002505e-15,3.469446951953614e-18,1.3877787807814457e-17,0.015356779098510742
C,8,3.1019513607025146,23.717999279499054,1,39,1.3627066055427184e-14,2.6645352591003757e-15,0.0,0.0,5.421010862427522e-20,0.015304327011108398
C,8,1.4298925399780273,69.896484375,1,78,1.4033219031261979e-13,3.477452992228791e-09,1.1661427379294764e-10,7.892097531048137e-10,2.6334601166411176e-11,0.030336618423461914
C,8,2.847501039505005,25.0,1,39,6.884974962858572e-15,0.0,3.552713678800501e-15,0.0,1.3877787807814457e-17,0.015228748321533203
C,8,1.6966899633407593,70.20458984375,1,40,2.2737367544323206e-13,1.554572463646764e-06,5.454142808503093e-07,1.7017171116684437e-08,9.73364731177151e-09,0.015549182891845703
C,8,2.1931464672088623,69.8095703125,1,40,2.6645352591003757e-14,3.296219119874877e-08,3.015685479113017e-10,4.014916565875382e-09,3.719288765857698e-11,0.015582561492919922
C,8,1.8436847925186157,55.0,1,40,3.4677122284776374e-15,1.6860094085302535e-06,1.9454977717714428e-07,3.9770483402194745e-08,4.587057747529322e-09,0.015813827514648438
C,8,2.008988618850708,25.0,1,39,1.0449104316447456e-14,5.4296123153108056e-11,2.877698079828406e-13,2.0992285687526646e-10,1.1485465356564362e-12,0.015313148498535156
C,8,9.057456016540527,50.0,1,39,3.3405391252933504e-15,8.022382758099411e-11,1.4407142145955731e-11,7.076632335678568e-11,1.0988050747062772e-11,0.015218257904052734
C,8,7.9521613121032715,69.826171875,1,79,5.595524044110789e-14,7.958078640513122e-13,1.1368683772161603e-13,5.551115123125783e-17,0.0,0.030669212341308594
C,8,3.7463717460632324,472.20654296875,1,43,8.526512829121202e-14,8.854932343638211e-05,1.3678588999255226e-06,1.7216997488800345e-07,1.09436323111195e-09,0.01670551300048828
C,8,199.90037536621094,69.8046875,1,39,1.354472090042691e-14,6.370015626089298e-11,9.947598300641403e-13,1.9043998149281816e-11,2.9556565528388035e-13,0.015215873718261719
C,16,5.022859573364258,74.99999237060547,1,71,2.717366398086521e-14,1.1382713438479186e-08,7.45780326383283e-10,3.1154140378575335e-10,2.0402804445929235e-11,0.028438329696655273
C,16,7.057497024536133,25.0,1,71,6.882777971151631e-15,0.0,2.220446049250313e-16,0.0,0.0,0.028426647186279297
C,16,2.6009926795959473,69.76318359375,1,72,6.039613253960852e-14,3.718446350831073e-08,1.562739271321334e-09,8.255773842336112e-10,3.437891638036206e-11,0.028618574142456055
C,16,1.1987922191619873,25.0,1,71,3.1633504206395914e-15,1.4716672325221225e-11,1.687538997430238e-12,2.3271217418352474e-10,2.6670499142511517e-11,0.028183698654174805
C,16,17.093704223632812,50.0,1,71,1.6353029837928336e-15,6.817288955573986e-10,1.099182966868284e-10,2.5756461199955005e-11,4.153861282718552e-12,0.02846980094909668
C,16,1.556978464126587,475.1240234375,1,73,1.4210854715202004e-13,4.080296366737457e-05,5.056119420032701e-06,7.724221307015e-08,1.545913753259187e-08,0.029079437255859375
C,16,12.108073234558105,25.000015258789062,1,71,1.7082272265955085e-15,8.881784197001252e-16,4.440892098500626e-16,3.469446951953614e-18,1.734723475976807e-18,0.028316259384155273
C,16,5.598653316497803,25.0,1,71,2.7733460114771696e-14,6.30961949354969e-12,4.3520742565306136e-13,9.938561085220954e-11,6.90364432287538e-12,0.028387784957885742
C,16,6.278496265411377,5171.388427734375,1,76,5.684341886080802e-14,0.036147900831423385,0.0036280763468994337,3.765588029203126e-05,2.9324624139098754e-06,0.030864953994750977
C,16,1.000246524810791,73.7179946899414,1,73,1.2678389154502367e-14,1.2101430968414206e-14,0.0,1.734723475976807e-18,0.0,0.02925896644592285
C,16,27.510936737060547,69.41796875,1,71,2.6992297286199118e-14,9.328005035058595e-11,4.014566457044566e-13,4.0861841688055733e-11,1.7537013508039934e-13,0.02839803695678711
C,16,39.21449279785156,50.0,1,71,3.3398509110237062e-15,2.743458793474929e-10,3.955769045660418e-11,1.0366214830970222e-11,1.4953663307615273e-12,0.02838587760925293
C,16,21.245851516723633,475.1728515625,1,147,1.4210854715202004e-14,1.959085793146187e-06,6.720409828631091e-08,3.459520628301682e-09,3.882851956626965e-10,0.059014320373535156
C,16,2.3895246982574463,26.281997680664062,1,71,2.7389657382415056e-14,8.526512829121202e-14,1.0302869668521453e-13,5.551115123125783e-17,5.551115123125783e-17,0.028468608856201172
C,16,14.225818634033203,69.7529296875,1,71,1.0835776720341528e-13,2.1548913764490862e-09,7.901235221652314e-10,3.8541773939027024e-11,1.4138024084786593e-11,0.028476238250732422
C,16,1.3115198612213135,70.1904296875,1,72,1.3947176746853529e-14,3.188613106885896e-08,3.6840219763689674e-10,1.1947438594006599e-09,1.3766848772078788e-11,0.02890753746032715
C,16,10.459282875061035,69.798828125,1,72,1.1013412404281553e-13,2.298747858731076e-10,2.2865265236760024e-11,1.549630423980375e-10,3.131073525453054e-12,0.029061079025268555
C,16,4.5329108238220215,70.169921875,1,72,5.1958437552457326e-14,1.5339981018769322e-07,9.727045835461468e-10,2.4315151558873538e-09,1.4633405598374338e-11,0.028884410858154297
C,16,3.399446964263916,69.7744140625,1,143,1.3796472644878044e-14,7.306368843273958e-10,1.3486101124726702e-11,3.6069619513412476e-10,6.673245289690044e-12,0.0579833984375
C,16,1.0991222858428955,24.999998092651367,1,71,2.6915318931952648e-14,0.0,8.881784197001252e-16,0.0,8.673617379884035e-19,0.028489112854003906
C,16,4.107022285461426,25.0,1,71,6.813231933970623e-15,4.440892098500626e-16,1.7763568394002505e-15,3.469446951953614e-18,1.3877787807814457e-17,0.0283963680267334
C,16,3.1019513607025146,23.717999279499054,1,71,1.1753429176100672e-14,2.6645352591003757e-15,0.0,0.0,5.421010862427522e-20,0.02830052375793457
C,16,1.4298925399780273,69.896484375,1,142,2.2382096176443156e-13,1.2673808669205755e-09,4.243361217959318e-11,2.661321163444086e-10,8.873790591223951e-12,0.0576786994934082
C,16,2.847501039505005,25.0,1,71,6.3646949011749685e-15,0.0,0.0,0.0,1.3877787807814457e-17,0.028520822525024414
C,16,1.6966899633407593,70.20458984375,1,72,2.3447910280083306e-13,6.369236871250905e-08,2.1990132381688454e-08,6.123260787305185e-10,2.671241283724868e-10,0.0289003849029541
C,16,2.1931464672088623,69.8095703125,1,72,2.842170943040401e-14,3.46979618370824e-08,3.2514435588382185e-10,1.5958299126594966e-09,1.4957278471339208e-11,0.028831958770751953
C,16,1.8436847925186157,55.0,1,72,3.497202527569243e-15,2.587829825984045e-07,2.986094926882288e-08,5.899728089744927e-09,6.804511815117209e-10,0.028933048248291016
C,16,2.008988618850708,25.0,1,71,1.3211172878325322e-14,1.3670842236024328e-11,7.460698725481052e-14,2.161382461896011e-10,1.1724024528980692e-12,0.028508424758911133
C,16,9.057456016540527,50.0,1,71,3.398296184384253e-15,1.0468745870184648e-09,1.6481038755955524e-10,6.586824835563831e-11,1.0373694958598634e-11,0.02840399742126465
C,16,7.9521613121032715,69.826171875,1,143,5.560829574591253e-14,7.958078640513122e-13,1.1368683772161603e-13,5.551115123125783e-17,0.0,0.05731940269470215
C,16,3.7463717460632324,472.20654296875,1,75,1.1368683772161603e-13,3.0037261240067892e-05,4.070943475653621e-07,6.89671412756887e-08,1.0032203115115101e-09,0.03010845184326172
C,16,199.90037536621094,69.8046875,1,71,1.3766765505351941e-14,6.780354055990756e-10,1.0516032489249483e-11,3.457501949674646e-11,5.365569100135303e-13,0.028804540634155273
C,32,5.022859573364258,74.99999237060547,1,135,2.645114487685729e-14,2.7441018346507917e-09,1.8005064106318969e-10,7.719247463455758e-11,5.062519847776059e-12,0.057131290435791016
C,32,7.057497024536133,25.0,1,135,6.780498742770674e-15,0.0,2.220446049250313e-16,0.0,0.0,0.05718088150024414
C,32,2.6009926795959473,69.76318359375,1,136,5.684341886080802e-14,9.433040304429596e-08,6.881464287289418e-10,2.7971705507390254e-09,1.069003219278386e-11,0.05787944793701172
C,32,1.1987922191619873,25.0,1,136,3.3794497013078448e-15,3.007505355867579e-11,3.447908625275886e-12,2.0818773441289018e-10,2.386024711142909e-11,0.0576167106628418
C,32,17.093704223632812,50.0,1,136,1.685661739485062e-15,4.4322367998006484e-10,7.140332769495217e-11,1.8118168423897352e-11,2.918755515057825e-12,0.057680606842041016
C,32,1.556978464126587,475.1240234375,1,137,1.4210854715202004e-13,2.916810922215518e-05,2.2014680780557683e-06,7.475265773049244e-08,5.308004848159076e-09,0.05826878547668457
C,32,12.108073234558105,25.000015258789062,1,135,1.6682313896173445e-15,8.881784197001252e-16,4.440892098500626e-16,3.469446951953614e-18,1.734723475976807e-18,0.0571439266204834
C,32,5.598653316497803,25.0,1,135,2.657481168715642e-14,1.2871481658294215e-11,8.899547765395255e-13,8.891049008141749e-11,6.183997758313353e-12,0.05715179443359375
C,32,6.278496265411377,5171.388427734375,1,140,1.7053025658242404e-13,0.04593422782451739,0.0006864859834649906,2.085459567466308e-05,2.6322153885705024e-07,0.05986380577087402
C,32,1.000246524810791,73.7179946899414,1,138,1.3669523581908306e-14,1.1879386363489175e-14,7.105427357601002e-15,1.734723475976807e-18,0.0,0.05901622772216797
C,32,27.510936737060547,69.41796875,1,135,2.886579864025407e-14,6.008349373587407e-11,2.5934809855243657e-13,3.2625874224478935e-11,1.4002232533172343e-13,0.057057857513427734
C,32,39.21449279785156,50.0,1,135,3.245830253878479e-15,1.7829648868428194e-10,2.566480361565482e-11,7.288371295377516e-12,1.0491052471195417e-12,0.05719399452209473
C,32,21.245851516723633,475.1728515625,1,275,1.3766765505351941e-14,4.772958135390581e-07,1.5137345599214314e-08,1.6573228900362835e-11,6.901943426507184e-11,0.11723661422729492
C,32,2.3895246982574463,26.281997680664062,1,135,2.7411680239043668e-14,8.881784197001252e-14,9.947598300641403e-14,5.551115123125783e-17,5.551115123125783e-17,0.05733537673950195
C,32,14.225818634033203,69.7529296875,1,135,1.1191048088221578e-13,6.366889238051954e-10,2.3283064365386963e-10,1.090758039445916e-11,3.9828140785402866e-12,0.05729103088378906
C,32,1.3115198612213135,70.1904296875,1,136,1.3877787807814457e-14,4.8374033667641925e-08,5.578897344094003e-10,1.50148379840509e-09,1.7262802298745328e-11,0.05763840675354004
C,32,10.459282875061035,69.798828125,1,136,1.0446504772332332e-13,5.616129783447832e-11,1.1183942660863977e-11,1.4075512977385074e-10,2.2527119059034817e-12,0.05748271942138672
C,32,4.5329108238220215,70.169921875,1,136,5.773159728050814e-14,2.0128140931774396e-08,1.2755663192365319e-10,3.522397373778574e-10,2.130837173375255e-12,0.05768847465515137
C,32,3.399446964263916,69.7744140625,1,271,1.4210854715202004e-14,3.489901700959308e-10,6.419753617592505e-12,2.4069404802595784e-10,4.45109227253937e-12,0.11520266532897949
C,32,1.0991222858428955,24.999998092651367,1,135,2.710505431213761e-14,0.0,8.881784197001252e-16,0.0,8.673617379884035e-19,0.05719423294067383
C,32,4.107022285461426,25.0,1,135,6.896664679275171e-15,0.0,1.7763568394002505e-15,3.469446951953614e-18,1.3877787807814457e-17,0.05729532241821289
C,32,3.1019513607025146,23.717999279499054,1,135,1.3854070885291336e-14,2.6645352591003757e-15,0.0,0.0,5.421010862427522e-20,0.05714845657348633
C,32,1.4298925399780273,69.896484375,1,270,2.220446049250313e-13,1.4497345546260476e-09,4.857270141656045e-11,4.525534946786536e-10,1.5138557074578785e-11,0.11482429504394531
C,32,2.847501039505005,25.0,1,135,6.737802988273137e-15,0.0,0.0,0.0,1.3877787807814457e-17,0.05766773223876953
C,32,1.6966899633407593,70.20458984375,1,136,2.2737367544323206e-13,4.3728277887566946e-07,1.4169947348818823e-07,5.531301638939112e-09,2.553054850862324e-09,0.05759429931640625
C,32,2.1931464672088623,69.8095703125,1,136,3.019806626980426e-14,6.420862064260291e-09,5.987033091514604e-11,3.9510872351655735e-10,3.685773908301826e-12,0.05774712562561035
C,32,1.8436847925186157,55.0,1,136,3.4416913763379853e-15,3.827597083727596e-08,4.416556009800843e-09,7.584448563982549e-10,8.746865558240113e-11,0.057610511779785156
C,32,2.008988618850708,25.0,1,135,1.37287100090977e-14,2.7931434942729538e-11,1.4921397450962104e-13,1.9336302004013817e-10,1.0526371441166305e-12,0.05747032165527344
C,32,9.057456016540527,50.0,1,137,3.469446951953614e-15,4.5978332252616383e-10,7.207301422340606e-11,4.10043873855237e-11,6.432826493707466e-12,0.05941152572631836
C,32,7.9521613121032715,69.826171875,1,271,5.684341886080802e-14,7.958078640513122e-13,1.1368683772161603e-13,5.551115123125783e-17,0.0,0.11579179763793945
C,32,3.7463717460632324,472.20654296875,1,139,1.0658141036401503e-13,3.3607079785724636e-07,4.379579365831887e-09,1.8994101236291527e-08,2.4605277884615084e-10,0.05924582481384277
C,32,199.90037536621094,69.8046875,1,135,1.3822276656583199e-14,2.745537130977027e-11,4.547473508864641e-13,1.99946938346518e-12,3.102379464436922e-14,0.05733132362365723
D,2,3.9073777198791504,-7817.3587555885315,1,21,5.551115123125783e-14,4.41061551733422,1.7010101861004552,0.0458953587614373,0.0015075064650121733,0.008392572402954102
D,2,9.048591613769531,-7734.065315246582,1,19,2.842170943040401e-14,11.00743569120532,0.2508357646476642,0.021577302248877835,5.449989153784307e-05,0.007378578186035156
D,2,6.009142875671387,-7857.207691192627,1,20,5.684341886080802e-14,2.0770358667903395,0.8898988936103844,0.029187702343155066,1.239270874341114e-05,0.007932662963867188
D,2,1.6286102533340454,-7778.597583770752,1,29,4.547473508864641e-13,757.6463058754814,855.7390525278165,0.008812842937643173,0.12032853298763274,0.011301994323730469
D,2,2.1271865367889404,-7818.765692234039,1,23,2.2737367544323206e-13,52.76197581293201,1.9732915270632407,0.0885957775278081,0.00024325752560673975,0.00905609130859375
D,2,5.479188919067383,-7770.954788208008,1,20,4.683753385137379e-13,11.207441814628666,0.2924261522531344,0.03437454248234469,0.0003987927821436782,0.0077741146087646484
D,2,1.7962466478347778,-7782.684501647949,1,23,7.142723912334503e-13,166.63245377492103,19.036540930779225,0.12650799083119507,0.0036177554487588325,0.009044647216796875
D,2,4.607288360595703,-7762.239959716797,1,21,2.2737367544323206e-13,61.90291430960484,13.709671908547428,0.030994476580080962,0.006225792325300378,0.008095264434814453
D,2,7.327075004577637,-7816.2158308029175,1,19,3.6965873070893274e-13,4.4750836739702216,1.2162643391571457,0.024912344812700396,0.0004061170231383117,0.007543325424194336
D,2,3.604283332824707,-7878.547649383545,1,22,8.526512829121202e-14,13.618219429954763,3.2215037381742064,0.05025241244520967,0.0005723506426416405,0.00851750373840332
D,2,6.665122032165527,-7854.186315536499,1,20,2.842170943040401e-14,3.489962768369865,0.1914514878512737,0.026612094419245884,3.833026889561806e-05,0.007685661315917969
D,2,8.183091163635254,-7854.451187133789,1,19,7.979727989493313e-14,1.2606746091828898,0.23592456181573684,0.021416097268138888,3.131292675959477e-05,0.007397890090942383
D,2,1.0047852993011475,-7774.131134033203,1,29,2.2737367544323206e-13,733.9418820779422,179.2936235616355,0.28354865000610385,0.0373665953531056,0.01163172721862793
D,2,4.234880447387695,-7851.466835021973,1,38,2.0122792321330962e-13,570.7054455354627,222.50755407864793,0.04035734862912185,0.023350839986937655,0.014761924743652344
D,2,3.09507155418396,-7782.354423522949,1,23,5.684341886080802e-14,36.65511558978585,8.191750925858798,0.06363156375061263,0.0007778552561067686,0.008808612823486328
D,2,18.184267044067383,-7801.355432510376,1,18,2.842170943040401e-14,2.6369735420382594,0.050358660676590006,0.010115019794234764,2.1339328205308844e-05,0.006958723068237305
D,2,22.17995834350586,-7872.538341522217,1,18,5.684341886080802e-14,0.4212985385262511,0.06536081608109845,0.007738208844014341,2.2649016605105765e-05,0.0070705413818359375
D,2,2.2997262477874756,-7874.9382972717285,1,22,1.1368683772161603e-13,38.54509841819863,7.6601753417212795,0.0795196813243899,0.00013298666361193784,0.008557796478271484
D,2,11.57628345489502,-8463.65922164917,1,32,8.881784197001252e-15,66.51924452155194,0.20385438987665694,0.030274780220996347,5.551613522963134e-05,0.012386560440063477
D,2,13.37600040435791,-7867.933094024658,1,31,1.4210854715202004e-14,0.07240714679031512,0.08878490540146444,0.012935191026998739,4.8209416095533475e-06,0.012069940567016602
D,2,10.208046913146973,-7875.536472320557,1,19,1.4210854715202004e-14,0.3622658260119851,0.48656608523185163,0.016851850871085792,9.893136313507758e-05,0.007565498352050781
D,2,28.065141677856445,-7840.469969749451,1,18,1.4210854715202004e-14,0.5615178134150165,0.0353366056902189,0.006307970330770522,7.50025765012749e-06,0.007111787796020508
D,2,5.006608009338379,-7839.820753097534,1,33,1.1368683772161603e-13,96.66876102814082,16.205277468595035,0.020938873572705026,0.000721863432804698,0.012847900390625
D,2,1.412217617034912,-7858.369644165039,1,28,2.2737367544323206e-13,44.91917316749431,192.56318988943224,0.12210913225427028,0.02617729130263742,0.010880231857299805
D,2,3.3439905643463135,-7796.548357009888,1,21,3.7399553939887475e-13,28.04750390558621,0.10738917290677286,0.057165725878830224,1.6317235271078295e-05,0.008242130279541016
D,2,15.456727027893066,-7791.709056854248,1,22,1.4210854715202004e-14,3.4538427783903387,0.09871624616202945,0.011993488370075975,4.16780516262847e-05,0.00861048698425293
D,2,2.6680614948272705,-7781.73881149292,1,21,4.772657963281191e-13,38.218761629552745,1.8239395977005524,0.07336564663176207,0.0006348318803907384,0.008152008056640625
D,2,1.9606798887252808,-7864.4436683654785,1,23,2.2737367544323206e-13,36.10835844467731,5.1286279145764375,0.09097008811625797,0.00171314823553146,0.009019613265991211
D,2,37.45008087158203,-9192.067210912704,1,17,7.105427357601002e-15,46.97098249853058,0.06302312344142635,0.014052561936547516,1.3657995041715942e-05,0.006581783294677734
D,2,2.870988607406616,-7859.042617797852,1,22,2.2737367544323206e-13,3.2961557683934366,6.376133219849542,0.061372978787466045,0.003751942626477739,0.008709907531738281
D,2,199.90037536621094,-7737.263069152832,1,27,3.552713678800501e-15,0.4267828206227132,0.00647561024859869,0.0009659234409693787,2.0706315919313822e-06,0.01052999496459961
D,2,2.481696128845215,-7859.856414794922,1,23,2.2737367544323206e-13,81.29292276855406,58.608003534767704,0.05840985935419308,0.003844649081984536,0.008939266204833984
D,4,3.9073777198791504,-7817.3587555885315,1,28,1.1188966420050406e-12,52.93498443196266,2.444142358610457,0.0186463015665641,0.0005283320006239101,0.011243581771850586
D,4,9.048591613769531,-7734.065315246582,1,27,5.684341886080802e-14,19.648501704853107,0.01679768627976186,0.007153879700475561,9.000406643831782e-07,0.01065516471862793
D,4,6.009142875671387,-7857.207691192627,1,29,1.4210854715202004e-14,28.86071467404841,0.22979292829482212,0.011080120127151007,6.355055384206498e-05,0.011238574981689453
D,4,1.6286102533340454,-7778.597583770752,1,33,1.2490009027033011e-12,601.0842942560796,42.28858496994917,0.10493612723587742,0.025980346343561056,0.012965679168701172
D,4,2.1271865367889404,-7818.765692234039,1,31,2.2737367544323206e-13,100.2492122507993,0.4151139427991577,0.033093044913727984,0.00011829891695437546,0.012245416641235352
D,4,5.479188919067383,-7770.954788208008,1,28,1.1368683772161603e-13,35.22458735202376,0.6278202871766814,0.01253944043890192,0.00014103906701953134,0.011023998260498047
D,4,1.7962466478347778,-7782.684501647949,1,31,2.6107588313450947e-13,143.10614712199367,4.6817765590030955,0.047781427525668774,0.0010397857511333063,0.012358903884887695
D,4,4.607288360595703,-7762.239959716797,1,29,2.2737367544323206e-13,86.69238359365035,11.042952484324708,0.02462544052617159,0.002148210767418113,0.011367559432983398
D,4,7.327075004577637,-7816.2158308029175,1,27,1.1368683772161603e-13,24.118309953660333,0.5019877169980128,0.009068339540973622,0.0001127212656392082,0.01078343391418457
D,4,3.604283332824707,-7878.547649383545,1,29,1.1368683772161603e-13,49.71481845633832,0.33048692002292057,0.019520816272309838,0.00024408869791401472,0.011310577392578125
D,4,6.665122032165527,-7854.186315536499,1,27,1.1368683772161603e-13,25.055190314382784,0.044494504739881424,0.009718085282691018,1.1259877681221546e-05,0.010506629943847656
D,4,8.183091163635254,-7854.451187133789,1,27,5.684341886080802e-14,20.563170198280194,0.12511364190471763,0.007993197040074305,2.749129795740976e-05,0.010637044906616211
D,4,1.0047852993011475,-7774.131134033203,1,35,3.1902648925385968e-12,490.52177002110284,26.595169002749458,0.13927978906227512,0.01654867550584274,0.013654232025146484
D,4,4.234880447387695,-7851.466835021973,1,31,4.3298697960381105e-12,365.8198287042266,88.39326796460821,0.07497154476061238,0.01492193060071298,0.0120697021484375
D,4,3.09507155418396,-7782.354423522949,1,30,2.2737367544323206e-13,64.67697865201183,0.5408391012436482,0.022884777632632032,0.00012850312045753487,0.011842489242553711
D,4,18.184267044067383,-7801.355432510376,1,26,2.842170943040401e-14,9.363639946015962,0.005707660466111264,0.0035632732671656694,2.0260559380385137e-06,0.010085821151733398
D,4,22.17995834350586,-7872.538341522217,1,26,5.684341886080802e-14,7.40269691998143,0.03367772736698049,0.002928834268408259,8.103127612870548e-06,0.010128498077392578
D,4,2.2997262477874756,-7874.9382972717285,1,30,2.2737367544323206e-13,91.00283948156124,0.5477513806868242,0.031175502481534875,9.877917596518015e-05,0.011777639389038086
D,4,11.57628345489502,-8463.65922164917,1,27,1.4210854715202004e-14,26.71721534974381,0.010049774389964128,0.0076245519514649834,2.9123563112327315e-06,0.010568380355834961
D,4,13.37600040435791,-7867.933094024658,1,28,7.105427357601002e-15,12.246616976692334,0.010838014575629273,0.004835924118934495,3.0160364034408083e-06,0.01095890998840332
D,4,10.208046913146973,-7875.536472320557,1,27,5.684341886080802e-14,15.902206772803972,0.08218820244575831,0.006341247562289671,1.841646184863252e-05,0.01054692268371582
D,4,28.065141677856445,-7840.469969749451,1,26,2.842170943040401e-14,5.979478603133011,0.001150977004925835,0.00232086738567679,4.984201184173032e-07,0.010147809982299805
D,4,5.006608009338379,-7839.820753097534,1,28,2.2737367544323206e-13,98.06225098336948,6.263613552265574,0.026775230295359144,0.0009958932182321245,0.011021137237548828
D,4,1.412217617034912,-7858.369644165039,1,33,2.2737367544323206e-13,292.716893494369,12.626074060750952,0.08006488608515111,0.00535144503088425,0.012835979461669922
D,4,3.3439905643463135,-7796.548357009888,1,29,3.242306596817901e-13,56.80237118124734,0.014420541834217815,0.02015392018912881,3.1903540637283974e-05,0.011463165283203125
D,4,15.456727027893066,-7791.709056854248,1,28,2.842170943040401e-14,11.142017119755707,0.035733137852661745,0.004214396211975733,5.731602839387923e-06,0.010883808135986328
D,4,2.6680614948272705,-7781.73881149292,1,30,2.2737367544323206e-13,75.92959976439963,0.18400726017093572,0.025479217719428654,2.4118878816637573e-05,0.011795997619628906
D,4,1.9606798887252808,-7864.4436683654785,1,31,7.36216643204557e-12,118.36050827386309,3.068316773499706,0.0375103477721367,0.0006730389383903732,0.012133121490478516
D,4,37.45008087158203,-9192.067210912704,1,26,2.842170943040401e-14,9.766197930734384,0.0017815543751008578,0.0023891772639847765,1.713004080510644e-07,0.010240793228149414
D,4,2.870988607406616,-7859.042617797852,1,30,2.2737367544323206e-13,73.67934152845395,5.45830337338932,0.024901152295895554,0.0012749841156073916,0.011746406555175781
D,4,199.90037536621094,-7737.263069152832,1,46,1.4210854715202004e-14,0.8921329106046133,0.00029830895283425307,0.00032583951807526376,8.641248766885767e-08,0.01788043975830078
D,4,2.481696128845215,-7859.856414794922,1,31,2.2737367544323206e-13,94.39664929082957,11.42974907866369,0.027931938351943415,0.0015420950419784418,0.012227773666381836
D,8,3.9073777198791504,-7817.3587555885315,1,46,2.2737367544323206e-13,1.5646047845536781,0.09484113595158927,0.0007232086733815445,8.64850022299496e-06,0.018365144729614258
D,8,9.048591613769531,-7734.065315246582,1,44,5.684341886080802e-14,0.6144807708488038,0.03114519057676235,0.00022437435247796983,5.6118408027026195e-06,0.01750349998474121
D,8,6.009142875671387,-7857.207691192627,1,44,1.1368683772161603e-13,0.7897104248968674,0.018952877684549563,0.00038402283055149686,7.6007953846574106e-06,0.017842769622802734
D,8,1.6286102533340454,-7778.597583770752,1,51,1.9984014443252818e-12,187.87382131208892,6.831179132661873,0.03668141292386107,0.0022953615354839307,0.021373748779296875
D,8,2.1271865367889404,-7818.765692234039,1,47,2.2231023445729026e-12,2.57657790207287,0.0698966106447596,0.0007222778999040717,8.955681653627368e-06,0.018584012985229492
D,8,5.479188919067383,-7770.954788208008,1,47,1.1368683772161603e-13,0.42409015999707744,0.2542143175827425,0.0003623675172218718,5.0805938715800525e-05,0.018696308135986328
D,8,1.7962466478347778,-7782.684501647949,1,48,3.410605131648481e-13,4.104930540571104,0.045279435209367946,0.001399503937828117,0.00011553946589897002,0.018979310989379883
D,8,4.607288360595703,-7762.239959716797,1,45,4.547473508864641e-13,3.7990434436075127,1.8169741714967875,0.0015379687773140888,0.00041486544414578996,0.017943620681762695
D,8,7.327075004577637,-7816.2158308029175,1,44,1.1368683772161603e-13,0.46612970854589575,0.19166702972396987,0.00026365610893198943,3.184293724178139e-05,0.017250776290893555
D,8,3.604283332824707,-7878.547649383545,1,46,5.684341886080802e-14,0.5907170580978232,0.02604264789580668,4.030471447474815e-05,0.00012707747955388593,0.018141984939575195
D,8,6.665122032165527,-7854.186315536499,1,44,1.7053025658242404e-13,0.7256249826460683,0.04122244485562837,0.00033571711545046096,8.826408380381567e-06,0.017293453216552734
D,8,8.183091163635254,-7854.451187133789,1,44,1.7053025658242404e-13,0.6014178025993617,0.014168602084837723,0.0002791407974750901,1.417136383453227e-06,0.017331600189208984
D,8,1.0047852993011475,-7774.131134033203,1,56,1.1582748649097141e-11,4.949146301747533,2.8571020439795802,8.945776477820022e-05,0.00024156422212154305,0.022176265716552734
D,8,4.234880447387695,-7851.466835021973,1,49,3.406996906818449e-12,327.9483910450844,246.90238484852924,0.06155642385719726,0.05225469596036367,0.01942729949951172
D,8,3.09507155418396,-7782.354423522949,1,46,2.2737367544323206e-13,2.3641912210715645,0.022059213142199496,0.0005869531313373935,3.929220910947606e-05,0.018001079559326172
D,8,18.184267044067383,-7801.355432510376,1,43,2.842170943040401e-14,0.34931058250806446,0.004683916605639382,0.00013090909611459308,7.506526386097043e-07,0.016849517822265625
D,8,22.17995834350586,-7872.538341522217,1,45,1.4210854715202004e-14,0.11395583398348941,0.028203789233801957,8.557534950249385e-05,5.123760650860981e-06,0.017733335494995117
D,8,2.2997262477874756,-7874.9382972717285,1,47,4.440892098500626e-13,0.42103797249428254,0.15711709587875156,0.0007218607734657961,7.469141147604941e-05,0.018469810485839844
D,8,11.57628345489502,-8463.65922164917,1,43,2.0816681711721685e-14,1.7714333793579158,0.006876250610860168,0.0002901330142899561,1.95453322031949e-06,0.016985416412353516
D,8,13.37600040435791,-7867.933094024658,1,43,1.1368683772161603e-13,0.22165421544155706,0.0391652251290715,0.00014755157334438444,8.098823132959149e-06,0.016755342483520508
D,8,10.208046913146973,-7875.536472320557,1,43,5.684341886080802e-14,0.4464524586119081,0.01907389090547973,0.000218257549279708,5.405391315802671e-06,0.01705002784729004
D,8,28.065141677856445,-7840.469969749451,1,42,2.842170943040401e-14,0.13221164247419726,0.011254377577330388,7.314939742644397e-05,2.110972506592229e-06,0.016433238983154297
D,8,5.006608009338379,-7839.820753097534,1,44,9.566999970012091e-13,8.396441656150264,0.9367037812308672,0.0027654309154890666,0.00023425038938931775,0.017275571823120117
D,8,1.412217617034912,-7858.369644165039,1,53,1.1102230246251565e-12,8.217321328739391,0.34528670617443424,0.003925771334685357,0.00046463173743371833,0.02097010612487793
D,8,3.3439905643463135,-7796.548357009888,1,46,4.547473508864641e-13,1.7347296905293774,0.32658583516133,0.0006011313509467972,6.190273225287993e-05,0.01807856559753418
D,8,15.456727027893066,-7791.709056854248,1,43,1.1368683772161603e-13,0.42593180907473993,0.017393664056851943,0.00015757553593074604,2.757368748588021e-06,0.01687335968017578
D,8,2.6680614948272705,-7781.73881149292,1,47,4.547473508864641e-13,2.398939304138562,0.4652270802043512,0.0009107782069499304,8.517968405954198e-05,0.01832890510559082
D,8,1.9606798887252808,-7864.4436683654785,1,48,1.6653345369377348e-12,0.4562254349865924,0.7392128162414369,0.0009717645141688151,0.00020909043747820155,0.01896357536315918
D,8,37.45008087158203,-9192.067210912704,1,42,4.263256414560601e-14,0.07505902122547603,0.0018237027086210889,6.351840684380152e-05,1.0690961188049991e-06,0.0166170597076416
D,8,2.870988607406616,-7859.042617797852,1,47,4.547473508864641e-13,0.6246821469974115,0.3618071205340456,0.000705185108509962,0.00011128432728547966,0.018621444702148438
D,8,199.90037536621094,-7737.263069152832,1,41,9.769962616701378e-15,0.023749885002698368,0.0007543563616266569,9.736259754735722e-06,1.1705403965556194e-07,0.01622605323791504
D,8,2.481696128845215,-7859.856414794922,1,47,2.7451999007332972e-12,2.6781522909616555,0.12787165022746194,0.0009311283141639672,6.611408806861396e-05,0.018613338470458984
D,16,3.9073777198791504,-7817.3587555885315,1,78,4.547473508864641e-13,0.12475684191029579,0.0038896523189402288,3.0368768583362987e-05,3.843743606297967e-06,0.0315396785736084
D,16,9.048591613769531,-7734.065315246582,1,76,5.684341886080802e-14,0.02820224190775278,0.001986955810739044,1.008491535288425e-06,6.634670477248528e-08,0.030738353729248047
D,16,6.009142875671387,-7857.207691192627,1,76,3.0531133177191805e-13,0.13835321637921538,0.002047436692370397,3.750395827239669e-05,3.5164480924124164e-06,0.03062295913696289
D,16,1.6286102533340454,-7778.597583770752,1,86,9.094947017729282e-13,22.530998866770574,6.239025158333334,0.013680316537205583,0.0094408028064632,0.03472423553466797
D,16,2.1271865367889404,-7818.765692234039,1,80,1.3322676295501878e-12,0.26375342021088954,0.11753025514377136,0.0002063467599625439,6.979406448935979e-07,0.03215456008911133
D,16,5.479188919067383,-7770.954788208008,1,77,2.2737367544323206e-13,0.09249623357486225,0.0030066080979134213,8.212716698811906e-06,2.9616564919954236e-07,0.030961036682128906
D,16,1.7962466478347778,-7782.684501647949,1,81,5.551115123125783e-13,0.03730820919827238,0.08271432157375891,8.125447053458634e-05,5.769797634940996e-05,0.032701730728149414
D,16,4.607288360595703,-7762.239959716797,1,77,1.3877787807814457e-12,0.037087664014176625,0.03215453508561783,3.974183302571377e-06,2.414261541708318e-05,0.03093862533569336
D,16,7.327075004577637,-7816.2158308029175,1,76,2.2737367544323206e-13,0.05895903676405423,0.00037507455776275567,1.557200287675975e-05,1.972596980884256e-06,0.030427932739257812
D,16,3.604283332824707,-7878.547649383545,1,78,8.326672684688674e-14,0.20333522147438998,0.00375447146292629,0.0002148965685990767,3.356871937181677e-05,0.03141427040100098
D,16,6.665122032165527,-7854.186315536499,1,76,3.410605131648481e-13,0.054052531843113094,0.01043993954386585,2.14817291894695e-05,3.862810932738804e-06,0.030536890029907227
D,16,8.183091163635254,-7854.451187133789,1,76,1.7053025658242404e-13,0.07904861999371793,0.0017165881329370691,2.3600217600110163e-05,2.608648836159577e-06,0.030645132064819336
D,16,1.0047852993011475,-7774.131134033203,1,85,2.098321516541546e-11,3.498536300257001,1.193888407110876,0.001550649763350287,0.00046569104144847384,0.03449749946594238
D,16,4.234880447387695,-7851.466835021973,1,82,6.821210263296962e-13,4.601267267173782,17.775576780301463,0.00021326925044015677,0.0017497451964200439,0.03309226036071777
D,16,3.09507155418396,-7782.354423522949,1,79,4.547473508864641e-13,0.0511953133913039,0.04122987098429576,1.5126586353837734e-05,4.279232200017635e-05,0.032074689865112305
D,16,18.184267044067383,-7801.355432510376,1,76,8.881784197001252e-15,0.01202118490398929,0.003678854993719227,4.273785643196283e-06,9.765805029787744e-07,0.030870437622070312
D,16,22.17995834350586,-7872.538341522217,1,77,2.842170943040401e-14,0.032966189763876,0.0011681936283570726,7.822697479079044e-06,1.7034344356250952e-07,0.03147101402282715
D,16,2.2997262477874756,-7874.9382972717285,1,80,6.821210263296962e-13,0.5671799078169855,0.03456655356145255,0.0001224101767207525,2.9566979058773257e-06,0.03267979621887207
D,16,11.57628345489502,-8463.65922164917,1,75,4.263256414560601e-14,0.11325216831801299,0.00840438361612783,2.1884118187043278e-07,2.0892284887323153e-06,0.030469417572021484
D,16,13.37600040435791,-7867.933094024658,1,75,8.526512829121202e-14,0.038510239774804944,0.00022637944163861334,1.0219759687030207e-05,7.540308185130518e-07,0.03006768226623535
D,16,10.208046913146973,-7875.536472320557,1,75,1.1368683772161603e-13,0.03626695821484538,0.00866521833163425,9.62036665618296e-06,3.1102649401433535e-06,0.030219554901123047
D,16,28.065141677856445,-7840.469969749451,1,74,2.842170943040401e-14,0.022990499939887776,0.00015463971396911802,6.893672590848471e-06,2.944617226337265e-07,0.02978372573852539
D,16,5.006608009338379,-7839.820753097534,1,77,4.547473508864641e-13,0.9830558104711233,0.15473541948070757,0.00017579518625789655,3.9673214171004334e-05,0.031255245208740234
D,16,1.412217617034912,-7858.369644165039,1,84,6.821210263296962e-13,0.9567659337757881,0.017732403099884664,0.00020975947078943902,6.320285513336521e-05,0.03430938720703125
D,16,3.3439905643463135,-7796.548357009888,1,78,1.5543122344752192e-12,0.09921433661105539,0.014096622525530123,1.1682363273708696e-05,2.8953258758315737e-06,0.031701087951660156
D,16,15.456727027893066,-7791.709056854248,1,75,5.684341886080802e-14,0.03678774562703779,0.0024493590040584046,1.004520397445384e-05,9.158878027330092e-07,0.030027389526367188
D,16,2.6680614948272705,-7781.73881149292,1,84,2.2737367544323206e-13,0.030919789581080437,0.026896599135475263,3.797039116862355e-05,8.494120636330302e-06,0.03371572494506836
D,16,1.9606798887252808,-7864.4436683654785,1,81,3.219646771412954e-12,1.0472744138275374,0.2695903165806013,0.0002003986765293335,3.770187667482411e-05,0.03271341323852539
D,16,37.45008087158203,-9192.067210912704,1,74,5.684341886080802e-14,0.08045002688295178,0.0004072622602119269,1.2348392101313357e-05,7.277760965263003e-07,0.029741525650024414
D,16,2.870988607406616,-7859.042617797852,1,79,6.821210263296962e-13,0.5512419664926078,0.11298244263601731,0.0001245147152341558,1.154401451244208e-05,0.031882286071777344
D,16,199.90037536621094,-7737.263069152832,1,73,2.842170943040401e-14,0.0016431011647856097,0.000133219048707639,1.3163851692466616e-07,4.7876964188314775e-08,0.029226303100585938
D,16,2.481696128845215,-7859.856414794922,1,85,2.2737367544323206e-13,0.8394991483710115,0.034786586404379705,0.00044723873449393527,0.00014812729342736364,0.03435015678405762
D,32,3.9073777198791504,-7817.3587555885315,1,142,6.821210263296962e-13,0.061322558958879725,0.01849021386875105,8.519104240271164e-06,6.779975416891515e-06,0.06055879592895508
D,32,9.048591613769531,-7734.065315246582,1,140,1.1368683772161603e-13,0.004963567760153609,0.0031591376367257062,9.706549167695644e-07,1.2426189777651336e-06,0.05936789512634277
D,32,6.009142875671387,-7857.207691192627,1,140,3.3306690738754696e-13,0.028210495244337608,0.012316664012351097,1.494838295149764e-06,4.4586734630411295e-06,0.059839725494384766
D,32,1.6286102533340454,-7778.597583770752,1,148,8.215650382226158e-12,0.996139189064138,2.117565513525278,0.002274344876544876,0.0024336044479130736,0.0646517276763916
D,32,2.1271865367889404,-7818.765692234039,1,144,3.552713678800501e-12,0.18657551979271148,0.006225185329382654,6.680591364762248e-05,7.497261973144972e-07,0.06171607971191406
D,32,5.479188919067383,-7770.954788208008,1,141,3.410605131648481e-13,0.04859652278033,0.00028782187832465667,1.1745349526727511e-05,1.1139856221503708e-06,0.06000566482543945
D,32,1.7962466478347778,-7782.684501647949,1,145,1.6653345369377348e-12,0.19139242257915612,0.03616987477595224,5.304701317893068e-05,1.5010681098270862e-05,0.06205391883850098
D,32,4.607288360595703,-7762.239959716797,1,141,1.7208456881689926e-12,0.023195278305014,0.01350207203710685,6.54607585882927e-06,2.956978448931391e-06,0.06007647514343262
D,32,7.327075004577637,-7816.2158308029175,1,140,3.410605131648481e-13,0.04448105536000613,0.0019221309091682626,9.252222817043854e-06,1.1368227982276602e-06,0.06017041206359863
D,32,3.604283332824707,-7878.547649383545,1,142,2.2737367544323206e-13,0.03977694765592332,0.015099446597972133,1.8751469893274475e-05,1.090077508689169e-05,0.06079387664794922
D,32,6.665122032165527,-7854.186315536499,1,140,3.410605131648481e-13,0.04177754474643702,0.006147621245952084,5.211352282853687e-06,2.1519112665376386e-06,0.06020927429199219
D,32,8.183091163635254,-7854.451187133789,1,140,1.7053025658242404e-13,0.02592112284231529,0.008678207597044185,2.2691744282835047e-06,2.8062211739343645e-06,0.06008791923522949
D,32,1.0047852993011475,-7774.131134033203,1,152,2.2870594307278225e-11,0.614861016681516,0.9569630249608281,0.00037428736022804276,0.0004947399721244305,0.0661776065826416
D,32,4.234880447387695,-7851.466835021973,1,144,2.6645352591003757e-12,62.63267744221942,8.928894549274645,0.010430390109007398,0.0019986979933820093,0.06256437301635742
D,32,3.09507155418396,-7782.354423522949,1,143,9.094947017729282e-13,0.1134929156120279,0.012117136308518184,1.201399292723171e-06,1.5386685882717854e-05,0.061525583267211914
D,32,18.184267044067383,-7801.355432510376,1,140,2.842170943040401e-14,0.009553797359149296,0.0018879443041122101,3.008927268074481e-06,5.353741556338512e-07,0.06005740165710449
D,32,22.17995834350586,-7872.538341522217,1,142,2.842170943040401e-14,0.006096901102175201,0.00012005364115685868,7.08296610862913e-07,7.422613307328518e-08,0.06067347526550293
D,32,2.2997262477874756,-7874.9382972717285,1,144,6.821210263296962e-13,0.05547413069330531,0.01997437251541534,4.606152429378896e-06,4.708677971865249e-06,0.061670541763305664
D,32,11.57628345489502,-8463.65922164917,1,139,4.618527782440651e-14,0.0618447248068037,0.004133429006950351,1.3206565033438422e-05,1.8056020168814011e-06,0.05952882766723633
D,32,13.37600040435791,-7867.933094024658,1,139,1.1368683772161603e-13,0.007417336707849387,0.0011709554383152465,6.604335104325995e-07,5.481595113168702e-07,0.05992293357849121
D,32,10.208046913146973,-7875.536472320557,1,139,1.4210854715202004e-13,0.005611230062904093,0.0025977336702052156,2.0599374294869022e-07,1.002016732688099e-06,0.058968305587768555
D,32,28.065141677856445,-7840.469969749451,1,138,5.684341886080802e-14,0.006976894755132967,0.0008294326839575206,1.3571008452735456e-06,2.406641974248003e-07,0.0587315559387207
D,32,5.006608009338379,-7839.820753097534,1,141,4.547473508864641e-13,0.04160386060754284,0.043843188523246646,1.1961986282818006e-05,1.4653749405679761e-05,0.060094594955444336
D,32,1.412217617034912,-7858.369644165039,1,148,1.4988010832439613e-11,0.15330751191282488,0.051303585641889526,4.929532381459101e-06,1.2617462421093961e-05,0.06293082237243652
D,32,3.3439905643463135,-7796.548357009888,1,142,1.609823385706477e-12,0.10817764167899213,0.01866141584729597,2.2964634609497214e-05,4.961828392077423e-06,0.06046557426452637
D,32,15.456727027893066,-7791.709056854248,1,139,1.7053025658242404e-13,0.016895640428202796,0.003129763516637407,3.388406352047499e-06,8.73252082575493e-07,0.059165239334106445
D,32,2.6680614948272705,-7781.73881149292,1,144,6.821210263296962e-13,0.07857648224720393,0.03439186302192265,1.8991460173617414e-05,8.13002281607831e-06,0.061487674713134766
D,32,1.9606798887252808,-7864.4436683654785,1,145,1.0436096431476471e-11,0.0788470953653615,0.06918755939699706,4.529465073999789e-06,1.0321485936777564e-05,0.06160879135131836
D,32,37.45008087158203,-9192.067210912704,1,138,5.684341886080802e-14,0.030512004048679486,0.0011412954041186696,5.177688635954556e-06,7.225137075694138e-08,0.05850625038146973
D,32,2.870988607406616,-7859.042617797852,1,147,2.2737367544323206e-13,0.07996880543170803,0.011885785934602211,9.20508216474547e-06,3.369602169046859e-06,0.06224393844604492
D,32,199.90037536621094,-7737.263069152832,1,399,1.4210854715202004e-14,0.00020413636276372937,0.0001207781706696609,7.039781121064015e-08,4.851571687794487e-08,0.1691443920135498
D,32,2.481696128845215,-7859.856414794922,1,144,6.821210263296962e-13,0.17839800518593307,0.05326699999318407,2.9671546390450457e-05,4.836770960670034e-05,0.06270885467529297
