restart,round,in_round,phase,loss_before,loss_after,gain,factor,factor_renewed,n_iter,func_evals,early_stop,wall_s
0,1,0,train,5.726883069147578e-06,9.501995985644787e-09,0.9983408084518374,174615.05463369723,1,200,203,0,145.18
1,1,1,train,9.501995985644787e-09,4.6291070727530005e-09,0.5128279279694015,105241046.35602432,1,200,207,0,175.73
2,1,2,train,4.6291070727530005e-09,3.314677713498258e-09,0.2839487915480493,105241046.35602432,0,200,205,0,213.28
3,1,3,train,3.314677713498258e-09,2.619220287255225e-09,0.20981147681747261,105241046.35602432,0,200,206,0,251.49
4,1,4,train,2.619220287255225e-09,2.083646129233878e-09,0.2044784704163217,105241046.35602432,0,200,204,0,224.49
5,1,5,train,2.083646129233878e-09,1.7073148144076095e-09,0.18061191367683885,105241046.35602432,0,200,207,0,234.91
6,1,6,train,1.7073148144076095e-09,1.4292999583950283e-09,0.16283748823970962,105241046.35602432,0,200,207,0,213.5
7,1,7,train,1.4292999583950283e-09,1.2046818710699652e-09,0.15715251792023308,105241046.35602432,0,200,209,0,202.22
8,1,8,train,1.2046818710699652e-09,1.013365897483926e-09,0.1588103699245658,105241046.35602432,0,200,211,0,181.52
9,1,9,train,1.013365897483926e-09,8.697028477949613e-10,0.14176819058709592,105241046.35602432,0,200,210,0,158.98
10,1,10,train,8.697028477949613e-10,7.927083296124419e-10,0.0885296838773504,1149818012.5952137,1,200,209,0,161.7
11,1,11,train,7.927083296124419e-10,6.974669428013653e-10,0.12014682229672104,1149818012.5952137,0,200,214,0,312.29
12,1,12,train,6.974669428013653e-10,6.186523890580299e-10,0.11300113153288378,1149818012.5952137,0,200,212,0,257.4
13,1,13,train,6.186523890580299e-10,5.537408422908299e-10,0.10492410263869731,1149818012.5952137,0,200,218,0,151.98
14,1,14,train,5.537408422908299e-10,5.047153037591353e-10,0.08853516805600903,1149818012.5952137,0,200,214,0,152.31
15,1,15,train,5.047153037591353e-10,4.601820938426998e-10,0.08823431662315512,1149818012.5952137,0,200,211,0,206.57
16,1,16,train,4.601820938426998e-10,4.208971144160315e-10,0.0853683356052023,1149818012.5952137,0,200,213,0,267.58
17,1,17,train,4.208971144160315e-10,3.8378719950070283e-10,0.08816861328882325,1149818012.5952137,0,200,213,0,231.11
18,1,18,train,3.8378719950070283e-10,3.504554730815414e-10,0.08684950009412803,1149818012.5952137,0,200,209,0,322.86
19,1,19,train,3.504554730815414e-10,3.2391629523400525e-10,0.07572767408703364,1149818012.5952137,0,200,212,0,288.28
20,1,20,train,3.2391629523400525e-10,3.002889065335238e-10,0.07294288385032438,1149818012.5952137,0,200,216,0,280.45
21,1,21,train,3.002889065335238e-10,2.775646627530645e-10,0.07567460297745775,1149818012.5952137,0,200,219,0,266.9
22,1,22,train,2.775646627530645e-10,2.572849239657939e-10,0.07306311468514445,1149818012.5952137,0,200,221,0,233.6
23,1,23,train,2.572849239657939e-10,2.4033114990606857e-10,0.0658949377926992,1149818012.5952137,0,200,215,0,211.98
24,1,24,train,2.4033114990606857e-10,2.2542255130337277e-10,0.0620335674693967,1149818012.5952137,0,200,216,0,224.81
25,2,0,train,1.2387963220984946e-09,5.131166477635787e-10,0.5857941789055605,807235202.5601927,1,200,208,0,184.04
26,2,1,train,5.131166477635787e-10,4.18363540032054e-10,0.18466192462183123,807235202.5601927,0,200,213,0,206.66
27,2,2,train,4.18363540032054e-10,3.66772946392861e-10,0.12331522396822693,807235202.5601927,0,200,212,0,258.95
28,2,3,train,3.66772946392861e-10,3.30063239936133e-10,0.10008837025129767,807235202.5601927,0,200,215,0,318.01
29,2,4,train,3.30063239936133e-10,3.013227653069284e-10,0.08707566051513602,807235202.5601927,0,200,214,0,315.93
30,2,5,train,3.013227653069284e-10,2.779205772980812e-10,0.07766485212297071,807235202.5601927,0,200,215,0,302.95
31,2,6,train,2.779205772980812e-10,2.569532986064211e-10,0.07544341946718039,807235202.5601927,0,200,222,0,276.14
32,2,7,train,2.569532986064211e-10,2.3783122170172326e-10,0.07441849164188934,807235202.5601927,0,200,220,0,294.07
33,2,8,train,2.3783122170172326e-10,2.2333204996262855e-10,0.06096412252079709,807235202.5601927,0,200,222,0,266.98
34,2,9,train,2.2333204996262855e-10,2.1005524829448498e-10,0.05944870729644606,807235202.5601927,0,200,216,0,322.05
35,2,10,train,2.1005524829448498e-10,1.9809242397295478e-10,0.056950847068381896,807235202.5601927,0,200,212,0,295.47
36,2,11,train,1.9809242397295478e-10,1.8798915544899764e-10,0.051002801224425,807235202.5601927,0,200,216,0,329.89
37,2,12,train,1.8798915544899764e-10,1.784820096708234e-10,0.0505728415847561,807235202.5601927,0,200,214,0,193.81
38,2,13,train,1.784820096708234e-10,1.6874612538189879e-10,0.05454826683585994,807235202.5601927,0,200,215,0,186.31
39,2,14,train,1.6874612538189879e-10,1.6069892765773825e-10,0.04768819257893163,807235202.5601927,0,200,214,0,196.63
40,2,15,train,1.6069892765773825e-10,1.5332575586743188e-10,0.045881897892996466,807235202.5601927,0,200,217,0,168.28
41,2,16,train,1.5332575586743188e-10,1.4634396757489084e-10,0.04553565220038841,807235202.5601927,0,200,215,0,122.34
42,2,17,train,1.4634396757489084e-10,1.4014960098915447e-10,0.04232744737200344,807235202.5601927,0,200,219,0,169.66
43,2,18,train,1.4014960098915447e-10,1.3391567573178128e-10,0.04448050663986979,807235202.5601927,0,200,216,0,172.13
44,2,19,train,1.3391567573178128e-10,1.2810300864676775e-10,0.04340542698418433,807235202.5601927,0,200,217,0,251.07
45,2,20,train,1.2810300864676775e-10,1.230022207077674e-10,0.039817862147682244,807235202.5601927,0,200,215,0,288.26
46,2,21,train,1.230022207077674e-10,1.195263503858091e-10,0.028258598112763964,8129934518.628179,1,200,211,0,206.98
47,2,22,train,1.195263503858091e-10,1.1636145009928605e-10,0.026478682535753383,8129934518.628179,0,200,214,0,160.59
48,2,23,train,1.1636145009928605e-10,1.1324341463630912e-10,0.026796120711081246,8129934518.628179,0,200,212,0,153.37
49,2,24,train,1.1324341463630912e-10,1.1052367415428096e-10,0.02401676504336117,8129934518.628179,0,200,215,0,116.75
50,3,0,train,1.5947509887163712e-09,6.036950498722388e-10,0.6214487063223845,627057143.7644372,1,200,212,0,139.13
51,3,1,train,6.036950498722388e-10,4.398928339315713e-10,0.27133271338788234,627057143.7644372,0,200,214,0,159.44
52,3,2,train,4.398928339315713e-10,3.6222984881676947e-10,0.17654978468433727,627057143.7644372,0,200,216,0,144.44
53,3,3,train,3.6222984881676947e-10,3.1616613387807984e-10,0.1271670876631443,627057143.7644372,0,200,219,0,186.33
54,3,4,train,3.1616613387807984e-10,2.8096512907288096e-10,0.1113370504722467,627057143.7644372,0,200,207,0,202.38
55,3,5,train,2.8096512907288096e-10,2.535411822190986e-10,0.09760622944304496,627057143.7644372,0,200,222,0,283.5
56,3,6,train,2.535411822190986e-10,2.3069460735488838e-10,0.09010991691467012,627057143.7644372,0,200,217,0,261.39
57,3,7,train,2.3069460735488838e-10,2.122802267979303e-10,0.07982146079656895,627057143.7644372,0,200,213,0,202.0
58,3,8,train,2.122802267979303e-10,1.9527535079098248e-10,0.08010579347616191,627057143.7644372,0,200,216,0,223.89
59,3,9,train,1.9527535079098248e-10,1.7947083540271014e-10,0.08093451285200388,627057143.7644372,0,200,221,0,213.02
60,3,10,train,1.7947083540271014e-10,1.6776092130915281e-10,0.06524689132516567,627057143.7644372,0,200,217,0,306.22
61,3,11,train,1.6776092130915281e-10,1.5724617366737243e-10,0.06267697840311465,627057143.7644372,0,200,221,0,278.63
62,3,12,train,1.5724617366737243e-10,1.4988130227543144e-10,0.04683656982026235,6359455220.292547,1,200,214,0,249.5
63,3,13,train,1.4988130227543144e-10,1.4273283785675623e-10,0.0476941707214335,6359455220.292547,0,200,213,0,273.36
64,3,14,train,1.4273283785675623e-10,1.3539218961836453e-10,0.05142928809247546,6359455220.292547,0,200,209,0,264.88
65,3,15,train,1.3539218961836453e-10,1.280631135729726e-10,0.05413219230777409,6359455220.292547,0,200,219,0,263.02
66,3,16,train,1.280631135729726e-10,1.2089662156844462e-10,0.055960626011520465,6359455220.292547,0,200,215,0,233.28
67,3,17,train,1.2089662156844462e-10,1.135853792266025e-10,0.06047515842039401,6359455220.292547,0,200,216,0,278.14
68,3,18,train,1.135853792266025e-10,1.0719354793877965e-10,0.05627336309782588,6359455220.292547,0,200,218,0,300.88
69,3,19,train,1.0719354793877965e-10,1.0161459617889968e-10,0.052045592921938014,6359455220.292547,0,200,216,0,266.75
70,3,20,train,1.0161459617889968e-10,9.644905039908092e-11,0.05083468294972555,6359455220.292547,0,200,219,0,223.77
71,3,21,train,9.644905039908092e-11,9.165761147612898e-11,0.04967844580248556,6359455220.292547,0,200,220,0,233.01
72,3,22,train,9.165761147612898e-11,8.722484382477912e-11,0.04836224269824351,6359455220.292547,0,200,215,0,281.06
73,3,23,train,8.722484382477912e-11,8.330729820280523e-11,0.04491318585612621,6359455220.292547,0,200,219,0,265.27
74,3,24,train,8.330729820280523e-11,7.969344659176614e-11,0.04337977210881865,6359455220.292547,0,200,224,0,293.07
75,4,0,train,1.7542361853561042e-08,3.563967475015468e-10,0.9796836508973733,57004866.75327606,1,200,208,0,273.72
76,4,1,train,3.563967475015468e-10,2.701173643354828e-10,0.24208802064247104,2805861745.4011974,1,200,212,0,192.72
77,4,2,train,2.701173643354828e-10,2.229213680229449e-10,0.17472403682245682,2805861745.4011974,0,200,219,0,163.34
78,4,3,train,2.229213680229449e-10,1.927200578619229e-10,0.13547965557933161,2805861745.4011974,0,200,223,0,215.64
79,4,4,train,1.927200578619229e-10,1.7473813720806951e-10,0.09330591145181577,2805861745.4011974,0,200,218,0,207.7
80,4,5,train,1.7473813720806951e-10,1.6090933497113907e-10,0.0791401491276274,2805861745.4011974,0,200,221,0,260.88
81,4,6,train,1.6090933497113907e-10,1.482880908036667e-10,0.07843699167444912,2805861745.4011974,0,200,217,0,231.77
82,4,7,train,1.482880908036667e-10,1.3722022662188706e-10,0.07463757960464593,2805861745.4011974,0,200,221,0,247.7
83,4,8,train,1.3722022662188706e-10,1.2897120956037228e-10,0.060115168620476785,2805861745.4011974,0,200,214,0,281.06
84,4,9,train,1.2897120956037228e-10,1.216036721929705e-10,0.05712544212398798,2805861745.4011974,0,200,217,0,162.53
85,4,10,train,1.216036721929705e-10,1.149175619002172e-10,0.05498279922125413,2805861745.4011974,0,200,219,0,134.39
86,4,11,train,1.149175619002172e-10,1.0894379919801217e-10,0.051983026818755974,2805861745.4011974,0,200,211,0,127.83
87,4,12,train,1.0894379919801217e-10,1.036390399371398e-10,0.048692622250401205,2805861745.4011974,0,200,220,0,151.37
88,4,13,train,1.036390399371398e-10,9.856660931024258e-11,0.048943242140932576,2805861745.4011974,0,200,217,0,190.56
89,4,14,train,9.856660931024258e-11,9.338091044903324e-11,0.05261111138445615,2805861745.4011974,0,200,214,0,232.22
90,4,15,train,9.338091044903324e-11,8.901197524897811e-11,0.04678617052507389,2805861745.4011974,0,200,221,0,323.34
91,4,16,train,8.901197524897811e-11,8.512696626340944e-11,0.04364591365040266,2805861745.4011974,0,200,215,0,279.54
92,4,17,train,8.512696626340944e-11,8.13829871659456e-11,0.04398111740384124,2805861745.4011974,0,200,212,0,269.37
93,4,18,train,8.13829871659456e-11,7.76610043934736e-11,0.04573416265591985,2805861745.4011974,0,200,212,0,280.36
94,4,19,train,7.76610043934736e-11,7.428059958909833e-11,0.043527698756615024,2805861745.4011974,0,200,215,0,215.84
95,4,20,train,7.428059958909833e-11,7.05550356807518e-11,0.050155275118340566,2805861745.4011974,0,200,223,0,206.51
96,4,21,train,7.05550356807518e-11,6.73945984250291e-11,0.04479392895530649,2805861745.4011974,0,200,220,0,235.87
97,4,22,train,6.73945984250291e-11,6.461090200265641e-11,0.04130444408641015,2805861745.4011974,0,200,218,0,293.96
98,4,23,train,6.461090200265641e-11,6.197569374490536e-11,0.04078581440702862,2805861745.4011974,0,200,222,0,357.91
99,4,24,train,6.197569374490536e-11,5.967646877960931e-11,0.03709881771972983,2805861745.4011974,0,200,222,0,237.62
100,5,0,train,1.0925319959310419e-09,2.868023206912187e-10,0.7374884014753185,915305001.3403156,1,200,214,0,177.3
101,5,1,train,2.868023206912187e-10,2.1956128436815398e-10,0.2344508097459182,915305001.3403156,0,200,209,0,106.93
102,5,2,train,2.1956128436815398e-10,1.9265448785772282e-10,0.12254800106431617,915305001.3403156,0,200,209,0,103.68
103,5,3,train,1.9265448785772282e-10,1.7213565536141244e-10,0.10650586303218502,915305001.3403156,0,200,217,0,112.03
104,5,4,train,1.7213565536141244e-10,1.5778776599042223e-10,0.08335222206500847,915305001.3403156,0,200,213,0,111.7
105,5,5,train,1.5778776599042223e-10,1.4544234959335575e-10,0.07824064381401942,915305001.3403156,0,200,208,0,99.9
106,5,6,train,1.4544234959335575e-10,1.3532268000382765e-10,0.06957856235011209,915305001.3403156,0,200,212,0,107.62
107,5,7,train,1.3532268000382765e-10,1.2657231905184198e-10,0.06466292975972812,915305001.3403156,0,200,216,0,115.11
108,5,8,train,1.2657231905184198e-10,1.187212577824798e-10,0.06202826438019605,915305001.3403156,0,200,215,0,112.41
109,5,9,train,1.187212577824798e-10,1.1280153012482476e-10,0.04986240685304324,915305001.3403156,0,200,219,0,113.37
110,5,10,train,1.1280153012482476e-10,1.0721254354609412e-10,0.04954708125453568,915305001.3403156,0,200,213,0,111.63
111,5,11,train,1.0721254354609412e-10,1.0251840551116184e-10,0.04378347793711388,9327266819.017942,1,200,212,0,110.67
112,5,12,train,1.0251840551116184e-10,9.775862389488574e-11,0.04642855682883086,9327266819.017942,0,200,206,0,107.0
113,5,13,train,9.775862389488574e-11,9.345070512013108e-11,0.044066892547369764,9327266819.017942,0,200,214,0,111.98
114,5,14,train,9.345070512013108e-11,8.898880739069688e-11,0.047746003881922766,9327266819.017942,0,200,216,0,113.94
115,5,15,train,8.898880739069688e-11,8.475675971270242e-11,0.047557078267315776,9327266819.017942,0,200,218,0,113.13
116,5,16,train,8.475675971270242e-11,8.034575167891523e-11,0.05204314144074239,9327266819.017942,0,200,220,0,114.98
117,5,17,train,8.034575167891523e-11,7.611194667098139e-11,0.05269482106351239,9327266819.017942,0,200,216,0,112.44
118,5,18,train,7.611194667098139e-11,7.235774298536145e-11,0.04932476240357774,9327266819.017942,0,200,223,0,116.35
119,5,19,train,7.235774298536145e-11,6.912940734341711e-11,0.04461631207315937,9327266819.017942,0,200,220,0,115.31
120,5,20,train,6.912940734341711e-11,6.601666244984492e-11,0.04502779660917499,9327266819.017942,0,200,217,0,112.63
121,5,21,train,6.601666244984492e-11,6.33791834978933e-11,0.039951716037680565,9327266819.017942,0,200,214,0,107.94
122,5,22,train,6.33791834978933e-11,6.079481558625305e-11,0.04077628913799677,9327266819.017942,0,200,217,0,108.56
123,5,23,train,6.079481558625305e-11,5.861696426246559e-11,0.03582297771259164,9327266819.017942,0,200,218,0,107.4
124,5,24,train,5.861696426246559e-11,5.659453735634882e-11,0.03450241634931956,9327266819.017942,0,200,216,0,108.25
125,6,0,train,1.527485914769595e-09,2.6836150426848125e-10,0.8243116341213786,654670521.2341282,1,200,218,0,99.68
126,6,1,train,2.6836150426848125e-10,1.9976520144127642e-10,0.25561156028764065,654670521.2341282,0,200,210,0,97.57
127,6,2,train,1.9976520144127642e-10,1.690005618821214e-10,0.15400399737888626,654670521.2341282,0,200,219,0,101.33
128,6,3,train,1.690005618821214e-10,1.5177540922196895e-10,0.10192364136734092,654670521.2341282,0,200,212,0,98.31
129,6,4,train,1.5177540922196895e-10,1.393120830212112e-10,0.08211690065371764,6588682614.174455,1,200,210,0,96.82
130,6,5,train,1.393120830212112e-10,1.2759885557885127e-10,0.08407904891190596,6588682614.174455,0,200,216,0,100.97
131,6,6,train,1.2759885557885127e-10,1.1648248189502423e-10,0.0871196973781441,6588682614.174455,0,200,211,0,99.26
132,6,7,train,1.1648248189502423e-10,1.0783359083206733e-10,0.07425057332441981,6588682614.174455,0,200,212,0,98.52
133,6,8,train,1.0783359083206733e-10,1.0088917565924953e-10,0.06439936868681821,6588682614.174455,0,200,215,0,100.37
134,6,9,train,1.0088917565924953e-10,9.562576716497037e-11,0.0521702002210443,6588682614.174455,0,200,218,0,101.1
135,6,10,train,9.562576716497037e-11,9.083716747722698e-11,0.05007645773426586,6588682614.174455,0,200,215,0,100.12
136,6,11,train,9.083716747722698e-11,8.626709634501025e-11,0.05031058606448129,6588682614.174455,0,200,218,0,100.66
137,6,12,train,8.626709634501025e-11,8.194430651347829e-11,0.05010936979081475,6588682614.174455,0,200,214,0,98.81
138,6,13,train,8.194430651347829e-11,7.830934029558155e-11,0.0443589844438901,6588682614.174455,0,200,221,0,103.9
139,6,14,train,7.830934029558155e-11,7.48978986276578e-11,0.0435636624577239,6588682614.174455,0,200,221,0,102.36
140,6,15,train,7.48978986276578e-11,7.178261642461305e-11,0.04159371971878465,6588682614.174455,0,200,224,0,97.13
141,6,16,train,7.178261642461305e-11,6.866902987263476e-11,0.04337521682910809,6588682614.174455,0,200,223,0,95.36
142,6,17,train,6.866902987263476e-11,6.556008159123974e-11,0.04527438769939526,6588682614.174455,0,200,217,0,93.63
143,6,18,train,6.556008159123974e-11,6.291787819870727e-11,0.040302015012829547,6588682614.174455,0,200,220,0,94.49
144,6,19,train,6.291787819870727e-11,6.067379172322946e-11,0.03566691280323424,6588682614.174455,0,200,219,0,94.11
145,6,20,train,6.067379172322946e-11,5.840912780362692e-11,0.03732524134857228,6588682614.174455,0,200,223,0,96.56
146,6,21,train,5.840912780362692e-11,5.626421959353484e-11,0.03672214071237832,6588682614.174455,0,200,221,0,93.19
147,6,22,train,5.626421959353484e-11,5.4133673829448825e-11,0.03786679668673182,6588682614.174455,0,200,212,0,91.52
148,6,23,train,5.4133673829448825e-11,5.2464588132250713e-11,0.030832669928456347,6588682614.174455,0,200,216,0,91.99
149,6,24,train,5.2464588132250713e-11,5.07674004835347e-11,0.032349203703606805,6588682614.174455,0,200,218,0,93.68
150,7,0,train,1.4639604893325292e-09,2.455682200602599e-10,0.832257617709189,683078544.3232385,1,200,211,0,90.32
151,7,1,train,2.455682200602599e-10,1.8515538517733127e-10,0.24601243136470974,683078544.3232385,0,200,208,0,87.2
152,7,2,train,1.8515538517733127e-10,1.551686582680237e-10,0.1619543870170884,683078544.3232385,0,200,214,0,92.47
153,7,3,train,1.551686582680237e-10,1.3764083260321042e-10,0.1129598326134738,683078544.3232385,0,200,214,0,90.72
154,7,4,train,1.3764083260321042e-10,1.2812738542763998e-10,0.06911791359905316,7265285897.265601,1,200,207,0,88.18
155,7,5,train,1.2812738542763998e-10,1.1985172460452057e-10,0.0645893209753593,7265285897.265601,0,200,213,0,90.15
156,7,6,train,1.1985172460452057e-10,1.101811323998056e-10,0.08068796870988218,7265285897.265601,0,200,218,0,92.62
157,7,7,train,1.101811323998056e-10,1.0203675904986043e-10,0.0739180399815852,7265285897.265601,0,200,217,0,92.62
158,7,8,train,1.0203675904986043e-10,9.553612700565738e-11,0.063708727175728,7265285897.265601,0,200,221,0,95.35
159,7,9,train,9.553612700565738e-11,9.035445513480129e-11,0.054237826393666186,7265285897.265601,0,200,216,0,92.26
160,7,10,train,9.035445513480129e-11,8.633703888244096e-11,0.04446284631307533,7265285897.265601,0,200,223,0,94.89
161,7,11,train,8.633703888244096e-11,8.291959375675031e-11,0.03958260753352855,7265285897.265601,0,200,220,0,93.83
162,7,12,train,8.291959375675031e-11,7.954177675180746e-11,0.04073605346948372,7265285897.265601,0,200,221,0,94.56
163,7,13,train,7.954177675180746e-11,7.66437328136468e-11,0.03643423690676865,7265285897.265601,0,200,214,0,90.3
164,7,14,train,7.66437328136468e-11,7.407255868417911e-11,0.033547089045353466,7265285897.265601,0,200,222,0,95.18
165,7,15,train,7.407255868417911e-11,7.131528753302616e-11,0.037223922058761974,7265285897.265601,0,200,220,0,94.0
166,7,16,train,7.131528753302616e-11,6.90294379799192e-11,0.03205272855484708,7265285897.265601,0,200,221,0,94.15
167,7,17,train,6.90294379799192e-11,6.691160190533237e-11,0.030680187128322163,7265285897.265601,0,200,225,0,96.47
168,7,18,train,6.691160190533237e-11,6.508944072309019e-11,0.027232365245420477,7265285897.265601,0,200,217,0,92.94
169,7,19,train,6.508944072309019e-11,6.324166104031432e-11,0.028388317094885998,7265285897.265601,0,200,223,0,94.62
170,7,20,train,6.324166104031432e-11,6.147992329470937e-11,0.02785723392815216,7265285897.265601,0,200,221,0,94.58
171,7,21,train,6.147992329470937e-11,5.96542717450931e-11,0.029695085025803616,7265285897.265601,0,200,217,0,93.01
172,7,22,train,5.96542717450931e-11,5.804847354697387e-11,0.026918410889012475,7265285897.265601,0,200,217,0,92.86
173,7,23,train,5.804847354697387e-11,5.664800748307895e-11,0.02412580345909765,7265285897.265601,0,200,227,0,97.01
174,7,24,train,5.664800748307895e-11,5.5330872024735534e-11,0.02325122306794023,7265285897.265601,0,200,222,0,95.27
175,8,0,train,2.045203308691998e-09,2.2969495643579592e-10,0.8876908933896179,488948944.9533241,1,200,207,0,88.08
176,8,1,train,2.2969495643579592e-10,1.5519464078447746e-10,0.32434458643476005,488948944.9533241,0,200,219,0,94.61
177,8,2,train,1.5519464078447746e-10,1.291523634468688e-10,0.16780397316537624,6443521470.491524,1,200,211,0,90.75
178,8,3,train,1.291523634468688e-10,1.0583924156399748e-10,0.18050867410151553,6443521470.491524,0,200,213,0,90.79
179,8,4,train,1.0583924156399748e-10,9.277632505474487e-11,0.12342224222528927,6443521470.491524,0,200,216,0,92.47
180,8,5,train,9.277632505474487e-11,8.458623435269411e-11,0.08827780899079596,6443521470.491524,0,200,214,0,90.7
181,8,6,train,8.458623435269411e-11,7.789756407702482e-11,0.07907516307889936,6443521470.491524,0,200,213,0,91.75
182,8,7,train,7.789756407702482e-11,7.279266542641504e-11,0.06553348247914503,6443521470.491524,0,200,207,0,87.9
183,8,8,train,7.279266542641504e-11,6.854761150267309e-11,0.05831705569338171,6443521470.491524,0,200,210,0,88.88
184,8,9,train,6.854761150267309e-11,6.458617971088966e-11,0.057790952958717626,6443521470.491524,0,200,215,0,91.58
185,8,10,train,6.458617971088966e-11,6.083177718724627e-11,0.0581301222715046,6443521470.491524,0,200,212,0,90.5
186,8,11,train,6.083177718724627e-11,5.743113877749865e-11,0.05590233537448886,6443521470.491524,0,200,217,0,92.15
187,8,12,train,5.743113877749865e-11,5.44060432234994e-11,0.05267343845851923,6443521470.491524,0,200,223,0,94.73
188,8,13,train,5.44060432234994e-11,5.123899392424139e-11,0.05821135137962175,6443521470.491524,0,200,219,0,93.93
189,8,14,train,5.123899392424139e-11,4.886394638393016e-11,0.04635234532166689,6443521470.491524,0,200,214,0,90.99
190,8,15,train,4.886394638393016e-11,4.6569230825269103e-11,0.04696132278451656,6443521470.491524,0,200,218,0,92.28
191,8,16,train,4.6569230825269103e-11,4.44162348860587e-11,0.04623215589041164,6443521470.491524,0,200,222,0,94.14
192,8,17,train,4.44162348860587e-11,4.252023096545677e-11,0.04268718241124579,6443521470.491524,0,200,212,0,89.83
193,8,18,train,4.252023096545677e-11,4.0716464944220605e-11,0.042421359909863586,6443521470.491524,0,200,216,0,91.38
194,8,19,train,4.0716464944220605e-11,3.917785334311021e-11,0.03778843775406856,6443521470.491524,0,200,225,0,95.09
195,8,20,train,3.917785334311021e-11,3.790361685586739e-11,0.03252440801397061,6443521470.491524,0,200,213,0,91.15
196,8,21,train,3.790361685586739e-11,3.6496902206234595e-11,0.03711293977516661,6443521470.491524,0,200,215,0,91.47
197,8,22,train,3.6496902206234595e-11,3.5358067927134194e-11,0.031203587435041518,6443521470.491524,0,200,212,0,90.37
198,8,23,train,3.5358067927134194e-11,3.412070001560893e-11,0.03499534856019932,6443521470.491524,0,200,216,0,92.36
199,8,24,train,3.412070001560893e-11,3.293997304134963e-11,0.0346044182481356,6443521470.491524,0,200,219,0,92.82
200,9,0,train,8.355030302338779e-10,2.2359771718392467e-10,0.7323795257554792,1196883750.0446591,1,200,216,0,91.51
201,9,1,train,2.2359771718392467e-10,1.5055636260105079e-10,0.3266641337075561,1196883750.0446591,0,200,218,0,92.67
202,9,2,train,1.5055636260105079e-10,1.1987225965197948e-10,0.20380475736106254,1196883750.0446591,0,200,218,0,92.46
203,9,3,train,1.1987225965197948e-10,1.0342485713724472e-10,0.13720774566597704,1196883750.0446591,0,200,218,0,92.65
204,9,4,train,1.0342485713724472e-10,9.369451231396572e-11,0.09408129817735054,1196883750.0446591,0,200,218,0,91.06
205,9,5,train,9.369451231396572e-11,8.592810522353494e-11,0.08289073605939615,1196883750.0446591,0,200,215,0,91.24
206,9,6,train,8.592810522353494e-11,7.921307217492076e-11,0.07814710950678558,1196883750.0446591,0,200,214,0,89.15
207,9,7,train,7.921307217492076e-11,7.545061850161817e-11,0.04749788854286857,12624178971.265865,1,200,210,0,88.46
208,9,8,train,7.545061850161817e-11,7.147193791899931e-11,0.052732246091972426,12624178971.265865,0,200,217,0,92.72
209,9,9,train,7.147193791899931e-11,6.795390741170706e-11,0.04922254257719047,12624178971.265865,0,200,215,0,90.54
210,9,10,train,6.795390741170706e-11,6.425307522871054e-11,0.05446091805397703,12624178971.265865,0,200,218,0,91.16
211,9,11,train,6.425307522871054e-11,6.070594468603957e-11,0.055205615140518284,12624178971.265865,0,200,222,0,93.19
212,9,12,train,6.070594468603957e-11,5.7447663066166915e-11,0.053673188626318494,12624178971.265865,0,200,216,0,89.86
213,9,13,train,5.7447663066166915e-11,5.4369604411258736e-11,0.053580223992104624,12624178971.265865,0,200,216,0,90.34
214,9,14,train,5.4369604411258736e-11,5.154668043025623e-11,0.051920995408565894,12624178971.265865,0,200,221,0,92.63
215,9,15,train,5.154668043025623e-11,4.96609948158857e-11,0.03658209604635747,12624178971.265865,0,200,214,0,89.56
216,9,16,train,4.96609948158857e-11,4.794492270934227e-11,0.0345557335874087,12624178971.265865,0,200,219,0,91.37
217,9,17,train,4.794492270934227e-11,4.637804578023471e-11,0.03268076869382974,12624178971.265865,0,200,212,0,88.83
218,9,18,train,4.637804578023471e-11,4.498771779117871e-11,0.029978149481419577,12624178971.265865,0,200,219,0,92.01
219,9,19,train,4.498771779117871e-11,4.3394020908259543e-11,0.03542515515716301,12624178971.265865,0,200,216,0,88.77
220,9,20,train,4.3394020908259543e-11,4.185440751577498e-11,0.03547985091631639,12624178971.265865,0,200,220,0,90.63
221,9,21,train,4.185440751577498e-11,4.0564562392923583e-11,0.03081742639327174,12624178971.265865,0,200,221,0,93.28
222,9,22,train,4.0564562392923583e-11,3.946184765094551e-11,0.027184189275771403,12624178971.265865,0,200,215,0,88.74
223,9,23,train,3.946184765094551e-11,3.833150500340664e-11,0.028643936227648624,12624178971.265865,0,200,214,0,88.37
224,9,24,train,3.833150500340664e-11,3.732879582075783e-11,0.02615887851415426,12624178971.265865,0,200,218,0,89.76
225,10,0,train,2.184213133549825e-09,3.401423635068105e-10,0.8442723568125402,457830778.8007761,1,200,219,0,89.72
226,10,1,train,3.401423635068105e-10,2.2666915615821076e-10,0.33360504166170324,457830778.8007761,0,200,212,0,87.27
227,10,2,train,2.2666915615821076e-10,1.739731914684131e-10,0.23247964382510372,457830778.8007761,0,200,215,0,87.46
228,10,3,train,1.739731914684131e-10,1.5330518794602768e-10,0.11879993318475132,5748012044.611838,1,200,211,0,84.68
229,10,4,train,1.5330518794602768e-10,1.3167511298081235e-10,0.14109160462873813,5748012044.611838,0,200,216,0,86.87
230,10,5,train,1.3167511298081235e-10,1.1413746285771986e-10,0.13318879874929795,5748012044.611838,0,200,219,0,88.39
231,10,6,train,1.1413746285771986e-10,1.0346221254650849e-10,0.09352976703642693,5748012044.611838,0,200,215,0,85.77
232,10,7,train,1.0346221254650849e-10,9.48929811007766e-11,0.08282474571940777,5748012044.611838,0,200,217,0,86.65
233,10,8,train,9.48929811007766e-11,8.77397201796713e-11,0.07538240276705528,5748012044.611838,0,200,217,0,83.53
234,10,9,train,8.77397201796713e-11,8.174725400840492e-11,0.06829821384197654,5748012044.611838,0,200,221,0,84.04
235,10,10,train,8.174725400840492e-11,7.636192609666777e-11,0.06587778362785683,5748012044.611838,0,200,218,0,81.8
236,10,11,train,7.636192609666777e-11,7.198638695484496e-11,0.05730001016846727,5748012044.611838,0,200,222,0,83.67
237,10,12,train,7.198638695484496e-11,6.85860502025265e-11,0.04723583021955802,5748012044.611838,0,200,219,0,82.28
238,10,13,train,6.85860502025265e-11,6.550162476305972e-11,0.04497161493275731,5748012044.611838,0,200,224,0,84.24
239,10,14,train,6.550162476305972e-11,6.244931695524771e-11,0.04659896329065395,5748012044.611838,0,200,224,0,82.9
240,10,15,train,6.244931695524771e-11,5.984263204023712e-11,0.041740807459568936,5748012044.611838,0,200,221,0,82.68
241,10,16,train,5.984263204023712e-11,5.734755678328353e-11,0.04169394246021704,5748012044.611838,0,200,221,0,82.0
242,10,17,train,5.734755678328353e-11,5.525591217271721e-11,0.03647312506216525,5748012044.611838,0,200,217,0,81.46
243,10,18,train,5.525591217271721e-11,5.3216031355491545e-11,0.03691696937061627,5748012044.611838,0,200,220,0,82.18
244,10,19,train,5.3216031355491545e-11,5.132310805753779e-11,0.03557054612563504,5748012044.611838,0,200,220,0,81.68
245,10,20,train,5.132310805753779e-11,4.966773330985327e-11,0.03225398480989698,5748012044.611838,0,200,217,0,74.91
246,10,21,train,4.966773330985327e-11,4.813951806716287e-11,0.03076877362525464,5748012044.611838,0,200,210,0,77.98
247,10,22,train,4.813951806716287e-11,4.676377710854895e-11,0.02857820380948822,5748012044.611838,0,200,220,0,81.01
248,10,23,train,4.676377710854895e-11,4.542610021027705e-11,0.0286049797724179,5748012044.611838,0,200,217,0,80.81
249,10,24,train,4.542610021027705e-11,4.413456674475855e-11,0.02843152856045312,5748012044.611838,0,200,219,0,81.47
250,11,0,train,2.904053117648836e-09,2.683447739038443e-10,0.9075964649981677,344346318.572029,1,200,215,0,79.18
251,11,1,train,2.683447739038443e-10,1.898001791330582e-10,0.2927002960710944,3726549190.6256723,1,200,208,0,77.01
252,11,2,train,1.898001791330582e-10,1.5921488549839041e-10,0.16114470373195042,3726549190.6256723,0,200,213,0,79.39
253,11,3,train,1.5921488549839041e-10,1.3579900810500606e-10,0.14707090558829108,3726549190.6256723,0,200,214,0,78.99
254,11,4,train,1.3579900810500606e-10,1.2211709866900239e-10,0.10075117356839745,3726549190.6256723,0,200,223,0,82.21
255,11,5,train,1.2211709866900239e-10,1.1038094759282988e-10,0.09610571495792955,3726549190.6256723,0,200,219,0,80.48
256,11,6,train,1.1038094759282988e-10,1.001786925815863e-10,0.09242768098782206,3726549190.6256723,0,200,218,0,80.8
257,11,7,train,1.001786925815863e-10,9.267138272412324e-11,0.07493918780532148,3726549190.6256723,0,200,222,0,83.35
258,11,8,train,9.267138272412324e-11,8.644772049566014e-11,0.06715840473634176,3726549190.6256723,0,200,216,0,79.59
259,11,9,train,8.644772049566014e-11,8.124343283933328e-11,0.06020156027813514,3726549190.6256723,0,200,219,0,80.76
260,11,10,train,8.124343283933328e-11,7.673434459539912e-11,0.05550095664779847,3726549190.6256723,0,200,218,0,80.48
261,11,11,train,7.673434459539912e-11,7.238592238943579e-11,0.056668526054291145,3726549190.6256723,0,200,216,0,79.19
262,11,12,train,7.238592238943579e-11,6.828455400180002e-11,0.05665975167893043,3726549190.6256723,0,200,217,0,80.6
263,11,13,train,6.828455400180002e-11,6.4936040662679e-11,0.04903763944965882,3726549190.6256723,0,200,221,0,81.19
264,11,14,train,6.4936040662679e-11,6.179822421959127e-11,0.04832164713256289,3726549190.6256723,0,200,222,0,81.7
265,11,15,train,6.179822421959127e-11,5.920492768481931e-11,0.04196393290456124,3726549190.6256723,0,200,221,0,82.57
266,11,16,train,5.920492768481931e-11,5.672887574016586e-11,0.041821720614791454,3726549190.6256723,0,200,214,0,79.86
267,11,17,train,5.672887574016586e-11,5.455160866632947e-11,0.03838022603883229,3726549190.6256723,0,200,217,0,80.23
268,11,18,train,5.455160866632947e-11,5.273573542644893e-11,0.033287253745118935,3726549190.6256723,0,200,217,0,79.83
269,11,19,train,5.273573542644893e-11,5.0975702038199803e-11,0.033374586966818026,3726549190.6256723,0,200,215,0,79.24
270,11,20,train,5.0975702038199803e-11,4.9245141444359885e-11,0.03394873488045508,3726549190.6256723,0,200,219,0,81.05
271,11,21,train,4.9245141444359885e-11,4.759248185517827e-11,0.03355985059051741,3726549190.6256723,0,200,219,0,80.8
272,11,22,train,4.759248185517827e-11,4.6162200919967196e-11,0.0300526654517273,3726549190.6256723,0,200,216,0,79.31
273,11,23,train,4.6162200919967196e-11,4.4845663045007365e-11,0.02851982463406267,3726549190.6256723,0,200,218,0,80.3
274,11,24,train,4.4845663045007365e-11,4.361507561633425e-11,0.02744050026505546,3726549190.6256723,0,200,213,0,78.39
275,12,0,train,2.042906271465969e-09,3.0825292695099894e-10,0.849110587570031,489498717.5708312,1,200,210,0,76.24
276,12,1,train,3.0825292695099894e-10,2.367537789338693e-10,0.23194961593501887,489498717.5708312,0,200,216,0,76.7
277,12,2,train,2.367537789338693e-10,2.020379855596112e-10,0.14663247839416751,489498717.5708312,0,200,216,0,75.51
278,12,3,train,2.020379855596112e-10,1.729913132809484e-10,0.1437683720623546,4949564297.179901,1,200,214,0,74.67
279,12,4,train,1.729913132809484e-10,1.4780531222493387e-10,0.14559113159116224,4949564297.179901,0,200,213,0,74.2
280,12,5,train,1.4780531222493387e-10,1.300149187481521e-10,0.12036369470745342,4949564297.179901,0,200,213,0,73.48
281,12,6,train,1.300149187481521e-10,1.196719521891826e-10,0.07955215184962385,4949564297.179901,0,200,218,0,75.77
282,12,7,train,1.196719521891826e-10,1.1056134232411776e-10,0.07612986751199967,4949564297.179901,0,200,215,0,74.55
283,12,8,train,1.1056134232411776e-10,1.0231378136409557e-10,0.07459714929874799,4949564297.179901,0,200,214,0,74.51
284,12,9,train,1.0231378136409557e-10,9.55472697274107e-11,0.0661348993896085,4949564297.179901,0,200,215,0,74.6
285,12,10,train,9.55472697274107e-11,8.961921302200921e-11,0.06204318262901496,4949564297.179901,0,200,216,0,75.69
286,12,11,train,8.961921302200921e-11,8.452825438135378e-11,0.05680655373982323,4949564297.179901,0,200,216,0,71.63
287,12,12,train,8.452825438135378e-11,7.975861800763114e-11,0.056426533454768495,4949564297.179901,0,200,221,0,71.82
288,12,13,train,7.975861800763114e-11,7.600011045349728e-11,0.04712352906834782,4949564297.179901,0,200,219,0,71.63
289,12,14,train,7.600011045349728e-11,7.253008539770767e-11,0.04565815806166276,4949564297.179901,0,200,216,0,68.41
290,12,15,train,7.253008539770767e-11,6.937546659448526e-11,0.04349393477099248,4949564297.179901,0,200,214,0,66.85
291,12,16,train,6.937546659448526e-11,6.633596769035102e-11,0.04381230214855017,4949564297.179901,0,200,212,0,65.95
292,12,17,train,6.633596769035102e-11,6.359737588948383e-11,0.041283663994330234,4949564297.179901,0,200,219,0,65.78
293,12,18,train,6.359737588948383e-11,6.077134574074455e-11,0.044436269723615675,4949564297.179901,0,200,218,0,65.58
294,12,19,train,6.077134574074455e-11,5.828867136567734e-11,0.04085271347550035,4949564297.179901,0,200,219,0,64.29
295,12,20,train,5.828867136567734e-11,5.630719175222447e-11,0.03399424908867708,4949564297.179901,0,200,217,0,62.78
296,12,21,train,5.630719175222447e-11,5.409672530014399e-11,0.03925726684803366,4949564297.179901,0,200,221,0,64.26
297,12,22,train,5.409672530014399e-11,5.200211873498844e-11,0.038719655460364384,4949564297.179901,0,200,220,0,64.37
298,12,23,train,5.200211873498844e-11,5.015415256324957e-11,0.035536363069289895,4949564297.179901,0,200,216,0,62.8
299,12,24,train,5.015415256324957e-11,4.8334983301809187e-11,0.036271558155552976,4949564297.179901,0,200,218,0,63.19
300,13,0,train,3.1485692348862515e-09,2.7522320902213726e-10,0.9125878491180518,317604576.99959934,1,200,221,0,62.29
301,13,1,train,2.7522320902213726e-10,1.965055074633925e-10,0.2860140387085349,3633414505.822313,1,200,210,0,58.91
302,13,2,train,1.965055074633925e-10,1.459474179819328e-10,0.2572858650838491,3633414505.822313,0,200,216,0,61.79
303,13,3,train,1.459474179819328e-10,1.2193370419060188e-10,0.16453674976492993,3633414505.822313,0,200,215,0,61.03
304,13,4,train,1.2193370419060188e-10,1.06924049771814e-10,0.12309684609700197,3633414505.822313,0,200,213,0,60.2
305,13,5,train,1.06924049771814e-10,9.596444250384446e-11,0.10249899149310533,3633414505.822313,0,200,213,0,60.32
306,13,6,train,9.596444250384446e-11,8.735897984172054e-11,0.08967345026548948,3633414505.822313,0,200,223,0,63.1
307,13,7,train,8.735897984172054e-11,8.04110107709928e-11,0.07953354175284859,3633414505.822313,0,200,218,0,62.11
308,13,8,train,8.04110107709928e-11,7.533324755481981e-11,0.0631476108493929,3633414505.822313,0,200,217,0,61.37
309,13,9,train,7.533324755481981e-11,7.046628034165261e-11,0.06460583303043617,3633414505.822313,0,200,221,0,62.29
310,13,10,train,7.046628034165261e-11,6.661996249714356e-11,0.05458380697633454,3633414505.822313,0,200,219,0,62.0
311,13,11,train,6.661996249714356e-11,6.324036069422071e-11,0.05072956627779193,3633414505.822313,0,200,220,0,62.89
312,13,12,train,6.324036069422071e-11,6.022291813759133e-11,0.04771387328448826,3633414505.822313,0,200,217,0,61.24
313,13,13,train,6.022291813759133e-11,5.7518668275272537e-11,0.044903999107788,3633414505.822313,0,200,221,0,62.74
314,13,14,train,5.7518668275272537e-11,5.494599180622092e-11,0.044727677920832806,3633414505.822313,0,200,224,0,63.72
315,13,15,train,5.494599180622092e-11,5.256530100370077e-11,0.04332783382846528,3633414505.822313,0,200,215,0,61.35
316,13,16,train,5.256530100370077e-11,5.057040679699084e-11,0.0379507806217923,3633414505.822313,0,200,215,0,61.35
317,13,17,train,5.057040679699084e-11,4.8926171813883573e-11,0.03251377806209594,3633414505.822313,0,200,220,0,62.81
318,13,18,train,4.8926171813883573e-11,4.7285839228255276e-11,0.03352668980250826,3633414505.822313,0,200,219,0,62.23
319,13,19,train,4.7285839228255276e-11,4.5743798678311564e-11,0.03261104328718941,3633414505.822313,0,200,217,0,61.61
320,13,20,train,4.5743798678311564e-11,4.427234199337321e-11,0.03216734786907875,3633414505.822313,0,200,218,0,61.69
321,13,21,train,4.427234199337321e-11,4.283208046834287e-11,0.0325318575928493,3633414505.822313,0,200,219,0,62.1
322,13,22,train,4.283208046834287e-11,4.1690760087930733e-11,0.026646391394779124,23346986395.841747,1,200,216,0,96.97
323,13,23,train,4.1690760087930733e-11,4.064208062308424e-11,0.02515376219178314,23346986395.841747,0,200,212,0,92.39
324,13,24,train,4.064208062308424e-11,3.9652751473153164e-11,0.024342482834629982,23346986395.841747,0,200,216,0,93.4
325,14,0,train,4.453693371896335e-09,2.2330580751104463e-10,0.9498605339738593,224532745.40860695,1,200,210,0,90.42
326,14,1,train,2.2330580751104463e-10,1.735152472499124e-10,0.22297028821639406,4478163873.774488,1,200,211,0,90.8
327,14,2,train,1.735152472499124e-10,1.4302109012861352e-10,0.1757433862707087,4478163873.774488,0,200,214,0,92.34
328,14,3,train,1.4302109012861352e-10,1.259455026867799e-10,0.11939209403646815,4478163873.774488,0,200,215,0,92.76
329,14,4,train,1.259455026867799e-10,1.137103433894138e-10,0.09714645649391959,4478163873.774488,0,200,212,0,91.53
330,14,5,train,1.137103433894138e-10,1.0468639859902044e-10,0.07935904968196131,4478163873.774488,0,200,213,0,91.84
331,14,6,train,1.0468639859902044e-10,9.720061046583356e-11,0.07150678821094643,4478163873.774488,0,200,217,0,93.56
332,14,7,train,9.720061046583356e-11,9.155452456074804e-11,0.05808693873450671,4478163873.774488,0,200,213,0,91.95
333,14,8,train,9.155452456074804e-11,8.657569183930022e-11,0.05438106685971893,4478163873.774488,0,200,218,0,94.03
334,14,9,train,8.657569183930022e-11,8.176826166854637e-11,0.055528637064515565,4478163873.774488,0,200,214,0,92.76
335,14,10,train,8.176826166854637e-11,7.799034614518018e-11,0.046202712963133,4478163873.774488,0,200,217,0,93.48
336,14,11,train,7.799034614518018e-11,7.481576879150852e-11,0.04070474758199089,4478163873.774488,0,200,216,0,93.0
337,14,12,train,7.481576879150852e-11,7.137336274401008e-11,0.04601177135653717,4478163873.774488,0,200,214,0,92.52
338,14,13,train,7.137336274401008e-11,6.856495749464834e-11,0.03934808647638554,4478163873.774488,0,200,216,0,93.08
339,14,14,train,6.856495749464834e-11,6.582870778603592e-11,0.039907407640790746,4478163873.774488,0,200,218,0,94.17
340,14,15,train,6.582870778603592e-11,6.323970142136065e-11,0.03932944230183508,4478163873.774488,0,200,218,0,94.15
341,14,16,train,6.323970142136065e-11,6.078808567690156e-11,0.03876703541220402,4478163873.774488,0,200,222,0,95.88
342,14,17,train,6.078808567690156e-11,5.841305583579026e-11,0.03907064706289581,4478163873.774488,0,200,224,0,96.66
343,14,18,train,5.841305583579026e-11,5.6082158007613125e-11,0.03990371321660894,4478163873.774488,0,200,219,0,94.43
344,14,19,train,5.6082158007613125e-11,5.411127208134011e-11,0.03514283323415382,4478163873.774488,0,200,218,0,94.43
345,14,20,train,5.411127208134011e-11,5.211763343266833e-11,0.03684331511694909,4478163873.774488,0,200,222,0,95.94
346,14,21,train,5.211763343266833e-11,5.0432236350732896e-11,0.032338327182734175,4478163873.774488,0,200,217,0,93.51
347,14,22,train,5.0432236350732896e-11,4.897094364030467e-11,0.028975370044382172,4478163873.774488,0,200,219,0,94.72
348,14,23,train,4.897094364030467e-11,4.752037246701055e-11,0.02962105823299371,4478163873.774488,0,200,223,0,96.14
349,14,24,train,4.752037246701055e-11,4.6169715778965306e-11,0.028422687321798534,4478163873.774488,0,200,222,0,95.83
350,15,0,train,1.1976482127721016e-09,2.1892979624338732e-10,0.8172002480288867,834969725.9476379,1,200,213,0,91.55
351,15,1,train,2.1892979624338732e-10,1.5841924701490605e-10,0.27639247953810203,834969725.9476379,0,200,212,0,91.57
352,15,2,train,1.5841924701490605e-10,1.2981959137632866e-10,0.1805314453734676,834969725.9476379,0,200,212,0,91.49
353,15,3,train,1.2981959137632866e-10,1.1207134741074968e-10,0.1367146805610359,834969725.9476379,0,200,215,0,92.84
354,15,4,train,1.1207134741074968e-10,9.952611607525906e-11,0.11193968507857258,8922887277.645792,1,200,215,0,92.63
355,15,5,train,9.952611607525906e-11,8.368799285700319e-11,0.1591353490201456,8922887277.645792,0,200,216,0,93.2
356,15,6,train,8.368799285700319e-11,7.535731938810117e-11,0.09954442906925196,8922887277.645792,0,200,216,0,93.42
357,15,7,train,7.535731938810117e-11,6.970625421076917e-11,0.07499026270067004,8922887277.645792,0,200,220,0,95.34
358,15,8,train,6.970625421076917e-11,6.499982499762808e-11,0.06751803358864143,8922887277.645792,0,200,221,0,95.36
359,15,9,train,6.499982499762808e-11,6.139606096218996e-11,0.055442672892882766,8922887277.645792,0,200,215,0,92.97
360,15,10,train,6.139606096218996e-11,5.7979918459823176e-11,0.05564106961960595,8922887277.645792,0,200,221,0,95.63
361,15,11,train,5.7979918459823176e-11,5.460642836723593e-11,0.058183767452603175,8922887277.645792,0,200,215,0,93.03
362,15,12,train,5.460642836723593e-11,5.204038257029117e-11,0.04699164317592316,8922887277.645792,0,200,215,0,92.85
363,15,13,train,5.204038257029117e-11,4.982436021168279e-11,0.042582745344256316,8922887277.645792,0,200,218,0,94.19
364,15,14,train,4.982436021168279e-11,4.7764402086031986e-11,0.04134439693553323,8922887277.645792,0,200,222,0,96.04
365,15,15,train,4.7764402086031986e-11,4.5909459233561584e-11,0.03883525746076182,8922887277.645792,0,200,213,0,92.31
366,15,16,train,4.5909459233561584e-11,4.4259080812080537e-11,0.03594854849160491,8922887277.645792,0,200,210,0,91.1
367,15,17,train,4.4259080812080537e-11,4.2848500735227706e-11,0.0318709754240493,8922887277.645792,0,200,211,0,91.54
368,15,18,train,4.2848500735227706e-11,4.146498735456798e-11,0.032288489840258935,8922887277.645792,0,200,222,0,95.87
369,15,19,train,4.146498735456798e-11,4.0112596798168445e-11,0.03261524101853001,8922887277.645792,0,200,222,0,95.78
370,15,20,train,4.0112596798168445e-11,3.8924235793105995e-11,0.029625631345730066,8922887277.645792,0,200,219,0,94.37
371,15,21,train,3.8924235793105995e-11,3.7910950496441615e-11,0.026032246388864127,8922887277.645792,0,200,214,0,92.25
372,15,22,train,3.7910950496441615e-11,3.691192076398914e-11,0.02635200962704023,8922887277.645792,0,200,219,0,95.0
373,15,23,train,3.691192076398914e-11,3.596840273365668e-11,0.025561336576473886,8922887277.645792,0,200,219,0,94.51
374,15,24,train,3.596840273365668e-11,3.5124858333715423e-11,0.023452373078327614,8922887277.645792,0,200,217,0,93.61
375,16,0,train,1.43767132955237e-09,1.8562964610343738e-10,0.8708817222075128,695569271.9499092,1,200,214,0,91.21
376,16,1,train,1.8562964610343738e-10,1.4194401262323486e-10,0.23533758964265775,695569271.9499092,0,200,210,0,89.95
377,16,2,train,1.4194401262323486e-10,1.2746076800450596e-10,0.10203491046270542,7045031217.021617,1,200,207,0,88.34
378,16,3,train,1.2746076800450596e-10,1.0985182093108545e-10,0.1381518984162876,7045031217.021617,0,200,218,0,93.35
379,16,4,train,1.0985182093108545e-10,9.852150790234819e-11,0.10314178620530312,7045031217.021617,0,200,211,0,90.47
380,16,5,train,9.852150790234819e-11,9.176954161099048e-11,0.06853291667084586,7045031217.021617,0,200,214,0,91.78
381,16,6,train,9.176954161099048e-11,8.557387628550774e-11,0.0675133079747315,7045031217.021617,0,200,214,0,91.68
382,16,7,train,8.557387628550774e-11,8.057125358349614e-11,0.05845969493447866,7045031217.021617,0,200,217,0,92.98
383,16,8,train,8.057125358349614e-11,7.684765767686079e-11,0.046214943184129414,7045031217.021617,0,200,217,0,92.89
384,16,9,train,7.684765767686079e-11,7.309952495904798e-11,0.048773545363912686,7045031217.021617,0,200,217,0,92.91
385,16,10,train,7.309952495904798e-11,6.961476139209453e-11,0.04767149402004597,7045031217.021617,0,200,216,0,92.64
386,16,11,train,6.961476139209453e-11,6.663694310838166e-11,0.04277567320730663,7045031217.021617,0,200,217,0,93.19
387,16,12,train,6.663694310838166e-11,6.391044524929353e-11,0.040915710293817395,7045031217.021617,0,200,224,0,96.5
388,16,13,train,6.391044524929353e-11,6.145926866491521e-11,0.03835330163664315,7045031217.021617,0,200,218,0,94.28
389,16,14,train,6.145926866491521e-11,5.941002102262163e-11,0.0333431830024918,7045031217.021617,0,200,217,0,93.56
390,16,15,train,5.941002102262163e-11,5.727049355071822e-11,0.036012905484223576,7045031217.021617,0,200,219,0,94.06
391,16,16,train,5.727049355071822e-11,5.5109431756040436e-11,0.03773429668043578,7045031217.021617,0,200,216,0,93.23
392,16,17,train,5.5109431756040436e-11,5.308193752935581e-11,0.036790330839555366,7045031217.021617,0,200,225,0,96.65
393,16,18,train,5.308193752935581e-11,5.092686516449353e-11,0.040598977075214406,7045031217.021617,0,200,218,0,93.95
394,16,19,train,5.092686516449353e-11,4.9052241281166964e-11,0.03681011735694979,7045031217.021617,0,200,215,0,92.57
395,16,20,train,4.9052241281166964e-11,4.7026581318497476e-11,0.04129597159604645,7045031217.021617,0,200,217,0,93.28
396,16,21,train,4.7026581318497476e-11,4.519358493624232e-11,0.03897787869887465,7045031217.021617,0,200,217,0,93.59
397,16,22,train,4.519358493624232e-11,4.357630935452213e-11,0.03578551212526711,7045031217.021617,0,200,216,0,93.87
398,16,23,train,4.357630935452213e-11,4.2016391447211565e-11,0.035797384643559395,7045031217.021617,0,200,217,0,93.63
399,16,24,train,4.2016391447211565e-11,4.073022974304102e-11,0.03061095110431951,7045031217.021617,0,200,214,0,92.57
400,17,0,train,8.14301180599101e-10,1.8853809203817657e-10,0.7684663899179607,1228046850.2627933,1,200,210,0,62.72
401,17,1,train,1.8853809203817657e-10,1.3775991187481733e-10,0.2693258408124619,1228046850.2627933,0,200,210,0,62.27
402,17,2,train,1.3775991187481733e-10,1.1308776976053817e-10,0.1790952228301277,1228046850.2627933,0,200,218,0,66.07
403,17,3,train,1.1308776976053817e-10,9.912329083064186e-11,0.12348354697829748,1228046850.2627933,0,200,215,0,62.69
404,17,4,train,9.912329083064186e-11,8.935565223298999e-11,0.09854029780286933,1228046850.2627933,0,200,215,0,64.83
405,17,5,train,8.935565223298999e-11,8.131179055160626e-11,0.09002073713714043,1228046850.2627933,0,200,214,0,79.41
406,17,6,train,8.131179055160626e-11,7.505214542655006e-11,0.07698324046970015,12298339431.663712,1,200,218,0,74.59
407,17,7,train,7.505214542655006e-11,6.969510694052742e-11,0.07137755297435588,12298339431.663712,0,200,210,0,61.41
408,17,8,train,6.969510694052742e-11,6.450891599038854e-11,0.07441255459388839,12298339431.663712,0,200,215,0,70.11
409,17,9,train,6.450891599038854e-11,6.017790791190608e-11,0.06713813140384738,12298339431.663712,0,200,220,0,81.04
410,17,10,train,6.017790791190608e-11,5.6646790164684914e-11,0.05867797452165232,12298339431.663712,0,200,219,0,73.2
411,17,11,train,5.6646790164684914e-11,5.407093636595895e-11,0.04547219341532644,12298339431.663712,0,200,213,0,68.56
412,17,12,train,5.407093636595895e-11,5.1909142654136626e-11,0.039980696786736415,12298339431.663712,0,200,214,0,73.11
413,17,13,train,5.1909142654136626e-11,4.990995860689191e-11,0.038513139401376795,12298339431.663712,0,200,214,0,79.36
414,17,14,train,4.990995860689191e-11,4.8092888316301625e-11,0.03640696849504839,12298339431.663712,0,200,214,0,73.48
415,17,15,train,4.8092888316301625e-11,4.6500181210490203e-11,0.0331173103045166,12298339431.663712,0,200,211,0,69.27
416,17,16,train,4.6500181210490203e-11,4.4982996533474265e-11,0.03262750031334651,12298339431.663712,0,200,219,0,73.19
417,17,17,train,4.4982996533474265e-11,4.345817976530657e-11,0.03389762545127456,12298339431.663712,0,200,215,0,74.41
418,17,18,train,4.345817976530657e-11,4.2195254730945335e-11,0.02906069792111846,12298339431.663712,0,200,218,0,74.07
419,17,19,train,4.2195254730945335e-11,4.092915238608439e-11,0.03000579929980626,12298339431.663712,0,200,217,0,72.88
420,17,20,train,4.092915238608439e-11,3.9689655386450053e-11,0.030283964542978298,12298339431.663712,0,200,215,0,71.65
421,17,21,train,3.9689655386450053e-11,3.8505818144514406e-11,0.0298273499834873,12298339431.663712,0,200,216,0,72.87
422,17,22,train,3.8505818144514406e-11,3.754071308659216e-11,0.025063876173209838,12298339431.663712,0,200,216,0,75.99
423,17,23,train,3.754071308659216e-11,3.659418718027079e-11,0.025213317182816747,12298339431.663712,0,200,218,0,76.01
424,17,24,train,3.659418718027079e-11,3.5719011537028755e-11,0.023915701117522715,12298339431.663712,0,200,218,0,74.54
425,18,0,train,1.2038716680279324e-09,2.0317236590102912e-10,0.8312341993778734,830653321.743259,1,200,214,0,72.97
426,18,1,train,2.0317236590102912e-10,1.5333340319063288e-10,0.24530384577336753,830653321.743259,0,200,211,0,70.68
427,18,2,train,1.5333340319063288e-10,1.276773911698372e-10,0.1673217412966348,830653321.743259,0,200,211,0,69.24
428,18,3,train,1.276773911698372e-10,1.131168145955421e-10,0.11404193366487683,830653321.743259,0,200,215,0,70.08
429,18,4,train,1.131168145955421e-10,1.040773967501318e-10,0.07991223831515619,8840418673.170538,1,200,210,0,71.14
430,18,5,train,1.040773967501318e-10,9.391104287465944e-11,0.09768070871218715,8840418673.170538,0,200,213,0,74.11
431,18,6,train,9.391104287465944e-11,8.56908436255821e-11,0.08753176407644228,8840418673.170538,0,200,213,0,73.27
432,18,7,train,8.56908436255821e-11,7.94993212635757e-11,0.072254188429509,8840418673.170538,0,200,219,0,74.24
433,18,8,train,7.94993212635757e-11,7.448434438912893e-11,0.06308200868558214,8840418673.170538,0,200,215,0,71.65
434,18,9,train,7.448434438912893e-11,7.056849775690633e-11,0.05257274752617841,8840418673.170538,0,200,216,0,73.68
435,18,10,train,7.056849775690633e-11,6.684658351976497e-11,0.05274186578213101,8840418673.170538,0,200,210,0,71.33
436,18,11,train,6.684658351976497e-11,6.381339260235547e-11,0.04537540675527046,8840418673.170538,0,200,215,0,72.5
437,18,12,train,6.381339260235547e-11,6.138330473530266e-11,0.038081157699851174,8840418673.170538,0,200,218,0,72.25
438,18,13,train,6.138330473530266e-11,5.900070688069863e-11,0.03881507952167578,8840418673.170538,0,200,218,0,72.96
439,18,14,train,5.900070688069863e-11,5.6510718326677303e-11,0.04220269019922358,8840418673.170538,0,200,218,0,70.38
440,18,15,train,5.6510718326677303e-11,5.4551311044485866e-11,0.03467319723073578,8840418673.170538,0,200,217,0,69.72
441,18,16,train,5.4551311044485866e-11,5.2900887794713865e-11,0.030254511178037555,8840418673.170538,0,200,215,0,71.67
442,18,17,train,5.2900887794713865e-11,5.131199952860485e-11,0.03003519094565713,8840418673.170538,0,200,215,0,75.97
443,18,18,train,5.131199952860485e-11,4.980152901068849e-11,0.029436984171203915,8840418673.170538,0,200,219,0,73.92
444,18,19,train,4.980152901068849e-11,4.834980328654866e-11,0.029150223958550676,8840418673.170538,0,200,218,0,71.02
445,18,20,train,4.834980328654866e-11,4.6869663413823934e-11,0.030613151907828196,8840418673.170538,0,200,220,0,75.73
446,18,21,train,4.6869663413823934e-11,4.5555279894170944e-11,0.028043374411460383,8840418673.170538,0,200,212,0,73.84
447,18,22,train,4.5555279894170944e-11,4.420687575466492e-11,0.029599294365844943,8840418673.170538,0,200,213,0,71.16
448,18,23,train,4.420687575466492e-11,4.2873185089509156e-11,0.030169303810505702,8840418673.170538,0,200,210,0,66.49
449,18,24,train,4.2873185089509156e-11,4.175968960172659e-11,0.025971839634910395,8840418673.170538,0,200,216,0,71.61
450,19,0,train,2.5420599217138982e-09,2.7018226955987293e-10,0.893715223920563,393381757.628193,1,200,217,0,74.02
451,19,1,train,2.7018226955987293e-10,1.718223949856767e-10,0.3640500715847288,393381757.628193,0,200,213,0,69.15
452,19,2,train,1.718223949856767e-10,1.4166890333498055e-10,0.1754922089941173,5819963108.321014,1,200,212,0,68.74
453,19,3,train,1.4166890333498055e-10,1.1438499668643919e-10,0.19258924157849736,5819963108.321014,0,200,212,0,72.9
454,19,4,train,1.1438499668643919e-10,9.981753871329119e-11,0.12735462162998018,5819963108.321014,0,200,209,0,71.46
455,19,5,train,9.981753871329119e-11,9.075901905701227e-11,0.09075078160660689,5819963108.321014,0,200,213,0,70.03
456,19,6,train,9.075901905701227e-11,8.344612141566755e-11,0.08057488630139302,5819963108.321014,0,200,214,0,73.73
457,19,7,train,8.344612141566755e-11,7.746051059947468e-11,0.07173024599162538,5819963108.321014,0,200,212,0,71.43
458,19,8,train,7.746051059947468e-11,7.235727974278957e-11,0.0658817094954666,5819963108.321014,0,200,221,0,74.24
459,19,9,train,7.235727974278957e-11,6.788183504837513e-11,0.06185203078837995,5819963108.321014,0,200,214,0,71.95
460,19,10,train,6.788183504837513e-11,6.416479902815981e-11,0.054757447519891325,5819963108.321014,0,200,217,0,72.22
461,19,11,train,6.416479902815981e-11,6.086430685966937e-11,0.05143773873649884,5819963108.321014,0,200,221,0,72.99
462,19,12,train,6.086430685966937e-11,5.7910736087377933e-11,0.04852714053084156,5819963108.321014,0,200,219,0,72.35
463,19,13,train,5.7910736087377933e-11,5.532676190807203e-11,0.044619950528812236,5819963108.321014,0,200,221,0,73.31
464,19,14,train,5.532676190807203e-11,5.3159841694514904e-11,0.03916586004359993,5819963108.321014,0,200,220,0,74.04
465,19,15,train,5.3159841694514904e-11,5.108272395544722e-11,0.039073061033626115,5819963108.321014,0,200,215,0,72.39
466,19,16,train,5.108272395544722e-11,4.9214538960138735e-11,0.036571757546403724,5819963108.321014,0,200,220,0,73.82
467,19,17,train,4.9214538960138735e-11,4.7494469800500397e-11,0.03495042717013984,5819963108.321014,0,200,225,0,76.55
468,19,18,train,4.7494469800500397e-11,4.606512655166636e-11,0.030094940628624098,5819963108.321014,0,200,221,0,74.96
469,19,19,train,4.606512655166636e-11,4.469163609098347e-11,0.02981627455516467,5819963108.321014,0,200,217,0,73.89
470,19,20,train,4.469163609098347e-11,4.3323837325936876e-11,0.030605251556734676,5819963108.321014,0,200,219,0,72.43
471,19,21,train,4.3323837325936876e-11,4.194500950263535e-11,0.03182607793783897,5819963108.321014,0,200,217,0,68.51
472,19,22,train,4.194500950263535e-11,4.0708963254626727e-11,0.029468255286268695,5819963108.321014,0,200,219,0,71.4
473,19,23,train,4.0708963254626727e-11,3.96660267011352e-11,0.025619334665148714,5819963108.321014,0,200,217,0,73.34
474,19,24,train,3.96660267011352e-11,3.8606090849190655e-11,0.026721503011397234,5819963108.321014,0,200,215,0,70.45
475,20,0,train,2.7128188451313983e-09,2.214092056149014e-10,0.9183840800825103,368620264.41414076,1,200,212,0,67.81
476,20,1,train,2.214092056149014e-10,1.5620130965416184e-10,0.2945130297525032,4516524040.73617,1,200,204,0,67.65
477,20,2,train,1.5620130965416184e-10,1.2715637857743002e-10,0.1859455028964794,4516524040.73617,0,200,212,0,72.95
478,20,3,train,1.2715637857743002e-10,1.0927119500975295e-10,0.1406550246851057,4516524040.73617,0,200,216,0,72.93
479,20,4,train,1.0927119500975295e-10,9.797655500719937e-11,0.10336337953973582,4516524040.73617,0,200,223,0,71.43
480,20,5,train,9.797655500719937e-11,8.903618029735039e-11,0.09125014355926307,4516524040.73617,0,200,220,0,71.29
481,20,6,train,8.903618029735039e-11,8.214123491491639e-11,0.07743981558291517,4516524040.73617,0,200,212,0,71.67
482,20,7,train,8.214123491491639e-11,7.695961681196987e-11,0.06308181400381613,4516524040.73617,0,200,216,0,73.48
483,20,8,train,7.695961681196987e-11,7.244198636224143e-11,0.058701311634204854,4516524040.73617,0,200,212,0,70.57
484,20,9,train,7.244198636224143e-11,6.848932641766594e-11,0.05456310826169889,4516524040.73617,0,200,212,0,67.94
485,20,10,train,6.848932641766594e-11,6.526737567650988e-11,0.04704310743994987,4516524040.73617,0,200,213,0,68.74
486,20,11,train,6.526737567650988e-11,6.204739007896613e-11,0.04933530058728332,4516524040.73617,0,200,215,0,70.78
487,20,12,train,6.204739007896613e-11,5.960384475434506e-11,0.03938191955392849,4516524040.73617,0,200,212,0,68.43
488,20,13,train,5.960384475434506e-11,5.728755783674309e-11,0.0388613675367497,4516524040.73617,0,200,219,0,70.48
489,20,14,train,5.728755783674309e-11,5.496423215921455e-11,0.04055550219385336,4516524040.73617,0,200,214,0,70.44
490,20,15,train,5.496423215921455e-11,5.282928623084185e-11,0.03884245889560353,4516524040.73617,0,200,216,0,76.8
491,20,16,train,5.282928623084185e-11,5.0944308603888434e-11,0.03568054315019238,4516524040.73617,0,200,216,0,70.8
492,20,17,train,5.0944308603888434e-11,4.932584074252714e-11,0.03176935570851506,4516524040.73617,0,200,213,0,66.41
493,20,18,train,4.932584074252714e-11,4.778748266886027e-11,0.031187670610559815,4516524040.73617,0,200,224,0,72.17
494,20,19,train,4.778748266886027e-11,4.624362658814623e-11,0.032306704486027724,4516524040.73617,0,200,225,0,73.42
495,20,20,train,4.624362658814623e-11,4.479637018564906e-11,0.03129634306986105,4516524040.73617,0,200,220,0,72.57
496,20,21,train,4.479637018564906e-11,4.3470861698329266e-11,0.029589640451369227,4516524040.73617,0,200,213,0,67.15
497,20,22,train,4.3470861698329266e-11,4.2250990386927004e-11,0.028061815748390038,4516524040.73617,0,200,221,0,69.54
498,20,23,train,4.2250990386927004e-11,4.1205590998503643e-11,0.024742600797041218,4516524040.73617,0,200,224,0,73.82
499,20,24,train,4.1205590998503643e-11,4.023182115377695e-11,0.023631983454916447,4516524040.73617,0,200,217,0,69.27
500,21,0,train,5.148591497234935e-09,2.5022618168510517e-10,0.9513990997694244,194227877.76755112,1,200,215,0,66.65
501,21,1,train,2.5022618168510517e-10,1.8648613694549374e-10,0.2547297181708367,3996384364.2007084,1,200,205,0,67.55
502,21,2,train,1.8648613694549374e-10,1.462827265741832e-10,0.2155839089693901,3996384364.2007084,0,200,213,0,73.39
503,21,3,train,1.462827265741832e-10,1.270671698906475e-10,0.1313590273680815,3996384364.2007084,0,200,209,0,69.2
504,21,4,train,1.270671698906475e-10,1.1450758983186123e-10,0.09884205392781542,3996384364.2007084,0,200,221,0,71.17
505,21,5,train,1.1450758983186123e-10,1.0359782891402637e-10,0.09527543924253715,3996384364.2007084,0,200,217,0,70.73
506,21,6,train,1.0359782891402637e-10,9.480031934351394e-11,0.08491982566365647,3996384364.2007084,0,200,211,0,70.33
507,21,7,train,9.480031934351394e-11,8.846135072405312e-11,0.06686653234248323,3996384364.2007084,0,200,218,0,72.38
508,21,8,train,8.846135072405312e-11,8.262166351809082e-11,0.06601399546993877,3996384364.2007084,0,200,219,0,74.42
509,21,9,train,8.262166351809082e-11,7.752110344780755e-11,0.061733930946166984,3996384364.2007084,0,200,216,0,71.32
510,21,10,train,7.752110344780755e-11,7.310585962618767e-11,0.05695537892584989,3996384364.2007084,0,200,214,0,72.95
511,21,11,train,7.310585962618767e-11,6.962980970717874e-11,0.047548171060199845,3996384364.2007084,0,200,222,0,74.22
512,21,12,train,6.962980970717874e-11,6.61377294790026e-11,0.050152086338620366,3996384364.2007084,0,200,219,0,73.56
513,21,13,train,6.61377294790026e-11,6.321031900055243e-11,0.04426233711847586,3996384364.2007084,0,200,219,0,72.44
514,21,14,train,6.321031900055243e-11,6.067128928730252e-11,0.04016796234215686,3996384364.2007084,0,200,220,0,74.87
515,21,15,train,6.067128928730252e-11,5.8190956716459674e-11,0.04088148776759121,3996384364.2007084,0,200,220,0,71.76
516,21,16,train,5.8190956716459674e-11,5.5978198124738795e-11,0.038025815634940174,3996384364.2007084,0,200,221,0,70.35
517,21,17,train,5.5978198124738795e-11,5.385065397090995e-11,0.03800665661098884,3996384364.2007084,0,200,220,0,71.84
518,21,18,train,5.385065397090995e-11,5.1928211598660895e-11,0.03569951765650894,3996384364.2007084,0,200,215,0,71.7
519,21,19,train,5.1928211598660895e-11,5.012975669745077e-11,0.034633484301556494,3996384364.2007084,0,200,218,0,73.52
520,21,20,train,5.012975669745077e-11,4.839606509862946e-11,0.03458408165203545,3996384364.2007084,0,200,219,0,71.41
521,21,21,train,4.839606509862946e-11,4.673290732670677e-11,0.034365557789320954,3996384364.2007084,0,200,217,0,71.2
522,21,22,train,4.673290732670677e-11,4.518240901287243e-11,0.0331778697823122,3996384364.2007084,0,200,219,0,70.74
523,21,23,train,4.518240901287243e-11,4.3580856990909495e-11,0.035446361912811114,3996384364.2007084,0,200,219,0,70.52
524,21,24,train,4.3580856990909495e-11,4.2126563535993664e-11,0.03337000590004877,3996384364.2007084,0,200,219,0,71.02
525,22,0,train,1.6982364530055951e-09,1.738890064306587e-10,0.8976061277433398,588846151.6829219,1,200,211,0,67.64
526,22,1,train,1.738890064306587e-10,1.2064054953840205e-10,0.3062209508540174,588846151.6829219,0,200,215,0,72.18
527,22,2,train,1.2064054953840205e-10,1.0157639790804714e-10,0.15802440973038212,8289086910.049942,1,200,210,0,72.84
528,22,3,train,1.0157639790804714e-10,8.513057643593499e-11,0.16190593298061093,8289086910.049942,0,200,210,0,71.8
529,22,4,train,8.513057643593499e-11,7.661623926630936e-11,0.10001503015820755,8289086910.049942,0,200,217,0,71.58
530,22,5,train,7.661623926630936e-11,7.05011615909058e-11,0.07981438052771354,8289086910.049942,0,200,214,0,73.93
531,22,6,train,7.05011615909058e-11,6.604909980558082e-11,0.06314877208915755,8289086910.049942,0,200,214,0,70.17
532,22,7,train,6.604909980558082e-11,6.186940369981375e-11,0.06328165134831873,8289086910.049942,0,200,210,0,67.69
533,22,8,train,6.186940369981375e-11,5.857584757246882e-11,0.05323400470004598,8289086910.049942,0,200,216,0,71.95
534,22,9,train,5.857584757246882e-11,5.565288137944836e-11,0.049900536042679106,8289086910.049942,0,200,214,0,71.45
535,22,10,train,5.565288137944836e-11,5.3170548739598214e-11,0.044603847605396915,8289086910.049942,0,200,222,0,73.59
536,22,11,train,5.3170548739598214e-11,5.091375149191055e-11,0.04244449796334226,8289086910.049942,0,200,219,0,71.93
537,22,12,train,5.091375149191055e-11,4.8995910808249566e-11,0.03766842213474877,8289086910.049942,0,200,219,0,70.17
538,22,13,train,4.8995910808249566e-11,4.73057539709036e-11,0.03449587546112911,8289086910.049942,0,200,219,0,71.46
539,22,14,train,4.73057539709036e-11,4.5731054535461645e-11,0.03328769342542362,8289086910.049942,0,200,216,0,74.76
540,22,15,train,4.5731054535461645e-11,4.4338329265821176e-11,0.030454693944581914,8289086910.049942,0,200,223,0,75.66
541,22,16,train,4.4338329265821176e-11,4.306224933491679e-11,0.028780514557820127,8289086910.049942,0,200,216,0,69.64
542,22,17,train,4.306224933491679e-11,4.180324540274996e-11,0.029236836245476128,8289086910.049942,0,200,220,0,68.48
543,22,18,train,4.180324540274996e-11,4.0685769957762715e-11,0.026731786831884,8289086910.049942,0,200,220,0,71.06
544,22,19,train,4.0685769957762715e-11,3.971285401252679e-11,0.0239129294160082,8289086910.049942,0,200,220,0,73.54
545,22,20,train,3.971285401252679e-11,3.864894665329538e-11,0.026790000005938043,8289086910.049942,0,200,218,0,72.88
546,22,21,train,3.864894665329538e-11,3.7601283915945476e-11,0.027107148527179194,8289086910.049942,0,200,222,0,72.33
547,22,22,train,3.7601283915945476e-11,3.6720658514602206e-11,0.023420088614841846,8289086910.049942,0,200,213,0,69.01
548,22,23,train,3.6720658514602206e-11,3.583403922040825e-11,0.0241449726137505,8289086910.049942,0,200,218,0,71.19
549,22,24,train,3.583403922040825e-11,3.503857264646245e-11,0.022198629885206076,8289086910.049942,0,200,217,0,70.95
550,23,0,train,2.960787723195542e-09,2.0733472980602695e-10,0.9299731189163898,337747955.4396126,1,200,214,0,71.2
551,23,1,train,2.0733472980602695e-10,1.496830999590993e-10,0.27806065052808043,4823118639.7742195,1,200,206,0,69.06
552,23,2,train,1.496830999590993e-10,1.2461990987140135e-10,0.1674416824247122,4823118639.7742195,0,200,215,0,65.69
553,23,3,train,1.2461990987140135e-10,1.1148529831104247e-10,0.1053973765019798,4823118639.7742195,0,200,213,0,61.95
554,23,4,train,1.1148529831104247e-10,1.0259354617072233e-10,0.07975717224626579,4823118639.7742195,0,200,220,0,63.07
555,23,5,train,1.0259354617072233e-10,9.53793893911502e-11,0.07031784209473864,4823118639.7742195,0,200,211,0,60.69
556,23,6,train,9.53793893911502e-11,8.848371764433505e-11,0.07229729390000657,4823118639.7742195,0,200,217,0,61.94
557,23,7,train,8.848371764433505e-11,8.285239538170889e-11,0.06364246906150073,4823118639.7742195,0,200,216,0,61.89
558,23,8,train,8.285239538170889e-11,7.856512559581399e-11,0.05174587609860937,4823118639.7742195,0,200,219,0,62.89
559,23,9,train,7.856512559581399e-11,7.454785767148078e-11,0.051132966362205455,4823118639.7742195,0,200,218,0,62.36
560,23,10,train,7.454785767148078e-11,7.126813226712382e-11,0.043994898133895774,4823118639.7742195,0,200,219,0,62.41
561,23,11,train,7.126813226712382e-11,6.838254564811279e-11,0.04048915731642042,4823118639.7742195,0,200,215,0,61.39
562,23,12,train,6.838254564811279e-11,6.532812472940842e-11,0.04466667465733145,4823118639.7742195,0,200,214,0,61.47
563,23,13,train,6.532812472940842e-11,6.250470670726135e-11,0.04321902754505465,4823118639.7742195,0,200,214,0,61.26
564,23,14,train,6.250470670726135e-11,6.017336285241931e-11,0.03729869281301974,4823118639.7742195,0,200,218,0,62.5
565,23,15,train,6.017336285241931e-11,5.813678241177775e-11,0.033845215625333505,4823118639.7742195,0,200,218,0,62.41
566,23,16,train,5.813678241177775e-11,5.6274505278611704e-11,0.032032683198318396,4823118639.7742195,0,200,217,0,62.22
567,23,17,train,5.6274505278611704e-11,5.44861172683957e-11,0.03177971981027293,4823118639.7742195,0,200,223,0,63.98
568,23,18,train,5.44861172683957e-11,5.278947054573509e-11,0.03113906454928729,4823118639.7742195,0,200,220,0,62.97
569,23,19,train,5.278947054573509e-11,5.1091648832560546e-11,0.03216212808392545,4823118639.7742195,0,200,216,0,61.86
570,23,20,train,5.1091648832560546e-11,4.942835959436473e-11,0.03255501194817201,4823118639.7742195,0,200,214,0,61.34
571,23,21,train,4.942835959436473e-11,4.8023611932554643e-11,0.028419872181439737,4823118639.7742195,0,200,216,0,61.91
572,23,22,train,4.8023611932554643e-11,4.666193321146463e-11,0.02835435874757578,4823118639.7742195,0,200,222,0,63.58
573,23,23,train,4.666193321146463e-11,4.545075724575675e-11,0.025956403482449337,4823118639.7742195,0,200,220,0,63.03
574,23,24,train,4.545075724575675e-11,4.42340763345509e-11,0.02676921100845773,4823118639.7742195,0,200,213,0,61.2
575,24,0,train,3.7111521663631907e-09,4.3165641734273425e-10,0.8836866832744981,269458096.8853044,1,200,207,0,58.95
576,24,1,train,4.3165641734273425e-10,3.1342842968783544e-10,0.2738937333138871,269458096.8853044,0,200,212,0,61.01
577,24,2,train,3.1342842968783544e-10,2.686072832888127e-10,0.14300281070119636,3190521041.7445784,1,200,205,0,58.72
578,24,3,train,2.686072832888127e-10,2.290575413059888e-10,0.14724002081618576,3190521041.7445784,0,200,214,0,61.84
579,24,4,train,2.290575413059888e-10,2.0113502153873387e-10,0.1219017702191885,3190521041.7445784,0,200,210,0,60.72
580,24,5,train,2.0113502153873387e-10,1.817052669712062e-10,0.09660055428878134,3190521041.7445784,0,200,220,0,72.41
581,24,6,train,1.817052669712062e-10,1.5870411055085657e-10,0.12658497358799453,3190521041.7445784,0,200,219,0,76.18
582,24,7,train,1.5870411055085657e-10,1.38974423953835e-10,0.12431742648971407,3190521041.7445784,0,200,217,0,76.67
583,24,8,train,1.38974423953835e-10,1.2533663849168088e-10,0.09813162072673441,3190521041.7445784,0,200,218,0,76.07
584,24,9,train,1.2533663849168088e-10,1.1362801627191822e-10,0.0934173946314972,3190521041.7445784,0,200,213,0,75.6
585,24,10,train,1.1362801627191822e-10,1.0386693457305318e-10,0.08590382917102266,3190521041.7445784,0,200,219,0,75.88
586,24,11,train,1.0386693457305318e-10,9.495350789991673e-11,0.08581582492807013,3190521041.7445784,0,200,223,0,78.58
587,24,12,train,9.495350789991673e-11,8.779941573362846e-11,0.07534310553148653,3190521041.7445784,0,200,217,0,75.46
588,24,13,train,8.779941573362846e-11,8.17527382954668e-11,0.06886922182382697,3190521041.7445784,0,200,217,0,77.27
589,24,14,train,8.17527382954668e-11,7.624488712217696e-11,0.06737206958601957,3190521041.7445784,0,200,218,0,77.07
590,24,15,train,7.624488712217696e-11,7.14004826681607e-11,0.06353743361510203,3190521041.7445784,0,200,220,0,78.35
591,24,16,train,7.14004826681607e-11,6.681367762017931e-11,0.06424053278881775,3190521041.7445784,0,200,222,0,77.69
592,24,17,train,6.681367762017931e-11,6.343029846646939e-11,0.050639019946539465,3190521041.7445784,0,200,213,0,74.43
593,24,18,train,6.343029846646939e-11,6.069539802474533e-11,0.04311662577419193,3190521041.7445784,0,200,220,0,76.6
594,24,19,train,6.069539802474533e-11,5.78800644629779e-11,0.046384629698278314,3190521041.7445784,0,200,215,0,74.98
595,24,20,train,5.78800644629779e-11,5.566913983778025e-11,0.03819837876324134,3190521041.7445784,0,200,218,0,75.65
596,24,21,train,5.566913983778025e-11,5.3678101389113694e-11,0.03576556875979107,3190521041.7445784,0,200,216,0,75.02
597,24,22,train,5.3678101389113694e-11,5.178815407910104e-11,0.035208907563857056,3190521041.7445784,0,200,218,0,75.87
598,24,23,train,5.178815407910104e-11,4.9942112747358726e-11,0.03564601528223386,3190521041.7445784,0,200,220,0,77.25
599,24,24,train,4.9942112747358726e-11,4.832361413263293e-11,0.032407491907946805,3190521041.7445784,0,200,215,0,75.09
600,25,0,train,4.108876018234606e-09,2.1933125441339927e-10,0.9466201332335077,243375559.53553784,1,200,221,0,76.19
601,25,1,train,2.1933125441339927e-10,1.5697101921068458e-10,0.28431987666097536,4559313731.526757,1,200,213,0,75.28
602,25,2,train,1.5697101921068458e-10,1.2452716630151306e-10,0.20668689718849173,4559313731.526757,0,200,213,0,76.11
603,25,3,train,1.2452716630151306e-10,1.0942269004793559e-10,0.12129462752734253,4559313731.526757,0,200,213,0,74.58
604,25,4,train,1.0942269004793559e-10,9.796286068458697e-11,0.10472991806661247,4559313731.526757,0,200,211,0,73.63
605,25,5,train,9.796286068458697e-11,8.892301756206647e-11,0.09227826810434078,4559313731.526757,0,200,216,0,75.45
606,25,6,train,8.892301756206647e-11,8.177634347430237e-11,0.08036922591809105,4559313731.526757,0,200,210,0,73.32
607,25,7,train,8.177634347430237e-11,7.555901470410266e-11,0.07602845157968526,4559313731.526757,0,200,221,0,76.77
608,25,8,train,7.555901470410266e-11,7.025775041381179e-11,0.07016057992618352,4559313731.526757,0,200,212,0,74.81
609,25,9,train,7.025775041381179e-11,6.600532845561544e-11,0.060526019309613065,4559313731.526757,0,200,215,0,77.37
610,25,10,train,6.600532845561544e-11,6.260376403158179e-11,0.05153469429852158,4559313731.526757,0,200,216,0,75.3
611,25,11,train,6.260376403158179e-11,5.953154521668748e-11,0.04907402713588385,4559313731.526757,0,200,220,0,77.83
612,25,12,train,5.953154521668748e-11,5.720992810933406e-11,0.03899809922458791,4559313731.526757,0,200,214,0,75.01
613,25,13,train,5.720992810933406e-11,5.4758233661510186e-11,0.04285435288676523,4559313731.526757,0,200,222,0,76.96
614,25,14,train,5.4758233661510186e-11,5.2513600439405106e-11,0.04099170247127315,4559313731.526757,0,200,215,0,75.23
615,25,15,train,5.2513600439405106e-11,5.056395960845566e-11,0.037126398011865784,4559313731.526757,0,200,220,0,77.1
616,25,16,train,5.056395960845566e-11,4.8677140029255753e-11,0.03731550285639382,4559313731.526757,0,200,213,0,74.33
617,25,17,train,4.8677140029255753e-11,4.692864292328078e-11,0.035920292460158876,4559313731.526757,0,200,216,0,75.32
618,25,18,train,4.692864292328078e-11,4.5357920687124705e-11,0.03347043805898886,4559313731.526757,0,200,214,0,74.72
619,25,19,train,4.5357920687124705e-11,4.384999336470367e-11,0.03324507163418259,4559313731.526757,0,200,218,0,75.73
620,25,20,train,4.384999336470367e-11,4.234006779252878e-11,0.03443388370932526,4559313731.526757,0,200,216,0,74.92
621,25,21,train,4.234006779252878e-11,4.0962332258912923e-11,0.032539757384587135,4559313731.526757,0,200,216,0,75.5
622,25,22,train,4.0962332258912923e-11,3.979196705876051e-11,0.028571742271773483,4559313731.526757,0,200,213,0,73.49
623,25,23,train,3.979196705876051e-11,3.884218659394596e-11,0.023868648247823834,4559313731.526757,0,200,218,0,75.31
624,25,24,train,3.884218659394596e-11,3.78248729910895e-11,0.02619094577479381,4559313731.526757,0,200,215,0,74.04
625,26,0,train,2.593414810743869e-09,2.617126773253898e-10,0.8990856856985702,385591998.5716323,1,200,211,0,74.78
626,26,1,train,2.617126773253898e-10,1.9537032450483743e-10,0.2534930806506874,385591998.5716323,0,200,211,0,73.45
627,26,2,train,1.9537032450483743e-10,1.6849422280877238e-10,0.13756491301420543,5118484613.947804,1,200,211,0,72.55
628,26,3,train,1.6849422280877238e-10,1.4168883109443813e-10,0.15908789789639402,5118484613.947804,0,200,210,0,73.84
629,26,4,train,1.4168883109443813e-10,1.2563177484662663e-10,0.11332619602958814,5118484613.947804,0,200,214,0,75.1
630,26,5,train,1.2563177484662663e-10,1.133460932814785e-10,0.09779119637644774,5118484613.947804,0,200,215,0,73.9
631,26,6,train,1.133460932814785e-10,1.0471183091078235e-10,0.07617609147987323,5118484613.947804,0,200,210,0,72.85
632,26,7,train,1.0471183091078235e-10,9.70822226830996e-11,0.07286290537869985,5118484613.947804,0,200,218,0,75.44
633,26,8,train,9.70822226830996e-11,9.094780706258748e-11,0.06318783656752858,5118484613.947804,0,200,220,0,75.73
634,26,9,train,9.094780706258748e-11,8.538297750788595e-11,0.061187066895103816,5118484613.947804,0,200,213,0,73.91
635,26,10,train,8.538297750788595e-11,8.057099431864664e-11,0.05635764094540834,5118484613.947804,0,200,217,0,76.11
636,26,11,train,8.057099431864664e-11,7.622759822185836e-11,0.053907688908626024,5118484613.947804,0,200,213,0,75.69
637,26,12,train,7.622759822185836e-11,7.246079078222246e-11,0.04941527120758427,5118484613.947804,0,200,209,0,71.89
638,26,13,train,7.246079078222246e-11,6.927404145466774e-11,0.04397894769230911,5118484613.947804,0,200,212,0,74.65
639,26,14,train,6.927404145466774e-11,6.610285599196957e-11,0.04577739938521372,5118484613.947804,0,200,214,0,73.5
640,26,15,train,6.610285599196957e-11,6.323134299895447e-11,0.04344007456143704,5118484613.947804,0,200,216,0,74.89
641,26,16,train,6.323134299895447e-11,6.071582922296142e-11,0.03978270358791289,5118484613.947804,0,200,216,0,74.18
642,26,17,train,6.071582922296142e-11,5.840597383915394e-11,0.03804370974371771,5118484613.947804,0,200,224,0,77.07
643,26,18,train,5.840597383915394e-11,5.5975623925317576e-11,0.04161132422052204,5118484613.947804,0,200,216,0,74.49
644,26,19,train,5.5975623925317576e-11,5.3785670283095596e-11,0.03912334492499461,5118484613.947804,0,200,215,0,73.79
645,26,20,train,5.3785670283095596e-11,5.209442614015713e-11,0.03144413993609767,5118484613.947804,0,200,214,0,73.49
646,26,21,train,5.209442614015713e-11,5.0557510224240316e-11,0.029502502086918583,5118484613.947804,0,200,221,0,75.76
647,26,22,train,5.0557510224240316e-11,4.916093854793904e-11,0.027623426670082992,5118484613.947804,0,200,213,0,73.74
648,26,23,train,4.916093854793904e-11,4.781262584230711e-11,0.027426504567587443,5118484613.947804,0,200,222,0,77.11
649,26,24,train,4.781262584230711e-11,4.655497098523987e-11,0.02630382320383663,5118484613.947804,0,200,220,0,77.71
650,27,0,train,1.525675703975352e-09,2.7468206011600024e-10,0.8199603890916796,655447286.3363861,1,200,209,0,74.89
651,27,1,train,2.7468206011600024e-10,1.9719337744674388e-10,0.2821031800785691,655447286.3363861,0,200,211,0,73.98
652,27,2,train,1.9719337744674388e-10,1.5911109137770137e-10,0.19312152650424289,655447286.3363861,0,200,215,0,75.28
653,27,3,train,1.5911109137770137e-10,1.384859105088772e-10,0.12962754947022304,655447286.3363861,0,200,215,0,76.31
654,27,4,train,1.384859105088772e-10,1.2343988477091946e-10,0.10864661742606133,7220951187.925346,1,200,212,0,75.57
655,27,5,train,1.2343988477091946e-10,1.0688080137334788e-10,0.13414694471160624,7220951187.925346,0,200,211,0,77.63
656,27,6,train,1.0688080137334788e-10,9.505988519147288e-11,0.11059906016781322,7220951187.925346,0,200,215,0,78.32
657,27,7,train,9.505988519147288e-11,8.69079544729433e-11,0.08575573915442547,7220951187.925346,0,200,215,0,75.97
658,27,8,train,8.69079544729433e-11,8.058676478056494e-11,0.07273430528555723,7220951187.925346,0,200,219,0,76.94
659,27,9,train,8.058676478056494e-11,7.492466400390631e-11,0.07026092674245375,7220951187.925346,0,200,217,0,76.49
660,27,10,train,7.492466400390631e-11,7.04655392584831e-11,0.059514778006755205,7220951187.925346,0,200,219,0,77.15
661,27,11,train,7.04655392584831e-11,6.607295675727235e-11,0.0623366052035421,7220951187.925346,0,200,215,0,78.93
662,27,12,train,6.607295675727235e-11,6.244992367250973e-11,0.05483382706895199,7220951187.925346,0,200,218,0,77.17
663,27,13,train,6.244992367250973e-11,5.910114082763288e-11,0.05362348979700955,7220951187.925346,0,200,218,0,77.02
664,27,14,train,5.910114082763288e-11,5.6097755491541883e-11,0.0508177218583699,7220951187.925346,0,200,220,0,77.35
665,27,15,train,5.6097755491541883e-11,5.365893452864996e-11,0.043474483809956325,7220951187.925346,0,200,215,0,78.89
666,27,16,train,5.365893452864996e-11,5.1380638545031006e-11,0.04245883753808989,7220951187.925346,0,200,219,0,78.68
667,27,17,train,5.1380638545031006e-11,4.9401642038053006e-11,0.03851638599710217,7220951187.925346,0,200,215,0,76.55
668,27,18,train,4.9401642038053006e-11,4.7739208215789505e-11,0.03365138796364228,7220951187.925346,0,200,218,0,76.23
669,27,19,train,4.7739208215789505e-11,4.621442654300485e-11,0.03193981906638203,7220951187.925346,0,200,218,0,77.01
670,27,20,train,4.621442654300485e-11,4.4678884098878156e-11,0.03322647404696873,7220951187.925346,0,200,218,0,76.83
671,27,21,train,4.4678884098878156e-11,4.326054302800029e-11,0.03174522147283175,7220951187.925346,0,200,216,0,76.28
672,27,22,train,4.326054302800029e-11,4.192606035323087e-11,0.03084757105119269,7220951187.925346,0,200,214,0,76.03
673,27,23,train,4.192606035323087e-11,4.083015493266221e-11,0.02613900307673939,7220951187.925346,0,200,217,0,78.21
674,27,24,train,4.083015493266221e-11,3.976061562337718e-11,0.026194838374944504,7220951187.925346,0,200,217,0,76.74
675,28,0,train,5.235702282162976e-08,2.4647614739535794e-10,0.995292395668962,19099634.5114352,1,200,211,0,74.1
676,28,1,train,2.4647614739535794e-10,1.7369682228848267e-10,0.29527938454074515,4057187726.145194,1,200,214,0,79.29
677,28,2,train,1.7369682228848267e-10,1.390878398288692e-10,0.1992493702742211,4057187726.145194,0,200,216,0,76.44
678,28,3,train,1.390878398288692e-10,1.2119213577019427e-10,0.12866476379742064,4057187726.145194,0,200,215,0,75.71
679,28,4,train,1.2119213577019427e-10,1.0974413634677725e-10,0.09446157005702778,4057187726.145194,0,200,212,0,77.33
680,28,5,train,1.0974413634677725e-10,9.852626120030786e-11,0.10221844665142156,4057187726.145194,0,200,215,0,75.76
681,28,6,train,9.852626120030786e-11,9.071578202161712e-11,0.07927306977387201,4057187726.145194,0,200,214,0,75.74
682,28,7,train,9.071578202161712e-11,8.470468351939428e-11,0.066262984987446,4057187726.145194,0,200,215,0,77.6
683,28,8,train,8.470468351939428e-11,7.896567600912486e-11,0.06775313089925418,4057187726.145194,0,200,214,0,75.66
684,28,9,train,7.896567600912486e-11,7.436455278785904e-11,0.05826738215644657,4057187726.145194,0,200,217,0,76.71
685,28,10,train,7.436455278785904e-11,6.999742327258699e-11,0.058725956810770176,4057187726.145194,0,200,219,0,76.98
686,28,11,train,6.999742327258699e-11,6.588846321437084e-11,0.058701590231612685,4057187726.145194,0,200,218,0,77.52
687,28,12,train,6.588846321437084e-11,6.230847444024968e-11,0.054334076095742555,4057187726.145194,0,200,218,0,80.0
688,28,13,train,6.230847444024968e-11,5.912538544889113e-11,0.05108597217238808,4057187726.145194,0,200,215,0,80.01
689,28,14,train,5.912538544889113e-11,5.6512245340374325e-11,0.044196584744054516,4057187726.145194,0,200,216,0,80.44
690,28,15,train,5.6512245340374325e-11,5.413026757554689e-11,0.042149763303169725,4057187726.145194,0,200,214,0,77.87
691,28,16,train,5.413026757554689e-11,5.157973812237063e-11,0.04711836034463735,4057187726.145194,0,200,228,0,81.34
692,28,17,train,5.157973812237063e-11,4.9216244580907504e-11,0.0458221314706144,4057187726.145194,0,200,214,0,75.35
693,28,18,train,4.9216244580907504e-11,4.692957390854585e-11,0.04646170571999968,4057187726.145194,0,200,219,0,77.17
694,28,19,train,4.692957390854585e-11,4.51195461443888e-11,0.03856902190683315,4057187726.145194,0,200,219,0,77.04
695,28,20,train,4.51195461443888e-11,4.3453292192790445e-11,0.036929758696289006,4057187726.145194,0,200,220,0,79.36
696,28,21,train,4.3453292192790445e-11,4.1803666075199904e-11,0.03796320219585661,4057187726.145194,0,200,218,0,81.44
697,28,22,train,4.1803666075199904e-11,4.0270080411802454e-11,0.03668543473289423,4057187726.145194,0,200,217,0,80.53
698,28,23,train,4.0270080411802454e-11,3.9229012309048766e-11,0.025852148595376743,4057187726.145194,0,200,218,0,80.93
699,28,24,train,3.9229012309048766e-11,3.814399415411456e-11,0.027658564186790108,4057187726.145194,0,200,218,0,81.28
700,29,0,train,9.888732266910702e-10,1.611973310806783e-10,0.836988881153077,1011251971.444471,1,200,212,0,75.6
701,29,1,train,1.611973310806783e-10,1.1672664678899261e-10,0.2758772989202183,1011251971.444471,0,200,213,0,75.0
702,29,2,train,1.1672664678899261e-10,9.745447133697044e-11,0.16510519219198158,1011251971.444471,0,200,212,0,74.78
703,29,3,train,9.745447133697044e-11,8.880784021490328e-11,0.08872482712639751,10261201833.852018,1,200,210,0,75.83
704,29,4,train,8.880784021490328e-11,7.911343183449578e-11,0.1091616275877029,10261201833.852018,0,200,212,0,79.68
705,29,5,train,7.911343183449578e-11,7.047206452593341e-11,0.10922756235173814,10261201833.852018,0,200,214,0,78.83
706,29,6,train,7.047206452593341e-11,6.56756497586746e-11,0.06806122113101634,10261201833.852018,0,200,213,0,77.6
707,29,7,train,6.56756497586746e-11,6.141408578417528e-11,0.06488803674053398,10261201833.852018,0,200,221,0,77.45
708,29,8,train,6.141408578417528e-11,5.7735130893670275e-11,0.05990408948581913,10261201833.852018,0,200,222,0,78.25
709,29,9,train,5.7735130893670275e-11,5.468523629053586e-11,0.05282562897019062,10261201833.852018,0,200,213,0,74.9
710,29,10,train,5.468523629053586e-11,5.2387415905847033e-11,0.0420190263507465,10261201833.852018,0,200,213,0,74.79
711,29,11,train,5.2387415905847033e-11,5.021248693515314e-11,0.04151624837924384,10261201833.852018,0,200,214,0,77.26
712,29,12,train,5.021248693515314e-11,4.8404041456502545e-11,0.036015851614482036,10261201833.852018,0,200,217,0,78.54
713,29,13,train,4.8404041456502545e-11,4.6691653743734245e-11,0.035376957403590106,10261201833.852018,0,200,214,0,75.51
714,29,14,train,4.6691653743734245e-11,4.529962399855611e-11,0.02981324569950446,10261201833.852018,0,200,221,0,77.98
715,29,15,train,4.529962399855611e-11,4.4110060496319967e-11,0.026259897924849406,10261201833.852018,0,200,218,0,76.79
716,29,16,train,4.4110060496319967e-11,4.28204653927449e-11,0.029235849805344417,10261201833.852018,0,200,218,0,77.11
717,29,17,train,4.28204653927449e-11,4.1647313247973774e-11,0.02739699659989903,10261201833.852018,0,200,216,0,77.02
718,29,18,train,4.1647313247973774e-11,4.0598304953865634e-11,0.025187898385237995,10261201833.852018,0,200,209,0,77.1
719,29,19,train,4.0598304953865634e-11,3.948974287296953e-11,0.02730562475836943,10261201833.852018,0,200,212,0,78.13
720,29,20,train,3.948974287296953e-11,3.851917070781048e-11,0.024577829445007554,10261201833.852018,0,200,220,0,78.05
721,29,21,train,3.851917070781048e-11,3.7563024929454967e-11,0.02482259510747042,10261201833.852018,0,200,216,0,76.01
722,29,22,train,3.7563024929454967e-11,3.674102207983629e-11,0.02188329750232936,10261201833.852018,0,200,226,0,79.79
723,29,23,train,3.674102207983629e-11,3.6012245055242343e-11,0.0198355130951543,10261201833.852018,0,200,222,0,79.81
724,29,24,train,3.6012245055242343e-11,3.5247552597580196e-11,0.021234234535756322,10261201833.852018,0,200,227,0,83.82
725,30,0,train,1.5982972049059961e-09,2.5311532629090826e-10,0.8416343809436899,625665862.976226,1,200,215,0,75.67
726,30,1,train,2.5311532629090826e-10,1.7211700923149745e-10,0.32000558103825977,625665862.976226,0,200,214,0,75.51
727,30,2,train,1.7211700923149745e-10,1.383944007244252e-10,0.19592838998100026,625665862.976226,0,200,208,0,73.35
728,30,3,train,1.383944007244252e-10,1.2240246531961699e-10,0.11555334118359165,7225725858.600508,1,200,205,0,79.12
729,30,4,train,1.2240246531961699e-10,1.0637693374597248e-10,0.1309249085122483,7225725858.600508,0,200,210,0,79.44
730,30,5,train,1.0637693374597248e-10,9.565200799121839e-11,0.1008200309699202,7225725858.600508,0,200,210,0,80.06
731,30,6,train,9.565200799121839e-11,8.885011565403181e-11,0.07111081596751263,7225725858.600508,0,200,211,0,78.13
732,30,7,train,8.885011565403181e-11,8.300971452028068e-11,0.06573318549739117,7225725858.600508,0,200,221,0,78.83
733,30,8,train,8.300971452028068e-11,7.775636878454874e-11,0.06328591498105268,7225725858.600508,0,200,214,0,75.92
734,30,9,train,7.775636878454874e-11,7.353282518347217e-11,0.05431765483775834,7225725858.600508,0,200,220,0,78.34
735,30,10,train,7.353282518347217e-11,6.955195231875277e-11,0.05413735776895161,7225725858.600508,0,200,220,0,78.11
736,30,11,train,6.955195231875277e-11,6.620898199643628e-11,0.04806436355655182,7225725858.600508,0,200,218,0,76.77
737,30,12,train,6.620898199643628e-11,6.346460430059104e-11,0.041450232477414556,7225725858.600508,0,200,217,0,76.48
738,30,13,train,6.346460430059104e-11,6.111133783151342e-11,0.03707998332317185,7225725858.600508,0,200,214,0,75.26
739,30,14,train,6.111133783151342e-11,5.883001306305649e-11,0.03733063044285897,7225725858.600508,0,200,218,0,80.53
740,30,15,train,5.883001306305649e-11,5.683143248182677e-11,0.03397212540285437,7225725858.600508,0,200,211,0,77.83
741,30,16,train,5.683143248182677e-11,5.477138749672568e-11,0.036248338201924454,7225725858.600508,0,200,214,0,78.92
742,30,17,train,5.477138749672568e-11,5.291445849978818e-11,0.03390326741400361,7225725858.600508,0,200,226,0,81.92
743,30,18,train,5.291445849978818e-11,5.135005336685866e-11,0.029564795280590066,7225725858.600508,0,200,219,0,77.18
744,30,19,train,5.135005336685866e-11,4.973916036378436e-11,0.0313708145844688,7225725858.600508,0,200,221,0,77.85
745,30,20,train,4.973916036378436e-11,4.83443775711917e-11,0.02804194486580468,7225725858.600508,0,200,219,0,77.23
746,30,21,train,4.83443775711917e-11,4.69647667463917e-11,0.028537151456100387,7225725858.600508,0,200,221,0,77.45
747,30,22,train,4.69647667463917e-11,4.5668152136873074e-11,0.02760824122730784,7225725858.600508,0,200,217,0,77.93
748,30,23,train,4.5668152136873074e-11,4.4481960291890246e-11,0.02597415900314217,7225725858.600508,0,200,224,0,78.86
749,30,24,train,4.4481960291890246e-11,4.338052921767375e-11,0.024761297995612417,7225725858.600508,0,200,219,0,77.18
750,31,0,train,2.549991073448404e-09,2.1362642895125015e-10,0.9162246365582923,392158235.5375385,1,200,211,0,74.02
751,31,1,train,2.1362642895125015e-10,1.585952502502927e-10,0.25760473070265877,4681068746.546343,1,200,207,0,72.52
752,31,2,train,1.585952502502927e-10,1.2885050694620797e-10,0.1875512870476386,4681068746.546343,0,200,219,0,83.84
753,31,3,train,1.2885050694620797e-10,1.0700474023893292e-10,0.16954350607557284,4681068746.546343,0,200,212,0,80.98
754,31,4,train,1.0700474023893292e-10,9.325639468846078e-11,0.12848351876536682,4681068746.546343,0,200,222,0,84.97
755,31,5,train,9.325639468846078e-11,8.424040940438706e-11,0.09667953939451747,4681068746.546343,0,200,218,0,78.33
756,31,6,train,8.424040940438706e-11,7.742614334979772e-11,0.08089070438722805,4681068746.546343,0,200,216,0,79.03
757,31,7,train,7.742614334979772e-11,7.237298893449458e-11,0.06526418851154556,4681068746.546343,0,200,220,0,77.74
758,32,0,train,3.514959287843664e-09,4.2572184223235387e-10,0.8788828525824768,284498316.5120737,1,200,210,0,75.24
759,32,1,train,4.2572184223235387e-10,2.6586116571780854e-10,0.37550499094968987,284498316.5120737,0,200,207,0,74.95
760,32,2,train,2.6586116571780854e-10,2.0631047992328637e-10,0.22399166735667858,3761361676.497816,1,200,212,0,75.93
761,32,3,train,2.0631047992328637e-10,1.6209093350395133e-10,0.21433495009937184,3761361676.497816,0,200,214,0,77.28
762,32,4,train,1.6209093350395133e-10,1.3941414607478746e-10,0.13990164001746017,3761361676.497816,0,200,215,0,78.27
763,32,5,train,1.3941414607478746e-10,1.250852988800681e-10,0.10277900484383251,3761361676.497816,0,200,215,0,78.73
764,32,6,train,1.250852988800681e-10,1.12329886571979e-10,0.10197371251692014,3761361676.497816,0,200,220,0,80.39
765,32,7,train,1.12329886571979e-10,1.0240570196897967e-10,0.08834856782874162,3761361676.497816,0,200,218,0,79.03
766,32,8,train,1.0240570196897967e-10,9.461018122184828e-11,0.07612389346730687,3761361676.497816,0,200,220,0,79.26
767,32,9,train,9.461018122184828e-11,8.785842612172462e-11,0.07136393792853746,3761361676.497816,0,200,220,0,79.61
768,32,10,train,8.785842612172462e-11,8.192641946368165e-11,0.0675177887869786,3761361676.497816,0,200,220,0,79.25
769,32,11,train,8.192641946368165e-11,7.696872921189631e-11,0.06051393780223856,3761361676.497816,0,200,217,0,78.18
770,32,12,train,7.696872921189631e-11,7.270104030699602e-11,0.05544704906262991,3761361676.497816,0,200,215,0,78.31
771,32,13,train,7.270104030699602e-11,6.888475785106434e-11,0.05249281770682507,3761361676.497816,0,200,215,0,77.42
772,32,14,train,6.888475785106434e-11,6.542411179495373e-11,0.05023819730328256,3761361676.497816,0,200,217,0,78.0
773,32,15,train,6.542411179495373e-11,6.230869163447645e-11,0.04761883768848627,3761361676.497816,0,200,217,0,78.27
774,32,16,train,6.230869163447645e-11,5.955852248538514e-11,0.044137809299940337,3761361676.497816,0,200,221,0,79.66
775,32,17,train,5.955852248538514e-11,5.7222934982439225e-11,0.03921500073342203,3761361676.497816,0,200,216,0,78.11
776,32,18,train,5.7222934982439225e-11,5.50476092365813e-11,0.038014927869839156,3761361676.497816,0,200,220,0,79.7
777,32,19,train,5.50476092365813e-11,5.2993897794405406e-11,0.0373079134708565,3761361676.497816,0,200,223,0,80.41
778,32,20,train,5.2993897794405406e-11,5.1038872621463044e-11,0.03689151495379824,3761361676.497816,0,200,214,0,77.9
779,32,21,train,5.1038872621463044e-11,4.945411873924155e-11,0.031049939013642485,3761361676.497816,0,200,218,0,78.98
780,32,22,train,4.945411873924155e-11,4.7919161416153346e-11,0.031038007798331737,3761361676.497816,0,200,223,0,80.28
781,32,23,train,4.7919161416153346e-11,4.654939163105199e-11,0.028585011603304258,3761361676.497816,0,200,219,0,79.12
782,32,24,train,4.654939163105199e-11,4.517455482968325e-11,0.0295350111611689,3761361676.497816,0,200,215,0,77.42
783,33,0,train,6.593461308260397e-09,2.2051602465905262e-10,0.9665553471311363,151665408.08348772,1,200,215,0,76.74
784,33,1,train,2.2051602465905262e-10,1.603386317686978e-10,0.272893514126228,4534817828.074554,1,200,208,0,74.33
785,33,2,train,1.603386317686978e-10,1.3233043590691756e-10,0.17468151968631282,4534817828.074554,0,200,213,0,76.41
786,33,3,train,1.3233043590691756e-10,1.1587837234398555e-10,0.12432562055870916,4534817828.074554,0,200,220,0,79.44
787,33,4,train,1.1587837234398555e-10,1.0288065864766238e-10,0.11216686456157143,4534817828.074554,0,200,223,0,80.56
788,33,5,train,1.0288065864766238e-10,9.276673951564617e-11,0.09830729376114863,4534817828.074554,0,200,218,0,78.84
789,33,6,train,9.276673951564617e-11,8.417364155735273e-11,0.0926312383421013,4534817828.074554,0,200,220,0,79.68
790,33,7,train,8.417364155735273e-11,7.791876066777317e-11,0.07430925850246975,4534817828.074554,0,200,217,0,78.6
791,33,8,train,7.791876066777317e-11,7.310554877759021e-11,0.06177218232083202,4534817828.074554,0,200,212,0,76.73
792,33,9,train,7.310554877759021e-11,6.879219248467852e-11,0.059001763409700446,4534817828.074554,0,200,213,0,77.53
793,33,10,train,6.879219248467852e-11,6.541961476106756e-11,0.04902558854134655,4534817828.074554,0,200,218,0,78.75
794,33,11,train,6.541961476106756e-11,6.207080597201329e-11,0.05118967455380387,4534817828.074554,0,200,215,0,77.41
795,33,12,train,6.207080597201329e-11,5.915561279582188e-11,0.04696560855848756,4534817828.074554,0,200,216,0,78.91
796,33,13,train,5.915561279582188e-11,5.658422484813816e-11,0.04346819897815908,4534817828.074554,0,200,216,0,78.71
797,33,14,train,5.658422484813816e-11,5.433195458878574e-11,0.039803854614905536,4534817828.074554,0,200,212,0,76.24
798,33,15,train,5.433195458878574e-11,5.239820675466444e-11,0.035591354089080256,4534817828.074554,0,200,219,0,78.89
799,33,16,train,5.239820675466444e-11,5.057093305696376e-11,0.034872828878595476,4534817828.074554,0,200,222,0,80.22
800,33,17,train,5.057093305696376e-11,4.887401469154025e-11,0.033555211716423734,4534817828.074554,0,200,216,0,78.17
801,33,18,train,4.887401469154025e-11,4.7236678277521957e-11,0.03350116466494631,4534817828.074554,0,200,216,0,77.93
802,33,19,train,4.7236678277521957e-11,4.571523508824746e-11,0.03220893688450761,4534817828.074554,0,200,215,0,77.33
803,33,20,train,4.571523508824746e-11,4.434694950483846e-11,0.029930625551147245,4534817828.074554,0,200,216,0,78.4
804,33,21,train,4.434694950483846e-11,4.297711710862325e-11,0.030888988115535476,4534817828.074554,0,200,224,0,82.04
805,33,22,train,4.297711710862325e-11,4.16765797388756e-11,0.030261158896735335,4534817828.074554,0,200,220,0,78.85
806,33,23,train,4.16765797388756e-11,4.043801026620167e-11,0.029718596881850256,4534817828.074554,0,200,220,0,80.19
807,33,24,train,4.043801026620167e-11,3.920697658349431e-11,0.030442488999916636,4534817828.074554,0,200,214,0,77.71
808,34,0,train,3.2388196240502826e-09,1.976986013287636e-10,0.93895967535187,308754458.7461333,1,200,207,0,75.02
809,34,1,train,1.976986013287636e-10,1.3583455589636149e-10,0.31292100711185644,5058204728.201625,1,200,210,0,76.5
810,34,2,train,1.3583455589636149e-10,1.1330985813533862e-10,0.16582450328919746,5058204728.201625,0,200,217,0,78.56
811,34,3,train,1.1330985813533862e-10,1.0151612292777876e-10,0.10408392880938283,5058204728.201625,0,200,212,0,75.95
812,34,4,train,1.0151612292777876e-10,9.419890509496314e-11,0.07207936652605698,5058204728.201625,0,200,210,0,75.99
813,34,5,train,9.419890509496314e-11,8.818263451547836e-11,0.06386773363681561,5058204728.201625,0,200,215,0,77.94
814,34,6,train,8.818263451547836e-11,8.308522580753644e-11,0.05780513063541093,5058204728.201625,0,200,214,0,76.91
815,34,7,train,8.308522580753644e-11,7.912140118091445e-11,0.04770793589469238,5058204728.201625,0,200,218,0,78.97
816,34,8,train,7.912140118091445e-11,7.565276965984497e-11,0.043839359127858586,5058204728.201625,0,200,214,0,78.01
817,34,9,train,7.565276965984497e-11,7.244657596642768e-11,0.04238038749715563,5058204728.201625,0,200,219,0,79.92
818,34,10,train,7.244657596642768e-11,6.972526286738445e-11,0.03756303265877334,5058204728.201625,0,200,216,0,79.08
819,34,11,train,6.972526286738445e-11,6.713933800889358e-11,0.03708734470329973,5058204728.201625,0,200,221,0,80.69
820,34,12,train,6.713933800889358e-11,6.474122503422907e-11,0.03571844831634834,5058204728.201625,0,200,215,0,78.54
821,34,13,train,6.474122503422907e-11,6.26608154293577e-11,0.032134232921472265,5058204728.201625,0,200,218,0,78.34
822,34,14,train,6.26608154293577e-11,6.060730567152114e-11,0.03277183266393394,5058204728.201625,0,200,216,0,78.07
823,34,15,train,6.060730567152114e-11,5.881293113440272e-11,0.029606571637478162,5058204728.201625,0,200,217,0,78.48
824,34,16,train,5.881293113440272e-11,5.7005043021955383e-11,0.030739636293859302,5058204728.201625,0,200,212,0,76.45
825,34,17,train,5.7005043021955383e-11,5.508635380825844e-11,0.033658236394242626,5058204728.201625,0,200,220,0,79.46
826,34,18,train,5.508635380825844e-11,5.349558483802221e-11,0.028877732147117405,5058204728.201625,0,200,221,0,79.55
827,34,19,train,5.349558483802221e-11,5.183326392259767e-11,0.03107398340363673,5058204728.201625,0,200,220,0,79.25
828,34,20,train,5.183326392259767e-11,5.045427728661323e-11,0.026604279407209882,5058204728.201625,0,200,216,0,78.42
829,34,21,train,5.045427728661323e-11,4.913955294551173e-11,0.0260577380512856,5058204728.201625,0,200,220,0,79.32
830,34,22,train,4.913955294551173e-11,4.791160639782006e-11,0.024988964573065566,5058204728.201625,0,200,214,0,78.85
831,34,23,train,4.791160639782006e-11,4.6768941332245604e-11,0.023849441742501146,5058204728.201625,0,200,218,0,79.74
832,34,24,train,4.6768941332245604e-11,4.569529263728414e-11,0.022956446401775108,5058204728.201625,0,200,216,0,78.95
833,35,0,train,1.0877666717335316e-09,3.030841244222901e-10,0.721370278849161,919314799.7505188,1,200,213,0,76.54
834,35,1,train,3.030841244222901e-10,2.2780470818949853e-10,0.2483779590114856,919314799.7505188,0,200,212,0,76.54
835,35,2,train,2.2780470818949853e-10,1.9599393009165685e-10,0.13964056472169134,919314799.7505188,0,200,216,0,77.95
836,35,3,train,1.9599393009165685e-10,1.709734861270469e-10,0.1276592798200899,919314799.7505188,0,200,218,0,78.66
837,35,4,train,1.709734861270469e-10,1.5522543629510637e-10,0.09210814020741478,919314799.7505188,0,200,214,0,77.15
838,35,5,train,1.5522543629510637e-10,1.3967527111092533e-10,0.1001779447707133,919314799.7505188,0,200,212,0,75.95
839,35,6,train,1.3967527111092533e-10,1.273048407735683e-10,0.08856564400389003,919314799.7505188,0,200,213,0,77.05
840,35,7,train,1.273048407735683e-10,1.181722932271956e-10,0.07173762985663974,919314799.7505188,0,200,220,0,79.38
841,35,8,train,1.181722932271956e-10,1.0999075566374278e-10,0.06923397473317332,919314799.7505188,0,200,220,0,79.6
842,35,9,train,1.0999075566374278e-10,1.0280293174027341e-10,0.06534934577087147,919314799.7505188,0,200,224,0,80.55
843,35,10,train,1.0280293174027341e-10,9.809251744282328e-11,0.04581984402303593,9727349046.09969,1,200,210,0,76.11
844,35,11,train,9.809251744282328e-11,9.356784270908214e-11,0.04612660426804222,9727349046.09969,0,200,205,0,74.75
845,35,12,train,9.356784270908214e-11,8.9170596619016e-11,0.04699527062666065,9727349046.09969,0,200,212,0,77.51
846,35,13,train,8.9170596619016e-11,8.499261908495837e-11,0.04685375776847353,9727349046.09969,0,200,216,0,79.07
847,35,14,train,8.499261908495837e-11,8.075092953127021e-11,0.049906563644640446,9727349046.09969,0,200,221,0,79.7
848,35,15,train,8.075092953127021e-11,7.604962959490876e-11,0.05821976246776088,9727349046.09969,0,200,219,0,78.62
849,35,16,train,7.604962959490876e-11,7.215026122436057e-11,0.05127399556472311,9727349046.09969,0,200,220,0,79.3
850,35,17,train,7.215026122436057e-11,6.845693331247549e-11,0.05118939071336424,9727349046.09969,0,200,217,0,78.41
851,35,18,train,6.845693331247549e-11,6.531987604859119e-11,0.04582526724597813,9727349046.09969,0,200,214,0,77.37
852,35,19,train,6.531987604859119e-11,6.236361337951534e-11,0.04525824064449695,9727349046.09969,0,200,218,0,78.31
853,35,20,train,6.236361337951534e-11,5.95779546941372e-11,0.04466801287516715,9727349046.09969,0,200,214,0,76.82
854,35,21,train,5.95779546941372e-11,5.7133134834326846e-11,0.041035646026481354,9727349046.09969,0,200,220,0,79.81
855,35,22,train,5.7133134834326846e-11,5.510989201496926e-11,0.03541277448234778,9727349046.09969,0,200,228,0,82.18
856,35,23,train,5.510989201496926e-11,5.3183986160116167e-11,0.03494664541040961,9727349046.09969,0,200,225,0,81.39
857,35,24,train,5.3183986160116167e-11,5.13574745216464e-11,0.0343432632704674,9727349046.09969,0,200,217,0,78.12
858,36,0,train,1.1979650690469716e-09,1.8548907508752053e-10,0.8451632022667536,834748880.2787374,1,200,214,0,76.67
859,36,1,train,1.8548907508752053e-10,1.3465144016871375e-10,0.27407347249329767,834748880.2787374,0,200,212,0,76.91
860,36,2,train,1.3465144016871375e-10,1.1385599446579476e-10,0.15443908863405392,834748880.2787374,0,200,210,0,75.68
861,36,3,train,1.1385599446579476e-10,1.0331280674580644e-10,0.09260107708387508,8783024597.799507,1,200,212,0,77.33
862,36,4,train,1.0331280674580644e-10,9.096485398751499e-11,0.11952005900558567,8783024597.799507,0,200,208,0,76.0
863,36,5,train,9.096485398751499e-11,8.212894981531517e-11,0.09713536365828226,8783024597.799507,0,200,208,0,76.16
864,36,6,train,8.212894981531517e-11,7.661857265404281e-11,0.06709421189073576,8783024597.799507,0,200,213,0,78.12
865,36,7,train,7.661857265404281e-11,7.184949507830376e-11,0.06224440642183389,8783024597.799507,0,200,212,0,77.54
866,36,8,train,7.184949507830376e-11,6.76332611829374e-11,0.058681468683550064,8783024597.799507,0,200,213,0,77.82
867,36,9,train,6.76332611829374e-11,6.434153552155949e-11,0.048670219412816816,8783024597.799507,0,200,220,0,80.43
868,36,10,train,6.434153552155949e-11,6.112031216970656e-11,0.05006444632912995,8783024597.799507,0,200,215,0,78.08
869,36,11,train,6.112031216970656e-11,5.82773880987767e-11,0.04651357249348151,8783024597.799507,0,200,216,0,79.14
870,36,12,train,5.82773880987767e-11,5.557776782644589e-11,0.04632363186481713,8783024597.799507,0,200,214,0,78.02
871,36,13,train,5.557776782644589e-11,5.314526786570014e-11,0.04376750013317879,8783024597.799507,0,200,217,0,78.29
872,36,14,train,5.314526786570014e-11,5.11155772838182e-11,0.038191369869675626,8783024597.799507,0,200,217,0,78.13
873,36,15,train,5.11155772838182e-11,4.890369009963211e-11,0.04327227240151524,8783024597.799507,0,200,213,0,76.78
874,36,16,train,4.890369009963211e-11,4.720239887794621e-11,0.034788606303938235,8783024597.799507,0,200,217,0,78.54
875,36,17,train,4.720239887794621e-11,4.572520642570278e-11,0.03129485973929172,8783024597.799507,0,200,218,0,78.36
876,36,18,train,4.572520642570278e-11,4.43594263219226e-11,0.029869304275299238,8783024597.799507,0,200,220,0,79.1
877,36,19,train,4.43594263219226e-11,4.295430125287722e-11,0.03167590714199468,8783024597.799507,0,200,214,0,77.35
878,36,20,train,4.295430125287722e-11,4.165827836826492e-11,0.030172132867031312,8783024597.799507,0,200,214,0,78.03
879,36,21,train,4.165827836826492e-11,4.039300854463264e-11,0.03037259035160122,8783024597.799507,0,200,216,0,77.77
880,36,22,train,4.039300854463264e-11,3.920220213931294e-11,0.029480507845903756,8783024597.799507,0,200,214,0,77.09
881,36,23,train,3.920220213931294e-11,3.8117802424894276e-11,0.027661704068690597,8783024597.799507,0,200,220,0,79.23
882,36,24,train,3.8117802424894276e-11,3.723243776751193e-11,0.023227064548824245,8783024597.799507,0,200,219,0,79.09
883,37,0,train,1.4906311814713973e-09,2.68263316816664e-10,0.820033741309596,670856756.8088192,1,200,212,0,75.98
884,37,1,train,2.68263316816664e-10,2.0208212122061242e-10,0.24670236833491846,670856756.8088192,0,200,208,0,75.06
885,37,2,train,2.0208212122061242e-10,1.6869934455602856e-10,0.1651941124872694,670856756.8088192,0,200,220,0,80.26
886,37,3,train,1.6869934455602856e-10,1.5046239932438315e-10,0.10810323703177484,670856756.8088192,0,200,213,0,77.43
887,37,4,train,1.5046239932438315e-10,1.3651162398633057e-10,0.09271934649916086,670856756.8088192,0,200,214,0,77.39
888,37,5,train,1.3651162398633057e-10,1.248820609881183e-10,0.0851910090775623,7325383515.327119,1,200,214,0,76.89
889,37,6,train,1.248820609881183e-10,1.1119937982538631e-10,0.10956482503947311,7325383515.327119,0,200,212,0,76.8
890,37,7,train,1.1119937982538631e-10,1.0094531735774486e-10,0.09221330625893018,7325383515.327119,0,200,212,0,76.35
891,37,8,train,1.0094531735774486e-10,9.472661837028772e-11,0.06160463060825702,7325383515.327119,0,200,212,0,76.51
892,37,9,train,9.472661837028772e-11,8.933618654129525e-11,0.05690514368328012,7325383515.327119,0,200,214,0,77.24
893,37,10,train,8.933618654129525e-11,8.474830986154121e-11,0.05135518827673843,7325383515.327119,0,200,214,0,78.25
894,37,11,train,8.474830986154121e-11,8.094817222869452e-11,0.044840276331825586,7325383515.327119,0,200,222,0,80.28
895,37,12,train,8.094817222869452e-11,7.769751507984581e-11,0.04015726432543729,7325383515.327119,0,200,211,0,75.66
896,37,13,train,7.769751507984581e-11,7.463094325174026e-11,0.039468081121438625,7325383515.327119,0,200,216,0,78.0
897,37,14,train,7.463094325174026e-11,7.202172296421594e-11,0.03496164156364826,7325383515.327119,0,200,221,0,79.91
898,37,15,train,7.202172296421594e-11,6.954254711967864e-11,0.034422612268927275,7325383515.327119,0,200,220,0,79.58
899,37,16,train,6.954254711967864e-11,6.735799042054873e-11,0.03141323965845559,7325383515.327119,0,200,218,0,78.79
900,37,17,train,6.735799042054873e-11,6.530910987543045e-11,0.03041778016722483,7325383515.327119,0,200,228,0,82.33
901,37,18,train,6.530910987543045e-11,6.327386828268461e-11,0.031163211328830334,7325383515.327119,0,200,212,0,76.69
902,37,19,train,6.327386828268461e-11,6.13029073132743e-11,0.031149683477620947,7325383515.327119,0,200,222,0,80.56
903,37,20,train,6.13029073132743e-11,5.96510688914965e-11,0.02694551521572167,7325383515.327119,0,200,223,0,80.51
904,37,21,train,5.96510688914965e-11,5.776668596664029e-11,0.03159009486123111,7325383515.327119,0,200,219,0,79.25
905,37,22,train,5.776668596664029e-11,5.613103230535744e-11,0.02831482599205059,7325383515.327119,0,200,221,0,79.58
906,37,23,train,5.613103230535744e-11,5.467195336095978e-11,0.02599415839103306,7325383515.327119,0,200,220,0,79.93
907,37,24,train,5.467195336095978e-11,5.325749238802791e-11,0.02587178408631569,7325383515.327119,0,200,218,0,79.59
908,38,0,train,2.158573625820039e-09,2.8008989834770676e-10,0.8702430646805939,463268886.47131574,1,200,212,0,76.64
909,38,1,train,2.8008989834770676e-10,1.95143718649942e-10,0.3032818398623988,463268886.47131574,0,200,215,0,78.64
910,38,2,train,1.95143718649942e-10,1.655580443593025e-10,0.15160966745597215,5124428328.60968,1,200,214,0,77.38
911,38,3,train,1.655580443593025e-10,1.3438551256663705e-10,0.18828762995661646,5124428328.60968,0,200,214,0,78.35
912,38,4,train,1.3438551256663705e-10,1.1729765131150864e-10,0.127155531342377,5124428328.60968,0,200,211,0,76.64
913,38,5,train,1.1729765131150864e-10,1.0577274865245445e-10,0.09825348189152895,5124428328.60968,0,200,220,0,79.87
914,38,6,train,1.0577274865245445e-10,9.656729598079455e-11,0.08703047608138612,5124428328.60968,0,200,216,0,78.23
915,38,7,train,9.656729598079455e-11,8.986937127183925e-11,0.06936017666154172,5124428328.60968,0,200,220,0,79.9
916,38,8,train,8.986937127183925e-11,8.48939824127446e-11,0.05536245317712254,5124428328.60968,0,200,213,0,76.63
917,38,9,train,8.48939824127446e-11,8.101435623348335e-11,0.045699660553076234,5124428328.60968,0,200,214,0,77.18
918,38,10,train,8.101435623348335e-11,7.708943165147877e-11,0.04844727236606009,5124428328.60968,0,200,221,0,79.37
919,38,11,train,7.708943165147877e-11,7.351409724408491e-11,0.04637904743620289,5124428328.60968,0,200,222,0,80.42
920,38,12,train,7.351409724408491e-11,7.003230400956995e-11,0.047362252480018234,5124428328.60968,0,200,217,0,79.39
921,38,13,train,7.003230400956995e-11,6.757386614824377e-11,0.03510434071953759,5124428328.60968,0,200,216,0,78.09
922,38,14,train,6.757386614824377e-11,6.484714479678658e-11,0.04035171445533841,5124428328.60968,0,200,219,0,78.71
923,38,15,train,6.484714479678658e-11,6.257034075889672e-11,0.03511032050870927,5124428328.60968,0,200,217,0,78.78
924,38,16,train,6.257034075889672e-11,6.066788760610084e-11,0.03040503103741499,5124428328.60968,0,200,221,0,79.39
925,38,17,train,6.066788760610084e-11,5.860609291856522e-11,0.03398494275789282,5124428328.60968,0,200,211,0,75.59
926,38,18,train,5.860609291856522e-11,5.659166348172445e-11,0.034372355100345635,5124428328.60968,0,200,221,0,79.55
927,38,19,train,5.659166348172445e-11,5.498484403631754e-11,0.02839321812700933,5124428328.60968,0,200,213,0,76.74
928,38,20,train,5.498484403631754e-11,5.351955957085933e-11,0.026648879180058906,5124428328.60968,0,200,220,0,79.03
929,38,21,train,5.351955957085933e-11,5.194723872925871e-11,0.029378433869936573,5124428328.60968,0,200,218,0,78.4
930,38,22,train,5.194723872925871e-11,5.061322691095703e-11,0.025680129510913027,5124428328.60968,0,200,217,0,78.95
931,38,23,train,5.061322691095703e-11,4.9459761208430464e-11,0.022789807584405457,5124428328.60968,0,200,218,0,79.6
932,38,24,train,4.9459761208430464e-11,4.833569273107571e-11,0.022726928919405174,5124428328.60968,0,200,217,0,78.68
933,39,0,train,5.920111189376257e-09,3.393144964407307e-10,0.9426844385879717,168915746.34518984,1,200,212,0,76.24
934,39,1,train,3.393144964407307e-10,2.331671442757118e-10,0.3128288159759189,2947118412.238758,1,200,210,0,75.63
935,39,2,train,2.331671442757118e-10,1.7983617959520378e-10,0.2287241834443281,2947118412.238758,0,200,214,0,78.04
936,39,3,train,1.7983617959520378e-10,1.530824268479103e-10,0.1487673548643768,2947118412.238758,0,200,219,0,79.9
937,39,4,train,1.530824268479103e-10,1.3511046420727478e-10,0.11740056001653885,2947118412.238758,0,200,220,0,80.37
938,39,5,train,1.3511046420727478e-10,1.200483339820123e-10,0.11148011601940365,2947118412.238758,0,200,220,0,78.81
939,39,6,train,1.200483339820123e-10,1.0661674245507314e-10,0.11188486404943962,2947118412.238758,0,200,222,0,79.47
940,39,7,train,1.0661674245507314e-10,9.582588990128614e-11,0.10121161372318348,2947118412.238758,0,200,222,0,80.86
941,39,8,train,9.582588990128614e-11,8.841199500811486e-11,0.0773683907429256,2947118412.238758,0,200,218,0,79.23
942,39,9,train,8.841199500811486e-11,8.251857147456104e-11,0.06665864211086855,2947118412.238758,0,200,214,0,77.03
943,39,10,train,8.251857147456104e-11,7.755780885184316e-11,0.06011692318555454,2947118412.238758,0,200,213,0,77.06
944,39,11,train,7.755780885184316e-11,7.324576229265628e-11,0.05559783886396375,2947118412.238758,0,200,223,0,80.64
945,39,12,train,7.324576229265628e-11,6.95324676772414e-11,0.05069637476879924,2947118412.238758,0,200,223,0,80.36
946,39,13,train,6.95324676772414e-11,6.629188499458038e-11,0.04660531678097891,2947118412.238758,0,200,216,0,77.85
947,39,14,train,6.629188499458038e-11,6.323664926270146e-11,0.04608762795217993,2947118412.238758,0,200,215,0,77.59
948,39,15,train,6.323664926270146e-11,6.043604165063009e-11,0.044287729421540446,2947118412.238758,0,200,219,0,80.04
949,39,16,train,6.043604165063009e-11,5.780180619658453e-11,0.04358716060978311,2947118412.238758,0,200,220,0,78.36
950,39,17,train,5.780180619658453e-11,5.535028916011455e-11,0.04241246420799281,2947118412.238758,0,200,218,0,77.86
951,39,18,train,5.535028916011455e-11,5.304442699883964e-11,0.04165944200588779,2947118412.238758,0,200,216,0,77.17
952,39,19,train,5.304442699883964e-11,5.1076300568228674e-11,0.03710335923986926,2947118412.238758,0,200,220,0,79.46
953,39,20,train,5.1076300568228674e-11,4.9212614211339283e-11,0.036488280007668995,2947118412.238758,0,200,216,0,77.77
954,39,21,train,4.9212614211339283e-11,4.7563298987938575e-11,0.03351407458904474,2947118412.238758,0,200,219,0,78.88
955,39,22,train,4.7563298987938575e-11,4.5939230114449136e-11,0.03414542111347831,2947118412.238758,0,200,218,0,79.29
956,39,23,train,4.5939230114449136e-11,4.449216333588893e-11,0.03149958706219297,2947118412.238758,0,200,214,0,77.94
957,39,24,train,4.449216333588893e-11,4.3209255260072914e-11,0.028834472851563406,2947118412.238758,0,200,215,0,78.19
958,40,0,train,7.60536893584747e-10,1.8445013561189802e-10,0.7574737831027463,1314860604.968889,1,200,213,0,77.4
959,40,1,train,1.8445013561189802e-10,1.3628954634480335e-10,0.2611035720159593,1314860604.968889,0,200,215,0,78.32
960,40,2,train,1.3628954634480335e-10,1.135694997010067e-10,0.16670425027548677,1314860604.968889,0,200,212,0,76.01
961,40,3,train,1.135694997010067e-10,1.0126390320729019e-10,0.10835300433754955,1314860604.968889,0,200,216,0,77.47
962,40,4,train,1.0126390320729019e-10,9.097227966833619e-11,0.10163170896036608,1314860604.968889,0,200,220,0,79.62
963,40,5,train,9.097227966833619e-11,8.250713375999557e-11,0.09305192679794963,1314860604.968889,0,200,218,0,79.16
964,40,6,train,8.250713375999557e-11,7.562204798721776e-11,0.08344836935925794,1314860604.968889,0,200,217,0,78.75
965,40,7,train,7.562204798721776e-11,7.15393689715381e-11,0.05398794563683002,13223656679.716318,1,200,210,0,75.6
966,40,8,train,7.15393689715381e-11,6.714463301743184e-11,0.061431013682196396,13223656679.716318,0,200,222,0,81.19
967,40,9,train,6.714463301743184e-11,6.285613907509247e-11,0.06386949707843383,13223656679.716318,0,200,218,0,78.76
968,40,10,train,6.285613907509247e-11,5.904679242165653e-11,0.06060421001813386,13223656679.716318,0,200,210,0,75.65
969,40,11,train,5.904679242165653e-11,5.530019465662586e-11,0.0634513342956211,13223656679.716318,0,200,220,0,79.45
970,40,12,train,5.530019465662586e-11,5.210696967265619e-11,0.05774346733853803,13223656679.716318,0,200,213,0,77.37
971,40,13,train,5.210696967265619e-11,4.936123394682321e-11,0.05269421236894229,13223656679.716318,0,200,219,0,79.51
972,40,14,train,4.936123394682321e-11,4.721714487406039e-11,0.04343669923390984,13223656679.716318,0,200,215,0,77.18
973,40,15,train,4.721714487406039e-11,4.539361626164934e-11,0.038620052467696626,13223656679.716318,0,200,220,0,78.46
974,40,16,train,4.539361626164934e-11,4.3869567435310746e-11,0.03357407829228588,13223656679.716318,0,200,217,0,77.63
975,40,17,train,4.3869567435310746e-11,4.238471536157969e-11,0.03384697321031464,13223656679.716318,0,200,215,0,76.93
976,40,18,train,4.238471536157969e-11,4.0914632509178176e-11,0.03468426860627442,13223656679.716318,0,200,223,0,79.92
977,40,19,train,4.0914632509178176e-11,3.9647143153169433e-11,0.030978876706870405,13223656679.716318,0,200,225,0,80.28
978,40,20,train,3.9647143153169433e-11,3.853906549526662e-11,0.027948486820903135,13223656679.716318,0,200,214,0,76.31
979,40,21,train,3.853906549526662e-11,3.7496381886635813e-11,0.027055238502315712,13223656679.716318,0,200,212,0,75.88
980,40,22,train,3.7496381886635813e-11,3.6584147346323934e-11,0.024328601705355758,13223656679.716318,0,200,219,0,78.33
981,40,23,train,3.6584147346323934e-11,3.577099714567894e-11,0.022226845768668683,13223656679.716318,0,200,213,0,76.0
982,40,24,train,3.577099714567894e-11,3.4984149469903996e-11,0.021996805752170553,13223656679.716318,0,200,214,0,76.28
983,41,0,train,8.638403901109313e-10,1.5882767708489738e-10,0.8161377044843883,1157621259.028631,1,200,210,0,74.39
984,41,1,train,1.5882767708489738e-10,1.232396638122282e-10,0.2240668246608334,1157621259.028631,0,200,217,0,77.43
985,41,2,train,1.232396638122282e-10,1.054134039196308e-10,0.14464709932800576,1157621259.028631,0,200,214,0,77.17
986,41,3,train,1.054134039196308e-10,9.45580473285575e-11,0.10297890199380749,1157621259.028631,0,200,218,0,79.27
987,41,4,train,9.45580473285575e-11,8.597097131934861e-11,0.09081274679215483,1157621259.028631,0,200,214,0,77.55
988,41,5,train,8.597097131934861e-11,8.093246681030632e-11,0.05860704411872014,11631833218.277716,1,200,209,0,75.05
989,41,6,train,8.093246681030632e-11,7.62253151530217e-11,0.05816147515084998,11631833218.277716,0,200,212,0,76.81
990,41,7,train,7.62253151530217e-11,7.173334170479406e-11,0.05893020500092441,11631833218.277716,0,200,216,0,78.56
991,41,8,train,7.173334170479406e-11,6.832822521119912e-11,0.04746909056053883,11631833218.277716,0,200,221,0,79.35
992,41,9,train,6.832822521119912e-11,6.463703843687811e-11,0.054021405691597205,11631833218.277716,0,200,215,0,77.41
993,41,10,train,6.463703843687811e-11,6.192112924650427e-11,0.04201784698143437,11631833218.277716,0,200,219,0,78.48
994,41,11,train,6.192112924650427e-11,5.965116723872053e-11,0.036658924593367184,11631833218.277716,0,200,221,0,79.3
995,41,12,train,5.965116723872053e-11,5.731101563471552e-11,0.039230608759755786,11631833218.277716,0,200,220,0,79.14
996,41,13,train,5.731101563471552e-11,5.534434714375066e-11,0.034315715210839384,11631833218.277716,0,200,216,0,77.68
997,41,14,train,5.534434714375066e-11,5.3562467253367815e-11,0.03219624012827568,11631833218.277716,0,200,218,0,78.27
998,41,15,train,5.3562467253367815e-11,5.1826878714882144e-11,0.03240307303761374,11631833218.277716,0,200,218,0,78.25
999,41,16,train,5.1826878714882144e-11,5.0174051884407506e-11,0.03189130565950959,11631833218.277716,0,200,216,0,77.67
1000,41,17,train,5.0174051884407506e-11,4.8704860347574836e-11,0.029281899341465148,11631833218.277716,0,200,221,0,79.47
1001,41,18,train,4.8704860347574836e-11,4.727852730914183e-11,0.02928523002127914,11631833218.277716,0,200,221,0,79.15
1002,41,19,train,4.727852730914183e-11,4.603485660735042e-11,0.02630519122686238,11631833218.277716,0,200,216,0,77.45
1003,41,20,train,4.603485660735042e-11,4.475067080642059e-11,0.027895944411930287,11631833218.277716,0,200,223,0,80.18
1004,41,21,train,4.475067080642059e-11,4.3603868712996834e-11,0.025626478279722642,11631833218.277716,0,200,218,0,77.68
1005,41,22,train,4.3603868712996834e-11,4.250505156568332e-11,0.02519999210496651,11631833218.277716,0,200,211,0,75.99
1006,41,23,train,4.250505156568332e-11,4.141068117348862e-11,0.025746831303181995,11631833218.277716,0,200,223,0,80.36
1007,41,24,train,4.141068117348862e-11,4.034088271539419e-11,0.02583387734223798,11631833218.277716,0,200,211,0,75.94
1008,42,0,train,1.0629751332505492e-08,2.9261339109442394e-10,0.9724722261188162,94075577.94339244,1,200,205,0,73.19
1009,42,1,train,2.9261339109442394e-10,2.168835321921594e-10,0.25880517162602146,3417478592.691297,1,200,209,0,74.78
1010,42,2,train,2.168835321921594e-10,1.6038174690224033e-10,0.2605167147492708,3417478592.691297,0,200,211,0,76.88
1011,42,3,train,1.6038174690224033e-10,1.3448531623971035e-10,0.16146744353841577,3417478592.691297,0,200,209,0,75.95
1012,42,4,train,1.3448531623971035e-10,1.2083098441181813e-10,0.10153028010548275,3417478592.691297,0,200,216,0,78.72
1013,42,5,train,1.2083098441181813e-10,1.098292042969129e-10,0.09105098471604588,3417478592.691297,0,200,218,0,79.39
1014,42,6,train,1.098292042969129e-10,1.0118244592070156e-10,0.07872913613063828,3417478592.691297,0,200,214,0,77.85
1015,42,7,train,1.0118244592070156e-10,9.360759743763242e-11,0.07486326718179641,3417478592.691297,0,200,225,0,81.55
1016,42,8,train,9.360759743763242e-11,8.771106337553436e-11,0.0629920457687926,3417478592.691297,0,200,218,0,79.19
1017,42,9,train,8.771106337553436e-11,8.304526566489203e-11,0.053195087724176256,3417478592.691297,0,200,218,0,79.26
1018,42,10,train,8.304526566489203e-11,7.834027430469352e-11,0.05665574458132632,3417478592.691297,0,200,221,0,80.36
1019,42,11,train,7.834027430469352e-11,7.425958763264937e-11,0.05208925687664677,3417478592.691297,0,200,221,0,79.95
1020,42,12,train,7.425958763264937e-11,7.081567087531756e-11,0.04637672881201985,3417478592.691297,0,200,218,0,78.53
1021,42,13,train,7.081567087531756e-11,6.788501575588521e-11,0.04138427389316472,3417478592.691297,0,200,221,0,79.16
1022,42,14,train,6.788501575588521e-11,6.495824602272141e-11,0.04311363414407211,3417478592.691297,0,200,220,0,78.64
1023,42,15,train,6.495824602272141e-11,6.211527186558023e-11,0.04376617798680632,3417478592.691297,0,200,221,0,79.03
1024,42,16,train,6.211527186558023e-11,5.943772614868376e-11,0.04310607740220115,3417478592.691297,0,200,222,0,79.48
1025,42,17,train,5.943772614868376e-11,5.7208755255731844e-11,0.03750094489442841,3417478592.691297,0,200,220,0,79.0
1026,42,18,train,5.7208755255731844e-11,5.5258094427663004e-11,0.03409724297179844,3417478592.691297,0,200,218,0,77.37
1027,42,19,train,5.5258094427663004e-11,5.325198222940064e-11,0.036304404251372005,3417478592.691297,0,200,224,0,80.18
1028,42,20,train,5.325198222940064e-11,5.1527850380403686e-11,0.032376857664559444,3417478592.691297,0,200,218,0,78.91
1029,42,21,train,5.1527850380403686e-11,4.971444410443475e-11,0.03519274067482894,3417478592.691297,0,200,221,0,80.15
1030,42,22,train,4.971444410443475e-11,4.83369037462507e-11,0.027709056854588614,3417478592.691297,0,200,223,0,80.84
1031,42,23,train,4.83369037462507e-11,4.6634919327827627e-11,0.03521086967749961,3417478592.691297,0,200,222,0,79.51
1032,42,24,train,4.6634919327827627e-11,4.5056804738113295e-11,0.03383976240251909,3417478592.691297,0,200,222,0,78.88
1033,43,0,train,1.1881870145208925e-09,1.7040791734249112e-10,0.8565815690123462,841618354.5005546,1,200,206,0,72.37
1034,43,1,train,1.7040791734249112e-10,1.283431490312831e-10,0.24684749961860594,841618354.5005546,0,200,212,0,75.35
1035,43,2,train,1.283431490312831e-10,1.0646102694456756e-10,0.17049700160763454,841618354.5005546,0,200,216,0,76.65
1036,43,3,train,1.0646102694456756e-10,9.651267018965058e-11,0.09344599653445869,9393108714.991854,1,200,209,0,72.55
1037,43,4,train,9.651267018965058e-11,8.617916361583013e-11,0.10706891181763771,9393108714.991854,0,200,208,0,71.97
1038,43,5,train,8.617916361583013e-11,7.671640566852647e-11,0.1098033161413214,9393108714.991854,0,200,213,0,74.09
1039,43,6,train,7.671640566852647e-11,7.103276685347785e-11,0.07408635435302176,9393108714.991854,0,200,222,0,77.24
1040,43,7,train,7.103276685347785e-11,6.650186810536699e-11,0.06378603775152016,9393108714.991854,0,200,214,0,74.59
1041,43,8,train,6.650186810536699e-11,6.262182233549429e-11,0.058344913916178555,9393108714.991854,0,200,216,0,74.86
1042,43,9,train,6.262182233549429e-11,5.927037636741338e-11,0.053518818889135046,9393108714.991854,0,200,210,0,72.9
1043,43,10,train,5.927037636741338e-11,5.649550514581029e-11,0.04681716890747978,9393108714.991854,0,200,215,0,74.84
1044,43,11,train,5.649550514581029e-11,5.3943332918406486e-11,0.045174783742827934,9393108714.991854,0,200,215,0,74.84
1045,43,12,train,5.3943332918406486e-11,5.170071522322817e-11,0.041573584238305275,9393108714.991854,0,200,219,0,76.16
1046,43,13,train,5.170071522322817e-11,4.9657508276895365e-11,0.03951989711381842,9393108714.991854,0,200,220,0,76.78
1047,43,14,train,4.9657508276895365e-11,4.77541524780607e-11,0.038329667856497274,9393108714.991854,0,200,223,0,77.06
1048,43,15,train,4.77541524780607e-11,4.5952328597638206e-11,0.03773125030855259,9393108714.991854,0,200,214,0,73.84
1049,43,16,train,4.5952328597638206e-11,4.4277912134434373e-11,0.03643811998876357,9393108714.991854,0,200,217,0,74.71
1050,43,17,train,4.4277912134434373e-11,4.278849697949511e-11,0.033637881353058736,9393108714.991854,0,200,217,0,74.8
1051,43,18,train,4.278849697949511e-11,4.1371131095783626e-11,0.03312492804761772,9393108714.991854,0,200,218,0,75.3
1052,43,19,train,4.1371131095783626e-11,4.000970758562656e-11,0.03290757284361069,9393108714.991854,0,200,217,0,74.92
1053,43,20,train,4.000970758562656e-11,3.87589367160507e-11,0.03126168485233319,9393108714.991854,0,200,226,0,77.36
1054,43,21,train,3.87589367160507e-11,3.7674525513478516e-11,0.02797835272202162,9393108714.991854,0,200,223,0,76.36
1055,43,22,train,3.7674525513478516e-11,3.6616482597559155e-11,0.028083775482211006,9393108714.991854,0,200,214,0,73.24
1056,43,23,train,3.6616482597559155e-11,3.5640655455057196e-11,0.026649942137451723,9393108714.991854,0,200,226,0,77.52
1057,43,24,train,3.5640655455057196e-11,3.479303361734287e-11,0.023782442463303553,9393108714.991854,0,200,216,0,74.04
1058,44,0,train,1.0973434832442318e-09,2.7991752834804805e-10,0.7449134818566668,911291692.4093435,1,200,215,0,73.01
1059,44,1,train,2.7991752834804805e-10,2.084141165736502e-10,0.2554445668207347,911291692.4093435,0,200,216,0,74.05
1060,44,2,train,2.084141165736502e-10,1.7700810353715536e-10,0.15069043092096143,911291692.4093435,0,200,207,0,70.8
1061,44,3,train,1.7700810353715536e-10,1.5711603166905218e-10,0.11237944179164479,911291692.4093435,0,200,218,0,74.13
1062,44,4,train,1.5711603166905218e-10,1.4020463543346044e-10,0.1076363503834781,911291692.4093435,0,200,221,0,75.7
1063,44,5,train,1.4020463543346044e-10,1.2681065529365974e-10,0.0955316498516009,911291692.4093435,0,200,214,0,73.47
1064,44,6,train,1.2681065529365974e-10,1.1628826065657861e-10,0.08297721207034264,911291692.4093435,0,200,217,0,74.05
1065,44,7,train,1.1628826065657861e-10,1.0764648473546529e-10,0.07431339906814956,911291692.4093435,0,200,213,0,73.04
1066,44,8,train,1.0764648473546529e-10,1.0091785720281827e-10,0.06250670933827718,9289667028.676685,1,200,214,0,72.17
1067,44,9,train,1.0091785720281827e-10,9.428292797940886e-11,0.06574583931241185,9289667028.676685,0,200,214,0,72.81
1068,44,10,train,9.428292797940886e-11,8.732695479754767e-11,0.07377765339850666,9289667028.676685,0,200,211,0,71.62
1069,44,11,train,8.732695479754767e-11,8.164485411822201e-11,0.0650669737940435,9289667028.676685,0,200,214,0,72.76
1070,44,12,train,8.164485411822201e-11,7.692697717354473e-11,0.05778535580265444,9289667028.676685,0,200,213,0,72.63
1071,44,13,train,7.692697717354473e-11,7.327348050294086e-11,0.047493048665641795,9289667028.676685,0,200,217,0,73.85
1072,44,14,train,7.327348050294086e-11,7.011221159874438e-11,0.043143424913050225,9289667028.676685,0,200,223,0,75.7
1073,44,15,train,7.011221159874438e-11,6.730666697363918e-11,0.040015063868780336,9289667028.676685,0,200,217,0,74.21
1074,44,16,train,6.730666697363918e-11,6.482610737076366e-11,0.03685458981124475,9289667028.676685,0,200,218,0,74.35
1075,44,17,train,6.482610737076366e-11,6.269785373598273e-11,0.03283019328321972,9289667028.676685,0,200,218,0,74.36
1076,44,18,train,6.269785373598273e-11,6.060174465085415e-11,0.033431911305212746,9289667028.676685,0,200,218,0,74.21
1077,44,19,train,6.060174465085415e-11,5.85974030355768e-11,0.033073991958895,9289667028.676685,0,200,223,0,76.06
1078,44,20,train,5.85974030355768e-11,5.686988941852106e-11,0.0294810610635235,9289667028.676685,0,200,214,0,72.77
1079,44,21,train,5.686988941852106e-11,5.530266215936963e-11,0.027558120389821337,9289667028.676685,0,200,219,0,74.64
1080,44,22,train,5.530266215936963e-11,5.3814487660228066e-11,0.026909635830061573,9289667028.676685,0,200,215,0,72.87
1081,44,23,train,5.3814487660228066e-11,5.226592851300912e-11,0.028775878291291822,9289667028.676685,0,200,216,0,73.16
1082,44,24,train,5.226592851300912e-11,5.0838893125928965e-11,0.027303358568000185,9289667028.676685,0,200,221,0,74.63
1083,45,0,train,2.0448742278647038e-09,2.227668847037886e-10,0.8910608380367696,489027631.3200049,1,200,205,0,69.47
1084,45,1,train,2.227668847037886e-10,1.5364934911969315e-10,0.31026844800563824,489027631.3200049,0,200,213,0,72.14
1085,45,2,train,1.5364934911969315e-10,1.2817849563164776e-10,0.1657726090867039,6508325650.1203785,1,200,210,0,70.31
1086,45,3,train,1.2817849563164776e-10,1.0618416621438322e-10,0.1715914148381849,6508325650.1203785,0,200,216,0,73.15
1087,45,4,train,1.0618416621438322e-10,9.514310390465745e-11,0.10398030801912726,6508325650.1203785,0,200,219,0,73.02
1088,45,5,train,9.514310390465745e-11,8.784996364093766e-11,0.07665442858610343,6508325650.1203785,0,200,220,0,73.45
1089,45,6,train,8.784996364093766e-11,8.175970131353825e-11,0.06932572393873346,6508325650.1203785,0,200,217,0,72.23
1090,45,7,train,8.175970131353825e-11,7.628897870584575e-11,0.06691221371654676,6508325650.1203785,0,200,219,0,72.89
1091,45,8,train,7.628897870584575e-11,7.258081897167648e-11,0.04860675548518156,6508325650.1203785,0,200,222,0,74.37
1092,45,9,train,7.258081897167648e-11,6.889795005924442e-11,0.05074162794813939,6508325650.1203785,0,200,217,0,72.49
1093,45,10,train,6.889795005924442e-11,6.566851870744759e-11,0.046872676894158395,6508325650.1203785,0,200,218,0,72.96
1094,45,11,train,6.566851870744759e-11,6.30860804917781e-11,0.03932536117000318,6508325650.1203785,0,200,216,0,71.81
1095,45,12,train,6.30860804917781e-11,6.066996359990993e-11,0.038298732034605695,6508325650.1203785,0,200,216,0,71.86
1096,45,13,train,6.066996359990993e-11,5.846776274607144e-11,0.03629804145525745,6508325650.1203785,0,200,220,0,73.09
1097,45,14,train,5.846776274607144e-11,5.642594785231927e-11,0.03492206299426705,6508325650.1203785,0,200,217,0,71.81
1098,45,15,train,5.642594785231927e-11,5.4706975429059356e-11,0.03046421883348584,6508325650.1203785,0,200,221,0,72.92
1099,45,16,train,5.4706975429059356e-11,5.303631415820884e-11,0.030538359281384955,6508325650.1203785,0,200,219,0,72.82
1100,45,17,train,5.303631415820884e-11,5.144076946806029e-11,0.03008400405407129,6508325650.1203785,0,200,217,0,72.2
1101,45,18,train,5.144076946806029e-11,4.985200934381822e-11,0.03088523248526704,6508325650.1203785,0,200,220,0,73.01
1102,45,19,train,4.985200934381822e-11,4.8532577485173e-11,0.02646697447128748,6508325650.1203785,0,200,213,0,70.43
1103,45,20,train,4.8532577485173e-11,4.7302714193390456e-11,0.02534098445849643,6508325650.1203785,0,200,219,0,72.46
1104,45,21,train,4.7302714193390456e-11,4.6077087096361936e-11,0.025910291151956238,6508325650.1203785,0,200,215,0,71.59
1105,45,22,train,4.6077087096361936e-11,4.4918397677486e-11,0.025146759309084506,6508325650.1203785,0,200,222,0,73.1
1106,45,23,train,4.4918397677486e-11,4.366700752959989e-11,0.027859189387633206,6508325650.1203785,0,200,230,0,76.13
1107,45,24,train,4.366700752959989e-11,4.2536475827273363e-11,0.02588983688795696,6508325650.1203785,0,200,218,0,71.37
1108,46,0,train,1.6427360852007086e-09,1.9971445447727365e-10,0.8784257214068122,608740508.5996029,1,200,212,0,69.59
1109,46,1,train,1.9971445447727365e-10,1.537818206005982e-10,0.22999153464829622,608740508.5996029,0,200,209,0,68.65
1110,46,2,train,1.537818206005982e-10,1.3077715258573116e-10,0.1495928967742858,6502719216.708962,1,200,212,0,68.79
1111,46,3,train,1.3077715258573116e-10,1.096136337292524e-10,0.16182887024249124,6502719216.708962,0,200,210,0,68.56
1112,46,4,train,1.096136337292524e-10,9.799539242620615e-11,0.10599266631141437,6502719216.708962,0,200,212,0,69.27
1113,46,5,train,9.799539242620615e-11,8.971171897410036e-11,0.08453125444998526,6502719216.708962,0,200,217,0,70.31
1114,46,6,train,8.971171897410036e-11,8.331650440947759e-11,0.07128627828956284,6502719216.708962,0,200,220,0,71.93
1115,46,7,train,8.331650440947759e-11,7.845691648146311e-11,0.05832683407036559,6502719216.708962,0,200,217,0,70.81
1116,46,8,train,7.845691648146311e-11,7.382880669984243e-11,0.05898918781385142,6502719216.708962,0,200,217,0,70.16
1117,46,9,train,7.382880669984243e-11,6.999347272052336e-11,0.05194901760923698,6502719216.708962,0,200,222,0,71.65
1118,46,10,train,6.999347272052336e-11,6.626698820773058e-11,0.053240457544837715,6502719216.708962,0,200,225,0,72.47
1119,46,11,train,6.626698820773058e-11,6.276352441543967e-11,0.05286891538375673,6502719216.708962,0,200,222,0,71.48
1120,46,12,train,6.276352441543967e-11,5.97768131386178e-11,0.047586736159882355,6502719216.708962,0,200,218,0,69.94
1121,46,13,train,5.97768131386178e-11,5.7254253719606235e-11,0.04219963036774726,6502719216.708962,0,200,216,0,69.93
1122,46,14,train,5.7254253719606235e-11,5.484768171354608e-11,0.04203306915580401,6502719216.708962,0,200,215,0,69.24
1123,46,15,train,5.484768171354608e-11,5.283723726068341e-11,0.036655048856260725,6502719216.708962,0,200,224,0,71.27
1124,46,16,train,5.283723726068341e-11,5.120599632792617e-11,0.030872941458107938,6502719216.708962,0,200,208,0,66.29
1125,46,17,train,5.120599632792617e-11,4.9647100219042374e-11,0.030443624197848514,6502719216.708962,0,200,214,0,68.55
1126,46,18,train,4.9647100219042374e-11,4.822247080709545e-11,0.028695118257893705,6502719216.708962,0,200,216,0,69.66
1127,46,19,train,4.822247080709545e-11,4.684847445611645e-11,0.02849286500634534,6502719216.708962,0,200,219,0,69.71
1128,46,20,train,4.684847445611645e-11,4.5522587245716575e-11,0.028301609087438968,6502719216.708962,0,200,217,0,68.57
1129,46,21,train,4.5522587245716575e-11,4.441698666279564e-11,0.02428685735617904,6502719216.708962,0,200,220,0,68.75
1130,46,22,train,4.441698666279564e-11,4.333170050883062e-11,0.024434033812430426,6502719216.708962,0,200,218,0,68.48
1131,46,23,train,4.333170050883062e-11,4.2360284750100975e-11,0.022418131467784895,6502719216.708962,0,200,220,0,68.99
1132,46,24,train,4.2360284750100975e-11,4.1381455105357604e-11,0.02310724893654163,6502719216.708962,0,200,214,0,66.67
1133,47,0,train,6.166990066676585e-09,2.022398485025687e-10,0.9672060687116436,162153658.29815644,1,200,213,0,66.81
1134,47,1,train,2.022398485025687e-10,1.6033105379208518e-10,0.207223230341528,4944623957.16885,1,200,209,0,67.05
1135,47,2,train,1.6033105379208518e-10,1.2870326454670724e-10,0.19726552341128104,4944623957.16885,0,200,217,0,70.29
1136,47,3,train,1.2870326454670724e-10,1.1013780876031885e-10,0.14425007673096646,4944623957.16885,0,200,213,0,69.45
1137,47,4,train,1.1013780876031885e-10,9.920572932769742e-11,0.09925818895136862,4944623957.16885,0,200,217,0,70.28
1138,47,5,train,9.920572932769742e-11,9.002744694288491e-11,0.09251766452413956,4944623957.16885,0,200,217,0,70.14
1139,47,6,train,9.002744694288491e-11,8.213313857748473e-11,0.08768779559425344,4944623957.16885,0,200,214,0,69.61
1140,47,7,train,8.213313857748473e-11,7.564902392797993e-11,0.0789463882886645,4944623957.16885,0,200,212,0,68.71
1141,47,8,train,7.564902392797993e-11,7.038938553872207e-11,0.0695268506605609,4944623957.16885,0,200,212,0,68.32
1142,47,9,train,7.038938553872207e-11,6.528794582323655e-11,0.07247455957232579,4944623957.16885,0,200,216,0,70.46
1143,47,10,train,6.528794582323655e-11,6.114322015363655e-11,0.06348378123002382,4944623957.16885,0,200,224,0,73.06
1144,47,11,train,6.114322015363655e-11,5.7684227189365106e-11,0.056571978963160956,4944623957.16885,0,200,216,0,70.19
1145,47,12,train,5.7684227189365106e-11,5.485218101277489e-11,0.049095676835423464,4944623957.16885,0,200,213,0,69.32
1146,47,13,train,5.485218101277489e-11,5.223969537050631e-11,0.047627744130359,4944623957.16885,0,200,219,0,70.71
1147,47,14,train,5.223969537050631e-11,4.9866654721192796e-11,0.04542600473610906,4944623957.16885,0,200,217,0,70.83
1148,47,15,train,4.9866654721192796e-11,4.7639494347100916e-11,0.04466231766586421,4944623957.16885,0,200,217,0,77.28
1149,47,16,train,4.7639494347100916e-11,4.549903550445678e-11,0.04493034344673717,4944623957.16885,0,200,217,0,79.47
1150,47,17,train,4.549903550445678e-11,4.388230596100663e-11,0.03553327066222722,4944623957.16885,0,200,223,0,81.46
1151,47,18,train,4.388230596100663e-11,4.229905876076339e-11,0.036079398417441795,4944623957.16885,0,200,217,0,77.77
1152,47,19,train,4.229905876076339e-11,4.0791478856593497e-11,0.035640979925735956,4944623957.16885,0,200,215,0,76.01
1153,47,20,train,4.0791478856593497e-11,3.9339145988843235e-11,0.03560382973257926,4944623957.16885,0,200,215,0,77.84
1154,47,21,train,3.9339145988843235e-11,3.8143571659425e-11,0.030391466295615666,4944623957.16885,0,200,220,0,79.44
1155,47,22,train,3.8143571659425e-11,3.701487559242141e-11,0.029590728342942123,4944623957.16885,0,200,224,0,80.76
1156,47,23,train,3.701487559242141e-11,3.600488701409704e-11,0.027286018449597587,4944623957.16885,0,200,218,0,78.21
1157,47,24,train,3.600488701409704e-11,3.498071644957185e-11,0.028445320884473227,4944623957.16885,0,200,216,0,76.33
1158,48,0,train,1.2662317703441927e-09,1.923621743611872e-10,0.8480829664312572,789744834.5717748,1,200,212,0,77.66
1159,48,1,train,1.923621743611872e-10,1.5508082323734998e-10,0.19380811870963888,789744834.5717748,0,200,211,0,77.64
1160,48,2,train,1.5508082323734998e-10,1.3591544399348328e-10,0.12358316678867662,789744834.5717748,0,200,208,0,76.25
1161,48,3,train,1.3591544399348328e-10,1.1889447450489368e-10,0.1252320486066742,789744834.5717748,0,200,211,0,76.43
1162,48,4,train,1.1889447450489368e-10,1.0425164475391953e-10,0.123158202363487,8410819797.675629,1,200,212,0,75.28
1163,48,5,train,1.0425164475391953e-10,9.146663404802674e-11,0.12263605755162069,8410819797.675629,0,200,214,0,77.6
1164,48,6,train,9.146663404802674e-11,8.022916219580849e-11,0.12285870109003633,8410819797.675629,0,200,215,0,77.39
1165,48,7,train,8.022916219580849e-11,7.132943789180017e-11,0.11092879522146215,8410819797.675629,0,200,215,0,77.39
1166,48,8,train,7.132943789180017e-11,6.509808660167711e-11,0.08736016256815901,8410819797.675629,0,200,214,0,78.29
1167,48,9,train,6.509808660167711e-11,6.001116142374057e-11,0.07814246844246696,8410819797.675629,0,200,214,0,76.48
1168,48,10,train,6.001116142374057e-11,5.629171598010697e-11,0.06197922778681941,8410819797.675629,0,200,219,0,79.37
1169,48,11,train,5.629171598010697e-11,5.308470206294318e-11,0.056971329818709435,8410819797.675629,0,200,222,0,81.38
1170,48,12,train,5.308470206294318e-11,5.049276829091288e-11,0.04882637881167739,8410819797.675629,0,200,220,0,79.27
1171,48,13,train,5.049276829091288e-11,4.832725300576102e-11,0.04288763239668886,8410819797.675629,0,200,214,0,76.75
1172,48,14,train,4.832725300576102e-11,4.6102873303930487e-11,0.04602743924976184,8410819797.675629,0,200,222,0,80.19
1173,48,15,train,4.6102873303930487e-11,4.42845959175169e-11,0.03943956756071792,8410819797.675629,0,200,213,0,76.73
1174,48,16,train,4.42845959175169e-11,4.2592791238957274e-11,0.03820300588743612,8410819797.675629,0,200,220,0,80.05
1175,48,17,train,4.2592791238957274e-11,4.094661919210343e-11,0.03864907649790706,8410819797.675629,0,200,216,0,77.8
1176,48,18,train,4.094661919210343e-11,3.9546369773849144e-11,0.034196948267815074,8410819797.675629,0,200,217,0,79.06
1177,48,19,train,3.9546369773849144e-11,3.8362264234770226e-11,0.02994220571573,8410819797.675629,0,200,221,0,79.45
1178,48,20,train,3.8362264234770226e-11,3.724848886298261e-11,0.02903309786334579,8410819797.675629,0,200,214,0,76.68
1179,48,21,train,3.724848886298261e-11,3.615468374770255e-11,0.029365086978523913,8410819797.675629,0,200,213,0,77.89
1180,48,22,train,3.615468374770255e-11,3.5192492088458366e-11,0.026613195290508512,8410819797.675629,0,200,214,0,79.68
1181,48,23,train,3.5192492088458366e-11,3.426808943167859e-11,0.02626704168764846,8410819797.675629,0,200,218,0,77.92
1182,48,24,train,3.426808943167859e-11,3.339852097856935e-11,0.025375457678868566,8410819797.675629,0,200,218,0,78.73
1183,49,0,train,2.7658816997429417e-09,1.7487823170050875e-10,0.9367730616545308,361548362.71303254,1,200,215,0,78.26
1184,49,1,train,1.7487823170050875e-10,1.1059067652044796e-10,0.36761325040247284,5718264590.601363,1,200,213,0,75.81
1185,49,2,train,1.1059067652044796e-10,9.113461647112014e-11,0.17592857428384065,5718264590.601363,0,200,221,0,80.82
1186,49,3,train,9.113461647112014e-11,8.03014351541646e-11,0.11887010376993783,5718264590.601363,0,200,211,0,76.69
1187,49,4,train,8.03014351541646e-11,7.329696044894073e-11,0.0872272667577673,5718264590.601363,0,200,215,0,76.9
1188,49,5,train,7.329696044894073e-11,6.674276550300282e-11,0.0894197372686909,5718264590.601363,0,200,216,0,78.1
1189,49,6,train,6.674276550300282e-11,6.201518518332233e-11,0.07083285033293679,5718264590.601363,0,200,214,0,77.05
1190,49,7,train,6.201518518332233e-11,5.814940579934191e-11,0.06233601290640088,5718264590.601363,0,200,209,0,75.21
1191,49,8,train,5.814940579934191e-11,5.472053657296002e-11,0.058966539369533714,5718264590.601363,0,200,208,0,75.74
1192,49,9,train,5.472053657296002e-11,5.192995022363458e-11,0.050997057486903405,5718264590.601363,0,200,219,0,79.56
1193,49,10,train,5.192995022363458e-11,4.945699918390515e-11,0.04762090140814211,5718264590.601363,0,200,216,0,78.41
1194,49,11,train,4.945699918390515e-11,4.72004499384325e-11,0.04562648932826887,5718264590.601363,0,200,220,0,79.76
1195,49,12,train,4.72004499384325e-11,4.515636224634732e-11,0.04330652980536103,5718264590.601363,0,200,217,0,79.03
1196,49,13,train,4.515636224634732e-11,4.323375654450708e-11,0.04257662943156491,5718264590.601363,0,200,222,0,81.08
1197,49,14,train,4.323375654450708e-11,4.1545704322131495e-11,0.03904477328121646,5718264590.601363,0,200,218,0,78.85
1198,49,15,train,4.1545704322131495e-11,4.0213437573302077e-11,0.032067497002806054,5718264590.601363,0,200,218,0,79.25
1199,49,16,train,4.0213437573302077e-11,3.895724152490036e-11,0.03123821598469144,5718264590.601363,0,200,216,0,79.92
1200,49,17,train,3.895724152490036e-11,3.781143680312949e-11,0.02941185455953052,5718264590.601363,0,200,217,0,78.17
1201,49,18,train,3.781143680312949e-11,3.686932332562218e-11,0.024916098333225223,5718264590.601363,0,200,216,0,79.96
1202,49,19,train,3.686932332562218e-11,3.577150989310261e-11,0.029775795525833537,5718264590.601363,0,200,216,0,78.06
1203,49,20,train,3.577150989310261e-11,3.4905093091313415e-11,0.02422086191995652,5718264590.601363,0,200,219,0,80.78
1204,49,21,train,3.4905093091313415e-11,3.4159706483683556e-11,0.02135466608497194,5718264590.601363,0,200,221,0,81.51
1205,49,22,train,3.4159706483683556e-11,3.332294180204416e-11,0.024495663686076297,5718264590.601363,0,200,219,0,79.41
1206,49,23,train,3.332294180204416e-11,3.2544886797367745e-11,0.023348929074103814,5718264590.601363,0,200,221,0,80.25
1207,49,24,train,3.2544886797367745e-11,3.1840331421232254e-11,0.021648727203207735,5718264590.601363,0,200,218,0,78.83
1208,50,0,train,9.3126319919061e-10,1.9114633868894105e-10,0.794745095849302,1073810283.568739,1,200,210,0,74.83
1209,50,1,train,1.9114633868894105e-10,1.4869294089913206e-10,0.2220989325821974,1073810283.568739,0,200,217,0,78.05
1210,50,2,train,1.4869294089913206e-10,1.245192609874869e-10,0.16257449590726508,1073810283.568739,0,200,209,0,75.02
1211,50,3,train,1.245192609874869e-10,1.0940421276796253e-10,0.12138723037428975,1073810283.568739,0,200,214,0,76.46
1212,50,4,train,1.0940421276796253e-10,9.672536441855717e-11,0.11588994636153693,1073810283.568739,0,200,223,0,79.98
1213,50,5,train,9.672536441855717e-11,8.751694397389649e-11,0.09520171363545686,1073810283.568739,0,200,219,0,79.93
1214,50,6,train,8.751694397389649e-11,8.237851067453521e-11,0.05871358237661852,11426358766.575169,1,200,208,0,75.45
1215,50,7,train,8.237851067453521e-11,7.668557124442543e-11,0.06910709338509051,11426358766.575169,0,200,218,0,79.06
1216,50,8,train,7.668557124442543e-11,7.08810840065852e-11,0.07569203884964451,11426358766.575169,0,200,216,0,77.41
1217,50,9,train,7.08810840065852e-11,6.600055603639828e-11,0.06885515421481836,11426358766.575169,0,200,217,0,78.29
1218,50,10,train,6.600055603639828e-11,6.210760742020195e-11,0.05898357301792165,11426358766.575169,0,200,220,0,78.81
1219,50,11,train,6.210760742020195e-11,5.857929389172202e-11,0.0568096836287444,11426358766.575169,0,200,215,0,78.3
1220,50,12,train,5.857929389172202e-11,5.5516659012722396e-11,0.05228186745747733,11426358766.575169,0,200,219,0,80.13
1221,50,13,train,5.5516659012722396e-11,5.2760076276923195e-11,0.049653253362517594,11426358766.575169,0,200,223,0,80.63
1222,50,14,train,5.2760076276923195e-11,5.077472411246172e-11,0.03762981982893474,11426358766.575169,0,200,214,0,77.47
1223,50,15,train,5.077472411246172e-11,4.899494904132973e-11,0.035052382898032926,11426358766.575169,0,200,217,0,77.95
1224,50,16,train,4.899494904132973e-11,4.72995648466707e-11,0.034603244371759295,11426358766.575169,0,200,221,0,79.25
1225,50,17,train,4.72995648466707e-11,4.5758073100641286e-11,0.03258997732910258,11426358766.575169,0,200,217,0,78.82
1226,50,18,train,4.5758073100641286e-11,4.449163475866712e-11,0.027676828506059074,11426358766.575169,0,200,210,0,76.35
1227,50,19,train,4.449163475866712e-11,4.3165024550877345e-11,0.029817070444491806,11426358766.575169,0,200,216,0,76.48
1228,50,20,train,4.3165024550877345e-11,4.19158823792756e-11,0.028938757352713115,11426358766.575169,0,200,221,0,79.03
1229,50,21,train,4.19158823792756e-11,4.0806517246943913e-11,0.02646646257601364,11426358766.575169,0,200,218,0,78.23
1230,50,22,train,4.0806517246943913e-11,3.968240315366036e-11,0.02754741568560933,11426358766.575169,0,200,216,0,77.31
1231,50,23,train,3.968240315366036e-11,3.856701968020293e-11,0.028107760236656676,11426358766.575169,0,200,223,0,79.19
1232,50,24,train,3.856701968020293e-11,3.7590475195724516e-11,0.025320714241751197,11426358766.575169,0,200,215,0,76.79
1233,51,0,train,1.7255271456692844e-09,2.0928543443056663e-10,0.8787121750267275,579533044.4437184,1,200,214,0,75.29
1234,51,1,train,2.0928543443056663e-10,1.4595537153044663e-10,0.30260138777660917,579533044.4437184,0,200,213,0,76.35
1235,51,2,train,1.4595537153044663e-10,1.2448959648959893e-10,0.14707081223365523,6851409369.276948,1,200,210,0,75.8
1236,51,3,train,1.2448959648959893e-10,1.0149633086237107e-10,0.18470029846348593,6851409369.276948,0,200,212,0,76.71
1237,51,4,train,1.0149633086237107e-10,9.134885053678252e-11,0.09997878976875064,6851409369.276948,0,200,214,0,77.37
1238,51,5,train,9.134885053678252e-11,8.298566050776932e-11,0.09155221964884687,6851409369.276948,0,200,217,0,77.28
1239,51,6,train,8.298566050776932e-11,7.682349258610063e-11,0.07425581581159763,6851409369.276948,0,200,214,0,76.5
1240,51,7,train,7.682349258610063e-11,7.168762940342903e-11,0.06685276872716418,6851409369.276948,0,200,217,0,78.53
1241,51,8,train,7.168762940342903e-11,6.753150710664077e-11,0.05797544613170689,6851409369.276948,0,200,222,0,80.96
1242,51,9,train,6.753150710664077e-11,6.38220483342073e-11,0.054929305317824015,6851409369.276948,0,200,219,0,78.95
1243,51,10,train,6.38220483342073e-11,6.073996944042725e-11,0.048291757695406175,6851409369.276948,0,200,219,0,79.2
1244,51,11,train,6.073996944042725e-11,5.779597641717147e-11,0.048468793290111944,6851409369.276948,0,200,214,0,75.75
1245,51,12,train,5.779597641717147e-11,5.526157329735845e-11,0.043850857393941976,6851409369.276948,0,200,223,0,79.59
1246,51,13,train,5.526157329735845e-11,5.3322360418417863e-11,0.03509152496447802,6851409369.276948,0,200,219,0,78.78
1247,51,14,train,5.3322360418417863e-11,5.139255695729483e-11,0.03619126096406769,6851409369.276948,0,200,224,0,80.69
1248,51,15,train,5.139255695729483e-11,4.958645708577989e-11,0.03514321875472616,6851409369.276948,0,200,216,0,77.81
1249,51,16,train,4.958645708577989e-11,4.789291491997147e-11,0.03415332059071604,6851409369.276948,0,200,224,0,80.95
1250,51,17,train,4.789291491997147e-11,4.651032111143985e-11,0.028868441414391276,6851409369.276948,0,200,221,0,78.38
1251,51,18,train,4.651032111143985e-11,4.505269618200946e-11,0.031339816509498616,6851409369.276948,0,200,218,0,78.09
1252,51,19,train,4.505269618200946e-11,4.3637858626668415e-11,0.031404059584474404,6851409369.276948,0,200,223,0,80.84
1253,51,20,train,4.3637858626668415e-11,4.2345008479656215e-11,0.02962680084907053,6851409369.276948,0,200,226,0,80.75
1254,51,21,train,4.2345008479656215e-11,4.108423681456581e-11,0.02977379649589911,6851409369.276948,0,200,220,0,78.29
1255,51,22,train,4.108423681456581e-11,3.9954937198666884e-11,0.02748741861741359,6851409369.276948,0,200,223,0,81.19
1256,51,23,train,3.9954937198666884e-11,3.8819421337279725e-11,0.028419913557642784,6851409369.276948,0,200,215,0,77.13
1257,51,24,train,3.8819421337279725e-11,3.7831753032295035e-11,0.025442633376819443,6851409369.276948,0,200,221,0,80.45
1258,52,0,train,3.480798457353475e-09,2.6956983850328326e-10,0.9225551718072632,287290405.4204624,1,200,210,0,74.7
1259,52,1,train,2.6956983850328326e-10,1.944176335609217e-10,0.2787856585129283,3709613826.0579934,1,200,207,0,75.9
1260,52,2,train,1.944176335609217e-10,1.4898373916421847e-10,0.2336922508753112,3709613826.0579934,0,200,214,0,80.45
1261,52,3,train,1.4898373916421847e-10,1.2532394238473347e-10,0.15880791361670557,3709613826.0579934,0,200,215,0,81.61
1262,52,4,train,1.2532394238473347e-10,1.109691249159078e-10,0.11454170045782348,3709613826.0579934,0,200,216,0,82.11
1263,52,5,train,1.109691249159078e-10,9.845308090618559e-11,0.11278852581028138,3709613826.0579934,0,200,214,0,81.02
1264,52,6,train,9.845308090618559e-11,8.94181661604505e-11,0.0917687355497216,3709613826.0579934,0,200,220,0,83.02
1265,52,7,train,8.94181661604505e-11,8.211559562185677e-11,0.08166763927466496,3709613826.0579934,0,200,215,0,81.29
1266,52,8,train,8.211559562185677e-11,7.647543630329732e-11,0.06868560443173855,3709613826.0579934,0,200,216,0,81.96
1267,52,9,train,7.647543630329732e-11,7.173017425424951e-11,0.06204949299312736,3709613826.0579934,0,200,216,0,81.93
1268,52,10,train,7.173017425424951e-11,6.734042552253595e-11,0.06119807706243649,3709613826.0579934,0,200,220,0,83.05
1269,52,11,train,6.734042552253595e-11,6.381017585470815e-11,0.05242392872385965,3709613826.0579934,0,200,219,0,82.33
1270,52,12,train,6.381017585470815e-11,6.056749039584683e-11,0.0508176856657583,3709613826.0579934,0,200,221,0,83.56
1271,52,13,train,6.056749039584683e-11,5.788520643987385e-11,0.0442858691757337,3709613826.0579934,0,200,215,0,81.94
1272,52,14,train,5.788520643987385e-11,5.5522162397023456e-11,0.04082293539550425,3709613826.0579934,0,200,217,0,83.11
1273,52,15,train,5.5522162397023456e-11,5.3441596045028005e-11,0.03747271831954062,3709613826.0579934,0,200,211,0,79.2
1274,52,16,train,5.3441596045028005e-11,5.133740551764814e-11,0.03937364680513931,3709613826.0579934,0,200,215,0,81.21
1275,52,17,train,5.133740551764814e-11,4.9556359856748946e-11,0.03469294256187004,3709613826.0579934,0,200,222,0,84.83
1276,52,18,train,4.9556359856748946e-11,4.790320171553586e-11,0.033359152003735106,3709613826.0579934,0,200,218,0,81.38
1277,52,19,train,4.790320171553586e-11,4.639415043611674e-11,0.03150209642312298,3709613826.0579934,0,200,222,0,83.62
1278,52,20,train,4.639415043611674e-11,4.494243476050789e-11,0.03129092055706069,3709613826.0579934,0,200,215,0,81.54
1279,52,21,train,4.494243476050789e-11,4.372082580733331e-11,0.027181637125010424,3709613826.0579934,0,200,220,0,83.78
1280,52,22,train,4.372082580733331e-11,4.246241029456922e-11,0.028782976751390892,3709613826.0579934,0,200,217,0,81.7
1281,52,23,train,4.246241029456922e-11,4.120923825112102e-11,0.029512503759318586,3709613826.0579934,0,200,222,0,84.74
1282,52,24,train,4.120923825112102e-11,4.012365854233025e-11,0.026343115157224185,3709613826.0579934,0,200,218,0,82.41
1283,53,0,train,1.2148830453643212e-09,1.8157240440453288e-10,0.8505433053022132,823124500.5976014,1,200,214,0,80.9
1284,53,1,train,1.8157240440453288e-10,1.3701034860617904e-10,0.2454230638432927,823124500.5976014,0,200,212,0,79.58
1285,53,2,train,1.3701034860617904e-10,1.1311434248214964e-10,0.17441022789246236,823124500.5976014,0,200,216,0,81.26
1286,53,3,train,1.1311434248214964e-10,9.968492459920481e-11,0.11872427128384803,8840611880.476679,1,200,210,0,78.84
1287,53,4,train,9.968492459920481e-11,8.778886375377085e-11,0.11933660875266244,8840611880.476679,0,200,219,0,81.09
1288,53,5,train,8.778886375377085e-11,7.991310056863082e-11,0.08971255405731053,8840611880.476679,0,200,210,0,80.1
1289,53,6,train,7.991310056863082e-11,7.49659782312864e-11,0.061906274467422744,8840611880.476679,0,200,221,0,84.54
1290,53,7,train,7.49659782312864e-11,7.057167592127899e-11,0.05861728765080652,8840611880.476679,0,200,221,0,83.09
1291,53,8,train,7.057167592127899e-11,6.65062426178286e-11,0.05760715259171786,8840611880.476679,0,200,214,0,81.05
1292,53,9,train,6.65062426178286e-11,6.309499313742191e-11,0.05129216966908045,8840611880.476679,0,200,224,0,84.21
1293,53,10,train,6.309499313742191e-11,6.034644339977397e-11,0.04356208949356019,8840611880.476679,0,200,217,0,81.91
1294,53,11,train,6.034644339977397e-11,5.804027342680642e-11,0.03821550770921141,8840611880.476679,0,200,213,0,80.52
1295,53,12,train,5.804027342680642e-11,5.615378316282777e-11,0.03250312503020285,8840611880.476679,0,200,214,0,81.77
1296,53,13,train,5.615378316282777e-11,5.430296129304181e-11,0.03295987848973908,8840611880.476679,0,200,215,0,81.37
1297,53,14,train,5.430296129304181e-11,5.249809039831602e-11,0.033237062063447044,8840611880.476679,0,200,215,0,81.71
1298,53,15,train,5.249809039831602e-11,5.07687887257005e-11,0.03294027762714563,8840611880.476679,0,200,217,0,81.75
1299,53,16,train,5.07687887257005e-11,4.9271701499843215e-11,0.029488338473977017,8840611880.476679,0,200,218,0,81.65
1300,53,17,train,4.9271701499843215e-11,4.7871976359826224e-11,0.028408297205271972,8840611880.476679,0,200,222,0,83.09
1301,53,18,train,4.7871976359826224e-11,4.665338768991833e-11,0.025455156911602307,8840611880.476679,0,200,221,0,82.33
1302,53,19,train,4.665338768991833e-11,4.558457707491886e-11,0.022909603523399456,8840611880.476679,0,200,221,0,84.82
1303,53,20,train,4.558457707491886e-11,4.4612860706782986e-11,0.021316779281265304,8840611880.476679,0,200,214,0,81.36
1304,53,21,train,4.4612860706782986e-11,4.377411186028827e-11,0.018800606668273906,8840611880.476679,0,200,214,0,81.16
1305,53,22,train,4.377411186028827e-11,4.2951008902084335e-11,0.018803418806782192,8840611880.476679,0,200,215,0,80.39
1306,53,23,train,4.2951008902084335e-11,4.205332894546725e-11,0.02090009011577665,8840611880.476679,0,200,218,0,83.01
1307,53,24,train,4.205332894546725e-11,4.129403119339516e-11,0.018055592056855026,8840611880.476679,0,200,215,0,81.46
1308,54,0,train,4.1386075640333214e-09,3.2008196924271753e-10,0.922659502189964,241627161.92047936,1,200,212,0,80.1
1309,54,1,train,3.2008196924271753e-10,2.5350667495404496e-10,0.2079945160490707,3124199724.1078644,1,200,208,0,78.6
1310,54,2,train,2.5350667495404496e-10,2.1590938756422302e-10,0.14830886562114184,3124199724.1078644,0,200,213,0,81.52
1311,54,3,train,2.1590938756422302e-10,1.9093021875284607e-10,0.1156928334297035,3124199724.1078644,0,200,217,0,82.5
1312,54,4,train,1.9093021875284607e-10,1.7406997716959108e-10,0.08830577838011125,3124199724.1078644,0,200,216,0,81.98
1313,54,5,train,1.7406997716959108e-10,1.599521617244548e-10,0.08110425286826868,3124199724.1078644,0,200,218,0,83.52
1314,54,6,train,1.599521617244548e-10,1.4775026695304386e-10,0.07628465060966676,3124199724.1078644,0,200,216,0,81.86
1315,54,7,train,1.4775026695304386e-10,1.363782932480769e-10,0.07696753406598618,3124199724.1078644,0,200,218,0,81.29
1316,54,8,train,1.363782932480769e-10,1.235413818371232e-10,0.09412723319247669,3124199724.1078644,0,200,219,0,82.92
1317,54,9,train,1.235413818371232e-10,1.1437675220613987e-10,0.07418267057321709,3124199724.1078644,0,200,222,0,84.23
1318,54,10,train,1.1437675220613987e-10,1.0580393185784036e-10,0.07495247227206465,3124199724.1078644,0,200,217,0,81.92
1319,54,11,train,1.0580393185784036e-10,9.738767743601298e-11,0.07954576237427143,3124199724.1078644,0,200,214,0,80.45
1320,54,12,train,9.738767743601298e-11,9.03707594464437e-11,0.07205139473810372,3124199724.1078644,0,200,220,0,82.8
1321,54,13,train,9.03707594464437e-11,8.441020158096442e-11,0.06595670880703032,3124199724.1078644,0,200,216,0,81.79
1322,54,14,train,8.441020158096442e-11,7.913004639233038e-11,0.06255351947678303,3124199724.1078644,0,200,220,0,83.21
1323,54,15,train,7.913004639233038e-11,7.451322619878472e-11,0.05834471738655704,3124199724.1078644,0,200,220,0,83.22
1324,54,16,train,7.451322619878472e-11,7.064951461582143e-11,0.051852694884741285,3124199724.1078644,0,200,217,0,81.31
1325,54,17,train,7.064951461582143e-11,6.700581132845532e-11,0.05157435698150049,3124199724.1078644,0,200,219,0,83.27
1326,54,18,train,6.700581132845532e-11,6.420704283494674e-11,0.0417690411924021,3124199724.1078644,0,200,219,0,81.5
1327,54,19,train,6.420704283494674e-11,6.148584660655955e-11,0.04238158476450016,3124199724.1078644,0,200,220,0,83.23
1328,54,20,train,6.148584660655955e-11,5.900141466680587e-11,0.04040656633796166,3124199724.1078644,0,200,221,0,83.15
1329,54,21,train,5.900141466680587e-11,5.677414316636646e-11,0.03774945928021069,3124199724.1078644,0,200,217,0,82.9
1330,54,22,train,5.677414316636646e-11,5.486258118675329e-11,0.03366958747420766,3124199724.1078644,0,200,217,0,81.65
1331,54,23,train,5.486258118675329e-11,5.3203129665876055e-11,0.03024741973456248,3124199724.1078644,0,200,215,0,81.71
1332,54,24,train,5.3203129665876055e-11,5.144698840680135e-11,0.033008232224373726,3124199724.1078644,0,200,215,0,80.75
1333,55,0,train,8.661377055184346e-10,2.0371230439060042e-10,0.764803791484096,1154550822.1483567,1,200,213,0,80.97
1334,55,1,train,2.0371230439060042e-10,1.6040718278675814e-10,0.21257980333288323,1154550822.1483567,0,200,215,0,81.68
1335,55,2,train,1.6040718278675814e-10,1.362253064262895e-10,0.15075307689067463,1154550822.1483567,0,200,214,0,81.15
1336,55,3,train,1.362253064262895e-10,1.201124826395184e-10,0.11828069401693458,1154550822.1483567,0,200,222,0,83.95
1337,55,4,train,1.201124826395184e-10,1.0750385224569252e-10,0.10497352245783555,1154550822.1483567,0,200,214,0,81.19
1338,55,5,train,1.0750385224569252e-10,9.840376340841255e-11,0.0846489558019033,1154550822.1483567,0,200,212,0,80.17
1339,55,6,train,9.840376340841255e-11,9.194103913811347e-11,0.06567558034824693,1154550822.1483567,0,200,214,0,80.97
1340,55,7,train,9.194103913811347e-11,8.739542847215431e-11,0.049440496959478226,1154550822.1483567,0,200,218,0,82.3
1341,55,8,train,8.739542847215431e-11,8.260841681660634e-11,0.05477416541384876,1154550822.1483567,0,200,216,0,81.64
1342,55,9,train,8.260841681660634e-11,7.963440076931302e-11,0.036001368406511726,12105304017.870672,1,200,211,0,78.95
1343,55,10,train,7.963440076931302e-11,7.702760578836397e-11,0.03273453376638665,12105304017.870672,0,200,212,0,82.43
1344,55,11,train,7.702760578836397e-11,7.393824969446186e-11,0.04010712863632589,12105304017.870672,0,200,217,0,82.17
1345,55,12,train,7.393824969446186e-11,7.053163011295615e-11,0.04607384669752157,12105304017.870672,0,200,213,0,81.79
1346,55,13,train,7.053163011295615e-11,6.725145538843959e-11,0.04650643575461639,12105304017.870672,0,200,211,0,79.65
1347,55,14,train,6.725145538843959e-11,6.431655194146898e-11,0.043640742494252684,12105304017.870672,0,200,223,0,84.93
1348,55,15,train,6.431655194146898e-11,6.160748109626156e-11,0.04212089677432946,12105304017.870672,0,200,220,0,83.37
1349,55,16,train,6.160748109626156e-11,5.913405244637554e-11,0.04014818664670441,12105304017.870672,0,200,214,0,82.04
1350,55,17,train,5.913405244637554e-11,5.686503541919217e-11,0.03837073451444882,12105304017.870672,0,200,222,0,83.1
1351,55,18,train,5.686503541919217e-11,5.491426928217859e-11,0.03430519514554266,12105304017.870672,0,200,215,0,82.0
1352,55,19,train,5.491426928217859e-11,5.29866853127035e-11,0.03510169569169969,12105304017.870672,0,200,216,0,81.62
1353,55,20,train,5.29866853127035e-11,5.1332279181418605e-11,0.03122305389592384,12105304017.870672,0,200,219,0,82.89
1354,55,21,train,5.1332279181418605e-11,4.9832859552857426e-11,0.02921007312498103,12105304017.870672,0,200,219,0,83.1
1355,55,22,train,4.9832859552857426e-11,4.847407739026055e-11,0.027266790924482698,12105304017.870672,0,200,214,0,80.32
1356,55,23,train,4.847407739026055e-11,4.713808569887518e-11,0.02756095140562289,12105304017.870672,0,200,216,0,82.2
1357,55,24,train,4.713808569887518e-11,4.582094182393044e-11,0.02794224363201422,12105304017.870672,0,200,220,0,82.72
1358,56,0,train,1.9903580554998825e-09,2.2065126255699786e-10,0.8891399153296662,502422163.3071181,1,200,211,0,77.85
1359,56,1,train,2.2065126255699786e-10,1.6562620712391568e-10,0.24937566545248435,502422163.3071181,0,200,217,0,82.34
1360,56,2,train,1.6562620712391568e-10,1.3996812778174283e-10,0.1549155763917022,6037691844.575269,1,200,215,0,81.18
1361,56,3,train,1.3996812778174283e-10,1.150047159745096e-10,0.1783506874233507,6037691844.575269,0,200,212,0,79.79
1362,56,4,train,1.150047159745096e-10,1.0320874006052077e-10,0.1025694973813367,6037691844.575269,0,200,211,0,79.24
1363,56,5,train,1.0320874006052077e-10,9.441725075172271e-11,0.08518163581536599,6037691844.575269,0,200,211,0,79.38
1364,56,6,train,9.441725075172271e-11,8.813585255138977e-11,0.06652807776462749,6037691844.575269,0,200,216,0,81.3
1365,56,7,train,8.813585255138977e-11,8.34384445219552e-11,0.05329735735744581,6037691844.575269,0,200,213,0,80.5
1366,56,8,train,8.34384445219552e-11,7.912417299546076e-11,0.05170603971840846,6037691844.575269,0,200,214,0,81.21
1367,56,9,train,7.912417299546076e-11,7.494597773344556e-11,0.05280554732944758,6037691844.575269,0,200,219,0,82.69
1368,56,10,train,7.494597773344556e-11,7.149903597392973e-11,0.045992351607918064,6037691844.575269,0,200,216,0,82.29
1369,56,11,train,7.149903597392973e-11,6.857054066836856e-11,0.0409585285405663,6037691844.575269,0,200,219,0,83.07
1370,56,12,train,6.857054066836856e-11,6.573944501054319e-11,0.04128734628938617,6037691844.575269,0,200,218,0,84.74
1371,56,13,train,6.573944501054319e-11,6.336914311212556e-11,0.036056007136012196,6037691844.575269,0,200,223,0,84.41
1372,56,14,train,6.336914311212556e-11,6.13500968646137e-11,0.031861662448856964,6037691844.575269,0,200,211,0,79.13
1373,56,15,train,6.13500968646137e-11,5.926028153464983e-11,0.03406376577653405,6037691844.575269,0,200,221,0,83.78
1374,56,16,train,5.926028153464983e-11,5.7229545167945544e-11,0.034268085032922106,6037691844.575269,0,200,220,0,83.1
1375,56,17,train,5.7229545167945544e-11,5.548671511510956e-11,0.030453326996073164,6037691844.575269,0,200,226,0,86.47
1376,56,18,train,5.548671511510956e-11,5.386438468097163e-11,0.029238177656982133,6037691844.575269,0,200,218,0,82.2
1377,56,19,train,5.386438468097163e-11,5.213654220541851e-11,0.0320776425050949,6037691844.575269,0,200,221,0,83.96
1378,56,20,train,5.213654220541851e-11,5.0716439119954656e-11,0.027238152462597837,6037691844.575269,0,200,220,0,83.05
1379,56,21,train,5.0716439119954656e-11,4.924836732786659e-11,0.028946665372459927,6037691844.575269,0,200,224,0,84.28
1380,56,22,train,4.924836732786659e-11,4.79507676420359e-11,0.026348075199976447,6037691844.575269,0,200,217,0,81.26
1381,56,23,train,4.79507676420359e-11,4.670487041680582e-11,0.025982842121131514,6037691844.575269,0,200,225,0,86.07
1382,56,24,train,4.670487041680582e-11,4.54150667685182e-11,0.02761604168424172,6037691844.575269,0,200,220,0,82.05
1383,57,0,train,3.181049698741776e-09,2.845702606123156e-10,0.9105420261981844,314361639.9314784,1,200,209,0,78.85
1384,57,1,train,2.845702606123156e-10,1.862181080604306e-10,0.3456164124116788,3514070647.6083612,1,200,212,0,79.33
1385,57,2,train,1.862181080604306e-10,1.5364012724312526e-10,0.17494528945989127,3514070647.6083612,0,200,216,0,80.91
1386,57,3,train,1.5364012724312526e-10,1.3461386435098162e-10,0.12383654734961165,3514070647.6083612,0,200,212,0,81.74
1387,57,4,train,1.3461386435098162e-10,1.232760641924692e-10,0.08422460950196876,3514070647.6083612,0,200,215,0,81.18
1388,57,5,train,1.232760641924692e-10,1.1280870647822326e-10,0.08490989538653179,3514070647.6083612,0,200,213,0,81.6
1389,57,6,train,1.1280870647822326e-10,1.039714620603456e-10,0.078338318856476,3514070647.6083612,0,200,216,0,82.05
1390,57,7,train,1.039714620603456e-10,9.618259012451032e-11,0.07491355590743327,3514070647.6083612,0,200,221,0,83.15
1391,57,8,train,9.618259012451032e-11,8.945897461585632e-11,0.0699047041668367,3514070647.6083612,0,200,219,0,82.53
1392,57,9,train,8.945897461585632e-11,8.422463079196171e-11,0.05851110910192389,3514070647.6083612,0,200,217,0,81.56
1393,57,10,train,8.422463079196171e-11,7.909260751614996e-11,0.06093257076410417,3514070647.6083612,0,200,218,0,82.15
1394,57,11,train,7.909260751614996e-11,7.448641539568102e-11,0.05823796009669297,3514070647.6083612,0,200,220,0,82.79
1395,57,12,train,7.448641539568102e-11,7.038194285886556e-11,0.05510363889860977,3514070647.6083612,0,200,221,0,82.99
1396,57,13,train,7.038194285886556e-11,6.686641346566451e-11,0.049949308734636995,3514070647.6083612,0,200,219,0,82.58
1397,57,14,train,6.686641346566451e-11,6.378632233000792e-11,0.04606335192836674,3514070647.6083612,0,200,227,0,85.98
1398,57,15,train,6.378632233000792e-11,6.087452487620274e-11,0.045649244970427494,3514070647.6083612,0,200,218,0,81.13
1399,57,16,train,6.087452487620274e-11,5.842431247793537e-11,0.04025020980862258,3514070647.6083612,0,200,219,0,82.51
1400,57,17,train,5.842431247793537e-11,5.611347620398294e-11,0.039552648134715214,3514070647.6083612,0,200,224,0,83.45
1401,57,18,train,5.611347620398294e-11,5.427109154043747e-11,0.0328331942374779,3514070647.6083612,0,200,213,0,80.25
1402,57,19,train,5.427109154043747e-11,5.2682230505973024e-11,0.029276378811739667,3514070647.6083612,0,200,220,0,84.31
1403,57,20,train,5.2682230505973024e-11,5.1037303905273894e-11,0.031223556499048212,3514070647.6083612,0,200,216,0,80.71
1404,57,21,train,5.1037303905273894e-11,4.953263077512213e-11,0.029481830249976776,3514070647.6083612,0,200,215,0,81.51
1405,57,22,train,4.953263077512213e-11,4.803733937009348e-11,0.030188007009304012,3514070647.6083612,0,200,219,0,83.04
1406,57,23,train,4.803733937009348e-11,4.6751054091260453e-11,0.02677678022346559,3514070647.6083612,0,200,215,0,80.61
1407,57,24,train,4.6751054091260453e-11,4.5400888567902396e-11,0.028879894787451538,3514070647.6083612,0,200,215,0,81.18
1408,58,0,train,9.177929248399521e-10,1.7511749677238673e-10,0.8091971598027689,1089570395.3856294,1,200,208,0,79.76
1409,58,1,train,1.7511749677238673e-10,1.3479646532462368e-10,0.23025130093180413,1089570395.3856294,0,200,210,0,79.12
1410,58,2,train,1.3479646532462368e-10,1.1543877060257712e-10,0.1436068421781564,1089570395.3856294,0,200,214,0,81.54
1411,58,3,train,1.1543877060257712e-10,1.0314827722032048e-10,0.10646763923508258,1089570395.3856294,0,200,215,0,81.21
1412,58,4,train,1.0314827722032048e-10,9.457041614695989e-11,0.08316048803256919,1089570395.3856294,0,200,211,0,78.63
1413,58,5,train,9.457041614695989e-11,8.717854398258399e-11,0.07816262701952303,1089570395.3856294,0,200,216,0,82.27
1414,58,6,train,8.717854398258399e-11,8.243462057886457e-11,0.05441618071376746,11470712337.198177,1,200,214,0,79.1
1415,58,7,train,8.243462057886457e-11,7.722140822786439e-11,0.06324056948879554,11470712337.198177,0,200,210,0,78.07
1416,58,8,train,7.722140822786439e-11,7.165206440279327e-11,0.07212175940429812,11470712337.198177,0,200,213,0,79.97
1417,58,9,train,7.165206440279327e-11,6.744553155820388e-11,0.05870776898963147,11470712337.198177,0,200,212,0,80.32
1418,58,10,train,6.744553155820388e-11,6.377737311514474e-11,0.0543869750643689,11470712337.198177,0,200,219,0,81.41
1419,58,11,train,6.377737311514474e-11,6.053632710604267e-11,0.05081811700288501,11470712337.198177,0,200,217,0,81.61
1420,58,12,train,6.053632710604267e-11,5.799927921084747e-11,0.04190951146988154,11470712337.198177,0,200,216,0,81.36
1421,58,13,train,5.799927921084747e-11,5.5857780211806517e-11,0.0369228553902517,11470712337.198177,0,200,218,0,81.49
1422,58,14,train,5.5857780211806517e-11,5.390034234833053e-11,0.03504324475576361,11470712337.198177,0,200,213,0,80.12
1423,58,15,train,5.390034234833053e-11,5.1781242853576916e-11,0.03931513980113432,11470712337.198177,0,200,211,0,79.87
1424,58,16,train,5.1781242853576916e-11,4.9987924808425646e-11,0.03463258018395346,11470712337.198177,0,200,215,0,80.2
1425,58,17,train,4.9987924808425646e-11,4.852812750262177e-11,0.029202998752167104,11470712337.198177,0,200,221,0,82.51
1426,58,18,train,4.852812750262177e-11,4.7159129077781205e-11,0.028210411060402098,11470712337.198177,0,200,221,0,82.54
1427,58,19,train,4.7159129077781205e-11,4.590640988801888e-11,0.02656366252430509,11470712337.198177,0,200,215,0,81.63
1428,58,20,train,4.590640988801888e-11,4.4649847719475375e-11,0.027372259595308878,11470712337.198177,0,200,218,0,81.28
1429,58,21,train,4.4649847719475375e-11,4.354104982222644e-11,0.024833184296960128,11470712337.198177,0,200,213,0,79.03
1430,58,22,train,4.354104982222644e-11,4.243494005260786e-11,0.025403837852663425,11470712337.198177,0,200,222,0,82.6
1431,58,23,train,4.243494005260786e-11,4.1445875238694585e-11,0.02330779335818784,11470712337.198177,0,200,218,0,81.79
1432,58,24,train,4.1445875238694585e-11,4.06196400759004e-11,0.019935280846060995,11470712337.198177,0,200,218,0,81.89
1433,59,0,train,1.360484039855048e-09,2.6938017930325624e-10,0.8019968103911332,735032511.0072916,1,200,209,0,77.49
1434,59,1,train,2.6938017930325624e-10,1.9214739575119516e-10,0.28670551690856155,735032511.0072916,0,200,212,0,80.46
1435,59,2,train,1.9214739575119516e-10,1.5875126388126975e-10,0.17380475930659436,735032511.0072916,0,200,204,0,77.04
1436,59,3,train,1.5875126388126975e-10,1.3840147071670293e-10,0.12818665292508447,735032511.0072916,0,200,218,0,83.11
1437,59,4,train,1.3840147071670293e-10,1.2288809849117525e-10,0.11208964865180045,735032511.0072916,0,200,219,0,81.59
1438,59,5,train,1.2288809849117525e-10,1.1272161261700818e-10,0.08272962149298073,8137484526.801521,1,200,213,0,79.09
1439,59,6,train,1.1272161261700818e-10,1.038643228747624e-10,0.07857667697090184,8137484526.801521,0,200,210,0,78.78
1440,59,7,train,1.038643228747624e-10,9.593400684434338e-11,0.07635264748205445,8137484526.801521,0,200,212,0,79.96
1441,59,8,train,9.593400684434338e-11,8.945573622448445e-11,0.06752840658860598,8137484526.801521,0,200,213,0,79.7
1442,59,9,train,8.945573622448445e-11,8.390005356710952e-11,0.06210538185537074,8137484526.801521,0,200,211,0,78.41
1443,59,10,train,8.390005356710952e-11,7.850549739327421e-11,0.06429741036482588,8137484526.801521,0,200,212,0,79.8
1444,59,11,train,7.850549739327421e-11,7.478471282495219e-11,0.047395210423070135,8137484526.801521,0,200,211,0,79.65
1445,59,12,train,7.478471282495219e-11,7.133406722038197e-11,0.04614105576158475,8137484526.801521,0,200,213,0,79.93
1446,59,13,train,7.133406722038197e-11,6.800541529492708e-11,0.046662864675460644,8137484526.801521,0,200,219,0,81.59
1447,59,14,train,6.800541529492708e-11,6.53563927652094e-11,0.03895311157544368,8137484526.801521,0,200,219,0,82.53
1448,59,15,train,6.53563927652094e-11,6.298211556808734e-11,0.03632815546677382,8137484526.801521,0,200,211,0,79.37
1449,59,16,train,6.298211556808734e-11,6.07830478961333e-11,0.034915747940805694,8137484526.801521,0,200,222,0,82.47
1450,59,17,train,6.07830478961333e-11,5.860533507257533e-11,0.0358276344957112,8137484526.801521,0,200,218,0,82.27
1451,59,18,train,5.860533507257533e-11,5.677519291171796e-11,0.031228251806614073,8137484526.801521,0,200,214,0,80.15
1452,59,19,train,5.677519291171796e-11,5.516661401956773e-11,0.028332424949246288,8137484526.801521,0,200,217,0,81.21
1453,59,20,train,5.516661401956773e-11,5.3466618194921095e-11,0.03081566369187792,8137484526.801521,0,200,222,0,82.59
1454,59,21,train,5.3466618194921095e-11,5.1758756735836734e-11,0.031942574951310344,8137484526.801521,0,200,221,0,82.75
1455,59,22,train,5.1758756735836734e-11,5.0176110561818124e-11,0.0305773606985196,8137484526.801521,0,200,218,0,81.79
1456,59,23,train,5.0176110561818124e-11,4.8895607636232874e-11,0.02552017107837883,8137484526.801521,0,200,216,0,81.56
1457,59,24,train,4.8895607636232874e-11,4.77351666071555e-11,0.023733032171533035,8137484526.801521,0,200,210,0,78.14
1458,60,0,train,7.014359549849093e-09,2.81761035979672e-10,0.959830825041506,142564690.74521765,1,200,214,0,81.58
1459,60,1,train,2.81761035979672e-10,1.937225477365799e-10,0.3124579945448659,3549106768.8725643,1,200,210,0,78.76
1460,60,2,train,1.937225477365799e-10,1.5858178957412919e-10,0.18139735706054422,3549106768.8725643,0,200,209,0,78.8
1461,60,3,train,1.5858178957412919e-10,1.3775152572267465e-10,0.13135344169966887,3549106768.8725643,0,200,211,0,79.66
1462,60,4,train,1.3775152572267465e-10,1.253170118663016e-10,0.09026770332407476,3549106768.8725643,0,200,213,0,79.85
1463,60,5,train,1.253170118663016e-10,1.1434967282830135e-10,0.08751676148886393,3549106768.8725643,0,200,216,0,82.02
1464,60,6,train,1.1434967282830135e-10,1.0436008875641918e-10,0.08735997073539306,3549106768.8725643,0,200,211,0,79.67
1465,60,7,train,1.0436008875641918e-10,9.618108517392851e-11,0.07837290749704902,3549106768.8725643,0,200,218,0,82.38
1466,60,8,train,9.618108517392851e-11,8.868795293205935e-11,0.0779065055080113,3549106768.8725643,0,200,219,0,82.27
1467,60,9,train,8.868795293205935e-11,8.285718193359707e-11,0.06574479177492147,3549106768.8725643,0,200,217,0,81.54
1468,60,10,train,8.285718193359707e-11,7.802514174268996e-11,0.05831769893863362,3549106768.8725643,0,200,214,0,80.35
1469,60,11,train,7.802514174268996e-11,7.378674629286934e-11,0.05432089394720916,3549106768.8725643,0,200,215,0,80.33
1470,60,12,train,7.378674629286934e-11,6.95242810398338e-11,0.05776735616064768,3549106768.8725643,0,200,219,0,81.97
1471,60,13,train,6.95242810398338e-11,6.596466492365088e-11,0.051199610595663025,3549106768.8725643,0,200,221,0,83.24
1472,60,14,train,6.596466492365088e-11,6.239773357249589e-11,0.05407336420617672,3549106768.8725643,0,200,211,0,79.11
1473,60,15,train,6.239773357249589e-11,5.969731439174299e-11,0.043277520290307625,3549106768.8725643,0,200,223,0,83.36
1474,60,16,train,5.969731439174299e-11,5.722978703042251e-11,0.041333976016545454,3549106768.8725643,0,200,217,0,82.37
1475,60,17,train,5.722978703042251e-11,5.509096042345897e-11,0.03737261167556981,3549106768.8725643,0,200,221,0,82.99
1476,60,18,train,5.509096042345897e-11,5.334821873773313e-11,0.03163389551262469,3549106768.8725643,0,200,214,0,80.77
1477,60,19,train,5.334821873773313e-11,5.151397337301204e-11,0.03438250438573175,3549106768.8725643,0,200,217,0,81.52
1478,60,20,train,5.151397337301204e-11,4.9814936868928515e-11,0.03298205113748117,3549106768.8725643,0,200,221,0,81.75
1479,60,21,train,4.9814936868928515e-11,4.8387195075789936e-11,0.028660917445207414,3549106768.8725643,0,200,216,0,80.89
1480,60,22,train,4.8387195075789936e-11,4.695484141325312e-11,0.02960191555417272,3549106768.8725643,0,200,220,0,82.84
1481,60,23,train,4.695484141325312e-11,4.5485396455575184e-11,0.03129485508736446,3549106768.8725643,0,200,225,0,84.91
1482,60,24,train,4.5485396455575184e-11,4.3967161187639686e-11,0.033378521157187944,3549106768.8725643,0,200,221,0,82.45
1483,61,0,train,1.6792864753425822e-09,2.679053268498387e-10,0.8404647862151187,595491010.4281018,1,200,216,0,80.51
1484,61,1,train,2.679053268498387e-10,1.957088691705694e-10,0.2694849651859872,595491010.4281018,0,200,212,0,79.85
1485,61,2,train,1.957088691705694e-10,1.6599434075876617e-10,0.15183025959802382,595491010.4281018,0,200,209,0,79.59
1486,61,3,train,1.6599434075876617e-10,1.4944438430389662e-10,0.09970193188044302,6024301764.921404,1,200,213,0,79.28
1487,61,4,train,1.4944438430389662e-10,1.3321694663363766e-10,0.10858512848003916,6024301764.921404,0,200,211,0,78.98
1488,61,5,train,1.3321694663363766e-10,1.1961406380919126e-10,0.10211075368553472,6024301764.921404,0,200,211,0,79.51
1489,61,6,train,1.1961406380919126e-10,1.083310436674223e-10,0.09432854116358481,6024301764.921404,0,200,213,0,80.21
1490,61,7,train,1.083310436674223e-10,1.0056144292720741e-10,0.07172090729659789,6024301764.921404,0,200,215,0,81.03
1491,61,8,train,1.0056144292720741e-10,9.441006282729892e-11,0.061170364315090764,6024301764.921404,0,200,220,0,82.22
1492,61,9,train,9.441006282729892e-11,8.95154032113e-11,0.05184468127039123,6024301764.921404,0,200,222,0,82.72
1493,61,10,train,8.95154032113e-11,8.462366132552927e-11,0.05464692902319655,6024301764.921404,0,200,220,0,82.96
1494,61,11,train,8.462366132552927e-11,8.036225540247278e-11,0.05035714428218564,6024301764.921404,0,200,218,0,83.21
1495,61,12,train,8.036225540247278e-11,7.652321847092665e-11,0.04777164244979615,6024301764.921404,0,200,222,0,84.46
1496,61,13,train,7.652321847092665e-11,7.280247638814656e-11,0.048622394054083154,6024301764.921404,0,200,216,0,81.81
1497,61,14,train,7.280247638814656e-11,6.954877720432679e-11,0.04469214984491277,6024301764.921404,0,200,218,0,82.7
1498,61,15,train,6.954877720432679e-11,6.659916424972565e-11,0.04241070904719855,6024301764.921404,0,200,223,0,84.35
1499,61,16,train,6.659916424972565e-11,6.412975427312907e-11,0.037078693170038576,6024301764.921404,0,200,215,0,83.92
1500,61,17,train,6.412975427312907e-11,6.172836318216264e-11,0.03744581775159918,6024301764.921404,0,200,214,0,81.27
1501,61,18,train,6.172836318216264e-11,5.949738847039757e-11,0.03614180899599393,6024301764.921404,0,200,217,0,82.25
1502,61,19,train,5.949738847039757e-11,5.7538160717017965e-11,0.03292964285910475,6024301764.921404,0,200,219,0,82.49
1503,61,20,train,5.7538160717017965e-11,5.570178888673525e-11,0.03191572006123539,6024301764.921404,0,200,213,0,81.13
1504,61,21,train,5.570178888673525e-11,5.40048074125487e-11,0.030465475312421494,6024301764.921404,0,200,219,0,82.34
1505,61,22,train,5.40048074125487e-11,5.228194410209017e-11,0.03190203600389478,6024301764.921404,0,200,208,0,78.13
1506,61,23,train,5.228194410209017e-11,5.076368398778589e-11,0.029039855735655016,6024301764.921404,0,200,219,0,82.83
1507,61,24,train,5.076368398778589e-11,4.919544260925898e-11,0.03089297811609257,6024301764.921404,0,200,221,0,83.55
1508,62,0,train,1.6878687552495275e-09,1.786915752522075e-10,0.8941318306317066,592463126.5848417,1,200,208,0,78.42
1509,62,1,train,1.786915752522075e-10,1.246715935507795e-10,0.30230849789747233,592463126.5848417,0,200,209,0,80.43
1510,62,2,train,1.246715935507795e-10,1.0775174745071299e-10,0.13571532710998,8021073377.815563,1,200,213,0,80.75
1511,62,3,train,1.0775174745071299e-10,9.097665767586764e-11,0.15568276312658866,8021073377.815563,0,200,212,0,79.72
1512,62,4,train,9.097665767586764e-11,7.970551247020488e-11,0.12389051756352361,8021073377.815563,0,200,209,0,79.12
1513,62,5,train,7.970551247020488e-11,7.222771843051263e-11,0.09381777756573063,8021073377.815563,0,200,213,0,80.37
1514,62,6,train,7.222771843051263e-11,6.657002280831642e-11,0.07833136287752539,8021073377.815563,0,200,210,0,79.56
1515,62,7,train,6.657002280831642e-11,6.187208936737653e-11,0.07057130586341022,8021073377.815563,0,200,218,0,82.48
1516,62,8,train,6.187208936737653e-11,5.890298326869031e-11,0.04798781048198686,8021073377.815563,0,200,213,0,80.9
1517,62,9,train,5.890298326869031e-11,5.617342836221178e-11,0.04633984146486201,8021073377.815563,0,200,212,0,81.94
1518,62,10,train,5.617342836221178e-11,5.407278276395784e-11,0.03739571643569218,8021073377.815563,0,200,215,0,81.38
1519,62,11,train,5.407278276395784e-11,5.1934447549531285e-11,0.039545499697342355,8021073377.815563,0,200,215,0,80.63
1520,62,12,train,5.1934447549531285e-11,5.0085378021823176e-11,0.03560391252731824,8021073377.815563,0,200,215,0,80.81
1521,62,13,train,5.0085378021823176e-11,4.8330526976160096e-11,0.03503719278905027,8021073377.815563,0,200,217,0,81.81
1522,62,14,train,4.8330526976160096e-11,4.667572908541546e-11,0.03423918575439685,8021073377.815563,0,200,223,0,83.99
1523,62,15,train,4.667572908541546e-11,4.523046997269044e-11,0.030963825119479826,8021073377.815563,0,200,219,0,82.67
1524,62,16,train,4.523046997269044e-11,4.387571012583844e-11,0.029952371657203405,8021073377.815563,0,200,219,0,82.58
1525,62,17,train,4.387571012583844e-11,4.2734523046439365e-11,0.026009540953891627,8021073377.815563,0,200,217,0,81.64
1526,62,18,train,4.2734523046439365e-11,4.164125298959533e-11,0.025582830435617182,8021073377.815563,0,200,219,0,82.06
1527,62,19,train,4.164125298959533e-11,4.068666371342242e-11,0.02292412469940395,8021073377.815563,0,200,219,0,82.75
1528,62,20,train,4.068666371342242e-11,3.974313512564365e-11,0.02319011935764841,8021073377.815563,0,200,218,0,82.3
1529,62,21,train,3.974313512564365e-11,3.8861460521646776e-11,0.022184324442688214,8021073377.815563,0,200,220,0,82.94
1530,62,22,train,3.8861460521646776e-11,3.8097362048138e-11,0.019662114167921033,8021073377.815563,0,200,218,0,83.11
1531,62,23,train,3.8097362048138e-11,3.7463774532867166e-11,0.01663074504923108,8021073377.815563,0,200,216,0,82.41
1532,62,24,train,3.7463774532867166e-11,3.671431368306955e-11,0.020004947689937314,8021073377.815563,0,200,219,0,82.64
1533,63,0,train,5.624688570004805e-09,3.669110240982062e-10,0.9347677618891008,177787621.0485278,1,200,214,0,80.42
1534,63,1,train,3.669110240982062e-10,2.559038776425903e-10,0.30254513809839656,2725456403.109718,1,200,213,0,80.8
1535,63,2,train,2.559038776425903e-10,1.937196065643701e-10,0.24299854949861383,2725456403.109718,0,200,214,0,80.8
1536,63,3,train,1.937196065643701e-10,1.593186490137888e-10,0.1775811863377411,2725456403.109718,0,200,214,0,80.59
1537,63,4,train,1.593186490137888e-10,1.3773104067073093e-10,0.13549956942698838,2725456403.109718,0,200,215,0,80.16
1538,63,5,train,1.3773104067073093e-10,1.2132725049991597e-10,0.11910016863976917,2725456403.109718,0,200,219,0,85.51
1539,63,6,train,1.2132725049991597e-10,1.0891453954766533e-10,0.10230769180959261,2725456403.109718,0,200,215,0,82.58
1540,63,7,train,1.0891453954766533e-10,1.001504649713758e-10,0.08046744367361547,2725456403.109718,0,200,215,0,80.99
1541,63,8,train,1.001504649713758e-10,9.253951372603415e-11,0.07599516634812384,2725456403.109718,0,200,215,0,81.77
1542,63,9,train,9.253951372603415e-11,8.569806047670543e-11,0.07393007563864054,2725456403.109718,0,200,215,0,81.36
1543,63,10,train,8.569806047670543e-11,8.032739000083578e-11,0.06266968524135406,2725456403.109718,0,200,218,0,83.99
1544,63,11,train,8.032739000083578e-11,7.531637325162145e-11,0.062382417120264794,2725456403.109718,0,200,219,0,81.72
1545,63,12,train,7.531637325162145e-11,7.094697714908143e-11,0.0580138941096178,2725456403.109718,0,200,217,0,82.61
1546,63,13,train,7.094697714908143e-11,6.67910716014875e-11,0.05857762676570561,2725456403.109718,0,200,219,0,81.8
1547,63,14,train,6.67910716014875e-11,6.362679029372948e-11,0.04737581284273846,2725456403.109718,0,200,217,0,80.24
1548,63,15,train,6.362679029372948e-11,6.071249420797062e-11,0.04580297186617737,2725456403.109718,0,200,225,0,83.73
1549,63,16,train,6.071249420797062e-11,5.795241524892579e-11,0.04546146547019109,2725456403.109718,0,200,221,0,81.51
1550,63,17,train,5.795241524892579e-11,5.537062918739634e-11,0.04455010288078213,2725456403.109718,0,200,218,0,82.17
1551,63,18,train,5.537062918739634e-11,5.322079632724379e-11,0.03882623137397727,2725456403.109718,0,200,218,0,81.23
1552,63,19,train,5.322079632724379e-11,5.118054066089858e-11,0.03833568467859997,2725456403.109718,0,200,223,0,82.18
1553,63,20,train,5.118054066089858e-11,4.931764227106922e-11,0.03639856800599603,2725456403.109718,0,200,214,0,80.11
1554,63,21,train,4.931764227106922e-11,4.778771925890081e-11,0.031021819813675376,2725456403.109718,0,200,215,0,79.9
1555,63,22,train,4.778771925890081e-11,4.6385649862372924e-11,0.02933953363482062,2725456403.109718,0,200,218,0,83.01
1556,63,23,train,4.6385649862372924e-11,4.510726892510709e-11,0.02755983673956961,2725456403.109718,0,200,219,0,82.6
1557,63,24,train,4.510726892510709e-11,4.387580906016537e-11,0.027300696634645454,2725456403.109718,0,200,217,0,81.55
1558,64,0,train,2.4995465378335445e-09,1.734137056705533e-10,0.9306219336004612,400072567.1092083,1,200,212,0,77.89
1559,64,1,train,1.734137056705533e-10,1.2779282944879783e-10,0.26307537830040256,5766556894.2963085,1,200,209,0,76.97
1560,64,2,train,1.2779282944879783e-10,1.033997766528934e-10,0.19087966751434896,5766556894.2963085,0,200,216,0,80.62
1561,64,3,train,1.033997766528934e-10,9.002635966782066e-11,0.1293370006974625,5766556894.2963085,0,200,214,0,78.86
1562,64,4,train,9.002635966782066e-11,8.358287245805002e-11,0.07157333955905602,5766556894.2963085,0,200,219,0,82.33
1563,64,5,train,8.358287245805002e-11,7.816437187682232e-11,0.06482788185997355,5766556894.2963085,0,200,220,0,80.14
1564,64,6,train,7.816437187682232e-11,7.326980712476834e-11,0.06261887141839033,5766556894.2963085,0,200,208,0,75.02
1565,64,7,train,7.326980712476834e-11,6.93477797969047e-11,0.053528560832499024,5766556894.2963085,0,200,216,0,79.59
1566,64,8,train,6.93477797969047e-11,6.594405436357669e-11,0.049081966910784106,5766556894.2963085,0,200,216,0,78.15
1567,64,9,train,6.594405436357669e-11,6.308276229630023e-11,0.043389689865002544,5766556894.2963085,0,200,222,0,80.45
1568,64,10,train,6.308276229630023e-11,6.041021802250688e-11,0.04236568242272557,5766556894.2963085,0,200,227,0,82.48
1569,64,11,train,6.041021802250688e-11,5.7905142365239645e-11,0.04146774733264379,5766556894.2963085,0,200,212,0,78.05
1570,64,12,train,5.7905142365239645e-11,5.564336294150496e-11,0.039060078800400806,5766556894.2963085,0,200,221,0,81.09
1571,64,13,train,5.564336294150496e-11,5.3593357567273955e-11,0.03684186695160875,5766556894.2963085,0,200,220,0,79.84
1572,64,14,train,5.3593357567273955e-11,5.1543873815627055e-11,0.03824137625776201,5766556894.2963085,0,200,218,0,79.69
1573,64,15,train,5.1543873815627055e-11,4.9767222529429686e-11,0.03446871867940054,5766556894.2963085,0,200,218,0,78.93
1574,64,16,train,4.9767222529429686e-11,4.7966328821340637e-11,0.036186341462477574,5766556894.2963085,0,200,218,0,79.37
1575,64,17,train,4.7966328821340637e-11,4.6267853547780076e-11,0.035409740859819454,5766556894.2963085,0,200,218,0,78.54
1576,64,18,train,4.6267853547780076e-11,4.460477833494218e-11,0.03594450758603845,5766556894.2963085,0,200,216,0,78.36
1577,64,19,train,4.460477833494218e-11,4.2955636767198315e-11,0.03697230721247572,5766556894.2963085,0,200,223,0,82.36
1578,64,20,train,4.2955636767198315e-11,4.1464451654823394e-11,0.03471453864033082,5766556894.2963085,0,200,216,0,78.8
1579,64,21,train,4.1464451654823394e-11,4.007662938314605e-11,0.03347017062303062,5766556894.2963085,0,200,219,0,80.52
1580,64,22,train,4.007662938314605e-11,3.8749611981639205e-11,0.03311200123194277,5766556894.2963085,0,200,217,0,79.54
1581,64,23,train,3.8749611981639205e-11,3.771090954769179e-11,0.026805492515372353,5766556894.2963085,0,200,217,0,78.92
1582,64,24,train,3.771090954769179e-11,3.6713241725355595e-11,0.026455681772259525,5766556894.2963085,0,200,220,0,79.59
1583,65,0,train,1.7003102860769375e-09,2.0469759141264273e-10,0.8796116255433979,588127948.2859936,1,200,219,0,78.97
1584,65,1,train,2.0469759141264273e-10,1.539468879393435e-10,0.2479301447714285,588127948.2859936,0,200,212,0,77.5
1585,65,2,train,1.539468879393435e-10,1.3456262198702852e-10,0.12591528293805176,6495746769.457329,1,200,213,0,77.0
1586,65,3,train,1.3456262198702852e-10,1.1324551905062146e-10,0.15841771378728012,6495746769.457329,0,200,210,0,77.33
1587,65,4,train,1.1324551905062146e-10,1.0210660310225549e-10,0.09836076554505266,6495746769.457329,0,200,216,0,79.05
1588,65,5,train,1.0210660310225549e-10,9.567701604914671e-11,0.0629693561215607,6495746769.457329,0,200,217,0,78.56
1589,65,6,train,9.567701604914671e-11,8.942438083511107e-11,0.06535148640948239,6495746769.457329,0,200,213,0,77.42
1590,65,7,train,8.942438083511107e-11,8.383637410125186e-11,0.062488626498436624,6495746769.457329,0,200,215,0,78.23
1591,65,8,train,8.383637410125186e-11,7.951338845054876e-11,0.05156455890473145,6495746769.457329,0,200,215,0,77.53
1592,65,9,train,7.951338845054876e-11,7.57936354937376e-11,0.04678146698684039,6495746769.457329,0,200,214,0,77.64
1593,65,10,train,7.57936354937376e-11,7.237241359313166e-11,0.04513864361195089,6495746769.457329,0,200,223,0,80.29
1594,65,11,train,7.237241359313166e-11,6.897550737414898e-11,0.04693647828411044,6495746769.457329,0,200,222,0,80.48
1595,65,12,train,6.897550737414898e-11,6.593202635884154e-11,0.044124083042962746,6495746769.457329,0,200,223,0,80.39
1596,65,13,train,6.593202635884154e-11,6.300146951960077e-11,0.0444481536680054,6495746769.457329,0,200,215,0,77.58
1597,65,14,train,6.300146951960077e-11,6.015938181664256e-11,0.04511145096502845,6495746769.457329,0,200,215,0,78.78
1598,65,15,train,6.015938181664256e-11,5.7403683676342344e-11,0.04580662329109706,6495746769.457329,0,200,221,0,80.42
1599,65,16,train,5.7403683676342344e-11,5.488937423023476e-11,0.043800489534503516,6495746769.457329,0,200,216,0,78.12
1600,65,17,train,5.488937423023476e-11,5.2623564559842066e-11,0.041279568261950006,6495746769.457329,0,200,221,0,79.81
1601,65,18,train,5.2623564559842066e-11,5.056302294996309e-11,0.0391562530420337,6495746769.457329,0,200,209,0,75.46
1602,65,19,train,5.056302294996309e-11,4.884007875908985e-11,0.034075181631807554,6495746769.457329,0,200,213,0,77.16
1603,65,20,train,4.884007875908985e-11,4.7148293804596575e-11,0.034639275723493915,6495746769.457329,0,200,214,0,78.46
1604,65,21,train,4.7148293804596575e-11,4.5518191502061503e-11,0.034573940454578025,6495746769.457329,0,200,216,0,79.37
1605,65,22,train,4.5518191502061503e-11,4.393885317351568e-11,0.03469686023167887,6495746769.457329,0,200,218,0,79.0
1606,65,23,train,4.393885317351568e-11,4.26645933890855e-11,0.02900075200866297,6495746769.457329,0,200,219,0,78.99
1607,65,24,train,4.26645933890855e-11,4.153069314558629e-11,0.02657707840218826,6495746769.457329,0,200,221,0,79.46
1608,66,0,train,1.5566233701919556e-09,2.5048425960061223e-10,0.8390848651014897,642416154.8317784,1,200,216,0,78.08
1609,66,1,train,2.5048425960061223e-10,1.721729632822498e-10,0.31263959038075634,642416154.8317784,0,200,214,0,77.17
1610,66,2,train,1.721729632822498e-10,1.3255634878134363e-10,0.23009776764985518,642416154.8317784,0,200,214,0,77.61
1611,66,3,train,1.3255634878134363e-10,1.1472462628062494e-10,0.13452182912892952,7543961561.9583435,1,200,212,0,76.09
1612,66,4,train,1.1472462628062494e-10,1.0116280282131774e-10,0.11821196458843956,7543961561.9583435,0,200,211,0,76.28
1613,66,5,train,1.0116280282131774e-10,9.146079386549306e-11,0.09590490462152565,7543961561.9583435,0,200,206,0,75.12
1614,66,6,train,9.146079386549306e-11,8.430684563537685e-11,0.07821874190855121,7543961561.9583435,0,200,218,0,78.98
1615,66,7,train,8.430684563537685e-11,7.868619021152868e-11,0.06666902766303513,7543961561.9583435,0,200,213,0,78.29
1616,66,8,train,7.868619021152868e-11,7.331936566515278e-11,0.06820541866302707,7543961561.9583435,0,200,217,0,79.69
1617,66,9,train,7.331936566515278e-11,6.929027804128829e-11,0.05495257067914653,7543961561.9583435,0,200,222,0,80.18
1618,66,10,train,6.929027804128829e-11,6.57303362341424e-11,0.051377219254692616,7543961561.9583435,0,200,219,0,79.2
1619,66,11,train,6.57303362341424e-11,6.272412049817506e-11,0.045735590416861774,7543961561.9583435,0,200,221,0,80.59
1620,66,12,train,6.272412049817506e-11,6.006923063782863e-11,0.04232645813541016,7543961561.9583435,0,200,219,0,79.18
1621,66,13,train,6.006923063782863e-11,5.772204805504827e-11,0.039074623694318154,7543961561.9583435,0,200,217,0,78.29
1622,66,14,train,5.772204805504827e-11,5.5298446304270214e-11,0.041987452497643886,7543961561.9583435,0,200,225,0,81.55
1623,66,15,train,5.5298446304270214e-11,5.313919985292162e-11,0.039047145004178066,7543961561.9583435,0,200,219,0,79.03
1624,66,16,train,5.313919985292162e-11,5.126129622380086e-11,0.03533932829847667,7543961561.9583435,0,200,219,0,79.19
1625,66,17,train,5.126129622380086e-11,4.958530284222771e-11,0.032695103421808897,7543961561.9583435,0,200,215,0,78.21
1626,66,18,train,4.958530284222771e-11,4.777825716405488e-11,0.03644317115340718,7543961561.9583435,0,200,219,0,79.68
1627,66,19,train,4.777825716405488e-11,4.619534373649023e-11,0.033130413738815166,7543961561.9583435,0,200,219,0,81.12
1628,66,20,train,4.619534373649023e-11,4.4739162595876337e-11,0.031522249275171825,7543961561.9583435,0,200,225,0,81.3
1629,66,21,train,4.4739162595876337e-11,4.342188452835722e-11,0.029443511927523893,7543961561.9583435,0,200,215,0,78.14
1630,66,22,train,4.342188452835722e-11,4.215731036518843e-11,0.02912296821992935,7543961561.9583435,0,200,215,0,77.72
1631,66,23,train,4.215731036518843e-11,4.100229542000693e-11,0.02739773802399078,7543961561.9583435,0,200,223,0,81.99
1632,66,24,train,4.100229542000693e-11,3.995966042645118e-11,0.025428698146665114,7543961561.9583435,0,200,218,0,79.21
1633,67,0,train,2.23350477718701e-09,3.187771916250557e-10,0.8572749004698617,447726823.87518823,1,200,211,0,75.91
1634,67,1,train,3.187771916250557e-10,2.2826063781624983e-10,0.28394927926735436,447726823.87518823,0,200,208,0,75.94
1635,67,2,train,2.2826063781624983e-10,1.8339092596478083e-10,0.1965722705444694,447726823.87518823,0,200,218,0,78.9
1636,67,3,train,1.8339092596478083e-10,1.5176267849029185e-10,0.17246353552172475,5452832492.879415,1,200,215,0,77.61
1637,67,4,train,1.5176267849029185e-10,1.3170934702965018e-10,0.1321361197636247,5452832492.879415,0,200,211,0,75.71
1638,67,5,train,1.3170934702965018e-10,1.1837385621054766e-10,0.10124938829208877,5452832492.879415,0,200,216,0,78.3
1639,67,6,train,1.1837385621054766e-10,1.0978224488462324e-10,0.07258031123563982,5452832492.879415,0,200,219,0,78.88
1640,67,7,train,1.0978224488462324e-10,1.0177105353068821e-10,0.07297347000286311,5452832492.879415,0,200,224,0,80.58
1641,67,8,train,1.0177105353068821e-10,9.596682185791714e-11,0.057032245136588375,5452832492.879415,0,200,219,0,81.74
1642,67,9,train,9.596682185791714e-11,9.11030808023248e-11,0.05068148513653307,5452832492.879415,0,200,216,0,77.76
1643,67,10,train,9.11030808023248e-11,8.613763414456071e-11,0.05450360859407269,5452832492.879415,0,200,219,0,78.72
1644,67,11,train,8.613763414456071e-11,8.223784936446982e-11,0.04527387847158725,5452832492.879415,0,200,213,0,77.07
1645,67,12,train,8.223784936446982e-11,7.88587041274746e-11,0.04108990280155795,5452832492.879415,0,200,215,0,78.38
1646,67,13,train,7.88587041274746e-11,7.594156115278556e-11,0.0369920227191851,5452832492.879415,0,200,215,0,77.32
1647,67,14,train,7.594156115278556e-11,7.310704041090729e-11,0.037325025965367624,5452832492.879415,0,200,222,0,80.63
1648,67,15,train,7.310704041090729e-11,7.019388266184667e-11,0.039847841366397095,5452832492.879415,0,200,218,0,78.83
1649,67,16,train,7.019388266184667e-11,6.78758192889247e-11,0.033023723507204346,5452832492.879415,0,200,215,0,78.04
1650,67,17,train,6.78758192889247e-11,6.568240237668249e-11,0.032315144556938076,5452832492.879415,0,200,213,0,77.53
1651,67,18,train,6.568240237668249e-11,6.350512478822432e-11,0.0331485681046148,5452832492.879415,0,200,212,0,76.98
1652,67,19,train,6.350512478822432e-11,6.133877361836966e-11,0.034113013352528115,5452832492.879415,0,200,220,0,79.55
1653,67,20,train,6.133877361836966e-11,5.937694336212272e-11,0.0319835259252626,5452832492.879415,0,200,211,0,76.31
1654,67,21,train,5.937694336212272e-11,5.762633146721033e-11,0.029483024820525287,5452832492.879415,0,200,217,0,79.17
1655,67,22,train,5.762633146721033e-11,5.5546234103336264e-11,0.03609630026609718,5452832492.879415,0,200,215,0,77.4
1656,67,23,train,5.5546234103336264e-11,5.34684443704613e-11,0.03740649148256417,5452832492.879415,0,200,216,0,77.71
1657,67,24,train,5.34684443704613e-11,5.162241168503645e-11,0.034525647924866384,5452832492.879415,0,200,223,0,80.55
1658,68,0,train,2.528321108750814e-09,1.8961801707859035e-10,0.9250023992513055,395519381.03862023,1,200,208,0,75.12
1659,68,1,train,1.8961801707859035e-10,1.2368705046120453e-10,0.34770412449814636,5273760454.870348,1,200,211,0,75.96
1660,68,2,train,1.2368705046120453e-10,9.610523088298678e-11,0.22299682525673142,5273760454.870348,0,200,211,0,76.54
1661,68,3,train,9.610523088298678e-11,8.30870978557588e-11,0.13545707041772,5273760454.870348,0,200,216,0,79.05
1662,68,4,train,8.30870978557588e-11,7.578837590378106e-11,0.08784422780837169,5273760454.870348,0,200,221,0,80.04
1663,68,5,train,7.578837590378106e-11,6.880749709351581e-11,0.09211015181441531,5273760454.870348,0,200,216,0,78.68
1664,68,6,train,6.880749709351581e-11,6.354586421585316e-11,0.07646888929140375,5273760454.870348,0,200,215,0,77.37
1665,68,7,train,6.354586421585316e-11,5.977632419773178e-11,0.05931998981581194,5273760454.870348,0,200,217,0,78.77
1666,68,8,train,5.977632419773178e-11,5.6652592647279566e-11,0.052257002958551735,5273760454.870348,0,200,215,0,77.6
1667,68,9,train,5.6652592647279566e-11,5.398912257332712e-11,0.04701408972640101,5273760454.870348,0,200,212,0,76.63
1668,68,10,train,5.398912257332712e-11,5.1654742661399214e-11,0.04323796721751476,5273760454.870348,0,200,223,0,81.55
1669,68,11,train,5.1654742661399214e-11,4.949681851565609e-11,0.04177591513500475,5273760454.870348,0,200,224,0,81.03
1670,68,12,train,4.949681851565609e-11,4.77668324167825e-11,0.03495146053329445,5273760454.870348,0,200,217,0,79.11
1671,68,13,train,4.77668324167825e-11,4.602192208921079e-11,0.03652974751071525,5273760454.870348,0,200,217,0,79.54
1672,68,14,train,4.602192208921079e-11,4.448388340604593e-11,0.03341969681717027,5273760454.870348,0,200,221,0,79.74
1673,68,15,train,4.448388340604593e-11,4.3207500646001624e-11,0.02869315046965595,5273760454.870348,0,200,212,0,76.97
1674,68,16,train,4.3207500646001624e-11,4.196744535804761e-11,0.028700000449314682,5273760454.870348,0,200,215,0,77.97
1675,68,17,train,4.196744535804761e-11,4.0794437152845184e-11,0.02795043146407515,5273760454.870348,0,200,217,0,77.71
1676,68,18,train,4.0794437152845184e-11,3.965404551377433e-11,0.027954586915812395,5273760454.870348,0,200,214,0,77.04
1677,68,19,train,3.965404551377433e-11,3.866399775281679e-11,0.02496713130098243,5273760454.870348,0,200,217,0,78.65
1678,68,20,train,3.866399775281679e-11,3.7706060640413413e-11,0.024775945791420086,5273760454.870348,0,200,219,0,78.72
1679,68,21,train,3.7706060640413413e-11,3.673979317631398e-11,0.02562631703466229,5273760454.870348,0,200,223,0,81.07
1680,68,22,train,3.673979317631398e-11,3.590156530597959e-11,0.022815258276271223,5273760454.870348,0,200,217,0,78.06
1681,68,23,train,3.590156530597959e-11,3.499275101195362e-11,0.025314057654043348,5273760454.870348,0,200,220,0,79.36
1682,68,24,train,3.499275101195362e-11,3.42167666972778e-11,0.0221755732897577,5273760454.870348,0,200,215,0,78.0
1683,69,0,train,1.2500619377336501e-09,2.004259198164114e-10,0.8396672086666509,799960361.8145435,1,200,206,0,74.06
1684,69,1,train,2.004259198164114e-10,1.4923086355707383e-10,0.2554313150027294,799960361.8145435,0,200,218,0,78.46
1685,69,2,train,1.4923086355707383e-10,1.2670967491876853e-10,0.15091508620595762,799960361.8145435,0,200,210,0,75.4
1686,69,3,train,1.2670967491876853e-10,1.1236089598039051e-10,0.11324138387677805,799960361.8145435,0,200,220,0,79.78
1687,69,4,train,1.1236089598039051e-10,1.0403747826896788e-10,0.07407753061060715,8899893430.669353,1,200,212,0,75.68
1688,69,5,train,1.0403747826896788e-10,9.486946472021108e-11,0.08812222000474441,8899893430.669353,0,200,214,0,77.58
1689,69,6,train,9.486946472021108e-11,8.60293945314074e-11,0.0931814068401757,8899893430.669353,0,200,212,0,76.65
1690,69,7,train,8.60293945314074e-11,7.835300184831903e-11,0.08922988154108055,8899893430.669353,0,200,214,0,77.25
1691,69,8,train,7.835300184831903e-11,7.275798589426182e-11,0.0714078059815554,8899893430.669353,0,200,210,0,75.63
1692,69,9,train,7.275798589426182e-11,6.778520183268569e-11,0.06834691753016646,8899893430.669353,0,200,216,0,78.54
1693,69,10,train,6.778520183268569e-11,6.389740417810461e-11,0.057354666645049415,8899893430.669353,0,200,216,0,78.35
1694,69,11,train,6.389740417810461e-11,5.997216302062145e-11,0.061430369636646415,8899893430.669353,0,200,213,0,76.16
1695,69,12,train,5.997216302062145e-11,5.677349430297541e-11,0.05333589046214943,8899893430.669353,0,200,217,0,77.77
1696,69,13,train,5.677349430297541e-11,5.414913034040342e-11,0.04622516184342834,8899893430.669353,0,200,218,0,78.94
1697,69,14,train,5.414913034040342e-11,5.2154335655654473e-11,0.03683890530113513,8899893430.669353,0,200,215,0,77.66
1698,69,15,train,5.2154335655654473e-11,5.022506269989672e-11,0.036991612135482854,8899893430.669353,0,200,214,0,77.0
1699,69,16,train,5.022506269989672e-11,4.849151583510386e-11,0.03451557393071057,8899893430.669353,0,200,213,0,77.17
1700,69,17,train,4.849151583510386e-11,4.681992030983364e-11,0.03447191733404467,8899893430.669353,0,200,216,0,78.51
1701,69,18,train,4.681992030983364e-11,4.5331501318445763e-11,0.03179029313886431,8899893430.669353,0,200,228,0,84.66
1702,69,19,train,4.5331501318445763e-11,4.392502382478927e-11,0.031026492676168745,8899893430.669353,0,200,214,0,78.21
1703,69,20,train,4.392502382478927e-11,4.2717829464558315e-11,0.027483066714915964,8899893430.669353,0,200,218,0,79.51
1704,69,21,train,4.2717829464558315e-11,4.168172049086144e-11,0.02425471955583572,8899893430.669353,0,200,217,0,78.98
1705,69,22,train,4.168172049086144e-11,4.053393538589293e-11,0.027536893665897375,8899893430.669353,0,200,219,0,78.94
1706,69,23,train,4.053393538589293e-11,3.948771324328673e-11,0.02581101816652908,8899893430.669353,0,200,219,0,78.68
1707,69,24,train,3.948771324328673e-11,3.850796344378771e-11,0.02481151018958003,8899893430.669353,0,200,222,0,80.15
1708,70,0,train,2.9658118564260075e-09,1.835213690022486e-10,0.9381210346824214,337175804.94302285,1,200,213,0,77.01
1709,70,1,train,1.835213690022486e-10,1.3058650436870796e-10,0.2884397872647302,5448956736.954962,1,200,210,0,76.43
1710,70,2,train,1.3058650436870796e-10,1.0260888888487895e-10,0.21424584124585233,5448956736.954962,0,200,215,0,77.82
1711,70,3,train,1.0260888888487895e-10,8.757728000346907e-11,0.14649421745785057,5448956736.954962,0,200,211,0,76.37
1712,70,4,train,8.757728000346907e-11,7.844797292935305e-11,0.10424287068237785,5448956736.954962,0,200,219,0,79.1
1713,70,5,train,7.844797292935305e-11,7.04978619212253e-11,0.1013424657293221,5448956736.954962,0,200,216,0,78.21
1714,70,6,train,7.04978619212253e-11,6.47254950174192e-11,0.08188002793980005,5448956736.954962,0,200,213,0,76.58
1715,70,7,train,6.47254950174192e-11,6.006332722155381e-11,0.07202985152312379,5448956736.954962,0,200,215,0,77.38
1716,70,8,train,6.006332722155381e-11,5.6523225544768074e-11,0.05893948671420531,5448956736.954962,0,200,219,0,79.04
1717,70,9,train,5.6523225544768074e-11,5.3258647348106113e-11,0.057756403057294,5448956736.954962,0,200,213,0,76.9
1718,70,10,train,5.3258647348106113e-11,5.075131432694464e-11,0.047078420989049706,5448956736.954962,0,200,218,0,78.7
1719,70,11,train,5.075131432694464e-11,4.832104423072527e-11,0.047885855340875375,5448956736.954962,0,200,220,0,79.15
1720,70,12,train,4.832104423072527e-11,4.61287720620234e-11,0.045368890585934386,5448956736.954962,0,200,220,0,79.35
1721,70,13,train,4.61287720620234e-11,4.4082441082761706e-11,0.0443612714535357,5448956736.954962,0,200,221,0,79.75
1722,70,14,train,4.4082441082761706e-11,4.227297440365515e-11,0.04104733391940368,5448956736.954962,0,200,219,0,78.82
1723,70,15,train,4.227297440365515e-11,4.07397998822519e-11,0.03626843256316217,5448956736.954962,0,200,218,0,78.86
1724,70,16,train,4.07397998822519e-11,3.928872621283198e-11,0.0356180853517662,5448956736.954962,0,200,219,0,78.54
1725,70,17,train,3.928872621283198e-11,3.781942909977011e-11,0.03739742299362163,5448956736.954962,0,200,220,0,79.02
1726,70,18,train,3.781942909977011e-11,3.648380339220168e-11,0.03531586116873845,5448956736.954962,0,200,217,0,78.11
1727,70,19,train,3.648380339220168e-11,3.5261017140358994e-11,0.03351586562118289,5448956736.954962,0,200,222,0,80.89
1728,70,20,train,3.5261017140358994e-11,3.410164257242575e-11,0.03287978231933219,5448956736.954962,0,200,220,0,79.65
1729,70,21,train,3.410164257242575e-11,3.297470943343556e-11,0.03304630082251277,5448956736.954962,0,200,218,0,79.06
1730,70,22,train,3.297470943343556e-11,3.203927518290571e-11,0.02836823330977846,5448956736.954962,0,200,224,0,81.45
1731,70,23,train,3.203927518290571e-11,3.118246597826359e-11,0.026742465294572554,5448956736.954962,0,200,228,0,81.97
1732,70,24,train,3.118246597826359e-11,3.03595785471698e-11,0.026389427688862214,5448956736.954962,0,200,216,0,78.64
1733,71,0,train,4.6938066821469246e-09,2.3474400432355363e-10,0.949988565737824,213046694.8721043,1,200,215,0,77.21
1734,71,1,train,2.3474400432355363e-10,1.7500344122237368e-10,0.25449239171552174,4259959707.5189815,1,200,211,0,75.86
1735,71,2,train,1.7500344122237368e-10,1.379242387140765e-10,0.2118769908140339,4259959707.5189815,0,200,213,0,77.63
1736,71,3,train,1.379242387140765e-10,1.179610248111888e-10,0.14474043205902612,4259959707.5189815,0,200,220,0,79.49
1737,71,4,train,1.179610248111888e-10,1.0448754445860874e-10,0.11421976346972257,4259959707.5189815,0,200,219,0,79.69
1738,71,5,train,1.0448754445860874e-10,9.615617428832016e-11,0.07973553415822629,4259959707.5189815,0,200,216,0,78.14
1739,71,6,train,9.615617428832016e-11,8.886602290693837e-11,0.07581573867032798,4259959707.5189815,0,200,211,0,76.59
1740,71,7,train,8.886602290693837e-11,8.253671003520967e-11,0.07122309139857456,4259959707.5189815,0,200,212,0,76.66
1741,71,8,train,8.253671003520967e-11,7.700283967542423e-11,0.06704738240020382,4259959707.5189815,0,200,223,0,80.12
1742,71,9,train,7.700283967542423e-11,7.203282096750359e-11,0.06454331721881734,4259959707.5189815,0,200,217,0,79.55
1743,71,10,train,7.203282096750359e-11,6.814385385406701e-11,0.05398882150111854,4259959707.5189815,0,200,215,0,78.31
1744,71,11,train,6.814385385406701e-11,6.52972173740159e-11,0.04177392852108572,4259959707.5189815,0,200,211,0,77.22
1745,71,12,train,6.52972173740159e-11,6.282245710926589e-11,0.03789993454965827,4259959707.5189815,0,200,217,0,77.92
1746,71,13,train,6.282245710926589e-11,6.047418067738321e-11,0.037379569980817,4259959707.5189815,0,200,220,0,79.98
1747,71,14,train,6.047418067738321e-11,5.817101535162908e-11,0.03808510177328451,4259959707.5189815,0,200,218,0,78.59
1748,71,15,train,5.817101535162908e-11,5.609012571487044e-11,0.03577193253685165,4259959707.5189815,0,200,222,0,79.32
1749,71,16,train,5.609012571487044e-11,5.4204662932937884e-11,0.03361487887399562,4259959707.5189815,0,200,221,0,79.19
1750,71,17,train,5.4204662932937884e-11,5.250727649571725e-11,0.03131439889812883,4259959707.5189815,0,200,214,0,77.67
1751,71,18,train,5.250727649571725e-11,5.088647472265615e-11,0.03086813640378587,4259959707.5189815,0,200,214,0,77.53
1752,71,19,train,5.088647472265615e-11,4.940895574807073e-11,0.029035593104813448,4259959707.5189815,0,200,217,0,78.02
1753,71,20,train,4.940895574807073e-11,4.7827904730726774e-11,0.03199928015895563,4259959707.5189815,0,200,211,0,76.28
1754,71,21,train,4.7827904730726774e-11,4.6362434533107796e-11,0.03064048500283758,4259959707.5189815,0,200,217,0,79.09
1755,71,22,train,4.6362434533107796e-11,4.496788902925539e-11,0.03007921214440428,4259959707.5189815,0,200,215,0,77.69
1756,71,23,train,4.496788902925539e-11,4.3606959433177304e-11,0.030264475950665334,4259959707.5189815,0,200,220,0,79.73
1757,71,24,train,4.3606959433177304e-11,4.238859715215087e-11,0.027939629289986025,4259959707.5189815,0,200,213,0,78.33
