restart,round,in_round,phase,loss_before,loss_after,gain,factor,factor_renewed,n_iter,func_evals,early_stop,wall_s
0,1,0,train,9.221670655629254e-05,1.5173893086626697e-07,0.9983545396866496,10844.022057863913,1,200,203,0,248.17
1,1,1,train,1.5173893086626697e-07,7.483578605370533e-08,0.5068122226348041,6590266.547227331,1,200,209,0,155.36
2,1,2,train,7.483578605370533e-08,5.2537248224305265e-08,0.29796624055498916,6590266.547227331,0,200,204,0,175.08
3,1,3,train,5.2537248224305265e-08,4.0668117976097665e-08,0.22591838456275665,6590266.547227331,0,200,205,0,176.7
4,1,4,train,4.0668117976097665e-08,3.1941248555863056e-08,0.21458749149305978,6590266.547227331,0,200,206,0,152.08
5,1,5,train,3.1941248555863056e-08,2.5323639460101213e-08,0.2071806643434147,6590266.547227331,0,200,206,0,175.14
6,1,6,train,2.5323639460101213e-08,2.0363553136909237e-08,0.1958678305702016,6590266.547227331,0,200,207,0,235.73
7,1,7,train,2.0363553136909237e-08,1.6802201853747902e-08,0.17488850100065953,6590266.547227331,0,200,206,0,163.23
8,1,8,train,1.6802201853747902e-08,1.4226057323726913e-08,0.1533218415327128,6590266.547227331,0,200,211,0,160.3
9,1,9,train,1.4226057323726913e-08,1.2519712332987117e-08,0.11994503831317128,70293544.95374845,1,200,208,0,239.86
10,1,10,train,1.2519712332987117e-08,1.089428823063956e-08,0.12982918929094456,70293544.95374845,0,200,209,0,255.89
11,1,11,train,1.089428823063956e-08,9.575573724657643e-09,0.12104641240105143,70293544.95374845,0,200,210,0,239.34
12,1,12,train,9.575573724657643e-09,8.685938069275722e-09,0.09290677310447294,70293544.95374845,0,200,217,0,305.47
13,1,13,train,8.685938069275722e-09,7.956715964894619e-09,0.08395432923480534,70293544.95374845,0,200,215,0,288.64
14,1,14,train,7.956715964894619e-09,7.35703853467398e-09,0.07536745472207902,70293544.95374845,0,200,216,0,349.57
15,1,15,train,7.35703853467398e-09,6.826212374819512e-09,0.07215215162360042,70293544.95374845,0,200,214,0,331.88
16,1,16,train,6.826212374819512e-09,6.3158791863447755e-09,0.07476081323769684,70293544.95374845,0,200,209,0,350.54
17,1,17,train,6.3158791863447755e-09,5.9135966935064044e-09,0.0636938232935368,70293544.95374845,0,200,213,0,166.3
18,1,18,train,5.9135966935064044e-09,5.514722920015729e-09,0.06745028350152293,70293544.95374845,0,200,212,0,153.58
19,1,19,train,5.514722920015729e-09,5.148243043307172e-09,0.06645481233126238,70293544.95374845,0,200,213,0,170.37
20,1,20,train,5.148243043307172e-09,4.802532260865763e-09,0.06715121635347819,70293544.95374845,0,200,216,0,204.43
21,1,21,train,4.802532260865763e-09,4.4709848500693964e-09,0.06903595703001027,70293544.95374845,0,200,217,0,204.9
22,1,22,train,4.4709848500693964e-09,4.181262380716297e-09,0.06480059294958301,70293544.95374845,0,200,216,0,163.2
23,1,23,train,4.181262380716297e-09,3.932519060687503e-09,0.059490005022402266,70293544.95374845,0,200,214,0,202.24
24,1,24,train,3.932519060687503e-09,3.7099544536935775e-09,0.05659593852165982,70293544.95374845,0,200,213,0,229.62
25,2,0,train,1.7462899320741234e-08,6.688231816048373e-09,0.617003357048245,57264259.59590047,1,200,214,0,184.34
26,2,1,train,6.688231816048373e-09,5.654947735573303e-09,0.15449286282148753,57264259.59590047,0,200,211,0,169.54
27,2,2,train,5.654947735573303e-09,5.064635984648924e-09,0.10438854230445561,57264259.59590047,0,200,209,0,142.69
28,2,3,train,5.064635984648924e-09,4.706137850792743e-09,0.07078458055876094,57264259.59590047,0,200,217,0,126.03
29,2,4,train,4.706137850792743e-09,4.38945231307568e-09,0.0672920232593097,57264259.59590047,0,200,223,0,140.65
30,2,5,train,4.38945231307568e-09,4.129944560835029e-09,0.05912075897660553,57264259.59590047,0,200,215,0,136.95
31,2,6,train,4.129944560835029e-09,3.895313018544477e-09,0.05681227407157059,57264259.59590047,0,200,218,0,189.8
32,2,7,train,3.895313018544477e-09,3.712003670046609e-09,0.04705895203419703,57264259.59590047,0,200,221,0,121.03
33,2,8,train,3.712003670046609e-09,3.5492578697569e-09,0.04384311405803803,57264259.59590047,0,200,216,0,144.06
34,2,9,train,3.5492578697569e-09,3.3968002697630014e-09,0.042954782545665184,57264259.59590047,0,200,218,0,303.41
35,2,10,train,3.3968002697630014e-09,3.2568593044296143e-09,0.04119787865630116,57264259.59590047,0,200,214,0,287.88
36,2,11,train,3.2568593044296143e-09,3.122746341790679e-09,0.04117861722074697,57264259.59590047,0,200,215,0,285.2
37,2,12,train,3.122746341790679e-09,2.9911753673818508e-09,0.04213309696277839,57264259.59590047,0,200,216,0,191.55
38,2,13,train,2.9911753673818508e-09,2.8716424055288725e-09,0.03996187022548412,57264259.59590047,0,200,223,0,274.58
39,2,14,train,2.8716424055288725e-09,2.770961086932036e-09,0.03506053483643755,57264259.59590047,0,200,219,0,256.73
40,2,15,train,2.770961086932036e-09,2.6740661125466582e-09,0.03496800256139955,57264259.59590047,0,200,221,0,137.22
41,2,16,train,2.6740661125466582e-09,2.5804171034273587e-09,0.035021201861801556,57264259.59590047,0,200,217,0,130.74
42,2,17,train,2.5804171034273587e-09,2.4868099362294272e-09,0.036275983085680495,57264259.59590047,0,200,220,0,162.12
43,2,18,train,2.4868099362294272e-09,2.3952342159920047e-09,0.03682457549460827,57264259.59590047,0,200,218,0,177.17
44,2,19,train,2.3952342159920047e-09,2.3130571487557105e-09,0.03430857270142159,57264259.59590047,0,200,217,0,268.08
45,2,20,train,2.3130571487557105e-09,2.2274140750020584e-09,0.03702592207880513,57264259.59590047,0,200,223,0,353.75
46,2,21,train,2.2274140750020584e-09,2.1530194827636764e-09,0.03339953404860889,57264259.59590047,0,200,222,0,243.87
47,2,22,train,2.1530194827636764e-09,2.0826205033622495e-09,0.03269779022671029,57264259.59590047,0,200,219,0,178.08
48,2,23,train,2.0826205033622495e-09,2.0151870911693435e-09,0.03237911663888804,57264259.59590047,0,200,218,0,190.15
49,2,24,train,2.0151870911693435e-09,1.9468820805414017e-09,0.03389512116629666,57264259.59590047,0,200,219,0,192.36
50,3,0,train,1.6952188411601707e-08,5.718809166104076e-09,0.6626506839559282,58989434.03175143,1,200,210,0,229.21
51,3,1,train,5.718809166104076e-09,4.620806282452033e-09,0.19199851783130129,58989434.03175143,0,200,215,0,235.91
52,3,2,train,4.620806282452033e-09,4.101089200636321e-09,0.11247324601972362,58989434.03175143,0,200,212,0,246.36
53,3,3,train,4.101089200636321e-09,3.7807359547502305e-09,0.07811418630845313,58989434.03175143,0,200,217,0,158.82
54,3,4,train,3.7807359547502305e-09,3.537857100271469e-09,0.06424115764381831,58989434.03175143,0,200,216,0,200.83
55,3,5,train,3.537857100271469e-09,3.306436364825276e-09,0.06541268595287113,58989434.03175143,0,200,213,0,277.37
56,3,6,train,3.306436364825276e-09,3.129634821182604e-09,0.05347193296188385,58989434.03175143,0,200,220,0,268.78
57,3,7,train,3.129634821182604e-09,2.952792363671264e-09,0.056505780263690984,58989434.03175143,0,200,217,0,271.14
58,3,8,train,2.952792363671264e-09,2.8081598536692507e-09,0.04898160527013451,58989434.03175143,0,200,216,0,167.03
59,3,9,train,2.8081598536692507e-09,2.674451303265283e-09,0.04761429454568223,58989434.03175143,0,200,217,0,259.34
60,3,10,train,2.674451303265283e-09,2.554189286472385e-09,0.04496698692777395,58989434.03175143,0,200,218,0,204.18
61,3,11,train,2.554189286472385e-09,2.4433238056995914e-09,0.043405350323863834,58989434.03175143,0,200,216,0,217.56
62,3,12,train,2.4433238056995914e-09,2.3436886183383685e-09,0.04077854401811247,58989434.03175143,0,200,215,0,219.75
63,3,13,train,2.3436886183383685e-09,2.2422672164056033e-09,0.04327426482305963,58989434.03175143,0,200,219,0,309.3
64,3,14,train,2.2422672164056033e-09,2.1567432915744247e-09,0.038141718438124,58989434.03175143,0,200,223,0,252.25
65,3,15,train,2.1567432915744247e-09,2.078040245257293e-09,0.036491615216606675,58989434.03175143,0,200,220,0,240.11
66,3,16,train,2.078040245257293e-09,1.9966729772976203e-09,0.03915577099403011,58989434.03175143,0,200,212,0,207.41
67,3,17,train,1.9966729772976203e-09,1.9169031468293456e-09,0.03995137479961214,58989434.03175143,0,200,210,0,262.67
68,3,18,train,1.9169031468293456e-09,1.8373294025404955e-09,0.04151161440809832,58989434.03175143,0,200,224,0,306.03
69,3,19,train,1.8373294025404955e-09,1.7668656648535757e-09,0.03835117295216025,58989434.03175143,0,200,217,0,318.51
70,3,20,train,1.7668656648535757e-09,1.704149090428673e-09,0.0354959495067783,58989434.03175143,0,200,218,0,173.66
71,3,21,train,1.704149090428673e-09,1.6434015083925588e-09,0.03564687055686737,58989434.03175143,0,200,215,0,183.48
72,3,22,train,1.6434015083925588e-09,1.5968273301912827e-09,0.02834010919634068,608494025.8927463,1,200,213,0,155.66
73,3,23,train,1.5968273301912827e-09,1.5532335561459097e-09,0.027300242938697032,608494025.8927463,0,200,211,0,154.44
74,3,24,train,1.5532335561459097e-09,1.5139406902506275e-09,0.02529746137649827,608494025.8927463,0,200,212,0,200.57
75,4,0,train,5.203979284329637e-08,7.686725017402265e-09,0.8522913986120442,19216064.195551798,1,200,210,0,175.53
76,4,1,train,7.686725017402265e-09,5.768140103288526e-09,0.24959718342599518,19216064.195551798,0,200,213,0,269.49
77,4,2,train,5.768140103288526e-09,4.6382513938126475e-09,0.19588440801424145,19216064.195551798,0,200,214,0,198.43
78,4,3,train,4.6382513938126475e-09,4.077017318746439e-09,0.12100121951451044,215598490.7014708,1,200,213,0,127.36
79,4,4,train,4.077017318746439e-09,3.3571300414419377e-09,0.17657204299682627,215598490.7014708,0,200,220,0,185.49
80,4,5,train,3.3571300414419377e-09,2.8287788577189884e-09,0.15738180445819566,215598490.7014708,0,200,210,0,162.52
81,4,6,train,2.8287788577189884e-09,2.557939092658847e-09,0.09574441081567453,215598490.7014708,0,200,213,0,163.68
82,4,7,train,2.557939092658847e-09,2.3428259206463563e-09,0.08409628385204884,215598490.7014708,0,200,218,0,253.48
83,4,8,train,2.3428259206463563e-09,2.175159895743295e-09,0.07156572045131043,215598490.7014708,0,200,212,0,253.69
84,4,9,train,2.175159895743295e-09,2.048191488634757e-09,0.05837198789707854,215598490.7014708,0,200,214,0,230.03
85,4,10,train,2.048191488634757e-09,1.9263380348271836e-09,0.059493194109890596,215598490.7014708,0,200,215,0,239.14
86,4,11,train,1.9263380348271836e-09,1.8162090144893985e-09,0.05717014269910578,215598490.7014708,0,200,216,0,195.76
87,4,12,train,1.8162090144893985e-09,1.7286707384215396e-09,0.04819834907188204,215598490.7014708,0,200,216,0,247.78
88,4,13,train,1.7286707384215396e-09,1.6548528257618966e-09,0.0427021242501314,215598490.7014708,0,200,217,0,299.73
89,4,14,train,1.6548528257618966e-09,1.589003616146451e-09,0.03979158061087907,215598490.7014708,0,200,224,0,228.25
90,4,15,train,1.589003616146451e-09,1.5273345388311881e-09,0.03880990369601477,215598490.7014708,0,200,218,0,252.79
91,4,16,train,1.5273345388311881e-09,1.4768915430955393e-09,0.03302681531333074,215598490.7014708,0,200,214,0,246.39
92,4,17,train,1.4768915430955393e-09,1.426238440403062e-09,0.034297103893160076,215598490.7014708,0,200,221,0,265.05
93,4,18,train,1.426238440403062e-09,1.3798151301631462e-09,0.03254947344344219,215598490.7014708,0,200,217,0,249.98
94,4,19,train,1.3798151301631462e-09,1.3367265465501547e-09,0.031227794703118542,215598490.7014708,0,200,216,0,224.05
95,4,20,train,1.3367265465501547e-09,1.297123219230943e-09,0.02962709719607249,215598490.7014708,0,200,215,0,167.79
96,4,21,train,1.297123219230943e-09,1.2577210127780822e-09,0.030376610231541524,215598490.7014708,0,200,219,0,252.21
97,4,22,train,1.2577210127780822e-09,1.2195575065598703e-09,0.03034337967679767,215598490.7014708,0,200,215,0,266.28
98,4,23,train,1.2195575065598703e-09,1.1860554866593867e-09,0.02747063563651553,215598490.7014708,0,200,213,0,326.09
99,4,24,train,1.1860554866593867e-09,1.1549825599130241e-09,0.026198543909511193,215598490.7014708,0,200,220,0,225.75
100,5,0,train,4.0553181312703294e-07,4.443152076813988e-09,0.9890436411324846,2465897.7856485695,1,200,213,0,236.28
101,5,1,train,4.443152076813988e-09,3.3873605818659402e-09,0.23762218278720604,225065445.14160794,1,200,214,0,276.76
102,5,2,train,3.3873605818659402e-09,2.86738547287996e-09,0.15350450488490663,225065445.14160794,0,200,209,0,277.52
103,5,3,train,2.86738547287996e-09,2.576124433821013e-09,0.10157721792682749,225065445.14160794,0,200,214,0,197.64
104,5,4,train,2.576124433821013e-09,2.364039315002199e-09,0.08232720284564846,225065445.14160794,0,200,216,0,145.71
105,5,5,train,2.364039315002199e-09,2.195222120219159e-09,0.07141048531288188,225065445.14160794,0,200,221,0,129.65
106,5,6,train,2.195222120219159e-09,2.0468089876533574e-09,0.06760734196272812,225065445.14160794,0,200,213,0,128.14
107,5,7,train,2.0468089876533574e-09,1.9414854441788028e-09,0.0514574364827794,225065445.14160794,0,200,217,0,184.27
108,5,8,train,1.9414854441788028e-09,1.8514351021381327e-09,0.0463821875722375,225065445.14160794,0,200,213,0,165.6
109,5,9,train,1.8514351021381327e-09,1.7648933150255635e-09,0.04674308433097455,225065445.14160794,0,200,217,0,129.43
110,5,10,train,1.7648933150255635e-09,1.6900353451205427e-09,0.042415011302786035,225065445.14160794,0,200,221,0,113.11
111,5,11,train,1.6900353451205427e-09,1.610157653064879e-09,0.04726391805135083,225065445.14160794,0,200,223,0,111.97
112,5,12,train,1.610157653064879e-09,1.5501680561471324e-09,0.037256970957817985,225065445.14160794,0,200,223,0,112.01
113,5,13,train,1.5501680561471324e-09,1.493149192671434e-09,0.03678237546541628,225065445.14160794,0,200,219,0,110.72
114,5,14,train,1.493149192671434e-09,1.4439579234973278e-09,0.03294464439022119,225065445.14160794,0,200,217,0,108.46
115,5,15,train,1.4439579234973278e-09,1.3937774366303184e-09,0.034752042320921744,225065445.14160794,0,200,219,0,109.64
116,5,16,train,1.3937774366303184e-09,1.3449943965413596e-09,0.035000595365426206,225065445.14160794,0,200,219,0,110.41
117,5,17,train,1.3449943965413596e-09,1.2981995596303812e-09,0.03479184525326716,225065445.14160794,0,200,218,0,109.3
118,5,18,train,1.2981995596303812e-09,1.2602120853952342e-09,0.029261660084034156,225065445.14160794,0,200,221,0,109.5
119,5,19,train,1.2602120853952342e-09,1.2223860792458409e-09,0.030015587525118896,225065445.14160794,0,200,216,0,107.07
120,5,20,train,1.2223860792458409e-09,1.1902577702052595e-09,0.026283274642986115,225065445.14160794,0,200,218,0,124.14
121,5,21,train,1.1902577702052595e-09,1.156561132995775e-09,0.028310369445160972,225065445.14160794,0,200,213,0,116.37
122,5,22,train,1.156561132995775e-09,1.1237484008227056e-09,0.028370944895992175,225065445.14160794,0,200,211,0,119.38
123,5,23,train,1.1237484008227056e-09,1.0956639782222917e-09,0.02499173532069373,225065445.14160794,0,200,220,0,123.15
124,5,24,train,1.0956639782222917e-09,1.0688667353270958e-09,0.02445753755514922,225065445.14160794,0,200,211,0,119.84
125,6,0,train,3.378105288064708e-08,4.682990399973767e-09,0.8613722782259218,29602392.90152181,1,200,205,0,115.85
126,6,1,train,4.682990399973767e-09,3.495540789497506e-09,0.2535665267396048,29602392.90152181,0,200,208,0,116.45
127,6,2,train,3.495540789497506e-09,2.962227570190186e-09,0.15256958834801224,29602392.90152181,0,200,218,0,104.97
128,6,3,train,2.962227570190186e-09,2.627565383020751e-09,0.11297652838601739,337583786.62845147,1,200,213,0,102.32
129,6,4,train,2.627565383020751e-09,2.2879532407143434e-09,0.1292497398926669,337583786.62845147,0,200,211,0,100.8
130,6,5,train,2.2879532407143434e-09,2.073513384378952e-09,0.09372562888061436,337583786.62845147,0,200,209,0,100.85
131,6,6,train,2.073513384378952e-09,1.931234465709027e-09,0.06861731385087705,337583786.62845147,0,200,215,0,101.33
132,6,7,train,1.931234465709027e-09,1.815278057977397e-09,0.06004263583244317,337583786.62845147,0,200,215,0,99.41
133,6,8,train,1.815278057977397e-09,1.7067633750088658e-09,0.059778546042383994,337583786.62845147,0,200,223,0,104.06
134,6,9,train,1.7067633750088658e-09,1.6257351945316419e-09,0.04747475933903433,337583786.62845147,0,200,220,0,103.2
135,6,10,train,1.6257351945316419e-09,1.5474939728781815e-09,0.04812667026993958,337583786.62845147,0,200,216,0,101.48
136,6,11,train,1.5474939728781815e-09,1.4808712876203766e-09,0.04305198367518903,337583786.62845147,0,200,218,0,102.32
137,6,12,train,1.4808712876203766e-09,1.421227411688611e-09,0.040276205251847254,337583786.62845147,0,200,219,0,103.02
138,6,13,train,1.421227411688611e-09,1.3708918045144018e-09,0.03541699713939768,337583786.62845147,0,200,218,0,102.17
139,6,14,train,1.3708918045144018e-09,1.32357526927892e-09,0.034515149247859304,337583786.62845147,0,200,218,0,100.74
140,6,15,train,1.32357526927892e-09,1.274803409669076e-09,0.036848572757343025,337583786.62845147,0,200,226,0,107.48
141,6,16,train,1.274803409669076e-09,1.2343591438785762e-09,0.03172588454324777,337583786.62845147,0,200,214,0,101.87
142,6,17,train,1.2343591438785762e-09,1.1961026810420933e-09,0.03099297560698123,337583786.62845147,0,200,216,0,101.11
143,6,18,train,1.1961026810420933e-09,1.1610458308521045e-09,0.029309231344123287,337583786.62845147,0,200,217,0,101.15
144,6,19,train,1.1610458308521045e-09,1.12270042911908e-09,0.033026604733494704,337583786.62845147,0,200,217,0,101.57
145,6,20,train,1.12270042911908e-09,1.0885126446786795e-09,0.030451386276948145,337583786.62845147,0,200,224,0,105.0
146,6,21,train,1.0885126446786795e-09,1.05426348635678e-09,0.0314641804937503,337583786.62845147,0,200,219,0,96.85
147,6,22,train,1.05426348635678e-09,1.0261471563911431e-09,0.02666916793523656,337583786.62845147,0,200,218,0,93.74
148,6,23,train,1.0261471563911431e-09,9.978045840170584e-10,0.027620378030147896,337583786.62845147,0,200,218,0,93.65
149,6,24,train,9.978045840170584e-10,9.697852907810898e-10,0.028080942586138292,337583786.62845147,0,200,223,0,96.01
150,7,0,train,8.293606780221643e-08,3.583891393541573e-09,0.9567873002842584,12057480.255571935,1,200,212,0,91.76
151,7,1,train,3.583891393541573e-09,2.5856252304356842e-09,0.2785425264015632,279026312.5166324,1,200,215,0,92.28
152,7,2,train,2.5856252304356842e-09,2.1536084745630777e-09,0.16708405796295955,279026312.5166324,0,200,212,0,89.43
153,7,3,train,2.1536084745630777e-09,1.8845768695068407e-09,0.12492131612307937,279026312.5166324,0,200,212,0,90.9
154,7,4,train,1.8845768695068407e-09,1.7181129857355562e-09,0.08832958021757163,279026312.5166324,0,200,215,0,92.62
155,7,5,train,1.7181129857355562e-09,1.5789301892262067e-09,0.08100910572523422,279026312.5166324,0,200,215,0,92.56
156,7,6,train,1.5789301892262067e-09,1.4738551046335544e-09,0.06654827763103761,279026312.5166324,0,200,220,0,94.23
157,7,7,train,1.4738551046335544e-09,1.3816894259621858e-09,0.06253374458697808,279026312.5166324,0,200,216,0,92.65
158,7,8,train,1.3816894259621858e-09,1.2930926774218005e-09,0.06412204282354407,279026312.5166324,0,200,220,0,93.85
159,7,9,train,1.2930926774218005e-09,1.2231813646968541e-09,0.05406519884122868,279026312.5166324,0,200,220,0,94.08
160,7,10,train,1.2231813646968541e-09,1.1637016528567308e-09,0.04862705855142289,279026312.5166324,0,200,221,0,94.41
161,7,11,train,1.1637016528567308e-09,1.1045310423080012e-09,0.05084689052685777,279026312.5166324,0,200,220,0,94.91
162,7,12,train,1.1045310423080012e-09,1.0576349932076187e-09,0.04245788239902213,279026312.5166324,0,200,210,0,89.78
163,7,13,train,1.0576349932076187e-09,1.0114710453928184e-09,0.04364827952107875,279026312.5166324,0,200,217,0,92.83
164,7,14,train,1.0114710453928184e-09,9.719094705564141e-10,0.03911290888316035,279026312.5166324,0,200,216,0,92.88
165,7,15,train,9.719094705564141e-10,9.332126134784878e-10,0.039815289643975314,279026312.5166324,0,200,218,0,92.76
166,7,16,train,9.332126134784878e-10,8.991092419921245e-10,0.03654405329911392,279026312.5166324,0,200,212,0,91.82
167,7,17,train,8.991092419921245e-10,8.698524075643411e-10,0.03253979946080871,279026312.5166324,0,200,217,0,93.17
168,7,18,train,8.698524075643411e-10,8.413276572709246e-10,0.0327926324573707,279026312.5166324,0,200,221,0,95.34
169,7,19,train,8.413276572709246e-10,8.149721427241957e-10,0.03132610026421831,279026312.5166324,0,200,220,0,94.82
170,7,20,train,8.149721427241957e-10,7.906965169008188e-10,0.029787062097891018,279026312.5166324,0,200,216,0,92.7
171,7,21,train,7.906965169008188e-10,7.662158517529587e-10,0.03096088654065855,279026312.5166324,0,200,226,0,96.53
172,7,22,train,7.662158517529587e-10,7.438843732150563e-10,0.029145153401371325,279026312.5166324,0,200,222,0,94.23
173,7,23,train,7.438843732150563e-10,7.239890664304779e-10,0.026745160270797402,279026312.5166324,0,200,216,0,93.14
174,7,24,train,7.239890664304779e-10,7.060547029790373e-10,0.024771594327885876,279026312.5166324,0,200,214,0,91.99
175,8,0,train,2.827322099093237e-08,8.390757322254594e-09,0.7032259845828804,35369157.278568104,1,200,206,0,88.75
176,8,1,train,8.390757322254594e-09,6.63601674559206e-09,0.20912779493794678,35369157.278568104,0,200,219,0,93.29
177,8,2,train,6.63601674559206e-09,5.5922185382342656e-09,0.15729288327235338,35369157.278568104,0,200,213,0,91.28
178,8,3,train,5.5922185382342656e-09,4.731576979447216e-09,0.15389984366719614,35369157.278568104,0,200,225,0,95.93
179,8,4,train,4.731576979447216e-09,4.088225930855933e-09,0.13596968862301906,35369157.278568104,0,200,219,0,93.76
180,8,5,train,4.088225930855933e-09,3.5537774105955e-09,0.13072871443495243,35369157.278568104,0,200,216,0,92.81
181,8,6,train,3.5537774105955e-09,3.1057219886755443e-09,0.12607863975500816,35369157.278568104,0,200,219,0,93.97
182,8,7,train,3.1057219886755443e-09,2.756427977113731e-09,0.11246789404700455,35369157.278568104,0,200,223,0,96.06
183,8,8,train,2.756427977113731e-09,2.545127511084555e-09,0.07665735066672395,362788365.3419832,1,200,207,0,89.04
184,8,9,train,2.545127511084555e-09,2.352011633168637e-09,0.07587670050905453,362788365.3419832,0,200,215,0,92.27
185,8,10,train,2.352011633168637e-09,2.1634560492385474e-09,0.0801677939305372,362788365.3419832,0,200,211,0,90.22
186,8,11,train,2.1634560492385474e-09,1.9957879422294595e-09,0.07750012165400846,362788365.3419832,0,200,217,0,92.07
187,8,12,train,1.9957879422294595e-09,1.8728542123369037e-09,0.06159658914224561,362788365.3419832,0,200,218,0,93.49
188,8,13,train,1.8728542123369037e-09,1.7584935545500297e-09,0.061062231664138676,362788365.3419832,0,200,219,0,94.18
189,8,14,train,1.7584935545500297e-09,1.6632521890553075e-09,0.054160770307226366,362788365.3419832,0,200,215,0,91.26
190,8,15,train,1.6632521890553075e-09,1.5854991834159875e-09,0.046747574511524934,362788365.3419832,0,200,221,0,93.27
191,8,16,train,1.5854991834159875e-09,1.5146788242159875e-09,0.044667546940904926,362788365.3419832,0,200,221,0,94.27
192,8,17,train,1.5146788242159875e-09,1.450010633792375e-09,0.042694325285154405,362788365.3419832,0,200,221,0,93.29
193,8,18,train,1.450010633792375e-09,1.3908824273759243e-09,0.0407777743407343,362788365.3419832,0,200,222,0,93.41
194,8,19,train,1.3908824273759243e-09,1.33956319846972e-09,0.036896884953118915,362788365.3419832,0,200,217,0,92.3
195,8,20,train,1.33956319846972e-09,1.2930707821872131e-09,0.034707146580033404,362788365.3419832,0,200,215,0,91.1
196,8,21,train,1.2930707821872131e-09,1.2460728432479903e-09,0.03634599094391909,362788365.3419832,0,200,217,0,92.43
197,8,22,train,1.2460728432479903e-09,1.2026154705253892e-09,0.034875467319652,362788365.3419832,0,200,220,0,92.81
198,8,23,train,1.2026154705253892e-09,1.1616459316062227e-09,0.034067031335683715,362788365.3419832,0,200,219,0,92.76
199,8,24,train,1.1616459316062227e-09,1.12642820360846e-09,0.03031709322053633,362788365.3419832,0,200,222,0,94.51
200,9,0,train,4.825894072958841e-08,4.256393868482817e-09,0.9118009263333634,20721548.89605528,1,200,213,0,89.94
201,9,1,train,4.256393868482817e-09,3.0085039587352292e-09,0.2931800834945747,234940663.59898406,1,200,210,0,88.62
202,9,2,train,3.0085039587352292e-09,2.4776228728285757e-09,0.1764601586663144,234940663.59898406,0,200,211,0,89.52
203,9,3,train,2.4776228728285757e-09,2.180423719301228e-09,0.11995334592146815,234940663.59898406,0,200,215,0,91.47
204,9,4,train,2.180423719301228e-09,1.9761660050818608e-09,0.0936779913056654,234940663.59898406,0,200,213,0,90.97
205,9,5,train,1.9761660050818608e-09,1.8164472473730675e-09,0.08082254086856283,234940663.59898406,0,200,213,0,89.9
206,9,6,train,1.8164472473730675e-09,1.6957971155191168e-09,0.06642093902172722,234940663.59898406,0,200,222,0,94.37
207,9,7,train,1.6957971155191168e-09,1.6056815452267605e-09,0.053140537548779884,234940663.59898406,0,200,215,0,91.94
208,9,8,train,1.6056815452267605e-09,1.5224834622924324e-09,0.05181480922020472,234940663.59898406,0,200,219,0,92.47
209,9,9,train,1.5224834622924324e-09,1.4472198754721485e-09,0.049434748346598174,234940663.59898406,0,200,220,0,93.58
210,9,10,train,1.4472198754721485e-09,1.3852000651785408e-09,0.04285444896434554,234940663.59898406,0,200,220,0,92.59
211,9,11,train,1.3852000651785408e-09,1.3202258303762008e-09,0.04690602927019453,234940663.59898406,0,200,215,0,89.91
212,9,12,train,1.3202258303762008e-09,1.2651532531993025e-09,0.04171451270666724,234940663.59898406,0,200,219,0,92.2
213,9,13,train,1.2651532531993025e-09,1.2128135545888177e-09,0.041370243864234525,234940663.59898406,0,200,218,0,91.24
214,9,14,train,1.2128135545888177e-09,1.164690363432254e-09,0.03967896877016599,234940663.59898406,0,200,219,0,92.46
215,9,15,train,1.164690363432254e-09,1.1256510028280818e-09,0.033519089562247445,234940663.59898406,0,200,224,0,94.2
216,9,16,train,1.1256510028280818e-09,1.0890359046620407e-09,0.032527931014185905,234940663.59898406,0,200,213,0,88.69
217,9,17,train,1.0890359046620407e-09,1.0561473554124958e-09,0.03019969232304718,234940663.59898406,0,200,220,0,91.72
218,9,18,train,1.0561473554124958e-09,1.0259234405885906e-09,0.02861713819479355,234940663.59898406,0,200,217,0,90.66
219,9,19,train,1.0259234405885906e-09,9.968279270532247e-10,0.028360316554102007,234940663.59898406,0,200,217,0,90.71
220,9,20,train,9.968279270532247e-10,9.688831043868401e-10,0.02803374775924846,234940663.59898406,0,200,216,0,89.93
221,9,21,train,9.688831043868401e-10,9.41727824882796e-10,0.028027405350647842,234940663.59898406,0,200,211,0,87.42
222,9,22,train,9.41727824882796e-10,9.18494099365502e-10,0.024671380523545332,234940663.59898406,0,200,218,0,90.75
223,9,23,train,9.18494099365502e-10,8.93931070591728e-10,0.026742718097745144,234940663.59898406,0,200,218,0,91.51
224,9,24,train,8.93931070591728e-10,8.749146858843303e-10,0.021272764011670404,234940663.59898406,0,200,211,0,88.03
225,10,0,train,1.759736081199603e-08,4.611681109239766e-09,0.7379333663434344,56826703.20189748,1,200,211,0,88.07
226,10,1,train,4.611681109239766e-09,3.621066427733062e-09,0.21480554661985424,56826703.20189748,0,200,224,0,90.56
227,10,2,train,3.621066427733062e-09,3.1816504436365664e-09,0.12134988210409285,56826703.20189748,0,200,212,0,89.67
228,10,3,train,3.1816504436365664e-09,2.8940397537686005e-09,0.09039669660857912,56826703.20189748,0,200,220,0,90.86
229,10,4,train,2.8940397537686005e-09,2.66966052522652e-09,0.07753149494573991,56826703.20189748,0,200,216,0,89.56
230,10,5,train,2.66966052522652e-09,2.4977022948335644e-09,0.06441202121695414,56826703.20189748,0,200,219,0,91.31
231,10,6,train,2.4977022948335644e-09,2.3621687396697594e-09,0.054263294486357645,56826703.20189748,0,200,219,0,90.33
232,10,7,train,2.3621687396697594e-09,2.2245020932300075e-09,0.05827976813332916,56826703.20189748,0,200,220,0,90.49
233,10,8,train,2.2245020932300075e-09,2.108931949435768e-09,0.051953263674582584,56826703.20189748,0,200,217,0,89.34
234,10,9,train,2.108931949435768e-09,2.0080582970450123e-09,0.04783162985308455,56826703.20189748,0,200,215,0,87.51
235,10,10,train,2.0080582970450123e-09,1.908299151361044e-09,0.049679407132138684,56826703.20189748,0,200,220,0,88.6
236,10,11,train,1.908299151361044e-09,1.8193244950111696e-09,0.04662510921645365,56826703.20189748,0,200,220,0,88.99
237,10,12,train,1.8193244950111696e-09,1.7273897756328772e-09,0.05053233748591282,56826703.20189748,0,200,219,0,88.0
238,10,13,train,1.7273897756328772e-09,1.6646110305700746e-09,0.03634312646073286,578908138.8036016,1,200,214,0,84.92
239,10,14,train,1.6646110305700746e-09,1.6076955965652193e-09,0.03419143148736892,578908138.8036016,0,200,213,0,85.34
240,10,15,train,1.6076955965652193e-09,1.5517318099722003e-09,0.034809939588429276,578908138.8036016,0,200,208,0,80.87
241,10,16,train,1.5517318099722003e-09,1.4961032470504266e-09,0.03584934108089871,578908138.8036016,0,200,219,0,83.27
242,10,17,train,1.4961032470504266e-09,1.4268056811985586e-09,0.04631870560303135,578908138.8036016,0,200,218,0,81.82
243,10,18,train,1.4268056811985586e-09,1.3628557393769275e-09,0.04482035827605571,578908138.8036016,0,200,215,0,80.93
244,10,19,train,1.3628557393769275e-09,1.2952301792675902e-09,0.049620483045589615,578908138.8036016,0,200,221,0,83.05
245,10,20,train,1.2952301792675902e-09,1.2377531288840898e-09,0.04437593510676359,578908138.8036016,0,200,215,0,80.67
246,10,21,train,1.2377531288840898e-09,1.1902496877458637e-09,0.038378768778434304,578908138.8036016,0,200,224,0,83.5
247,10,22,train,1.1902496877458637e-09,1.1418564132226931e-09,0.04065808630021105,578908138.8036016,0,200,226,0,84.51
248,10,23,train,1.1418564132226931e-09,1.0980037638448394e-09,0.038404696834067914,578908138.8036016,0,200,218,0,80.54
249,10,24,train,1.0980037638448394e-09,1.058275843342301e-09,0.03618195293195038,578908138.8036016,0,200,217,0,80.56
250,11,0,train,2.6656280813927095e-08,3.735649026772237e-09,0.8598585806906539,37514610.79587406,1,200,210,0,78.13
251,11,1,train,3.735649026772237e-09,2.635975277394653e-09,0.29437287643902393,37514610.79587406,0,200,212,0,78.62
252,11,2,train,2.635975277394653e-09,2.2181065312363082e-09,0.15852529033252477,379366228.7259312,1,200,211,0,72.76
253,11,3,train,2.2181065312363082e-09,1.8678648434372298e-09,0.15790120215906128,379366228.7259312,0,200,214,0,78.11
254,11,4,train,1.8678648434372298e-09,1.6715585942983724e-09,0.10509660258802035,379366228.7259312,0,200,215,0,79.74
255,11,5,train,1.6715585942983724e-09,1.531893793812298e-09,0.08355363728347077,379366228.7259312,0,200,224,0,83.18
256,11,6,train,1.531893793812298e-09,1.4129245377399112e-09,0.07766155627298266,379366228.7259312,0,200,218,0,80.93
257,11,7,train,1.4129245377399112e-09,1.3184378087344234e-09,0.06687316023021804,379366228.7259312,0,200,222,0,82.16
258,11,8,train,1.3184378087344234e-09,1.2419479987540565e-09,0.05801548580724479,379366228.7259312,0,200,222,0,82.23
259,11,9,train,1.2419479987540565e-09,1.1707837671241763e-09,0.05730049221164927,379366228.7259312,0,200,223,0,82.99
260,11,10,train,1.1707837671241763e-09,1.116133998540386e-09,0.04667793500248796,379366228.7259312,0,200,214,0,79.39
261,11,11,train,1.116133998540386e-09,1.0678274273814325e-09,0.04328026135045251,379366228.7259312,0,200,214,0,79.12
262,11,12,train,1.0678274273814325e-09,1.0229325193093436e-09,0.042043224327157354,379366228.7259312,0,200,211,0,78.74
263,11,13,train,1.0229325193093436e-09,9.796109666239317e-10,0.042350352410989445,379366228.7259312,0,200,218,0,80.92
264,11,14,train,9.796109666239317e-10,9.371542335682965e-10,0.04334040195768256,379366228.7259312,0,200,227,0,84.09
265,11,15,train,9.371542335682965e-10,9.025146971603108e-10,0.03696247124242572,379366228.7259312,0,200,222,0,82.29
266,11,16,train,9.025146971603108e-10,8.719972194989639e-10,0.033813829023912535,379366228.7259312,0,200,216,0,79.79
267,11,17,train,8.719972194989639e-10,8.425034356987961e-10,0.033823254410277184,379366228.7259312,0,200,214,0,78.89
268,11,18,train,8.425034356987961e-10,8.186104614293659e-10,0.028359497726691964,379366228.7259312,0,200,226,0,83.46
269,11,19,train,8.186104614293659e-10,7.939078068317689e-10,0.03017632410226478,379366228.7259312,0,200,217,0,79.82
270,11,20,train,7.939078068317689e-10,7.702657165504189e-10,0.029779390097822572,379366228.7259312,0,200,222,0,82.81
271,11,21,train,7.702657165504189e-10,7.486215917718988e-10,0.028099556183613785,379366228.7259312,0,200,220,0,80.93
272,11,22,train,7.486215917718988e-10,7.283363954601072e-10,0.027096728887793617,379366228.7259312,0,200,217,0,81.08
273,11,23,train,7.283363954601072e-10,7.095567606926935e-10,0.025784287156967036,379366228.7259312,0,200,212,0,78.75
274,11,24,train,7.095567606926935e-10,6.924985767012458e-10,0.02404061935058567,379366228.7259312,0,200,217,0,80.53
275,12,0,train,2.8224474498569417e-08,4.267804894861396e-09,0.8487906339911585,35430243.35318221,1,200,208,0,76.63
276,12,1,train,4.267804894861396e-09,2.9311168485721683e-09,0.31320270706344894,35430243.35318221,0,200,210,0,77.74
277,12,2,train,2.9311168485721683e-09,2.406828116118892e-09,0.17886995283339605,35430243.35318221,0,200,214,0,78.8
278,12,3,train,2.406828116118892e-09,2.1416634613427225e-09,0.11017182864049234,415484592.89753544,1,200,213,0,77.78
279,12,4,train,2.1416634613427225e-09,1.887857177837759e-09,0.11850894787448954,415484592.89753544,0,200,206,0,76.05
280,12,5,train,1.887857177837759e-09,1.7026133661474585e-09,0.09812384849073587,415484592.89753544,0,200,210,0,77.27
281,12,6,train,1.7026133661474585e-09,1.5686771097155969e-09,0.07866510336103036,415484592.89753544,0,200,219,0,81.63
282,12,7,train,1.5686771097155969e-09,1.4615933669233406e-09,0.06826372497503368,415484592.89753544,0,200,218,0,80.39
283,12,8,train,1.4615933669233406e-09,1.3651800825895859e-09,0.06596450593964111,415484592.89753544,0,200,215,0,79.11
284,12,9,train,1.3651800825895859e-09,1.2877057195168736e-09,0.0567502881566749,415484592.89753544,0,200,224,0,77.88
285,12,10,train,1.2877057195168736e-09,1.2212352847913588e-09,0.051619274278329276,415484592.89753544,0,200,218,0,75.67
286,12,11,train,1.2212352847913588e-09,1.1622251641940532e-09,0.04832002590507129,415484592.89753544,0,200,221,0,76.98
287,12,12,train,1.1622251641940532e-09,1.1115147267623779e-09,0.043632197093960344,415484592.89753544,0,200,217,0,75.51
288,12,13,train,1.1115147267623779e-09,1.0650453822599706e-09,0.041807223407433605,415484592.89753544,0,200,220,0,75.94
289,12,14,train,1.0650453822599706e-09,1.020252819082333e-09,0.04205695261791572,415484592.89753544,0,200,224,0,78.08
290,12,15,train,1.020252819082333e-09,9.771017403371395e-10,0.04229449597013199,415484592.89753544,0,200,222,0,77.47
291,12,16,train,9.771017403371395e-10,9.412589044068227e-10,0.03668280840227512,415484592.89753544,0,200,223,0,76.79
292,12,17,train,9.412589044068227e-10,9.093946771108453e-10,0.033852776474989146,415484592.89753544,0,200,220,0,76.97
293,12,18,train,9.093946771108453e-10,8.784447870302395e-10,0.0340335069685408,415484592.89753544,0,200,218,0,74.07
294,12,19,train,8.784447870302395e-10,8.52690985442011e-10,0.02931749606630873,415484592.89753544,0,200,220,0,71.84
295,12,20,train,8.52690985442011e-10,8.296155242500907e-10,0.027061926988660116,415484592.89753544,0,200,217,0,70.55
296,12,21,train,8.296155242500907e-10,8.059553733510558e-10,0.028519416774923322,415484592.89753544,0,200,218,0,70.33
297,12,22,train,8.059553733510558e-10,7.845402025948778e-10,0.02657116195793394,415484592.89753544,0,200,219,0,68.55
298,12,23,train,7.845402025948778e-10,7.646232401765228e-10,0.02538679643500664,415484592.89753544,0,200,222,0,69.27
299,12,24,train,7.646232401765228e-10,7.438395047791209e-10,0.027181668441837677,415484592.89753544,0,200,218,0,65.64
300,13,0,train,5.93897423833491e-08,4.717110265493799e-09,0.9205736533584238,16837924.52819877,1,200,212,0,63.57
301,13,1,train,4.717110265493799e-09,3.1197825474698925e-09,0.33862420594840476,211994196.38652807,1,200,209,0,61.55
302,13,2,train,3.1197825474698925e-09,2.419573331840988e-09,0.2244416734098234,211994196.38652807,0,200,216,0,62.24
303,13,3,train,2.419573331840988e-09,1.984747338096788e-09,0.17971184754849012,211994196.38652807,0,200,211,0,61.59
304,13,4,train,1.984747338096788e-09,1.769434291142386e-09,0.10848385727569218,211994196.38652807,0,200,214,0,62.01
305,13,5,train,1.769434291142386e-09,1.6057154386892093e-09,0.09252609903218063,211994196.38652807,0,200,213,0,61.6
306,13,6,train,1.6057154386892093e-09,1.4783516327395242e-09,0.07931903927738021,211994196.38652807,0,200,211,0,61.15
307,13,7,train,1.4783516327395242e-09,1.375886387009393e-09,0.06931046948570246,211994196.38652807,0,200,216,0,62.88
308,13,8,train,1.375886387009393e-09,1.2800483295904533e-09,0.06965550231749286,211994196.38652807,0,200,211,0,59.84
309,13,9,train,1.2800483295904533e-09,1.1949176021119223e-09,0.06650586974772138,211994196.38652807,0,200,223,0,62.96
310,13,10,train,1.1949176021119223e-09,1.1222135227358459e-09,0.06084442914522116,211994196.38652807,0,200,215,0,61.34
311,13,11,train,1.1222135227358459e-09,1.058729002626749e-09,0.056570802991508955,211994196.38652807,0,200,220,0,62.24
312,13,12,train,1.058729002626749e-09,1.0079774907474272e-09,0.047936262965693116,211994196.38652807,0,200,217,0,61.7
313,13,13,train,1.0079774907474272e-09,9.593722159566234e-10,0.048220595436870725,211994196.38652807,0,200,218,0,62.32
314,13,14,train,9.593722159566234e-10,9.235415707732444e-10,0.037348012155689836,211994196.38652807,0,200,220,0,62.08
315,13,15,train,9.235415707732444e-10,8.88712083290306e-10,0.03771296126256347,211994196.38652807,0,200,219,0,62.41
316,13,16,train,8.88712083290306e-10,8.579495145869634e-10,0.034614774888003505,211994196.38652807,0,200,212,0,60.47
317,13,17,train,8.579495145869634e-10,8.31557489029061e-10,0.03076174659368868,211994196.38652807,0,200,217,0,61.33
318,13,18,train,8.31557489029061e-10,8.0681653901897e-10,0.02975254307309401,211994196.38652807,0,200,217,0,61.59
319,13,19,train,8.0681653901897e-10,7.844078249216365e-10,0.027774237405421585,211994196.38652807,0,200,214,0,60.57
320,13,20,train,7.844078249216365e-10,7.627054366162853e-10,0.027667225664812035,211994196.38652807,0,200,216,0,61.9
321,13,21,train,7.627054366162853e-10,7.419296341525443e-10,0.027239615015610754,211994196.38652807,0,200,216,0,61.11
322,13,22,train,7.419296341525443e-10,7.212055417201605e-10,0.027932692641473453,211994196.38652807,0,200,222,0,63.28
323,13,23,train,7.212055417201605e-10,7.025133579732544e-10,0.025917970211824723,211994196.38652807,0,200,213,0,60.51
324,13,24,train,7.025133579732544e-10,6.841902706021911e-10,0.026082190698729683,211994196.38652807,0,200,218,0,62.17
325,14,0,train,2.5966039046311478e-08,3.2132998315975644e-09,0.8762499037351629,38511842.26506244,1,200,213,0,60.31
326,14,1,train,3.2132998315975644e-09,2.337183206644239e-09,0.2726532445986356,38511842.26506244,0,200,210,0,59.97
327,14,2,train,2.337183206644239e-09,1.9955358482455055e-09,0.14617910886381721,427865473.7708022,1,200,214,0,60.64
328,14,3,train,1.9955358482455055e-09,1.6377512255539042e-09,0.17929250582301945,427865473.7708022,0,200,213,0,61.05
329,14,4,train,1.6377512255539042e-09,1.4316491863141496e-09,0.12584453366539156,427865473.7708022,0,200,217,0,61.45
330,14,5,train,1.4316491863141496e-09,1.2903388296472952e-09,0.09870459747940398,427865473.7708022,0,200,217,0,59.47
331,14,6,train,1.2903388296472952e-09,1.1706986775206527e-09,0.09271995027797877,427865473.7708022,0,200,215,0,59.14
332,14,7,train,1.1706986775206527e-09,1.078238200452847e-09,0.07897888572285883,427865473.7708022,0,200,217,0,59.4
333,14,8,train,1.078238200452847e-09,1.0058152082521216e-09,0.06716789682493973,427865473.7708022,0,200,217,0,59.73
334,14,9,train,1.0058152082521216e-09,9.422045121981228e-10,0.06324292527306254,427865473.7708022,0,200,215,0,59.04
335,14,10,train,9.422045121981228e-10,8.915231643512294e-10,0.0537901773879813,427865473.7708022,0,200,214,0,58.76
336,14,11,train,8.915231643512294e-10,8.449287765615157e-10,0.052263799363666465,427865473.7708022,0,200,213,0,58.33
337,14,12,train,8.449287765615157e-10,8.050933231700958e-10,0.04714652228266203,427865473.7708022,0,200,212,0,58.07
338,14,13,train,8.050933231700958e-10,7.689959187608976e-10,0.04483629831516042,427865473.7708022,0,200,217,0,59.4
339,14,14,train,7.689959187608976e-10,7.3671778836848e-10,0.04197438452524963,427865473.7708022,0,200,219,0,59.68
340,14,15,train,7.3671778836848e-10,7.076993818424342e-10,0.03938876864953869,427865473.7708022,0,200,219,0,58.91
341,14,16,train,7.076993818424342e-10,6.841005055587812e-10,0.033345904898511164,427865473.7708022,0,200,220,0,58.65
342,14,17,train,6.841005055587812e-10,6.598685331440945e-10,0.035421655469898804,427865473.7708022,0,200,218,0,58.03
343,14,18,train,6.598685331440945e-10,6.400580370330613e-10,0.030021883323700215,427865473.7708022,0,200,213,0,56.98
344,14,19,train,6.400580370330613e-10,6.208331386534138e-10,0.03003617995137278,427865473.7708022,0,200,217,0,57.95
345,14,20,train,6.208331386534138e-10,6.026659369062429e-10,0.029262616017204736,427865473.7708022,0,200,221,0,59.28
346,14,21,train,6.026659369062429e-10,5.844751344405758e-10,0.03018389019802379,427865473.7708022,0,200,218,0,58.29
347,14,22,train,5.844751344405758e-10,5.709328106734484e-10,0.023170059715353436,427865473.7708022,0,200,219,0,58.39
348,14,23,train,5.709328106734484e-10,5.566230596308921e-10,0.02506380921719507,427865473.7708022,0,200,223,0,59.58
349,14,24,train,5.566230596308921e-10,5.426622854680187e-10,0.025081199783801803,427865473.7708022,0,200,213,0,56.97
350,15,0,train,2.4183273828609666e-08,3.0493407340493377e-09,0.8739070336108976,41350894.30352332,1,200,213,0,56.83
351,15,1,train,3.0493407340493377e-09,2.340137827927595e-09,0.23257581489752524,41350894.30352332,0,200,214,0,57.01
352,15,2,train,2.340137827927595e-09,2.0517634530538063e-09,0.12322965401109326,427325257.5407453,1,200,211,0,55.65
353,15,3,train,2.0517634530538063e-09,1.7640408930998938e-09,0.1402318378981123,427325257.5407453,0,200,214,0,56.55
354,15,4,train,1.7640408930998938e-09,1.5922964715898914e-09,0.0973585262007171,427325257.5407453,0,200,217,0,57.35
355,15,5,train,1.5922964715898914e-09,1.4591113381923768e-09,0.08364342682021432,427325257.5407453,0,200,212,0,55.8
356,15,6,train,1.4591113381923768e-09,1.3572734831398273e-09,0.06979443746815893,427325257.5407453,0,200,213,0,56.29
357,15,7,train,1.3572734831398273e-09,1.2668929553695942e-09,0.06658976904282597,427325257.5407453,0,200,210,0,56.04
358,15,8,train,1.2668929553695942e-09,1.195726357663102e-09,0.056174120634943966,427325257.5407453,0,200,217,0,57.36
359,15,9,train,1.195726357663102e-09,1.1245477905968262e-09,0.0595274718250632,427325257.5407453,0,200,218,0,57.54
360,15,10,train,1.1245477905968262e-09,1.0624984384630977e-09,0.055177158901176936,427325257.5407453,0,200,214,0,56.53
361,15,11,train,1.0624984384630977e-09,1.0108443637646288e-09,0.04861567116577263,427325257.5407453,0,200,218,0,57.62
362,15,12,train,1.0108443637646288e-09,9.648933196877733e-10,0.045458080119992667,427325257.5407453,0,200,223,0,59.34
363,15,13,train,9.648933196877733e-10,9.209694530094959e-10,0.04552199272401494,427325257.5407453,0,200,219,0,58.31
364,15,14,train,9.209694530094959e-10,8.828601516835886e-10,0.04137954977917642,427325257.5407453,0,200,218,0,57.9
365,15,15,train,8.828601516835886e-10,8.446595173277019e-10,0.04326917947654465,427325257.5407453,0,200,216,0,57.48
366,15,16,train,8.446595173277019e-10,8.133107372935452e-10,0.03711410265444786,427325257.5407453,0,200,215,0,56.65
367,15,17,train,8.133107372935452e-10,7.866905978703895e-10,0.03273058894038408,427325257.5407453,0,200,221,0,58.85
368,15,18,train,7.866905978703895e-10,7.616116081873199e-10,0.031879101836172534,427325257.5407453,0,200,219,0,57.98
369,15,19,train,7.616116081873199e-10,7.380250272315362e-10,0.030969303385384516,427325257.5407453,0,200,223,0,58.67
370,15,20,train,7.380250272315362e-10,7.177331227070204e-10,0.027494873176095815,427325257.5407453,0,200,216,0,57.29
371,15,21,train,7.177331227070204e-10,6.956571774447979e-10,0.030757874429649123,427325257.5407453,0,200,225,0,59.57
372,15,22,train,6.956571774447979e-10,6.76639332125107e-10,0.027337956016704888,427325257.5407453,0,200,227,0,60.07
373,15,23,train,6.76639332125107e-10,6.59272416231587e-10,0.025666429763957253,427325257.5407453,0,200,219,0,58.37
374,15,24,train,6.59272416231587e-10,6.425625386462528e-10,0.02534593769423594,427325257.5407453,0,200,216,0,57.53
375,16,0,train,2.2934924275384545e-08,2.9908030446457325e-09,0.8695961229810694,43601626.410132684,1,200,210,0,55.45
376,16,1,train,2.9908030446457325e-09,2.194346991131716e-09,0.26630173957454917,43601626.410132684,0,200,214,0,56.49
377,16,2,train,2.194346991131716e-09,1.9580816732764456e-09,0.1076699896644051,455716440.49068946,1,200,212,0,56.01
378,16,3,train,1.9580816732764456e-09,1.7017508684935699e-09,0.130909148622978,455716440.49068946,0,200,215,0,56.97
379,16,4,train,1.7017508684935699e-09,1.5457572534154163e-09,0.09166654060017773,455716440.49068946,0,200,218,0,57.79
380,16,5,train,1.5457572534154163e-09,1.4379947572931474e-09,0.06971501889068488,455716440.49068946,0,200,215,0,56.56
381,16,6,train,1.4379947572931474e-09,1.3376984857866713e-09,0.06974731374909307,455716440.49068946,0,200,211,0,55.76
382,16,7,train,1.3376984857866713e-09,1.2620084162355695e-09,0.05658230935844268,455716440.49068946,0,200,221,0,57.84
383,16,8,train,1.2620084162355695e-09,1.1853055425548157e-09,0.06077841692177458,455716440.49068946,0,200,219,0,57.64
384,16,9,train,1.1853055425548157e-09,1.1151825542315746e-09,0.05916026358241561,455716440.49068946,0,200,216,0,57.22
385,16,10,train,1.1151825542315746e-09,1.0553591369303864e-09,0.05364450607139389,455716440.49068946,0,200,220,0,58.2
386,16,11,train,1.0553591369303864e-09,9.982314719473632e-10,0.05413101851677193,455716440.49068946,0,200,222,0,58.68
387,16,12,train,9.982314719473632e-10,9.47596117410126e-10,0.05072506323453921,455716440.49068946,0,200,214,0,56.46
388,16,13,train,9.47596117410126e-10,9.029646309156796e-10,0.04709969329172504,455716440.49068946,0,200,218,0,57.61
389,16,14,train,9.029646309156796e-10,8.596630987731844e-10,0.04795484857317606,455716440.49068946,0,200,227,0,60.85
390,16,15,train,8.596630987731844e-10,8.173235518250433e-10,0.04925132532565764,455716440.49068946,0,200,220,0,58.07
391,16,16,train,8.173235518250433e-10,7.812142947725738e-10,0.044179880748376074,455716440.49068946,0,200,224,0,59.71
392,16,17,train,7.812142947725738e-10,7.480077352513689e-10,0.042506338841216254,455716440.49068946,0,200,218,0,57.53
393,16,18,train,7.480077352513689e-10,7.200423602747841e-10,0.03738647831922089,455716440.49068946,0,200,215,0,56.7
394,16,19,train,7.200423602747841e-10,6.972920144274672e-10,0.03159584366485727,455716440.49068946,0,200,218,0,57.54
395,16,20,train,6.972920144274672e-10,6.759304172025991e-10,0.030635080831102997,455716440.49068946,0,200,213,0,56.02
396,16,21,train,6.759304172025991e-10,6.556041229365546e-10,0.030071578003793308,455716440.49068946,0,200,217,0,57.15
397,16,22,train,6.556041229365546e-10,6.386130793771581e-10,0.025916620968292423,455716440.49068946,0,200,217,0,57.35
398,16,23,train,6.386130793771581e-10,6.212148417215489e-10,0.02724378534899067,455716440.49068946,0,200,210,0,55.85
399,16,24,train,6.212148417215489e-10,6.061023624162875e-10,0.024327299172989425,455716440.49068946,0,200,213,0,56.28
400,17,0,train,2.762437549780733e-08,3.407415611201605e-09,0.8766518500491688,36199913.37286066,1,200,213,0,63.54
401,17,1,train,3.407415611201605e-09,2.513251551658635e-09,0.26241708132212505,36199913.37286066,0,200,220,0,66.04
402,17,2,train,2.513251551658635e-09,2.2624208528590625e-09,0.09980326029602386,397890931.10876393,1,200,208,0,62.57
403,17,3,train,2.2624208528590625e-09,1.9663412406367634e-09,0.13086849506719225,397890931.10876393,0,200,215,0,63.64
404,17,4,train,1.9663412406367634e-09,1.749160888641904e-09,0.11044896354029043,397890931.10876393,0,200,214,0,62.18
405,17,5,train,1.749160888641904e-09,1.6245949234018194e-09,0.07121469845852833,397890931.10876393,0,200,213,0,78.41
406,17,6,train,1.6245949234018194e-09,1.5104310551731078e-09,0.07027220544901021,397890931.10876393,0,200,218,0,78.28
407,17,7,train,1.5104310551731078e-09,1.4261942197815788e-09,0.0557700631902558,397890931.10876393,0,200,215,0,64.3
408,17,8,train,1.4261942197815788e-09,1.3436097544643453e-09,0.05790548311847831,397890931.10876393,0,200,215,0,67.11
409,17,9,train,1.3436097544643453e-09,1.2650298500292949e-09,0.058484172337955144,397890931.10876393,0,200,210,0,77.93
410,17,10,train,1.2650298500292949e-09,1.2041758665866345e-09,0.048104780643121695,397890931.10876393,0,200,223,0,77.01
411,17,11,train,1.2041758665866345e-09,1.1447586402657756e-09,0.04934264833697704,397890931.10876393,0,200,230,0,73.97
412,17,12,train,1.1447586402657756e-09,1.0959441317668936e-09,0.04264174716126091,397890931.10876393,0,200,220,0,74.87
413,17,13,train,1.0959441317668936e-09,1.0482427954965934e-09,0.04352533572436361,397890931.10876393,0,200,218,0,80.49
414,17,14,train,1.0482427954965934e-09,1.010136925252801e-09,0.036352141324033825,397890931.10876393,0,200,216,0,75.0
415,17,15,train,1.010136925252801e-09,9.70622809803898e-10,0.03911758342960676,397890931.10876393,0,200,213,0,70.68
416,17,16,train,9.70622809803898e-10,9.365722984823524e-10,0.035081095331383254,397890931.10876393,0,200,219,0,73.7
417,17,17,train,9.365722984823524e-10,9.020376124898045e-10,0.036873486487384796,397890931.10876393,0,200,214,0,72.96
418,17,18,train,9.020376124898045e-10,8.668911340245565e-10,0.03896342899520187,397890931.10876393,0,200,217,0,72.68
419,17,19,train,8.668911340245565e-10,8.394028963953634e-10,0.031708984612149084,397890931.10876393,0,200,216,0,72.6
420,17,20,train,8.394028963953634e-10,8.108647786973558e-10,0.03399811678105768,397890931.10876393,0,200,222,0,75.18
421,17,21,train,8.108647786973558e-10,7.860116489449392e-10,0.030650153275053917,397890931.10876393,0,200,217,0,74.87
422,17,22,train,7.860116489449392e-10,7.620099995659017e-10,0.030535997031665933,397890931.10876393,0,200,215,0,75.66
423,17,23,train,7.620099995659017e-10,7.402671946969074e-10,0.028533490218475656,397890931.10876393,0,200,216,0,74.57
424,17,24,train,7.402671946969074e-10,7.203815610524498e-10,0.02686277844934016,397890931.10876393,0,200,215,0,71.6
425,18,0,train,3.155965846129439e-08,3.0190096820290258e-09,0.9043395958884783,31686020.976000953,1,200,219,0,74.79
426,18,1,train,3.0190096820290258e-09,2.292265369862585e-09,0.2407227497455418,331234446.16710097,1,200,209,0,71.55
427,18,2,train,2.292265369862585e-09,1.9342428051741795e-09,0.15618722395560503,331234446.16710097,0,200,213,0,71.55
428,18,3,train,1.9342428051741795e-09,1.7257386750734483e-09,0.10779625471164946,331234446.16710097,0,200,209,0,68.12
429,18,4,train,1.7257386750734483e-09,1.5984759886827634e-09,0.07374389195123562,331234446.16710097,0,200,213,0,72.56
430,18,5,train,1.5984759886827634e-09,1.4975496488880692e-09,0.06313910281371404,331234446.16710097,0,200,215,0,76.59
431,18,6,train,1.4975496488880692e-09,1.4089442886190248e-09,0.059166893287867874,331234446.16710097,0,200,216,0,76.1
432,18,7,train,1.4089442886190248e-09,1.3392064147252549e-09,0.049496544651970203,331234446.16710097,0,200,214,0,69.71
433,18,8,train,1.3392064147252549e-09,1.2781099900632158e-09,0.04562136500411947,331234446.16710097,0,200,217,0,71.18
434,18,9,train,1.2781099900632158e-09,1.2260175101227312e-09,0.040757431164361764,331234446.16710097,0,200,219,0,74.65
435,18,10,train,1.2260175101227312e-09,1.1796002336007912e-09,0.037860206839373294,331234446.16710097,0,200,214,0,72.98
436,18,11,train,1.1796002336007912e-09,1.1390312975469882e-09,0.03439210581534406,331234446.16710097,0,200,214,0,71.63
437,18,12,train,1.1390312975469882e-09,1.0968152047963487e-09,0.03706315431503577,331234446.16710097,0,200,217,0,71.49
438,18,13,train,1.0968152047963487e-09,1.0559824703337667e-09,0.03722845405864305,331234446.16710097,0,200,214,0,70.74
439,18,14,train,1.0559824703337667e-09,1.0186869669675791e-09,0.035318297806969774,331234446.16710097,0,200,220,0,71.71
440,18,15,train,1.0186869669675791e-09,9.84435464020995e-10,0.033623187551465095,331234446.16710097,0,200,223,0,71.36
441,18,16,train,9.84435464020995e-10,9.522959888472101e-10,0.03264762023353875,331234446.16710097,0,200,217,0,70.93
442,18,17,train,9.522959888472101e-10,9.216311243097689e-10,0.03220098046885845,331234446.16710097,0,200,218,0,74.71
443,18,18,train,9.216311243097689e-10,8.945176904942164e-10,0.029418965028832265,331234446.16710097,0,200,219,0,76.57
444,18,19,train,8.945176904942164e-10,8.690858152542595e-10,0.028430824242174472,331234446.16710097,0,200,218,0,71.24
445,18,20,train,8.690858152542595e-10,8.455128981768462e-10,0.027123808332456634,331234446.16710097,0,200,214,0,72.92
446,18,21,train,8.455128981768462e-10,8.254005356645188e-10,0.023787174099525885,331234446.16710097,0,200,217,0,75.46
447,18,22,train,8.254005356645188e-10,8.058143603290786e-10,0.023729298066994385,331234446.16710097,0,200,217,0,74.01
448,18,23,train,8.058143603290786e-10,7.855235437470043e-10,0.025180510029366946,331234446.16710097,0,200,221,0,70.55
449,18,24,train,7.855235437470043e-10,7.657480308643132e-10,0.02517494611092173,331234446.16710097,0,200,221,0,72.74
450,19,0,train,1.7982577393279026e-08,3.6098407269728454e-09,0.7992589911876581,55609381.132081166,1,200,214,0,74.29
451,19,1,train,3.6098407269728454e-09,2.585015920385605e-09,0.2838975135190084,55609381.132081166,0,200,212,0,73.62
452,19,2,train,2.585015920385605e-09,2.1135436307345024e-09,0.18238660966574372,55609381.132081166,0,200,212,0,68.21
453,19,3,train,2.1135436307345024e-09,1.842575493552303e-09,0.12820560372724935,55609381.132081166,0,200,223,0,75.24
454,19,4,train,1.842575493552303e-09,1.6631574475999531e-09,0.09737351146815137,55609381.132081166,0,200,215,0,76.27
455,19,5,train,1.6631574475999531e-09,1.5535504967660011e-09,0.06590293119399014,601265984.4340453,1,200,211,0,70.46
456,19,6,train,1.5535504967660011e-09,1.4222267006861403e-09,0.08453139846643887,601265984.4340453,0,200,213,0,70.48
457,19,7,train,1.4222267006861403e-09,1.3084495710545245e-09,0.07999929236086274,601265984.4340453,0,200,214,0,73.92
458,19,8,train,1.3084495710545245e-09,1.2233986051395282e-09,0.06500133271964831,601265984.4340453,0,200,217,0,73.56
459,19,9,train,1.2233986051395282e-09,1.1501629887200728e-09,0.05986243249893434,601265984.4340453,0,200,213,0,71.12
460,19,10,train,1.1501629887200728e-09,1.0902765835716308e-09,0.05206775538403035,601265984.4340453,0,200,219,0,72.97
461,19,11,train,1.0902765835716308e-09,1.043800717709965e-09,0.042627592449446056,601265984.4340453,0,200,223,0,73.24
462,19,12,train,1.043800717709965e-09,9.9797154197446e-10,0.04390605884622441,601265984.4340453,0,200,216,0,71.04
463,19,13,train,9.9797154197446e-10,9.493700308596408e-10,0.048700297624381515,601265984.4340453,0,200,223,0,73.11
464,19,14,train,9.493700308596408e-10,9.121879518229863e-10,0.03916500187285941,601265984.4340453,0,200,225,0,75.79
465,19,15,train,9.121879518229863e-10,8.789411829164203e-10,0.036447279138167886,601265984.4340453,0,200,218,0,74.22
466,19,16,train,8.789411829164203e-10,8.484729054773402e-10,0.034664751215756164,601265984.4340453,0,200,220,0,75.56
467,19,17,train,8.484729054773402e-10,8.173370334579377e-10,0.03669636569229734,601265984.4340453,0,200,216,0,71.99
468,19,18,train,8.173370334579377e-10,7.885281660706443e-10,0.03524723120083107,601265984.4340453,0,200,221,0,72.98
469,19,19,train,7.885281660706443e-10,7.59057187299214e-10,0.03737466845133598,601265984.4340453,0,200,220,0,76.13
470,19,20,train,7.59057187299214e-10,7.320592607018902e-10,0.03556771090381814,601265984.4340453,0,200,219,0,73.34
471,19,21,train,7.320592607018902e-10,7.063016664442226e-10,0.03518512180690333,601265984.4340453,0,200,222,0,71.37
472,19,22,train,7.063016664442226e-10,6.84742922146243e-10,0.030523422670817323,601265984.4340453,0,200,212,0,68.51
473,19,23,train,6.84742922146243e-10,6.6227556382224e-10,0.03281137722983949,601265984.4340453,0,200,214,0,71.41
474,19,24,train,6.6227556382224e-10,6.415990004562997e-10,0.031220483580291055,601265984.4340453,0,200,218,0,72.65
475,20,0,train,6.424884044284015e-08,3.1854020615325976e-09,0.9504208630136051,15564483.235921798,1,200,211,0,71.9
476,20,1,train,3.1854020615325976e-09,2.1006273934908033e-09,0.34054560369056674,313932113.02150923,1,200,209,0,69.3
477,20,2,train,2.1006273934908033e-09,1.6725313526752953e-09,0.2037943721680702,313932113.02150923,0,200,213,0,73.14
478,20,3,train,1.6725313526752953e-09,1.4542260271842091e-09,0.13052390625855603,313932113.02150923,0,200,212,0,72.66
479,20,4,train,1.4542260271842091e-09,1.3061810613795626e-09,0.10180327063139091,313932113.02150923,0,200,219,0,72.06
480,20,5,train,1.3061810613795626e-09,1.1920435831048729e-09,0.0873825855001603,313932113.02150923,0,200,221,0,72.52
481,20,6,train,1.1920435831048729e-09,1.1017260120540854e-09,0.07576700410193103,313932113.02150923,0,200,210,0,72.66
482,20,7,train,1.1017260120540854e-09,1.0342580483908315e-09,0.06123842309710466,313932113.02150923,0,200,222,0,75.97
483,20,8,train,1.0342580483908315e-09,9.720904137225279e-10,0.06010843692734922,313932113.02150923,0,200,217,0,73.93
484,20,9,train,9.720904137225279e-10,9.219158918486971e-10,0.05161507732772737,313932113.02150923,0,200,216,0,69.83
485,20,10,train,9.219158918486971e-10,8.760775412096025e-10,0.04972075114919218,313932113.02150923,0,200,215,0,71.01
486,20,11,train,8.760775412096025e-10,8.333543093937181e-10,0.04876649589361273,313932113.02150923,0,200,217,0,70.65
487,20,12,train,8.333543093937181e-10,7.964240265509096e-10,0.044315223940794096,313932113.02150923,0,200,214,0,70.17
488,20,13,train,7.964240265509096e-10,7.641825612351843e-10,0.04048278836507999,313932113.02150923,0,200,214,0,70.32
489,20,14,train,7.641825612351843e-10,7.360168821411912e-10,0.03685726490338591,313932113.02150923,0,200,217,0,72.78
490,20,15,train,7.360168821411912e-10,7.099588569868724e-10,0.03540411339276871,313932113.02150923,0,200,218,0,76.82
491,20,16,train,7.099588569868724e-10,6.865640392434556e-10,0.03295235704602156,313932113.02150923,0,200,221,0,74.66
492,20,17,train,6.865640392434556e-10,6.662463897149417e-10,0.029593232920999673,313932113.02150923,0,200,220,0,70.07
493,20,18,train,6.662463897149417e-10,6.478454296414776e-10,0.0276188514602489,313932113.02150923,0,200,208,0,66.62
494,20,19,train,6.478454296414776e-10,6.287123194977751e-10,0.029533449289425237,313932113.02150923,0,200,215,0,72.83
495,20,20,train,6.287123194977751e-10,6.109733043158276e-10,0.0282148363119681,313932113.02150923,0,200,217,0,72.82
496,20,21,train,6.109733043158276e-10,5.947985242298597e-10,0.026473791852625276,313932113.02150923,0,200,220,0,70.62
497,20,22,train,5.947985242298597e-10,5.798105485499919e-10,0.025198407644460886,313932113.02150923,0,200,219,0,70.4
498,20,23,train,5.798105485499919e-10,5.651109061499278e-10,0.025352492183568342,313932113.02150923,0,200,221,0,73.13
499,20,24,train,5.651109061499278e-10,5.514249296533739e-10,0.02421821335885338,313932113.02150923,0,200,221,0,72.53
500,21,0,train,1.4484977392066163e-08,3.0200308215459136e-09,0.7915060037856827,69037042.51190123,1,200,216,0,66.19
501,21,1,train,3.0200308215459136e-09,2.1475638975436425e-09,0.28889338406012255,69037042.51190123,0,200,214,0,69.15
502,21,2,train,2.1475638975436425e-09,1.7695461106826695e-09,0.17602167148243886,69037042.51190123,0,200,216,0,74.7
503,21,3,train,1.7695461106826695e-09,1.55270793259241e-09,0.12253886845966723,69037042.51190123,0,200,215,0,74.87
504,21,4,train,1.55270793259241e-09,1.4018534679308822e-09,0.09715572484366744,69037042.51190123,0,200,215,0,74.33
505,21,5,train,1.4018534679308822e-09,1.3118479419319466e-09,0.06420466051404258,713341317.6742269,1,200,210,0,71.87
506,21,6,train,1.3118479419319466e-09,1.2226039258446266e-09,0.06802923817213995,713341317.6742269,0,200,214,0,71.21
507,21,7,train,1.2226039258446266e-09,1.1304928792550814e-09,0.07534005465090504,713341317.6742269,0,200,210,0,71.28
508,21,8,train,1.1304928792550814e-09,1.052806543750997e-09,0.06871899587308716,713341317.6742269,0,200,219,0,74.95
509,21,9,train,1.052806543750997e-09,9.876202165213034e-10,0.06191671928390962,713341317.6742269,0,200,214,0,71.8
510,21,10,train,9.876202165213034e-10,9.346244245157755e-10,0.05366009233002044,713341317.6742269,0,200,217,0,75.09
511,21,11,train,9.346244245157755e-10,8.952655022602214e-10,0.04211201978371773,713341317.6742269,0,200,216,0,73.33
512,21,12,train,8.952655022602214e-10,8.603926461365649e-10,0.038952529764204116,713341317.6742269,0,200,217,0,73.31
513,21,13,train,8.603926461365649e-10,8.255467714199532e-10,0.040499968093731055,713341317.6742269,0,200,215,0,72.48
514,21,14,train,8.255467714199532e-10,7.95338652475179e-10,0.03659165051643989,713341317.6742269,0,200,219,0,74.46
515,21,15,train,7.95338652475179e-10,7.673542019515383e-10,0.0351855784156222,713341317.6742269,0,200,216,0,72.23
516,21,16,train,7.673542019515383e-10,7.43648938092225e-10,0.030892205710252155,713341317.6742269,0,200,221,0,70.06
517,21,17,train,7.43648938092225e-10,7.239769365218104e-10,0.02645334453227572,713341317.6742269,0,200,219,0,70.68
518,21,18,train,7.239769365218104e-10,7.028823744706203e-10,0.029137063609421476,713341317.6742269,0,200,224,0,74.54
519,21,19,train,7.028823744706203e-10,6.819570140951579e-10,0.02977078546210873,713341317.6742269,0,200,219,0,74.3
520,21,20,train,6.819570140951579e-10,6.625754839550029e-10,0.028420457212938864,713341317.6742269,0,200,216,0,70.18
521,21,21,train,6.625754839550029e-10,6.448097727575908e-10,0.026813112811488567,713341317.6742269,0,200,220,0,71.65
522,21,22,train,6.448097727575908e-10,6.260385858333714e-10,0.02911120103521794,713341317.6742269,0,200,219,0,71.84
523,21,23,train,6.260385858333714e-10,6.100225252575529e-10,0.02558318438870371,713341317.6742269,0,200,218,0,70.39
524,21,24,train,6.100225252575529e-10,5.950111127759002e-10,0.024607964231017264,713341317.6742269,0,200,219,0,71.63
525,22,0,train,1.0926547589948689e-08,2.341303701810865e-09,0.7857233785386496,91520216.40576555,1,200,214,0,68.53
526,22,1,train,2.341303701810865e-09,1.7402287373671042e-09,0.25672661089582854,91520216.40576555,0,200,213,0,70.34
527,22,2,train,1.7402287373671042e-09,1.4433250604163257e-09,0.1706118687592654,91520216.40576555,0,200,214,0,72.25
528,22,3,train,1.4433250604163257e-09,1.2942262807327904e-09,0.10330228704026517,91520216.40576555,0,200,217,0,76.5
529,22,4,train,1.2942262807327904e-09,1.1776970688458675e-09,0.09003774194798769,91520216.40576555,0,200,212,0,70.24
530,22,5,train,1.1776970688458675e-09,1.0840689472589627e-09,0.07950102285527422,91520216.40576555,0,200,214,0,72.33
531,22,6,train,1.0840689472589627e-09,1.0282643294244345e-09,0.051477000587120084,922450553.1022463,1,200,208,0,70.04
532,22,7,train,1.0282643294244345e-09,9.747618319052794e-10,0.052031852110539366,922450553.1022463,0,200,211,0,68.73
533,22,8,train,9.747618319052794e-10,9.186144643517093e-10,0.05760111415505861,922450553.1022463,0,200,215,0,72.02
534,22,9,train,9.186144643517093e-10,8.654903295749707e-10,0.057830718803485996,922450553.1022463,0,200,215,0,72.89
535,22,10,train,8.654903295749707e-10,8.098694168356931e-10,0.06426520417228954,922450553.1022463,0,200,213,0,69.88
536,22,11,train,8.098694168356931e-10,7.673872277390497e-10,0.05245560359919381,922450553.1022463,0,200,218,0,72.68
537,22,12,train,7.673872277390497e-10,7.314914744763492e-10,0.04677658418743829,922450553.1022463,0,200,217,0,70.43
538,22,13,train,7.314914744763492e-10,7.054937231338912e-10,0.03554074415025663,922450553.1022463,0,200,223,0,71.16
539,22,14,train,7.054937231338912e-10,6.807447523940522e-10,0.03508035568325259,922450553.1022463,0,200,218,0,72.65
540,22,15,train,6.807447523940522e-10,6.596258385800421e-10,0.03102324878706567,922450553.1022463,0,200,222,0,76.48
541,22,16,train,6.596258385800421e-10,6.386237357662142e-10,0.031839418023767156,922450553.1022463,0,200,212,0,69.56
542,22,17,train,6.386237357662142e-10,6.201139610995321e-10,0.02898385016096255,922450553.1022463,0,200,221,0,69.83
543,22,18,train,6.201139610995321e-10,6.009018160206547e-10,0.030981636092843445,922450553.1022463,0,200,213,0,67.53
544,22,19,train,6.009018160206547e-10,5.851934861858514e-10,0.02614125871482364,922450553.1022463,0,200,214,0,69.79
545,22,20,train,5.851934861858514e-10,5.697501198549645e-10,0.02639018836580542,922450553.1022463,0,200,223,0,75.5
546,22,21,train,5.697501198549645e-10,5.554242508935912e-10,0.02514412627946458,922450553.1022463,0,200,217,0,70.28
547,22,22,train,5.554242508935912e-10,5.423783464487335e-10,0.023488179394163623,922450553.1022463,0,200,212,0,67.69
548,22,23,train,5.423783464487335e-10,5.286722726882012e-10,0.02527031886555571,922450553.1022463,0,200,221,0,72.77
549,22,24,train,5.286722726882012e-10,5.166110072838594e-10,0.022814257579676915,922450553.1022463,0,200,208,0,69.88
550,23,0,train,1.707495019688099e-07,3.315613042669026e-09,0.980582004606522,5856532.455261075,1,200,208,0,67.94
551,23,1,train,3.315613042669026e-09,2.190214413573699e-09,0.3394239962904101,301603349.7066391,1,200,208,0,70.6
552,23,2,train,2.190214413573699e-09,1.7541083598839193e-09,0.19911568976399907,301603349.7066391,0,200,212,0,71.2
553,23,3,train,1.7541083598839193e-09,1.5412471236832477e-09,0.12135010645223647,301603349.7066391,0,200,208,0,63.03
554,23,4,train,1.5412471236832477e-09,1.3995839801874091e-09,0.0919146198678991,301603349.7066391,0,200,214,0,62.33
555,23,5,train,1.3995839801874091e-09,1.2951199396903903e-09,0.07463935138999711,301603349.7066391,0,200,218,0,62.82
556,23,6,train,1.2951199396903903e-09,1.2102918415649075e-09,0.06549825659063029,301603349.7066391,0,200,217,0,62.68
557,23,7,train,1.2102918415649075e-09,1.1349678596009232e-09,0.06223621392555234,301603349.7066391,0,200,213,0,61.56
558,23,8,train,1.1349678596009232e-09,1.0724551435232324e-09,0.05507884258473321,301603349.7066391,0,200,220,0,63.4
559,23,9,train,1.0724551435232324e-09,1.0188438320126988e-09,0.04998932760433183,301603349.7066391,0,200,221,0,63.6
560,23,10,train,1.0188438320126988e-09,9.662587257748903e-10,0.051612528422464936,301603349.7066391,0,200,215,0,62.09
561,23,11,train,9.662587257748903e-10,9.170429999347894e-10,0.050934314513571305,301603349.7066391,0,200,220,0,63.51
562,23,12,train,9.170429999347894e-10,8.772938127394714e-10,0.04334495459661602,301603349.7066391,0,200,219,0,63.47
563,23,13,train,8.772938127394714e-10,8.304259851611373e-10,0.05342318263021015,301603349.7066391,0,200,226,0,65.44
564,23,14,train,8.304259851611373e-10,7.927321044281391e-10,0.04539101787100746,301603349.7066391,0,200,215,0,62.5
565,23,15,train,7.927321044281391e-10,7.59344197729186e-10,0.042117515504230076,301603349.7066391,0,200,218,0,63.11
566,23,16,train,7.59344197729186e-10,7.286328516811894e-10,0.04044456537606892,301603349.7066391,0,200,222,0,64.31
567,23,17,train,7.286328516811894e-10,7.006602157387741e-10,0.03839057747379002,301603349.7066391,0,200,218,0,63.23
568,23,18,train,7.006602157387741e-10,6.75662013658129e-10,0.03567806694188718,301603349.7066391,0,200,218,0,62.94
569,23,19,train,6.75662013658129e-10,6.496430602122672e-10,0.03850882974017075,301603349.7066391,0,200,218,0,63.14
570,23,20,train,6.496430602122672e-10,6.279821126190987e-10,0.03334284458621154,301603349.7066391,0,200,215,0,62.29
571,23,21,train,6.279821126190987e-10,6.099195669550897e-10,0.028762834642974622,301603349.7066391,0,200,220,0,63.42
572,23,22,train,6.099195669550897e-10,5.90700870369481e-10,0.031510214833005736,301603349.7066391,0,200,222,0,64.47
573,23,23,train,5.90700870369481e-10,5.731389756770277e-10,0.029730605748842686,301603349.7066391,0,200,228,0,65.59
574,23,24,train,5.731389756770277e-10,5.575029799958079e-10,0.027281333751119654,301603349.7066391,0,200,221,0,63.74
575,24,0,train,1.5530044164026843e-08,2.6593277953691645e-09,0.828762380371775,64391317.20670563,1,200,211,0,60.5
576,24,1,train,2.6593277953691645e-09,1.8255088184016926e-09,0.3135450163080487,64391317.20670563,0,200,213,0,61.61
577,24,2,train,1.8255088184016926e-09,1.4254232657450964e-09,0.21916385646763814,64391317.20670563,0,200,214,0,62.11
578,24,3,train,1.4254232657450964e-09,1.233113795390888e-09,0.13491394098558115,701546006.7415699,1,200,214,0,61.7
579,24,4,train,1.233113795390888e-09,1.0615943647341567e-09,0.1390945679935086,701546006.7415699,0,200,212,0,61.12
580,24,5,train,1.0615943647341567e-09,9.519046851495016e-10,0.10332541621217393,701546006.7415699,0,200,214,0,62.05
581,24,6,train,9.519046851495016e-10,8.852422046939976e-10,0.07003062543497653,701546006.7415699,0,200,217,0,75.23
582,24,7,train,8.852422046939976e-10,8.306824894051798e-10,0.06163252836287613,701546006.7415699,0,200,216,0,76.79
583,24,8,train,8.306824894051798e-10,7.837085102494268e-10,0.05654865698371627,701546006.7415699,0,200,216,0,76.05
584,24,9,train,7.837085102494268e-10,7.466293027163051e-10,0.04731249826714352,701546006.7415699,0,200,217,0,76.1
585,24,10,train,7.466293027163051e-10,7.133453793229329e-10,0.04457891388977402,701546006.7415699,0,200,217,0,77.25
586,24,11,train,7.133453793229329e-10,6.85515702742268e-10,0.039012906492895856,701546006.7415699,0,200,220,0,80.01
587,24,12,train,6.85515702742268e-10,6.585073173871123e-10,0.039398638495243936,701546006.7415699,0,200,222,0,77.83
588,24,13,train,6.585073173871123e-10,6.338498245055256e-10,0.03744452374413251,701546006.7415699,0,200,218,0,75.37
589,24,14,train,6.338498245055256e-10,6.128853806658498e-10,0.03307478053816673,701546006.7415699,0,200,215,0,76.41
590,24,15,train,6.128853806658498e-10,5.947559136585753e-10,0.02958051795521433,701546006.7415699,0,200,217,0,76.31
591,24,16,train,5.947559136585753e-10,5.771351018374078e-10,0.029626963627439985,701546006.7415699,0,200,217,0,75.44
592,24,17,train,5.771351018374078e-10,5.61441984902341e-10,0.027191409576553416,701546006.7415699,0,200,218,0,76.19
593,24,18,train,5.61441984902341e-10,5.48200087509673e-10,0.023585513283213674,701546006.7415699,0,200,227,0,78.73
594,24,19,train,5.48200087509673e-10,5.363060677243497e-10,0.02169649377356851,701546006.7415699,0,200,220,0,76.97
595,24,20,train,5.363060677243497e-10,5.248637565822792e-10,0.021335412427128393,701546006.7415699,0,200,218,0,76.47
596,24,21,train,5.248637565822792e-10,5.134316331178603e-10,0.02178112571319594,701546006.7415699,0,200,218,0,76.33
597,24,22,train,5.134316331178603e-10,5.019755577194839e-10,0.02231275725807621,701546006.7415699,0,200,220,0,77.91
598,24,23,train,5.019755577194839e-10,4.919529304405938e-10,0.01996636514419884,701546006.7415699,0,200,217,0,75.39
599,24,24,train,4.919529304405938e-10,4.823280653498963e-10,0.019564605666801276,701546006.7415699,0,200,216,0,75.18
600,25,0,train,1.2609064726017781e-08,3.280727074958045e-09,0.7398120204594928,79308023.37278682,1,200,206,0,70.99
601,25,1,train,3.280727074958045e-09,2.160166801805367e-09,0.3415585166184566,79308023.37278682,0,200,212,0,74.58
602,25,2,train,2.160166801805367e-09,1.787232800710524e-09,0.17264129824750665,79308023.37278682,0,200,213,0,74.98
603,25,3,train,1.787232800710524e-09,1.5468243598231035e-09,0.13451434015302588,79308023.37278682,0,200,225,0,78.73
604,25,4,train,1.5468243598231035e-09,1.3799126583182882e-09,0.10790604663344167,79308023.37278682,0,200,215,0,75.56
605,25,5,train,1.3799126583182882e-09,1.2552286959925296e-09,0.09035641609209676,79308023.37278682,0,200,220,0,76.89
606,25,6,train,1.2552286959925296e-09,1.175473094536443e-09,0.06353870152165586,796667573.9589301,1,200,213,0,76.16
607,25,7,train,1.175473094536443e-09,1.0932505013444054e-09,0.06994851143272036,796667573.9589301,0,200,215,0,76.25
608,25,8,train,1.0932505013444054e-09,1.0123418474921857e-09,0.07400742442168899,796667573.9589301,0,200,214,0,74.86
609,25,9,train,1.0123418474921857e-09,9.412874047606936e-10,0.07018819078507027,796667573.9589301,0,200,221,0,76.47
610,25,10,train,9.412874047606936e-10,8.853678999829062e-10,0.05940747161277914,796667573.9589301,0,200,220,0,77.52
611,25,11,train,8.853678999829062e-10,8.459915489225705e-10,0.04447456369391286,796667573.9589301,0,200,214,0,77.17
612,25,12,train,8.459915489225705e-10,8.119253471421708e-10,0.040267780244123544,796667573.9589301,0,200,225,0,78.08
613,25,13,train,8.119253471421708e-10,7.786797370592307e-10,0.04094663407166508,796667573.9589301,0,200,218,0,77.61
614,25,14,train,7.786797370592307e-10,7.506555206397335e-10,0.03598939985947715,796667573.9589301,0,200,219,0,76.62
615,25,15,train,7.506555206397335e-10,7.271085687100828e-10,0.03136851895738169,796667573.9589301,0,200,221,0,76.8
616,25,16,train,7.271085687100828e-10,6.998314069554433e-10,0.03751456512612715,796667573.9589301,0,200,218,0,75.19
617,25,17,train,6.998314069554433e-10,6.761981564836888e-10,0.033769919779063545,796667573.9589301,0,200,220,0,76.01
618,25,18,train,6.761981564836888e-10,6.515336192372206e-10,0.03647530980375153,796667573.9589301,0,200,223,0,77.44
619,25,19,train,6.515336192372206e-10,6.305426261378637e-10,0.03221782035427725,796667573.9589301,0,200,221,0,77.39
620,25,20,train,6.305426261378637e-10,6.12169724356003e-10,0.029138239066241453,796667573.9589301,0,200,217,0,74.49
621,25,21,train,6.12169724356003e-10,5.94663312175612e-10,0.028597317841563486,796667573.9589301,0,200,218,0,75.09
622,25,22,train,5.94663312175612e-10,5.785148148759606e-10,0.02715569797062338,796667573.9589301,0,200,224,0,78.1
623,25,23,train,5.785148148759606e-10,5.631056202454055e-10,0.026635782238107336,796667573.9589301,0,200,223,0,79.86
624,25,24,train,5.631056202454055e-10,5.493588918513304e-10,0.024412344504898084,796667573.9589301,0,200,214,0,75.79
625,26,0,train,1.956725105032788e-08,2.428799725525938e-09,0.8758742493118244,51105799.04289844,1,200,212,0,71.86
626,26,1,train,2.428799725525938e-09,1.7471102123346948e-09,0.2806692976892644,51105799.04289844,0,200,217,0,74.72
627,26,2,train,1.7471102123346948e-09,1.4640091429066445e-09,0.16203961686523327,572373736.3218099,1,200,209,0,72.13
628,26,3,train,1.4640091429066445e-09,1.1843920086794398e-09,0.19099411747665232,572373736.3218099,0,200,215,0,74.7
629,26,4,train,1.1843920086794398e-09,1.0551792376439175e-09,0.10909628745265729,572373736.3218099,0,200,213,0,74.45
630,26,5,train,1.0551792376439175e-09,9.700426336891927e-10,0.08068449502932233,572373736.3218099,0,200,212,0,74.0
631,26,6,train,9.700426336891927e-10,9.020631021322524e-10,0.07007891116950779,572373736.3218099,0,200,216,0,74.96
632,26,7,train,9.020631021322524e-10,8.486764330774987e-10,0.05918285420228458,572373736.3218099,0,200,217,0,74.96
633,26,8,train,8.486764330774987e-10,8.020015927452723e-10,0.05499721509052931,572373736.3218099,0,200,217,0,75.79
634,26,9,train,8.020015927452723e-10,7.633743263188701e-10,0.048163578197120686,572373736.3218099,0,200,215,0,74.46
635,26,10,train,7.633743263188701e-10,7.255340983766194e-10,0.049569688994812164,572373736.3218099,0,200,216,0,74.6
636,26,11,train,7.255340983766194e-10,6.968500611999318e-10,0.03953506422491805,572373736.3218099,0,200,219,0,75.19
637,26,12,train,6.968500611999318e-10,6.69264041626718e-10,0.039586736242388156,572373736.3218099,0,200,213,0,75.68
638,26,13,train,6.69264041626718e-10,6.451803808098808e-10,0.03598529028737188,572373736.3218099,0,200,220,0,75.94
639,26,14,train,6.451803808098808e-10,6.240047521899189e-10,0.03282125317167991,572373736.3218099,0,200,216,0,74.33
640,26,15,train,6.240047521899189e-10,6.041349296237013e-10,0.031842421866957404,572373736.3218099,0,200,219,0,75.85
641,26,16,train,6.041349296237013e-10,5.82503760963507e-10,0.035805194501280876,572373736.3218099,0,200,223,0,77.5
642,26,17,train,5.82503760963507e-10,5.637760825554083e-10,0.032150313290890374,572373736.3218099,0,200,217,0,76.64
643,26,18,train,5.637760825554083e-10,5.479015159422107e-10,0.0281575737325421,572373736.3218099,0,200,218,0,74.99
644,26,19,train,5.479015159422107e-10,5.328799505705995e-10,0.027416542817515294,572373736.3218099,0,200,218,0,77.06
645,26,20,train,5.328799505705995e-10,5.196349644631643e-10,0.024855478411699848,572373736.3218099,0,200,215,0,77.23
646,26,21,train,5.196349644631643e-10,5.060298076154942e-10,0.026182142808126047,572373736.3218099,0,200,212,0,72.99
647,26,22,train,5.060298076154942e-10,4.927044113698075e-10,0.026333223942831406,572373736.3218099,0,200,218,0,76.84
648,26,23,train,4.927044113698075e-10,4.813285731486447e-10,0.023088565798580898,572373736.3218099,0,200,214,0,74.43
649,26,24,train,4.813285731486447e-10,4.70171543773163e-10,0.023179653147323336,572373736.3218099,0,200,217,0,74.78
650,27,0,train,1.4078399674707299e-08,2.972508849756866e-09,0.7888603166241147,71030800.59565015,1,200,207,0,71.05
651,27,1,train,2.972508849756866e-09,2.0758639725792033e-09,0.30164582260234585,71030800.59565015,0,200,213,0,75.98
652,27,2,train,2.0758639725792033e-09,1.672930983950323e-09,0.19410375340164862,71030800.59565015,0,200,210,0,73.94
653,27,3,train,1.672930983950323e-09,1.4521878188626473e-09,0.1319499532290512,71030800.59565015,0,200,218,0,77.75
654,27,4,train,1.4521878188626473e-09,1.2943077645534022e-09,0.10871875680164886,71030800.59565015,0,200,218,0,77.53
655,27,5,train,1.2943077645534022e-09,1.2007887352254487e-09,0.07225408970657148,772613768.8319035,1,200,210,0,76.21
656,27,6,train,1.2007887352254487e-09,1.1076654868979227e-09,0.07755173378607857,772613768.8319035,0,200,215,0,83.21
657,27,7,train,1.1076654868979227e-09,1.01105924304115e-09,0.08721608193040643,772613768.8319035,0,200,217,0,76.37
658,27,8,train,1.01105924304115e-09,9.431466628998485e-10,0.06716973373096138,772613768.8319035,0,200,219,0,76.14
659,27,9,train,9.431466628998485e-10,8.836371669712942e-10,0.06309675713168862,772613768.8319035,0,200,218,0,75.78
660,27,10,train,8.836371669712942e-10,8.358524551413551e-10,0.054077299615772546,772613768.8319035,0,200,214,0,75.09
661,27,11,train,8.358524551413551e-10,7.983036315386204e-10,0.044922789149892,772613768.8319035,0,200,216,0,77.57
662,27,12,train,7.983036315386204e-10,7.651664777292902e-10,0.04150946143820361,772613768.8319035,0,200,221,0,80.08
663,27,13,train,7.651664777292902e-10,7.383997706590208e-10,0.03498154695655558,772613768.8319035,0,200,222,0,79.25
664,27,14,train,7.383997706590208e-10,7.116096070493966e-10,0.03628138127089876,772613768.8319035,0,200,217,0,76.66
665,27,15,train,7.116096070493966e-10,6.848679612786672e-10,0.03757909604623019,772613768.8319035,0,200,222,0,78.17
666,27,16,train,6.848679612786672e-10,6.631919368092507e-10,0.03164993209632232,772613768.8319035,0,200,214,0,75.08
667,27,17,train,6.631919368092507e-10,6.418167482420382e-10,0.03223077269312534,772613768.8319035,0,200,216,0,75.77
668,27,18,train,6.418167482420382e-10,6.199578089039839e-10,0.034057913567894275,772613768.8319035,0,200,217,0,75.44
669,27,19,train,6.199578089039839e-10,6.004828227563118e-10,0.031413405667236716,772613768.8319035,0,200,221,0,77.55
670,27,20,train,6.004828227563118e-10,5.826766928142102e-10,0.029653021314362687,772613768.8319035,0,200,222,0,80.0
671,27,21,train,5.826766928142102e-10,5.665740121005255e-10,0.02763570417740935,772613768.8319035,0,200,222,0,81.81
672,27,22,train,5.665740121005255e-10,5.51606537782893e-10,0.02641750944795689,772613768.8319035,0,200,220,0,81.6
673,27,23,train,5.51606537782893e-10,5.37111018341358e-10,0.026278730306202973,772613768.8319035,0,200,221,0,81.39
674,27,24,train,5.37111018341358e-10,5.223360344384858e-10,0.02750824950212073,772613768.8319035,0,200,219,0,77.08
675,28,0,train,3.802401581801335e-07,3.931565786409124e-09,0.9896603088815605,2629916.852512627,1,200,208,0,72.6
676,28,1,train,3.931565786409124e-09,2.7819985629173725e-09,0.29239424848635254,254351587.7203075,1,200,206,0,72.53
677,28,2,train,2.7819985629173725e-09,2.2764660483786136e-09,0.1817155915453194,254351587.7203075,0,200,207,0,76.26
678,28,3,train,2.2764660483786136e-09,1.971600334866995e-09,0.13392060634014527,254351587.7203075,0,200,208,0,74.71
679,28,4,train,1.971600334866995e-09,1.7625792210844352e-09,0.10601596585580851,254351587.7203075,0,200,219,0,77.15
680,28,5,train,1.7625792210844352e-09,1.5966751003275408e-09,0.09412576681507746,254351587.7203075,0,200,216,0,76.48
681,28,6,train,1.5966751003275408e-09,1.4703637322167764e-09,0.07910899849622068,254351587.7203075,0,200,217,0,79.42
682,28,7,train,1.4703637322167764e-09,1.359799836898085e-09,0.07519492823180629,254351587.7203075,0,200,213,0,78.62
683,28,8,train,1.359799836898085e-09,1.2608817049718814e-09,0.07274462699734638,254351587.7203075,0,200,216,0,82.62
684,28,9,train,1.2608817049718814e-09,1.1755646362659516e-09,0.06766460990710654,254351587.7203075,0,200,217,0,76.87
685,28,10,train,1.1755646362659516e-09,1.1003588335813069e-09,0.0639741961986263,254351587.7203075,0,200,216,0,76.2
686,28,11,train,1.1003588335813069e-09,1.027675282796379e-09,0.0660544074957501,254351587.7203075,0,200,222,0,78.12
687,28,12,train,1.027675282796379e-09,9.649936736479796e-10,0.0609935941806814,254351587.7203075,0,200,216,0,76.33
688,28,13,train,9.649936736479796e-10,9.115653883867751e-10,0.05536646168801168,254351587.7203075,0,200,223,0,81.15
689,28,14,train,9.115653883867751e-10,8.654850656798441e-10,0.05055075948910336,254351587.7203075,0,200,222,0,79.4
690,28,15,train,8.654850656798441e-10,8.248934348634181e-10,0.04690044048829545,254351587.7203075,0,200,222,0,79.0
691,28,16,train,8.248934348634181e-10,7.924000759976007e-10,0.03939097766149337,254351587.7203075,0,200,214,0,77.33
692,28,17,train,7.924000759976007e-10,7.60366285675572e-10,0.04042628375785986,254351587.7203075,0,200,213,0,78.38
693,28,18,train,7.60366285675572e-10,7.326644154247696e-10,0.036432270568374496,254351587.7203075,0,200,216,0,79.17
694,28,19,train,7.326644154247696e-10,7.060982823720465e-10,0.0362596196750202,254351587.7203075,0,200,220,0,77.72
695,28,20,train,7.060982823720465e-10,6.820518832202574e-10,0.03405531461004024,254351587.7203075,0,200,222,0,78.35
696,28,21,train,6.820518832202574e-10,6.594280248012483e-10,0.03317028949790771,254351587.7203075,0,200,221,0,78.06
697,28,22,train,6.594280248012483e-10,6.387992012193599e-10,0.03128290398046991,254351587.7203075,0,200,217,0,79.29
698,28,23,train,6.387992012193599e-10,6.195921356012831e-10,0.0300674540315858,254351587.7203075,0,200,223,0,79.03
699,28,24,train,6.195921356012831e-10,6.008639172780511e-10,0.03022668824719222,254351587.7203075,0,200,219,0,77.19
700,29,0,train,2.3135447473437305e-08,3.329091609417296e-09,0.8561042913373709,43223715.51914603,1,200,212,0,74.48
701,29,1,train,3.329091609417296e-09,2.488568939721281e-09,0.25247808360645707,43223715.51914603,0,200,209,0,77.12
702,29,2,train,2.488568939721281e-09,2.0688345954567374e-09,0.16866494536878446,43223715.51914603,0,200,209,0,74.22
703,29,3,train,2.0688345954567374e-09,1.8452452411850937e-09,0.10807502676272762,483363920.052405,1,200,209,0,73.54
704,29,4,train,1.8452452411850937e-09,1.6205672058229264e-09,0.12176052827420905,483363920.052405,0,200,215,0,75.95
705,29,5,train,1.6205672058229264e-09,1.438880468795718e-09,0.11211305299427407,483363920.052405,0,200,212,0,77.11
706,29,6,train,1.438880468795718e-09,1.3098802660834584e-09,0.08965317516626473,483363920.052405,0,200,218,0,77.52
707,29,7,train,1.3098802660834584e-09,1.1944702486053265e-09,0.08810730298518642,483363920.052405,0,200,215,0,76.37
708,29,8,train,1.1944702486053265e-09,1.1097309143279436e-09,0.07094302631340155,483363920.052405,0,200,219,0,77.47
709,29,9,train,1.1097309143279436e-09,1.0363067483277097e-09,0.06616393672758022,483363920.052405,0,200,219,0,77.71
710,29,10,train,1.0363067483277097e-09,9.75647071394694e-10,0.05853448028868136,483363920.052405,0,200,222,0,78.86
711,29,11,train,9.75647071394694e-10,9.251000798921153e-10,0.05180868470226782,483363920.052405,0,200,219,0,78.03
712,29,12,train,9.251000798921153e-10,8.84533978808196e-10,0.04385050003308839,483363920.052405,0,200,217,0,80.94
713,29,13,train,8.84533978808196e-10,8.473932305134058e-10,0.04198905772374389,483363920.052405,0,200,215,0,78.84
714,29,14,train,8.473932305134058e-10,8.123812677782417e-10,0.04131725564287502,483363920.052405,0,200,217,0,76.68
715,29,15,train,8.123812677782417e-10,7.824022909331262e-10,0.03690259491962949,483363920.052405,0,200,215,0,77.04
716,29,16,train,7.824022909331262e-10,7.549210112150623e-10,0.035124232171263876,483363920.052405,0,200,214,0,78.95
717,29,17,train,7.549210112150623e-10,7.3182352857361e-10,0.030595893210438492,483363920.052405,0,200,218,0,79.99
718,29,18,train,7.3182352857361e-10,7.095861272195097e-10,0.03038628916105371,483363920.052405,0,200,223,0,78.51
719,29,19,train,7.095861272195097e-10,6.889860390003811e-10,0.029031131569397094,483363920.052405,0,200,220,0,80.74
720,29,20,train,6.889860390003811e-10,6.684944332802709e-10,0.029741684969176754,483363920.052405,0,200,216,0,78.89
721,29,21,train,6.684944332802709e-10,6.507498765214409e-10,0.026544060616568336,483363920.052405,0,200,218,0,77.12
722,29,22,train,6.507498765214409e-10,6.335464134404728e-10,0.02643636779914361,483363920.052405,0,200,215,0,75.84
723,29,23,train,6.335464134404728e-10,6.166483115322883e-10,0.026672239870192464,483363920.052405,0,200,213,0,75.32
724,29,24,train,6.166483115322883e-10,6.028954969639862e-10,0.02230252529862313,483363920.052405,0,200,216,0,76.43
725,30,0,train,2.2947695758042365e-07,3.0959107277987976e-09,0.9865088383581441,4357736.003404764,1,200,212,0,74.82
726,30,1,train,3.0959107277987976e-09,2.1410719940688873e-09,0.30841933688727635,323006729.8196945,1,200,210,0,73.23
727,30,2,train,2.1410719940688873e-09,1.6704264219911407e-09,0.21981772372975325,323006729.8196945,0,200,215,0,75.86
728,30,3,train,1.6704264219911407e-09,1.3655857212926736e-09,0.18249274358046755,323006729.8196945,0,200,213,0,77.82
729,30,4,train,1.3655857212926736e-09,1.1945892702428494e-09,0.12521839411732985,323006729.8196945,0,200,217,0,77.6
730,30,5,train,1.1945892702428494e-09,1.0668775574079787e-09,0.10690847140198076,323006729.8196945,0,200,216,0,82.75
731,30,6,train,1.0668775574079787e-09,9.825586903096173e-10,0.07903331222302341,323006729.8196945,0,200,209,0,79.58
732,30,7,train,9.825586903096173e-10,9.108583125598617e-10,0.07297312461524502,323006729.8196945,0,200,222,0,84.81
733,30,8,train,9.108583125598617e-10,8.474116504614137e-10,0.06965590720705887,323006729.8196945,0,200,216,0,78.75
734,30,9,train,8.474116504614137e-10,7.886787659337634e-10,0.06930856390240843,323006729.8196945,0,200,216,0,80.67
735,30,10,train,7.886787659337634e-10,7.449996903801461e-10,0.05538259357332015,323006729.8196945,0,200,224,0,80.91
736,30,11,train,7.449996903801461e-10,7.046902894240404e-10,0.05410660095111898,323006729.8196945,0,200,216,0,76.03
737,30,12,train,7.046902894240404e-10,6.701082543337127e-10,0.04907409057472946,323006729.8196945,0,200,217,0,76.29
738,30,13,train,6.701082543337127e-10,6.39359050319254e-10,0.045886920233556186,323006729.8196945,0,200,212,0,74.97
739,30,14,train,6.39359050319254e-10,6.119445316977105e-10,0.042878127099091654,323006729.8196945,0,200,212,0,74.64
740,30,15,train,6.119445316977105e-10,5.888259556984493e-10,0.037778875047912684,323006729.8196945,0,200,213,0,75.46
741,30,16,train,5.888259556984493e-10,5.657677673667364e-10,0.03915959904376482,323006729.8196945,0,200,217,0,80.11
742,30,17,train,5.657677673667364e-10,5.452099777033731e-10,0.03633609203126895,323006729.8196945,0,200,216,0,79.68
743,30,18,train,5.452099777033731e-10,5.259046518874149e-10,0.03540897379992828,323006729.8196945,0,200,219,0,80.77
744,30,19,train,5.259046518874149e-10,5.077648877837149e-10,0.03449249600397773,323006729.8196945,0,200,224,0,80.85
745,30,20,train,5.077648877837149e-10,4.907829552619959e-10,0.033444479778508375,323006729.8196945,0,200,227,0,84.43
746,30,21,train,4.907829552619959e-10,4.759713399665383e-10,0.030179563362282318,323006729.8196945,0,200,221,0,78.7
747,30,22,train,4.759713399665383e-10,4.6078734030418973e-10,0.03190107972344729,323006729.8196945,0,200,218,0,76.75
748,30,23,train,4.6078734030418973e-10,4.483331132934989e-10,0.027028144919235723,323006729.8196945,0,200,215,0,75.45
749,30,24,train,4.483331132934989e-10,4.3624607754699753e-10,0.026959944264898998,323006729.8196945,0,200,217,0,76.36
750,31,0,train,3.7723378103134534e-08,4.396810075730967e-09,0.8834460142007902,26508760.622286566,1,200,208,0,74.99
751,31,1,train,4.396810075730967e-09,3.10100642888835e-09,0.2947144917618918,26508760.622286566,0,200,213,0,81.48
752,31,2,train,3.10100642888835e-09,2.5604094672042943e-09,0.17432951981265296,322475951.8987777,1,200,205,0,77.95
753,31,3,train,2.5604094672042943e-09,2.0509389247550338e-09,0.19898010414933762,322475951.8987777,0,200,212,0,80.42
754,31,4,train,2.0509389247550338e-09,1.7576966238305687e-09,0.14297953848600845,322475951.8987777,0,200,213,0,81.53
755,31,5,train,1.7576966238305687e-09,1.556456831390494e-09,0.11449062921991074,322475951.8987777,0,200,219,0,83.62
756,31,6,train,1.556456831390494e-09,1.3892840646794568e-09,0.10740597704961079,322475951.8987777,0,200,225,0,85.94
757,31,7,train,1.3892840646794568e-09,1.2607631582839188e-09,0.09250873141281657,322475951.8987777,0,200,219,0,82.24
758,31,8,train,1.2607631582839188e-09,1.1742729286883068e-09,0.06860148873110931,322475951.8987777,0,200,226,0,81.45
759,31,9,train,1.1742729286883068e-09,1.0982793129209636e-09,0.06471546257327924,322475951.8987777,0,200,215,0,75.62
760,32,0,train,4.4111162518303354e-08,4.228615890071886e-09,0.9041372829764512,22669998.769247193,1,200,212,0,76.48
761,32,1,train,4.228615890071886e-09,3.06037872976326e-09,0.27626939657760347,236483999.96505716,1,200,213,0,76.42
762,32,2,train,3.06037872976326e-09,2.3732024932053114e-09,0.22453960677314805,236483999.96505716,0,200,217,0,78.18
763,32,3,train,2.3732024932053114e-09,1.966074586592903e-09,0.17155211482292454,236483999.96505716,0,200,222,0,80.0
764,32,4,train,1.966074586592903e-09,1.7417406351025601e-09,0.11410246234813556,236483999.96505716,0,200,214,0,77.22
765,32,5,train,1.7417406351025601e-09,1.5591514875543633e-09,0.10483142200873395,236483999.96505716,0,200,221,0,80.23
766,32,6,train,1.5591514875543633e-09,1.4258631024927392e-09,0.08548777083277274,236483999.96505716,0,200,222,0,80.07
767,32,7,train,1.4258631024927392e-09,1.305950262978727e-09,0.08409842382790943,236483999.96505716,0,200,222,0,80.18
768,32,8,train,1.305950262978727e-09,1.2165384439517914e-09,0.06846494967043935,236483999.96505716,0,200,216,0,78.33
769,32,9,train,1.2165384439517914e-09,1.1352849870343372e-09,0.06679070219393253,236483999.96505716,0,200,225,0,80.95
770,32,10,train,1.1352849870343372e-09,1.0666282156680115e-09,0.060475362706658556,236483999.96505716,0,200,222,0,79.47
771,32,11,train,1.0666282156680115e-09,1.0074634867506236e-09,0.05546893289367373,236483999.96505716,0,200,216,0,77.95
772,32,12,train,1.0074634867506236e-09,9.529185164329363e-10,0.05414089049878268,236483999.96505716,0,200,215,0,78.52
773,32,13,train,9.529185164329363e-10,9.071345638769635e-10,0.04804603097372489,236483999.96505716,0,200,216,0,79.49
774,32,14,train,9.071345638769635e-10,8.646361573403867e-10,0.046849065429658665,236483999.96505716,0,200,222,0,80.66
775,32,15,train,8.646361573403867e-10,8.242327605829704e-10,0.04672878460426274,236483999.96505716,0,200,220,0,80.11
776,32,16,train,8.242327605829704e-10,7.848542199743001e-10,0.047775995437039226,236483999.96505716,0,200,211,0,75.54
777,32,17,train,7.848542199743001e-10,7.488618826406113e-10,0.04585862752304167,236483999.96505716,0,200,215,0,76.81
778,32,18,train,7.488618826406113e-10,7.175526139445673e-10,0.04180913653348506,236483999.96505716,0,200,218,0,79.21
779,32,19,train,7.175526139445673e-10,6.872801232185738e-10,0.042188531039665564,236483999.96505716,0,200,214,0,77.36
780,32,20,train,6.872801232185738e-10,6.610655515563595e-10,0.03814248481310636,236483999.96505716,0,200,216,0,77.66
781,32,21,train,6.610655515563595e-10,6.365009137790018e-10,0.037159155728996446,236483999.96505716,0,200,215,0,77.1
782,32,22,train,6.365009137790018e-10,6.129803913942649e-10,0.03695284936056412,236483999.96505716,0,200,224,0,80.06
783,32,23,train,6.129803913942649e-10,5.925419360946557e-10,0.03334275547235786,236483999.96505716,0,200,213,0,76.75
784,32,24,train,5.925419360946557e-10,5.740031120374275e-10,0.03128694009307505,236483999.96505716,0,200,222,0,79.49
785,33,0,train,4.578124487836155e-08,2.5006383001069433e-09,0.9453785429655526,21843005.856589295,1,200,215,0,77.33
786,33,1,train,2.5006383001069433e-09,1.783915834526023e-09,0.2866158074721437,399897898.0515629,1,200,210,0,75.7
787,33,2,train,1.783915834526023e-09,1.4530359943676372e-09,0.18547951296497056,399897898.0515629,0,200,208,0,75.68
788,33,3,train,1.4530359943676372e-09,1.2631535205558628e-09,0.13067981422883573,399897898.0515629,0,200,208,0,75.2
789,33,4,train,1.2631535205558628e-09,1.1434365371947024e-09,0.09477627336103832,399897898.0515629,0,200,220,0,79.2
790,33,5,train,1.1434365371947024e-09,1.0449841479773388e-09,0.0861021893343603,399897898.0515629,0,200,223,0,80.52
791,33,6,train,1.0449841479773388e-09,9.769104852695772e-10,0.06514324914834767,399897898.0515629,0,200,216,0,78.1
792,33,7,train,9.769104852695772e-10,9.182551578517287e-10,0.060041660215841265,399897898.0515629,0,200,218,0,78.69
793,33,8,train,9.182551578517287e-10,8.751274205405989e-10,0.046967051524140366,399897898.0515629,0,200,215,0,78.09
794,33,9,train,8.751274205405989e-10,8.332796262406609e-10,0.047819087046874834,399897898.0515629,0,200,215,0,77.8
795,33,10,train,8.332796262406609e-10,7.965310990935946e-10,0.044101074825094705,399897898.0515629,0,200,222,0,79.52
796,33,11,train,7.965310990935946e-10,7.640740081105296e-10,0.04074805242381521,399897898.0515629,0,200,221,0,79.74
797,33,12,train,7.640740081105296e-10,7.360879219787174e-10,0.036627454716093216,399897898.0515629,0,200,220,0,80.07
798,33,13,train,7.360879219787174e-10,7.091312213830428e-10,0.036621577111618384,399897898.0515629,0,200,217,0,78.73
799,33,14,train,7.091312213830428e-10,6.845173844344705e-10,0.03470984805966815,399897898.0515629,0,200,218,0,78.19
800,33,15,train,6.845173844344705e-10,6.65185600392269e-10,0.028241480029280664,399897898.0515629,0,200,219,0,78.95
801,33,16,train,6.65185600392269e-10,6.439943161533463e-10,0.03185770140908936,399897898.0515629,0,200,221,0,79.35
802,33,17,train,6.439943161533463e-10,6.259999846874464e-10,0.027941755097128925,399897898.0515629,0,200,219,0,78.5
803,33,18,train,6.259999846874464e-10,6.09478434202916e-10,0.026392253815755894,399897898.0515629,0,200,217,0,77.65
804,33,19,train,6.09478434202916e-10,5.940377772547028e-10,0.02533421378298106,399897898.0515629,0,200,220,0,79.22
805,33,20,train,5.940377772547028e-10,5.793295767857956e-10,0.02475970558114994,399897898.0515629,0,200,221,0,79.43
806,33,21,train,5.793295767857956e-10,5.66138547567046e-10,0.02276947310706185,399897898.0515629,0,200,217,0,77.89
807,33,22,train,5.66138547567046e-10,5.54270576672823e-10,0.020963015052101585,399897898.0515629,0,200,221,0,79.43
808,33,23,train,5.54270576672823e-10,5.434844954859327e-10,0.01945995627557409,399897898.0515629,0,200,215,0,77.59
809,33,24,train,5.434844954859327e-10,5.324923266587824e-10,0.02022535862282896,399897898.0515629,0,200,216,0,78.39
810,34,0,train,5.3152785063336836e-08,3.6781980503736066e-09,0.9307995235622994,18813689.608331915,1,200,206,0,74.34
811,34,1,train,3.6781980503736066e-09,2.6386690524776707e-09,0.28261909327866336,271872255.4644459,1,200,208,0,75.38
812,34,2,train,2.6386690524776707e-09,2.149575871888734e-09,0.18535601504466254,271872255.4644459,0,200,214,0,77.98
813,34,3,train,2.149575871888734e-09,1.8226950873598318e-09,0.1520675724005439,271872255.4644459,0,200,213,0,77.44
814,34,4,train,1.8226950873598318e-09,1.600819129453774e-09,0.1217296076808131,271872255.4644459,0,200,217,0,78.66
815,34,5,train,1.600819129453774e-09,1.4399644588020682e-09,0.10048272643180628,271872255.4644459,0,200,218,0,78.56
816,34,6,train,1.4399644588020682e-09,1.3182064334974978e-09,0.08455627120537615,271872255.4644459,0,200,224,0,81.93
817,34,7,train,1.3182064334974978e-09,1.2184107654977236e-09,0.07570564477901531,271872255.4644459,0,200,220,0,79.25
818,34,8,train,1.2184107654977236e-09,1.1363920498157208e-09,0.06731614493614392,271872255.4644459,0,200,217,0,78.07
819,34,9,train,1.1363920498157208e-09,1.0666150633124978e-09,0.0614022128318639,271872255.4644459,0,200,218,0,78.73
820,34,10,train,1.0666150633124978e-09,1.0052155676788577e-09,0.057564812035334305,271872255.4644459,0,200,213,0,76.6
821,34,11,train,1.0052155676788577e-09,9.544902985021173e-10,0.050462080779220334,271872255.4644459,0,200,217,0,78.13
822,34,12,train,9.544902985021173e-10,9.076673859120786e-10,0.049055409639593,271872255.4644459,0,200,221,0,79.42
823,34,13,train,9.076673859120786e-10,8.65997421013972e-10,0.04590884892953826,271872255.4644459,0,200,224,0,80.77
824,34,14,train,8.65997421013972e-10,8.28072561502665e-10,0.04379327073157085,271872255.4644459,0,200,218,0,78.07
825,34,15,train,8.28072561502665e-10,7.953391440762631e-10,0.03952964866629818,271872255.4644459,0,200,223,0,81.57
826,34,16,train,7.953391440762631e-10,7.647523520423057e-10,0.038457546396112596,271872255.4644459,0,200,217,0,79.43
827,34,17,train,7.647523520423057e-10,7.377730505875426e-10,0.035278481174609855,271872255.4644459,0,200,214,0,78.17
828,34,18,train,7.377730505875426e-10,7.111833363421867e-10,0.03604050625619984,271872255.4644459,0,200,218,0,78.53
829,34,19,train,7.111833363421867e-10,6.867202019231447e-10,0.03439778910577775,271872255.4644459,0,200,224,0,80.27
830,34,20,train,6.867202019231447e-10,6.65166393069489e-10,0.03138659499646977,271872255.4644459,0,200,216,0,77.68
831,34,21,train,6.65166393069489e-10,6.439778444647162e-10,0.03185450862451986,271872255.4644459,0,200,222,0,79.45
832,34,22,train,6.439778444647162e-10,6.256785889651746e-10,0.028415970606492275,271872255.4644459,0,200,217,0,77.83
833,34,23,train,6.256785889651746e-10,6.082109189752842e-10,0.02791796027219123,271872255.4644459,0,200,217,0,78.6
834,34,24,train,6.082109189752842e-10,5.93347079572141e-10,0.024438626370249742,271872255.4644459,0,200,219,0,79.17
835,35,0,train,2.763009576628569e-08,2.810094640524332e-09,0.898295877643927,36192418.89201855,1,200,213,0,76.43
836,35,1,train,2.810094640524332e-09,1.9786464418109542e-09,0.2958790735098655,36192418.89201855,0,200,212,0,76.19
837,35,2,train,1.9786464418109542e-09,1.6161702744563797e-09,0.1831940056065896,505396001.4628743,1,200,208,0,74.48
838,35,3,train,1.6161702744563797e-09,1.3039190974795828e-09,0.1932043806967225,505396001.4628743,0,200,209,0,75.32
839,35,4,train,1.3039190974795828e-09,1.1620191761523559e-09,0.10882570981705318,505396001.4628743,0,200,215,0,77.49
840,35,5,train,1.1620191761523559e-09,1.0632560888821192e-09,0.0849926483978157,505396001.4628743,0,200,216,0,78.4
841,35,6,train,1.0632560888821192e-09,9.825033945939312e-10,0.07594848986295423,505396001.4628743,0,200,220,0,79.92
842,35,7,train,9.825033945939312e-10,9.184895383872928e-10,0.06515382700850145,505396001.4628743,0,200,219,0,79.26
843,35,8,train,9.184895383872928e-10,8.674256882882483e-10,0.05559546185872052,505396001.4628743,0,200,218,0,78.66
844,35,9,train,8.674256882882483e-10,8.187847143710588e-10,0.05607509043590367,505396001.4628743,0,200,219,0,79.03
845,35,10,train,8.187847143710588e-10,7.749667224446433e-10,0.053515889045478576,505396001.4628743,0,200,219,0,78.92
846,35,11,train,7.749667224446433e-10,7.38396700536246e-10,0.047189151287730956,505396001.4628743,0,200,220,0,78.9
847,35,12,train,7.38396700536246e-10,7.090004282438568e-10,0.039810947517832616,505396001.4628743,0,200,216,0,78.0
848,35,13,train,7.090004282438568e-10,6.799878828886021e-10,0.04092034955058727,505396001.4628743,0,200,216,0,77.72
849,35,14,train,6.799878828886021e-10,6.534188880423e-10,0.0390727474928472,505396001.4628743,0,200,219,0,78.82
850,35,15,train,6.534188880423e-10,6.280753807209443e-10,0.038786003565472404,505396001.4628743,0,200,215,0,77.92
851,35,16,train,6.280753807209443e-10,6.073990531222023e-10,0.03292013703038067,505396001.4628743,0,200,220,0,78.83
852,35,17,train,6.073990531222023e-10,5.889602274467011e-10,0.030357020776901934,505396001.4628743,0,200,221,0,79.82
853,35,18,train,5.889602274467011e-10,5.712051445444449e-10,0.03014648880320694,505396001.4628743,0,200,220,0,79.07
854,35,19,train,5.712051445444449e-10,5.55326171262874e-10,0.027799072598050374,505396001.4628743,0,200,220,0,79.37
855,35,20,train,5.55326171262874e-10,5.40204774330434e-10,0.027229757419954138,505396001.4628743,0,200,221,0,79.92
856,35,21,train,5.40204774330434e-10,5.264512613407017e-10,0.025459813839630297,505396001.4628743,0,200,213,0,76.89
857,35,22,train,5.264512613407017e-10,5.131390039169785e-10,0.025286780375112353,505396001.4628743,0,200,217,0,78.71
858,35,23,train,5.131390039169785e-10,4.999015203087598e-10,0.025797071567688516,505396001.4628743,0,200,220,0,80.22
859,35,24,train,4.999015203087598e-10,4.871158396450754e-10,0.025576398839090297,505396001.4628743,0,200,224,0,80.56
860,36,0,train,6.263403140143374e-08,2.9040331371931908e-09,0.9536348998744679,15965761.386023594,1,200,212,0,75.26
861,36,1,train,2.9040331371931908e-09,2.0909933083862787e-09,0.2799691981451466,344348687.75861186,1,200,211,0,75.95
862,36,2,train,2.0909933083862787e-09,1.7246811348235358e-09,0.17518572254324613,344348687.75861186,0,200,215,0,78.58
863,36,3,train,1.7246811348235358e-09,1.529664026023647e-09,0.11307429811936932,344348687.75861186,0,200,215,0,78.25
864,36,4,train,1.529664026023647e-09,1.40141384177388e-09,0.08384206078451933,344348687.75861186,0,200,217,0,77.77
865,36,5,train,1.40141384177388e-09,1.297136007487349e-09,0.07440902264425914,344348687.75861186,0,200,216,0,77.18
866,36,6,train,1.297136007487349e-09,1.2087924012739192e-09,0.06810666399166433,344348687.75861186,0,200,218,0,78.29
867,36,7,train,1.2087924012739192e-09,1.1454200074090701e-09,0.05242620138748582,344348687.75861186,0,200,217,0,78.26
868,36,8,train,1.1454200074090701e-09,1.093528921786541e-09,0.04530310740765421,344348687.75861186,0,200,212,0,76.81
869,36,9,train,1.093528921786541e-09,1.0438813068288087e-09,0.045401282004156794,344348687.75861186,0,200,217,0,78.16
870,36,10,train,1.0438813068288087e-09,1.0022875815899756e-09,0.03984526302630139,344348687.75861186,0,200,218,0,78.76
871,36,11,train,1.0022875815899756e-09,9.635993071790772e-10,0.03859997382141098,344348687.75861186,0,200,220,0,79.19
872,36,12,train,9.635993071790772e-10,9.290042973991141e-10,0.035901862446580085,344348687.75861186,0,200,221,0,79.4
873,36,13,train,9.290042973991141e-10,8.953546136388478e-10,0.036221235848395525,344348687.75861186,0,200,217,0,77.86
874,36,14,train,8.953546136388478e-10,8.661648605610244e-10,0.03260133206796375,344348687.75861186,0,200,220,0,80.05
875,36,15,train,8.661648605610244e-10,8.405655026480861e-10,0.02955483312536747,344348687.75861186,0,200,218,0,79.26
876,36,16,train,8.405655026480861e-10,8.133241654578743e-10,0.03240834545837497,344348687.75861186,0,200,223,0,81.39
877,36,17,train,8.133241654578743e-10,7.876749127356371e-10,0.031536321938494885,344348687.75861186,0,200,217,0,78.31
878,36,18,train,7.876749127356371e-10,7.624501529605395e-10,0.03202432801559042,344348687.75861186,0,200,208,0,75.06
879,36,19,train,7.624501529605395e-10,7.408226652762387e-10,0.02836577263487035,344348687.75861186,0,200,220,0,79.31
880,36,20,train,7.408226652762387e-10,7.199139717550168e-10,0.0282236147748335,344348687.75861186,0,200,215,0,77.59
881,36,21,train,7.199139717550168e-10,7.004292227071413e-10,0.02706538532704858,344348687.75861186,0,200,218,0,78.08
882,36,22,train,7.004292227071413e-10,6.807892956500776e-10,0.028039845312501192,344348687.75861186,0,200,221,0,80.36
883,36,23,train,6.807892956500776e-10,6.618413767770655e-10,0.027832280845307554,344348687.75861186,0,200,217,0,79.12
884,36,24,train,6.618413767770655e-10,6.456871901142068e-10,0.024407943095857604,344348687.75861186,0,200,223,0,81.18
885,37,0,train,1.9487244502006387e-08,2.850636435885789e-09,0.8537178288294023,51315618.27004536,1,200,213,0,77.7
886,37,1,train,2.850636435885789e-09,2.0908712027909217e-09,0.26652477444349465,51315618.27004536,0,200,213,0,77.88
887,37,2,train,2.0908712027909217e-09,1.6896881251687477e-09,0.19187364438644983,51315618.27004536,0,200,215,0,77.32
888,37,3,train,1.6896881251687477e-09,1.5150073501509122e-09,0.10338048330687673,591825192.5337588,1,200,215,0,76.5
889,37,4,train,1.5150073501509122e-09,1.325550896683454e-09,0.1250531579589935,591825192.5337588,0,200,215,0,77.2
890,37,5,train,1.325550896683454e-09,1.1970124606746433e-09,0.0969698231357359,591825192.5337588,0,200,212,0,76.57
891,37,6,train,1.1970124606746433e-09,1.1129229296512019e-09,0.07024950348139909,591825192.5337588,0,200,211,0,75.55
892,37,7,train,1.1129229296512019e-09,1.0449017854055288e-09,0.06111936634012151,591825192.5337588,0,200,214,0,76.88
893,37,8,train,1.0449017854055288e-09,9.889099157580537e-10,0.05358577277743331,591825192.5337588,0,200,211,0,75.74
894,37,9,train,9.889099157580537e-10,9.390416675161564e-10,0.050427493391721694,591825192.5337588,0,200,215,0,78.19
895,37,10,train,9.390416675161564e-10,8.894019811067238e-10,0.05286207005141075,591825192.5337588,0,200,215,0,77.48
896,37,11,train,8.894019811067238e-10,8.498620729630562e-10,0.04445673495629757,591825192.5337588,0,200,211,0,75.87
897,37,12,train,8.498620729630562e-10,8.173716448104411e-10,0.03823023663044135,591825192.5337588,0,200,216,0,77.77
898,37,13,train,8.173716448104411e-10,7.838098872608724e-10,0.04106058457331506,591825192.5337588,0,200,221,0,79.23
899,37,14,train,7.838098872608724e-10,7.545729282955826e-10,0.037301084664116996,591825192.5337588,0,200,214,0,76.84
900,37,15,train,7.545729282955826e-10,7.298686878409168e-10,0.03273936756579296,591825192.5337588,0,200,216,0,78.1
901,37,16,train,7.298686878409168e-10,7.047123618958487e-10,0.03446692037095752,591825192.5337588,0,200,216,0,79.12
902,37,17,train,7.047123618958487e-10,6.798253981274124e-10,0.03531506627964384,591825192.5337588,0,200,216,0,78.12
903,37,18,train,6.798253981274124e-10,6.588163836859423e-10,0.030903544497366146,591825192.5337588,0,200,219,0,79.17
904,37,19,train,6.588163836859423e-10,6.386133692248046e-10,0.0306656224122811,591825192.5337588,0,200,222,0,81.26
905,37,20,train,6.386133692248046e-10,6.20227415025431e-10,0.028790431089301807,591825192.5337588,0,200,215,0,77.29
906,37,21,train,6.20227415025431e-10,6.013426732518105e-10,0.030448092612685048,591825192.5337588,0,200,225,0,80.85
907,37,22,train,6.013426732518105e-10,5.866803209203974e-10,0.024382690574951498,591825192.5337588,0,200,218,0,78.3
908,37,23,train,5.866803209203974e-10,5.728355548551867e-10,0.023598483827599152,591825192.5337588,0,200,214,0,76.84
909,37,24,train,5.728355548551867e-10,5.597090285971683e-10,0.02291499915946527,591825192.5337588,0,200,215,0,77.79
910,38,0,train,1.7231223708332396e-08,3.6771881434554963e-09,0.7865973882239518,58034183.58015027,1,200,208,0,74.67
911,38,1,train,3.6771881434554963e-09,2.580090526122053e-09,0.2983523209945108,58034183.58015027,0,200,210,0,75.23
912,38,2,train,2.580090526122053e-09,2.124197799021066e-09,0.17669640754280286,58034183.58015027,0,200,213,0,76.49
913,38,3,train,2.124197799021066e-09,1.8608192306134862e-09,0.12398966260531737,58034183.58015027,0,200,219,0,78.68
914,38,4,train,1.8608192306134862e-09,1.6447952149997337e-09,0.116090812078792,58034183.58015027,0,200,214,0,76.76
915,38,5,train,1.6447952149997337e-09,1.5270554455105793e-09,0.07158323930871448,607978422.4081427,1,200,218,0,77.86
916,38,6,train,1.5270554455105793e-09,1.3941237838571877e-09,0.08705097253947133,607978422.4081427,0,200,217,0,77.46
917,38,7,train,1.3941237838571877e-09,1.2654031598857356e-09,0.09233084282897372,607978422.4081427,0,200,216,0,77.68
918,38,8,train,1.2654031598857356e-09,1.1654845805483057e-09,0.07896185382250223,607978422.4081427,0,200,209,0,75.13
919,38,9,train,1.1654845805483057e-09,1.0849959548499252e-09,0.06906022356856441,607978422.4081427,0,200,215,0,77.17
920,38,10,train,1.0849959548499252e-09,1.0271516585974872e-09,0.053312914203849635,607978422.4081427,0,200,216,0,77.18
921,38,11,train,1.0271516585974872e-09,9.799359873228607e-10,0.04596757536184736,607978422.4081427,0,200,219,0,78.29
922,38,12,train,9.799359873228607e-10,9.364650146800199e-10,0.04436103297073671,607978422.4081427,0,200,220,0,79.04
923,38,13,train,9.364650146800199e-10,8.932915535566415e-10,0.04610258840062516,607978422.4081427,0,200,223,0,80.29
924,38,14,train,8.932915535566415e-10,8.576671354213284e-10,0.03987994512371063,607978422.4081427,0,200,220,0,78.89
925,38,15,train,8.576671354213284e-10,8.267025942504975e-10,0.03610321521253074,607978422.4081427,0,200,216,0,77.6
926,38,16,train,8.267025942504975e-10,7.965230173739282e-10,0.03650596609525656,607978422.4081427,0,200,212,0,76.07
927,38,17,train,7.965230173739282e-10,7.672820532837113e-10,0.03671075844941928,607978422.4081427,0,200,215,0,76.89
928,38,18,train,7.672820532837113e-10,7.438136534056148e-10,0.030586405322084016,607978422.4081427,0,200,213,0,76.84
929,38,19,train,7.438136534056148e-10,7.241709831951468e-10,0.026408052770384535,607978422.4081427,0,200,215,0,77.36
930,38,20,train,7.241709831951468e-10,7.047723389141203e-10,0.026787381338364186,607978422.4081427,0,200,219,0,78.74
931,38,21,train,7.047723389141203e-10,6.872958950349975e-10,0.024797289726281955,607978422.4081427,0,200,219,0,78.82
932,38,22,train,6.872958950349975e-10,6.71122325778994e-10,0.023532177876866168,607978422.4081427,0,200,216,0,77.76
933,38,23,train,6.71122325778994e-10,6.560922241851477e-10,0.022395472504063003,607978422.4081427,0,200,215,0,77.89
934,38,24,train,6.560922241851477e-10,6.411767823016375e-10,0.022733758050607757,607978422.4081427,0,200,219,0,79.73
935,39,0,train,5.594783407020955e-08,4.45426357004265e-09,0.9203854153772433,17873792.911180247,1,200,213,0,76.06
936,39,1,train,4.45426357004265e-09,3.336842009487014e-09,0.25086561290869835,224504002.57531795,1,200,211,0,75.95
937,39,2,train,3.336842009487014e-09,2.746876311571169e-09,0.17680360539651163,224504002.57531795,0,200,208,0,75.94
938,39,3,train,2.746876311571169e-09,2.3950837257722967e-09,0.12807004972045963,224504002.57531795,0,200,211,0,76.89
939,39,4,train,2.3950837257722967e-09,2.1495306652976275e-09,0.1025237898084295,224504002.57531795,0,200,217,0,78.81
940,39,5,train,2.1495306652976275e-09,1.907303573681128e-09,0.11268836287244142,224504002.57531795,0,200,215,0,77.64
941,39,6,train,1.907303573681128e-09,1.6456863545511963e-09,0.13716600898775966,224504002.57531795,0,200,214,0,77.28
942,39,7,train,1.6456863545511963e-09,1.475281644962989e-09,0.10354628578948105,224504002.57531795,0,200,213,0,76.74
943,39,8,train,1.475281644962989e-09,1.316943982950815e-09,0.10732707381860378,224504002.57531795,0,200,217,0,78.7
944,39,9,train,1.316943982950815e-09,1.1956199937400045e-09,0.09212539848427378,224504002.57531795,0,200,214,0,77.17
945,39,10,train,1.1956199937400045e-09,1.0949247763346374e-09,0.0842200849204467,224504002.57531795,0,200,211,0,76.57
946,39,11,train,1.0949247763346374e-09,1.005009469532157e-09,0.08212007687275129,224504002.57531795,0,200,215,0,77.44
947,39,12,train,1.005009469532157e-09,9.30408987463352e-10,0.07422863597845733,224504002.57531795,0,200,218,0,77.9
948,39,13,train,9.30408987463352e-10,8.763886934387684e-10,0.05806080417587467,224504002.57531795,0,200,219,0,78.51
949,39,14,train,8.763886934387684e-10,8.300078395247197e-10,0.052922697726804115,224504002.57531795,0,200,218,0,78.07
950,39,15,train,8.300078395247197e-10,7.879435360359649e-10,0.05067940504374236,224504002.57531795,0,200,220,0,78.62
951,39,16,train,7.879435360359649e-10,7.507756291756805e-10,0.047170774504060264,224504002.57531795,0,200,216,0,77.3
952,39,17,train,7.507756291756805e-10,7.184917748942437e-10,0.04300066894404004,224504002.57531795,0,200,212,0,76.29
953,39,18,train,7.184917748942437e-10,6.887616387615206e-10,0.04137853371682539,224504002.57531795,0,200,221,0,78.67
954,39,19,train,6.887616387615206e-10,6.635466960016905e-10,0.03660909862106964,224504002.57531795,0,200,211,0,75.22
955,39,20,train,6.635466960016905e-10,6.430462544134934e-10,0.030895250796554134,224504002.57531795,0,200,221,0,79.41
956,39,21,train,6.430462544134934e-10,6.224055775370292e-10,0.032098277122055686,224504002.57531795,0,200,216,0,77.33
957,39,22,train,6.224055775370292e-10,6.036544953262739e-10,0.03012679013089293,224504002.57531795,0,200,214,0,76.72
958,39,23,train,6.036544953262739e-10,5.846947070162404e-10,0.03140834443680534,224504002.57531795,0,200,225,0,81.59
959,39,24,train,5.846947070162404e-10,5.664863176605626e-10,0.031141703759551883,224504002.57531795,0,200,217,0,78.41
960,40,0,train,2.2894688933786102e-08,3.4330396735488447e-09,0.8500508269198344,43678252.318348035,1,200,212,0,76.15
961,40,1,train,3.4330396735488447e-09,2.347372577693306e-09,0.31624076593710004,43678252.318348035,0,200,210,0,76.2
962,40,2,train,2.347372577693306e-09,1.897557624257157e-09,0.1916248650557932,43678252.318348035,0,200,205,0,74.59
963,40,3,train,1.897557624257157e-09,1.7502459024407496e-09,0.07763227842636712,526993218.6599462,1,200,213,0,75.79
964,40,4,train,1.7502459024407496e-09,1.5411453939448977e-09,0.11946921755637735,526993218.6599462,0,200,215,0,76.78
965,40,5,train,1.5411453939448977e-09,1.3848302049205163e-09,0.10142793122474876,526993218.6599462,0,200,220,0,78.53
966,40,6,train,1.3848302049205163e-09,1.2931642501460898e-09,0.0661929198602999,526993218.6599462,0,200,215,0,76.91
967,40,7,train,1.2931642501460898e-09,1.2074239695070852e-09,0.06630269946707736,526993218.6599462,0,200,215,0,76.69
968,40,8,train,1.2074239695070852e-09,1.130515351232721e-09,0.06369644815462891,526993218.6599462,0,200,218,0,77.61
969,40,9,train,1.130515351232721e-09,1.0696312082802489e-09,0.05385521115311136,526993218.6599462,0,200,218,0,77.72
970,40,10,train,1.0696312082802489e-09,1.013407020057185e-09,0.05256408731142118,526993218.6599462,0,200,216,0,77.13
971,40,11,train,1.013407020057185e-09,9.668906919844747e-10,0.04590093333879356,526993218.6599462,0,200,222,0,79.8
972,40,12,train,9.668906919844747e-10,9.252319130897419e-10,0.0430853034785463,526993218.6599462,0,200,220,0,79.47
973,40,13,train,9.252319130897419e-10,8.886492505947172e-10,0.03953891124751598,526993218.6599462,0,200,216,0,77.93
974,40,14,train,8.886492505947172e-10,8.524866273761137e-10,0.0406939219207152,526993218.6599462,0,200,214,0,77.29
975,40,15,train,8.524866273761137e-10,8.222718931468912e-10,0.03544305946736204,526993218.6599462,0,200,215,0,77.11
976,40,16,train,8.222718931468912e-10,7.952511673421153e-10,0.032861059741888694,526993218.6599462,0,200,217,0,77.59
977,40,17,train,7.952511673421153e-10,7.709616733003958e-10,0.03054317307436305,526993218.6599462,0,200,216,0,77.41
978,40,18,train,7.709616733003958e-10,7.445607340051694e-10,0.03424416570827325,526993218.6599462,0,200,218,0,78.52
979,40,19,train,7.445607340051694e-10,7.188701167139401e-10,0.034504394494500726,526993218.6599462,0,200,215,0,77.47
980,40,20,train,7.188701167139401e-10,6.983299039618413e-10,0.028572912233424144,526993218.6599462,0,200,217,0,76.91
981,40,21,train,6.983299039618413e-10,6.792580995547454e-10,0.02731059388821188,526993218.6599462,0,200,216,0,78.13
982,40,22,train,6.792580995547454e-10,6.599846191160513e-10,0.028374310812529085,526993218.6599462,0,200,222,0,79.69
983,40,23,train,6.599846191160513e-10,6.425666713888418e-10,0.026391444925698684,526993218.6599462,0,200,217,0,78.16
984,40,24,train,6.425666713888418e-10,6.24463456635323e-10,0.02817328622785644,526993218.6599462,0,200,222,0,79.73
985,41,0,train,1.1150794857484143e-06,3.948402674458512e-09,0.9964590841057321,896797.0559774259,1,200,207,0,74.14
986,41,1,train,3.948402674458512e-09,2.7745086255335333e-09,0.2973085943130072,253266974.63478473,1,200,210,0,75.07
987,41,2,train,2.7745086255335333e-09,2.128854167655155e-09,0.23270947941429448,253266974.63478473,0,200,216,0,77.35
988,41,3,train,2.128854167655155e-09,1.7745197310060622e-09,0.1664437339263016,253266974.63478473,0,200,211,0,75.88
989,41,4,train,1.7745197310060622e-09,1.5455150794423562e-09,0.12905162313065516,253266974.63478473,0,200,216,0,77.03
990,41,5,train,1.5455150794423562e-09,1.3713689747222157e-09,0.11267836013801623,253266974.63478473,0,200,209,0,74.36
991,41,6,train,1.3713689747222157e-09,1.2453166014244232e-09,0.09191718320981096,253266974.63478473,0,200,220,0,78.1
992,41,7,train,1.2453166014244232e-09,1.1465697234141415e-09,0.07929459697022632,253266974.63478473,0,200,216,0,76.58
993,41,8,train,1.1465697234141415e-09,1.0634960298232085e-09,0.07245411412361771,253266974.63478473,0,200,221,0,78.74
994,41,9,train,1.0634960298232085e-09,9.989803475957054e-10,0.060663773458776354,253266974.63478473,0,200,217,0,77.58
995,41,10,train,9.989803475957054e-10,9.487061108488728e-10,0.050325551316229636,253266974.63478473,0,200,213,0,76.03
996,41,11,train,9.487061108488728e-10,9.024803530688654e-10,0.048725055368986726,253266974.63478473,0,200,218,0,77.84
997,41,12,train,9.024803530688654e-10,8.622903294698795e-10,0.04453285155994866,253266974.63478473,0,200,222,0,79.13
998,41,13,train,8.622903294698795e-10,8.258039688107952e-10,0.04231331305955326,253266974.63478473,0,200,222,0,78.95
999,41,14,train,8.258039688107952e-10,7.920747545276245e-10,0.04084409321953576,253266974.63478473,0,200,218,0,78.71
1000,41,15,train,7.920747545276245e-10,7.59717338687247e-10,0.0408514671821282,253266974.63478473,0,200,218,0,79.13
1001,41,16,train,7.59717338687247e-10,7.315619524203032e-10,0.037060344463896104,253266974.63478473,0,200,213,0,75.81
1002,41,17,train,7.315619524203032e-10,7.047512003960955e-10,0.03664864190313189,253266974.63478473,0,200,218,0,77.66
1003,41,18,train,7.047512003960955e-10,6.823614930526206e-10,0.031769661876263594,253266974.63478473,0,200,217,0,77.38
1004,41,19,train,6.823614930526206e-10,6.614600970654423e-10,0.03063097229252138,253266974.63478473,0,200,214,0,76.7
1005,41,20,train,6.614600970654423e-10,6.425170124853439e-10,0.028638287727618263,253266974.63478473,0,200,214,0,76.86
1006,41,21,train,6.425170124853439e-10,6.219934300999754e-10,0.031942473096518306,253266974.63478473,0,200,217,0,77.67
1007,41,22,train,6.219934300999754e-10,6.060625430659277e-10,0.02561262911006491,253266974.63478473,0,200,224,0,80.82
1008,41,23,train,6.060625430659277e-10,5.89323644633641e-10,0.027619094141024737,253266974.63478473,0,200,218,0,79.8
1009,41,24,train,5.89323644633641e-10,5.758264818884502e-10,0.022902801996993325,253266974.63478473,0,200,218,0,77.8
1010,42,0,train,3.519318363337231e-08,4.330758159954225e-09,0.8769432681887995,28414593.3035663,1,200,210,0,74.8
1011,42,1,train,4.330758159954225e-09,3.224522587313283e-09,0.25543693085199537,28414593.3035663,0,200,209,0,75.22
1012,42,2,train,3.224522587313283e-09,2.772323705196003e-09,0.14023746767860557,310123428.4834748,1,200,214,0,76.79
1013,42,3,train,2.772323705196003e-09,2.3690661954209664e-09,0.1454583059760427,310123428.4834748,0,200,214,0,77.96
1014,42,4,train,2.3690661954209664e-09,2.076054047544893e-09,0.12368254987658006,310123428.4834748,0,200,220,0,79.92
1015,42,5,train,2.076054047544893e-09,1.8815887855660167e-09,0.09367061623894021,310123428.4834748,0,200,218,0,78.93
1016,42,6,train,1.8815887855660167e-09,1.7251185590657158e-09,0.08315856668609545,310123428.4834748,0,200,216,0,78.53
1017,42,7,train,1.7251185590657158e-09,1.6057557276579517e-09,0.06919108879821467,310123428.4834748,0,200,215,0,78.25
1018,42,8,train,1.6057557276579517e-09,1.5069048461440491e-09,0.061560348072418135,310123428.4834748,0,200,215,0,78.53
1019,42,9,train,1.5069048461440491e-09,1.4256268630518428e-09,0.05393703743151725,310123428.4834748,0,200,218,0,79.71
1020,42,10,train,1.4256268630518428e-09,1.3547880766133515e-09,0.04968957044401263,310123428.4834748,0,200,218,0,77.56
1021,42,11,train,1.3547880766133515e-09,1.2929844021441247e-09,0.04561870268575238,310123428.4834748,0,200,220,0,79.27
1022,42,12,train,1.2929844021441247e-09,1.2387692075377958e-09,0.041930277361757126,310123428.4834748,0,200,219,0,78.71
1023,42,13,train,1.2387692075377958e-09,1.1882127174843284e-09,0.04081187177226872,310123428.4834748,0,200,214,0,76.6
1024,42,14,train,1.1882127174843284e-09,1.1421351541125253e-09,0.03877888419622202,310123428.4834748,0,200,219,0,78.08
1025,42,15,train,1.1421351541125253e-09,1.09864102180554e-09,0.03808142333275919,310123428.4834748,0,200,223,0,79.59
1026,42,16,train,1.09864102180554e-09,1.0585575703973075e-09,0.036484575591723516,310123428.4834748,0,200,222,0,79.37
1027,42,17,train,1.0585575703973075e-09,1.0229388899451e-09,0.03364831677396512,310123428.4834748,0,200,217,0,77.46
1028,42,18,train,1.0229388899451e-09,9.895164439469845e-10,0.032672964462138375,310123428.4834748,0,200,217,0,77.18
1029,42,19,train,9.895164439469845e-10,9.5870064489408e-10,0.03114228090034196,310123428.4834748,0,200,217,0,76.89
1030,42,20,train,9.5870064489408e-10,9.317065701111918e-10,0.02815693817111244,310123428.4834748,0,200,213,0,75.92
1031,42,21,train,9.317065701111918e-10,9.049405675438327e-10,0.028727931546264393,310123428.4834748,0,200,219,0,77.92
1032,42,22,train,9.049405675438327e-10,8.804189143452595e-10,0.02709752891853354,310123428.4834748,0,200,218,0,77.15
1033,42,23,train,8.804189143452595e-10,8.544897817385632e-10,0.02945090363713848,310123428.4834748,0,200,218,0,77.57
1034,42,24,train,8.544897817385632e-10,8.338778862784619e-10,0.02412187471471441,310123428.4834748,0,200,214,0,75.25
1035,43,0,train,6.067400790768682e-08,2.3576965900572915e-09,0.9611415716323795,16481522.063310234,1,200,212,0,73.99
1036,43,1,train,2.3576965900572915e-09,1.819135542764955e-09,0.22842678297263416,424142785.89413416,1,200,211,0,73.92
1037,43,2,train,1.819135542764955e-09,1.548901448903753e-09,0.14855082950579132,424142785.89413416,0,200,221,0,77.64
1038,43,3,train,1.548901448903753e-09,1.383513728080613e-09,0.10677743308988086,424142785.89413416,0,200,217,0,76.69
1039,43,4,train,1.383513728080613e-09,1.266303609760652e-09,0.08471915814132892,424142785.89413416,0,200,218,0,76.72
1040,43,5,train,1.266303609760652e-09,1.175997793505313e-09,0.07131450590463684,424142785.89413416,0,200,215,0,75.72
1041,43,6,train,1.175997793505313e-09,1.1007954615118376e-09,0.06394768120212097,424142785.89413416,0,200,213,0,74.78
1042,43,7,train,1.1007954615118376e-09,1.042292239747848e-09,0.053146314469393774,424142785.89413416,0,200,220,0,77.79
1043,43,8,train,1.042292239747848e-09,9.877324788181057e-10,0.052345934133541556,424142785.89413416,0,200,219,0,77.1
1044,43,9,train,9.877324788181057e-10,9.400722910413487e-10,0.048252121701805165,424142785.89413416,0,200,221,0,77.55
1045,43,10,train,9.400722910413487e-10,9.021602413563346e-10,0.04032886624391164,424142785.89413416,0,200,214,0,75.4
1046,43,11,train,9.021602413563346e-10,8.656130409565574e-10,0.0405107637472818,424142785.89413416,0,200,216,0,76.32
1047,43,12,train,8.656130409565574e-10,8.37083377347294e-10,0.032958911498995415,424142785.89413416,0,200,225,0,79.39
1048,43,13,train,8.37083377347294e-10,8.115108397714884e-10,0.030549570410589897,424142785.89413416,0,200,213,0,75.72
1049,43,14,train,8.115108397714884e-10,7.90027011975625e-10,0.026473864233178962,424142785.89413416,0,200,212,0,75.72
1050,43,15,train,7.90027011975625e-10,7.687636250945886e-10,0.0269147593167263,424142785.89413416,0,200,219,0,78.06
1051,43,16,train,7.687636250945886e-10,7.463180090249141e-10,0.029197031879484105,424142785.89413416,0,200,225,0,79.77
1052,43,17,train,7.463180090249141e-10,7.249928519390997e-10,0.02857382084840257,424142785.89413416,0,200,219,0,77.45
1053,43,18,train,7.249928519390997e-10,7.062322897761607e-10,0.025876892596611318,424142785.89413416,0,200,219,0,77.11
1054,43,19,train,7.062322897761607e-10,6.87414421914612e-10,0.02664543682576869,424142785.89413416,0,200,222,0,78.24
1055,43,20,train,6.87414421914612e-10,6.703065532226673e-10,0.024887270540957334,424142785.89413416,0,200,220,0,77.99
1056,43,21,train,6.703065532226673e-10,6.528718943196985e-10,0.02600997829895479,424142785.89413416,0,200,219,0,78.09
1057,43,22,train,6.528718943196985e-10,6.377827430006736e-10,0.023111963388695162,424142785.89413416,0,200,213,0,74.62
1058,43,23,train,6.377827430006736e-10,6.231493576640308e-10,0.022944153784711874,424142785.89413416,0,200,219,0,77.03
1059,43,24,train,6.231493576640308e-10,6.084531907006579e-10,0.02358369912867066,424142785.89413416,0,200,221,0,77.72
1060,44,0,train,2.355423160759931e-08,3.6650384433780423e-09,0.844399999777722,42455216.39845681,1,200,215,0,75.41
1061,44,1,train,3.6650384433780423e-09,2.47424810032465e-09,0.32490528038113803,42455216.39845681,0,200,212,0,74.49
1062,44,2,train,2.47424810032465e-09,1.952397077121329e-09,0.2109129731714649,42455216.39845681,0,200,207,0,73.06
1063,44,3,train,1.952397077121329e-09,1.6863045882972872e-09,0.1362901491413705,512190891.7597997,1,200,211,0,73.5
1064,44,4,train,1.6863045882972872e-09,1.43641966026039e-09,0.1481849303922096,512190891.7597997,0,200,210,0,73.67
1065,44,5,train,1.43641966026039e-09,1.2986525029696973e-09,0.0959101028077816,512190891.7597997,0,200,215,0,75.72
1066,44,6,train,1.2986525029696973e-09,1.2072033227916717e-09,0.07041851455174031,512190891.7597997,0,200,214,0,75.08
1067,44,7,train,1.2072033227916717e-09,1.1350248469998345e-09,0.05978982531701758,512190891.7597997,0,200,218,0,77.07
1068,44,8,train,1.1350248469998345e-09,1.0707076311838263e-09,0.05666590998956133,512190891.7597997,0,200,216,0,76.04
1069,44,9,train,1.0707076311838263e-09,1.0202237886807393e-09,0.04714997916589945,512190891.7597997,0,200,217,0,76.3
1070,44,10,train,1.0202237886807393e-09,9.75842794768609e-10,0.04350123414542193,512190891.7597997,0,200,220,0,77.94
1071,44,11,train,9.75842794768609e-10,9.350318349251718e-10,0.04182124422316837,512190891.7597997,0,200,215,0,75.18
1072,44,12,train,9.350318349251718e-10,9.016296611408248e-10,0.03572303373715624,512190891.7597997,0,200,218,0,76.47
1073,44,13,train,9.016296611408248e-10,8.686495441662057e-10,0.036578340749005116,512190891.7597997,0,200,210,0,73.9
1074,44,14,train,8.686495441662057e-10,8.393266231963062e-10,0.03375690595457091,512190891.7597997,0,200,218,0,77.09
1075,44,15,train,8.393266231963062e-10,8.072434440845608e-10,0.03822490342265911,512190891.7597997,0,200,224,0,78.69
1076,44,16,train,8.072434440845608e-10,7.818511265873571e-10,0.03145558837705939,512190891.7597997,0,200,217,0,76.48
1077,44,17,train,7.818511265873571e-10,7.570840499750017e-10,0.0316774840761046,512190891.7597997,0,200,225,0,79.26
1078,44,18,train,7.570840499750017e-10,7.371756328376655e-10,0.026296178261836955,512190891.7597997,0,200,225,0,78.82
1079,44,19,train,7.371756328376655e-10,7.161051773330372e-10,0.02858268038990958,512190891.7597997,0,200,217,0,76.0
1080,44,20,train,7.161051773330372e-10,6.975595219430355e-10,0.025897949040210196,512190891.7597997,0,200,212,0,74.8
1081,44,21,train,6.975595219430355e-10,6.79147975366421e-10,0.026394230165949984,512190891.7597997,0,200,218,0,76.34
1082,44,22,train,6.79147975366421e-10,6.62914181413434e-10,0.023903176541501755,512190891.7597997,0,200,218,0,77.09
1083,44,23,train,6.62914181413434e-10,6.465562757220008e-10,0.024675751628296144,512190891.7597997,0,200,219,0,77.42
1084,44,24,train,6.465562757220008e-10,6.313504152384033e-10,0.023518231984706005,512190891.7597997,0,200,222,0,78.14
1085,45,0,train,3.131882576293492e-08,4.194999595002216e-09,0.8660550166613559,31929677.29918776,1,200,214,0,74.79
1086,45,1,train,4.194999595002216e-09,2.817318520302726e-09,0.32841029981047276,31929677.29918776,0,200,216,0,75.87
1087,45,2,train,2.817318520302726e-09,2.28403065663848e-09,0.18928916266341922,354947441.26146877,1,200,211,0,73.55
1088,45,3,train,2.28403065663848e-09,1.7951580953497273e-09,0.2140394043608199,354947441.26146877,0,200,209,0,73.43
1089,45,4,train,1.7951580953497273e-09,1.5321006220782119e-09,0.14653721806060063,354947441.26146877,0,200,219,0,76.62
1090,45,5,train,1.5321006220782119e-09,1.3748473607289253e-09,0.10263899060100962,354947441.26146877,0,200,218,0,76.63
1091,45,6,train,1.3748473607289253e-09,1.2565157519110929e-09,0.08606890640943198,354947441.26146877,0,200,215,0,75.88
1092,45,7,train,1.2565157519110929e-09,1.1598041540987256e-09,0.07696807434787359,354947441.26146877,0,200,216,0,75.66
1093,45,8,train,1.1598041540987256e-09,1.085808832353002e-09,0.0637998419683405,354947441.26146877,0,200,217,0,76.21
1094,45,9,train,1.085808832353002e-09,1.0173976677519162e-09,0.0630047965743983,354947441.26146877,0,200,219,0,76.99
1095,45,10,train,1.0173976677519162e-09,9.581189047884942e-10,0.05826508634957536,354947441.26146877,0,200,216,0,75.57
1096,45,11,train,9.581189047884942e-10,9.098869486731445e-10,0.05034026139584104,354947441.26146877,0,200,212,0,74.44
1097,45,12,train,9.098869486731445e-10,8.69402963174596e-10,0.04449342366937435,354947441.26146877,0,200,217,0,76.52
1098,45,13,train,8.69402963174596e-10,8.295504370359556e-10,0.04583895825834341,354947441.26146877,0,200,216,0,76.26
1099,45,14,train,8.295504370359556e-10,7.915258142084413e-10,0.04583762617663016,354947441.26146877,0,200,221,0,77.72
1100,45,15,train,7.915258142084413e-10,7.586148519795104e-10,0.04157913947739432,354947441.26146877,0,200,221,0,77.13
1101,45,16,train,7.586148519795104e-10,7.282666896365706e-10,0.04000470365660534,354947441.26146877,0,200,215,0,74.87
1102,45,17,train,7.282666896365706e-10,7.01556054246813e-10,0.036676997272918135,354947441.26146877,0,200,219,0,77.07
1103,45,18,train,7.01556054246813e-10,6.766163628447755e-10,0.03554910723251137,354947441.26146877,0,200,217,0,76.38
1104,45,19,train,6.766163628447755e-10,6.546661839774017e-10,0.032441099672916696,354947441.26146877,0,200,213,0,74.52
1105,45,20,train,6.546661839774017e-10,6.333792274994359e-10,0.03251574160839901,354947441.26146877,0,200,217,0,76.64
1106,45,21,train,6.333792274994359e-10,6.158587674907717e-10,0.02766187972067626,354947441.26146877,0,200,219,0,77.31
1107,45,22,train,6.158587674907717e-10,5.985642962475657e-10,0.028081878762024913,354947441.26146877,0,200,217,0,76.13
1108,45,23,train,5.985642962475657e-10,5.809269101336352e-10,0.02946615129652789,354947441.26146877,0,200,214,0,75.47
1109,45,24,train,5.809269101336352e-10,5.652789738490359e-10,0.026936153260656695,354947441.26146877,0,200,222,0,78.1
1110,46,0,train,3.689523959647928e-08,4.6079521022361805e-09,0.8751071370552669,27103767.611673806,1,200,212,0,74.83
1111,46,1,train,4.6079521022361805e-09,3.2479146342738664e-09,0.29515008788878366,27103767.611673806,0,200,217,0,77.05
1112,46,2,train,3.2479146342738664e-09,2.708653916845285e-09,0.16603290977478025,307889865.530154,1,200,204,0,72.14
1113,46,3,train,2.708653916845285e-09,2.2145029617667516e-09,0.1824341426586019,307889865.530154,0,200,212,0,75.47
1114,46,4,train,2.2145029617667516e-09,1.8968924984733464e-09,0.1434229119477052,307889865.530154,0,200,217,0,76.69
1115,46,5,train,1.8968924984733464e-09,1.6830365565682346e-09,0.11274014846767906,307889865.530154,0,200,221,0,78.08
1116,46,6,train,1.6830365565682346e-09,1.5229071701177964e-09,0.09514314221251806,307889865.530154,0,200,221,0,77.55
1117,46,7,train,1.5229071701177964e-09,1.3916530148146809e-09,0.08618657648907323,307889865.530154,0,200,218,0,76.79
1118,46,8,train,1.3916530148146809e-09,1.2927018063243296e-09,0.07110336228713457,307889865.530154,0,200,224,0,79.3
1119,46,9,train,1.2927018063243296e-09,1.2116946148807857e-09,0.06266502533471342,307889865.530154,0,200,215,0,75.45
1120,46,10,train,1.2116946148807857e-09,1.1380017412934796e-09,0.06081802517093505,307889865.530154,0,200,214,0,74.49
1121,46,11,train,1.1380017412934796e-09,1.0847181180723642e-09,0.04682209287355919,307889865.530154,0,200,212,0,75.16
1122,46,12,train,1.0847181180723642e-09,1.0315235604203007e-09,0.04903998261464897,307889865.530154,0,200,219,0,77.16
1123,46,13,train,1.0315235604203007e-09,9.8406408294103e-10,0.04600910662664181,307889865.530154,0,200,226,0,79.44
1124,46,14,train,9.8406408294103e-10,9.462837240019358e-10,0.038392173430597726,307889865.530154,0,200,213,0,75.22
1125,46,15,train,9.462837240019358e-10,9.099815535338709e-10,0.038362881604408386,307889865.530154,0,200,216,0,77.24
1126,46,16,train,9.099815535338709e-10,8.773320817851396e-10,0.03587926768618393,307889865.530154,0,200,213,0,75.22
1127,46,17,train,8.773320817851396e-10,8.476872514917961e-10,0.03378974838469839,307889865.530154,0,200,225,0,79.98
1128,46,18,train,8.476872514917961e-10,8.154261176498348e-10,0.03805782590830136,307889865.530154,0,200,215,0,75.8
1129,46,19,train,8.154261176498348e-10,7.90110880524169e-10,0.031045408747303393,307889865.530154,0,200,220,0,77.82
1130,46,20,train,7.90110880524169e-10,7.686784727159205e-10,0.027125822889605126,307889865.530154,0,200,217,0,76.9
1131,46,21,train,7.686784727159205e-10,7.472363684756695e-10,0.027894763547222853,307889865.530154,0,200,209,0,74.04
1132,46,22,train,7.472363684756695e-10,7.26704045612446e-10,0.027477681399673493,307889865.530154,0,200,219,0,77.11
1133,46,23,train,7.26704045612446e-10,7.082170278530932e-10,0.02543954154510372,307889865.530154,0,200,213,0,74.99
1134,46,24,train,7.082170278530932e-10,6.903761241361521e-10,0.025191294497711385,307889865.530154,0,200,221,0,77.46
1135,47,0,train,1.2832887373148582e-07,2.7910339329298638e-09,0.9782509278561128,7792478.581962707,1,200,208,0,72.8
1136,47,1,train,2.7910339329298638e-09,1.8541520584166852e-09,0.33567555860193177,358290162.0082629,1,200,211,0,73.95
1137,47,2,train,1.8541520584166852e-09,1.4702579590912493e-09,0.20704563985612612,358290162.0082629,0,200,218,0,77.43
1138,47,3,train,1.4702579590912493e-09,1.2759065667783576e-09,0.13218863472979822,358290162.0082629,0,200,212,0,74.94
1139,47,4,train,1.2759065667783576e-09,1.157466088330425e-09,0.09282848880305775,358290162.0082629,0,200,220,0,77.97
1140,47,5,train,1.157466088330425e-09,1.066415835601537e-09,0.07866343009687865,358290162.0082629,0,200,220,0,78.2
1141,47,6,train,1.066415835601537e-09,9.927298091478887e-10,0.06909689822083703,358290162.0082629,0,200,216,0,76.28
1142,47,7,train,9.927298091478887e-10,9.383617373477169e-10,0.054766232764621794,358290162.0082629,0,200,214,0,75.85
1143,47,8,train,9.383617373477169e-10,8.907043859125454e-10,0.050787824714459466,358290162.0082629,0,200,216,0,76.15
1144,47,9,train,8.907043859125454e-10,8.52107286456933e-10,0.043333231615412776,358290162.0082629,0,200,222,0,78.67
1145,47,10,train,8.52107286456933e-10,8.155753414241311e-10,0.042872471123562315,358290162.0082629,0,200,220,0,78.45
1146,47,11,train,8.155753414241311e-10,7.809584714450726e-10,0.04244472364577829,358290162.0082629,0,200,225,0,79.33
1147,47,12,train,7.809584714450726e-10,7.496065674499433e-10,0.04014541763932245,358290162.0082629,0,200,216,0,76.1
1148,47,13,train,7.496065674499433e-10,7.22478250401061e-10,0.03619007386924183,358290162.0082629,0,200,218,0,76.29
1149,47,14,train,7.22478250401061e-10,6.991526073124019e-10,0.03228559901382581,358290162.0082629,0,200,218,0,76.19
1150,47,15,train,6.991526073124019e-10,6.763173348527695e-10,0.032661356363116525,358290162.0082629,0,200,222,0,78.27
1151,47,16,train,6.763173348527695e-10,6.544501165497841e-10,0.032332778085224965,358290162.0082629,0,200,215,0,76.22
1152,47,17,train,6.544501165497841e-10,6.35567766315648e-10,0.028852237560415717,358290162.0082629,0,200,224,0,79.33
1153,47,18,train,6.35567766315648e-10,6.187366342072115e-10,0.026482041727832906,358290162.0082629,0,200,218,0,77.38
1154,47,19,train,6.187366342072115e-10,6.019467598251638e-10,0.02713573668312133,358290162.0082629,0,200,217,0,76.83
1155,47,20,train,6.019467598251638e-10,5.873016911259757e-10,0.02432950831638625,358290162.0082629,0,200,212,0,75.04
1156,47,21,train,5.873016911259757e-10,5.710656435140667e-10,0.027645157262839205,358290162.0082629,0,200,217,0,75.96
1157,47,22,train,5.710656435140667e-10,5.556284701424527e-10,0.027032222209378596,358290162.0082629,0,200,218,0,76.28
1158,47,23,train,5.556284701424527e-10,5.422121325221494e-10,0.024146238613121467,358290162.0082629,0,200,222,0,77.54
1159,47,24,train,5.422121325221494e-10,5.282676279485723e-10,0.0257178025668901,358290162.0082629,0,200,223,0,78.63
1160,48,0,train,2.8356394266591112e-08,3.316518133795459e-09,0.88304161302684,35265414.58686721,1,200,210,0,73.56
1161,48,1,train,3.316518133795459e-09,2.359329806271407e-09,0.2886124208911336,35265414.58686721,0,200,214,0,75.91
1162,48,2,train,2.359329806271407e-09,2.0212884505894585e-09,0.14327855087635075,423849178.41578114,1,200,208,0,72.96
1163,48,3,train,2.0212884505894585e-09,1.7397480744858941e-09,0.13928757967298538,423849178.41578114,0,200,213,0,75.77
1164,48,4,train,1.7397480744858941e-09,1.582185613100297e-09,0.09056625134196966,423849178.41578114,0,200,213,0,75.59
1165,48,5,train,1.582185613100297e-09,1.462765755139982e-09,0.07547778021208987,423849178.41578114,0,200,219,0,77.71
1166,48,6,train,1.462765755139982e-09,1.3737265560393018e-09,0.060870442712927374,423849178.41578114,0,200,222,0,78.43
1167,48,7,train,1.3737265560393018e-09,1.2947409601049371e-09,0.05749732039984305,423849178.41578114,0,200,217,0,77.42
1168,48,8,train,1.2947409601049371e-09,1.2245979955579525e-09,0.05417528811423376,423849178.41578114,0,200,221,0,77.42
1169,48,9,train,1.2245979955579525e-09,1.1697409905042038e-09,0.04479592915612662,423849178.41578114,0,200,213,0,75.55
1170,48,10,train,1.1697409905042038e-09,1.1237507113026968e-09,0.039316634686524424,423849178.41578114,0,200,215,0,76.03
1171,48,11,train,1.1237507113026968e-09,1.0750343476683194e-09,0.04335157534886312,423849178.41578114,0,200,217,0,76.93
1172,48,12,train,1.0750343476683194e-09,1.031471942545548e-09,0.040521872828766375,423849178.41578114,0,200,217,0,76.95
1173,48,13,train,1.031471942545548e-09,9.922189714722933e-10,0.03805529695396571,423849178.41578114,0,200,211,0,74.92
1174,48,14,train,9.922189714722933e-10,9.55582752354161e-10,0.03692352209691179,423849178.41578114,0,200,213,0,75.68
1175,48,15,train,9.55582752354161e-10,9.213610322170364e-10,0.03581240876608161,423849178.41578114,0,200,221,0,78.13
1176,48,16,train,9.213610322170364e-10,8.904521220222846e-10,0.03354701264104563,423849178.41578114,0,200,211,0,74.77
1177,48,17,train,8.904521220222846e-10,8.603613268211637e-10,0.03379271547220583,423849178.41578114,0,200,218,0,77.58
1178,48,18,train,8.603613268211637e-10,8.346537767596564e-10,0.029879946087872984,423849178.41578114,0,200,213,0,75.75
1179,48,19,train,8.346537767596564e-10,8.099741017477608e-10,0.029568757368724285,423849178.41578114,0,200,220,0,78.07
1180,48,20,train,8.099741017477608e-10,7.857430596974435e-10,0.029915823231917646,423849178.41578114,0,200,220,0,77.64
1181,48,21,train,7.857430596974435e-10,7.679456830863284e-10,0.02265037710669449,423849178.41578114,0,200,217,0,76.24
1182,48,22,train,7.679456830863284e-10,7.483349862422107e-10,0.025536567593300943,423849178.41578114,0,200,215,0,76.06
1183,48,23,train,7.483349862422107e-10,7.277600885557714e-10,0.027494234620456446,423849178.41578114,0,200,217,0,76.46
1184,48,24,train,7.277600885557714e-10,7.070099005368807e-10,0.028512401745016062,423849178.41578114,0,200,217,0,77.02
1185,49,0,train,3.8776284114867945e-08,4.052526861606886e-09,0.89548955104615,25788958.968777806,1,200,208,0,72.32
1186,49,1,train,4.052526861606886e-09,2.8021156001133974e-09,0.3085510113059886,25788958.968777806,0,200,208,0,73.09
1187,49,2,train,2.8021156001133974e-09,2.2997341748438444e-09,0.17928647385183624,356873213.9243404,1,200,209,0,72.9
1188,49,3,train,2.2997341748438444e-09,1.870728160620345e-09,0.18654591426969153,356873213.9243404,0,200,218,0,77.01
1189,49,4,train,1.870728160620345e-09,1.6432325266447282e-09,0.12160806618754148,356873213.9243404,0,200,215,0,75.86
1190,49,5,train,1.6432325266447282e-09,1.4962172079189044e-09,0.08946714256320766,356873213.9243404,0,200,220,0,77.55
1191,49,6,train,1.4962172079189044e-09,1.3813339516092925e-09,0.0767824722918429,356873213.9243404,0,200,211,0,74.38
1192,49,7,train,1.3813339516092925e-09,1.2966955932830698e-09,0.06127291537836791,356873213.9243404,0,200,217,0,76.64
1193,49,8,train,1.2966955932830698e-09,1.2203159418381853e-09,0.058903301469160466,356873213.9243404,0,200,214,0,74.78
1194,49,9,train,1.2203159418381853e-09,1.1522939589023613e-09,0.05574128846777262,356873213.9243404,0,200,217,0,76.2
1195,49,10,train,1.1522939589023613e-09,1.0995893790457568e-09,0.045738832048385636,356873213.9243404,0,200,208,0,73.77
1196,49,11,train,1.0995893790457568e-09,1.0505588645139945e-09,0.04458984004948453,356873213.9243404,0,200,217,0,76.97
1197,49,12,train,1.0505588645139945e-09,1.0075311923430061e-09,0.04095693599319988,356873213.9243404,0,200,218,0,77.5
1198,49,13,train,1.0075311923430061e-09,9.62234483373594e-10,0.04495812071492781,356873213.9243404,0,200,224,0,79.35
1199,49,14,train,9.62234483373594e-10,9.276230060153706e-10,0.03596989918390332,356873213.9243404,0,200,218,0,76.89
1200,49,15,train,9.276230060153706e-10,8.952526698349915e-10,0.034896004056029974,356873213.9243404,0,200,215,0,75.8
1201,49,16,train,8.952526698349915e-10,8.635552571481885e-10,0.03540610796798332,356873213.9243404,0,200,215,0,75.86
1202,49,17,train,8.635552571481885e-10,8.312570596291791e-10,0.03740142538842415,356873213.9243404,0,200,218,0,76.47
1203,49,18,train,8.312570596291791e-10,8.038408083986772e-10,0.0329816762611703,356873213.9243404,0,200,219,0,77.52
1204,49,19,train,8.038408083986772e-10,7.770069865968913e-10,0.033382009872379124,356873213.9243404,0,200,216,0,76.28
1205,49,20,train,7.770069865968913e-10,7.536460845531143e-10,0.030065240656447945,356873213.9243404,0,200,217,0,77.52
1206,49,21,train,7.536460845531143e-10,7.311293979052691e-10,0.029877003422895614,356873213.9243404,0,200,220,0,78.43
1207,49,22,train,7.311293979052691e-10,7.090644632293587e-10,0.030179246982993457,356873213.9243404,0,200,216,0,77.1
1208,49,23,train,7.090644632293587e-10,6.88050051420895e-10,0.02963681427885377,356873213.9243404,0,200,211,0,74.69
1209,49,24,train,6.88050051420895e-10,6.69257348594191e-10,0.027312988041923808,356873213.9243404,0,200,215,0,76.42
1210,50,0,train,2.929424846475561e-08,3.393726185880451e-09,0.8841504266626434,34136393.743062444,1,200,204,0,71.95
1211,50,1,train,3.393726185880451e-09,2.2742354212732796e-09,0.3298706799814306,34136393.743062444,0,200,211,0,73.55
1212,50,2,train,2.2742354212732796e-09,1.8079131046120201e-09,0.2050457539704394,439708216.06504065,1,200,209,0,73.8
1213,50,3,train,1.8079131046120201e-09,1.4784315843830272e-09,0.1822441130541503,439708216.06504065,0,200,217,0,76.49
1214,50,4,train,1.4784315843830272e-09,1.317424604010542e-09,0.1089039101120638,439708216.06504065,0,200,213,0,75.19
1215,50,5,train,1.317424604010542e-09,1.2070174443170221e-09,0.083805296604766,439708216.06504065,0,200,218,0,77.19
1216,50,6,train,1.2070174443170221e-09,1.1063150950107177e-09,0.08343073232324803,439708216.06504065,0,200,214,0,75.81
1217,50,7,train,1.1063150950107177e-09,1.0247656665718431e-09,0.07371265998868483,439708216.06504065,0,200,221,0,78.2
1218,50,8,train,1.0247656665718431e-09,9.641433929517656e-10,0.05915720598141981,439708216.06504065,0,200,218,0,76.72
1219,50,9,train,9.641433929517656e-10,9.055759840184307e-10,0.06074553781261558,439708216.06504065,0,200,216,0,76.78
1220,50,10,train,9.055759840184307e-10,8.600566440884714e-10,0.05026562180676469,439708216.06504065,0,200,221,0,78.33
1221,50,11,train,8.600566440884714e-10,8.237906357980374e-10,0.04216699974322091,439708216.06504065,0,200,219,0,77.19
1222,50,12,train,8.237906357980374e-10,7.925827883552442e-10,0.0378832267406888,439708216.06504065,0,200,218,0,77.58
1223,50,13,train,7.925827883552442e-10,7.636537323022787e-10,0.03649972782401526,439708216.06504065,0,200,214,0,76.22
1224,50,14,train,7.636537323022787e-10,7.383139965579603e-10,0.033182232564913504,439708216.06504065,0,200,218,0,77.72
1225,50,15,train,7.383139965579603e-10,7.143167041334868e-10,0.03250282743703827,439708216.06504065,0,200,214,0,76.12
1226,50,16,train,7.143167041334868e-10,6.913929422331854e-10,0.03209187432920171,439708216.06504065,0,200,217,0,77.45
1227,50,17,train,6.913929422331854e-10,6.713360310897007e-10,0.029009424190390563,439708216.06504065,0,200,215,0,76.43
1228,50,18,train,6.713360310897007e-10,6.529487253997453e-10,0.027389123834318112,439708216.06504065,0,200,217,0,76.93
1229,50,19,train,6.529487253997453e-10,6.352385498764359e-10,0.027123378658051516,439708216.06504065,0,200,220,0,78.25
1230,50,20,train,6.352385498764359e-10,6.2043584462815e-10,0.023302592783711284,439708216.06504065,0,200,217,0,76.92
1231,50,21,train,6.2043584462815e-10,6.057324029658324e-10,0.023698568981181223,439708216.06504065,0,200,220,0,77.68
1232,50,22,train,6.057324029658324e-10,5.924572133896692e-10,0.021915931046719933,439708216.06504065,0,200,219,0,77.78
1233,50,23,train,5.924572133896692e-10,5.787606449080477e-10,0.023118240730429084,439708216.06504065,0,200,217,0,76.62
1234,50,24,train,5.787606449080477e-10,5.672893757153744e-10,0.019820402948261696,439708216.06504065,0,200,219,0,77.19
1235,51,0,train,1.2667641652817487e-07,6.195740892590546e-09,0.9510900208389419,7894129.21052739,1,200,210,0,73.91
1236,51,1,train,6.195740892590546e-09,3.2924170208415116e-09,0.4685999498818784,161401197.586538,1,200,210,0,73.74
1237,51,2,train,3.2924170208415116e-09,2.3117327222452514e-09,0.29786150794032956,161401197.586538,0,200,215,0,76.35
1238,51,3,train,2.3117327222452514e-09,1.8633905043218573e-09,0.1939420650186348,161401197.586538,0,200,209,0,74.01
1239,51,4,train,1.8633905043218573e-09,1.6094141471379234e-09,0.13629797758165743,161401197.586538,0,200,214,0,75.49
1240,51,5,train,1.6094141471379234e-09,1.4359025348947237e-09,0.10781041818960113,161401197.586538,0,200,215,0,75.8
1241,51,6,train,1.4359025348947237e-09,1.3122263188141866e-09,0.08613134462472737,161401197.586538,0,200,219,0,76.99
1242,51,7,train,1.3122263188141866e-09,1.2144032225694882e-09,0.07454742740802343,161401197.586538,0,200,218,0,76.64
1243,51,8,train,1.2144032225694882e-09,1.1277293994940111e-09,0.07137153580018403,161401197.586538,0,200,216,0,76.96
1244,51,9,train,1.1277293994940111e-09,1.0591828619909575e-09,0.06078278843648931,161401197.586538,0,200,221,0,78.67
1245,51,10,train,1.0591828619909575e-09,1.004579757937148e-09,0.05155210305345333,161401197.586538,0,200,217,0,77.26
1246,51,11,train,1.004579757937148e-09,9.622085992131687e-10,0.042177993722455925,161401197.586538,0,200,216,0,76.63
1247,51,12,train,9.622085992131687e-10,9.192303490404478e-10,0.044666250341002724,161401197.586538,0,200,218,0,77.09
1248,51,13,train,9.192303490404478e-10,8.835238785266846e-10,0.03884387689226745,161401197.586538,0,200,222,0,78.45
1249,51,14,train,8.835238785266846e-10,8.506201730603603e-10,0.03724144447707823,161401197.586538,0,200,215,0,76.42
1250,51,15,train,8.506201730603603e-10,8.173773989087661e-10,0.03908063223094435,161401197.586538,0,200,219,0,78.39
1251,51,16,train,8.173773989087661e-10,7.896081569098225e-10,0.033973586786246755,161401197.586538,0,200,215,0,77.03
1252,51,17,train,7.896081569098225e-10,7.641487191266224e-10,0.032243129152613015,161401197.586538,0,200,216,0,77.38
1253,51,18,train,7.641487191266224e-10,7.409755904533118e-10,0.030325417151514846,161401197.586538,0,200,219,0,78.46
1254,51,19,train,7.409755904533118e-10,7.180454922859496e-10,0.030945821242686404,161401197.586538,0,200,214,0,77.09
1255,51,20,train,7.180454922859496e-10,6.957161913383601e-10,0.031097334622215343,161401197.586538,0,200,217,0,77.46
1256,51,21,train,6.957161913383601e-10,6.746592142896786e-10,0.030266619220365977,161401197.586538,0,200,219,0,77.84
1257,51,22,train,6.746592142896786e-10,6.546919172398827e-10,0.02959612294159317,161401197.586538,0,200,216,0,76.22
1258,51,23,train,6.546919172398827e-10,6.366405473785197e-10,0.02757231208453856,161401197.586538,0,200,211,0,74.6
1259,51,24,train,6.366405473785197e-10,6.219810224718111e-10,0.02302637644911525,161401197.586538,0,200,216,0,76.25
