restart,round,in_round,phase,loss_before,loss_after,gain,factor,factor_renewed,n_iter,func_evals,early_stop,wall_s
0,1,0,train,4.60312305014646e-06,9.599829609749166e-09,0.9979144964179387,217243.81232176325,1,200,203,0,99.53
1,1,1,train,9.599829609749166e-09,4.584214132864336e-09,0.5224692188068829,104168515.55203062,1,200,207,0,102.32
2,1,2,train,4.584214132864336e-09,3.1975384499261055e-09,0.3024892910209235,104168515.55203062,0,200,205,0,128.3
3,1,3,train,3.1975384499261055e-09,2.4512175993876512e-09,0.2334048088008767,104168515.55203062,0,200,207,0,123.26
4,1,4,train,2.4512175993876512e-09,1.987251657978225e-09,0.18927978549327135,104168515.55203062,0,200,207,0,127.75
5,1,5,train,1.987251657978225e-09,1.6476214001383246e-09,0.17090450345148078,104168515.55203062,0,200,205,0,127.73
6,1,6,train,1.6476214001383246e-09,1.3695158475628721e-09,0.16879214639486012,104168515.55203062,0,200,206,0,113.06
7,1,7,train,1.3695158475628721e-09,1.1445615688609146e-09,0.1642582516312432,104168515.55203062,0,200,210,0,104.25
8,1,8,train,1.1445615688609146e-09,9.698676415278364e-10,0.15262955885102475,104168515.55203062,0,200,211,0,96.64
9,1,9,train,9.698676415278364e-10,8.45317191717765e-10,0.12842004875414406,104168515.55203062,0,200,211,0,109.97
10,1,10,train,8.45317191717765e-10,7.663619533519395e-10,0.0934030907444115,1182987888.8040888,1,200,209,0,108.26
11,1,11,train,7.663619533519395e-10,6.814906826826355e-10,0.11074567350074101,1182987888.8040888,0,200,213,0,120.82
12,1,12,train,6.814906826826355e-10,5.992824790504658e-10,0.12062997443862825,1182987888.8040888,0,200,209,0,126.74
13,1,13,train,5.992824790504658e-10,5.421983918766124e-10,0.09525405659164349,1182987888.8040888,0,200,214,0,124.67
14,1,14,train,5.421983918766124e-10,4.954773011131233e-10,0.08616973318895668,1182987888.8040888,0,200,214,0,117.06
15,1,15,train,4.954773011131233e-10,4.4788675445533704e-10,0.09604990289337346,1182987888.8040888,0,200,213,0,111.18
16,1,16,train,4.4788675445533704e-10,4.109971525799409e-10,0.08236368123959498,1182987888.8040888,0,200,211,0,122.58
17,1,17,train,4.109971525799409e-10,3.761235661871945e-10,0.08485116301618015,1182987888.8040888,0,200,210,0,106.57
18,1,18,train,3.761235661871945e-10,3.4590015888532713e-10,0.08035499505719707,1182987888.8040888,0,200,214,0,121.85
19,1,19,train,3.4590015888532713e-10,3.1959648757467867e-10,0.07604411456592786,1182987888.8040888,0,200,215,0,118.03
20,1,20,train,3.1959648757467867e-10,2.941367897759034e-10,0.07966200752699523,1182987888.8040888,0,200,219,0,123.59
21,1,21,train,2.941367897759034e-10,2.707884871031307e-10,0.07937906268223448,1182987888.8040888,0,200,217,0,118.55
22,1,22,train,2.707884871031307e-10,2.5108546668854583e-10,0.07276166215693258,1182987888.8040888,0,200,218,0,124.27
23,1,23,train,2.5108546668854583e-10,2.340286990560157e-10,0.06793211832402812,1182987888.8040888,0,200,217,0,125.23
24,1,24,train,2.340286990560157e-10,2.2084715002814238e-10,0.056324498153614386,1182987888.8040888,0,200,215,0,108.53
25,2,0,train,3.2272752011475205e-09,4.976069583220311e-10,0.8458120466004582,309858917.40637136,1,200,209,0,97.67
26,2,1,train,4.976069583220311e-10,3.812105957255647e-10,0.2339122487132493,309858917.40637136,0,200,206,0,95.67
27,2,2,train,3.812105957255647e-10,3.297396699812739e-10,0.13501966189141548,309858917.40637136,0,200,216,0,113.02
28,2,3,train,3.297396699812739e-10,2.977629472688235e-10,0.096975661782722,309858917.40637136,0,200,217,0,109.57
29,2,4,train,2.977629472688235e-10,2.786912093310263e-10,0.0640500710808018,3358376215.618223,1,200,217,0,127.09
30,2,5,train,2.786912093310263e-10,2.5852182286446493e-10,0.07237180718751848,3358376215.618223,0,200,213,0,116.96
31,2,6,train,2.5852182286446493e-10,2.3742879158525035e-10,0.08159091192186516,3358376215.618223,0,200,209,0,105.37
32,2,7,train,2.3742879158525035e-10,2.1904804562637366e-10,0.07741582575623294,3358376215.618223,0,200,215,0,132.14
33,2,8,train,2.1904804562637366e-10,2.047935117956824e-10,0.06507491902030012,3358376215.618223,0,200,221,0,119.04
34,2,9,train,2.047935117956824e-10,1.9181735733500505e-10,0.06336213655842445,3358376215.618223,0,200,220,0,122.34
35,2,10,train,1.9181735733500505e-10,1.8122126081989067e-10,0.05524055102379772,3358376215.618223,0,200,216,0,128.57
36,2,11,train,1.8122126081989067e-10,1.7095128455231408e-10,0.05667092382600487,3358376215.618223,0,200,216,0,115.14
37,2,12,train,1.7095128455231408e-10,1.626670855712463e-10,0.04845941346835968,3358376215.618223,0,200,219,0,121.85
38,2,13,train,1.626670855712463e-10,1.551848977240966e-10,0.04599693798455978,3358376215.618223,0,200,216,0,129.74
39,2,14,train,1.551848977240966e-10,1.4854930847160977e-10,0.04275924622693791,3358376215.618223,0,200,220,0,104.68
40,2,15,train,1.4854930847160977e-10,1.4286425616983973e-10,0.03827047301843579,3358376215.618223,0,200,221,0,112.03
41,2,16,train,1.4286425616983973e-10,1.3773541895063113e-10,0.03590007295534685,3358376215.618223,0,200,219,0,116.87
42,2,17,train,1.3773541895063113e-10,1.3211579658868837e-10,0.040800125376298534,3358376215.618223,0,200,219,0,113.76
43,2,18,train,1.3211579658868837e-10,1.2734388804775478e-10,0.03611913687951948,3358376215.618223,0,200,221,0,127.75
44,2,19,train,1.2734388804775478e-10,1.2304671905211324e-10,0.03374460338473474,3358376215.618223,0,200,218,0,111.56
45,2,20,train,1.2304671905211324e-10,1.1880840279305856e-10,0.034444772617298725,3358376215.618223,0,200,214,0,118.2
46,2,21,train,1.1880840279305856e-10,1.147257924927938e-10,0.034362976054613616,3358376215.618223,0,200,220,0,108.52
47,2,22,train,1.147257924927938e-10,1.108159171299986e-10,0.034080177419918804,3358376215.618223,0,200,222,0,139.63
48,2,23,train,1.108159171299986e-10,1.0759655997562666e-10,0.029051396566030264,3358376215.618223,0,200,216,0,120.83
49,2,24,train,1.0759655997562666e-10,1.0479062997940312e-10,0.02607825005612773,3358376215.618223,0,200,213,0,117.88
50,3,0,train,1.2654038526009528e-09,5.466519043747409e-10,0.5680020230291424,790261542.1508058,1,200,212,0,109.25
51,3,1,train,5.466519043747409e-10,4.35396353253832e-10,0.20352174799091338,790261542.1508058,0,200,211,0,115.51
52,3,2,train,4.35396353253832e-10,3.7430864775478103e-10,0.14030366823820728,790261542.1508058,0,200,207,0,118.53
53,3,3,train,3.7430864775478103e-10,3.290913712640467e-10,0.12080211547866056,790261542.1508058,0,200,213,0,133.41
54,3,4,train,3.290913712640467e-10,2.907783070533471e-10,0.11642074984688398,790261542.1508058,0,200,216,0,112.72
55,3,5,train,2.907783070533471e-10,2.575277235093917e-10,0.11435028933521908,790261542.1508058,0,200,214,0,129.84
56,3,6,train,2.575277235093917e-10,2.321320222563449e-10,0.09861346540470868,790261542.1508058,0,200,214,0,113.09
57,3,7,train,2.321320222563449e-10,2.0972812123105895e-10,0.09651361672344014,790261542.1508058,0,200,212,0,137.4
58,3,8,train,2.0972812123105895e-10,1.9125906780273634e-10,0.08806188373744653,790261542.1508058,0,200,224,0,125.15
59,3,9,train,1.9125906780273634e-10,1.74622536922815e-10,0.08698427254220532,790261542.1508058,0,200,219,0,120.31
60,3,10,train,1.74622536922815e-10,1.6080456180701306e-10,0.07913053698165906,790261542.1508058,0,200,219,0,109.59
61,3,11,train,1.6080456180701306e-10,1.4894904266433676e-10,0.0737262613041072,790261542.1508058,0,200,220,0,110.64
62,3,12,train,1.4894904266433676e-10,1.396557737517816e-10,0.06239227017724415,790261542.1508058,0,200,223,0,126.72
63,3,13,train,1.396557737517816e-10,1.3027939872345306e-10,0.06713918641841274,790261542.1508058,0,200,219,0,128.55
64,3,14,train,1.3027939872345306e-10,1.2194934756623555e-10,0.06393989563077346,790261542.1508058,0,200,223,0,97.46
65,3,15,train,1.2194934756623555e-10,1.1644602433924337e-10,0.04512794317331717,8200125871.578445,1,200,213,0,117.78
66,3,16,train,1.1644602433924337e-10,1.118960375174663e-10,0.03907378416391046,8200125871.578445,0,200,218,0,103.7
67,3,17,train,1.118960375174663e-10,1.0667106598468328e-10,0.04669487542816198,8200125871.578445,0,200,217,0,109.54
68,3,18,train,1.0667106598468328e-10,1.0216776762288059e-10,0.04221668097372636,8200125871.578445,0,200,217,0,119.69
69,3,19,train,1.0216776762288059e-10,9.741874071397599e-11,0.04648263360744166,8200125871.578445,0,200,218,0,126.0
70,3,20,train,9.741874071397599e-11,9.301857890456677e-11,0.04516750860420391,8200125871.578445,0,200,212,0,112.33
71,3,21,train,9.301857890456677e-11,8.884284714496013e-11,0.044891373409292466,8200125871.578445,0,200,220,0,126.97
72,3,22,train,8.884284714496013e-11,8.484049078022859e-11,0.04504984355354022,8200125871.578445,0,200,216,0,119.41
73,3,23,train,8.484049078022859e-11,8.100700930205001e-11,0.04518457452242763,8200125871.578445,0,200,216,0,108.48
74,3,24,train,8.100700930205001e-11,7.774485979806053e-11,0.04026996592141719,8200125871.578445,0,200,214,0,123.21
75,4,0,train,3.5292885784005878e-09,3.6259621779563494e-10,0.8972608190742064,283343222.80134505,1,200,215,0,101.72
76,4,1,train,3.6259621779563494e-10,2.7951125211240063e-10,0.22913908531186702,283343222.80134505,0,200,213,0,93.96
77,4,2,train,2.7951125211240063e-10,2.4213369155681835e-10,0.1337247079432478,3577673501.3081594,1,200,213,0,111.99
78,4,3,train,2.4213369155681835e-10,2.0100719999611887e-10,0.16985034712134997,3577673501.3081594,0,200,211,0,112.24
79,4,4,train,2.0100719999611887e-10,1.7221330262012658e-10,0.14324808950399914,3577673501.3081594,0,200,211,0,105.1
80,4,5,train,1.7221330262012658e-10,1.5473207784974547e-10,0.10150914304768736,3577673501.3081594,0,200,220,0,127.46
81,4,6,train,1.5473207784974547e-10,1.4092318107877327e-10,0.08924391737556517,3577673501.3081594,0,200,213,0,108.48
82,4,7,train,1.4092318107877327e-10,1.3032313097993007e-10,0.07521864052244172,3577673501.3081594,0,200,216,0,129.25
83,4,8,train,1.3032313097993007e-10,1.223604567019867e-10,0.06109947035549369,3577673501.3081594,0,200,213,0,124.97
84,4,9,train,1.223604567019867e-10,1.1457176647644939e-10,0.06365365441963784,3577673501.3081594,0,200,220,0,119.99
85,4,10,train,1.1457176647644939e-10,1.0857903508981892e-10,0.05230548127982552,3577673501.3081594,0,200,217,0,124.58
86,4,11,train,1.0857903508981892e-10,1.0263439166879255e-10,0.05474945891818647,3577673501.3081594,0,200,211,0,116.13
87,4,12,train,1.0263439166879255e-10,9.689087937412143e-11,0.05596089382208047,3577673501.3081594,0,200,221,0,108.31
88,4,13,train,9.689087937412143e-11,9.20718307274477e-11,0.04973686561421438,3577673501.3081594,0,200,218,0,128.51
89,4,14,train,9.20718307274477e-11,8.779506752868141e-11,0.04645028957256668,3577673501.3081594,0,200,220,0,120.8
90,4,15,train,8.779506752868141e-11,8.354160334884929e-11,0.04844764403697937,3577673501.3081594,0,200,217,0,114.92
91,4,16,train,8.354160334884929e-11,7.979410453938496e-11,0.044857875109431344,3577673501.3081594,0,200,216,0,114.46
92,4,17,train,7.979410453938496e-11,7.613862099247306e-11,0.04581144895369569,3577673501.3081594,0,200,218,0,114.31
93,4,18,train,7.613862099247306e-11,7.30803459697588e-11,0.04016719744657058,3577673501.3081594,0,200,215,0,115.83
94,4,19,train,7.30803459697588e-11,7.023000725442044e-11,0.039002808176604016,3577673501.3081594,0,200,217,0,122.01
95,4,20,train,7.023000725442044e-11,6.751822429809099e-11,0.03861288162060903,3577673501.3081594,0,200,216,0,101.01
96,4,21,train,6.751822429809099e-11,6.5185026095587e-11,0.03455656938196402,3577673501.3081594,0,200,218,0,112.74
97,4,22,train,6.5185026095587e-11,6.305277191359845e-11,0.03271079739788422,3577673501.3081594,0,200,215,0,126.59
98,4,23,train,6.305277191359845e-11,6.095469384744493e-11,0.03327495370113992,3577673501.3081594,0,200,215,0,115.83
99,4,24,train,6.095469384744493e-11,5.8999497629902e-11,0.032076220781886385,3577673501.3081594,0,200,210,0,126.24
100,5,0,train,1.147043894970069e-09,2.8078010392512273e-10,0.7552141594960937,871806218.0402381,1,200,212,0,111.91
101,5,1,train,2.8078010392512273e-10,2.0885933110605373e-10,0.25614625756477577,871806218.0402381,0,200,210,0,94.99
102,5,2,train,2.0885933110605373e-10,1.7569442361722195e-10,0.15879064302849577,871806218.0402381,0,200,210,0,118.71
103,5,3,train,1.7569442361722195e-10,1.5684457376068327e-10,0.10728769569605721,871806218.0402381,0,200,216,0,121.61
104,5,4,train,1.5684457376068327e-10,1.419862444810286e-10,0.09473282322361892,871806218.0402381,0,200,216,0,101.88
105,5,5,train,1.419862444810286e-10,1.2997119082556153e-10,0.08462125115980837,871806218.0402381,0,200,217,0,120.19
106,5,6,train,1.2997119082556153e-10,1.2041707738526485e-10,0.07350947067277058,871806218.0402381,0,200,219,0,109.66
107,5,7,train,1.2041707738526485e-10,1.1216982066911624e-10,0.0684890955272246,871806218.0402381,0,200,214,0,125.51
108,5,8,train,1.1216982066911624e-10,1.0694353172341093e-10,0.04659264777753424,8915053924.797174,1,200,216,0,125.65
109,5,9,train,1.0694353172341093e-10,1.019665787281756e-10,0.04653813947445905,8915053924.797174,0,200,208,0,118.27
110,5,10,train,1.019665787281756e-10,9.691458433594138e-11,0.0495455908715141,8915053924.797174,0,200,214,0,141.39
111,5,11,train,9.691458433594138e-11,9.238374341079463e-11,0.04675086785123271,8915053924.797174,0,200,219,0,133.88
112,5,12,train,9.238374341079463e-11,8.711586761159398e-11,0.05702167507736133,8915053924.797174,0,200,211,0,118.84
113,5,13,train,8.711586761159398e-11,8.274102807260837e-11,0.05021863018676269,8915053924.797174,0,200,213,0,120.43
114,5,14,train,8.274102807260837e-11,7.885543761960319e-11,0.04696086746221507,8915053924.797174,0,200,215,0,104.43
115,5,15,train,7.885543761960319e-11,7.470106020369779e-11,0.052683461550819335,8915053924.797174,0,200,210,0,116.22
116,5,16,train,7.470106020369779e-11,7.105025839963247e-11,0.04887215514893859,8915053924.797174,0,200,215,0,105.68
117,5,17,train,7.105025839963247e-11,6.777917846586431e-11,0.0460389590051805,8915053924.797174,0,200,215,0,122.36
118,5,18,train,6.777917846586431e-11,6.472707303087798e-11,0.045030133207109635,8915053924.797174,0,200,213,0,120.89
119,5,19,train,6.472707303087798e-11,6.215476030717477e-11,0.03974090907024476,8915053924.797174,0,200,213,0,113.79
120,5,20,train,6.215476030717477e-11,5.995697988841604e-11,0.03535980845066548,8915053924.797174,0,200,214,0,120.84
121,5,21,train,5.995697988841604e-11,5.746718733009267e-11,0.04152631708530095,8915053924.797174,0,200,222,0,116.41
122,5,22,train,5.746718733009267e-11,5.544660973032288e-11,0.03516054454107085,8915053924.797174,0,200,220,0,115.24
123,5,23,train,5.544660973032288e-11,5.3619598204970534e-11,0.03295082484282504,8915053924.797174,0,200,221,0,144.52
124,5,24,train,5.3619598204970534e-11,5.177606129818969e-11,0.03438177398744382,8915053924.797174,0,200,214,0,125.53
125,6,0,train,2.0641837939682633e-09,2.5404750343276624e-10,0.876925928701157,484452984.7206886,1,200,219,0,134.61
126,6,1,train,2.5404750343276624e-10,1.9254453227523475e-10,0.24209240526470385,484452984.7206886,0,200,215,0,113.73
127,6,2,train,1.9254453227523475e-10,1.7044434333839162e-10,0.11477962357950418,5193603724.724522,1,200,217,0,125.83
128,6,3,train,1.7044434333839162e-10,1.454668307976985e-10,0.14654351122174827,5193603724.724522,0,200,221,0,140.44
129,6,4,train,1.454668307976985e-10,1.3073296351012333e-10,0.10128678274475952,5193603724.724522,0,200,214,0,111.52
130,6,5,train,1.3073296351012333e-10,1.1958140648518823e-10,0.08530026953815344,5193603724.724522,0,200,214,0,136.35
131,6,6,train,1.1958140648518823e-10,1.1038425044490083e-10,0.07691125494017825,5193603724.724522,0,200,212,0,130.91
132,6,7,train,1.1038425044490083e-10,1.0307440043861762e-10,0.06622185662194612,5193603724.724522,0,200,211,0,103.6
133,6,8,train,1.0307440043861762e-10,9.686944032552452e-11,0.06019884749936767,5193603724.724522,0,200,212,0,108.22
134,6,9,train,9.686944032552452e-11,9.182547575493175e-11,0.052069719342269345,5193603724.724522,0,200,214,0,111.96
135,6,10,train,9.182547575493175e-11,8.731478229216812e-11,0.04912246221083558,5193603724.724522,0,200,218,0,133.13
136,6,11,train,8.731478229216812e-11,8.319442581477885e-11,0.04718967818761716,5193603724.724522,0,200,212,0,122.89
137,6,12,train,8.319442581477885e-11,7.92596074356827e-11,0.04729665888741739,5193603724.724522,0,200,219,0,118.94
138,6,13,train,7.92596074356827e-11,7.599034220248126e-11,0.04124755772799378,5193603724.724522,0,200,215,0,106.3
139,6,14,train,7.599034220248126e-11,7.297666600716941e-11,0.03965867382570414,5193603724.724522,0,200,220,0,112.16
140,6,15,train,7.297666600716941e-11,7.001291910280251e-11,0.04061225411525017,5193603724.724522,0,200,219,0,121.21
141,6,16,train,7.001291910280251e-11,6.740422610829356e-11,0.037260166094181986,5193603724.724522,0,200,215,0,128.35
142,6,17,train,6.740422610829356e-11,6.47843464138627e-11,0.038868181502769314,5193603724.724522,0,200,214,0,112.94
143,6,18,train,6.47843464138627e-11,6.22562576080627e-11,0.03902314286926327,5193603724.724522,0,200,217,0,131.76
144,6,19,train,6.22562576080627e-11,5.995605946428297e-11,0.03694726011738025,5193603724.724522,0,200,213,0,127.16
145,6,20,train,5.995605946428297e-11,5.768814783464334e-11,0.03782622890669911,5193603724.724522,0,200,220,0,136.15
146,6,21,train,5.768814783464334e-11,5.572931694801142e-11,0.033955517036995043,5193603724.724522,0,200,218,0,129.75
147,6,22,train,5.572931694801142e-11,5.3868443408331476e-11,0.0333912856211015,5193603724.724522,0,200,217,0,124.91
148,6,23,train,5.3868443408331476e-11,5.205407409513147e-11,0.03368148768374088,5193603724.724522,0,200,217,0,115.33
149,6,24,train,5.205407409513147e-11,5.051884714128003e-11,0.029492925972436523,5193603724.724522,0,200,217,0,115.85
150,7,0,train,1.1053632964080702e-09,2.5841132680480413e-10,0.7662204565281624,904679939.3914624,1,200,213,0,121.84
151,7,1,train,2.5841132680480413e-10,2.0461155874268216e-10,0.20819431070357314,904679939.3914624,0,200,210,0,114.06
152,7,2,train,2.0461155874268216e-10,1.7333054641655156e-10,0.15287998644040118,904679939.3914624,0,200,215,0,129.29
153,7,3,train,1.7333054641655156e-10,1.5412662864873013e-10,0.11079361465618519,904679939.3914624,0,200,216,0,123.17
154,7,4,train,1.5412662864873013e-10,1.3941870403064195e-10,0.09542753738946046,904679939.3914624,0,200,216,0,104.79
155,7,5,train,1.3941870403064195e-10,1.28633832784745e-10,0.07735598548905327,904679939.3914624,0,200,218,0,117.12
156,7,6,train,1.28633832784745e-10,1.2006317819243748e-10,0.06662830770695913,904679939.3914624,0,200,210,0,120.12
157,7,7,train,1.2006317819243748e-10,1.1210759559445587e-10,0.06626163589664756,904679939.3914624,0,200,214,0,107.31
158,7,8,train,1.1210759559445587e-10,1.0437244085842811e-10,0.06899759730829777,904679939.3914624,0,200,218,0,110.19
159,7,9,train,1.0437244085842811e-10,1.0002204690021942e-10,0.04168144313219242,9581073239.02112,1,200,212,0,115.71
160,7,10,train,1.0002204690021942e-10,9.590484580152723e-11,0.04116293583553082,9581073239.02112,0,200,216,0,118.21
161,7,11,train,9.590484580152723e-11,9.171651080536817e-11,0.04367177655263348,9581073239.02112,0,200,213,0,121.48
162,7,12,train,9.171651080536817e-11,8.74342718648134e-11,0.046689946040818345,9581073239.02112,0,200,218,0,116.18
163,7,13,train,8.74342718648134e-11,8.310442546903659e-11,0.049521158047400475,9581073239.02112,0,200,219,0,119.83
164,7,14,train,8.310442546903659e-11,7.949583033901958e-11,0.04342241835678793,9581073239.02112,0,200,218,0,117.48
165,7,15,train,7.949583033901958e-11,7.628675390892201e-11,0.04036785849537103,9581073239.02112,0,200,216,0,116.57
166,7,16,train,7.628675390892201e-11,7.31048240060115e-11,0.041710123184811196,9581073239.02112,0,200,215,0,112.49
167,7,17,train,7.31048240060115e-11,7.047824063679063e-11,0.03592900201777228,9581073239.02112,0,200,216,0,105.14
168,7,18,train,7.047824063679063e-11,6.763633169777957e-11,0.040323210587177125,9581073239.02112,0,200,220,0,117.51
169,7,19,train,6.763633169777957e-11,6.540704974150835e-11,0.03295982943357071,9581073239.02112,0,200,214,0,113.44
170,7,20,train,6.540704974150835e-11,6.357150828630997e-11,0.028063358039424217,9581073239.02112,0,200,216,0,110.82
171,7,21,train,6.357150828630997e-11,6.163900032080526e-11,0.03039896358603262,9581073239.02112,0,200,221,0,110.38
172,7,22,train,6.163900032080526e-11,5.97571916589852e-11,0.03052951300355338,9581073239.02112,0,200,214,0,116.18
173,7,23,train,5.97571916589852e-11,5.8063921941632637e-11,0.028335831560082455,9581073239.02112,0,200,220,0,122.34
174,7,24,train,5.8063921941632637e-11,5.645137812406413e-11,0.027771872165119605,9581073239.02112,0,200,218,0,117.01
175,8,0,train,2.0436639868807554e-09,2.27282466580246e-10,0.8887867731489719,489317229.4562474,1,200,213,0,128.04
176,8,1,train,2.27282466580246e-10,1.7088850160506946e-10,0.24812281309550854,489317229.4562474,0,200,213,0,125.09
177,8,2,train,1.7088850160506946e-10,1.4656764135727036e-10,0.14232005090667615,5851768788.464436,1,200,216,0,114.33
178,8,3,train,1.4656764135727036e-10,1.2167616754381405e-10,0.16982925823839487,5851768788.464436,0,200,214,0,95.6
179,8,4,train,1.2167616754381405e-10,1.0811599277751444e-10,0.11144478857305205,5851768788.464436,0,200,208,0,104.97
180,8,5,train,1.0811599277751444e-10,9.852914537179269e-11,0.08867187138030504,5851768788.464436,0,200,219,0,134.9
181,8,6,train,9.852914537179269e-11,9.12214787112464e-11,0.07416756364800822,5851768788.464436,0,200,213,0,111.68
182,8,7,train,9.12214787112464e-11,8.506980469355296e-11,0.0674366838227434,5851768788.464436,0,200,217,0,115.73
183,8,8,train,8.506980469355296e-11,8.008656213214934e-11,0.05857827673820058,5851768788.464436,0,200,221,0,124.17
184,8,9,train,8.008656213214934e-11,7.559462474034441e-11,0.056088528115276926,5851768788.464436,0,200,216,0,113.5
185,8,10,train,7.559462474034441e-11,7.170250393854886e-11,0.051486740163925224,5851768788.464436,0,200,218,0,115.57
186,8,11,train,7.170250393854886e-11,6.816064235170389e-11,0.04939662344121828,5851768788.464436,0,200,218,0,123.71
187,8,12,train,6.816064235170389e-11,6.468110432495057e-11,0.05104907915625507,5851768788.464436,0,200,214,0,113.63
188,8,13,train,6.468110432495057e-11,6.170432453483533e-11,0.046022402078360204,5851768788.464436,0,200,222,0,118.02
189,8,14,train,6.170432453483533e-11,5.906070148859209e-11,0.042843399813100265,5851768788.464436,0,200,216,0,116.78
190,8,15,train,5.906070148859209e-11,5.6404767252348687e-11,0.04496956807660693,5851768788.464436,0,200,222,0,122.03
191,8,16,train,5.6404767252348687e-11,5.42898780828554e-11,0.03749486563842212,5851768788.464436,0,200,221,0,129.1
192,8,17,train,5.42898780828554e-11,5.2262405310784785e-11,0.037345318200500535,5851768788.464436,0,200,212,0,133.14
193,8,18,train,5.2262405310784785e-11,5.045485414984944e-11,0.0345860690908986,5851768788.464436,0,200,212,0,137.32
194,8,19,train,5.045485414984944e-11,4.8497741717418245e-11,0.03878937845343137,5851768788.464436,0,200,220,0,117.35
195,8,20,train,4.8497741717418245e-11,4.6704604960499076e-11,0.03697361348013353,5851768788.464436,0,200,214,0,102.0
196,8,21,train,4.6704604960499076e-11,4.5082345797832404e-11,0.03473445849801567,5851768788.464436,0,200,218,0,119.96
197,8,22,train,4.5082345797832404e-11,4.3543589737010226e-11,0.03413212053610934,5851768788.464436,0,200,215,0,108.84
198,8,23,train,4.3543589737010226e-11,4.2167821703728524e-11,0.03159519097049448,5851768788.464436,0,200,219,0,133.08
199,8,24,train,4.2167821703728524e-11,4.0742185124481817e-11,0.03380863705180794,5851768788.464436,0,200,219,0,113.35
200,9,0,train,8.275443162512342e-10,2.6727508318652573e-10,0.6770262595757064,1208394499.6806793,1,200,215,0,100.46
201,9,1,train,2.6727508318652573e-10,1.9424717473263983e-10,0.2732312626498043,1208394499.6806793,0,200,212,0,106.08
202,9,2,train,1.9424717473263983e-10,1.5715722185985582e-10,0.19094204548320615,1208394499.6806793,0,200,206,0,117.97
203,9,3,train,1.5715722185985582e-10,1.366623836361391e-10,0.13040977679023172,1208394499.6806793,0,200,210,0,113.97
204,9,4,train,1.366623836361391e-10,1.1946368243120865e-10,0.1258480991427872,1208394499.6806793,0,200,212,0,130.52
205,9,5,train,1.1946368243120865e-10,1.0769432826468712e-10,0.09851826033655654,1208394499.6806793,0,200,218,0,117.05
206,9,6,train,1.0769432826468712e-10,9.939264472048363e-11,0.07708561516628733,1208394499.6806793,0,200,220,0,121.28
207,9,7,train,9.939264472048363e-11,9.22858813367416e-11,0.07150190442892407,1208394499.6806793,0,200,218,0,108.65
208,9,8,train,9.22858813367416e-11,8.636762579409495e-11,0.0641295879382844,1208394499.6806793,0,200,215,0,116.06
209,9,9,train,8.636762579409495e-11,8.122722344491271e-11,0.05951769892849942,1208394499.6806793,0,200,220,0,118.77
210,9,10,train,8.122722344491271e-11,7.786321514259763e-11,0.04141478878194705,12311143451.532448,1,200,217,0,111.47
211,9,11,train,7.786321514259763e-11,7.495007969749052e-11,0.03741350058268258,12311143451.532448,0,200,216,0,123.43
212,9,12,train,7.495007969749052e-11,7.201806303378708e-11,0.0391195936753834,12311143451.532448,0,200,212,0,118.45
213,9,13,train,7.201806303378708e-11,6.922301791477251e-11,0.03881033453653545,12311143451.532448,0,200,217,0,126.47
214,9,14,train,6.922301791477251e-11,6.591598394709965e-11,0.04777361732111251,12311143451.532448,0,200,213,0,114.14
215,9,15,train,6.591598394709965e-11,6.274516670882109e-11,0.04810392029986656,12311143451.532448,0,200,219,0,119.69
216,9,16,train,6.274516670882109e-11,5.999309980573075e-11,0.04386101826554612,12311143451.532448,0,200,220,0,109.93
217,9,17,train,5.999309980573075e-11,5.770626837535487e-11,0.038118240894054196,12311143451.532448,0,200,218,0,115.65
218,9,18,train,5.770626837535487e-11,5.547414204271916e-11,0.03868082957845538,12311143451.532448,0,200,210,0,119.06
219,9,19,train,5.547414204271916e-11,5.3379787178790676e-11,0.037753713474571175,12311143451.532448,0,200,214,0,107.14
220,9,20,train,5.3379787178790676e-11,5.1473954088066436e-11,0.03570327255784719,12311143451.532448,0,200,218,0,106.03
221,9,21,train,5.1473954088066436e-11,4.986210794615945e-11,0.03131382017300025,12311143451.532448,0,200,217,0,114.61
222,9,22,train,4.986210794615945e-11,4.843486501358874e-11,0.028623798538798893,12311143451.532448,0,200,217,0,98.38
223,9,23,train,4.843486501358874e-11,4.70830896832536e-11,0.027909137972324017,12311143451.532448,0,200,216,0,97.19
224,9,24,train,4.70830896832536e-11,4.580663962279703e-11,0.02711058405562909,12311143451.532448,0,200,216,0,93.39
225,10,0,train,1.0759757906279845e-09,3.0296410445099996e-10,0.7184285119703507,929388940.448519,1,200,216,0,92.95
226,10,1,train,3.0296410445099996e-10,2.1985847679202487e-10,0.2743084954224873,929388940.448519,0,200,214,0,85.72
227,10,2,train,2.1985847679202487e-10,1.7619370731836976e-10,0.19860398430286497,929388940.448519,0,200,207,0,82.38
228,10,3,train,1.7619370731836976e-10,1.5306029281158877e-10,0.13129535020782845,929388940.448519,0,200,215,0,83.9
229,10,4,train,1.5306029281158877e-10,1.3611178558644595e-10,0.11073092121942933,929388940.448519,0,200,216,0,81.33
230,10,5,train,1.3611178558644595e-10,1.2214977933050487e-10,0.10257749684044572,929388940.448519,0,200,221,0,110.71
231,10,6,train,1.2214977933050487e-10,1.1301589367850015e-10,0.07477611258953527,929388940.448519,0,200,218,0,142.28
232,10,7,train,1.1301589367850015e-10,1.0536092281869361e-10,0.0677335780893161,929388940.448519,0,200,214,0,138.51
233,10,8,train,1.0536092281869361e-10,1.0024456401859276e-10,0.04856030740073472,9491184902.78234,1,200,218,0,131.25
234,10,9,train,1.0024456401859276e-10,9.52285363204753e-11,0.050037902276547655,9491184902.78234,0,200,217,0,131.28
235,10,10,train,9.52285363204753e-11,9.0081034418874e-11,0.054054195312613615,9491184902.78234,0,200,205,0,124.21
236,10,11,train,9.0081034418874e-11,8.542499411708634e-11,0.05168724284556077,9491184902.78234,0,200,214,0,129.5
237,10,12,train,8.542499411708634e-11,8.078725328411628e-11,0.05429020956809687,9491184902.78234,0,200,216,0,131.05
238,10,13,train,8.078725328411628e-11,7.716819938904303e-11,0.04479733804472351,9491184902.78234,0,200,211,0,132.73
239,10,14,train,7.716819938904303e-11,7.402486421545979e-11,0.04073355603045929,9491184902.78234,0,200,219,0,134.12
240,10,15,train,7.402486421545979e-11,7.151303950193275e-11,0.03393217589992487,9491184902.78234,0,200,218,0,133.87
241,10,16,train,7.151303950193275e-11,6.931345302451473e-11,0.030757837909526697,9491184902.78234,0,200,218,0,96.79
242,10,17,train,6.931345302451473e-11,6.713625430565719e-11,0.031410911213549046,9491184902.78234,0,200,222,0,84.33
243,10,18,train,6.713625430565719e-11,6.5078573352365e-11,0.030649326128979474,9491184902.78234,0,200,215,0,82.76
244,10,19,train,6.5078573352365e-11,6.308820058376826e-11,0.030584148761527957,9491184902.78234,0,200,219,0,86.55
245,10,20,train,6.308820058376826e-11,6.118386529740303e-11,0.030185284549947775,9491184902.78234,0,200,218,0,86.44
246,10,21,train,6.118386529740303e-11,5.925755511380329e-11,0.03148395699154214,9491184902.78234,0,200,220,0,87.23
247,10,22,train,5.925755511380329e-11,5.7678176766893966e-11,0.026652776070091835,9491184902.78234,0,200,227,0,89.78
248,10,23,train,5.7678176766893966e-11,5.6146237669897796e-11,0.026560116544381993,9491184902.78234,0,200,223,0,88.2
249,10,24,train,5.6146237669897796e-11,5.456716011117954e-11,0.02812436993556319,9491184902.78234,0,200,217,0,85.9
250,11,0,train,2.0989357438226326e-09,3.1642039872165213e-10,0.8492472198575362,476431926.4861228,1,200,206,0,81.59
251,11,1,train,3.1642039872165213e-10,2.1949164873375475e-10,0.30632901791253797,476431926.4861228,0,200,212,0,84.27
252,11,2,train,2.1949164873375475e-10,1.7815969443762096e-10,0.18830763965088168,476431926.4861228,0,200,214,0,84.74
253,11,3,train,1.7815969443762096e-10,1.5728074902068397e-10,0.11719230594127075,5612941822.540731,1,200,209,0,82.45
254,11,4,train,1.5728074902068397e-10,1.386004012594476e-10,0.11877071973239227,5612941822.540731,0,200,211,0,83.58
255,11,5,train,1.386004012594476e-10,1.2098520070743385e-10,0.1270934311296809,5612941822.540731,0,200,214,0,84.71
256,11,6,train,1.2098520070743385e-10,1.103653588839565e-10,0.08777802376968585,5612941822.540731,0,200,221,0,87.76
257,11,7,train,1.103653588839565e-10,1.0193847467981707e-10,0.07635443122148386,5612941822.540731,0,200,217,0,85.64
258,11,8,train,1.0193847467981707e-10,9.52587000869794e-11,0.0655275117056485,5612941822.540731,0,200,211,0,83.62
259,11,9,train,9.52587000869794e-11,8.971520700345792e-11,0.05819408703309823,5612941822.540731,0,200,217,0,86.02
260,11,10,train,8.971520700345792e-11,8.3875150399341e-11,0.06509550386359611,5612941822.540731,0,200,212,0,84.08
261,11,11,train,8.3875150399341e-11,7.92464725820871e-11,0.05518532956681605,5612941822.540731,0,200,214,0,85.14
262,11,12,train,7.92464725820871e-11,7.520999825420373e-11,0.050935697152983135,5612941822.540731,0,200,216,0,86.13
263,11,13,train,7.520999825420373e-11,7.154486014189059e-11,0.048732059531836104,5612941822.540731,0,200,211,0,83.5
264,11,14,train,7.154486014189059e-11,6.86375826592444e-11,0.04063572808557266,5612941822.540731,0,200,212,0,83.93
265,11,15,train,6.86375826592444e-11,6.564076069005598e-11,0.043661531380939346,5612941822.540731,0,200,223,0,88.35
266,11,16,train,6.564076069005598e-11,6.314156208495646e-11,0.0380738824295515,5612941822.540731,0,200,215,0,85.4
267,11,17,train,6.314156208495646e-11,6.079472163430015e-11,0.037167918771136225,5612941822.540731,0,200,213,0,84.37
268,11,18,train,6.079472163430015e-11,5.827889043975304e-11,0.04138239516385382,5612941822.540731,0,200,224,0,89.0
269,11,19,train,5.827889043975304e-11,5.6396392030074754e-11,0.03230154856198506,5612941822.540731,0,200,217,0,86.05
270,11,20,train,5.6396392030074754e-11,5.461896786526787e-11,0.03151662900454744,5612941822.540731,0,200,215,0,85.36
271,11,21,train,5.461896786526787e-11,5.287063603590393e-11,0.03200960943964861,5612941822.540731,0,200,213,0,84.61
272,11,22,train,5.287063603590393e-11,5.148925645137084e-11,0.02612753861321066,5612941822.540731,0,200,215,0,85.2
273,11,23,train,5.148925645137084e-11,4.988697823759365e-11,0.031118690076452536,5612941822.540731,0,200,222,0,87.7
274,11,24,train,4.988697823759365e-11,4.857816960845947e-11,0.02623547617778721,5612941822.540731,0,200,222,0,88.14
275,12,0,train,9.815097958592842e-10,2.719712685370869e-10,0.7229051918947138,1018838532.4514548,1,200,220,0,86.48
276,12,1,train,2.719712685370869e-10,2.2023095914480108e-10,0.19024182102246706,1018838532.4514548,0,200,215,0,85.59
277,12,2,train,2.2023095914480108e-10,1.9400680274138886e-10,0.11907570354888174,1018838532.4514548,0,200,209,0,82.94
278,12,3,train,1.9400680274138886e-10,1.746046557296353e-10,0.10000756023806363,1018838532.4514548,0,200,213,0,84.23
279,12,4,train,1.746046557296353e-10,1.5841595710250716e-10,0.09271630564190307,1018838532.4514548,0,200,217,0,86.37
280,12,5,train,1.5841595710250716e-10,1.4565526720900753e-10,0.08055179621357522,1018838532.4514548,0,200,223,0,88.41
281,12,6,train,1.4565526720900753e-10,1.358604967731723e-10,0.06724624947328724,1018838532.4514548,0,200,215,0,85.89
282,12,7,train,1.358604967731723e-10,1.2648585761985656e-10,0.0690019496172408,1018838532.4514548,0,200,214,0,84.87
283,12,8,train,1.2648585761985656e-10,1.1935181032401867e-10,0.05640193639101307,1018838532.4514548,0,200,216,0,85.78
284,12,9,train,1.1935181032401867e-10,1.1314419579930969e-10,0.05201106298979821,1018838532.4514548,0,200,217,0,86.32
285,12,10,train,1.1314419579930969e-10,1.0711149064243143e-10,0.05331873291652375,1018838532.4514548,0,200,222,0,85.93
286,12,11,train,1.0711149064243143e-10,1.0129199222368278e-10,0.05433122425842983,1018838532.4514548,0,200,216,0,80.49
287,12,12,train,1.0129199222368278e-10,9.59523092283118e-11,0.0527157466068924,1018838532.4514548,0,200,217,0,80.73
288,12,13,train,9.59523092283118e-11,9.24918046679283e-11,0.036064838753900846,10421844018.579794,1,200,219,0,81.34
289,12,14,train,9.24918046679283e-11,8.93078135984741e-11,0.03442457503003241,10421844018.579794,0,200,209,0,77.91
290,12,15,train,8.93078135984741e-11,8.614146974757384e-11,0.035454275760641446,10421844018.579794,0,200,216,0,80.4
291,12,16,train,8.614146974757384e-11,8.309239319933367e-11,0.03539615190192457,10421844018.579794,0,200,215,0,80.08
292,12,17,train,8.309239319933367e-11,7.9591597177441e-11,0.04213136590607607,10421844018.579794,0,200,210,0,78.18
293,12,18,train,7.9591597177441e-11,7.614656272827669e-11,0.04328389643298614,10421844018.579794,0,200,212,0,79.03
294,12,19,train,7.614656272827669e-11,7.297675996885778e-11,0.04162765390645555,10421844018.579794,0,200,211,0,78.92
295,12,20,train,7.297675996885778e-11,6.973719094866053e-11,0.04439179022992678,10421844018.579794,0,200,213,0,79.56
296,12,21,train,6.973719094866053e-11,6.622246773152431e-11,0.05039955251027683,10421844018.579794,0,200,221,0,82.84
297,12,22,train,6.622246773152431e-11,6.331593900273842e-11,0.04389037177788952,10421844018.579794,0,200,224,0,83.56
298,12,23,train,6.331593900273842e-11,6.076335393104075e-11,0.04031504723616702,10421844018.579794,0,200,218,0,81.9
299,12,24,train,6.076335393104075e-11,5.846310070147667e-11,0.037855929285513054,10421844018.579794,0,200,219,0,82.15
300,13,0,train,1.225110934909472e-09,3.32755377950188e-10,0.7283875537566918,816252611.5023973,1,200,217,0,80.75
301,13,1,train,3.32755377950188e-10,2.5749509036592933e-10,0.22617301648998384,816252611.5023973,0,200,213,0,79.92
302,13,2,train,2.5749509036592933e-10,2.1267002526747499e-10,0.1740812418394188,816252611.5023973,0,200,223,0,83.74
303,13,3,train,2.1267002526747499e-10,1.8277444940641726e-10,0.1405725880902025,816252611.5023973,0,200,212,0,79.6
304,13,4,train,1.8277444940641726e-10,1.5654355083674122e-10,0.14351512837195868,816252611.5023973,0,200,215,0,80.66
305,13,5,train,1.5654355083674122e-10,1.3662747229029202e-10,0.1272238839606981,816252611.5023973,0,200,216,0,81.01
306,13,6,train,1.3662747229029202e-10,1.2177601837357754e-10,0.10870034896905381,816252611.5023973,0,200,222,0,83.31
307,13,7,train,1.2177601837357754e-10,1.129485045356562e-10,0.07248975583058401,8211797473.39297,1,200,219,0,81.63
308,13,8,train,1.129485045356562e-10,1.0370995410118526e-10,0.08179435816748203,8211797473.39297,0,200,216,0,79.13
309,13,9,train,1.0370995410118526e-10,9.415207488888117e-11,0.09215970921150823,8211797473.39297,0,200,215,0,80.31
310,13,10,train,9.415207488888117e-11,8.501018942545796e-11,0.09709701537871064,8211797473.39297,0,200,218,0,82.33
311,13,11,train,8.501018942545796e-11,7.7864136044607e-11,0.08406113936632327,8211797473.39297,0,200,210,0,79.98
312,13,12,train,7.7864136044607e-11,7.248968733271866e-11,0.06902341674746645,8211797473.39297,0,200,215,0,81.42
313,13,13,train,7.248968733271866e-11,6.818740844656809e-11,0.059350219934094194,8211797473.39297,0,200,209,0,79.7
314,13,14,train,6.818740844656809e-11,6.441140727844285e-11,0.05537681009073869,8211797473.39297,0,200,215,0,81.91
315,13,15,train,6.441140727844285e-11,6.115058576266074e-11,0.05062490719518,8211797473.39297,0,200,217,0,82.26
316,13,16,train,6.115058576266074e-11,5.838266622642462e-11,0.04526399055242153,8211797473.39297,0,200,223,0,83.72
317,13,17,train,5.838266622642462e-11,5.554784536934777e-11,0.04855586495626305,8211797473.39297,0,200,212,0,79.78
318,13,18,train,5.554784536934777e-11,5.342558650284681e-11,0.03820596194847293,8211797473.39297,0,200,216,0,81.28
319,13,19,train,5.342558650284681e-11,5.126400737892638e-11,0.04045962366375244,8211797473.39297,0,200,218,0,81.98
320,13,20,train,5.126400737892638e-11,4.94211766799389e-11,0.03594784709993292,8211797473.39297,0,200,213,0,80.08
321,13,21,train,4.94211766799389e-11,4.7601198467964e-11,0.036825877776270506,8211797473.39297,0,200,216,0,90.51
322,13,22,train,4.7601198467964e-11,4.596934275436996e-11,0.03428181991451946,8211797473.39297,0,200,216,0,90.45
323,13,23,train,4.596934275436996e-11,4.4413029473079464e-11,0.033855460792781206,8211797473.39297,0,200,211,0,88.74
324,13,24,train,4.4413029473079464e-11,4.302752562537166e-11,0.03119588697608698,8211797473.39297,0,200,218,0,91.41
325,14,0,train,3.042201189424436e-09,2.2849493619005166e-10,0.9248915762098951,328709358.0386093,1,200,212,0,88.29
326,14,1,train,2.2849493619005166e-10,1.7536168531004977e-10,0.23253579167202235,4376464602.122498,1,200,214,0,86.43
327,14,2,train,1.7536168531004977e-10,1.476199588460902e-10,0.1581971935027344,4376464602.122498,0,200,218,0,81.8
328,14,3,train,1.476199588460902e-10,1.2884169658274035e-10,0.12720679784857702,4376464602.122498,0,200,212,0,79.22
329,14,4,train,1.2884169658274035e-10,1.1698840097646615e-10,0.09199890967488299,4376464602.122498,0,200,211,0,78.77
330,14,5,train,1.1698840097646615e-10,1.0731947469517468e-10,0.08264858909590969,4376464602.122498,0,200,215,0,78.19
331,14,6,train,1.0731947469517468e-10,9.917806583291274e-11,0.07586143041965512,4376464602.122498,0,200,221,0,77.53
332,14,7,train,9.917806583291274e-11,9.309428271715636e-11,0.06134202219678138,4376464602.122498,0,200,217,0,74.91
333,14,8,train,9.309428271715636e-11,8.83198183766613e-11,0.051286332534523894,4376464602.122498,0,200,216,0,74.71
334,14,9,train,8.83198183766613e-11,8.375088694957671e-11,0.05173166692439604,4376464602.122498,0,200,224,0,77.38
335,14,10,train,8.375088694957671e-11,7.963750984104182e-11,0.04911443040610901,4376464602.122498,0,200,227,0,78.54
336,14,11,train,7.963750984104182e-11,7.574195949059194e-11,0.04891602409750729,4376464602.122498,0,200,211,0,73.03
337,14,12,train,7.574195949059194e-11,7.239332988865967e-11,0.04421102417277984,4376464602.122498,0,200,214,0,74.56
338,14,13,train,7.239332988865967e-11,6.937055454758917e-11,0.041754887442247854,4376464602.122498,0,200,216,0,74.39
339,14,14,train,6.937055454758917e-11,6.625045214548407e-11,0.04497733112346203,4376464602.122498,0,200,219,0,75.42
340,14,15,train,6.625045214548407e-11,6.350560394294531e-11,0.041431388219225256,4376464602.122498,0,200,214,0,73.6
341,14,16,train,6.350560394294531e-11,6.087952094431025e-11,0.04135198841655594,4376464602.122498,0,200,222,0,76.26
342,14,17,train,6.087952094431025e-11,5.828458223981426e-11,0.042624164320703394,4376464602.122498,0,200,214,0,73.63
343,14,18,train,5.828458223981426e-11,5.6067859929522175e-11,0.03803273910708146,4376464602.122498,0,200,223,0,77.1
344,14,19,train,5.6067859929522175e-11,5.402887129455308e-11,0.036366443048336874,4376464602.122498,0,200,213,0,73.34
345,14,20,train,5.402887129455308e-11,5.1784901145632404e-11,0.041532797098185914,4376464602.122498,0,200,212,0,72.77
346,14,21,train,5.1784901145632404e-11,4.9976774828561775e-11,0.034916090927463866,4376464602.122498,0,200,214,0,73.58
347,14,22,train,4.9976774828561775e-11,4.836967964654488e-11,0.03215684060305631,4376464602.122498,0,200,217,0,74.87
348,14,23,train,4.836967964654488e-11,4.671323242952786e-11,0.03424556931369593,4376464602.122498,0,200,220,0,75.81
349,14,24,train,4.671323242952786e-11,4.529234629395872e-11,0.030417208608132712,4376464602.122498,0,200,221,0,75.92
350,15,0,train,2.284668068184135e-09,2.553894567349324e-10,0.8882159468627243,437700344.2757462,1,200,216,0,73.76
351,15,1,train,2.553894567349324e-10,1.9141189079595592e-10,0.25050981648540993,437700344.2757462,0,200,216,0,73.72
352,15,2,train,1.9141189079595592e-10,1.6316551353906942e-10,0.14756856086332165,5224335833.273779,1,200,215,0,73.6
353,15,3,train,1.6316551353906942e-10,1.3251589704105665e-10,0.18784371668510597,5224335833.273779,0,200,217,0,74.61
354,15,4,train,1.3251589704105665e-10,1.144844866931189e-10,0.1360697904972954,5224335833.273779,0,200,215,0,74.17
355,15,5,train,1.144844866931189e-10,1.038122540562747e-10,0.0932199020593212,5224335833.273779,0,200,214,0,73.73
356,15,6,train,1.038122540562747e-10,9.439490252968934e-11,0.0907152205892802,5224335833.273779,0,200,212,0,73.13
357,15,7,train,9.439490252968934e-11,8.641789000573998e-11,0.08450681456491158,5224335833.273779,0,200,213,0,73.48
358,15,8,train,8.641789000573998e-11,7.950980314063733e-11,0.07993815707191892,5224335833.273779,0,200,221,0,75.92
359,15,9,train,7.950980314063733e-11,7.40496149329567e-11,0.06867314459353674,5224335833.273779,0,200,215,0,73.76
360,15,10,train,7.40496149329567e-11,6.943596467765562e-11,0.06230485140912882,5224335833.273779,0,200,219,0,75.2
361,15,11,train,6.943596467765562e-11,6.535422190213491e-11,0.058784274035357506,5224335833.273779,0,200,210,0,72.29
362,15,12,train,6.535422190213491e-11,6.105179367910911e-11,0.06583244506328143,5224335833.273779,0,200,217,0,74.45
363,15,13,train,6.105179367910911e-11,5.8077035040590963e-11,0.04872516365618361,5224335833.273779,0,200,216,0,74.24
364,15,14,train,5.8077035040590963e-11,5.52334685007123e-11,0.048961978480672234,5224335833.273779,0,200,212,0,73.29
365,15,15,train,5.52334685007123e-11,5.246515606003292e-11,0.050120199144177965,5224335833.273779,0,200,222,0,74.26
366,15,16,train,5.246515606003292e-11,5.0115230200870236e-11,0.0447902195596978,5224335833.273779,0,200,212,0,70.89
367,15,17,train,5.0115230200870236e-11,4.80518071210567e-11,0.04117357281495046,5224335833.273779,0,200,218,0,73.3
368,15,18,train,4.80518071210567e-11,4.6163013494521276e-11,0.03930744210674524,5224335833.273779,0,200,216,0,72.29
369,15,19,train,4.6163013494521276e-11,4.452927187293683e-11,0.03539070563013267,5224335833.273779,0,200,214,0,71.8
370,15,20,train,4.452927187293683e-11,4.289448884613361e-11,0.03671254790484867,5224335833.273779,0,200,219,0,72.84
371,15,21,train,4.289448884613361e-11,4.139450951194998e-11,0.03496904554718408,5224335833.273779,0,200,215,0,70.37
372,15,22,train,4.139450951194998e-11,3.99067823690152e-11,0.03594020464248514,5224335833.273779,0,200,218,0,71.33
373,15,23,train,3.99067823690152e-11,3.857629556946849e-11,0.033339866573150245,5224335833.273779,0,200,219,0,71.59
374,15,24,train,3.857629556946849e-11,3.735574371466815e-11,0.031639944602828964,5224335833.273779,0,200,216,0,70.27
375,16,0,train,9.839429336408128e-10,1.7993252891423734e-10,0.8171311335623438,1016319103.2835333,1,200,216,0,69.38
376,16,1,train,1.7993252891423734e-10,1.3592649752064216e-10,0.2445696265102244,1016319103.2835333,0,200,215,0,69.5
377,16,2,train,1.3592649752064216e-10,1.164707983833073e-10,0.14313396940416473,1016319103.2835333,0,200,209,0,67.91
378,16,3,train,1.164707983833073e-10,1.0587714626554497e-10,0.09095543487989538,1016319103.2835333,0,200,216,0,69.87
379,16,4,train,1.0587714626554497e-10,9.736457929036679e-11,0.08040041949967419,1016319103.2835333,0,200,214,0,71.27
380,16,5,train,9.736457929036679e-11,9.219289471028955e-11,0.053116694158908836,10270675509.393791,1,200,218,0,70.6
381,16,6,train,9.219289471028955e-11,8.69303246467805e-11,0.05708216538862719,10270675509.393791,0,200,216,0,70.44
382,16,7,train,8.69303246467805e-11,8.035669081780996e-11,0.07561957068124217,10270675509.393791,0,200,209,0,69.1
383,16,8,train,8.035669081780996e-11,7.513256517728215e-11,0.06501170701979614,10270675509.393791,0,200,214,0,72.23
384,16,9,train,7.513256517728215e-11,7.0729740583343e-11,0.05860074900344865,10270675509.393791,0,200,214,0,68.61
385,16,10,train,7.0729740583343e-11,6.703965178401903e-11,0.05217167161776621,10270675509.393791,0,200,217,0,69.5
386,16,11,train,6.703965178401903e-11,6.374740823541745e-11,0.04910889989715591,10270675509.393791,0,200,216,0,69.38
387,16,12,train,6.374740823541745e-11,6.084550378698705e-11,0.045521920478927516,10270675509.393791,0,200,216,0,69.41
388,16,13,train,6.084550378698705e-11,5.819380565888759e-11,0.04358083938926275,10270675509.393791,0,200,216,0,69.29
389,16,14,train,5.819380565888759e-11,5.5786332228347154e-11,0.041369925944562395,10270675509.393791,0,200,222,0,70.91
390,16,15,train,5.5786332228347154e-11,5.342501574253312e-11,0.04232786762443146,10270675509.393791,0,200,212,0,68.03
391,16,16,train,5.342501574253312e-11,5.126166665014144e-11,0.040493185866660994,10270675509.393791,0,200,218,0,69.87
392,16,17,train,5.126166665014144e-11,4.9161093848968555e-11,0.04097745817570071,10270675509.393791,0,200,218,0,69.89
393,16,18,train,4.9161093848968555e-11,4.71170518967288e-11,0.04157844734943059,10270675509.393791,0,200,212,0,68.15
394,16,19,train,4.71170518967288e-11,4.533760633920476e-11,0.03776648762796597,10270675509.393791,0,200,214,0,68.95
395,16,20,train,4.533760633920476e-11,4.3554395305029143e-11,0.03933183019928476,10270675509.393791,0,200,219,0,69.62
396,16,21,train,4.3554395305029143e-11,4.20089806998552e-11,0.03548240296646932,10270675509.393791,0,200,215,0,68.31
397,16,22,train,4.20089806998552e-11,4.0701061253307517e-11,0.031134281878736268,10270675509.393791,0,200,216,0,71.18
398,16,23,train,4.0701061253307517e-11,3.9308724820610573e-11,0.03420884836470442,10270675509.393791,0,200,218,0,69.61
399,16,24,train,3.9308724820610573e-11,3.818220232107231e-11,0.02865833233408782,10270675509.393791,0,200,213,0,67.69
400,17,0,train,7.048750081577257e-10,1.7067898561611891e-10,0.7578592181013644,1418691240.8961957,1,200,215,0,73.66
401,17,1,train,1.7067898561611891e-10,1.2341750355523298e-10,0.2769027592370608,1418691240.8961957,0,200,210,0,72.82
402,17,2,train,1.2341750355523298e-10,1.0157492745122409e-10,0.1769811856081961,1418691240.8961957,0,200,211,0,73.07
403,17,3,train,1.0157492745122409e-10,8.96474811535984e-11,0.1174251027976683,1418691240.8961957,0,200,213,0,71.39
404,17,4,train,8.96474811535984e-11,8.071589792576251e-11,0.09963005221008804,1418691240.8961957,0,200,213,0,87.37
405,17,5,train,8.071589792576251e-11,7.341049506696171e-11,0.09050760812349332,1418691240.8961957,0,200,217,0,89.66
406,17,6,train,7.341049506696171e-11,6.776195654989788e-11,0.07694456374271126,1418691240.8961957,0,200,219,0,73.84
407,17,7,train,6.776195654989788e-11,6.441732824131404e-11,0.04935849669749368,14757543183.742485,1,200,215,0,82.65
408,17,8,train,6.441732824131404e-11,6.114039391017085e-11,0.05087038566497897,14757543183.742485,0,200,215,0,90.2
409,17,9,train,6.114039391017085e-11,5.7681842324135193e-11,0.05656737493574308,14757543183.742485,0,200,214,0,78.98
410,17,10,train,5.7681842324135193e-11,5.432872986398397e-11,0.05813116095198327,14757543183.742485,0,200,219,0,82.19
411,17,11,train,5.432872986398397e-11,5.095208181098518e-11,0.062152162611798206,14757543183.742485,0,200,220,0,94.35
412,17,12,train,5.095208181098518e-11,4.81520946707453e-11,0.054953341271253224,14757543183.742485,0,200,223,0,88.67
413,17,13,train,4.81520946707453e-11,4.57630548780424e-11,0.049614452061508184,14757543183.742485,0,200,218,0,82.4
414,17,14,train,4.57630548780424e-11,4.362686536449058e-11,0.04667934689335586,14757543183.742485,0,200,216,0,83.66
415,17,15,train,4.362686536449058e-11,4.188341221060926e-11,0.03996283343566506,14757543183.742485,0,200,215,0,82.14
416,17,16,train,4.188341221060926e-11,4.0468197731793366e-11,0.03378937875690585,14757543183.742485,0,200,215,0,83.13
417,17,17,train,4.0468197731793366e-11,3.923194991958183e-11,0.030548625377509554,14757543183.742485,0,200,213,0,82.89
418,17,18,train,3.923194991958183e-11,3.8122727980328506e-11,0.028273433809102543,14757543183.742485,0,200,213,0,83.63
419,17,19,train,3.8122727980328506e-11,3.692683292425793e-11,0.031369608614778624,14757543183.742485,0,200,214,0,85.87
420,17,20,train,3.692683292425793e-11,3.5913781237195e-11,0.02743402579746936,14757543183.742485,0,200,214,0,82.22
421,17,21,train,3.5913781237195e-11,3.4902542488600696e-11,0.02815740124704515,14757543183.742485,0,200,218,0,83.28
422,17,22,train,3.4902542488600696e-11,3.392440428267213e-11,0.02802484106274013,14757543183.742485,0,200,222,0,86.55
423,17,23,train,3.392440428267213e-11,3.302425005454153e-11,0.026534120411670126,14757543183.742485,0,200,219,0,86.23
424,17,24,train,3.302425005454153e-11,3.220037271957545e-11,0.024947647065577398,14757543183.742485,0,200,213,0,79.4
425,18,0,train,6.325720158562443e-10,1.7855490926136708e-10,0.7177318869857424,1580847674.1520224,1,200,215,0,84.32
426,18,1,train,1.7855490926136708e-10,1.3260532791298733e-10,0.25734146172995537,1580847674.1520224,0,200,215,0,85.75
427,18,2,train,1.3260532791298733e-10,1.1163161380730182e-10,0.15816645104522495,1580847674.1520224,0,200,216,0,82.72
428,18,3,train,1.1163161380730182e-10,9.924329315785455e-11,0.11097502066781864,1580847674.1520224,0,200,210,0,78.84
429,18,4,train,9.924329315785455e-11,8.925963276130128e-11,0.10059783466348148,1580847674.1520224,0,200,213,0,82.67
430,18,5,train,8.925963276130128e-11,8.126422101316234e-11,0.0895747775427255,1580847674.1520224,0,200,211,0,82.12
431,18,6,train,8.126422101316234e-11,7.514154283289307e-11,0.07534285204404516,1580847674.1520224,0,200,217,0,82.58
432,18,7,train,7.514154283289307e-11,6.930941846253509e-11,0.07761517997212287,1580847674.1520224,0,200,218,0,83.77
433,18,8,train,6.930941846253509e-11,6.500447626400221e-11,0.06211193650196186,1580847674.1520224,0,200,218,0,85.43
434,18,9,train,6.500447626400221e-11,6.151317714791094e-11,0.053708595419061325,1580847674.1520224,0,200,219,0,82.3
435,18,10,train,6.151317714791094e-11,5.906296596179923e-11,0.03983229772411327,16256679403.755383,1,200,214,0,78.29
436,18,11,train,5.906296596179923e-11,5.675184479866827e-11,0.03912978506067151,16256679403.755383,0,200,211,0,81.71
437,18,12,train,5.675184479866827e-11,5.4111222953968617e-11,0.04652926885579614,16256679403.755383,0,200,211,0,84.43
438,18,13,train,5.4111222953968617e-11,5.1619240036718844e-11,0.04605297720529537,16256679403.755383,0,200,221,0,81.83
439,18,14,train,5.1619240036718844e-11,4.8937519690471836e-11,0.05195195327051293,16256679403.755383,0,200,215,0,82.5
440,18,15,train,4.8937519690471836e-11,4.666621908521386e-11,0.04641225422996255,16256679403.755383,0,200,212,0,84.86
441,18,16,train,4.666621908521386e-11,4.4502458600398454e-11,0.04636674080804181,16256679403.755383,0,200,214,0,82.6
442,18,17,train,4.4502458600398454e-11,4.255871503857656e-11,0.04367721746062123,16256679403.755383,0,200,216,0,79.09
443,18,18,train,4.255871503857656e-11,4.084531118446867e-11,0.04025976471692823,16256679403.755383,0,200,223,0,86.94
444,18,19,train,4.084531118446867e-11,3.932974347015648e-11,0.0371050598064358,16256679403.755383,0,200,219,0,85.89
445,18,20,train,3.932974347015648e-11,3.785239893762274e-11,0.037563035051442685,16256679403.755383,0,200,219,0,81.2
446,18,21,train,3.785239893762274e-11,3.6536170159044e-11,0.0347726647589171,16256679403.755383,0,200,217,0,83.89
447,18,22,train,3.6536170159044e-11,3.534667334488293e-11,0.032556691327610944,16256679403.755383,0,200,219,0,86.44
448,18,23,train,3.534667334488293e-11,3.4264402835602476e-11,0.030618737404806837,16256679403.755383,0,200,221,0,83.8
449,18,24,train,3.4264402835602476e-11,3.3355080999004326e-11,0.026538382733853394,16256679403.755383,0,200,214,0,83.64
450,19,0,train,1.2865730190254941e-08,3.1358370923353465e-10,0.9756264351423244,77725864.38641804,1,200,214,0,81.71
451,19,1,train,3.1358370923353465e-10,2.1729540008071222e-10,0.3070577530579365,3188941168.035205,1,200,215,0,82.48
452,19,2,train,2.1729540008071222e-10,1.6624374625681395e-10,0.2349412541864008,3188941168.035205,0,200,217,0,81.49
453,19,3,train,1.6624374625681395e-10,1.341151711676835e-10,0.1932618568369971,3188941168.035205,0,200,214,0,79.61
454,19,4,train,1.341151711676835e-10,1.1351178371997085e-10,0.15362458451439728,3188941168.035205,0,200,212,0,81.99
455,19,5,train,1.1351178371997085e-10,9.978625194509722e-11,0.12091724158554304,3188941168.035205,0,200,216,0,82.44
456,19,6,train,9.978625194509722e-11,8.9425934230071e-11,0.1038251012847593,3188941168.035205,0,200,215,0,83.33
457,19,7,train,8.9425934230071e-11,8.173792985893833e-11,0.08597063522258894,3188941168.035205,0,200,212,0,83.43
458,19,8,train,8.173792985893833e-11,7.558913401455034e-11,0.07522573491889825,3188941168.035205,0,200,213,0,82.98
459,19,9,train,7.558913401455034e-11,7.081824519991566e-11,0.06311606657269446,3188941168.035205,0,200,216,0,82.49
460,19,10,train,7.081824519991566e-11,6.664021058276132e-11,0.05899658492468982,3188941168.035205,0,200,213,0,82.78
461,19,11,train,6.664021058276132e-11,6.293495252381356e-11,0.055600935629489964,3188941168.035205,0,200,212,0,80.52
462,19,12,train,6.293495252381356e-11,5.982732481042556e-11,0.049378407208810086,3188941168.035205,0,200,221,0,81.19
463,19,13,train,5.982732481042556e-11,5.7121471196353466e-11,0.045227721992352386,3188941168.035205,0,200,215,0,82.64
464,19,14,train,5.7121471196353466e-11,5.4632800691167715e-11,0.04356803935653225,3188941168.035205,0,200,218,0,88.12
465,19,15,train,5.4632800691167715e-11,5.254868521953679e-11,0.038147695986009665,3188941168.035205,0,200,223,0,84.5
466,19,16,train,5.254868521953679e-11,5.056158512563905e-11,0.037814458831768594,3188941168.035205,0,200,215,0,80.69
467,19,17,train,5.056158512563905e-11,4.879503145751362e-11,0.03493865280797213,3188941168.035205,0,200,214,0,84.59
468,19,18,train,4.879503145751362e-11,4.699976464519381e-11,0.036792000306075524,3188941168.035205,0,200,214,0,84.26
469,19,19,train,4.699976464519381e-11,4.545626927640231e-11,0.032840491445936155,3188941168.035205,0,200,218,0,80.21
470,19,20,train,4.545626927640231e-11,4.398757760776882e-11,0.03230999138321132,3188941168.035205,0,200,217,0,82.07
471,19,21,train,4.398757760776882e-11,4.2535256583908395e-11,0.03301661748256686,3188941168.035205,0,200,221,0,87.18
472,19,22,train,4.2535256583908395e-11,4.133716664682833e-11,0.02816698506841299,3188941168.035205,0,200,214,0,83.42
473,19,23,train,4.133716664682833e-11,4.0143031105129933e-11,0.02888769692177295,3188941168.035205,0,200,227,0,83.74
474,19,24,train,4.0143031105129933e-11,3.88745558219291e-11,0.03159889147082207,3188941168.035205,0,200,215,0,80.21
475,20,0,train,1.6400788877145126e-09,3.0842700356043456e-10,0.8119437998557285,609726768.3224207,1,200,219,0,81.52
476,20,1,train,3.0842700356043456e-10,2.1551540446396995e-10,0.30124339965018365,609726768.3224207,0,200,215,0,79.25
477,20,2,train,2.1551540446396995e-10,1.694942281147329e-10,0.21354007832387176,609726768.3224207,0,200,209,0,79.0
478,20,3,train,1.694942281147329e-10,1.4079983409275602e-10,0.1692942251847849,609726768.3224207,0,200,212,0,84.92
479,20,4,train,1.4079983409275602e-10,1.2442322219967076e-10,0.11631130106514675,7102281096.0218935,1,200,214,0,80.33
480,20,5,train,1.2442322219967076e-10,1.0875573012434178e-10,0.12592096393538377,7102281096.0218935,0,200,213,0,78.63
481,20,6,train,1.0875573012434178e-10,9.641447296748067e-11,0.11347684524531436,7102281096.0218935,0,200,213,0,83.3
482,20,7,train,9.641447296748067e-11,8.891288847615982e-11,0.0778055852034895,7102281096.0218935,0,200,213,0,80.54
483,20,8,train,8.891288847615982e-11,8.27543419543419e-11,0.06926494715633048,7102281096.0218935,0,200,215,0,79.16
484,20,9,train,8.27543419543419e-11,7.743000185971119e-11,0.06433910256416897,7102281096.0218935,0,200,214,0,77.91
485,20,10,train,7.743000185971119e-11,7.392635086457584e-11,0.04524926915904396,7102281096.0218935,0,200,215,0,85.39
486,20,11,train,7.392635086457584e-11,7.0309877122215e-11,0.04891995479373492,7102281096.0218935,0,200,218,0,81.6
487,20,12,train,7.0309877122215e-11,6.714890298462367e-11,0.04495775368938311,7102281096.0218935,0,200,217,0,77.3
488,20,13,train,6.714890298462367e-11,6.423959994800564e-11,0.04332614394734381,7102281096.0218935,0,200,215,0,82.49
489,20,14,train,6.423959994800564e-11,6.163951180992344e-11,0.04047484947270317,7102281096.0218935,0,200,214,0,84.1
490,20,15,train,6.163951180992344e-11,5.929796565467409e-11,0.03798774660107525,7102281096.0218935,0,200,210,0,77.49
491,20,16,train,5.929796565467409e-11,5.701168023110082e-11,0.038555882960430894,7102281096.0218935,0,200,210,0,77.28
492,20,17,train,5.701168023110082e-11,5.4981915137327234e-11,0.035602618367776444,7102281096.0218935,0,200,216,0,83.34
493,20,18,train,5.4981915137327234e-11,5.303937797873093e-11,0.03533047464324342,7102281096.0218935,0,200,221,0,86.05
494,20,19,train,5.303937797873093e-11,5.116787782534292e-11,0.03528510749387925,7102281096.0218935,0,200,223,0,85.31
495,20,20,train,5.116787782534292e-11,4.956951870048525e-11,0.031237549665700963,7102281096.0218935,0,200,220,0,84.03
496,20,21,train,4.956951870048525e-11,4.806481552535794e-11,0.030355412248789456,7102281096.0218935,0,200,223,0,87.14
497,20,22,train,4.806481552535794e-11,4.6600028090547296e-11,0.03047525344267383,7102281096.0218935,0,200,214,0,82.92
498,20,23,train,4.6600028090547296e-11,4.5233076687324876e-11,0.029333703416794775,7102281096.0218935,0,200,223,0,85.97
499,20,24,train,4.5233076687324876e-11,4.398420784189417e-11,0.027609637391317707,7102281096.0218935,0,200,216,0,85.39
500,21,0,train,2.9085964850900564e-09,2.288989536125601e-10,0.9213026094248777,343808433.0797222,1,200,216,0,79.69
501,21,1,train,2.288989536125601e-10,1.6419689375911522e-10,0.28266647283569996,4368739936.193087,1,200,219,0,79.5
502,21,2,train,1.6419689375911522e-10,1.345129559495894e-10,0.18078257834203365,4368739936.193087,0,200,208,0,79.75
503,21,3,train,1.345129559495894e-10,1.168189963177897e-10,0.1315409322982298,4368739936.193087,0,200,211,0,83.93
504,21,4,train,1.168189963177897e-10,1.0545177102614847e-10,0.09730630847673331,4368739936.193087,0,200,217,0,83.46
505,21,5,train,1.0545177102614847e-10,9.661436750088773e-11,0.08380516931355633,4368739936.193087,0,200,217,0,83.17
506,21,6,train,9.661436750088773e-11,8.967919915734782e-11,0.07178195668958014,4368739936.193087,0,200,209,0,77.45
507,21,7,train,8.967919915734782e-11,8.36159306500339e-11,0.06761064510261229,4368739936.193087,0,200,212,0,79.66
508,21,8,train,8.36159306500339e-11,7.858275691793015e-11,0.06019395697656696,4368739936.193087,0,200,218,0,80.87
509,21,9,train,7.858275691793015e-11,7.422121561870191e-11,0.05550252333070113,4368739936.193087,0,200,221,0,85.66
510,21,10,train,7.422121561870191e-11,7.030638105561624e-11,0.05274549238316754,4368739936.193087,0,200,211,0,82.84
511,21,11,train,7.030638105561624e-11,6.69351019381185e-11,0.0479512537394134,4368739936.193087,0,200,222,0,86.54
512,21,12,train,6.69351019381185e-11,6.387633210037777e-11,0.04569754507236821,4368739936.193087,0,200,221,0,83.88
513,21,13,train,6.387633210037777e-11,6.119290750344408e-11,0.04200968510084213,4368739936.193087,0,200,215,0,84.15
514,21,14,train,6.119290750344408e-11,5.870651971394623e-11,0.04063196031922351,4368739936.193087,0,200,215,0,81.41
515,21,15,train,5.870651971394623e-11,5.653934414485935e-11,0.03691541552193306,4368739936.193087,0,200,216,0,80.97
516,21,16,train,5.653934414485935e-11,5.448078283361134e-11,0.03640935957753188,4368739936.193087,0,200,213,0,82.58
517,21,17,train,5.448078283361134e-11,5.217758815103134e-11,0.04227535954492694,4368739936.193087,0,200,216,0,82.55
518,21,18,train,5.217758815103134e-11,5.038269938245545e-11,0.03439961163748057,4368739936.193087,0,200,217,0,83.88
519,21,19,train,5.038269938245545e-11,4.8595364592952685e-11,0.03547516928251693,4368739936.193087,0,200,217,0,85.49
520,21,20,train,4.8595364592952685e-11,4.682293168895694e-11,0.03647329161622923,4368739936.193087,0,200,222,0,87.75
521,21,21,train,4.682293168895694e-11,4.528262578016451e-11,0.03289640040108189,4368739936.193087,0,200,218,0,86.45
522,21,22,train,4.528262578016451e-11,4.375657791331954e-11,0.033700516269828056,4368739936.193087,0,200,214,0,81.92
523,21,23,train,4.375657791331954e-11,4.220105896136592e-11,0.035549373971498745,4368739936.193087,0,200,219,0,79.54
524,21,24,train,4.220105896136592e-11,4.087059302796997e-11,0.031526837623054874,4368739936.193087,0,200,216,0,80.47
525,22,0,train,1.1887166264315522e-09,1.5419122835404338e-10,0.8702876489437898,841243386.1566596,1,200,212,0,81.89
526,22,1,train,1.5419122835404338e-10,1.1319959025552999e-10,0.26584935171792773,841243386.1566596,0,200,212,0,80.03
527,22,2,train,1.1319959025552999e-10,9.854040248898652e-11,0.12949859388583207,8833954237.313578,1,200,213,0,80.73
528,22,3,train,9.854040248898652e-11,8.49956045742303e-11,0.13745425807723954,8833954237.313578,0,200,216,0,84.39
529,22,4,train,8.49956045742303e-11,7.694421191814077e-11,0.09472716496837093,8833954237.313578,0,200,210,0,79.59
530,22,5,train,7.694421191814077e-11,7.102464140011228e-11,0.07693327893625306,8833954237.313578,0,200,217,0,81.97
531,22,6,train,7.102464140011228e-11,6.582485249681939e-11,0.0732110546535567,8833954237.313578,0,200,219,0,86.91
532,22,7,train,6.582485249681939e-11,6.172375518447239e-11,0.06230317511984041,8833954237.313578,0,200,220,0,79.08
533,22,8,train,6.172375518447239e-11,5.821767361819691e-11,0.05680279101290798,8833954237.313578,0,200,216,0,72.79
534,22,9,train,5.821767361819691e-11,5.5536968485220855e-11,0.046046242770823365,8833954237.313578,0,200,215,0,71.82
535,22,10,train,5.5536968485220855e-11,5.316292303673398e-11,0.04274711985978566,8833954237.313578,0,200,215,0,71.85
536,22,11,train,5.316292303673398e-11,5.0903886505119974e-11,0.04249270737150927,8833954237.313578,0,200,218,0,72.77
537,22,12,train,5.0903886505119974e-11,4.882016710580126e-11,0.0409343871829734,8833954237.313578,0,200,219,0,73.08
538,22,13,train,4.882016710580126e-11,4.699057483638445e-11,0.0374761574545983,8833954237.313578,0,200,219,0,72.74
539,22,14,train,4.699057483638445e-11,4.5246827964237444e-11,0.0371084388352031,8833954237.313578,0,200,216,0,71.69
540,22,15,train,4.5246827964237444e-11,4.3600468210937566e-11,0.036386191637591506,8833954237.313578,0,200,215,0,71.22
541,22,16,train,4.3600468210937566e-11,4.214022647807856e-11,0.03349142320661348,8833954237.313578,0,200,218,0,72.36
542,22,17,train,4.214022647807856e-11,4.0853437308288896e-11,0.03053588642811525,8833954237.313578,0,200,220,0,73.02
543,22,18,train,4.0853437308288896e-11,3.968319683217626e-11,0.028644847366985193,8833954237.313578,0,200,215,0,71.58
544,22,19,train,3.968319683217626e-11,3.84771066088852e-11,0.030392970314153923,8833954237.313578,0,200,219,0,72.86
545,22,20,train,3.84771066088852e-11,3.7403094001943904e-11,0.02791302937246547,8833954237.313578,0,200,222,0,78.32
546,22,21,train,3.7403094001943904e-11,3.640639309572018e-11,0.02664755237018417,8833954237.313578,0,200,219,0,77.48
547,22,22,train,3.640639309572018e-11,3.5549947407614267e-11,0.023524595964619106,8833954237.313578,0,200,219,0,77.6
548,22,23,train,3.5549947407614267e-11,3.470664849045844e-11,0.02372152362102236,8833954237.313578,0,200,216,0,72.41
549,22,24,train,3.470664849045844e-11,3.390224736282837e-11,0.02317714797068978,8833954237.313578,0,200,214,0,71.06
550,23,0,train,2.0491311994966113e-09,1.8177388943201948e-10,0.9112922152194677,488011699.90758014,1,200,212,0,69.88
551,23,1,train,1.8177388943201948e-10,1.3076624689787767e-10,0.28061039290914136,5501340171.157992,1,200,214,0,70.73
552,23,2,train,1.3076624689787767e-10,1.0935474301331001e-10,0.1637387658704393,5501340171.157992,0,200,215,0,71.2
553,23,3,train,1.0935474301331001e-10,9.624373429897561e-11,0.11989428490302072,5501340171.157992,0,200,216,0,71.92
554,23,4,train,9.624373429897561e-11,8.637166742150009e-11,0.1025736059534901,5501340171.157992,0,200,220,0,73.81
555,23,5,train,8.637166742150009e-11,7.923908633299557e-11,0.08258010180233057,5501340171.157992,0,200,215,0,71.51
556,23,6,train,7.923908633299557e-11,7.390018030428467e-11,0.06737717805420673,5501340171.157992,0,200,210,0,82.34
557,23,7,train,7.390018030428467e-11,6.951705314385567e-11,0.05931145421271544,5501340171.157992,0,200,216,0,87.38
558,23,8,train,6.951705314385567e-11,6.583677135703949e-11,0.052940704767797955,5501340171.157992,0,200,224,0,89.66
559,23,9,train,6.583677135703949e-11,6.203693131311768e-11,0.05771607515980525,5501340171.157992,0,200,216,0,86.38
560,23,10,train,6.203693131311768e-11,5.87965742171286e-11,0.05223271086111759,5501340171.157992,0,200,220,0,88.33
561,23,11,train,5.87965742171286e-11,5.5869305054303964e-11,0.04978638979908223,5501340171.157992,0,200,215,0,86.69
562,23,12,train,5.5869305054303964e-11,5.3319654485699075e-11,0.04563598144144936,5501340171.157992,0,200,211,0,84.47
563,23,13,train,5.3319654485699075e-11,5.11198336184521e-11,0.04125722284710213,5501340171.157992,0,200,215,0,86.28
564,23,14,train,5.11198336184521e-11,4.9149898065114086e-11,0.038535640942050135,5501340171.157992,0,200,219,0,88.21
565,23,15,train,4.9149898065114086e-11,4.724238958256244e-11,0.038810019097589375,5501340171.157992,0,200,219,0,87.91
566,23,16,train,4.724238958256244e-11,4.5369271978835176e-11,0.039649086768859074,5501340171.157992,0,200,218,0,87.8
567,23,17,train,4.5369271978835176e-11,4.375212686554573e-11,0.0356440613383403,5501340171.157992,0,200,220,0,87.92
568,23,18,train,4.375212686554573e-11,4.220433776532114e-11,0.03537631678983485,5501340171.157992,0,200,225,0,89.85
569,23,19,train,4.220433776532114e-11,4.080792710046054e-11,0.033086899091401376,5501340171.157992,0,200,221,0,89.19
570,23,20,train,4.080792710046054e-11,3.948265293344468e-11,0.03247590017874009,5501340171.157992,0,200,221,0,88.46
571,23,21,train,3.948265293344468e-11,3.813587591408011e-11,0.03411060096784308,5501340171.157992,0,200,221,0,88.8
572,23,22,train,3.813587591408011e-11,3.69165367020074e-11,0.031973546767874804,5501340171.157992,0,200,223,0,91.02
573,23,23,train,3.69165367020074e-11,3.583535917487551e-11,0.029287079009041966,5501340171.157992,0,200,221,0,88.49
574,23,24,train,3.583535917487551e-11,3.46939254069708e-11,0.0318521648502125,5501340171.157992,0,200,221,0,88.85
575,24,0,train,1.4331707578661855e-08,2.4914620783243114e-10,0.9826157346244366,69775356.11240608,1,200,214,0,88.26
576,24,1,train,2.4914620783243114e-10,1.715230743003738e-10,0.3115565523046793,4013707488.064889,1,200,214,0,85.21
577,24,2,train,1.715230743003738e-10,1.364691082935282e-10,0.20436880664497992,4013707488.064889,0,200,215,0,85.6
578,24,3,train,1.364691082935282e-10,1.152811608568154e-10,0.15525819507181163,4013707488.064889,0,200,210,0,83.82
579,24,4,train,1.152811608568154e-10,1.0088313766213164e-10,0.12489484914683316,4013707488.064889,0,200,215,0,86.43
580,24,5,train,1.0088313766213164e-10,9.099023405149876e-11,0.09806300477851179,4013707488.064889,0,200,213,0,85.05
581,24,6,train,9.099023405149876e-11,8.24356801962028e-11,0.0940161759607547,4013707488.064889,0,200,221,0,92.65
582,24,7,train,8.24356801962028e-11,7.636192622928455e-11,0.07367870262563833,4013707488.064889,0,200,219,0,87.92
583,24,8,train,7.636192622928455e-11,7.088580188130159e-11,0.07171275815568519,4013707488.064889,0,200,214,0,85.95
584,24,9,train,7.088580188130159e-11,6.684460454465043e-11,0.05700996856067397,4013707488.064889,0,200,215,0,87.65
585,24,10,train,6.684460454465043e-11,6.319765937615864e-11,0.054558557019448374,4013707488.064889,0,200,223,0,89.21
586,24,11,train,6.319765937615864e-11,5.981746980570756e-11,0.0534859930544557,4013707488.064889,0,200,221,0,87.68
587,24,12,train,5.981746980570756e-11,5.677642196931459e-11,0.05083879084606155,4013707488.064889,0,200,214,0,86.52
588,24,13,train,5.677642196931459e-11,5.415225915886156e-11,0.046219235369768186,4013707488.064889,0,200,218,0,89.38
589,24,14,train,5.415225915886156e-11,5.1748636561516744e-11,0.044386377127748795,4013707488.064889,0,200,222,0,89.77
590,24,15,train,5.1748636561516744e-11,4.96237568809068e-11,0.04106155875399681,4013707488.064889,0,200,221,0,88.48
591,24,16,train,4.96237568809068e-11,4.768147535647996e-11,0.039140154766761436,4013707488.064889,0,200,215,0,86.51
592,24,17,train,4.768147535647996e-11,4.605203636761523e-11,0.034173418013654,4013707488.064889,0,200,222,0,87.87
593,24,18,train,4.605203636761523e-11,4.4493419254548926e-11,0.03384469474106378,4013707488.064889,0,200,220,0,89.38
594,24,19,train,4.4493419254548926e-11,4.296543711428287e-11,0.03434175583414703,4013707488.064889,0,200,224,0,90.24
595,24,20,train,4.296543711428287e-11,4.148845407844397e-11,0.03437607377088481,4013707488.064889,0,200,219,0,87.63
596,24,21,train,4.148845407844397e-11,4.019859464416101e-11,0.03108959981599138,4013707488.064889,0,200,218,0,87.71
597,24,22,train,4.019859464416101e-11,3.913838925809013e-11,0.026374190328190515,4013707488.064889,0,200,219,0,88.28
598,24,23,train,3.913838925809013e-11,3.8138930134049684e-11,0.02553654207508938,4013707488.064889,0,200,214,0,86.76
599,24,24,train,3.8138930134049684e-11,3.7013759963033075e-11,0.02950188080950074,4013707488.064889,0,200,220,0,88.89
600,25,0,train,8.562959284347751e-10,1.6994097862755328e-10,0.8015394293206688,1167820570.8952765,1,200,213,0,84.45
601,25,1,train,1.6994097862755328e-10,1.2426401657394789e-10,0.26878132880305533,1167820570.8952765,0,200,211,0,83.44
602,25,2,train,1.2426401657394789e-10,1.0366468990581252e-10,0.16577064894628585,1167820570.8952765,0,200,213,0,85.02
603,25,3,train,1.0366468990581252e-10,9.103210612483971e-11,0.1218600450399312,1167820570.8952765,0,200,213,0,86.86
604,25,4,train,9.103210612483971e-11,8.083647401374182e-11,0.11200039793779784,1167820570.8952765,0,200,213,0,84.77
605,25,5,train,8.083647401374182e-11,7.508616716648041e-11,0.07113505280158411,12370653373.995565,1,200,217,0,85.45
606,25,6,train,7.508616716648041e-11,6.868367881052624e-11,0.08526854675853447,12370653373.995565,0,200,211,0,83.61
607,25,7,train,6.868367881052624e-11,6.234855446162178e-11,0.09223624096171101,12370653373.995565,0,200,213,0,85.22
608,25,8,train,6.234855446162178e-11,5.7802366390280866e-11,0.07291569324416794,12370653373.995565,0,200,210,0,85.0
609,25,9,train,5.7802366390280866e-11,5.381842860946326e-11,0.06892343738867204,12370653373.995565,0,200,215,0,84.81
610,25,10,train,5.381842860946326e-11,5.063299139729414e-11,0.05918859569989381,12370653373.995565,0,200,217,0,86.35
611,25,11,train,5.063299139729414e-11,4.794740962741553e-11,0.05304015614653439,12370653373.995565,0,200,215,0,88.56
612,25,12,train,4.794740962741553e-11,4.5255584311997325e-11,0.056141204213857314,12370653373.995565,0,200,216,0,86.28
613,25,13,train,4.5255584311997325e-11,4.306757142587366e-11,0.048347909310799006,12370653373.995565,0,200,215,0,86.45
614,25,14,train,4.306757142587366e-11,4.116800031687349e-11,0.0441067616796003,12370653373.995565,0,200,222,0,89.09
615,25,15,train,4.116800031687349e-11,3.9511141970212904e-11,0.04024626734132354,12370653373.995565,0,200,218,0,86.68
616,25,16,train,3.9511141970212904e-11,3.7897649534820494e-11,0.04083639082385438,12370653373.995565,0,200,218,0,87.48
617,25,17,train,3.7897649534820494e-11,3.637320171492782e-11,0.040225392302813,12370653373.995565,0,200,213,0,88.25
618,25,18,train,3.637320171492782e-11,3.5075187958852964e-11,0.035685991193404966,12370653373.995565,0,200,217,0,86.99
619,25,19,train,3.5075187958852964e-11,3.3865794561545095e-11,0.03448002612920053,12370653373.995565,0,200,220,0,89.59
620,25,20,train,3.3865794561545095e-11,3.268024626966518e-11,0.035007248677582016,12370653373.995565,0,200,216,0,88.49
621,25,21,train,3.268024626966518e-11,3.1580834200009e-11,0.03364148668232919,12370653373.995565,0,200,213,0,89.83
622,25,22,train,3.1580834200009e-11,3.059088663808966e-11,0.031346466519844476,12370653373.995565,0,200,217,0,90.02
623,25,23,train,3.059088663808966e-11,2.9660162266179904e-11,0.03042489035773426,12370653373.995565,0,200,214,0,86.48
624,25,24,train,2.9660162266179904e-11,2.888617311221199e-11,0.026095243411748164,12370653373.995565,0,200,215,0,86.99
625,26,0,train,4.343587338636726e-09,2.4602286577907405e-10,0.9433595213820909,230224448.60377988,1,200,213,0,85.5
626,26,1,train,2.4602286577907405e-10,1.8967879077885362e-10,0.22901966783370786,4064662838.689106,1,200,214,0,85.72
627,26,2,train,1.8967879077885362e-10,1.587941695152468e-10,0.16282590761354643,4064662838.689106,0,200,218,0,91.21
628,26,3,train,1.587941695152468e-10,1.396410043714064e-10,0.12061629971874617,4064662838.689106,0,200,214,0,86.74
629,26,4,train,1.396410043714064e-10,1.2654651599725637e-10,0.09377251641160014,4064662838.689106,0,200,216,0,88.71
630,26,5,train,1.2654651599725637e-10,1.1515973682801473e-10,0.08998097718856608,4064662838.689106,0,200,215,0,89.84
631,26,6,train,1.1515973682801473e-10,1.0627980822231523e-10,0.07710966393541889,4064662838.689106,0,200,207,0,82.88
632,26,7,train,1.0627980822231523e-10,9.860926840450483e-11,0.07217306792429691,4064662838.689106,0,200,217,0,87.29
633,26,8,train,9.860926840450483e-11,9.130430811189695e-11,0.07407985487370433,4064662838.689106,0,200,214,0,87.24
634,26,9,train,9.130430811189695e-11,8.526468742681241e-11,0.0661482553230977,4064662838.689106,0,200,218,0,88.38
635,26,10,train,8.526468742681241e-11,7.996110758538301e-11,0.062201363794147056,4064662838.689106,0,200,217,0,88.9
636,26,11,train,7.996110758538301e-11,7.581725335539643e-11,0.05182337207575254,4064662838.689106,0,200,210,0,87.45
637,26,12,train,7.581725335539643e-11,7.234306802143983e-11,0.04582314948381496,4064662838.689106,0,200,219,0,91.5
638,26,13,train,7.234306802143983e-11,6.86884291062474e-11,0.05051816317921894,4064662838.689106,0,200,220,0,89.99
639,26,14,train,6.86884291062474e-11,6.532766473084973e-11,0.048927663933021746,4064662838.689106,0,200,214,0,88.02
640,26,15,train,6.532766473084973e-11,6.24106581302201e-11,0.04465193440861109,4064662838.689106,0,200,214,0,87.58
641,26,16,train,6.24106581302201e-11,5.973982472057185e-11,0.04279450801617155,4064662838.689106,0,200,216,0,90.01
642,26,17,train,5.973982472057185e-11,5.717936187340442e-11,0.04286023367399868,4064662838.689106,0,200,216,0,90.74
643,26,18,train,5.717936187340442e-11,5.479182498826009e-11,0.0417552208859965,4064662838.689106,0,200,217,0,93.22
644,26,19,train,5.479182498826009e-11,5.270325553095852e-11,0.038118267784456455,4064662838.689106,0,200,221,0,97.1
645,26,20,train,5.270325553095852e-11,5.064091679599463e-11,0.039131145015367186,4064662838.689106,0,200,219,0,89.04
646,26,21,train,5.064091679599463e-11,4.8902078898849904e-11,0.034336619618273875,4064662838.689106,0,200,216,0,87.52
647,26,22,train,4.8902078898849904e-11,4.726401983642949e-11,0.03349671628088886,4064662838.689106,0,200,214,0,86.49
648,26,23,train,4.726401983642949e-11,4.579610989911614e-11,0.031057661671467368,4064662838.689106,0,200,212,0,85.92
649,26,24,train,4.579610989911614e-11,4.4247325385165675e-11,0.033819128248278436,4064662838.689106,0,200,211,0,85.22
650,27,0,train,8.959645139115003e-10,2.0159131626889942e-10,0.7750007805679547,1116115632.3416352,1,200,214,0,87.58
651,27,1,train,2.0159131626889942e-10,1.4526854973427312e-10,0.2793908367535944,1116115632.3416352,0,200,215,0,88.41
652,27,2,train,1.4526854973427312e-10,1.194443709072268e-10,0.17776854573329323,1116115632.3416352,0,200,215,0,92.34
653,27,3,train,1.194443709072268e-10,1.0279766315342203e-10,0.13936787164909076,1116115632.3416352,0,200,212,0,90.67
654,27,4,train,1.0279766315342203e-10,9.187436938686882e-11,0.10626013696683524,1116115632.3416352,0,200,215,0,90.26
655,27,5,train,9.187436938686882e-11,8.465672801914438e-11,0.0785599010463088,1116115632.3416352,0,200,220,0,90.28
656,27,6,train,8.465672801914438e-11,8.01566061586126e-11,0.053157285496719386,11812410228.917171,1,200,218,0,89.35
657,27,7,train,8.01566061586126e-11,7.5357483804146e-11,0.059871825722887684,11812410228.917171,0,200,221,0,91.34
658,27,8,train,7.5357483804146e-11,6.953816515009826e-11,0.07722283654231525,11812410228.917171,0,200,210,0,88.25
659,27,9,train,6.953816515009826e-11,6.489317209724223e-11,0.06679775117490953,11812410228.917171,0,200,217,0,91.31
660,27,10,train,6.489317209724223e-11,6.024939466129709e-11,0.07156033964538609,11812410228.917171,0,200,213,0,86.71
661,27,11,train,6.024939466129709e-11,5.60116476502018e-11,0.0703367566581963,11812410228.917171,0,200,219,0,96.55
662,27,12,train,5.60116476502018e-11,5.3086286136706326e-11,0.05222773541254567,11812410228.917171,0,200,217,0,96.34
663,27,13,train,5.3086286136706326e-11,5.030993202656035e-11,0.05229889510440397,11812410228.917171,0,200,220,0,97.52
664,27,14,train,5.030993202656035e-11,4.811510426525958e-11,0.04362613251280164,11812410228.917171,0,200,217,0,92.53
665,27,15,train,4.811510426525958e-11,4.582937905785884e-11,0.047505357045461,11812410228.917171,0,200,219,0,92.86
666,27,16,train,4.582937905785884e-11,4.358142593810317e-11,0.049050481720855736,11812410228.917171,0,200,220,0,90.56
667,27,17,train,4.358142593810317e-11,4.198161898474782e-11,0.03670845822317712,11812410228.917171,0,200,218,0,88.46
668,27,18,train,4.198161898474782e-11,4.051029182298482e-11,0.03504693714402826,11812410228.917171,0,200,219,0,88.57
669,27,19,train,4.051029182298482e-11,3.9155335014237264e-11,0.03344722409476148,11812410228.917171,0,200,221,0,89.42
670,27,20,train,3.9155335014237264e-11,3.7946082255790026e-11,0.030883473682642267,11812410228.917171,0,200,215,0,87.14
671,27,21,train,3.7946082255790026e-11,3.672907625829883e-11,0.03207198016616054,11812410228.917171,0,200,211,0,85.4
672,27,22,train,3.672907625829883e-11,3.5712706600729945e-11,0.027672072404468402,11812410228.917171,0,200,227,0,96.35
673,27,23,train,3.5712706600729945e-11,3.4671707639385176e-11,0.029149259757407803,11812410228.917171,0,200,216,0,89.14
674,27,24,train,3.4671707639385176e-11,3.367184042601397e-11,0.02883813003301312,11812410228.917171,0,200,219,0,89.22
675,28,0,train,9.575767987212944e-09,2.37148246245053e-10,0.9752345455151242,104430266.20270622,1,200,211,0,88.02
676,28,1,train,2.37148246245053e-10,1.7569762996114768e-10,0.25912321620294176,4216771643.1968355,1,200,214,0,86.62
677,28,2,train,1.7569762996114768e-10,1.3872843642398145e-10,0.21041372923095938,4216771643.1968355,0,200,215,0,87.47
678,28,3,train,1.3872843642398145e-10,1.1701548479052356e-10,0.1565140658480344,4216771643.1968355,0,200,210,0,85.13
679,28,4,train,1.1701548479052356e-10,1.0265757414419797e-10,0.12270094570841246,4216771643.1968355,0,200,211,0,85.39
680,28,5,train,1.0265757414419797e-10,9.131052992013598e-11,0.110532947214624,4216771643.1968355,0,200,213,0,86.57
681,28,6,train,9.131052992013598e-11,8.209169122104282e-11,0.10096139741118956,4216771643.1968355,0,200,216,0,87.78
682,28,7,train,8.209169122104282e-11,7.575494777327779e-11,0.07719104520215697,4216771643.1968355,0,200,219,0,93.0
683,28,8,train,7.575494777327779e-11,7.027509725276137e-11,0.07233653618132933,4216771643.1968355,0,200,214,0,91.68
684,28,9,train,7.027509725276137e-11,6.537006183789828e-11,0.06979763254145266,4216771643.1968355,0,200,215,0,89.82
685,28,10,train,6.537006183789828e-11,6.132293477211727e-11,0.06191101785733192,4216771643.1968355,0,200,221,0,90.55
686,28,11,train,6.132293477211727e-11,5.7423915857862905e-11,0.06358174031858627,4216771643.1968355,0,200,221,0,89.59
687,28,12,train,5.7423915857862905e-11,5.408581195202921e-11,0.05813089992149358,4216771643.1968355,0,200,222,0,91.96
688,28,13,train,5.408581195202921e-11,5.118525516028658e-11,0.053628792599346435,4216771643.1968355,0,200,215,0,91.72
689,28,14,train,5.118525516028658e-11,4.8566839618852355e-11,0.05115566061426596,4216771643.1968355,0,200,221,0,90.22
690,28,15,train,4.8566839618852355e-11,4.629077984260329e-11,0.04686448189981787,4216771643.1968355,0,200,215,0,87.83
691,28,16,train,4.629077984260329e-11,4.423820774392063e-11,0.04434084078215495,4216771643.1968355,0,200,212,0,86.97
692,28,17,train,4.423820774392063e-11,4.2237364194207485e-11,0.04522885649652272,4216771643.1968355,0,200,219,0,93.09
693,28,18,train,4.2237364194207485e-11,4.052528885393288e-11,0.04053461604285903,4216771643.1968355,0,200,216,0,93.06
694,28,19,train,4.052528885393288e-11,3.877992849254523e-11,0.04306842494518751,4216771643.1968355,0,200,216,0,93.14
695,28,20,train,3.877992849254523e-11,3.7396265758018456e-11,0.03567986812540822,4216771643.1968355,0,200,220,0,96.38
696,28,21,train,3.7396265758018456e-11,3.606811291200995e-11,0.035515654279564685,4216771643.1968355,0,200,212,0,90.88
697,28,22,train,3.606811291200995e-11,3.496440238900856e-11,0.030600728285783793,4216771643.1968355,0,200,218,0,88.89
698,28,23,train,3.496440238900856e-11,3.386017367741755e-11,0.031581512513943026,4216771643.1968355,0,200,221,0,97.46
699,28,24,train,3.386017367741755e-11,3.28239212530914e-11,0.030603872094644827,4216771643.1968355,0,200,216,0,92.74
700,29,0,train,1.2446002100921497e-09,1.706027368233528e-10,0.8629256724850453,803470859.0688413,1,200,218,0,89.25
701,29,1,train,1.706027368233528e-10,1.2237593251164804e-10,0.28268482211771456,803470859.0688413,0,200,211,0,90.01
702,29,2,train,1.2237593251164804e-10,1.0188091166649276e-10,0.1674759115171974,8171541409.131388,1,200,214,0,94.76
703,29,3,train,1.0188091166649276e-10,8.266334602948524e-11,0.18862773529075041,8171541409.131388,0,200,214,0,95.58
704,29,4,train,8.266334602948524e-11,7.191107978383037e-11,0.13007296174316038,8171541409.131388,0,200,216,0,96.83
705,29,5,train,7.191107978383037e-11,6.449295475776164e-11,0.10315691334865401,8171541409.131388,0,200,219,0,99.3
706,29,6,train,6.449295475776164e-11,5.815408436575954e-11,0.09828779617574007,8171541409.131388,0,200,214,0,95.59
707,29,7,train,5.815408436575954e-11,5.350008858646408e-11,0.08002870013435674,8171541409.131388,0,200,208,0,90.89
708,29,8,train,5.350008858646408e-11,4.9862186291360804e-11,0.06799806114757902,8171541409.131388,0,200,219,0,90.57
709,30,0,train,1.2889742383082225e-09,1.893671288009583e-10,0.8530869561446763,775810695.2645532,1,200,219,0,91.37
710,30,1,train,1.893671288009583e-10,1.3150120155762652e-10,0.3055753530706695,775810695.2645532,0,200,207,0,85.95
711,30,2,train,1.3150120155762652e-10,1.04562293158133e-10,0.20485674716582983,775810695.2645532,0,200,213,0,89.43
712,30,3,train,1.04562293158133e-10,9.316693277509992e-11,0.10898154620422766,9563677017.753113,1,200,215,0,88.89
713,30,4,train,9.316693277509992e-11,7.993415930250965e-11,0.14203294107077127,9563677017.753113,0,200,211,0,88.38
714,30,5,train,7.993415930250965e-11,7.034429082434216e-11,0.1199720940564943,9563677017.753113,0,200,211,0,87.58
715,30,6,train,7.034429082434216e-11,6.467714233943631e-11,0.08056301966363377,9563677017.753113,0,200,218,0,91.11
716,30,7,train,6.467714233943631e-11,5.986859198173739e-11,0.07434698231506363,9563677017.753113,0,200,215,0,89.04
717,30,8,train,5.986859198173739e-11,5.615325776155426e-11,0.06205815265066647,9563677017.753113,0,200,215,0,89.28
718,30,9,train,5.615325776155426e-11,5.2893355043030603e-11,0.0580536704097616,9563677017.753113,0,200,217,0,90.06
719,30,10,train,5.2893355043030603e-11,5.001526589328862e-11,0.054413057129776614,9563677017.753113,0,200,214,0,88.95
720,30,11,train,5.001526589328862e-11,4.7629941716620026e-11,0.047691922337429256,9563677017.753113,0,200,217,0,90.37
721,30,12,train,4.7629941716620026e-11,4.554894297697883e-11,0.0436909780831214,9563677017.753113,0,200,216,0,89.33
722,30,13,train,4.554894297697883e-11,4.3653432476162994e-11,0.041614807653689315,9563677017.753113,0,200,219,0,91.76
723,30,14,train,4.3653432476162994e-11,4.1827459311479396e-11,0.04182885654365606,9563677017.753113,0,200,214,0,89.4
724,30,15,train,4.1827459311479396e-11,4.022559833934237e-11,0.03829687479242609,9563677017.753113,0,200,216,0,90.12
725,30,16,train,4.022559833934237e-11,3.8739089074830523e-11,0.03695431083390446,9563677017.753113,0,200,218,0,91.24
726,30,17,train,3.8739089074830523e-11,3.7427631750494407e-11,0.03385359221541928,9563677017.753113,0,200,219,0,91.54
727,30,18,train,3.7427631750494407e-11,3.613791473400889e-11,0.0344589533498464,9563677017.753113,0,200,222,0,93.91
728,30,19,train,3.613791473400889e-11,3.5013385856361295e-11,0.031117702444223107,9563677017.753113,0,200,216,0,91.64
729,30,20,train,3.5013385856361295e-11,3.395621925413674e-11,0.030193212577654376,9563677017.753113,0,200,212,0,89.69
730,30,21,train,3.395621925413674e-11,3.295912144055638e-11,0.029364217674465915,9563677017.753113,0,200,210,0,88.92
731,30,22,train,3.295912144055638e-11,3.207393697604591e-11,0.026857040655860528,9563677017.753113,0,200,215,0,90.58
732,30,23,train,3.207393697604591e-11,3.120957293348979e-11,0.02694910959018429,9563677017.753113,0,200,217,0,90.97
733,30,24,train,3.120957293348979e-11,3.0354716869047777e-11,0.02739082864939486,9563677017.753113,0,200,213,0,89.16
734,31,0,train,1.2552892476702868e-09,2.1568102935868582e-10,0.8281822060063272,796629144.9209156,1,200,220,0,90.78
735,31,1,train,2.1568102935868582e-10,1.3995206388287683e-10,0.3511155603299204,796629144.9209156,0,200,208,0,87.63
736,31,2,train,1.3995206388287683e-10,1.1077604005344968e-10,0.20847155104367737,796629144.9209156,0,200,205,0,85.7
737,31,3,train,1.1077604005344968e-10,9.565133787510291e-11,0.13653405710340488,9027222849.972773,1,200,215,0,88.37
738,31,4,train,9.565133787510291e-11,8.177504579430804e-11,0.14507159428249594,9027222849.972773,0,200,217,0,89.4
739,31,5,train,8.177504579430804e-11,7.174161815257214e-11,0.12269546955648765,9027222849.972773,0,200,212,0,87.47
740,31,6,train,7.174161815257214e-11,6.636557612692901e-11,0.07493616904778978,9027222849.972773,0,200,215,0,90.46
741,31,7,train,6.636557612692901e-11,6.199904034064831e-11,0.0657951914397515,9027222849.972773,0,200,215,0,91.31
742,31,8,train,6.199904034064831e-11,5.855399630252346e-11,0.05556608649418375,9027222849.972773,0,200,215,0,90.94
743,31,9,train,5.855399630252346e-11,5.573792069166615e-11,0.04809365352806758,9027222849.972773,0,200,221,0,93.32
744,31,10,train,5.573792069166615e-11,5.323230447843183e-11,0.04495352862362792,9027222849.972773,0,200,215,0,91.21
745,31,11,train,5.323230447843183e-11,5.100824452644325e-11,0.04178026808682882,9027222849.972773,0,200,215,0,89.72
746,31,12,train,5.100824452644325e-11,4.907557200681562e-11,0.0378894144970174,9027222849.972773,0,200,213,0,89.3
747,31,13,train,4.907557200681562e-11,4.7268151138117715e-11,0.036829338809273436,9027222849.972773,0,200,211,0,87.68
748,31,14,train,4.7268151138117715e-11,4.5675365671045183e-11,0.03369680067279141,9027222849.972773,0,200,214,0,88.93
749,31,15,train,4.5675365671045183e-11,4.430817895323943e-11,0.029932693427180346,9027222849.972773,0,200,218,0,90.84
750,31,16,train,4.430817895323943e-11,4.298643702420732e-11,0.029830653397581695,9027222849.972773,0,200,213,0,88.99
751,31,17,train,4.298643702420732e-11,4.1803396462367385e-11,0.02752125190496062,9027222849.972773,0,200,217,0,90.28
752,31,18,train,4.1803396462367385e-11,4.075201923400635e-11,0.025150521664131203,9027222849.972773,0,200,214,0,89.17
753,31,19,train,4.075201923400635e-11,3.9792302283321364e-11,0.02355016926091677,9027222849.972773,0,200,218,0,90.39
754,31,20,train,3.9792302283321364e-11,3.8936069538885456e-11,0.021517547246689233,9027222849.972773,0,200,213,0,87.37
755,31,21,train,3.8936069538885456e-11,3.801482476751896e-11,0.0236604460151389,9027222849.972773,0,200,213,0,88.68
756,31,22,train,3.801482476751896e-11,3.709564405538815e-11,0.02417953305722431,9027222849.972773,0,200,221,0,92.28
757,31,23,train,3.709564405538815e-11,3.6358636140175563e-11,0.019867775152040655,9027222849.972773,0,200,217,0,90.47
758,31,24,train,3.6358636140175563e-11,3.567210776098387e-11,0.018882126836245527,9027222849.972773,0,200,221,0,91.49
759,32,0,train,2.2099045473271944e-09,2.68229151659658e-10,0.8786241007630524,452508232.18109876,1,200,215,0,89.9
760,32,1,train,2.68229151659658e-10,1.7672460219046334e-10,0.34114319380654057,452508232.18109876,0,200,212,0,90.21
761,32,2,train,1.7672460219046334e-10,1.4060869623805644e-10,0.20436263827875706,5658521720.265405,1,200,216,0,89.3
762,32,3,train,1.4060869623805644e-10,1.1491653121489388e-10,0.1827210244497584,5658521720.265405,0,200,212,0,88.64
763,32,4,train,1.1491653121489388e-10,1.0077067536531144e-10,0.12309678772960603,5658521720.265405,0,200,211,0,88.96
764,32,5,train,1.0077067536531144e-10,9.260829792793144e-11,0.08099953094280601,5658521720.265405,0,200,215,0,90.75
765,32,6,train,9.260829792793144e-11,8.585972036484017e-11,0.07287227725903217,5658521720.265405,0,200,215,0,90.54
766,32,7,train,8.585972036484017e-11,7.947060083100978e-11,0.07441346776674047,5658521720.265405,0,200,216,0,89.28
767,32,8,train,7.947060083100978e-11,7.44350987170255e-11,0.06336308095483031,5658521720.265405,0,200,216,0,90.04
768,32,9,train,7.44350987170255e-11,7.000995956330635e-11,0.059449631020735076,5658521720.265405,0,200,217,0,90.11
769,32,10,train,7.000995956330635e-11,6.622671140885966e-11,0.0540387136065362,5658521720.265405,0,200,214,0,89.84
770,32,11,train,6.622671140885966e-11,6.2972431614927e-11,0.04913847788457911,5658521720.265405,0,200,220,0,93.09
771,32,12,train,6.2972431614927e-11,5.95218537836712e-11,0.05479505464162307,5658521720.265405,0,200,221,0,93.1
772,32,13,train,5.95218537836712e-11,5.652463736032233e-11,0.05035489039441026,5658521720.265405,0,200,215,0,88.88
773,32,14,train,5.652463736032233e-11,5.399848034881968e-11,0.04469125552101093,5658521720.265405,0,200,214,0,89.03
774,32,15,train,5.399848034881968e-11,5.1931039676564556e-11,0.03828701583636913,5658521720.265405,0,200,213,0,87.94
775,32,16,train,5.1931039676564556e-11,5.003027540350516e-11,0.03660169880860617,5658521720.265405,0,200,222,0,92.16
776,32,17,train,5.003027540350516e-11,4.817483615521096e-11,0.037086328894447934,5658521720.265405,0,200,215,0,89.03
777,32,18,train,4.817483615521096e-11,4.645034886663941e-11,0.03579643287245555,5658521720.265405,0,200,211,0,87.2
778,32,19,train,4.645034886663941e-11,4.491307121518968e-11,0.03309507224290841,5658521720.265405,0,200,216,0,89.59
779,32,20,train,4.491307121518968e-11,4.353487373380476e-11,0.030685888185682745,5658521720.265405,0,200,221,0,93.62
780,32,21,train,4.353487373380476e-11,4.219559164358323e-11,0.03076343113823207,5658521720.265405,0,200,217,0,90.37
781,32,22,train,4.219559164358323e-11,4.10390826766358e-11,0.02740828892070544,5658521720.265405,0,200,220,0,91.46
782,32,23,train,4.10390826766358e-11,3.9817339669260137e-11,0.029770231878774873,5658521720.265405,0,200,220,0,94.05
783,32,24,train,3.9817339669260137e-11,3.877803395635889e-11,0.02610183707736789,5658521720.265405,0,200,218,0,94.01
784,33,0,train,1.3962110301554334e-09,1.81259827115439e-10,0.8701773419629408,716224108.248647,1,200,221,0,91.96
785,33,1,train,1.81259827115439e-10,1.3140821579930615e-10,0.2750284611293591,716224108.248647,0,200,211,0,89.14
786,33,2,train,1.3140821579930615e-10,1.1181268939412819e-10,0.14911949215645182,7609874267.886377,1,200,215,0,90.02
787,33,3,train,1.1181268939412819e-10,9.508482209952575e-11,0.14960616174465163,7609874267.886377,0,200,211,0,87.89
788,33,4,train,9.508482209952575e-11,8.37317602277724e-11,0.11939930707205873,7609874267.886377,0,200,211,0,89.32
789,33,5,train,8.37317602277724e-11,7.586568127784528e-11,0.09394379060620871,7609874267.886377,0,200,216,0,89.48
790,33,6,train,7.586568127784528e-11,6.964402173851546e-11,0.08200887983255606,7609874267.886377,0,200,215,0,89.48
791,33,7,train,6.964402173851546e-11,6.464064895304017e-11,0.07184210016275183,7609874267.886377,0,200,212,0,88.13
792,33,8,train,6.464064895304017e-11,6.100787147676705e-11,0.05619958238526107,7609874267.886377,0,200,214,0,88.89
793,33,9,train,6.100787147676705e-11,5.7381772274687115e-11,0.05943657948238403,7609874267.886377,0,200,216,0,89.97
794,33,10,train,5.7381772274687115e-11,5.438500883848889e-11,0.052225006607545865,7609874267.886377,0,200,219,0,91.76
795,33,11,train,5.438500883848889e-11,5.172157181296463e-11,0.04897373527021138,7609874267.886377,0,200,225,0,93.37
796,33,12,train,5.172157181296463e-11,4.953011636123478e-11,0.04237024078956032,7609874267.886377,0,200,213,0,88.85
797,33,13,train,4.953011636123478e-11,4.7785806705138204e-11,0.03521715239622932,7609874267.886377,0,200,215,0,90.07
798,33,14,train,4.7785806705138204e-11,4.614538912889017e-11,0.034328552542185024,7609874267.886377,0,200,218,0,90.83
799,33,15,train,4.614538912889017e-11,4.457390078594836e-11,0.03405515421166864,7609874267.886377,0,200,214,0,89.26
800,33,16,train,4.457390078594836e-11,4.3067626724114935e-11,0.03379273600187726,7609874267.886377,0,200,218,0,91.24
801,33,17,train,4.3067626724114935e-11,4.175050776248286e-11,0.030582575865379096,7609874267.886377,0,200,219,0,91.24
802,33,18,train,4.175050776248286e-11,4.035345635893777e-11,0.03346190210411008,7609874267.886377,0,200,216,0,89.99
803,33,19,train,4.035345635893777e-11,3.919819264640206e-11,0.02862861863082602,7609874267.886377,0,200,223,0,93.41
804,33,20,train,3.919819264640206e-11,3.798025134652594e-11,0.031071363694313514,7609874267.886377,0,200,221,0,91.84
805,33,21,train,3.798025134652594e-11,3.6876004347621315e-11,0.02907424147432949,7609874267.886377,0,200,214,0,88.9
806,33,22,train,3.6876004347621315e-11,3.5775382121959504e-11,0.029846569473376414,7609874267.886377,0,200,220,0,91.64
807,33,23,train,3.5775382121959504e-11,3.470277389545454e-11,0.029981740596044644,7609874267.886377,0,200,215,0,89.29
808,33,24,train,3.470277389545454e-11,3.377804220021295e-11,0.026647198233415915,7609874267.886377,0,200,219,0,91.06
809,34,0,train,2.6298345858108337e-09,1.72580861016153e-10,0.9343757733101139,380252052.88403296,1,200,212,0,87.5
810,34,1,train,1.72580861016153e-10,1.297492439591729e-10,0.24818289122437048,5794385276.049836,1,200,213,0,87.92
811,34,2,train,1.297492439591729e-10,1.0859732541720394e-10,0.16302151670821796,5794385276.049836,0,200,214,0,90.14
812,34,3,train,1.0859732541720394e-10,9.620348880794309e-11,0.11412653637321922,5794385276.049836,0,200,211,0,89.2
813,34,4,train,9.620348880794309e-11,8.807527514240364e-11,0.08448980142254821,5794385276.049836,0,200,213,0,88.99
814,34,5,train,8.807527514240364e-11,8.198415007116376e-11,0.06915817249950688,5794385276.049836,0,200,222,0,92.52
815,34,6,train,8.198415007116376e-11,7.639398198168992e-11,0.06818596136718459,5794385276.049836,0,200,221,0,92.58
816,34,7,train,7.639398198168992e-11,7.186604540382812e-11,0.05927085433178569,5794385276.049836,0,200,222,0,92.3
817,34,8,train,7.186604540382812e-11,6.790378809263652e-11,0.05513392714079323,5794385276.049836,0,200,218,0,90.77
818,34,9,train,6.790378809263652e-11,6.469695770926303e-11,0.04722608964022196,5794385276.049836,0,200,223,0,93.99
819,34,10,train,6.469695770926303e-11,6.186284175296204e-11,0.043806015872292214,5794385276.049836,0,200,217,0,90.19
820,34,11,train,6.186284175296204e-11,5.915225036610156e-11,0.043816147303493244,5794385276.049836,0,200,216,0,89.8
821,34,12,train,5.915225036610156e-11,5.682146386608574e-11,0.039403175459771254,5794385276.049836,0,200,216,0,90.23
822,34,13,train,5.682146386608574e-11,5.4557538567015105e-11,0.03984278378336318,5794385276.049836,0,200,216,0,90.34
823,34,14,train,5.4557538567015105e-11,5.28020739596392e-11,0.0321763894318583,5794385276.049836,0,200,217,0,90.33
824,34,15,train,5.28020739596392e-11,5.1246328776069475e-11,0.02946371357986624,5794385276.049836,0,200,214,0,89.05
825,34,16,train,5.1246328776069475e-11,4.935144782160087e-11,0.036975935637236494,5794385276.049836,0,200,217,0,90.47
826,34,17,train,4.935144782160087e-11,4.789468449845684e-11,0.02951814764199105,5794385276.049836,0,200,217,0,89.88
827,34,18,train,4.789468449845684e-11,4.63426033866088e-11,0.032406124564784325,5794385276.049836,0,200,220,0,91.18
828,34,19,train,4.63426033866088e-11,4.4877978604809746e-11,0.03160428363466249,5794385276.049836,0,200,213,0,88.44
829,34,20,train,4.4877978604809746e-11,4.3641926136322335e-11,0.027542516550755205,5794385276.049836,0,200,210,0,87.64
830,34,21,train,4.3641926136322335e-11,4.2374489372236146e-11,0.029041723780182233,5794385276.049836,0,200,217,0,91.13
831,34,22,train,4.2374489372236146e-11,4.112563080430053e-11,0.029471943767040973,5794385276.049836,0,200,219,0,91.25
832,34,23,train,4.112563080430053e-11,4.0007234000207666e-11,0.027194641935459618,5794385276.049836,0,200,219,0,90.53
833,34,24,train,4.0007234000207666e-11,3.897720817548082e-11,0.025745989455844477,5794385276.049836,0,200,218,0,90.31
834,35,0,train,1.4421829640088848e-09,2.3806918136387473e-10,0.8349244254681072,693393296.7979778,1,200,213,0,88.46
835,35,1,train,2.3806918136387473e-10,1.7359026732945686e-10,0.27084107932418877,693393296.7979778,0,200,214,0,89.28
836,35,2,train,1.7359026732945686e-10,1.389353420761497e-10,0.19963633783416898,693393296.7979778,0,200,217,0,90.04
837,35,3,train,1.389353420761497e-10,1.1907563790507246e-10,0.14294206120853142,7197592671.934442,1,200,214,0,87.8
838,35,4,train,1.1907563790507246e-10,9.930486822533868e-11,0.16603538748618848,7197592671.934442,0,200,212,0,87.04
839,35,5,train,9.930486822533868e-11,8.678674735853094e-11,0.1260574742257562,7197592671.934442,0,200,211,0,87.47
840,35,6,train,8.678674735853094e-11,7.9107647879733e-11,0.0884823975148447,7197592671.934442,0,200,221,0,91.45
841,35,7,train,7.9107647879733e-11,7.347430655298372e-11,0.07121108360235448,7197592671.934442,0,200,213,0,87.89
842,35,8,train,7.347430655298372e-11,6.901335511136252e-11,0.06071444088287273,7197592671.934442,0,200,208,0,85.93
843,35,9,train,6.901335511136252e-11,6.493544994226298e-11,0.059088638170384226,7197592671.934442,0,200,217,0,89.45
844,35,10,train,6.493544994226298e-11,6.132387786227788e-11,0.055617880267193186,7197592671.934442,0,200,219,0,90.5
845,35,11,train,6.132387786227788e-11,5.833483555505261e-11,0.04874189975294951,7197592671.934442,0,200,218,0,90.04
846,35,12,train,5.833483555505261e-11,5.5643511910196955e-11,0.04613578866294675,7197592671.934442,0,200,217,0,90.12
847,35,13,train,5.5643511910196955e-11,5.3362537783775765e-11,0.04099263414757957,7197592671.934442,0,200,214,0,88.9
848,35,14,train,5.3362537783775765e-11,5.133269648012083e-11,0.03803869508380251,7197592671.934442,0,200,215,0,89.21
849,35,15,train,5.133269648012083e-11,4.9448075535012176e-11,0.036713850515109676,7197592671.934442,0,200,217,0,89.48
850,35,16,train,4.9448075535012176e-11,4.7749756351040645e-11,0.0343455061819144,7197592671.934442,0,200,211,0,87.66
851,35,17,train,4.7749756351040645e-11,4.637777782367325e-11,0.028732681215817176,7197592671.934442,0,200,214,0,89.76
852,35,18,train,4.637777782367325e-11,4.477597931411459e-11,0.034538060785246,7197592671.934442,0,200,219,0,92.1
853,35,19,train,4.477597931411459e-11,4.336844604421452e-11,0.031435008043618165,7197592671.934442,0,200,214,0,89.99
854,35,20,train,4.336844604421452e-11,4.210923595031361e-11,0.02903516747215554,7197592671.934442,0,200,219,0,90.9
855,35,21,train,4.210923595031361e-11,4.088470188150852e-11,0.029079940330666753,7197592671.934442,0,200,217,0,90.28
856,35,22,train,4.088470188150852e-11,3.977004571757978e-11,0.02726340446750045,7197592671.934442,0,200,220,0,90.92
857,35,23,train,3.977004571757978e-11,3.866887371533014e-11,0.02768847715362023,7197592671.934442,0,200,218,0,90.4
858,35,24,train,3.866887371533014e-11,3.7669938460075763e-11,0.025833057942371628,7197592671.934442,0,200,217,0,89.73
859,36,0,train,2.0353592514557933e-09,1.844715912614681e-10,0.9093665694989597,491313756.66715777,1,200,205,0,84.92
860,36,1,train,1.844715912614681e-10,1.3050448112375052e-10,0.29254970789093027,5420888892.223033,1,200,213,0,87.98
861,36,2,train,1.3050448112375052e-10,1.0070969815984271e-10,0.22830467358170622,5420888892.223033,0,200,212,0,88.11
862,36,3,train,1.0070969815984271e-10,8.540169124628999e-11,0.1520013185746662,5420888892.223033,0,200,211,0,87.26
863,36,4,train,8.540169124628999e-11,7.508290569311476e-11,0.12082647782017422,5420888892.223033,0,200,222,0,93.74
864,36,5,train,7.508290569311476e-11,6.776134006932219e-11,0.09751308312064935,5420888892.223033,0,200,207,0,86.74
865,36,6,train,6.776134006932219e-11,6.211589427011293e-11,0.08331366813929257,5420888892.223033,0,200,211,0,87.69
866,36,7,train,6.211589427011293e-11,5.758970011227824e-11,0.0728669241748721,5420888892.223033,0,200,216,0,90.1
867,36,8,train,5.758970011227824e-11,5.392316897509968e-11,0.06366643913807858,5420888892.223033,0,200,214,0,88.9
868,36,9,train,5.392316897509968e-11,5.0608465791890864e-11,0.06147085281170065,5420888892.223033,0,200,215,0,88.56
869,36,10,train,5.0608465791890864e-11,4.7953303759895066e-11,0.05246478015978982,5420888892.223033,0,200,218,0,90.69
870,36,11,train,4.7953303759895066e-11,4.529833744639666e-11,0.05536566003443626,5420888892.223033,0,200,216,0,90.29
871,36,12,train,4.529833744639666e-11,4.3195041828132055e-11,0.04643207095080523,5420888892.223033,0,200,222,0,91.74
872,36,13,train,4.3195041828132055e-11,4.123831849018752e-11,0.0452997208737546,5420888892.223033,0,200,219,0,90.99
873,36,14,train,4.123831849018752e-11,3.9578352840318825e-11,0.040252990680589344,5420888892.223033,0,200,220,0,91.03
874,36,15,train,3.9578352840318825e-11,3.8079616347390903e-11,0.03786758127541743,5420888892.223033,0,200,218,0,90.1
875,36,16,train,3.8079616347390903e-11,3.6826858301997024e-11,0.032898389363098586,5420888892.223033,0,200,220,0,90.68
876,36,17,train,3.6826858301997024e-11,3.562688650746254e-11,0.032584147816633414,5420888892.223033,0,200,222,0,91.69
877,36,18,train,3.562688650746254e-11,3.444395201402688e-11,0.033203420489406915,5420888892.223033,0,200,220,0,90.82
878,36,19,train,3.444395201402688e-11,3.352264598004604e-11,0.026747976933821454,5420888892.223033,0,200,219,0,90.46
879,36,20,train,3.352264598004604e-11,3.257710394948369e-11,0.028206067955529768,5420888892.223033,0,200,217,0,89.62
880,36,21,train,3.257710394948369e-11,3.1699899872750255e-11,0.026927012238217713,5420888892.223033,0,200,220,0,90.87
881,36,22,train,3.1699899872750255e-11,3.086086180111906e-11,0.026468161571464238,5420888892.223033,0,200,217,0,89.53
882,36,23,train,3.086086180111906e-11,3.007437182306347e-11,0.025485029650956524,5420888892.223033,0,200,216,0,88.85
883,36,24,train,3.007437182306347e-11,2.936966153712022e-11,0.023432252885921365,5420888892.223033,0,200,216,0,89.29
884,37,0,train,2.9513437805177627e-09,2.3015999978929573e-10,0.9220151846394127,338828707.99435204,1,200,213,0,88.03
885,37,1,train,2.3015999978929573e-10,1.7805439165053746e-10,0.2263886348038726,4344803618.854139,1,200,216,0,88.79
886,37,2,train,1.7805439165053746e-10,1.3911075960818054e-10,0.21871761590014882,4344803618.854139,0,200,215,0,89.98
887,37,3,train,1.3911075960818054e-10,1.1703628457727567e-10,0.15868272945299025,4344803618.854139,0,200,212,0,88.83
888,37,4,train,1.1703628457727567e-10,1.0567889453371996e-10,0.09704161478277917,4344803618.854139,0,200,221,0,92.88
889,37,5,train,1.0567889453371996e-10,9.516242245438247e-11,0.09951345654909267,4344803618.854139,0,200,217,0,91.23
890,37,6,train,9.516242245438247e-11,8.690370680269034e-11,0.08678547097359855,4344803618.854139,0,200,211,0,87.54
891,37,7,train,8.690370680269034e-11,8.034251606637877e-11,0.07549954976268572,4344803618.854139,0,200,218,0,90.04
892,37,8,train,8.034251606637877e-11,7.502124359483896e-11,0.06623233540686467,4344803618.854139,0,200,218,0,90.37
893,37,9,train,7.502124359483896e-11,7.064179248937766e-11,0.05837614648342866,4344803618.854139,0,200,219,0,91.12
894,37,10,train,7.064179248937766e-11,6.666237734594089e-11,0.05633230702682331,4344803618.854139,0,200,214,0,90.17
895,37,11,train,6.666237734594089e-11,6.330969259784616e-11,0.050293507096156376,4344803618.854139,0,200,218,0,91.25
896,37,12,train,6.330969259784616e-11,6.041067023837571e-11,0.04579112992832759,4344803618.854139,0,200,219,0,91.94
897,37,13,train,6.041067023837571e-11,5.773128913129998e-11,0.04435277901243444,4344803618.854139,0,200,217,0,90.09
898,37,14,train,5.773128913129998e-11,5.5406964787015486e-11,0.040261085093703936,4344803618.854139,0,200,218,0,89.9
899,37,15,train,5.5406964787015486e-11,5.3334096883771545e-11,0.037411684816377334,4344803618.854139,0,200,222,0,91.28
900,37,16,train,5.3334096883771545e-11,5.122532562213677e-11,0.03953889509426433,4344803618.854139,0,200,221,0,90.57
901,37,17,train,5.122532562213677e-11,4.9429641557874804e-11,0.03505461492832311,4344803618.854139,0,200,221,0,90.96
902,37,18,train,4.9429641557874804e-11,4.799650303267504e-11,0.028993504302914426,4344803618.854139,0,200,224,0,92.79
903,37,19,train,4.799650303267504e-11,4.659927675166797e-11,0.029111001692266446,4344803618.854139,0,200,217,0,89.83
904,37,20,train,4.659927675166797e-11,4.537726889812495e-11,0.026223751498445275,4344803618.854139,0,200,219,0,90.84
905,37,21,train,4.537726889812495e-11,4.4217924492515965e-11,0.025549012396752908,4344803618.854139,0,200,218,0,89.92
906,37,22,train,4.4217924492515965e-11,4.29662600758257e-11,0.02830672020578693,4344803618.854139,0,200,215,0,88.56
907,37,23,train,4.29662600758257e-11,4.197207243445575e-11,0.02313879866703404,4344803618.854139,0,200,217,0,89.59
908,37,24,train,4.197207243445575e-11,4.090912633298722e-11,0.02532508022157929,4344803618.854139,0,200,217,0,89.84
909,38,0,train,1.391977014771002e-09,1.87604080475148e-10,0.8652247282215279,718402667.1334891,1,200,207,0,85.21
910,38,1,train,1.87604080475148e-10,1.3923408647921412e-10,0.2578301808437556,718402667.1334891,0,200,210,0,86.54
911,38,2,train,1.3923408647921412e-10,1.140407310315827e-10,0.180942440782218,718402667.1334891,0,200,209,0,86.21
912,38,3,train,1.140407310315827e-10,1.0371162606769851e-10,0.09057382279515228,8768796823.330235,1,200,214,0,87.29
913,38,4,train,1.0371162606769851e-10,9.055724328521681e-11,0.12683614442507224,8768796823.330235,0,200,215,0,88.55
914,38,5,train,9.055724328521681e-11,8.113881082304069e-11,0.10400529124447906,8768796823.330235,0,200,212,0,87.61
915,38,6,train,8.113881082304069e-11,7.408454717173686e-11,0.0869406832531573,8768796823.330235,0,200,217,0,89.64
916,38,7,train,7.408454717173686e-11,6.914385890493784e-11,0.06668986253430038,8768796823.330235,0,200,211,0,86.92
917,38,8,train,6.914385890493784e-11,6.474053149693981e-11,0.06368356463951379,8768796823.330235,0,200,220,0,90.75
918,38,9,train,6.474053149693981e-11,6.084688801939061e-11,0.060142284709745385,8768796823.330235,0,200,215,0,89.96
919,38,10,train,6.084688801939061e-11,5.772898911467636e-11,0.05124171516743216,8768796823.330235,0,200,210,0,86.83
920,38,11,train,5.772898911467636e-11,5.497578293606531e-11,0.0476919173682725,8768796823.330235,0,200,218,0,91.58
921,38,12,train,5.497578293606531e-11,5.266635874711879e-11,0.04200802727325032,8768796823.330235,0,200,215,0,90.11
922,38,13,train,5.266635874711879e-11,5.049527805795758e-11,0.04122329207503801,8768796823.330235,0,200,217,0,89.14
923,38,14,train,5.049527805795758e-11,4.853235063899013e-11,0.03887348469919176,8768796823.330235,0,200,213,0,86.93
924,38,15,train,4.853235063899013e-11,4.663976573524803e-11,0.038996357662957074,8768796823.330235,0,200,220,0,90.07
925,38,16,train,4.663976573524803e-11,4.488403870879647e-11,0.03764442206716892,8768796823.330235,0,200,221,0,90.69
926,38,17,train,4.488403870879647e-11,4.305728622368095e-11,0.04069937861357186,8768796823.330235,0,200,214,0,88.47
927,38,18,train,4.305728622368095e-11,4.147666167068377e-11,0.03670980434730353,8768796823.330235,0,200,215,0,89.47
928,38,19,train,4.147666167068377e-11,3.99728392843935e-11,0.03625707387519075,8768796823.330235,0,200,216,0,90.62
929,38,20,train,3.99728392843935e-11,3.870506056927957e-11,0.031716003611704985,8768796823.330235,0,200,224,0,92.51
930,38,21,train,3.870506056927957e-11,3.764085150672111e-11,0.027495346781684943,8768796823.330235,0,200,218,0,90.01
931,38,22,train,3.764085150672111e-11,3.66314151929921e-11,0.026817573814682773,8768796823.330235,0,200,223,0,93.67
932,38,23,train,3.66314151929921e-11,3.57724748133883e-11,0.023448189895980943,8768796823.330235,0,200,216,0,90.68
933,38,24,train,3.57724748133883e-11,3.493452552110847e-11,0.023424414907022933,8768796823.330235,0,200,225,0,92.73
934,39,0,train,3.792084865085447e-09,2.1235461383882715e-10,0.944000563965743,263707178.39339992,1,200,217,0,88.91
935,39,1,train,2.1235461383882715e-10,1.3681649008377923e-10,0.3557168944413886,4709104181.550676,1,200,215,0,88.12
936,39,2,train,1.3681649008377923e-10,1.052290469064323e-10,0.2308745324339518,4709104181.550676,0,200,215,0,88.37
937,39,3,train,1.052290469064323e-10,8.540328097358918e-11,0.18840583009814596,4709104181.550676,0,200,213,0,88.37
938,39,4,train,8.540328097358918e-11,7.570597579343565e-11,0.11354722054709357,4709104181.550676,0,200,214,0,88.28
939,39,5,train,7.570597579343565e-11,6.829188847167673e-11,0.09793265649185094,4709104181.550676,0,200,216,0,88.88
940,39,6,train,6.829188847167673e-11,6.222281348139552e-11,0.08886963190069475,4709104181.550676,0,200,214,0,87.68
941,39,7,train,6.222281348139552e-11,5.7515232082577013e-11,0.07565683927529356,4709104181.550676,0,200,219,0,90.18
942,39,8,train,5.7515232082577013e-11,5.3756093983541094e-11,0.06535900078850014,4709104181.550676,0,200,218,0,88.93
943,39,9,train,5.3756093983541094e-11,5.019231802951132e-11,0.06629529212299022,4709104181.550676,0,200,210,0,86.32
944,39,10,train,5.019231802951132e-11,4.7468201263740154e-11,0.05427357955792121,4709104181.550676,0,200,215,0,88.51
945,39,11,train,4.7468201263740154e-11,4.5273141027923905e-11,0.046242751513169394,4709104181.550676,0,200,214,0,87.84
946,39,12,train,4.5273141027923905e-11,4.337989202538463e-11,0.04181837088289379,4709104181.550676,0,200,216,0,88.7
947,39,13,train,4.337989202538463e-11,4.135423735678414e-11,0.046695705637421515,4709104181.550676,0,200,210,0,85.96
948,39,14,train,4.135423735678414e-11,3.9703715205407676e-11,0.03991180243844335,4709104181.550676,0,200,214,0,87.78
949,39,15,train,3.9703715205407676e-11,3.8262445209788476e-11,0.03630063303050536,4709104181.550676,0,200,215,0,87.9
950,39,16,train,3.8262445209788476e-11,3.6766321204473505e-11,0.03910163077952545,4709104181.550676,0,200,218,0,89.7
951,39,17,train,3.6766321204473505e-11,3.536640334456443e-11,0.0380760928493096,4709104181.550676,0,200,213,0,87.37
952,39,18,train,3.536640334456443e-11,3.418144218593231e-11,0.033505277511184636,4709104181.550676,0,200,218,0,90.07
953,39,19,train,3.418144218593231e-11,3.307595340919511e-11,0.03234178273473134,4709104181.550676,0,200,215,0,87.92
954,39,20,train,3.307595340919511e-11,3.2047959822278856e-11,0.031079787004128202,4709104181.550676,0,200,215,0,88.58
955,39,21,train,3.2047959822278856e-11,3.1094041567212214e-11,0.029765334840550575,4709104181.550676,0,200,218,0,90.84
956,39,22,train,3.1094041567212214e-11,3.0236323665280546e-11,0.02758463868640698,4709104181.550676,0,200,215,0,88.89
957,39,23,train,3.0236323665280546e-11,2.9407626391460573e-11,0.027407342340746942,4709104181.550676,0,200,218,0,89.7
958,39,24,train,2.9407626391460573e-11,2.8603916312978676e-11,0.027329988071233106,4709104181.550676,0,200,221,0,90.69
959,40,0,train,6.200034361314044e-10,1.293417647693167e-10,0.7913854065449021,1612894286.9085302,1,200,212,0,85.99
960,40,1,train,1.293417647693167e-10,8.97249448846367e-11,0.3062956497875012,1612894286.9085302,0,200,212,0,86.81
961,40,2,train,8.97249448846367e-11,7.277417148525219e-11,0.18891929575636818,1612894286.9085302,0,200,212,0,86.93
962,40,3,train,7.277417148525219e-11,6.352932197674794e-11,0.12703476136966724,1612894286.9085302,0,200,214,0,87.62
963,40,4,train,6.352932197674794e-11,5.689397603192017e-11,0.10444540785837977,1612894286.9085302,0,200,217,0,89.18
964,40,5,train,5.689397603192017e-11,5.3397386140430996e-11,0.06145799846239295,17576553261.789146,1,200,210,0,85.45
965,40,6,train,5.3397386140430996e-11,4.9688656161169575e-11,0.06945527201477145,17576553261.789146,0,200,215,0,87.56
966,40,7,train,4.9688656161169575e-11,4.586893894179556e-11,0.07687302323058251,17576553261.789146,0,200,214,0,86.75
967,40,8,train,4.586893894179556e-11,4.263401011799766e-11,0.0705254775547086,17576553261.789146,0,200,211,0,85.73
968,40,9,train,4.263401011799766e-11,4.0086113071278275e-11,0.05976207820159531,17576553261.789146,0,200,210,0,84.5
969,40,10,train,4.0086113071278275e-11,3.800768910293846e-11,0.05184897734145756,17576553261.789146,0,200,218,0,88.28
970,40,11,train,3.800768910293846e-11,3.640368000859361e-11,0.04220222623902816,17576553261.789146,0,200,208,0,84.06
971,40,12,train,3.640368000859361e-11,3.504983913061068e-11,0.03718967087017938,17576553261.789146,0,200,216,0,87.21
972,40,13,train,3.504983913061068e-11,3.3822895032734926e-11,0.03500569840859009,17576553261.789146,0,200,217,0,88.28
973,40,14,train,3.3822895032734926e-11,3.2633270949241415e-11,0.03517215431565374,17576553261.789146,0,200,220,0,89.16
974,40,15,train,3.2633270949241415e-11,3.149582782632573e-11,0.03485532065372458,17576553261.789146,0,200,221,0,89.47
975,40,16,train,3.149582782632573e-11,3.04338427343315e-11,0.033718278428820046,17576553261.789146,0,200,212,0,86.26
976,40,17,train,3.04338427343315e-11,2.9516735406636536e-11,0.03013445708124149,17576553261.789146,0,200,214,0,86.81
977,40,18,train,2.9516735406636536e-11,2.8729413971453417e-11,0.026673730151271998,17576553261.789146,0,200,213,0,86.32
978,40,19,train,2.8729413971453417e-11,2.7986229424582602e-11,0.025868419996637238,17576553261.789146,0,200,220,0,89.54
979,40,20,train,2.7986229424582602e-11,2.7198880835265428e-11,0.02813342867208763,17576553261.789146,0,200,219,0,89.67
980,40,21,train,2.7198880835265428e-11,2.646228917724392e-11,0.027081689959333174,17576553261.789146,0,200,224,0,91.87
981,40,22,train,2.646228917724392e-11,2.5798085637637694e-11,0.025100003070686855,17576553261.789146,0,200,223,0,90.45
982,40,23,train,2.5798085637637694e-11,2.51576280335483e-11,0.02482578021816503,17576553261.789146,0,200,217,0,88.27
983,40,24,train,2.51576280335483e-11,2.4567982089569838e-11,0.02343805795968349,17576553261.789146,0,200,218,0,88.09
984,41,0,train,7.11203764109261e-10,1.2514186103434007e-10,0.8240421840412043,1406066798.9467666,1,200,210,0,85.19
985,41,1,train,1.2514186103434007e-10,9.113871317927058e-11,0.27171681461360647,1406066798.9467666,0,200,213,0,86.52
986,41,2,train,9.113871317927058e-11,7.828298068625122e-11,0.1410567698902226,1406066798.9467666,0,200,212,0,86.39
987,41,3,train,7.828298068625122e-11,7.028913637904961e-11,0.10211471557579,1406066798.9467666,0,200,224,0,90.76
988,41,4,train,7.028913637904961e-11,6.591891397539002e-11,0.062174933834614365,14226949590.151176,1,200,218,0,87.81
989,41,5,train,6.591891397539002e-11,6.186598108427319e-11,0.061483611405217305,14226949590.151176,0,200,211,0,85.79
990,41,6,train,6.186598108427319e-11,5.7419928573130916e-11,0.07186586930684744,14226949590.151176,0,200,213,0,87.28
991,41,7,train,5.7419928573130916e-11,5.373401650123934e-11,0.06419220928143682,14226949590.151176,0,200,211,0,85.84
992,41,8,train,5.373401650123934e-11,5.068517950280485e-11,0.05673942126332908,14226949590.151176,0,200,213,0,87.63
993,41,9,train,5.068517950280485e-11,4.8161921462384135e-11,0.049782955593184366,14226949590.151176,0,200,214,0,87.09
994,41,10,train,4.8161921462384135e-11,4.607245139815192e-11,0.043384275394081885,14226949590.151176,0,200,217,0,88.19
995,41,11,train,4.607245139815192e-11,4.3854495824354427e-11,0.04814060260501919,14226949590.151176,0,200,219,0,88.81
996,41,12,train,4.3854495824354427e-11,4.217813995262689e-11,0.03822540517719459,14226949590.151176,0,200,216,0,87.58
997,41,13,train,4.217813995262689e-11,4.0537113326210647e-11,0.0389070411416765,14226949590.151176,0,200,218,0,88.9
998,41,14,train,4.0537113326210647e-11,3.8983360327899835e-11,0.03832914755935964,14226949590.151176,0,200,217,0,88.54
999,41,15,train,3.8983360327899835e-11,3.767068768961517e-11,0.03367263948626826,14226949590.151176,0,200,217,0,88.1
1000,41,16,train,3.767068768961517e-11,3.653117253673101e-11,0.03024938547108858,14226949590.151176,0,200,217,0,88.04
1001,41,17,train,3.653117253673101e-11,3.5356528950582034e-11,0.03215455471537102,14226949590.151176,0,200,217,0,88.2
1002,41,18,train,3.5356528950582034e-11,3.428313788910639e-11,0.030359062196855583,14226949590.151176,0,200,217,0,88.31
1003,41,19,train,3.428313788910639e-11,3.314603699175358e-11,0.033167935240669036,14226949590.151176,0,200,216,0,88.14
1004,41,20,train,3.314603699175358e-11,3.214557703126516e-11,0.03018339600409327,14226949590.151176,0,200,218,0,88.3
1005,41,21,train,3.214557703126516e-11,3.1310131023519715e-11,0.025989454379147674,14226949590.151176,0,200,217,0,88.62
1006,41,22,train,3.1310131023519715e-11,3.049219523206638e-11,0.026123678333984508,14226949590.151176,0,200,221,0,89.72
1007,41,23,train,3.049219523206638e-11,2.9709199062734014e-11,0.025678576546333546,14226949590.151176,0,200,219,0,89.36
1008,41,24,train,2.9709199062734014e-11,2.8965186653656022e-11,0.02504316617580076,14226949590.151176,0,200,217,0,88.1
1009,42,0,train,1.9106017996888558e-09,1.6340360127842848e-10,0.9144753232698519,523395298.8858544,1,200,212,0,86.05
1010,42,1,train,1.6340360127842848e-10,1.0757741014414017e-10,0.34164602675533645,6119816161.799695,1,200,213,0,85.95
1011,42,2,train,1.0757741014414017e-10,8.699796455134997e-11,0.19129894989307084,6119816161.799695,0,200,213,0,86.17
1012,42,3,train,8.699796455134997e-11,7.483281105800935e-11,0.13983262201680843,6119816161.799695,0,200,216,0,87.88
1013,42,4,train,7.483281105800935e-11,6.735987838883195e-11,0.09986171257664626,6119816161.799695,0,200,216,0,88.46
1014,42,5,train,6.735987838883195e-11,6.19620566808617e-11,0.08013407739265135,6119816161.799695,0,200,216,0,88.1
1015,42,6,train,6.19620566808617e-11,5.797286607256145e-11,0.06438118458279649,6119816161.799695,0,200,214,0,87.29
1016,42,7,train,5.797286607256145e-11,5.483615081148457e-11,0.054106610101884944,6119816161.799695,0,200,219,0,89.44
1017,42,8,train,5.483615081148457e-11,5.191379283819136e-11,0.053292543879304724,6119816161.799695,0,200,218,0,89.11
1018,42,9,train,5.191379283819136e-11,4.923958137018928e-11,0.05151254265580742,6119816161.799695,0,200,216,0,87.92
1019,42,10,train,4.923958137018928e-11,4.715779349961505e-11,0.04227874836959089,6119816161.799695,0,200,223,0,91.3
1020,42,11,train,4.715779349961505e-11,4.521258270109332e-11,0.04124897825292883,6119816161.799695,0,200,217,0,89.01
1021,42,12,train,4.521258270109332e-11,4.356265030917351e-11,0.03649277022787536,6119816161.799695,0,200,218,0,89.62
1022,42,13,train,4.356265030917351e-11,4.175067788056331e-11,0.04159463246038156,6119816161.799695,0,200,217,0,88.43
1023,42,14,train,4.175067788056331e-11,4.0201329507577694e-11,0.03710953813535328,6119816161.799695,0,200,218,0,89.35
1024,42,15,train,4.0201329507577694e-11,3.875752267456068e-11,0.03591440508814184,6119816161.799695,0,200,219,0,89.09
1025,42,16,train,3.875752267456068e-11,3.744979000774435e-11,0.033741389453528954,6119816161.799695,0,200,217,0,89.03
1026,42,17,train,3.744979000774435e-11,3.619356171713204e-11,0.033544334703947076,6119816161.799695,0,200,219,0,88.97
1027,42,18,train,3.619356171713204e-11,3.488672166540158e-11,0.03610697565340391,6119816161.799695,0,200,220,0,89.23
1028,42,19,train,3.488672166540158e-11,3.373527277808912e-11,0.033005362279551614,6119816161.799695,0,200,219,0,89.38
1029,42,20,train,3.373527277808912e-11,3.272494426505974e-11,0.029948728136135926,6119816161.799695,0,200,223,0,90.87
1030,42,21,train,3.272494426505974e-11,3.1761791481790393e-11,0.029431762372707886,6119816161.799695,0,200,217,0,87.96
1031,42,22,train,3.1761791481790393e-11,3.085956416696963e-11,0.028406058749489222,6119816161.799695,0,200,219,0,89.4
1032,42,23,train,3.085956416696963e-11,3.013523687627672e-11,0.023471727817471623,6119816161.799695,0,200,214,0,88.32
1033,42,24,train,3.013523687627672e-11,2.936301284019985e-11,0.02562528508560632,6119816161.799695,0,200,216,0,89.14
1034,43,0,train,8.991828996370081e-10,1.6789341705441282e-10,0.8132822397732543,1112120793.671333,1,200,215,0,87.62
1035,43,1,train,1.6789341705441282e-10,1.229581422558998e-10,0.2676416716442782,1112120793.671333,0,200,214,0,86.85
1036,43,2,train,1.229581422558998e-10,9.938354233490434e-11,0.19172866057078305,1112120793.671333,0,200,215,0,86.33
1037,43,3,train,9.938354233490434e-11,8.426448007632339e-11,0.1521284299530447,1112120793.671333,0,200,216,0,87.06
1038,43,4,train,8.426448007632339e-11,7.57473828941002e-11,0.10107576970164356,11867396548.275621,1,200,218,0,88.39
1039,43,5,train,7.57473828941002e-11,6.693015293844526e-11,0.11640309696220126,11867396548.275621,0,200,216,0,88.49
1040,43,6,train,6.693015293844526e-11,5.942074191904814e-11,0.11219772687959381,11867396548.275621,0,200,208,0,84.72
1041,43,7,train,5.942074191904814e-11,5.3955256964208434e-11,0.09197941288389852,11867396548.275621,0,200,218,0,89.07
1042,43,8,train,5.3955256964208434e-11,4.9715005314873586e-11,0.07858829496721044,11867396548.275621,0,200,210,0,86.32
1043,43,9,train,4.9715005314873586e-11,4.713950118876589e-11,0.05180536761075556,11867396548.275621,0,200,212,0,86.2
1044,43,10,train,4.713950118876589e-11,4.460382173742077e-11,0.05379096908962235,11867396548.275621,0,200,211,0,84.07
1045,43,11,train,4.460382173742077e-11,4.2061015317206044e-11,0.0570087118360402,11867396548.275621,0,200,213,0,86.45
1046,43,12,train,4.2061015317206044e-11,4.038129056453753e-11,0.039935430469301696,11867396548.275621,0,200,213,0,87.57
1047,43,13,train,4.038129056453753e-11,3.8813536625897376e-11,0.03882377003613994,11867396548.275621,0,200,218,0,88.71
1048,43,14,train,3.8813536625897376e-11,3.709394999682963e-11,0.044303786218759494,11867396548.275621,0,200,214,0,87.47
1049,43,15,train,3.709394999682963e-11,3.5737047996575776e-11,0.036580143133039866,11867396548.275621,0,200,219,0,89.48
1050,43,16,train,3.5737047996575776e-11,3.430427369628928e-11,0.04009212793467936,11867396548.275621,0,200,225,0,91.92
1051,43,17,train,3.430427369628928e-11,3.3057786174906954e-11,0.03633621665970913,11867396548.275621,0,200,218,0,89.27
1052,43,18,train,3.3057786174906954e-11,3.203062260980183e-11,0.031071759000147806,11867396548.275621,0,200,218,0,89.28
1053,43,19,train,3.203062260980183e-11,3.115853978502111e-11,0.02722653366450159,11867396548.275621,0,200,211,0,86.27
1054,43,20,train,3.115853978502111e-11,3.0197179367835576e-11,0.03085383409551471,11867396548.275621,0,200,218,0,89.18
1055,43,21,train,3.0197179367835576e-11,2.929619042153991e-11,0.029836857784649676,11867396548.275621,0,200,216,0,87.6
1056,43,22,train,2.929619042153991e-11,2.847721698768122e-11,0.027954946430732572,11867396548.275621,0,200,214,0,86.37
1057,43,23,train,2.847721698768122e-11,2.7729344615125916e-11,0.02626212992929828,11867396548.275621,0,200,221,0,90.6
1058,43,24,train,2.7729344615125916e-11,2.6996419861194287e-11,0.026431376727592396,11867396548.275621,0,200,217,0,89.44
1059,44,0,train,2.0755602680571488e-09,2.3143059886675807e-10,0.8884972879716033,481797621.2929057,1,200,213,0,86.7
1060,44,1,train,2.3143059886675807e-10,1.4776378130676546e-10,0.36152011864326655,481797621.2929057,0,200,208,0,84.79
1061,44,2,train,1.4776378130676546e-10,1.204112455156467e-10,0.18510987976365761,6767558268.720445,1,200,211,0,85.93
1062,44,3,train,1.204112455156467e-10,9.739886186967164e-11,0.19111490415556528,6767558268.720445,0,200,212,0,85.66
1063,44,4,train,9.739886186967164e-11,8.577485858906486e-11,0.11934434404542356,6767558268.720445,0,200,212,0,85.95
1064,44,5,train,8.577485858906486e-11,7.797320603861468e-11,0.09095500335158566,6767558268.720445,0,200,216,0,87.54
1065,44,6,train,7.797320603861468e-11,7.194191470450001e-11,0.07735081883291797,6767558268.720445,0,200,220,0,89.4
1066,44,7,train,7.194191470450001e-11,6.744964759919209e-11,0.062442973943073674,6767558268.720445,0,200,218,0,89.34
1067,44,8,train,6.744964759919209e-11,6.378600266388571e-11,0.05431673945988508,6767558268.720445,0,200,217,0,88.59
1068,44,9,train,6.378600266388571e-11,6.011827678207997e-11,0.057500481745697045,6767558268.720445,0,200,219,0,89.68
1069,44,10,train,6.011827678207997e-11,5.722076966383499e-11,0.04819677597792798,6767558268.720445,0,200,220,0,90.22
1070,44,11,train,5.722076966383499e-11,5.4993122745158716e-11,0.03893074021484554,6767558268.720445,0,200,222,0,90.88
1071,44,12,train,5.4993122745158716e-11,5.2717633867523203e-11,0.04137769895665424,6767558268.720445,0,200,214,0,87.7
1072,44,13,train,5.2717633867523203e-11,5.0688657735534205e-11,0.038487617579493705,6767558268.720445,0,200,218,0,89.45
1073,44,14,train,5.0688657735534205e-11,4.9094469949405224e-11,0.03145058199107548,6767558268.720445,0,200,221,0,90.03
1074,44,15,train,4.9094469949405224e-11,4.757277242672119e-11,0.030995293853915352,6767558268.720445,0,200,220,0,90.34
1075,44,16,train,4.757277242672119e-11,4.615684606921798e-11,0.029763376933396805,6767558268.720445,0,200,222,0,91.57
1076,44,17,train,4.615684606921798e-11,4.484546326412905e-11,0.02841144741827359,6767558268.720445,0,200,217,0,89.01
1077,44,18,train,4.484546326412905e-11,4.367560260668226e-11,0.02608648840478216,6767558268.720445,0,200,219,0,89.71
1078,44,19,train,4.367560260668226e-11,4.2674775599050594e-11,0.022915013140048658,6767558268.720445,0,200,215,0,87.43
1079,44,20,train,4.2674775599050594e-11,4.1605052710590764e-11,0.02506686616258688,6767558268.720445,0,200,218,0,89.16
1080,44,21,train,4.1605052710590764e-11,4.0597764778735826e-11,0.024210711589809586,6767558268.720445,0,200,215,0,89.03
1081,44,22,train,4.0597764778735826e-11,3.962107151655191e-11,0.02405780878595274,6767558268.720445,0,200,216,0,89.44
1082,44,23,train,3.962107151655191e-11,3.860431455575081e-11,0.025662025833308077,6767558268.720445,0,200,218,0,89.71
1083,44,24,train,3.860431455575081e-11,3.772565329990911e-11,0.022760700868623706,6767558268.720445,0,200,218,0,89.23
1084,45,0,train,1.5763936516431416e-08,1.5731849129720875e-10,0.9900203549327143,63435931.68861457,1,200,210,0,85.13
1085,45,1,train,1.5731849129720875e-10,1.1137709365416143e-10,0.29202795719833124,6356531846.665012,1,200,215,0,86.64
1086,45,2,train,1.1137709365416143e-10,9.056033470264855e-11,0.18690341315738843,6356531846.665012,0,200,213,0,87.23
1087,45,3,train,9.056033470264855e-11,7.670945157823505e-11,0.15294646568933692,6356531846.665012,0,200,211,0,86.88
1088,45,4,train,7.670945157823505e-11,6.694297240033615e-11,0.12731780734917897,6356531846.665012,0,200,219,0,90.01
1089,45,5,train,6.694297240033615e-11,6.015353857665977e-11,0.10142115864042937,6356531846.665012,0,200,213,0,86.46
1090,45,6,train,6.015353857665977e-11,5.565960223391433e-11,0.07470776365081765,6356531846.665012,0,200,217,0,89.39
1091,45,7,train,5.565960223391433e-11,5.219355603819684e-11,0.06227220563221284,6356531846.665012,0,200,219,0,89.44
1092,45,8,train,5.219355603819684e-11,4.919189323140857e-11,0.057510218399213144,6356531846.665012,0,200,216,0,88.66
1093,45,9,train,4.919189323140857e-11,4.6239735498948427e-11,0.06001309440505982,6356531846.665012,0,200,214,0,87.83
1094,45,10,train,4.6239735498948427e-11,4.371652049566214e-11,0.05456811065330748,6356531846.665012,0,200,215,0,87.42
1095,45,11,train,4.371652049566214e-11,4.1445138024130107e-11,0.05195707356804425,6356531846.665012,0,200,221,0,89.75
1096,45,12,train,4.1445138024130107e-11,3.974149319459301e-11,0.041106023788488856,6356531846.665012,0,200,216,0,88.41
1097,45,13,train,3.974149319459301e-11,3.8030562659004575e-11,0.04305149097470787,6356531846.665012,0,200,215,0,88.35
1098,45,14,train,3.8030562659004575e-11,3.676091162113292e-11,0.03338501849830078,6356531846.665012,0,200,210,0,85.35
1099,45,15,train,3.676091162113292e-11,3.5555231478937333e-11,0.03279788473750667,6356531846.665012,0,200,218,0,89.13
1100,45,16,train,3.5555231478937333e-11,3.4483486219797175e-11,0.03014311015736328,6356531846.665012,0,200,216,0,88.59
1101,45,17,train,3.4483486219797175e-11,3.343248318190371e-11,0.03047844499231856,6356531846.665012,0,200,217,0,88.97
1102,45,18,train,3.343248318190371e-11,3.25511237529133e-11,0.02636236812548434,6356531846.665012,0,200,218,0,89.17
1103,45,19,train,3.25511237529133e-11,3.179151924406055e-11,0.023335738410099224,6356531846.665012,0,200,221,0,90.24
1104,45,20,train,3.179151924406055e-11,3.0978227504124303e-11,0.0255820344316571,6356531846.665012,0,200,215,0,86.83
1105,45,21,train,3.0978227504124303e-11,3.0212900786765484e-11,0.02470531011682083,6356531846.665012,0,200,217,0,87.84
1106,45,22,train,3.0212900786765484e-11,2.9475249393339395e-11,0.02441511322041646,6356531846.665012,0,200,218,0,89.07
1107,45,23,train,2.9475249393339395e-11,2.8880424627302735e-11,0.020180482889182075,6356531846.665012,0,200,217,0,88.88
1108,45,24,train,2.8880424627302735e-11,2.82914019163788e-11,0.020395223357176286,6356531846.665012,0,200,214,0,87.42
1109,46,0,train,3.899454528925977e-09,2.5056722645712403e-10,0.9357430059516202,256446124.08788085,1,200,212,0,85.65
1110,46,1,train,2.5056722645712403e-10,1.723099986321079e-10,0.31232028598284045,3990944921.805708,1,200,215,0,86.78
1111,46,2,train,1.723099986321079e-10,1.33187167124656e-10,0.22704910810765824,3990944921.805708,0,200,210,0,85.69
1112,46,3,train,1.33187167124656e-10,1.1279323826273596e-10,0.15312232628863126,3990944921.805708,0,200,211,0,86.76
1113,46,4,train,1.1279323826273596e-10,1.0104416379477714e-10,0.10416470569442292,3990944921.805708,0,200,216,0,89.1
1114,46,5,train,1.0104416379477714e-10,9.157840134077478e-11,0.09367945756102773,3990944921.805708,0,200,215,0,87.72
1115,46,6,train,9.157840134077478e-11,8.390019976281224e-11,0.08384293092637624,3990944921.805708,0,200,214,0,87.54
1116,46,7,train,8.390019976281224e-11,7.826970181508377e-11,0.06710947010431456,3990944921.805708,0,200,217,0,89.29
1117,46,8,train,7.826970181508377e-11,7.309976653933192e-11,0.06605282958616722,3990944921.805708,0,200,216,0,88.16
1118,46,9,train,7.309976653933192e-11,6.832103089276301e-11,0.0653727894465665,3990944921.805708,0,200,217,0,88.31
1119,46,10,train,6.832103089276301e-11,6.434480702793912e-11,0.0581991198444442,3990944921.805708,0,200,220,0,89.66
1120,46,11,train,6.434480702793912e-11,6.102168037995961e-11,0.051645607493027004,3990944921.805708,0,200,223,0,90.47
1121,46,12,train,6.102168037995961e-11,5.8042473302246006e-11,0.04882210812883513,3990944921.805708,0,200,221,0,89.66
1122,46,13,train,5.8042473302246006e-11,5.5442018793046474e-11,0.0448026136939086,3990944921.805708,0,200,213,0,87.51
1123,46,14,train,5.5442018793046474e-11,5.2833618086607905e-11,0.04704736160808261,3990944921.805708,0,200,219,0,89.88
1124,46,15,train,5.2833618086607905e-11,5.10244075287669e-11,0.03424354839517598,3990944921.805708,0,200,217,0,88.52
1125,46,16,train,5.10244075287669e-11,4.941555239180568e-11,0.03153108903918527,3990944921.805708,0,200,217,0,88.68
1126,46,17,train,4.941555239180568e-11,4.769177051530937e-11,0.03488338778101269,3990944921.805708,0,200,218,0,88.92
1127,46,18,train,4.769177051530937e-11,4.6311103025694385e-11,0.02894980569387298,3990944921.805708,0,200,221,0,90.61
1128,46,19,train,4.6311103025694385e-11,4.5011735815885165e-11,0.02805735827730777,3990944921.805708,0,200,216,0,88.78
1129,46,20,train,4.5011735815885165e-11,4.380774349104888e-11,0.02674840912070276,3990944921.805708,0,200,218,0,89.2
1130,46,21,train,4.380774349104888e-11,4.2602214010306585e-11,0.027518639050391102,3990944921.805708,0,200,216,0,88.92
1131,46,22,train,4.2602214010306585e-11,4.138747888634842e-11,0.02851342711118935,3990944921.805708,0,200,220,0,90.05
1132,46,23,train,4.138747888634842e-11,4.028025232405001e-11,0.026752694101974596,3990944921.805708,0,200,216,0,88.04
1133,46,24,train,4.028025232405001e-11,3.925474321425617e-11,0.025459351682897424,3990944921.805708,0,200,216,0,88.07
1134,47,0,train,7.803919153301524e-09,1.7150719960356893e-10,0.9780229399825329,128140743.1773483,1,200,211,0,86.52
1135,47,1,train,1.7150719960356893e-10,1.3537725754627909e-10,0.21066137247184116,5830659017.880616,1,200,212,0,86.74
1136,47,2,train,1.3537725754627909e-10,1.1334999454750109e-10,0.1627102173439133,5830659017.880616,0,200,215,0,88.35
1137,47,3,train,1.1334999454750109e-10,1.0122267042966883e-10,0.1069900723528497,5830659017.880616,0,200,216,0,89.1
1138,47,4,train,1.0122267042966883e-10,9.345766383687587e-11,0.07671212940571653,5830659017.880616,0,200,214,0,88.03
1139,47,5,train,9.345766383687587e-11,8.716606461783925e-11,0.06732031339899731,5830659017.880616,0,200,215,0,88.99
1140,47,6,train,8.716606461783925e-11,8.202890289222429e-11,0.05893534081339721,5830659017.880616,0,200,215,0,88.08
1141,47,7,train,8.202890289222429e-11,7.755178627193828e-11,0.05457974521698021,5830659017.880616,0,200,215,0,88.31
1142,47,8,train,7.755178627193828e-11,7.391684383449127e-11,0.04687116328566497,5830659017.880616,0,200,216,0,88.09
1143,47,9,train,7.391684383449127e-11,7.09000668474436e-11,0.040813119588853086,5830659017.880616,0,200,222,0,90.65
1144,47,10,train,7.09000668474436e-11,6.77117583041476e-11,0.044969048479972705,5830659017.880616,0,200,216,0,88.8
1145,47,11,train,6.77117583041476e-11,6.489563151623582e-11,0.041589922613769835,5830659017.880616,0,200,219,0,89.93
1146,47,12,train,6.489563151623582e-11,6.23451193041272e-11,0.039301755025999266,5830659017.880616,0,200,218,0,88.96
1147,47,13,train,6.23451193041272e-11,5.968138411871096e-11,0.04272564099881199,5830659017.880616,0,200,219,0,88.17
1148,47,14,train,5.968138411871096e-11,5.667140343172967e-11,0.05043416354074827,5830659017.880616,0,200,220,0,89.48
1149,47,15,train,5.667140343172967e-11,5.412109875108211e-11,0.04500161503358274,5830659017.880616,0,200,226,0,91.92
1150,47,16,train,5.412109875108211e-11,5.216339268604374e-11,0.03617269623520404,5830659017.880616,0,200,213,0,86.64
1151,47,17,train,5.216339268604374e-11,5.035839677063952e-11,0.03460273234657036,5830659017.880616,0,200,218,0,89.05
1152,47,18,train,5.035839677063952e-11,4.8627641557289886e-11,0.03436875127761649,5830659017.880616,0,200,220,0,90.03
1153,47,19,train,4.8627641557289886e-11,4.709259843144659e-11,0.031567295404092484,5830659017.880616,0,200,223,0,90.99
1154,47,20,train,4.709259843144659e-11,4.556001414523508e-11,0.03254405866863604,5830659017.880616,0,200,215,0,88.49
1155,47,21,train,4.556001414523508e-11,4.400632129743913e-11,0.034102115131991025,5830659017.880616,0,200,219,0,89.09
1156,47,22,train,4.400632129743913e-11,4.248254368587357e-11,0.03462633473192035,5830659017.880616,0,200,216,0,87.91
1157,47,23,train,4.248254368587357e-11,4.117134101612982e-11,0.030864504711372878,5830659017.880616,0,200,214,0,87.69
1158,47,24,train,4.117134101612982e-11,3.989552625704687e-11,0.030987933052341456,5830659017.880616,0,200,221,0,89.85
1159,48,0,train,6.505152423849867e-10,1.8403515167085562e-10,0.7170932521179261,1537242995.7731595,1,200,213,0,86.22
1160,48,1,train,1.8403515167085562e-10,1.3735799468819803e-10,0.25363174675531036,1537242995.7731595,0,200,208,0,85.74
1161,48,2,train,1.3735799468819803e-10,1.115680763964867e-10,0.18775695109887355,1537242995.7731595,0,200,210,0,86.96
1162,48,3,train,1.115680763964867e-10,9.448834620770005e-11,0.15308796871328412,1537242995.7731595,0,200,217,0,88.97
1163,48,4,train,9.448834620770005e-11,8.381190416799996e-11,0.11299215689765184,1537242995.7731595,0,200,215,0,88.25
1164,48,5,train,8.381190416799996e-11,7.566696426722084e-11,0.0971811818575639,1537242995.7731595,0,200,214,0,87.61
1165,48,6,train,7.566696426722084e-11,6.895413150806531e-11,0.08871550252034559,1537242995.7731595,0,200,212,0,87.12
1166,48,7,train,6.895413150806531e-11,6.322208952960763e-11,0.08312833260451145,1537242995.7731595,0,200,216,0,88.48
1167,48,8,train,6.322208952960763e-11,6.017190584370461e-11,0.048245537415757,15817256396.305733,1,200,214,0,86.08
1168,48,9,train,6.017190584370461e-11,5.705594547968917e-11,0.05178430565435449,15817256396.305733,0,200,211,0,87.15
1169,48,10,train,5.705594547968917e-11,5.348529773384448e-11,0.06258151917078955,15817256396.305733,0,200,210,0,86.45
1170,48,11,train,5.348529773384448e-11,5.042229253116282e-11,0.057268171487497334,15817256396.305733,0,200,217,0,87.61
1171,48,12,train,5.042229253116282e-11,4.764920302011638e-11,0.054997291313808754,15817256396.305733,0,200,216,0,87.6
1172,48,13,train,4.764920302011638e-11,4.489183284391638e-11,0.05786812793145564,15817256396.305733,0,200,214,0,87.42
1173,48,14,train,4.489183284391638e-11,4.285263537452524e-11,0.045424687302948547,15817256396.305733,0,200,213,0,86.96
1174,48,15,train,4.285263537452524e-11,4.1155867793355525e-11,0.0395954079916028,15817256396.305733,0,200,221,0,90.51
1175,48,16,train,4.1155867793355525e-11,3.963521520135311e-11,0.03694862175273878,15817256396.305733,0,200,214,0,87.36
1176,48,17,train,3.963521520135311e-11,3.819042904044367e-11,0.03645208316820522,15817256396.305733,0,200,216,0,89.05
1177,48,18,train,3.819042904044367e-11,3.6918690474435147e-11,0.03329992875078085,15817256396.305733,0,200,212,0,86.62
1178,48,19,train,3.6918690474435147e-11,3.580542318541386e-11,0.03015457143021329,15817256396.305733,0,200,221,0,90.99
1179,48,20,train,3.580542318541386e-11,3.476784644394359e-11,0.028978200762976726,15817256396.305733,0,200,224,0,92.15
1180,48,21,train,3.476784644394359e-11,3.369765866733706e-11,0.030780962471518108,15817256396.305733,0,200,221,0,89.91
1181,48,22,train,3.369765866733706e-11,3.2783883745954147e-11,0.027116866794921594,15817256396.305733,0,200,219,0,89.61
1182,48,23,train,3.2783883745954147e-11,3.188239435966217e-11,0.027497943601731658,15817256396.305733,0,200,217,0,88.96
1183,48,24,train,3.188239435966217e-11,3.113674982327986e-11,0.023387344374790942,15817256396.305733,0,200,216,0,88.45
1184,49,0,train,6.1606413099143034e-09,2.135868678226748e-10,0.9653304165787172,162320763.32551655,1,200,210,0,84.86
1185,49,1,train,2.135868678226748e-10,1.437580959617966e-10,0.3269338259075544,4681935786.568233,1,200,213,0,85.57
1186,49,2,train,1.437580959617966e-10,1.1061078386670799e-10,0.23057701114723608,4681935786.568233,0,200,215,0,87.57
1187,49,3,train,1.1061078386670799e-10,9.459021739495516e-11,0.1448372926373841,4681935786.568233,0,200,208,0,85.19
1188,49,4,train,9.459021739495516e-11,8.449355068527057e-11,0.10674113019030956,4681935786.568233,0,200,214,0,87.79
1189,49,5,train,8.449355068527057e-11,7.535858804729109e-11,0.10811431835793289,4681935786.568233,0,200,219,0,89.8
1190,49,6,train,7.535858804729109e-11,6.932538870753639e-11,0.0800598776607728,4681935786.568233,0,200,215,0,88.08
1191,49,7,train,6.932538870753639e-11,6.490543228793982e-11,0.06375667705583409,4681935786.568233,0,200,216,0,87.92
1192,49,8,train,6.490543228793982e-11,6.093204521361049e-11,0.06121809738054293,4681935786.568233,0,200,207,0,84.23
1193,49,9,train,6.093204521361049e-11,5.747157010736765e-11,0.05679236753191849,4681935786.568233,0,200,216,0,89.22
1194,49,10,train,5.747157010736765e-11,5.4622138993406836e-11,0.049579837624716724,4681935786.568233,0,200,219,0,90.46
1195,49,11,train,5.4622138993406836e-11,5.2052006599837994e-11,0.04705294301783146,4681935786.568233,0,200,217,0,89.93
1196,49,12,train,5.2052006599837994e-11,4.9917014094971665e-11,0.04101652643825213,4681935786.568233,0,200,224,0,91.6
1197,49,13,train,4.9917014094971665e-11,4.790042687591635e-11,0.04039879499239632,4681935786.568233,0,200,214,0,86.42
1198,49,14,train,4.790042687591635e-11,4.5957207243589554e-11,0.04056789801394893,4681935786.568233,0,200,221,0,89.94
1199,49,15,train,4.5957207243589554e-11,4.4304223266387435e-11,0.03596789440317198,4681935786.568233,0,200,217,0,88.45
1200,49,16,train,4.4304223266387435e-11,4.2741979653660594e-11,0.03526173121992364,4681935786.568233,0,200,217,0,89.08
1201,49,17,train,4.2741979653660594e-11,4.117531354583724e-11,0.036654037096973374,4681935786.568233,0,200,213,0,87.42
1202,49,18,train,4.117531354583724e-11,3.973101710290476e-11,0.0350767563997942,4681935786.568233,0,200,217,0,88.3
1203,49,19,train,3.973101710290476e-11,3.833266410572704e-11,0.035195499615726815,4681935786.568233,0,200,216,0,88.98
1204,49,20,train,3.833266410572704e-11,3.709434872527681e-11,0.032304443464580924,4681935786.568233,0,200,215,0,88.56
1205,49,21,train,3.709434872527681e-11,3.5958242247862516e-11,0.03062748144814111,4681935786.568233,0,200,215,0,88.29
1206,49,22,train,3.5958242247862516e-11,3.496751672541035e-11,0.02755211213115009,4681935786.568233,0,200,219,0,89.68
1207,49,23,train,3.496751672541035e-11,3.403236927594488e-11,0.026743318858153585,4681935786.568233,0,200,214,0,87.96
1208,49,24,train,3.403236927594488e-11,3.3139356010147876e-11,0.026240114479135473,4681935786.568233,0,200,213,0,87.24
1209,50,0,train,1.2898105293279625e-09,1.5904711600684052e-10,0.8766895506042195,775307672.9192433,1,200,214,0,88.82
1210,50,1,train,1.5904711600684052e-10,1.1532362276560167e-10,0.2749090605286947,775307672.9192433,0,200,215,0,92.48
1211,50,2,train,1.1532362276560167e-10,1.0018293299704803e-10,0.13128871089427618,8671250312.97817,1,200,209,0,91.44
1212,50,3,train,1.0018293299704803e-10,8.337023706420326e-11,0.16781996124369977,8671250312.97817,0,200,211,0,93.08
1213,50,4,train,8.337023706420326e-11,7.284603788131698e-11,0.12623448791181455,8671250312.97817,0,200,210,0,91.86
1214,50,5,train,7.284603788131698e-11,6.606531522693745e-11,0.0930829301303509,8671250312.97817,0,200,216,0,94.37
1215,50,6,train,6.606531522693745e-11,6.121588577630495e-11,0.07340356182324242,8671250312.97817,0,200,216,0,94.96
1216,50,7,train,6.121588577630495e-11,5.7079241363985396e-11,0.06757468849565747,8671250312.97817,0,200,215,0,93.56
1217,50,8,train,5.7079241363985396e-11,5.3792448088451664e-11,0.05758298808798746,8671250312.97817,0,200,216,0,93.89
1218,50,9,train,5.3792448088451664e-11,5.087983059705328e-11,0.054145471992818134,8671250312.97817,0,200,216,0,97.68
1219,50,10,train,5.087983059705328e-11,4.830867644612121e-11,0.05053385832383215,8671250312.97817,0,200,219,0,95.95
1220,50,11,train,4.830867644612121e-11,4.6331658470903535e-11,0.04092469760422123,8671250312.97817,0,200,217,0,95.59
1221,50,12,train,4.6331658470903535e-11,4.450632142901731e-11,0.03939718762781924,8671250312.97817,0,200,211,0,93.18
1222,50,13,train,4.450632142901731e-11,4.28392376851508e-11,0.03745723506997361,8671250312.97817,0,200,216,0,94.78
1223,50,14,train,4.28392376851508e-11,4.141838601901801e-11,0.03316706232205662,8671250312.97817,0,200,215,0,94.99
1224,50,15,train,4.141838601901801e-11,4.018512909594365e-11,0.029775591026364165,8671250312.97817,0,200,220,0,97.84
1225,50,16,train,4.018512909594365e-11,3.887975834557733e-11,0.03248392576392368,8671250312.97817,0,200,218,0,95.55
1226,50,17,train,3.887975834557733e-11,3.761243466713591e-11,0.032595976219218996,8671250312.97817,0,200,212,0,93.78
1227,50,18,train,3.761243466713591e-11,3.658148365087172e-11,0.027409845318122628,8671250312.97817,0,200,214,0,93.74
1228,50,19,train,3.658148365087172e-11,3.574334302677536e-11,0.022911608290561682,8671250312.97817,0,200,215,0,93.33
1229,50,20,train,3.574334302677536e-11,3.491729317243957e-11,0.023110593033141683,8671250312.97817,0,200,218,0,95.4
1230,50,21,train,3.491729317243957e-11,3.4112448935454144e-11,0.023050018024326577,8671250312.97817,0,200,213,0,93.36
1231,50,22,train,3.4112448935454144e-11,3.331363324754751e-11,0.02341713107194724,8671250312.97817,0,200,221,0,96.92
1232,50,23,train,3.331363324754751e-11,3.2538491008748966e-11,0.02326801862284433,8671250312.97817,0,200,218,0,94.27
1233,50,24,train,3.2538491008748966e-11,3.1785133372068776e-11,0.02315281420019223,8671250312.97817,0,200,221,0,96.02
1234,51,0,train,2.2605250167762584e-09,2.1256279233131284e-10,0.9059675116383143,442375108.693158,1,200,210,0,90.6
1235,51,1,train,2.1256279233131284e-10,1.4548770255235974e-10,0.3155542371423402,4704492206.902049,1,200,216,0,95.16
1236,51,2,train,1.4548770255235974e-10,1.1321549765514707e-10,0.2218208434874294,4704492206.902049,0,200,211,0,92.89
1237,51,3,train,1.1321549765514707e-10,9.641036723199537e-11,0.14843489426103046,4704492206.902049,0,200,211,0,91.55
1238,51,4,train,9.641036723199537e-11,8.652439359996851e-11,0.10254056608080256,4704492206.902049,0,200,212,0,92.34
1239,51,5,train,8.652439359996851e-11,7.89624143157089e-11,0.08739707924705245,4704492206.902049,0,200,216,0,94.25
1240,51,6,train,7.89624143157089e-11,7.303654714168299e-11,0.07504668170774272,4704492206.902049,0,200,211,0,93.24
1241,51,7,train,7.303654714168299e-11,6.826818011943922e-11,0.06528741032888175,4704492206.902049,0,200,217,0,94.19
1242,51,8,train,6.826818011943922e-11,6.417467123366982e-11,0.05996217972425159,4704492206.902049,0,200,219,0,96.26
1243,51,9,train,6.417467123366982e-11,6.084249759996874e-11,0.051923501432023414,4704492206.902049,0,200,216,0,94.39
1244,51,10,train,6.084249759996874e-11,5.799197583910145e-11,0.046850834093121636,4704492206.902049,0,200,216,0,94.13
1245,51,11,train,5.799197583910145e-11,5.537147423689613e-11,0.04518731366346085,4704492206.902049,0,200,214,0,92.98
1246,51,12,train,5.537147423689613e-11,5.294475470538464e-11,0.04382616798550897,4704492206.902049,0,200,217,0,95.01
1247,51,13,train,5.294475470538464e-11,5.098550445411187e-11,0.03700555913754207,4704492206.902049,0,200,210,0,92.2
1248,51,14,train,5.098550445411187e-11,4.9137159114618455e-11,0.03625236936033389,4704492206.902049,0,200,213,0,93.89
1249,51,15,train,4.9137159114618455e-11,4.7408021435534254e-11,0.03519002136551639,4704492206.902049,0,200,219,0,95.53
1250,51,16,train,4.7408021435534254e-11,4.596978485846051e-11,0.0303374098627902,4704492206.902049,0,200,213,0,94.02
1251,51,17,train,4.596978485846051e-11,4.4646039576000147e-11,0.02879598602725965,4704492206.902049,0,200,210,0,93.71
1252,51,18,train,4.4646039576000147e-11,4.3398057014851016e-11,0.02795281671120486,4704492206.902049,0,200,214,0,93.64
1253,51,19,train,4.3398057014851016e-11,4.230165095254565e-11,0.025263943543144554,4704492206.902049,0,200,218,0,97.15
1254,51,20,train,4.230165095254565e-11,4.117428680545932e-11,0.02665059452055475,4704492206.902049,0,200,216,0,95.43
1255,51,21,train,4.117428680545932e-11,4.012577576553485e-11,0.02546519008036466,4704492206.902049,0,200,213,0,93.7
1256,51,22,train,4.012577576553485e-11,3.904593169783081e-11,0.02691148138826884,4704492206.902049,0,200,215,0,93.27
1257,51,23,train,3.904593169783081e-11,3.8093710636621416e-11,0.024387202963383033,4704492206.902049,0,200,216,0,94.57
1258,51,24,train,3.8093710636621416e-11,3.718256873774875e-11,0.02391843387387783,4704492206.902049,0,200,213,0,94.56
1259,52,0,train,3.1284462075737558e-09,1.9353966925553656e-10,0.9381355291367995,319647497.079882,1,200,216,0,94.66
1260,52,1,train,1.9353966925553656e-10,1.4248348552645804e-10,0.26380216482475966,5166899395.077855,1,200,215,0,94.07
1261,52,2,train,1.4248348552645804e-10,1.1656631973297425e-10,0.18189592778224942,5166899395.077855,0,200,218,0,95.56
1262,52,3,train,1.1656631973297425e-10,9.577963051050651e-11,0.1783250021969048,5166899395.077855,0,200,208,0,91.32
1263,52,4,train,9.577963051050651e-11,8.378364105487732e-11,0.12524572700573633,5166899395.077855,0,200,217,0,95.7
1264,52,5,train,8.378364105487732e-11,7.436646223101997e-11,0.11239877743781984,5166899395.077855,0,200,217,0,95.19
1265,52,6,train,7.436646223101997e-11,6.750655534431989e-11,0.09224463126119582,5166899395.077855,0,200,214,0,94.88
1266,52,7,train,6.750655534431989e-11,6.307255859520397e-11,0.06568246189573945,5166899395.077855,0,200,214,0,93.27
1267,52,8,train,6.307255859520397e-11,5.907317680126554e-11,0.06340922079293203,5166899395.077855,0,200,216,0,95.53
1268,52,9,train,5.907317680126554e-11,5.586167702480446e-11,0.054364771802695444,5166899395.077855,0,200,212,0,93.45
1269,52,10,train,5.586167702480446e-11,5.3197707403680504e-11,0.047688679663896644,5166899395.077855,0,200,218,0,95.6
1270,52,11,train,5.3197707403680504e-11,5.039058516401933e-11,0.05276772960082412,5166899395.077855,0,200,226,0,98.94
1271,52,12,train,5.039058516401933e-11,4.812354954880742e-11,0.04498926948025714,5166899395.077855,0,200,216,0,95.25
1272,52,13,train,4.812354954880742e-11,4.612376483229219e-11,0.04155522057837874,5166899395.077855,0,200,223,0,98.16
1273,52,14,train,4.612376483229219e-11,4.440806663257975e-11,0.03719770504317642,5166899395.077855,0,200,220,0,96.52
1274,52,15,train,4.440806663257975e-11,4.281586627971559e-11,0.03585385434672474,5166899395.077855,0,200,222,0,97.28
1275,52,16,train,4.281586627971559e-11,4.132365528679288e-11,0.034851822994170244,5166899395.077855,0,200,220,0,94.89
1276,52,17,train,4.132365528679288e-11,3.985832099573847e-11,0.035459938886934196,5166899395.077855,0,200,213,0,93.75
1277,52,18,train,3.985832099573847e-11,3.8498455474172435e-11,0.03411748130864381,5166899395.077855,0,200,219,0,96.18
1278,52,19,train,3.8498455474172435e-11,3.707466633009247e-11,0.03698301987816485,5166899395.077855,0,200,219,0,94.89
1279,52,20,train,3.707466633009247e-11,3.577412934884663e-11,0.03507885869198593,5166899395.077855,0,200,219,0,96.45
1280,52,21,train,3.577412934884663e-11,3.462246695746243e-11,0.03219260433018273,5166899395.077855,0,200,219,0,96.17
1281,52,22,train,3.462246695746243e-11,3.36496951806562e-11,0.02809654719293662,5166899395.077855,0,200,214,0,93.7
1282,52,23,train,3.36496951806562e-11,3.273582034099443e-11,0.027158487907703886,5166899395.077855,0,200,218,0,94.57
1283,52,24,train,3.273582034099443e-11,3.180250271060972e-11,0.028510592392759836,5166899395.077855,0,200,221,0,97.13
1284,53,0,train,8.277485791294922e-10,1.446663197503569e-10,0.8252291536368491,1208096305.1022778,1,200,212,0,94.1
1285,53,1,train,1.446663197503569e-10,1.1862946812380863e-10,0.17997866864574072,1208096305.1022778,0,200,212,0,93.3
1286,53,2,train,1.1862946812380863e-10,1.057375912395365e-10,0.10867347791543175,1208096305.1022778,0,200,212,0,91.88
1287,53,3,train,1.057375912395365e-10,9.62388487127916e-11,0.08983316543712985,1208096305.1022778,0,200,219,0,96.92
1288,53,4,train,9.62388487127916e-11,8.908623975870791e-11,0.07432143099954812,1208096305.1022778,0,200,215,0,95.2
1289,53,5,train,8.908623975870791e-11,8.355254901688298e-11,0.062116110824893496,1208096305.1022778,0,200,213,0,94.93
1290,53,6,train,8.355254901688298e-11,7.866596244366032e-11,0.05848518843195623,1208096305.1022778,0,200,218,0,94.81
1291,53,7,train,7.866596244366032e-11,7.571503351163253e-11,0.037512144266222035,12711978204.247978,1,200,215,0,95.01
1292,53,8,train,7.571503351163253e-11,7.292387939280058e-11,0.03686393559349245,12711978204.247978,0,200,213,0,93.46
1293,53,9,train,7.292387939280058e-11,6.964938730869883e-11,0.04490287833514557,12711978204.247978,0,200,211,0,92.75
1294,53,10,train,6.964938730869883e-11,6.641227124112472e-11,0.04647730859751316,12711978204.247978,0,200,213,0,93.82
1295,53,11,train,6.641227124112472e-11,6.253172063700919e-11,0.058431228620781726,12711978204.247978,0,200,210,0,92.4
1296,53,12,train,6.253172063700919e-11,5.954270993444982e-11,0.04779991134276151,12711978204.247978,0,200,213,0,93.97
1297,53,13,train,5.954270993444982e-11,5.714019319766265e-11,0.040349469136223184,12711978204.247978,0,200,218,0,95.43
1298,53,14,train,5.714019319766265e-11,5.48335114398223e-11,0.04036881271753742,12711978204.247978,0,200,213,0,94.25
1299,53,15,train,5.48335114398223e-11,5.280330047424318e-11,0.0370250037298304,12711978204.247978,0,200,219,0,96.37
1300,53,16,train,5.280330047424318e-11,5.060565684580103e-11,0.04161943682884248,12711978204.247978,0,200,223,0,96.99
1301,53,17,train,5.060565684580103e-11,4.869218975967621e-11,0.03781132793030009,12711978204.247978,0,200,218,0,95.76
1302,53,18,train,4.869218975967621e-11,4.6964353464753874e-11,0.03548487557142525,12711978204.247978,0,200,218,0,96.22
1303,53,19,train,4.6964353464753874e-11,4.531674250491153e-11,0.035082159942409416,12711978204.247978,0,200,213,0,92.05
1304,53,20,train,4.531674250491153e-11,4.3671159659580676e-11,0.03631291117521303,12711978204.247978,0,200,218,0,95.21
1305,53,21,train,4.3671159659580676e-11,4.2390353885060804e-11,0.029328412263467014,12711978204.247978,0,200,218,0,95.17
1306,53,22,train,4.2390353885060804e-11,4.107497767937773e-11,0.031030083146973662,12711978204.247978,0,200,216,0,97.26
1307,53,23,train,4.107497767937773e-11,3.963161415850637e-11,0.03513972745494688,12711978204.247978,0,200,214,0,93.14
1308,53,24,train,3.963161415850637e-11,3.827976143883035e-11,0.03411046328492427,12711978204.247978,0,200,221,0,96.51
1309,54,0,train,1.5806428857570605e-09,2.5267978716520344e-10,0.8401411290038606,632653972.0077522,1,200,216,0,93.51
1310,54,1,train,2.5267978716520344e-10,1.9172517122334733e-10,0.2412326550758239,632653972.0077522,0,200,220,0,95.85
1311,54,2,train,1.9172517122334733e-10,1.5910398223350519e-10,0.17014557234031927,632653972.0077522,0,200,217,0,95.32
1312,54,3,train,1.5910398223350519e-10,1.3862422715517735e-10,0.1287193116780145,632653972.0077522,0,200,222,0,98.34
1313,54,4,train,1.3862422715517735e-10,1.2840200861861083e-10,0.07374049072333988,7213746258.657875,1,200,214,0,92.4
1314,54,5,train,1.2840200861861083e-10,1.1840860257559954e-10,0.07782904761789554,7213746258.657875,0,200,214,0,93.09
1315,54,6,train,1.1840860257559954e-10,1.0778703069530871e-10,0.08970270444252004,7213746258.657875,0,200,210,0,93.68
1316,54,7,train,1.0778703069530871e-10,1.0079615666303203e-10,0.0648582114859293,7213746258.657875,0,200,214,0,93.02
1317,54,8,train,1.0079615666303203e-10,9.479575646665214e-11,0.059530049508133655,7213746258.657875,0,200,212,0,93.83
1318,54,9,train,9.479575646665214e-11,8.981428422072264e-11,0.05254952786501483,7213746258.657875,0,200,212,0,93.43
1319,54,10,train,8.981428422072264e-11,8.557303135631739e-11,0.04722247581445046,7213746258.657875,0,200,219,0,95.64
1320,54,11,train,8.557303135631739e-11,8.158183205524824e-11,0.04664085445857591,7213746258.657875,0,200,216,0,94.82
1321,54,12,train,8.158183205524824e-11,7.717047282851896e-11,0.05407281395374709,7213746258.657875,0,200,222,0,96.75
1322,54,13,train,7.717047282851896e-11,7.263839805775115e-11,0.05872809385059178,7213746258.657875,0,200,229,0,100.58
1323,54,14,train,7.263839805775115e-11,6.759737384079848e-11,0.0693988902803832,7213746258.657875,0,200,225,0,99.46
1324,54,15,train,6.759737384079848e-11,6.311134402925434e-11,0.066363965885855,7213746258.657875,0,200,218,0,95.1
1325,54,16,train,6.311134402925434e-11,5.872654294107834e-11,0.06947722561800453,7213746258.657875,0,200,218,0,93.95
1326,54,17,train,5.872654294107834e-11,5.4620114995915934e-11,0.06992456459224024,7213746258.657875,0,200,218,0,94.71
1327,54,18,train,5.4620114995915934e-11,5.13010810928753e-11,0.06076578021281731,7213746258.657875,0,200,216,0,94.39
1328,54,19,train,5.13010810928753e-11,4.834716428457035e-11,0.05758001089601192,7213746258.657875,0,200,217,0,95.21
1329,54,20,train,4.834716428457035e-11,4.609499512109084e-11,0.04658327322411899,7213746258.657875,0,200,215,0,93.88
1330,54,21,train,4.609499512109084e-11,4.382032917163036e-11,0.049347351995264736,7213746258.657875,0,200,216,0,95.9
1331,54,22,train,4.382032917163036e-11,4.211460814724076e-11,0.038925335720524375,7213746258.657875,0,200,213,0,92.75
1332,54,23,train,4.211460814724076e-11,4.052977076088978e-11,0.037631535851172696,7213746258.657875,0,200,226,0,98.35
1333,54,24,train,4.052977076088978e-11,3.913893458108622e-11,0.034316408745782644,7213746258.657875,0,200,218,0,94.32
1334,55,0,train,1.2087925018186475e-09,1.840054552802978e-10,0.8477774680075706,827271842.3513417,1,200,217,0,94.41
1335,55,1,train,1.840054552802978e-10,1.3523661488387574e-10,0.26504018765167514,827271842.3513417,0,200,216,0,95.2
1336,55,2,train,1.3523661488387574e-10,1.1354754669229571e-10,0.16037866823421956,827271842.3513417,0,200,218,0,95.98
1337,55,3,train,1.1354754669229571e-10,1.042912141335387e-10,0.08151944122439639,8806883364.111034,1,200,217,0,93.21
1338,55,4,train,1.042912141335387e-10,9.226221426008828e-11,0.1153404912713741,8806883364.111034,0,200,214,0,94.96
1339,55,5,train,9.226221426008828e-11,8.341117347346953e-11,0.09593353961425156,8806883364.111034,0,200,214,0,94.35
1340,55,6,train,8.341117347346953e-11,7.767780103987653e-11,0.06873626391812614,8806883364.111034,0,200,218,0,94.37
1341,55,7,train,7.767780103987653e-11,7.246555581335543e-11,0.06710083391579721,8806883364.111034,0,200,212,0,92.76
1342,55,8,train,7.246555581335543e-11,6.787733172727557e-11,0.06331593036969788,8806883364.111034,0,200,209,0,90.79
1343,55,9,train,6.787733172727557e-11,6.437452680493152e-11,0.05160492955760215,8806883364.111034,0,200,214,0,93.6
1344,55,10,train,6.437452680493152e-11,6.119433996927489e-11,0.04940132368340772,8806883364.111034,0,200,215,0,93.38
1345,55,11,train,6.119433996927489e-11,5.821933994409428e-11,0.04861560769630547,8806883364.111034,0,200,221,0,95.41
1346,55,12,train,5.821933994409428e-11,5.559945742324433e-11,0.045000209953697794,8806883364.111034,0,200,223,0,97.25
1347,55,13,train,5.559945742324433e-11,5.331924170785779e-11,0.041011474231280064,8806883364.111034,0,200,217,0,95.49
1348,55,14,train,5.331924170785779e-11,5.1118206201541314e-11,0.041280322746827525,8806883364.111034,0,200,223,0,97.1
1349,55,15,train,5.1118206201541314e-11,4.887246599822404e-11,0.04393229673324414,8806883364.111034,0,200,214,0,95.38
1350,55,16,train,4.887246599822404e-11,4.648930150811116e-11,0.04876292696586013,8806883364.111034,0,200,218,0,95.17
1351,55,17,train,4.648930150811116e-11,4.466282947463049e-11,0.03928800765401895,8806883364.111034,0,200,213,0,92.95
1352,55,18,train,4.466282947463049e-11,4.309332910815379e-11,0.035141086781530745,8806883364.111034,0,200,220,0,96.34
1353,55,19,train,4.309332910815379e-11,4.160135261982906e-11,0.03462198254816272,8806883364.111034,0,200,213,0,92.89
1354,55,20,train,4.160135261982906e-11,4.0155256800525675e-11,0.03476078848970191,8806883364.111034,0,200,216,0,94.3
1355,55,21,train,4.0155256800525675e-11,3.886661461588305e-11,0.03209149404881291,8806883364.111034,0,200,212,0,92.48
1356,55,22,train,3.886661461588305e-11,3.772649898064158e-11,0.029334060774502277,8806883364.111034,0,200,222,0,96.41
1357,55,23,train,3.772649898064158e-11,3.663231566719131e-11,0.029003044094065577,8806883364.111034,0,200,220,0,96.14
1358,55,24,train,3.663231566719131e-11,3.5584364554890184e-11,0.028607285485904875,8806883364.111034,0,200,225,0,98.2
1359,56,0,train,2.5965667264571763e-09,1.7020176752649284e-10,0.9344512252305102,385123936.8550433,1,200,215,0,93.24
1360,56,1,train,1.7020176752649284e-10,1.316541139236262e-10,0.22648209923475968,5875379642.249276,1,200,219,0,95.02
1361,56,2,train,1.316541139236262e-10,1.0770270901172898e-10,0.18192674879716755,5875379642.249276,0,200,215,0,95.9
1362,56,3,train,1.0770270901172898e-10,9.388518355494928e-11,0.1282932024975801,5875379642.249276,0,200,218,0,95.18
1363,56,4,train,9.388518355494928e-11,8.500234323940417e-11,0.09461386748363922,5875379642.249276,0,200,215,0,93.1
1364,56,5,train,8.500234323940417e-11,7.736767400981658e-11,0.08981716195852373,5875379642.249276,0,200,218,0,95.42
1365,56,6,train,7.736767400981658e-11,7.024982255506121e-11,0.09200032889514345,5875379642.249276,0,200,213,0,92.75
1366,56,7,train,7.024982255506121e-11,6.468329072958531e-11,0.07923908734592039,5875379642.249276,0,200,216,0,94.52
1367,56,8,train,6.468329072958531e-11,6.093360744002654e-11,0.057969890635816215,5875379642.249276,0,200,217,0,95.95
1368,56,9,train,6.093360744002654e-11,5.774372324676673e-11,0.05235016154918183,5875379642.249276,0,200,211,0,92.15
1369,56,10,train,5.774372324676673e-11,5.48472037424179e-11,0.050161633879592486,5875379642.249276,0,200,218,0,95.65
1370,56,11,train,5.48472037424179e-11,5.2460877024067345e-11,0.043508630440990216,5875379642.249276,0,200,217,0,93.67
1371,56,12,train,5.2460877024067345e-11,5.021371485437423e-11,0.04283500957603487,5875379642.249276,0,200,217,0,93.19
1372,56,13,train,5.021371485437423e-11,4.813994736992408e-11,0.04129882623630471,5875379642.249276,0,200,218,0,96.06
1373,56,14,train,4.813994736992408e-11,4.660848281721003e-11,0.0318127591820103,5875379642.249276,0,200,219,0,95.38
1374,56,15,train,4.660848281721003e-11,4.5090099056004814e-11,0.03257741229552661,5875379642.249276,0,200,218,0,93.74
1375,56,16,train,4.5090099056004814e-11,4.354758401975599e-11,0.03420961737815039,5875379642.249276,0,200,218,0,95.07
1376,56,17,train,4.354758401975599e-11,4.2267072961707965e-11,0.029404870255651902,5875379642.249276,0,200,216,0,94.17
1377,56,18,train,4.2267072961707965e-11,4.104890091135951e-11,0.028820828247370343,5875379642.249276,0,200,218,0,94.49
1378,56,19,train,4.104890091135951e-11,3.978017155979261e-11,0.03090775449278352,5875379642.249276,0,200,215,0,93.44
1379,56,20,train,3.978017155979261e-11,3.857509777909603e-11,0.030293327892899135,5875379642.249276,0,200,216,0,93.61
1380,56,21,train,3.857509777909603e-11,3.7441938890697184e-11,0.029375398991546058,5875379642.249276,0,200,219,0,96.55
1381,56,22,train,3.7441938890697184e-11,3.627464652822519e-11,0.031176066118787954,5875379642.249276,0,200,225,0,96.72
1382,56,23,train,3.627464652822519e-11,3.5212078144686586e-11,0.02929231530104157,5875379642.249276,0,200,222,0,96.84
1383,56,24,train,3.5212078144686586e-11,3.433006814273431e-11,0.02504850745610897,5875379642.249276,0,200,217,0,94.36
1384,57,0,train,1.1646255692638807e-09,1.9005104421021153e-10,0.836813608402625,858645067.0425047,1,200,216,0,93.66
1385,57,1,train,1.9005104421021153e-10,1.331537098067141e-10,0.2993792254072777,858645067.0425047,0,200,212,0,91.99
1386,57,2,train,1.331537098067141e-10,1.0996715120225663e-10,0.1741337784588584,858645067.0425047,0,200,211,0,91.46
1387,57,3,train,1.0996715120225663e-10,1.0014961307624627e-10,0.08927700698505411,9093624678.525627,1,200,218,0,93.96
1388,57,4,train,1.0014961307624627e-10,8.710317720103788e-11,0.1302694586076516,9093624678.525627,0,200,213,0,93.09
1389,57,5,train,8.710317720103788e-11,7.853043514668016e-11,0.09842054365676535,9093624678.525627,0,200,207,0,89.59
1390,57,6,train,7.853043514668016e-11,7.285696370759503e-11,0.07224551129110837,9093624678.525627,0,200,209,0,91.29
1391,57,7,train,7.285696370759503e-11,6.757084340843876e-11,0.0725547707474009,9093624678.525627,0,200,214,0,91.44
1392,57,8,train,6.757084340843876e-11,6.351593679207588e-11,0.060009708504785,9093624678.525627,0,200,219,0,96.12
1393,57,9,train,6.351593679207588e-11,6.016758542801268e-11,0.05271671226426638,9093624678.525627,0,200,214,0,94.86
1394,57,10,train,6.016758542801268e-11,5.7133272513365636e-11,0.05043102349981191,9093624678.525627,0,200,217,0,94.0
1395,57,11,train,5.7133272513365636e-11,5.433983105843946e-11,0.048893426405299714,9093624678.525627,0,200,216,0,94.49
1396,57,12,train,5.433983105843946e-11,5.178884110140958e-11,0.046945121236877406,9093624678.525627,0,200,215,0,94.05
1397,57,13,train,5.178884110140958e-11,4.966504678105333e-11,0.04100872456669914,9093624678.525627,0,200,215,0,94.16
1398,57,14,train,4.966504678105333e-11,4.7647496839582344e-11,0.04062313583162995,9093624678.525627,0,200,222,0,96.95
1399,57,15,train,4.7647496839582344e-11,4.57928437179043e-11,0.03892446077329551,9093624678.525627,0,200,221,0,95.56
1400,57,16,train,4.57928437179043e-11,4.405222407969649e-11,0.038010734798006304,9093624678.525627,0,200,211,0,92.47
1401,57,17,train,4.405222407969649e-11,4.2504258594647454e-11,0.03513932650139422,9093624678.525627,0,200,218,0,94.82
1402,57,18,train,4.2504258594647454e-11,4.1115758533180353e-11,0.03266731634373113,9093624678.525627,0,200,211,0,91.88
1403,57,19,train,4.1115758533180353e-11,3.986152203848052e-11,0.030505006825732487,9093624678.525627,0,200,211,0,92.03
1404,57,20,train,3.986152203848052e-11,3.869518798327705e-11,0.02925964678612974,9093624678.525627,0,200,214,0,94.83
1405,57,21,train,3.869518798327705e-11,3.7595611989143246e-11,0.028416349717929022,9093624678.525627,0,200,213,0,91.45
1406,57,22,train,3.7595611989143246e-11,3.64191602990965e-11,0.031292260660272825,9093624678.525627,0,200,216,0,93.14
1407,57,23,train,3.64191602990965e-11,3.5228302474971405e-11,0.032698662307011954,9093624678.525627,0,200,218,0,92.79
1408,57,24,train,3.5228302474971405e-11,3.421307180400299e-11,0.02881860889237289,9093624678.525627,0,200,223,0,96.71
1409,58,0,train,1.0165748146750493e-09,1.6569368291706745e-10,0.8370078812447937,983695430.5420723,1,200,213,0,92.75
1410,58,1,train,1.6569368291706745e-10,1.2462030233353692e-10,0.24788742612528247,983695430.5420723,0,200,216,0,94.54
1411,58,2,train,1.2462030233353692e-10,9.911941952271837e-11,0.20462863861915007,983695430.5420723,0,200,211,0,92.5
1412,58,3,train,9.911941952271837e-11,8.832425209699716e-11,0.10891072080226351,10088840358.581781,1,200,215,0,93.78
1413,58,4,train,8.832425209699716e-11,7.797983096290396e-11,0.11711869490537005,10088840358.581781,0,200,212,0,93.34
1414,58,5,train,7.797983096290396e-11,6.923666163061422e-11,0.11212090644886083,10088840358.581781,0,200,211,0,93.01
1415,58,6,train,6.923666163061422e-11,6.361296869950861e-11,0.08122420692535227,10088840358.581781,0,200,214,0,93.5
1416,58,7,train,6.361296869950861e-11,5.884012581405149e-11,0.07502940018414823,10088840358.581781,0,200,213,0,93.85
1417,58,8,train,5.884012581405149e-11,5.505263133279905e-11,0.06436924511721474,10088840358.581781,0,200,219,0,98.37
1418,58,9,train,5.505263133279905e-11,5.235989164405584e-11,0.04891209781536708,10088840358.581781,0,200,218,0,95.72
1419,58,10,train,5.235989164405584e-11,4.986085565223809e-11,0.04772805888916418,10088840358.581781,0,200,214,0,94.22
1420,58,11,train,4.986085565223809e-11,4.7739843519887236e-11,0.04253862282557216,10088840358.581781,0,200,218,0,94.89
1421,58,12,train,4.7739843519887236e-11,4.5922243207459196e-11,0.03807302618557753,10088840358.581781,0,200,219,0,95.29
1422,58,13,train,4.5922243207459196e-11,4.409643612654784e-11,0.03975866493853652,10088840358.581781,0,200,213,0,92.59
1423,58,14,train,4.409643612654784e-11,4.2546195383259194e-11,0.03515569237477082,10088840358.581781,0,200,215,0,93.17
1424,58,15,train,4.2546195383259194e-11,4.1230727883042836e-11,0.0309185695305193,10088840358.581781,0,200,215,0,93.88
1425,58,16,train,4.1230727883042836e-11,3.992092350248466e-11,0.0317676754161031,10088840358.581781,0,200,216,0,93.91
1426,58,17,train,3.992092350248466e-11,3.875482830690802e-11,0.02921012575032398,10088840358.581781,0,200,216,0,94.72
1427,58,18,train,3.875482830690802e-11,3.759233108037094e-11,0.029996190857330254,10088840358.581781,0,200,217,0,95.26
1428,58,19,train,3.759233108037094e-11,3.648622766603732e-11,0.0294236452634133,10088840358.581781,0,200,220,0,96.6
1429,58,20,train,3.648622766603732e-11,3.5429257349951526e-11,0.028969021565078353,10088840358.581781,0,200,224,0,98.87
1430,58,21,train,3.5429257349951526e-11,3.4502366434259145e-11,0.026161737078963892,10088840358.581781,0,200,216,0,94.63
1431,58,22,train,3.4502366434259145e-11,3.362571700598134e-11,0.025408385536342185,10088840358.581781,0,200,223,0,96.86
1432,58,23,train,3.362571700598134e-11,3.28343535397144e-11,0.023534471134880698,10088840358.581781,0,200,222,0,97.94
1433,58,24,train,3.28343535397144e-11,3.197783782894027e-11,0.026085962366767527,10088840358.581781,0,200,224,0,98.7
1434,59,0,train,1.7343026590924633e-09,1.6231117260618766e-10,0.9064112761661088,576600626.630698,1,200,218,0,94.65
1435,59,1,train,1.6231117260618766e-10,1.1873403463497483e-10,0.2684789794288725,6161005332.80158,1,200,215,0,93.44
1436,59,2,train,1.1873403463497483e-10,9.724765123273017e-11,0.1809622950007591,6161005332.80158,0,200,212,0,93.68
1437,59,3,train,9.724765123273017e-11,8.374720361315659e-11,0.13882543638267122,6161005332.80158,0,200,210,0,92.68
1438,59,4,train,8.374720361315659e-11,7.523206432950392e-11,0.10167669983329393,6161005332.80158,0,200,214,0,92.81
1439,59,5,train,7.523206432950392e-11,6.795687616434902e-11,0.0967032904120613,6161005332.80158,0,200,220,0,95.89
1440,59,6,train,6.795687616434902e-11,6.224178245023035e-11,0.08409882909121823,6161005332.80158,0,200,215,0,93.77
1441,59,7,train,6.224178245023035e-11,5.684856562233975e-11,0.0866494598255298,6161005332.80158,0,200,212,0,92.97
1442,59,8,train,5.684856562233975e-11,5.257762956292215e-11,0.07512829941551342,6161005332.80158,0,200,215,0,94.69
1443,59,9,train,5.257762956292215e-11,4.920808842504592e-11,0.06408697322201899,6161005332.80158,0,200,219,0,95.06
1444,59,10,train,4.920808842504592e-11,4.649059914142374e-11,0.055224443188064146,6161005332.80158,0,200,217,0,95.14
1445,59,11,train,4.649059914142374e-11,4.4107048935368804e-11,0.05126950932174927,6161005332.80158,0,200,212,0,93.04
1446,59,12,train,4.4107048935368804e-11,4.1950790397911923e-11,0.048886937337759825,6161005332.80158,0,200,210,0,90.62
1447,59,13,train,4.1950790397911923e-11,3.9921212334839776e-11,0.04837997195812473,6161005332.80158,0,200,217,0,94.1
1448,59,14,train,3.9921212334839776e-11,3.7958889943979383e-11,0.04915487972663214,6161005332.80158,0,200,221,0,96.25
1449,59,15,train,3.7958889943979383e-11,3.624472132146032e-11,0.04515855508548521,6161005332.80158,0,200,221,0,96.76
1450,59,16,train,3.624472132146032e-11,3.4959708242090175e-11,0.03545379940910994,6161005332.80158,0,200,209,0,90.91
1451,59,17,train,3.4959708242090175e-11,3.3571357015054643e-11,0.039712895125480735,6161005332.80158,0,200,218,0,95.68
1452,59,18,train,3.3571357015054643e-11,3.247099062362336e-11,0.03277694109707378,6161005332.80158,0,200,219,0,95.38
1453,59,19,train,3.247099062362336e-11,3.142028324734033e-11,0.0323583406635774,6161005332.80158,0,200,217,0,94.14
1454,59,20,train,3.142028324734033e-11,3.051517344810538e-11,0.028806544871347248,6161005332.80158,0,200,214,0,93.76
1455,59,21,train,3.051517344810538e-11,2.962641439181066e-11,0.029125151715298492,6161005332.80158,0,200,213,0,94.03
1456,59,22,train,2.962641439181066e-11,2.8840475441759626e-11,0.026528318265482943,6161005332.80158,0,200,215,0,93.42
1457,59,23,train,2.8840475441759626e-11,2.814877354237482e-11,0.023983720406469296,6161005332.80158,0,200,218,0,95.2
1458,59,24,train,2.814877354237482e-11,2.7477458284193213e-11,0.023848827984317533,6161005332.80158,0,200,213,0,92.97
1459,60,0,train,1.4215390244282833e-09,1.626040894799077e-10,0.8856140516119112,703462924.9113872,1,200,218,0,92.58
1460,60,1,train,1.626040894799077e-10,1.1422471210018567e-10,0.2975286632363576,703462924.9113872,0,200,207,0,90.85
1461,60,2,train,1.1422471210018567e-10,9.483753189043115e-11,0.16972842262670937,8754672974.118834,1,200,214,0,90.73
1462,60,3,train,9.483753189043115e-11,7.873977241097178e-11,0.16974038820472084,8754672974.118834,0,200,214,0,93.79
1463,60,4,train,7.873977241097178e-11,7.068980116684272e-11,0.10223513476916476,8754672974.118834,0,200,209,0,89.11
1464,60,5,train,7.068980116684272e-11,6.468941165485723e-11,0.08488338364148615,8754672974.118834,0,200,224,0,96.67
1465,60,6,train,6.468941165485723e-11,5.978627534517929e-11,0.07579503637841155,8754672974.118834,0,200,212,0,91.55
1466,60,7,train,5.978627534517929e-11,5.62686474256019e-11,0.05883671292898202,8754672974.118834,0,200,213,0,93.19
1467,60,8,train,5.62686474256019e-11,5.330805966934192e-11,0.0526152287590429,8754672974.118834,0,200,215,0,92.42
1468,60,9,train,5.330805966934192e-11,5.0709840905879885e-11,0.04873969864178538,8754672974.118834,0,200,216,0,92.68
1469,60,10,train,5.0709840905879885e-11,4.841820961338493e-11,0.04519105663826356,8754672974.118834,0,200,216,0,91.87
1470,60,11,train,4.841820961338493e-11,4.623416745378182e-11,0.04510786699967823,8754672974.118834,0,200,221,0,94.58
1471,60,12,train,4.623416745378182e-11,4.442446875090965e-11,0.03914201990727412,8754672974.118834,0,200,214,0,92.36
1472,60,13,train,4.442446875090965e-11,4.2809470229670707e-11,0.03635380605887096,8754672974.118834,0,200,212,0,92.25
1473,60,14,train,4.2809470229670707e-11,4.126632033240559e-11,0.03604692814431462,8754672974.118834,0,200,213,0,90.43
1474,60,15,train,4.126632033240559e-11,3.976854747863817e-11,0.03629528491279727,8754672974.118834,0,200,215,0,90.06
1475,60,16,train,3.976854747863817e-11,3.8389921999693584e-11,0.034666226612503785,8754672974.118834,0,200,217,0,90.82
1476,60,17,train,3.8389921999693584e-11,3.713545685560862e-11,0.03267693912206897,8754672974.118834,0,200,218,0,91.31
1477,60,18,train,3.713545685560862e-11,3.5933759153167765e-11,0.03235984700857023,8754672974.118834,0,200,223,0,93.81
1478,60,19,train,3.5933759153167765e-11,3.4695325724744785e-11,0.034464343770551624,8754672974.118834,0,200,219,0,92.22
1479,60,20,train,3.4695325724744785e-11,3.3701150875478644e-11,0.02865443192992114,8754672974.118834,0,200,209,0,87.74
1480,60,21,train,3.3701150875478644e-11,3.2828360115739856e-11,0.025897951169787523,8754672974.118834,0,200,213,0,89.43
1481,60,22,train,3.2828360115739856e-11,3.19748351359748e-11,0.025999622788219223,8754672974.118834,0,200,214,0,89.96
1482,60,23,train,3.19748351359748e-11,3.109855253766989e-11,0.027405382844929955,8754672974.118834,0,200,216,0,90.51
1483,60,24,train,3.109855253766989e-11,3.0308906665345135e-11,0.025391724305118494,8754672974.118834,0,200,220,0,91.99
1484,61,0,train,1.8212781283161898e-09,1.808507819729237e-10,0.9007011728954741,549064958.5324572,1,200,213,0,88.3
1485,61,1,train,1.808507819729237e-10,1.3230011546752503e-10,0.26845704495028105,5529420382.322241,1,200,211,0,88.27
1486,61,2,train,1.3230011546752503e-10,1.114007923772333e-10,0.15796904648523735,5529420382.322241,0,200,208,0,87.07
1487,61,3,train,1.114007923772333e-10,9.80912843822069e-11,0.1194740873113074,5529420382.322241,0,200,208,0,87.57
1488,61,4,train,9.80912843822069e-11,9.034971318836402e-11,0.07892211058913565,5529420382.322241,0,200,213,0,88.77
1489,61,5,train,9.034971318836402e-11,8.417402417056988e-11,0.06835316682100431,5529420382.322241,0,200,212,0,89.61
1490,61,6,train,8.417402417056988e-11,7.919604767370629e-11,0.05913910551283893,5529420382.322241,0,200,213,0,90.81
1491,61,7,train,7.919604767370629e-11,7.453987316971155e-11,0.05879301607548055,5529420382.322241,0,200,212,0,88.44
1492,61,8,train,7.453987316971155e-11,7.066188168505316e-11,0.0520257322658576,5529420382.322241,0,200,221,0,92.88
1493,61,9,train,7.066188168505316e-11,6.731612142024723e-11,0.047348870211499645,5529420382.322241,0,200,215,0,90.52
1494,61,10,train,6.731612142024723e-11,6.414506413280373e-11,0.04710695180500575,5529420382.322241,0,200,217,0,90.66
1495,61,11,train,6.414506413280373e-11,6.118927599292815e-11,0.04607974408998975,5529420382.322241,0,200,224,0,93.27
1496,61,12,train,6.118927599292815e-11,5.855503197716356e-11,0.04305074660581112,5529420382.322241,0,200,219,0,92.45
1497,61,13,train,5.855503197716356e-11,5.6128877120210975e-11,0.041433755136514795,5529420382.322241,0,200,214,0,89.58
1498,61,14,train,5.6128877120210975e-11,5.413304625231181e-11,0.03555800454772506,5529420382.322241,0,200,215,0,90.21
1499,61,15,train,5.413304625231181e-11,5.217895902244479e-11,0.03609786193740334,5529420382.322241,0,200,213,0,88.63
1500,61,16,train,5.217895902244479e-11,5.025525315626952e-11,0.036867463479824995,5529420382.322241,0,200,213,0,88.93
1501,61,17,train,5.025525315626952e-11,4.855129249983024e-11,0.033906120244599956,5529420382.322241,0,200,224,0,93.91
1502,61,18,train,4.855129249983024e-11,4.691634154187068e-11,0.03367471541494535,5529420382.322241,0,200,216,0,89.9
1503,61,19,train,4.691634154187068e-11,4.5448707450220325e-11,0.0312819380927339,5529420382.322241,0,200,214,0,89.22
1504,61,20,train,4.5448707450220325e-11,4.3962174657142475e-11,0.03270792232553676,5529420382.322241,0,200,215,0,90.65
1505,61,21,train,4.3962174657142475e-11,4.267455295629284e-11,0.029289308613409,5529420382.322241,0,200,220,0,92.19
1506,61,22,train,4.267455295629284e-11,4.140606460897149e-11,0.0297247014777292,5529420382.322241,0,200,216,0,90.68
1507,61,23,train,4.140606460897149e-11,4.031562155791851e-11,0.026335346315831943,5529420382.322241,0,200,219,0,91.59
1508,61,24,train,4.031562155791851e-11,3.9277203233175513e-11,0.02575721977276674,5529420382.322241,0,200,220,0,93.31
1509,62,0,train,1.075722719196647e-09,1.5349525974445554e-10,0.8573096421547309,929607585.8161694,1,200,212,0,88.46
1510,62,1,train,1.5349525974445554e-10,1.1546987872657526e-10,0.24773000209378657,929607585.8161694,0,200,215,0,90.14
1511,62,2,train,1.1546987872657526e-10,9.791163262655351e-11,0.1520591022841417,929607585.8161694,0,200,207,0,87.01
1512,62,3,train,9.791163262655351e-11,8.840925213758074e-11,0.09705057748568006,10213291037.788305,1,200,214,0,88.93
1513,62,4,train,8.840925213758074e-11,7.717391498447419e-11,0.12708327331648886,10213291037.788305,0,200,216,0,90.62
1514,62,5,train,7.717391498447419e-11,6.953418096723647e-11,0.09899373407160539,10213291037.788305,0,200,217,0,91.6
1515,62,6,train,6.953418096723647e-11,6.540523370655055e-11,0.059380109224719514,10213291037.788305,0,200,216,0,89.99
1516,62,7,train,6.540523370655055e-11,6.105838980694434e-11,0.06646018450310752,10213291037.788305,0,200,214,0,89.89
1517,62,8,train,6.105838980694434e-11,5.797788481349934e-11,0.05045178890542319,10213291037.788305,0,200,207,0,86.38
1518,62,9,train,5.797788481349934e-11,5.505783139270387e-11,0.05036495260543854,10213291037.788305,0,200,219,0,92.02
1519,62,10,train,5.505783139270387e-11,5.24174820664314e-11,0.04795592669533231,10213291037.788305,0,200,215,0,89.67
1520,62,11,train,5.24174820664314e-11,5.019041713509609e-11,0.042487064306385984,10213291037.788305,0,200,217,0,90.86
1521,62,12,train,5.019041713509609e-11,4.8249261867254645e-11,0.03867581460055404,10213291037.788305,0,200,215,0,90.13
1522,62,13,train,4.8249261867254645e-11,4.63830001180746e-11,0.038679591706803275,10213291037.788305,0,200,211,0,88.42
1523,62,14,train,4.63830001180746e-11,4.479276327732684e-11,0.03428490689907047,10213291037.788305,0,200,217,0,90.59
1524,62,15,train,4.479276327732684e-11,4.3439526351912397e-11,0.030211061484108622,10213291037.788305,0,200,217,0,90.15
1525,62,16,train,4.3439526351912397e-11,4.205009318875119e-11,0.03198545840267975,10213291037.788305,0,200,214,0,90.28
1526,62,17,train,4.205009318875119e-11,4.095312678841262e-11,0.026087133634034837,10213291037.788305,0,200,212,0,88.03
1527,62,18,train,4.095312678841262e-11,3.9860950121471135e-11,0.02666894453711188,10213291037.788305,0,200,214,0,89.89
1528,62,19,train,3.9860950121471135e-11,3.8828717866003384e-11,0.02589582667553471,10213291037.788305,0,200,220,0,92.29
1529,62,20,train,3.8828717866003384e-11,3.7814273483616665e-11,0.02612613648195989,10213291037.788305,0,200,219,0,93.58
1530,62,21,train,3.7814273483616665e-11,3.6877344488254353e-11,0.024777125382780225,10213291037.788305,0,200,216,0,89.88
1531,62,22,train,3.6877344488254353e-11,3.6006272383648934e-11,0.0236207925677203,10213291037.788305,0,200,216,0,89.98
1532,62,23,train,3.6006272383648934e-11,3.517578477533042e-11,0.02306508153550631,10213291037.788305,0,200,214,0,89.63
1533,62,24,train,3.517578477533042e-11,3.4336494649818006e-11,0.023859883464519865,10213291037.788305,0,200,213,0,89.3
1534,63,0,train,3.125401611142623e-09,3.792763927786463e-10,0.8786471500409876,319958880.30351645,1,200,214,0,89.28
1535,63,1,train,3.792763927786463e-10,2.9022327283257014e-10,0.23479742383557586,319958880.30351645,0,200,219,0,90.45
1536,63,2,train,2.9022327283257014e-10,2.5008987707827973e-10,0.13828455369064552,3445623055.105233,1,200,211,0,87.88
1537,63,3,train,2.5008987707827973e-10,2.0641831557051266e-10,0.17462346744285692,3445623055.105233,0,200,212,0,89.52
1538,63,4,train,2.0641831557051266e-10,1.6947003326641603e-10,0.17899711177264727,3445623055.105233,0,200,211,0,88.35
1539,63,5,train,1.6947003326641603e-10,1.4117132484473204e-10,0.1669835538250995,3445623055.105233,0,200,217,0,89.94
1540,63,6,train,1.4117132484473204e-10,1.1942275873351553e-10,0.15405795854885387,3445623055.105233,0,200,219,0,91.27
1541,63,7,train,1.1942275873351553e-10,1.0373980855282781e-10,0.13132296010413935,3445623055.105233,0,200,219,0,93.89
1542,63,8,train,1.0373980855282781e-10,9.3161304390552e-11,0.10197150264537914,3445623055.105233,0,200,221,0,92.14
1543,63,9,train,9.3161304390552e-11,8.513260347288966e-11,0.0861806408807279,3445623055.105233,0,200,219,0,91.43
1544,63,10,train,8.513260347288966e-11,7.898157423764908e-11,0.07225233323446248,3445623055.105233,0,200,223,0,93.07
1545,63,11,train,7.898157423764908e-11,7.382064077138363e-11,0.06534351228220175,3445623055.105233,0,200,216,0,89.29
1546,63,12,train,7.382064077138363e-11,6.896297103399988e-11,0.06580367884407216,3445623055.105233,0,200,217,0,90.72
1547,63,13,train,6.896297103399988e-11,6.468737230459599e-11,0.061998470560323524,3445623055.105233,0,200,218,0,92.6
1548,63,14,train,6.468737230459599e-11,6.142878207985468e-11,0.05037444107943447,3445623055.105233,0,200,220,0,92.19
1549,63,15,train,6.142878207985468e-11,5.804848614236983e-11,0.05502788469891226,3445623055.105233,0,200,219,0,91.3
1550,63,16,train,5.804848614236983e-11,5.534363642181379e-11,0.04659638692251369,3445623055.105233,0,200,217,0,90.9
1551,63,17,train,5.534363642181379e-11,5.2681714433345816e-11,0.04809806800875078,3445623055.105233,0,200,224,0,95.02
1552,63,18,train,5.2681714433345816e-11,5.0577519675046314e-11,0.039941653018179195,3445623055.105233,0,200,214,0,90.09
1553,63,19,train,5.0577519675046314e-11,4.882604215961412e-11,0.034629565203774325,3445623055.105233,0,200,216,0,90.13
1554,63,20,train,4.882604215961412e-11,4.697300857352939e-11,0.03795174673439826,3445623055.105233,0,200,216,0,90.39
1555,63,21,train,4.697300857352939e-11,4.5400899636729716e-11,0.03346834670678521,3445623055.105233,0,200,217,0,90.19
1556,63,22,train,4.5400899636729716e-11,4.405566646312329e-11,0.029630099499572935,3445623055.105233,0,200,224,0,93.28
1557,63,23,train,4.405566646312329e-11,4.271777144292536e-11,0.030368284663626996,3445623055.105233,0,200,223,0,94.05
1558,63,24,train,4.271777144292536e-11,4.136996573956445e-11,0.03155140490326596,3445623055.105233,0,200,219,0,91.29
1559,64,0,train,1.2429570117374752e-09,1.377273042993804e-10,0.8891938313241763,804533053.4819895,1,200,217,0,89.63
1560,64,1,train,1.377273042993804e-10,1.0424993358675316e-10,0.24306996265502206,804533053.4819895,0,200,212,0,89.31
1561,64,2,train,1.0424993358675316e-10,9.075216480661759e-11,0.12947508277214578,9592332249.956158,1,200,208,0,86.28
1562,64,3,train,9.075216480661759e-11,7.813197083431669e-11,0.13906218104210605,9592332249.956158,0,200,213,0,88.84
1563,64,4,train,7.813197083431669e-11,6.841291434257789e-11,0.12439282393565396,9592332249.956158,0,200,218,0,90.51
1564,64,5,train,6.841291434257789e-11,6.218323130809002e-11,0.09106004464731189,9592332249.956158,0,200,216,0,90.16
1565,64,6,train,6.218323130809002e-11,5.674551110578269e-11,0.08744672941433139,9592332249.956158,0,200,220,0,92.28
1566,64,7,train,5.674551110578269e-11,5.271756197697601e-11,0.07098269185201171,9592332249.956158,0,200,214,0,88.95
1567,64,8,train,5.271756197697601e-11,4.960345033291403e-11,0.05907161726147442,9592332249.956158,0,200,220,0,91.83
1568,64,9,train,4.960345033291403e-11,4.676702454938682e-11,0.05718202593752064,9592332249.956158,0,200,219,0,90.41
1569,64,10,train,4.676702454938682e-11,4.4394330038432427e-11,0.05073434826816458,9592332249.956158,0,200,221,0,91.5
1570,64,11,train,4.4394330038432427e-11,4.26428445166446e-11,0.039452910321465785,9592332249.956158,0,200,221,0,90.89
1571,64,12,train,4.26428445166446e-11,4.106377793800485e-11,0.03703004798433175,9592332249.956158,0,200,214,0,88.75
1572,64,13,train,4.106377793800485e-11,3.969612274354459e-11,0.03330563487180967,9592332249.956158,0,200,212,0,87.97
1573,64,14,train,3.969612274354459e-11,3.825610823657075e-11,0.03627594856749619,9592332249.956158,0,200,219,0,91.52
1574,64,15,train,3.825610823657075e-11,3.706065696417825e-11,0.03124863786457277,9592332249.956158,0,200,219,0,90.74
1575,64,16,train,3.706065696417825e-11,3.5809000780034027e-11,0.033773178531455526,9592332249.956158,0,200,219,0,91.26
1576,64,17,train,3.5809000780034027e-11,3.4609297159860265e-11,0.033502851072087975,9592332249.956158,0,200,223,0,92.37
1577,64,18,train,3.4609297159860265e-11,3.3545414454240985e-11,0.030739795168483432,9592332249.956158,0,200,213,0,89.36
1578,64,19,train,3.3545414454240985e-11,3.2558497128846266e-11,0.029420334834168282,9592332249.956158,0,200,215,0,89.47
1579,64,20,train,3.2558497128846266e-11,3.165204007418228e-11,0.027840875181578427,9592332249.956158,0,200,220,0,91.55
1580,64,21,train,3.165204007418228e-11,3.08124484920773e-11,0.02652567038766677,9592332249.956158,0,200,214,0,88.37
1581,64,22,train,3.08124484920773e-11,3.0024047521577546e-11,0.025587092525362655,9592332249.956158,0,200,215,0,90.07
1582,64,23,train,3.0024047521577546e-11,2.931572811140127e-11,0.02359173624632801,9592332249.956158,0,200,218,0,90.44
1583,64,24,train,2.931572811140127e-11,2.860500981781164e-11,0.024243583201783808,9592332249.956158,0,200,216,0,89.53
1584,65,0,train,7.699219385822758e-10,2.2738754789968593e-10,0.7046615552761175,1298832972.3937817,1,200,215,0,88.72
1585,65,1,train,2.2738754789968593e-10,1.6688469008940644e-10,0.2660781488218118,1298832972.3937817,0,200,213,0,89.14
1586,65,2,train,1.6688469008940644e-10,1.371482934158421e-10,0.178185288642316,1298832972.3937817,0,200,218,0,90.35
1587,65,3,train,1.371482934158421e-10,1.2131649055424984e-10,0.1154356533886226,1298832972.3937817,0,200,212,0,87.07
1588,65,4,train,1.2131649055424984e-10,1.0864661079355717e-10,0.10443658321147199,1298832972.3937817,0,200,213,0,89.15
1589,65,5,train,1.0864661079355717e-10,9.872368505957423e-11,0.0913321240442355,1298832972.3937817,0,200,214,0,89.21
1590,65,6,train,9.872368505957423e-11,9.090907544807915e-11,0.0791563808297816,1298832972.3937817,0,200,221,0,92.05
1591,65,7,train,9.090907544807915e-11,8.240085299777804e-11,0.09359046287034793,1298832972.3937817,0,200,220,0,91.14
1592,65,8,train,8.240085299777804e-11,7.481427331022127e-11,0.09206918874688523,1298832972.3937817,0,200,215,0,90.37
1593,65,9,train,7.481427331022127e-11,7.081461634501379e-11,0.05346114836433275,13366433379.008415,1,200,217,0,91.54
1594,65,10,train,7.081461634501379e-11,6.662290764493559e-11,0.05919270507173127,13366433379.008415,0,200,213,0,88.42
1595,65,11,train,6.662290764493559e-11,6.272081649323774e-11,0.05856981164037305,13366433379.008415,0,200,207,0,86.18
1596,65,12,train,6.272081649323774e-11,5.953449092852873e-11,0.05080172330110767,13366433379.008415,0,200,219,0,90.46
1597,65,13,train,5.953449092852873e-11,5.6719694197162444e-11,0.0472801007863736,13366433379.008415,0,200,217,0,90.2
1598,65,14,train,5.6719694197162444e-11,5.406213084933069e-11,0.046854331382567796,13366433379.008415,0,200,216,0,90.5
1599,65,15,train,5.406213084933069e-11,5.167448965293004e-11,0.044164763003051444,13366433379.008415,0,200,220,0,91.37
1600,65,16,train,5.167448965293004e-11,4.9471284136360274e-11,0.04263623175318271,13366433379.008415,0,200,211,0,88.31
1601,65,17,train,4.9471284136360274e-11,4.758921689692978e-11,0.0380436302046022,13366433379.008415,0,200,220,0,92.59
1602,65,18,train,4.758921689692978e-11,4.588852393177023e-11,0.03573693950129427,13366433379.008415,0,200,214,0,88.87
1603,65,19,train,4.588852393177023e-11,4.4341308122925305e-11,0.03371683541500304,13366433379.008415,0,200,214,0,88.56
1604,65,20,train,4.4341308122925305e-11,4.2984420491485726e-11,0.030600983346678556,13366433379.008415,0,200,216,0,89.95
1605,65,21,train,4.2984420491485726e-11,4.168626470438872e-11,0.03020061157633007,13366433379.008415,0,200,215,0,90.42
1606,65,22,train,4.168626470438872e-11,4.055527382749554e-11,0.02713101989140589,13366433379.008415,0,200,216,0,89.21
1607,65,23,train,4.055527382749554e-11,3.9485565037241076e-11,0.026376564360150522,13366433379.008415,0,200,219,0,90.96
1608,65,24,train,3.9485565037241076e-11,3.853023752121235e-11,0.024194348368263292,13366433379.008415,0,200,219,0,90.56
1609,66,0,train,6.640841977290686e-10,1.9664282896389013e-10,0.7038887092384692,1505833151.0065196,1,200,212,0,87.92
1610,66,1,train,1.9664282896389013e-10,1.4288404486634672e-10,0.27338288602131144,1505833151.0065196,0,200,217,0,89.76
1611,66,2,train,1.4288404486634672e-10,1.1408055215045714e-10,0.20158648744044358,1505833151.0065196,0,200,211,0,87.09
1612,66,3,train,1.1408055215045714e-10,1.0021864586939869e-10,0.12150981056592743,1505833151.0065196,0,200,218,0,90.98
1613,66,4,train,1.0021864586939869e-10,9.00492564903487e-11,0.1014720293896444,1505833151.0065196,0,200,216,0,89.75
1614,66,5,train,9.00492564903487e-11,8.205167772406538e-11,0.08881337923251457,1505833151.0065196,0,200,213,0,88.25
1615,66,6,train,8.205167772406538e-11,7.6096506174551e-11,0.07257830326810936,1505833151.0065196,0,200,220,0,92.31
1616,66,7,train,7.6096506174551e-11,7.080627407527741e-11,0.06952003929245834,1505833151.0065196,0,200,217,0,90.46
1617,66,8,train,7.080627407527741e-11,6.622389877646775e-11,0.06471707992907413,1505833151.0065196,0,200,220,0,91.26
1618,66,9,train,6.622389877646775e-11,6.360592080965765e-11,0.039532223489994515,15100288845.502762,1,200,214,0,87.78
1619,66,10,train,6.360592080965765e-11,6.11123595541873e-11,0.03920328836889886,15100288845.502762,0,200,214,0,88.9
1620,66,11,train,6.11123595541873e-11,5.851069211604539e-11,0.04257187019321451,15100288845.502762,0,200,210,0,87.62
1621,66,12,train,5.851069211604539e-11,5.594270415073645e-11,0.0438892084922837,15100288845.502762,0,200,214,0,88.91
1622,66,13,train,5.594270415073645e-11,5.294151735489155e-11,0.053647510276912336,15100288845.502762,0,200,215,0,89.27
1623,66,14,train,5.294151735489155e-11,5.04223984195907e-11,0.04758305128306065,15100288845.502762,0,200,216,0,89.77
1624,66,15,train,5.04223984195907e-11,4.829386493691596e-11,0.04221404672110437,15100288845.502762,0,200,217,0,90.07
1625,66,16,train,4.829386493691596e-11,4.609827699120378e-11,0.04546308208258279,15100288845.502762,0,200,220,0,92.52
1626,66,17,train,4.609827699120378e-11,4.4373297819742134e-11,0.037419601860407915,15100288845.502762,0,200,212,0,88.3
1627,66,18,train,4.4373297819742134e-11,4.275702256367751e-11,0.036424501569174095,15100288845.502762,0,200,214,0,88.76
1628,66,19,train,4.275702256367751e-11,4.127824427999854e-11,0.034585623483876546,15100288845.502762,0,200,218,0,90.59
1629,66,20,train,4.127824427999854e-11,4.011697011295653e-11,0.02813283818868022,15100288845.502762,0,200,217,0,90.85
1630,66,21,train,4.011697011295653e-11,3.9088589082468386e-11,0.025634563816573187,15100288845.502762,0,200,222,0,92.65
1631,66,22,train,3.9088589082468386e-11,3.8072089159569345e-11,0.02600502977363669,15100288845.502762,0,200,220,0,91.71
1632,66,23,train,3.8072089159569345e-11,3.699070515480544e-11,0.028403589837992887,15100288845.502762,0,200,220,0,92.16
1633,66,24,train,3.699070515480544e-11,3.602590116784841e-11,0.02608233562781095,15100288845.502762,0,200,216,0,90.76
1634,67,0,train,1.187224662650241e-09,2.8922460131357256e-10,0.756385955908348,842300561.5194184,1,200,212,0,87.36
1635,67,1,train,2.8922460131357256e-10,2.0902447328238065e-10,0.27729359005750776,842300561.5194184,0,200,213,0,88.5
1636,67,2,train,2.0902447328238065e-10,1.6801169316184418e-10,0.19621042204531927,842300561.5194184,0,200,211,0,87.63
1637,67,3,train,1.6801169316184418e-10,1.4662043323335876e-10,0.12732006639489912,842300561.5194184,0,200,214,0,88.96
1638,67,4,train,1.4662043323335876e-10,1.307650114468052e-10,0.1081392370551676,842300561.5194184,0,200,215,0,89.35
1639,67,5,train,1.307650114468052e-10,1.172366596054498e-10,0.103455440348114,842300561.5194184,0,200,219,0,93.07
1640,67,6,train,1.172366596054498e-10,1.0918452567493246e-10,0.06868273079100107,8529755141.142853,1,200,215,0,88.76
1641,67,7,train,1.0918452567493246e-10,1.0108065943299344e-10,0.0742217470089681,8529755141.142853,0,200,210,0,88.23
1642,67,8,train,1.0108065943299344e-10,9.237043603393828e-11,0.08617101874794539,8529755141.142853,0,200,212,0,88.87
1643,67,9,train,9.237043603393828e-11,8.405758409552105e-11,0.08999472445234495,8529755141.142853,0,200,213,0,87.4
1644,67,10,train,8.405758409552105e-11,7.811445307382475e-11,0.07070309104937714,8529755141.142853,0,200,213,0,87.5
1645,67,11,train,7.811445307382475e-11,7.290696188846588e-11,0.06666488697600377,8529755141.142853,0,200,220,0,89.64
1646,67,12,train,7.290696188846588e-11,6.871711203728971e-11,0.05746844667023509,8529755141.142853,0,200,216,0,89.07
1647,67,13,train,6.871711203728971e-11,6.497904449231358e-11,0.054397913913315284,8529755141.142853,0,200,226,0,92.67
1648,67,14,train,6.497904449231358e-11,6.17477831072644e-11,0.049727745464638415,8529755141.142853,0,200,219,0,90.12
1649,67,15,train,6.17477831072644e-11,5.890834013670671e-11,0.045984533009471563,8529755141.142853,0,200,214,0,87.42
1650,67,16,train,5.890834013670671e-11,5.630845747285085e-11,0.044134373126494424,8529755141.142853,0,200,217,0,89.13
1651,67,17,train,5.630845747285085e-11,5.417147651388783e-11,0.03795133191125627,8529755141.142853,0,200,223,0,91.98
1652,67,18,train,5.417147651388783e-11,5.219566877861452e-11,0.03647321177902132,8529755141.142853,0,200,218,0,89.21
1653,67,19,train,5.219566877861452e-11,5.030909144752181e-11,0.036144327206430446,8529755141.142853,0,200,217,0,89.69
1654,67,20,train,5.030909144752181e-11,4.8294352975598244e-11,0.04004720447049156,8529755141.142853,0,200,218,0,89.66
1655,67,21,train,4.8294352975598244e-11,4.6211422373366324e-11,0.04312989974799673,8529755141.142853,0,200,216,0,88.76
1656,67,22,train,4.6211422373366324e-11,4.435521238217166e-11,0.040167774456223646,8529755141.142853,0,200,223,0,91.51
1657,67,23,train,4.435521238217166e-11,4.242458038215963e-11,0.043526609305291855,8529755141.142853,0,200,218,0,90.05
1658,67,24,train,4.242458038215963e-11,4.081972363937276e-11,0.037828464732717615,8529755141.142853,0,200,218,0,89.51
1659,68,0,train,3.1237524403375627e-09,1.772379421709342e-10,0.9432612072959977,320127801.1300847,1,200,213,0,86.8
1660,68,1,train,1.772379421709342e-10,1.2077486210172265e-10,0.3185721938407334,5642132760.916207,1,200,213,0,87.19
1661,68,2,train,1.2077486210172265e-10,9.420099169541452e-11,0.22002815771320267,5642132760.916207,0,200,213,0,87.68
1662,68,3,train,9.420099169541452e-11,8.080713110049412e-11,0.14218385978597278,5642132760.916207,0,200,215,0,88.11
1663,68,4,train,8.080713110049412e-11,7.246277839086209e-11,0.10326257838871607,5642132760.916207,0,200,219,0,89.82
1664,68,5,train,7.246277839086209e-11,6.491228232920598e-11,0.10419826881228533,5642132760.916207,0,200,216,0,88.55
1665,68,6,train,6.491228232920598e-11,5.913614034560112e-11,0.08898380670565323,5642132760.916207,0,200,217,0,89.1
1666,68,7,train,5.913614034560112e-11,5.4547763429445016e-11,0.07759006403429264,5642132760.916207,0,200,218,0,90.06
1667,68,8,train,5.4547763429445016e-11,5.1289275097603486e-11,0.05973642413508359,5642132760.916207,0,200,214,0,89.02
1668,68,9,train,5.1289275097603486e-11,4.8366257114320246e-11,0.0569908226957924,5642132760.916207,0,200,219,0,89.94
1669,68,10,train,4.8366257114320246e-11,4.599757515887436e-11,0.04897385278019716,5642132760.916207,0,200,211,0,87.37
1670,68,11,train,4.599757515887436e-11,4.409287025007071e-11,0.04140881127374328,5642132760.916207,0,200,217,0,88.81
1671,68,12,train,4.409287025007071e-11,4.235460453979208e-11,0.03942282959626211,5642132760.916207,0,200,218,0,88.97
1672,68,13,train,4.235460453979208e-11,4.059889700653131e-11,0.0414525776438612,5642132760.916207,0,200,218,0,89.15
1673,68,14,train,4.059889700653131e-11,3.900410495167953e-11,0.039281659661719835,5642132760.916207,0,200,221,0,91.11
1674,68,15,train,3.900410495167953e-11,3.771458122254882e-11,0.033061231137805784,5642132760.916207,0,200,218,0,89.6
1675,68,16,train,3.771458122254882e-11,3.6338160807437425e-11,0.03649570989504876,5642132760.916207,0,200,217,0,90.32
1676,68,17,train,3.6338160807437425e-11,3.517584073001067e-11,0.031986210958394476,5642132760.916207,0,200,228,0,94.23
1677,68,18,train,3.517584073001067e-11,3.419836407914739e-11,0.02778829533502338,5642132760.916207,0,200,221,0,91.25
1678,68,19,train,3.419836407914739e-11,3.3227665898737656e-11,0.028384345466443545,5642132760.916207,0,200,216,0,88.69
1679,68,20,train,3.3227665898737656e-11,3.230015027504015e-11,0.02791395659641396,5642132760.916207,0,200,221,0,91.35
1680,68,21,train,3.230015027504015e-11,3.138236851313193e-11,0.02841416383803733,5642132760.916207,0,200,216,0,89.28
1681,68,22,train,3.138236851313193e-11,3.06026001414142e-11,0.024847339721711468,5642132760.916207,0,200,221,0,90.93
1682,68,23,train,3.06026001414142e-11,2.9773344898341606e-11,0.027097542014097427,5642132760.916207,0,200,221,0,90.96
1683,68,24,train,2.9773344898341606e-11,2.8992832809242407e-11,0.026215129397257394,5642132760.916207,0,200,216,0,90.29
1684,69,0,train,1.5920870077187012e-09,2.8716050540611714e-10,0.8196326557443686,628106375.5635431,1,200,209,0,85.6
1685,69,1,train,2.8716050540611714e-10,1.9251662652362337e-10,0.3295852915032432,628106375.5635431,0,200,214,0,88.43
1686,69,2,train,1.9251662652362337e-10,1.5046929833484028e-10,0.21840881459463732,628106375.5635431,0,200,212,0,86.74
1687,69,3,train,1.5046929833484028e-10,1.2970798573842835e-10,0.13797706792126888,6645874015.938413,1,200,215,0,87.82
1688,69,4,train,1.2970798573842835e-10,1.0931309998957944e-10,0.15723693211902648,6645874015.938413,0,200,209,0,85.32
1689,69,5,train,1.0931309998957944e-10,9.379848493141684e-11,0.14192823238606875,6645874015.938413,0,200,212,0,86.69
1690,69,6,train,9.379848493141684e-11,8.39417588705315e-11,0.10508406471695507,6645874015.938413,0,200,210,0,86.49
1691,69,7,train,8.39417588705315e-11,7.58690710769633e-11,0.09617010534672264,6645874015.938413,0,200,215,0,88.14
1692,69,8,train,7.58690710769633e-11,7.001477250611991e-11,0.07716317713847655,6645874015.938413,0,200,219,0,89.97
1693,69,9,train,7.001477250611991e-11,6.573451478817863e-11,0.06113363744154342,6645874015.938413,0,200,214,0,88.31
1694,69,10,train,6.573451478817863e-11,6.20514191447465e-11,0.05602985973655481,6645874015.938413,0,200,217,0,89.19
1695,69,11,train,6.20514191447465e-11,5.888059443039674e-11,0.05109995481252751,6645874015.938413,0,200,216,0,88.37
1696,69,12,train,5.888059443039674e-11,5.6062577681500917e-11,0.04785985563082297,6645874015.938413,0,200,218,0,89.52
1697,69,13,train,5.6062577681500917e-11,5.376156733579833e-11,0.04104360592862745,6645874015.938413,0,200,216,0,88.33
1698,69,14,train,5.376156733579833e-11,5.168302015020852e-11,0.03866232493943243,6645874015.938413,0,200,215,0,89.51
1699,69,15,train,5.168302015020852e-11,4.964557979186431e-11,0.03942185174981474,6645874015.938413,0,200,215,0,88.26
1700,69,16,train,4.964557979186431e-11,4.796369174373457e-11,0.033877901218616883,6645874015.938413,0,200,217,0,89.9
1701,69,17,train,4.796369174373457e-11,4.615203785670443e-11,0.037771360401314215,6645874015.938413,0,200,215,0,88.46
1702,69,18,train,4.615203785670443e-11,4.453303137084419e-11,0.035079848280741746,6645874015.938413,0,200,214,0,87.45
1703,69,19,train,4.453303137084419e-11,4.3086890022060026e-11,0.03247345406921823,6645874015.938413,0,200,214,0,87.11
1704,69,20,train,4.3086890022060026e-11,4.1884302900867946e-11,0.027910743165180135,6645874015.938413,0,200,216,0,87.73
1705,69,21,train,4.1884302900867946e-11,4.051608143792337e-11,0.032666688190630615,6645874015.938413,0,200,218,0,88.66
1706,69,22,train,4.051608143792337e-11,3.932606660400671e-11,0.02937141973465374,6645874015.938413,0,200,217,0,88.31
1707,69,23,train,3.932606660400671e-11,3.827410391335095e-11,0.026749756115923885,6645874015.938413,0,200,214,0,87.27
1708,69,24,train,3.827410391335095e-11,3.730955179040853e-11,0.025201168004509708,6645874015.938413,0,200,213,0,86.41
