restart,round,in_round,phase,loss_before,loss_after,gain,factor,factor_renewed,n_iter,func_evals,early_stop,wall_s
0,1,0,train,4.445557037036379e-06,8.914524148167494e-09,0.997994734051571,224943.68909652944,1,200,205,0,212.7
1,1,1,train,8.914524148167494e-09,4.461366513224818e-09,0.4995395784370707,112176486.75118168,1,200,211,0,214.92
2,1,2,train,4.461366513224818e-09,3.11397361007124e-09,0.30201349724563187,112176486.75118168,0,200,206,0,207.25
3,1,3,train,3.11397361007124e-09,2.4125292677295377e-09,0.22525699642189806,112176486.75118168,0,200,205,0,205.46
4,1,4,train,2.4125292677295377e-09,1.9548936285535236e-09,0.18969122791480197,112176486.75118168,0,200,208,0,208.41
5,1,5,train,1.9548936285535236e-09,1.6513325480080621e-09,0.15528265891892756,112176486.75118168,0,200,207,0,209.87
6,1,6,train,1.6513325480080621e-09,1.4113813398859317e-09,0.14530762347752074,112176486.75118168,0,200,211,0,213.78
7,1,7,train,1.4113813398859317e-09,1.209882396096461e-09,0.14276718707770072,112176486.75118168,0,200,214,0,215.08
8,1,8,train,1.209882396096461e-09,1.048775148141912e-09,0.13315942811825518,112176486.75118168,0,200,215,0,218.6
9,1,9,train,1.048775148141912e-09,9.268789755012738e-10,0.11622717496366922,112176486.75118168,0,200,213,0,214.67
10,1,10,train,9.268789755012738e-10,8.242968081390728e-10,0.110674823869775,112176486.75118168,0,200,211,0,212.06
11,1,11,train,8.242968081390728e-10,7.701855437720498e-10,0.06564536442787437,1213155249.5727766,1,200,220,0,218.24
12,1,12,train,7.701855437720498e-10,6.984506481961678e-10,0.09313975853734441,1213155249.5727766,0,200,218,0,217.59
13,1,13,train,6.984506481961678e-10,6.378595158725399e-10,0.08675077112479126,1213155249.5727766,0,200,223,0,223.55
14,1,14,train,6.378595158725399e-10,5.75133832837343e-10,0.09833777105197418,1213155249.5727766,0,200,215,0,214.35
15,1,15,train,5.75133832837343e-10,5.189095480259359e-10,0.09775861130275078,1213155249.5727766,0,200,218,0,218.72
16,1,16,train,5.189095480259359e-10,4.731520460600338e-10,0.0881801118132733,1213155249.5727766,0,200,219,0,219.21
17,1,17,train,4.731520460600338e-10,4.351475635328061e-10,0.08032192366849797,1213155249.5727766,0,200,209,0,209.39
18,1,18,train,4.351475635328061e-10,4.009019142834973e-10,0.07869893369339064,1213155249.5727766,0,200,217,0,217.46
19,1,19,train,4.009019142834973e-10,3.7095603594667347e-10,0.07469627175600779,1213155249.5727766,0,200,219,0,218.64
20,1,20,train,3.7095603594667347e-10,3.428833538836929e-10,0.07567657442569864,1213155249.5727766,0,200,212,0,211.52
21,1,21,train,3.428833538836929e-10,3.1921492969397716e-10,0.06902762680554081,1213155249.5727766,0,200,214,0,214.77
22,1,22,train,3.1921492969397716e-10,2.973502360119256e-10,0.06849521011756145,1213155249.5727766,0,200,215,0,213.79
23,1,23,train,2.973502360119256e-10,2.767198451727011e-10,0.06938077842452797,1213155249.5727766,0,200,217,0,215.67
24,1,24,train,2.767198451727011e-10,2.580849332184738e-10,0.06734215951370323,1213155249.5727766,0,200,217,0,216.01
25,2,0,train,1.3192526590172542e-09,5.299279711172265e-10,0.5983119931613526,758004915.2562832,1,200,223,0,222.02
26,2,1,train,5.299279711172265e-10,4.34579281244605e-10,0.17992764124452912,758004915.2562832,0,200,212,0,211.52
27,2,2,train,4.34579281244605e-10,3.851033637720958e-10,0.11384785149170847,758004915.2562832,0,200,214,0,212.67
28,2,3,train,3.851033637720958e-10,3.4174206974236883e-10,0.11259650812966725,758004915.2562832,0,200,221,0,219.64
29,2,4,train,3.4174206974236883e-10,3.0825689203531556e-10,0.0979837739389152,758004915.2562832,0,200,216,0,214.68
30,2,5,train,3.0825689203531556e-10,2.842905536328548e-10,0.07774794018138302,758004915.2562832,0,200,213,0,213.46
31,2,6,train,2.842905536328548e-10,2.6403448678194157e-10,0.0712512835620729,758004915.2562832,0,200,216,0,215.95
32,2,7,train,2.6403448678194157e-10,2.4690366409796547e-10,0.06488100434442091,758004915.2562832,0,200,214,0,213.93
33,2,8,train,2.4690366409796547e-10,2.335378986653873e-10,0.05413352402609525,758004915.2562832,0,200,213,0,213.14
34,2,9,train,2.335378986653873e-10,2.2119882566461458e-10,0.05283542016643785,758004915.2562832,0,200,217,0,216.94
35,2,10,train,2.2119882566461458e-10,2.1111853315686753e-10,0.045571184555161084,758004915.2562832,0,200,220,0,219.66
36,2,11,train,2.1111853315686753e-10,2.018062017584894e-10,0.04410949270597087,758004915.2562832,0,200,218,0,216.43
37,2,12,train,2.018062017584894e-10,1.9320496148689164e-10,0.04262128813014013,758004915.2562832,0,200,214,0,213.43
38,2,13,train,1.9320496148689164e-10,1.8475074874015279e-10,0.04375774142483629,758004915.2562832,0,200,220,0,219.28
39,2,14,train,1.8475074874015279e-10,1.7770078079559108e-10,0.03815934708052149,758004915.2562832,0,200,218,0,218.08
40,2,15,train,1.7770078079559108e-10,1.699183581767515e-10,0.04379509523816715,758004915.2562832,0,200,222,0,221.45
41,2,16,train,1.699183581767515e-10,1.6286659939468386e-10,0.04150086463719418,758004915.2562832,0,200,214,0,213.65
42,2,17,train,1.6286659939468386e-10,1.567428554748777e-10,0.037599753065182866,758004915.2562832,0,200,223,0,222.24
43,2,18,train,1.567428554748777e-10,1.5102335174836262e-10,0.03648972522024633,758004915.2562832,0,200,214,0,212.74
44,2,19,train,1.5102335174836262e-10,1.4550567246095266e-10,0.036535272350487896,758004915.2562832,0,200,220,0,220.25
45,2,20,train,1.4550567246095266e-10,1.40665626889615e-10,0.033263621200998274,758004915.2562832,0,200,222,0,222.76
46,2,21,train,1.40665626889615e-10,1.3627582709091578e-10,0.031207338251469537,758004915.2562832,0,200,217,0,217.28
47,2,22,train,1.3627582709091578e-10,1.318633036923022e-10,0.03237935511240588,758004915.2562832,0,200,221,0,220.72
48,2,23,train,1.318633036923022e-10,1.2935521965200464e-10,0.01902033370974893,7583610997.138828,1,200,230,0,227.62
49,2,24,train,1.2935521965200464e-10,1.2695419358862805e-10,0.018561493458369126,7583610997.138828,0,200,222,0,220.29
50,3,0,train,1.1265783934128634e-09,6.529230254324842e-10,0.42043711360865416,887643510.5155834,1,200,218,0,215.74
51,3,1,train,6.529230254324842e-10,5.259983567243845e-10,0.1943945362074299,887643510.5155834,0,200,214,0,214.31
52,3,2,train,5.259983567243845e-10,4.441331671261522e-10,0.15563772880972795,887643510.5155834,0,200,212,0,211.81
53,3,3,train,4.441331671261522e-10,3.806885968281163e-10,0.1428503318240473,887643510.5155834,0,200,219,0,218.8
54,3,4,train,3.806885968281163e-10,3.3564249579091085e-10,0.11832794943827565,887643510.5155834,0,200,222,0,221.85
55,3,5,train,3.3564249579091085e-10,3.0552116555556864e-10,0.08974230204183191,887643510.5155834,0,200,215,0,214.58
56,3,6,train,3.0552116555556864e-10,2.762523177533659e-10,0.09579973861705908,887643510.5155834,0,200,215,0,214.48
57,3,7,train,2.762523177533659e-10,2.528357486965826e-10,0.0847651496545608,887643510.5155834,0,200,220,0,220.47
58,3,8,train,2.528357486965826e-10,2.31874050662165e-10,0.08290638543987233,887643510.5155834,0,200,218,0,217.35
59,3,9,train,2.31874050662165e-10,2.1424480918437401e-10,0.07602938503660496,887643510.5155834,0,200,216,0,215.76
60,3,10,train,2.1424480918437401e-10,1.9927677958380915e-10,0.06986414120159024,887643510.5155834,0,200,224,0,224.11
61,3,11,train,1.9927677958380915e-10,1.8734476368140113e-10,0.05987659940775897,887643510.5155834,0,200,220,0,219.59
62,3,12,train,1.8734476368140113e-10,1.755284368985852e-10,0.0630726290429488,887643510.5155834,0,200,220,0,218.62
63,3,13,train,1.755284368985852e-10,1.6571372238676663e-10,0.05591523906459222,887643510.5155834,0,200,216,0,214.93
64,3,14,train,1.6571372238676663e-10,1.5598009257351233e-10,0.05873762095897253,887643510.5155834,0,200,222,0,222.0
65,3,15,train,1.5598009257351233e-10,1.477365606963428e-10,0.0528498973244577,887643510.5155834,0,200,220,0,219.55
66,3,16,train,1.477365606963428e-10,1.4049602104969368e-10,0.04900980239773752,887643510.5155834,0,200,220,0,219.78
67,3,17,train,1.4049602104969368e-10,1.3383871254237784e-10,0.047384320620447624,887643510.5155834,0,200,218,0,217.8
68,3,18,train,1.3383871254237784e-10,1.2801749940189692e-10,0.04349424041745565,887643510.5155834,0,200,214,0,213.71
69,3,19,train,1.2801749940189692e-10,1.21564454725058e-10,0.05040752012020087,887643510.5155834,0,200,220,0,219.48
70,3,20,train,1.21564454725058e-10,1.1587616389015204e-10,0.04679238555193741,887643510.5155834,0,200,220,0,219.38
71,3,21,train,1.1587616389015204e-10,1.107862573765833e-10,0.043925397102322634,887643510.5155834,0,200,220,0,219.44
72,3,22,train,1.107862573765833e-10,1.0790621546582807e-10,0.02599638239394104,9026390309.411863,1,200,222,0,221.02
73,3,23,train,1.0790621546582807e-10,1.0520445475355851e-10,0.025038045311904716,9026390309.411863,0,200,216,0,215.9
74,3,24,train,1.0520445475355851e-10,1.0266937440944744e-10,0.024096701513728603,9026390309.411863,0,200,214,0,213.68
75,4,0,train,1.910257128448025e-09,3.45183672294984e-10,0.8192998904941001,523489736.07152194,1,200,223,0,222.05
76,4,1,train,3.45183672294984e-10,2.796584834638574e-10,0.18982702280057645,523489736.07152194,0,200,215,0,214.6
77,4,2,train,2.796584834638574e-10,2.4360417247794544e-10,0.12892264357348393,523489736.07152194,0,200,210,0,210.19
78,4,3,train,2.4360417247794544e-10,2.1603889538626008e-10,0.11315601375498185,523489736.07152194,0,200,221,0,220.08
79,4,4,train,2.1603889538626008e-10,1.9645977888228085e-10,0.09062773844021631,523489736.07152194,0,200,215,0,214.85
80,4,5,train,1.9645977888228085e-10,1.8011265689935093e-10,0.08320849222132716,523489736.07152194,0,200,216,0,216.02
81,4,6,train,1.8011265689935093e-10,1.7150658066965167e-10,0.047781629441558,5552080665.595932,1,200,222,0,220.29
82,4,7,train,1.7150658066965167e-10,1.6225268295015628e-10,0.05395651690660098,5552080665.595932,0,200,215,0,215.86
83,4,8,train,1.6225268295015628e-10,1.524789367454469e-10,0.06023780948948533,5552080665.595932,0,200,212,0,212.18
84,4,9,train,1.524789367454469e-10,1.4262418949875333e-10,0.06463022012768485,5552080665.595932,0,200,216,0,215.88
85,4,10,train,1.4262418949875333e-10,1.3330620316693362e-10,0.06533244020223627,5552080665.595932,0,200,214,0,213.34
86,4,11,train,1.3330620316693362e-10,1.245890789050678e-10,0.06539173762941662,5552080665.595932,0,200,216,0,215.82
87,4,12,train,1.245890789050678e-10,1.1718731583954352e-10,0.05940940514669136,5552080665.595932,0,200,225,0,223.85
88,4,13,train,1.1718731583954352e-10,1.1096677558345673e-10,0.053082026937148585,5552080665.595932,0,200,226,0,225.92
89,4,14,train,1.1096677558345673e-10,1.0560414590770275e-10,0.04832644408704847,5552080665.595932,0,200,214,0,214.24
90,4,15,train,1.0560414590770275e-10,1.0074467160246182e-10,0.04601594249422818,5552080665.595932,0,200,217,0,216.66
91,4,16,train,1.0074467160246182e-10,9.61347733991161e-11,0.045758233463069564,5552080665.595932,0,200,221,0,220.77
92,4,17,train,9.61347733991161e-11,9.185030708093691e-11,0.04456728992735714,5552080665.595932,0,200,227,0,226.65
93,4,18,train,9.185030708093691e-11,8.739106946535416e-11,0.04854896795993671,5552080665.595932,0,200,222,0,221.35
94,4,19,train,8.739106946535416e-11,8.332845336885139e-11,0.04648777182104827,5552080665.595932,0,200,225,0,224.98
95,4,20,train,8.332845336885139e-11,7.979329809627702e-11,0.04242434762260731,5552080665.595932,0,200,219,0,219.07
96,4,21,train,7.979329809627702e-11,7.666655036866074e-11,0.039185593304385105,5552080665.595932,0,200,229,0,228.36
97,4,22,train,7.666655036866074e-11,7.369191382823571e-11,0.03879966590541919,5552080665.595932,0,200,222,0,220.83
98,4,23,train,7.369191382823571e-11,7.100407926566225e-11,0.036473941616421944,5552080665.595932,0,200,219,0,218.33
99,4,24,train,7.100407926566225e-11,6.850989566501449e-11,0.03512732826681336,5552080665.595932,0,200,223,0,222.11
100,5,0,train,1.2966213908997967e-09,3.0174476671010277e-10,0.7672838279332216,771235155.4728286,1,200,228,0,226.44
101,5,1,train,3.0174476671010277e-10,2.3889815372495746e-10,0.20827739175183227,771235155.4728286,0,200,212,0,211.05
102,5,2,train,2.3889815372495746e-10,2.0424543741151014e-10,0.14505225667563282,771235155.4728286,0,200,212,0,211.61
103,5,3,train,2.0424543741151014e-10,1.8163887392334832e-10,0.11068332186346233,771235155.4728286,0,200,217,0,216.43
104,5,4,train,1.8163887392334832e-10,1.6486877453245704e-10,0.09232659853401352,771235155.4728286,0,200,220,0,218.85
105,5,5,train,1.6486877453245704e-10,1.5196570339205466e-10,0.07826267391744458,771235155.4728286,0,200,218,0,217.49
106,5,6,train,1.5196570339205466e-10,1.4249691361661434e-10,0.06230872864130333,771235155.4728286,0,200,218,0,217.0
107,5,7,train,1.4249691361661434e-10,1.331190414713986e-10,0.06581105447972539,771235155.4728286,0,200,217,0,217.31
108,5,8,train,1.331190414713986e-10,1.2545341978512265e-10,0.05758471216097935,771235155.4728286,0,200,224,0,222.99
109,5,9,train,1.2545341978512265e-10,1.2064212741233778e-10,0.038351225347429185,7971086015.134588,1,200,222,0,220.16
110,5,10,train,1.2064212741233778e-10,1.1593361757943194e-10,0.039028736759696044,7971086015.134588,0,200,216,0,214.97
111,5,11,train,1.1593361757943194e-10,1.1137937558492831e-10,0.03928318713407941,7971086015.134588,0,200,214,0,213.12
112,5,12,train,1.1137937558492831e-10,1.0640352778663585e-10,0.04467476830572018,7971086015.134588,0,200,219,0,218.59
113,5,13,train,1.0640352778663585e-10,1.0094683086065989e-10,0.05128304520991007,7971086015.134588,0,200,219,0,217.65
114,5,14,train,1.0094683086065989e-10,9.525185905707999e-11,0.05641555812129306,7971086015.134588,0,200,215,0,215.59
115,5,15,train,9.525185905707999e-11,9.041927749318501e-11,0.05073477422628609,7971086015.134588,0,200,218,0,217.15
116,5,16,train,9.041927749318501e-11,8.552400828317662e-11,0.05413966297593293,7971086015.134588,0,200,215,0,214.89
117,5,17,train,8.552400828317662e-11,8.126981592884934e-11,0.04974266804990378,7971086015.134588,0,200,214,0,213.15
118,5,18,train,8.126981592884934e-11,7.770824051743561e-11,0.043824086110049086,7971086015.134588,0,200,219,0,218.68
119,5,19,train,7.770824051743561e-11,7.453872093619545e-11,0.040787432068147327,7971086015.134588,0,200,220,0,219.4
120,5,20,train,7.453872093619545e-11,7.153108298686521e-11,0.04035000750690042,7971086015.134588,0,200,223,0,223.26
121,5,21,train,7.153108298686521e-11,6.892035061127174e-11,0.03649787290474632,7971086015.134588,0,200,218,0,217.61
122,5,22,train,6.892035061127174e-11,6.669544251338872e-11,0.03228230962480246,7971086015.134588,0,200,216,0,214.75
123,5,23,train,6.669544251338872e-11,6.447668870149785e-11,0.03326694790945372,7971086015.134588,0,200,219,0,218.82
124,5,24,train,6.447668870149785e-11,6.226029137695593e-11,0.03437517293735393,7971086015.134588,0,200,220,0,220.0
125,6,0,train,1.112191399211775e-09,2.497666192682034e-10,0.7754283844981931,899125816.5714225,1,200,218,0,216.96
126,6,1,train,2.497666192682034e-10,1.8881892723530074e-10,0.24401856505675024,899125816.5714225,0,200,222,0,221.34
127,6,2,train,1.8881892723530074e-10,1.626583879585e-10,0.13854828888102,899125816.5714225,0,200,211,0,210.79
128,6,3,train,1.626583879585e-10,1.4609882769937582e-10,0.10180575663487525,899125816.5714225,0,200,224,0,223.95
129,6,4,train,1.4609882769937582e-10,1.32460382498856e-10,0.0933508188620331,899125816.5714225,0,200,217,0,217.06
130,6,5,train,1.32460382498856e-10,1.225826590546925e-10,0.07457115295774426,899125816.5714225,0,200,223,0,222.08
131,6,6,train,1.225826590546925e-10,1.1445173328189226e-10,0.0663301468209503,899125816.5714225,0,200,220,0,219.22
132,6,7,train,1.1445173328189226e-10,1.0750631640775104e-10,0.06068424369803823,899125816.5714225,0,200,221,0,219.14
133,6,8,train,1.0750631640775104e-10,1.0349074829431858e-10,0.03735192728771554,9301779034.147072,1,200,220,0,217.34
134,6,9,train,1.0349074829431858e-10,9.952361041967793e-11,0.03833326108879279,9301779034.147072,0,200,217,0,215.12
135,6,10,train,9.952361041967793e-11,9.605992398161864e-11,0.03480266062950675,9301779034.147072,0,200,213,0,211.1
136,6,11,train,9.605992398161864e-11,9.189388009872364e-11,0.04336921902719994,9301779034.147072,0,200,218,0,217.09
137,6,12,train,9.189388009872364e-11,8.79605019400054e-11,0.04280348326235141,9301779034.147072,0,200,220,0,218.65
138,6,13,train,8.79605019400054e-11,8.375538779727859e-11,0.047806845686203144,9301779034.147072,0,200,215,0,214.39
139,6,14,train,8.375538779727859e-11,7.945076540868484e-11,0.051395169932382655,9301779034.147072,0,200,221,0,218.83
140,6,15,train,7.945076540868484e-11,7.584457442601276e-11,0.04538900241076706,9301779034.147072,0,200,220,0,219.12
141,6,16,train,7.584457442601276e-11,7.27377274181095e-11,0.040963338925898006,9301779034.147072,0,200,216,0,216.12
142,6,17,train,7.27377274181095e-11,6.971845808528151e-11,0.04150898632662369,9301779034.147072,0,200,216,0,213.91
143,6,18,train,6.971845808528151e-11,6.668573130847565e-11,0.04349962492136807,9301779034.147072,0,200,226,0,225.82
144,6,19,train,6.668573130847565e-11,6.378595894729384e-11,0.04348415027148767,9301779034.147072,0,200,217,0,216.52
145,6,20,train,6.378595894729384e-11,6.082335218330448e-11,0.04644606450829341,9301779034.147072,0,200,214,0,212.31
146,6,21,train,6.082335218330448e-11,5.848204889050101e-11,0.038493493185765816,9301779034.147072,0,200,221,0,220.09
147,6,22,train,5.848204889050101e-11,5.640053260130369e-11,0.035592396789904716,9301779034.147072,0,200,219,0,217.22
148,6,23,train,5.640053260130369e-11,5.458545971075786e-11,0.032181839547094575,9301779034.147072,0,200,216,0,214.5
149,6,24,train,5.458545971075786e-11,5.289551522046224e-11,0.030959609010356305,9301779034.147072,0,200,217,0,215.55
150,7,0,train,1.1258019297723447e-09,2.575942268982353e-10,0.7711904553669356,888255716.7069488,1,200,232,0,230.15
151,7,1,train,2.575942268982353e-10,2.0180081277258813e-10,0.21659419466605054,888255716.7069488,0,200,217,0,216.29
152,7,2,train,2.0180081277258813e-10,1.7272769725772817e-10,0.14406837670977482,888255716.7069488,0,200,216,0,215.26
153,7,3,train,1.7272769725772817e-10,1.5352759852544082e-10,0.11115819313933624,888255716.7069488,0,200,216,0,214.44
154,7,4,train,1.5352759852544082e-10,1.3941658096773415e-10,0.0919119278438291,888255716.7069488,0,200,212,0,211.05
155,7,5,train,1.3941658096773415e-10,1.2990187855295318e-10,0.06824656255903308,888255716.7069488,0,200,215,0,214.71
156,7,6,train,1.2990187855295318e-10,1.2098034660480875e-10,0.06867900639718347,888255716.7069488,0,200,220,0,218.97
157,7,7,train,1.2098034660480875e-10,1.1251500739914662e-10,0.06997284636086218,888255716.7069488,0,200,216,0,215.72
158,7,8,train,1.1251500739914662e-10,1.076861419488448e-10,0.04291752328799512,8887703277.239305,1,200,225,0,222.82
159,7,9,train,1.076861419488448e-10,1.0323167273900831e-10,0.041365296678123505,8887703277.239305,0,200,214,0,213.17
160,7,10,train,1.0323167273900831e-10,9.840325895323045e-11,0.04677260047878061,8887703277.239305,0,200,218,0,217.01
161,7,11,train,9.840325895323045e-11,9.353957318567148e-11,0.0494260639261003,8887703277.239305,0,200,223,0,221.35
162,7,12,train,9.353957318567148e-11,8.800884752346975e-11,0.05912712100175517,8887703277.239305,0,200,213,0,211.2
163,7,13,train,8.800884752346975e-11,8.340062356335008e-11,0.05236091699633684,8887703277.239305,0,200,222,0,220.32
164,7,14,train,8.340062356335008e-11,7.95854060304152e-11,0.04574567155408485,8887703277.239305,0,200,212,0,209.93
165,7,15,train,7.95854060304152e-11,7.600202404231687e-11,0.04502561671581937,8887703277.239305,0,200,214,0,212.59
166,7,16,train,7.600202404231687e-11,7.3135877509884e-11,0.03771145003766001,8887703277.239305,0,200,218,0,217.55
167,7,17,train,7.3135877509884e-11,7.063215518326242e-11,0.03423384543766786,8887703277.239305,0,200,217,0,215.69
168,7,18,train,7.063215518326242e-11,6.827864538518445e-11,0.033320656745805706,8887703277.239305,0,200,217,0,215.53
169,7,19,train,6.827864538518445e-11,6.608752872377616e-11,0.0320908045121197,8887703277.239305,0,200,221,0,218.95
170,7,20,train,6.608752872377616e-11,6.401277280268178e-11,0.03139406119672243,8887703277.239305,0,200,217,0,216.79
171,7,21,train,6.401277280268178e-11,6.205695599873252e-11,0.030553539837713774,8887703277.239305,0,200,220,0,218.26
172,7,22,train,6.205695599873252e-11,6.035266515654301e-11,0.027463332913466077,8887703277.239305,0,200,219,0,217.8
173,7,23,train,6.035266515654301e-11,5.845339010646244e-11,0.031469613564773305,8887703277.239305,0,200,216,0,214.18
174,7,24,train,5.845339010646244e-11,5.6829374687753304e-11,0.027783083508951062,8887703277.239305,0,200,215,0,215.07
175,8,0,train,1.357079312593233e-09,2.1361256708053708e-10,0.8425938962459413,736876607.5205342,1,200,226,0,224.09
176,8,1,train,2.1361256708053708e-10,1.6122854193384558e-10,0.2452291354512933,736876607.5205342,0,200,219,0,218.93
177,8,2,train,1.6122854193384558e-10,1.373114483657219e-10,0.14834280135050285,736876607.5205342,0,200,215,0,214.09
178,8,3,train,1.373114483657219e-10,1.2078043320700426e-10,0.12039065464292642,736876607.5205342,0,200,217,0,214.89
179,8,4,train,1.2078043320700426e-10,1.118398179534271e-10,0.0740237057955731,8279486779.833875,1,200,227,0,224.29
180,8,5,train,1.118398179534271e-10,1.031075772390708e-10,0.07807810200471386,8279486779.833875,0,200,217,0,215.19
181,8,6,train,1.031075772390708e-10,9.376180651732353e-11,0.0906409690926755,8279486779.833875,0,200,217,0,214.78
182,8,7,train,9.376180651732353e-11,8.380512811738188e-11,0.10619119628525976,8279486779.833875,0,200,218,0,215.78
183,8,8,train,8.380512811738188e-11,7.73496739321572e-11,0.07702934570045443,8279486779.833875,0,200,213,0,210.94
184,8,9,train,7.73496739321572e-11,7.2858559890273e-11,0.05806248189001185,8279486779.833875,0,200,216,0,215.37
185,8,10,train,7.2858559890273e-11,6.884284538912414e-11,0.05511657802729884,8279486779.833875,0,200,220,0,218.88
186,8,11,train,6.884284538912414e-11,6.499058403641314e-11,0.05595732324741453,8279486779.833875,0,200,215,0,214.1
187,8,12,train,6.499058403641314e-11,6.162872651545783e-11,0.05172837836126714,8279486779.833875,0,200,219,0,217.26
188,8,13,train,6.162872651545783e-11,5.866303623164444e-11,0.048121881653185455,8279486779.833875,0,200,221,0,218.72
189,8,14,train,5.866303623164444e-11,5.62311038657741e-11,0.0414559579948657,8279486779.833875,0,200,215,0,212.78
190,8,15,train,5.62311038657741e-11,5.414062499853862e-11,0.037176557519225197,8279486779.833875,0,200,216,0,213.57
191,8,16,train,5.414062499853862e-11,5.1973583127424624e-11,0.040026170203474605,8279486779.833875,0,200,216,0,214.13
192,8,17,train,5.1973583127424624e-11,5.016044056956923e-11,0.03488584870914287,8279486779.833875,0,200,213,0,210.85
193,8,18,train,5.016044056956923e-11,4.8342902656725584e-11,0.03623448861703753,8279486779.833875,0,200,221,0,219.14
194,8,19,train,4.8342902656725584e-11,4.6618191469274004e-11,0.035676616269785244,8279486779.833875,0,200,221,0,219.9
195,8,20,train,4.6618191469274004e-11,4.5192420229102336e-11,0.030584010130710285,8279486779.833875,0,200,219,0,217.26
196,8,21,train,4.5192420229102336e-11,4.3749108987809536e-11,0.03193702027853242,8279486779.833875,0,200,216,0,214.09
197,8,22,train,4.3749108987809536e-11,4.218266369206531e-11,0.03580519311103477,8279486779.833875,0,200,221,0,219.29
198,8,23,train,4.218266369206531e-11,4.085465650933889e-11,0.03148229785631625,8279486779.833875,0,200,226,0,224.45
199,8,24,train,4.085465650933889e-11,3.9644293843876234e-11,0.029626063927033215,8279486779.833875,0,200,222,0,221.0
200,9,0,train,7.661843961983474e-10,2.7018421909510703e-10,0.6473639760406154,1305168840.5060172,1,200,225,0,222.07
201,9,1,train,2.7018421909510703e-10,1.983288781872621e-10,0.2659494368268462,1305168840.5060172,0,200,222,0,219.9
202,9,2,train,1.983288781872621e-10,1.679273055807079e-10,0.15328868334468687,1305168840.5060172,0,200,216,0,214.31
203,9,3,train,1.679273055807079e-10,1.462242540493385e-10,0.12924075364824245,1305168840.5060172,0,200,213,0,211.61
204,9,4,train,1.462242540493385e-10,1.285840194259621e-10,0.12063822611414589,1305168840.5060172,0,200,214,0,212.25
205,9,5,train,1.285840194259621e-10,1.1693811051186466e-10,0.09057042209512733,1305168840.5060172,0,200,209,0,207.75
206,9,6,train,1.1693811051186466e-10,1.0650766511918506e-10,0.08919628807942226,1305168840.5060172,0,200,215,0,213.93
207,9,7,train,1.0650766511918506e-10,9.764511615836293e-11,0.08321043326698306,1305168840.5060172,0,200,219,0,217.27
208,9,8,train,9.764511615836293e-11,9.140694561251503e-11,0.06388615008384757,1305168840.5060172,0,200,210,0,208.47
209,9,9,train,9.140694561251503e-11,8.555863062641085e-11,0.06398107875626746,1305168840.5060172,0,200,216,0,214.15
210,9,10,train,8.555863062641085e-11,8.033746509952002e-11,0.06102441669139011,1305168840.5060172,0,200,214,0,212.55
211,9,11,train,8.033746509952002e-11,7.602294682313768e-11,0.053704934192753274,1305168840.5060172,0,200,216,0,214.17
212,9,12,train,7.602294682313768e-11,7.34712985135961e-11,0.03356418576456691,13153923148.052038,1,200,223,0,220.82
213,9,13,train,7.34712985135961e-11,7.095255022250116e-11,0.03428207125846336,13153923148.052038,0,200,214,0,212.76
214,9,14,train,7.095255022250116e-11,6.857068441079302e-11,0.033569840749047244,13153923148.052038,0,200,212,0,210.64
215,9,15,train,6.857068441079302e-11,6.59942766462721e-11,0.037573020987893155,13153923148.052038,0,200,218,0,216.02
216,9,16,train,6.59942766462721e-11,6.33435447456428e-11,0.04016608765692163,13153923148.052038,0,200,220,0,217.99
217,9,17,train,6.33435447456428e-11,6.111169328294645e-11,0.035234079047176695,13153923148.052038,0,200,219,0,217.37
218,9,18,train,6.111169328294645e-11,5.846721672378163e-11,0.04327284054985876,13153923148.052038,0,200,226,0,224.49
219,9,19,train,5.846721672378163e-11,5.5775567742917747e-11,0.046036892667220976,13153923148.052038,0,200,216,0,214.53
220,9,20,train,5.5775567742917747e-11,5.337035555439487e-11,0.043123042684371185,13153923148.052038,0,200,222,0,220.07
221,9,21,train,5.337035555439487e-11,5.1080831981817454e-11,0.042898788078035946,13153923148.052038,0,200,219,0,217.0
222,9,22,train,5.1080831981817454e-11,4.883784620481951e-11,0.0439105177025376,13153923148.052038,0,200,225,0,223.11
223,9,23,train,4.883784620481951e-11,4.691313515124991e-11,0.03941023618235779,13153923148.052038,0,200,224,0,222.27
224,9,24,train,4.691313515124991e-11,4.5179351230858787e-11,0.03695732367494367,13153923148.052038,0,200,217,0,214.96
225,10,0,train,1.1597593827367575e-09,4.040476443559411e-10,0.6516107993000373,862247820.4403372,1,200,221,0,218.53
226,10,1,train,4.040476443559411e-10,2.89607271124862e-10,0.2832348482404817,862247820.4403372,0,200,215,0,213.53
227,10,2,train,2.89607271124862e-10,2.2554386921534588e-10,0.22120785041303634,862247820.4403372,0,200,211,0,209.23
228,10,3,train,2.2554386921534588e-10,1.8636558701097518e-10,0.17370581758958772,862247820.4403372,0,200,213,0,211.73
229,10,4,train,1.8636558701097518e-10,1.5852899306032646e-10,0.14936552609902923,862247820.4403372,0,200,214,0,213.04
230,10,5,train,1.5852899306032646e-10,1.3986109294694624e-10,0.1177570093205371,862247820.4403372,0,200,212,0,211.12
231,10,6,train,1.3986109294694624e-10,1.2609657499947384e-10,0.09841563266414427,862247820.4403372,0,200,217,0,216.11
232,10,7,train,1.2609657499947384e-10,1.1395294655658426e-10,0.0963041894114908,862247820.4403372,0,200,214,0,212.83
233,10,8,train,1.1395294655658426e-10,1.0652597983005621e-10,0.06517573218556598,8775551929.264435,1,200,226,0,223.44
234,10,9,train,1.0652597983005621e-10,1.0068206309546538e-10,0.054859075165643006,8775551929.264435,0,200,216,0,214.32
235,10,10,train,1.0068206309546538e-10,9.416875865884965e-11,0.06469180543549162,8775551929.264435,0,200,213,0,211.4
236,10,11,train,9.416875865884965e-11,8.776034669571056e-11,0.06805242050981249,8775551929.264435,0,200,219,0,217.24
237,10,12,train,8.776034669571056e-11,8.134616749217716e-11,0.07308744148166534,8775551929.264435,0,200,217,0,215.2
238,10,13,train,8.134616749217716e-11,7.603072387509058e-11,0.06534350395300116,8775551929.264435,0,200,220,0,218.17
239,10,14,train,7.603072387509058e-11,7.167799137204875e-11,0.05724965226153638,8775551929.264435,0,200,215,0,213.32
240,10,15,train,7.167799137204875e-11,6.846172584677688e-11,0.04487103312616091,8775551929.264435,0,200,212,0,210.34
241,10,16,train,6.846172584677688e-11,6.570452739405134e-11,0.04027357503222135,8775551929.264435,0,200,213,0,211.93
242,10,17,train,6.570452739405134e-11,6.285860444879899e-11,0.04331395503668159,8775551929.264435,0,200,216,0,214.36
243,10,18,train,6.285860444879899e-11,6.032645241114411e-11,0.040283300271443785,8775551929.264435,0,200,217,0,215.1
244,10,19,train,6.032645241114411e-11,5.8006447117630265e-11,0.03845751243090283,8775551929.264435,0,200,220,0,218.72
245,10,20,train,5.8006447117630265e-11,5.587570605086445e-11,0.03673283182548526,8775551929.264435,0,200,216,0,214.4
246,10,21,train,5.587570605086445e-11,5.390773247190211e-11,0.035220558594299775,8775551929.264435,0,200,225,0,223.3
247,10,22,train,5.390773247190211e-11,5.2097638840704395e-11,0.033577625104917415,8775551929.264435,0,200,224,0,222.01
248,10,23,train,5.2097638840704395e-11,5.043660630763927e-11,0.031883067448487595,8775551929.264435,0,200,218,0,216.57
249,10,24,train,5.043660630763927e-11,4.8922991818709493e-11,0.030010236606671136,8775551929.264435,0,200,220,0,218.47
250,11,0,train,1.559715942881087e-09,3.4662305200432395e-10,0.7777652696400306,641142385.2940896,1,200,226,0,223.36
251,11,1,train,3.4662305200432395e-10,2.47531974704572e-10,0.2858756125040288,641142385.2940896,0,200,219,0,217.52
252,11,2,train,2.47531974704572e-10,2.0807155592131466e-10,0.15941544049148856,641142385.2940896,0,200,212,0,210.36
253,11,3,train,2.0807155592131466e-10,1.7869732339806968e-10,0.1411737053302628,641142385.2940896,0,200,219,0,217.27
254,11,4,train,1.7869732339806968e-10,1.5592427804218424e-10,0.12743920794580543,641142385.2940896,0,200,211,0,209.43
255,11,5,train,1.5592427804218424e-10,1.4431498316666573e-10,0.074454696993227,6413369441.604577,1,200,225,0,222.21
256,11,6,train,1.4431498316666573e-10,1.3264464069430727e-10,0.08086715749313902,6413369441.604577,0,200,219,0,217.59
257,11,7,train,1.3264464069430727e-10,1.2118420140570718e-10,0.08639956524901606,6413369441.604577,0,200,212,0,210.16
258,11,8,train,1.2118420140570718e-10,1.1139538935065174e-10,0.08077630533937265,6413369441.604577,0,200,215,0,212.99
259,11,9,train,1.1139538935065174e-10,1.0374563684772208e-10,0.06867207473775844,6413369441.604577,0,200,215,0,213.17
260,11,10,train,1.0374563684772208e-10,9.73235690779477e-11,0.06190205164194709,6413369441.604577,0,200,221,0,219.05
261,11,11,train,9.73235690779477e-11,9.111483160737048e-11,0.06379479841727302,6413369441.604577,0,200,224,0,222.83
262,11,12,train,9.111483160737048e-11,8.588464851574838e-11,0.05740210456800124,6413369441.604577,0,200,216,0,214.28
263,11,13,train,8.588464851574838e-11,8.102641997711134e-11,0.05656690249767053,6413369441.604577,0,200,217,0,215.07
264,11,14,train,8.102641997711134e-11,7.628082215489872e-11,0.05856852398949833,6413369441.604577,0,200,219,0,216.96
265,11,15,train,7.628082215489872e-11,7.236777477345475e-11,0.051297918282762985,6413369441.604577,0,200,213,0,211.83
266,11,16,train,7.236777477345475e-11,6.860071230205127e-11,0.052054419017251344,6413369441.604577,0,200,213,0,210.82
267,11,17,train,6.860071230205127e-11,6.525330591341542e-11,0.048795504832327516,6413369441.604577,0,200,214,0,211.85
268,11,18,train,6.525330591341542e-11,6.214798725058606e-11,0.04758867952146053,6413369441.604577,0,200,218,0,215.97
269,11,19,train,6.214798725058606e-11,5.952705093542011e-11,0.042172505194707506,6413369441.604577,0,200,213,0,211.1
270,11,20,train,5.952705093542011e-11,5.689469952473263e-11,0.044221095608167664,6413369441.604577,0,200,216,0,214.0
271,11,21,train,5.689469952473263e-11,5.444166639406465e-11,0.0431153191977334,6413369441.604577,0,200,216,0,214.01
272,11,22,train,5.444166639406465e-11,5.223474352363802e-11,0.04053738646521723,6413369441.604577,0,200,219,0,217.07
273,11,23,train,5.223474352363802e-11,4.9906664524909506e-11,0.044569549722685634,6413369441.604577,0,200,216,0,214.09
274,11,24,train,4.9906664524909506e-11,4.801522897620023e-11,0.037899458253019914,6413369441.604577,0,200,219,0,217.53
275,12,0,train,4.838240265016681e-09,2.6877928845278784e-10,0.9444468910739676,206686717.73714656,1,200,220,0,217.26
276,12,1,train,2.6877928845278784e-10,2.157065401546988e-10,0.19745847458559476,3720524768.691967,1,200,223,0,220.65
277,12,2,train,2.157065401546988e-10,1.8665820849665897e-10,0.13466597552956514,3720524768.691967,0,200,216,0,214.69
278,12,3,train,1.8665820849665897e-10,1.6708782487311222e-10,0.10484609158721805,3720524768.691967,0,200,215,0,214.25
279,12,4,train,1.6708782487311222e-10,1.519824534115942e-10,0.09040378299848686,3720524768.691967,0,200,215,0,213.86
280,12,5,train,1.519824534115942e-10,1.4037988409593452e-10,0.07634150558313445,3720524768.691967,0,200,216,0,214.87
281,12,6,train,1.4037988409593452e-10,1.308003219071369e-10,0.06824027709163101,3720524768.691967,0,200,215,0,213.35
282,12,7,train,1.308003219071369e-10,1.2102281922714984e-10,0.07475136557331034,3720524768.691967,0,200,224,0,222.11
283,12,8,train,1.2102281922714984e-10,1.1306523359814549e-10,0.06575277026119028,3720524768.691967,0,200,219,0,217.31
284,12,9,train,1.1306523359814549e-10,1.0611794953785443e-10,0.06144491847054396,3720524768.691967,0,200,220,0,218.68
285,12,10,train,1.0611794953785443e-10,1.0022329752743612e-10,0.0555481144904291,3720524768.691967,0,200,221,0,219.1
286,12,11,train,1.0022329752743612e-10,9.500521975436657e-11,0.05206451894721486,3720524768.691967,0,200,225,0,223.07
287,12,12,train,9.500521975436657e-11,9.02978251580947e-11,0.0495487996179863,3720524768.691967,0,200,215,0,213.05
288,12,13,train,9.02978251580947e-11,8.619437159421271e-11,0.04544354813305424,3720524768.691967,0,200,217,0,215.34
289,12,14,train,8.619437159421271e-11,8.273160890749931e-11,0.04017388400968281,3720524768.691967,0,200,222,0,220.46
290,12,15,train,8.273160890749931e-11,7.905098326440006e-11,0.04448874730835341,3720524768.691967,0,200,216,0,214.18
291,12,16,train,7.905098326440006e-11,7.584327947787838e-11,0.04057765829164889,3720524768.691967,0,200,215,0,213.85
292,12,17,train,7.584327947787838e-11,7.29265496645986e-11,0.03845732717993174,3720524768.691967,0,200,221,0,219.4
293,12,18,train,7.29265496645986e-11,7.018323416296118e-11,0.037617513981593756,3720524768.691967,0,200,220,0,218.66
294,12,19,train,7.018323416296118e-11,6.76513667029625e-11,0.036075103836335436,3720524768.691967,0,200,215,0,213.79
295,12,20,train,6.76513667029625e-11,6.557425379087363e-11,0.03070319216474774,3720524768.691967,0,200,215,0,213.44
296,12,21,train,6.557425379087363e-11,6.336367442573527e-11,0.03371108685717167,3720524768.691967,0,200,221,0,219.55
297,12,22,train,6.336367442573527e-11,6.125564679316423e-11,0.033268708793738506,3720524768.691967,0,200,215,0,213.2
298,12,23,train,6.125564679316423e-11,5.927264851105067e-11,0.03237249765412396,3720524768.691967,0,200,212,0,210.27
299,12,24,train,5.927264851105067e-11,5.7381278490879744e-11,0.03190965930632081,3720524768.691967,0,200,215,0,213.18
300,13,0,train,1.712181562299654e-09,3.361849609572992e-10,0.8036511031541744,584050209.4047121,1,200,228,0,225.02
301,13,1,train,3.361849609572992e-10,2.55140073379728e-10,0.24107231729460135,584050209.4047121,0,200,219,0,217.09
302,13,2,train,2.55140073379728e-10,2.15075351711779e-10,0.15703029766053336,584050209.4047121,0,200,218,0,216.06
303,13,3,train,2.15075351711779e-10,1.913276581446111e-10,0.11041569095742786,584050209.4047121,0,200,225,0,223.47
304,13,4,train,1.913276581446111e-10,1.7328891173947773e-10,0.09428195891834498,584050209.4047121,0,200,214,0,212.33
305,13,5,train,1.7328891173947773e-10,1.5880111806660977e-10,0.08360485115544428,584050209.4047121,0,200,215,0,213.82
306,13,6,train,1.5880111806660977e-10,1.494700669735462e-10,0.05875935388030226,6297184882.417175,1,200,222,0,219.31
307,13,7,train,1.494700669735462e-10,1.3940928528816014e-10,0.06730967536909349,6297184882.417175,0,200,221,0,219.08
308,13,8,train,1.3940928528816014e-10,1.2915941091032594e-10,0.0735236132704333,6297184882.417175,0,200,215,0,213.76
309,13,9,train,1.2915941091032594e-10,1.175988135929679e-10,0.0895064264839706,6297184882.417175,0,200,221,0,219.3
310,13,10,train,1.175988135929679e-10,1.0705367837086415e-10,0.08967042183437746,6297184882.417175,0,200,216,0,214.3
311,13,11,train,1.0705367837086415e-10,9.827695413686912e-11,0.08198433129583813,6297184882.417175,0,200,217,0,215.15
312,13,12,train,9.827695413686912e-11,9.149419796993315e-11,0.06901675195885405,6297184882.417175,0,200,212,0,210.76
313,13,13,train,9.149419796993315e-11,8.599484912390754e-11,0.060105984510983,6297184882.417175,0,200,216,0,215.19
314,13,14,train,8.599484912390754e-11,8.084999842330382e-11,0.059827428654368,6297184882.417175,0,200,215,0,214.14
315,13,15,train,8.084999842330382e-11,7.642960378861479e-11,0.054674022521872034,6297184882.417175,0,200,221,0,219.88
316,13,16,train,7.642960378861479e-11,7.242794980562279e-11,0.05235738227898678,6297184882.417175,0,200,217,0,215.47
317,13,17,train,7.242794980562279e-11,6.866535708327271e-11,0.05194945780527919,6297184882.417175,0,200,221,0,219.58
318,13,18,train,6.866535708327271e-11,6.548036620027297e-11,0.046384246995718595,6297184882.417175,0,200,217,0,215.27
319,13,19,train,6.548036620027297e-11,6.277784252522476e-11,0.041272274910352305,6297184882.417175,0,200,213,0,211.5
320,13,20,train,6.277784252522476e-11,6.01939535181697e-11,0.04115925146705743,6297184882.417175,0,200,224,0,221.94
321,13,21,train,6.01939535181697e-11,5.753283804400789e-11,0.04420901633182389,6297184882.417175,0,200,221,0,220.19
322,13,22,train,5.753283804400789e-11,5.5142941110614257e-11,0.04153970175372822,6297184882.417175,0,200,219,0,218.05
323,13,23,train,5.5142941110614257e-11,5.292195032349354e-11,0.040276973668588144,6297184882.417175,0,200,226,0,224.89
324,13,24,train,5.292195032349354e-11,5.0983130494715126e-11,0.03663545687426636,6297184882.417175,0,200,219,0,217.65
325,14,0,train,1.7056208702564716e-09,2.2900596390611618e-10,0.8657345440011642,586296765.8513885,1,200,221,0,219.29
326,14,1,train,2.2900596390611618e-10,1.7261917212018405e-10,0.246224119337995,586296765.8513885,0,200,213,0,212.31
327,14,2,train,1.7261917212018405e-10,1.471490101217348e-10,0.14755117688037553,586296765.8513885,0,200,214,0,213.05
328,14,3,train,1.471490101217348e-10,1.340703140665239e-10,0.0888806254584453,6795832327.874382,1,200,221,0,218.6
329,14,4,train,1.340703140665239e-10,1.191936967593992e-10,0.11096130721184946,6795832327.874382,0,200,213,0,211.58
330,14,5,train,1.191936967593992e-10,1.091146256096193e-10,0.0845604375382803,6795832327.874382,0,200,213,0,211.65
331,14,6,train,1.091146256096193e-10,1.00916616216597e-10,0.07513208561382434,6795832327.874382,0,200,218,0,216.44
332,14,7,train,1.00916616216597e-10,9.431313087179676e-11,0.06543506503059113,6795832327.874382,0,200,212,0,210.62
333,14,8,train,9.431313087179676e-11,8.898075288151535e-11,0.056539083593035507,6795832327.874382,0,200,217,0,215.65
334,14,9,train,8.898075288151535e-11,8.381319947956125e-11,0.058074957050937584,6795832327.874382,0,200,220,0,218.28
335,14,10,train,8.381319947956125e-11,7.949018679365536e-11,0.051579139237610226,6795832327.874382,0,200,216,0,214.01
336,14,11,train,7.949018679365536e-11,7.576486192721162e-11,0.046865217163398205,6795832327.874382,0,200,210,0,208.48
337,14,12,train,7.576486192721162e-11,7.252596179723757e-11,0.04274937019070527,6795832327.874382,0,200,214,0,213.05
338,14,13,train,7.252596179723757e-11,6.948926126430714e-11,0.04187053101646838,6795832327.874382,0,200,219,0,217.29
339,14,14,train,6.948926126430714e-11,6.659927734081037e-11,0.041588928575661814,6795832327.874382,0,200,221,0,219.54
340,14,15,train,6.659927734081037e-11,6.371548388390363e-11,0.043300671899927964,6795832327.874382,0,200,216,0,213.91
341,14,16,train,6.371548388390363e-11,6.115221664368975e-11,0.04022989521486524,6795832327.874382,0,200,212,0,210.91
342,14,17,train,6.115221664368975e-11,5.876694622758484e-11,0.03900546124113466,6795832327.874382,0,200,225,0,223.27
343,14,18,train,5.876694622758484e-11,5.675556660264607e-11,0.034226376459129994,6795832327.874382,0,200,217,0,215.5
344,14,19,train,5.675556660264607e-11,5.493377638180399e-11,0.03209888174664343,6795832327.874382,0,200,215,0,213.45
345,14,20,train,5.493377638180399e-11,5.332336426705064e-11,0.029315518080544282,6795832327.874382,0,200,216,0,214.25
346,14,21,train,5.332336426705064e-11,5.1634110294159444e-11,0.03167943351119376,6795832327.874382,0,200,210,0,208.28
347,14,22,train,5.1634110294159444e-11,4.9994096838420096e-11,0.03176221002736744,6795832327.874382,0,200,218,0,216.54
348,14,23,train,4.9994096838420096e-11,4.8607466182184654e-11,0.02773588771324351,6795832327.874382,0,200,214,0,212.55
349,14,24,train,4.8607466182184654e-11,4.72679469746931e-11,0.027557890026008135,6795832327.874382,0,200,217,0,216.23
350,15,0,train,1.0181935535889848e-09,2.0748437593576651e-10,0.7962230509077433,982131537.2456886,1,200,223,0,220.33
351,15,1,train,2.0748437593576651e-10,1.5870932103044542e-10,0.23507820617982814,982131537.2456886,0,200,212,0,210.41
352,15,2,train,1.5870932103044542e-10,1.3406686989099538e-10,0.15526782535175013,982131537.2456886,0,200,214,0,212.65
353,15,3,train,1.3406686989099538e-10,1.1737309443804915e-10,0.12451827559276422,982131537.2456886,0,200,212,0,210.36
354,15,4,train,1.1737309443804915e-10,1.0512032965440407e-10,0.10439159708882197,982131537.2456886,0,200,213,0,211.74
355,15,5,train,1.0512032965440407e-10,9.616428780934548e-11,0.0851979999920346,982131537.2456886,0,200,218,0,216.79
356,15,6,train,9.616428780934548e-11,9.080180506916972e-11,0.055763764931191215,10398870753.169739,1,200,221,0,218.74
357,15,7,train,9.080180506916972e-11,8.52626801601698e-11,0.06100236558932294,10398870753.169739,0,200,220,0,218.34
358,15,8,train,8.52626801601698e-11,7.996341071942186e-11,0.06215227378253905,10398870753.169739,0,200,215,0,213.31
359,15,9,train,7.996341071942186e-11,7.449653501852065e-11,0.0683672151014613,10398870753.169739,0,200,216,0,214.2
360,15,10,train,7.449653501852065e-11,6.957154225764419e-11,0.06611036016174512,10398870753.169739,0,200,215,0,213.24
361,15,11,train,6.957154225764419e-11,6.537568594102001e-11,0.06030995117350819,10398870753.169739,0,200,216,0,214.64
362,15,12,train,6.537568594102001e-11,6.180437855143321e-11,0.05462745573038765,10398870753.169739,0,200,216,0,214.25
363,15,13,train,6.180437855143321e-11,5.869417690028257e-11,0.05032332213424574,10398870753.169739,0,200,220,0,218.47
364,15,14,train,5.869417690028257e-11,5.598772509340721e-11,0.04611107864198247,10398870753.169739,0,200,219,0,217.42
365,15,15,train,5.598772509340721e-11,5.363697121079431e-11,0.04198695122352292,10398870753.169739,0,200,219,0,217.51
366,15,16,train,5.363697121079431e-11,5.131941897195731e-11,0.04320811161631365,10398870753.169739,0,200,217,0,215.18
367,15,17,train,5.131941897195731e-11,4.9318736299185707e-11,0.038984904990152815,10398870753.169739,0,200,219,0,217.1
368,15,18,train,4.9318736299185707e-11,4.731466309135842e-11,0.040635128922806046,10398870753.169739,0,200,220,0,218.05
369,15,19,train,4.731466309135842e-11,4.5454391450554575e-11,0.03931702181228481,10398870753.169739,0,200,219,0,217.14
370,15,20,train,4.5454391450554575e-11,4.3897569588202974e-11,0.03425019701440986,10398870753.169739,0,200,214,0,212.78
371,15,21,train,4.3897569588202974e-11,4.2388697834162204e-11,0.034372557938748945,10398870753.169739,0,200,216,0,214.74
372,15,22,train,4.2388697834162204e-11,4.097546460500269e-11,0.03333985947595099,10398870753.169739,0,200,222,0,220.37
373,15,23,train,4.097546460500269e-11,3.971153897201879e-11,0.030845913406179835,10398870753.169739,0,200,214,0,212.43
374,15,24,train,3.971153897201879e-11,3.839048840582457e-11,0.03326616395111361,10398870753.169739,0,200,220,0,218.43
375,16,0,train,1.028325281164428e-09,1.9152497900257358e-10,0.8137505879601642,972454940.3936139,1,200,218,0,215.34
376,16,1,train,1.9152497900257358e-10,1.4695620992369026e-10,0.23270473288126262,972454940.3936139,0,200,213,0,211.05
377,16,2,train,1.4695620992369026e-10,1.2718968659289847e-10,0.13450621338870897,972454940.3936139,0,200,214,0,212.26
378,16,3,train,1.2718968659289847e-10,1.1340835866304392e-10,0.10835255828536665,972454940.3936139,0,200,211,0,209.83
379,16,4,train,1.1340835866304392e-10,1.041821733750827e-10,0.0813536620821207,972454940.3936139,0,200,214,0,212.79
380,16,5,train,1.041821733750827e-10,9.7347347908256e-11,0.06560455829827588,972454940.3936139,0,200,218,0,216.26
381,16,6,train,9.7347347908256e-11,9.28616388205918e-11,0.04607941750905953,10272493514.075388,1,200,224,0,221.27
382,16,7,train,9.28616388205918e-11,8.794214400260628e-11,0.05297660993782326,10272493514.075388,0,200,218,0,216.33
383,16,8,train,8.794214400260628e-11,8.209770140154865e-11,0.0664578134561334,10272493514.075388,0,200,216,0,214.75
384,16,9,train,8.209770140154865e-11,7.698219611261132e-11,0.062309969726397636,10272493514.075388,0,200,214,0,212.38
385,16,10,train,7.698219611261132e-11,7.274150113941082e-11,0.05508669779954215,10272493514.075388,0,200,218,0,216.69
386,16,11,train,7.274150113941082e-11,6.894194568338904e-11,0.05223366849056133,10272493514.075388,0,200,224,0,222.15
387,16,12,train,6.894194568338904e-11,6.54974088656741e-11,0.04996286054260386,10272493514.075388,0,200,210,0,208.5
388,16,13,train,6.54974088656741e-11,6.203080700030759e-11,0.0529273130861714,10272493514.075388,0,200,220,0,218.65
389,16,14,train,6.203080700030759e-11,5.888349070972864e-11,0.050737954941701,10272493514.075388,0,200,222,0,219.93
390,16,15,train,5.888349070972864e-11,5.5993465548935274e-11,0.04908039801920026,10272493514.075388,0,200,224,0,222.51
391,16,16,train,5.5993465548935274e-11,5.326936965387869e-11,0.04865024638769445,10272493514.075388,0,200,217,0,216.0
392,16,17,train,5.326936965387869e-11,5.0891398071395546e-11,0.04464050537737121,10272493514.075388,0,200,215,0,214.04
393,16,18,train,5.0891398071395546e-11,4.8570722894034994e-11,0.045600538898634226,10272493514.075388,0,200,215,0,213.63
394,16,19,train,4.8570722894034994e-11,4.7227906683829406e-11,0.027646617760562524,20588534417.773937,1,200,223,0,229.51
395,16,20,train,4.7227906683829406e-11,4.585201578235425e-11,0.029133006268648662,20588534417.773937,0,200,217,0,222.3
396,16,21,train,4.585201578235425e-11,4.455565107149607e-11,0.028272796489725353,20588534417.773937,0,200,215,0,219.18
397,16,22,train,4.455565107149607e-11,4.335181392305421e-11,0.027018730946387244,20588534417.773937,0,200,216,0,220.37
398,16,23,train,4.335181392305421e-11,4.2173993411861776e-11,0.027168886480343477,20588534417.773937,0,200,215,0,219.78
399,16,24,train,4.2173993411861776e-11,4.094958639205904e-11,0.029032276072257435,20588534417.773937,0,200,217,0,221.97
400,17,0,train,6.803017127877487e-10,1.785040647731164e-10,0.7376104433992379,1469936031.6207168,1,200,223,0,229.28
401,17,1,train,1.785040647731164e-10,1.2933561426635397e-10,0.27544723179977376,1469936031.6207168,0,200,217,0,222.97
402,17,2,train,1.2933561426635397e-10,1.100259923822817e-10,0.14929856709309788,1469936031.6207168,0,200,215,0,221.41
403,17,3,train,1.100259923822817e-10,9.698064846722336e-11,0.11856601910694624,1469936031.6207168,0,200,215,0,221.38
404,17,4,train,9.698064846722336e-11,8.872843030612611e-11,0.08509138979294677,1469936031.6207168,0,200,214,0,219.85
405,17,5,train,8.872843030612611e-11,8.092370833668012e-11,0.0879619073899826,1469936031.6207168,0,200,221,0,226.91
406,17,6,train,8.092370833668012e-11,7.45274021963976e-11,0.07904118918612739,1469936031.6207168,0,200,222,0,228.0
407,17,7,train,7.45274021963976e-11,6.92053857009085e-11,0.07141019730520469,1469936031.6207168,0,200,228,0,234.53
408,17,8,train,6.92053857009085e-11,6.511985911129006e-11,0.059034807020298175,1469936031.6207168,0,200,218,0,223.9
409,17,9,train,6.511985911129006e-11,6.248190841595983e-11,0.040509158516789205,15356298579.992266,1,200,225,0,229.28
410,17,10,train,6.248190841595983e-11,6.00399236786983e-11,0.03908306899021946,15356298579.992266,0,200,217,0,222.51
411,17,11,train,6.00399236786983e-11,5.799737817497531e-11,0.0340197884769742,15356298579.992266,0,200,215,0,220.94
412,17,12,train,5.799737817497531e-11,5.587569390297649e-11,0.036582416977501975,15356298579.992266,0,200,216,0,222.75
413,17,13,train,5.587569390297649e-11,5.3503285982994103e-11,0.0424586748596246,15356298579.992266,0,200,218,0,223.05
414,17,14,train,5.3503285982994103e-11,5.113066690121713e-11,0.04434529652124745,15356298579.992266,0,200,219,0,224.4
415,17,15,train,5.113066690121713e-11,4.877260401161113e-11,0.046118367557413324,15356298579.992266,0,200,214,0,220.13
416,17,16,train,4.877260401161113e-11,4.666573731202051e-11,0.04319774886510152,15356298579.992266,0,200,214,0,219.52
417,17,17,train,4.666573731202051e-11,4.4985788281271e-11,0.03599962472502866,15356298579.992266,0,200,219,0,224.65
418,17,18,train,4.4985788281271e-11,4.3465745775998016e-11,0.03378939356956489,15356298579.992266,0,200,225,0,230.74
419,17,19,train,4.3465745775998016e-11,4.201195261175954e-11,0.033446870363864095,15356298579.992266,0,200,217,0,224.3
420,17,20,train,4.201195261175954e-11,4.070857306142349e-11,0.03102401743572422,15356298579.992266,0,200,222,0,227.43
421,17,21,train,4.070857306142349e-11,3.949274823891344e-11,0.02986655466099345,15356298579.992266,0,200,221,0,226.92
422,17,22,train,3.949274823891344e-11,3.826312791372303e-11,0.03113534458913214,15356298579.992266,0,200,217,0,223.14
423,17,23,train,3.826312791372303e-11,3.717726994703536e-11,0.02837870362130598,15356298579.992266,0,200,222,0,227.19
424,17,24,train,3.717726994703536e-11,3.6053967196403545e-11,0.030214772419602947,15356298579.992266,0,200,218,0,223.99
425,18,0,train,4.419818605107222e-10,1.5948189983261578e-10,0.6391664136434694,2262536292.427188,1,200,228,0,232.95
426,18,1,train,1.5948189983261578e-10,1.2328932429412603e-10,0.22693845242924535,2262536292.427188,0,200,216,0,221.18
427,18,2,train,1.2328932429412603e-10,1.046952338619976e-10,0.15081671132992264,2262536292.427188,0,200,215,0,219.86
428,18,3,train,1.046952338619976e-10,9.160757641167119e-11,0.12500719438267563,2262536292.427188,0,200,217,0,222.51
429,18,4,train,9.160757641167119e-11,8.233842342803226e-11,0.10118325739767088,2262536292.427188,0,200,214,0,219.32
430,18,5,train,8.233842342803226e-11,7.516227365170482e-11,0.08715432573954658,2262536292.427188,0,200,215,0,220.51
431,18,6,train,7.516227365170482e-11,6.944492796484473e-11,0.07606669422154196,2262536292.427188,0,200,210,0,216.42
432,18,7,train,6.944492796484473e-11,6.49151564161534e-11,0.06522825613678282,2262536292.427188,0,200,213,0,218.04
433,18,8,train,6.49151564161534e-11,6.139032838564004e-11,0.05429899926477336,2262536292.427188,0,200,213,0,218.84
434,18,9,train,6.139032838564004e-11,5.770143392202316e-11,0.060089179527499634,2262536292.427188,0,200,220,0,225.3
435,18,10,train,5.770143392202316e-11,5.4718063036271527e-11,0.05170358313423056,2262536292.427188,0,200,224,0,229.15
436,18,11,train,5.4718063036271527e-11,5.212693938299293e-11,0.04735408217138446,2262536292.427188,0,200,225,0,230.26
437,18,12,train,5.212693938299293e-11,4.9799294303555915e-11,0.04465340008426503,2262536292.427188,0,200,206,0,211.69
438,18,13,train,4.9799294303555915e-11,4.7807629229530964e-11,0.039993841315995045,2262536292.427188,0,200,215,0,220.36
439,18,14,train,4.7807629229530964e-11,4.5630578983944566e-11,0.04553771606481639,2262536292.427188,0,200,215,0,220.82
440,18,15,train,4.5630578983944566e-11,4.394966302168618e-11,0.036837489238298445,2262536292.427188,0,200,217,0,222.14
441,18,16,train,4.394966302168618e-11,4.282680405629312e-11,0.02554875027913191,22753303011.82441,1,200,228,0,232.6
442,18,17,train,4.282680405629312e-11,4.167219399486441e-11,0.026959986552138097,22753303011.82441,0,200,219,0,223.56
443,18,18,train,4.167219399486441e-11,4.070720506443594e-11,0.02315666246292173,22753303011.82441,0,200,219,0,222.52
444,18,19,train,4.070720506443594e-11,3.977848419312249e-11,0.022814655780060613,22753303011.82441,0,200,215,0,219.51
445,18,20,train,3.977848419312249e-11,3.886316577248404e-11,0.023010389641662316,22753303011.82441,0,200,218,0,222.21
446,18,21,train,3.886316577248404e-11,3.79251561008122e-11,0.024136213636408665,22753303011.82441,0,200,216,0,219.85
447,18,22,train,3.79251561008122e-11,3.696442842577795e-11,0.025332200940200545,22753303011.82441,0,200,218,0,221.15
448,18,23,train,3.696442842577795e-11,3.574237296317107e-11,0.03306030999669539,22753303011.82441,0,200,223,0,227.18
449,18,24,train,3.574237296317107e-11,3.445781436450751e-11,0.03593937649263443,22753303011.82441,0,200,219,0,222.24
450,19,0,train,3.1746556734640192e-09,3.075588124380579e-10,0.9031205761907194,314994790.88667655,1,200,226,0,229.91
451,19,1,train,3.075588124380579e-10,2.149322698115944e-10,0.30116692769165376,3251410655.649476,1,200,220,0,222.97
452,19,2,train,2.149322698115944e-10,1.6203303086859689e-10,0.24612050572660862,3251410655.649476,0,200,215,0,218.73
453,19,3,train,1.6203303086859689e-10,1.3053399920655302e-10,0.19439883024584337,3251410655.649476,0,200,219,0,223.23
454,19,4,train,1.3053399920655302e-10,1.10471410690321e-10,0.15369626793158764,3251410655.649476,0,200,216,0,219.99
455,19,5,train,1.10471410690321e-10,9.850256513946457e-11,0.10834337568484662,3251410655.649476,0,200,220,0,224.63
456,19,6,train,9.850256513946457e-11,8.906294057045307e-11,0.09583125632968482,3251410655.649476,0,200,219,0,223.26
457,19,7,train,8.906294057045307e-11,8.132200138507697e-11,0.08691537844803857,3251410655.649476,0,200,221,0,224.62
458,19,8,train,8.132200138507697e-11,7.532885831735569e-11,0.07369645318174695,3251410655.649476,0,200,215,0,217.16
459,19,9,train,7.532885831735569e-11,7.11474542371808e-11,0.055508661269747295,3251410655.649476,0,200,217,0,219.94
460,19,10,train,7.11474542371808e-11,6.728422506216888e-11,0.05429890944703748,3251410655.649476,0,200,221,0,224.29
461,19,11,train,6.728422506216888e-11,6.380908168001653e-11,0.05164870932141097,3251410655.649476,0,200,229,0,233.71
462,19,12,train,6.380908168001653e-11,6.05607541808442e-11,0.05090697771614573,3251410655.649476,0,200,220,0,224.31
463,19,13,train,6.05607541808442e-11,5.7760929485907117e-11,0.04623166822817885,3251410655.649476,0,200,217,0,220.55
464,19,14,train,5.7760929485907117e-11,5.5151346677822955e-11,0.04517903072735117,3251410655.649476,0,200,227,0,230.34
465,19,15,train,5.5151346677822955e-11,5.308314722113454e-11,0.03750043437325641,3251410655.649476,0,200,216,0,220.68
466,19,16,train,5.308314722113454e-11,5.1257199982929744e-11,0.034397870770514816,3251410655.649476,0,200,211,0,214.78
467,19,17,train,5.1257199982929744e-11,4.934088254016869e-11,0.037386307550924536,3251410655.649476,0,200,214,0,217.91
468,19,18,train,4.934088254016869e-11,4.766394446504711e-11,0.03398678719936508,3251410655.649476,0,200,214,0,217.32
469,19,19,train,4.766394446504711e-11,4.597636390319254e-11,0.0354058100057603,3251410655.649476,0,200,215,0,220.2
470,19,20,train,4.597636390319254e-11,4.446508783121105e-11,0.0328707175531241,3251410655.649476,0,200,221,0,224.2
471,19,21,train,4.446508783121105e-11,4.3111097105664116e-11,0.03045064772359528,3251410655.649476,0,200,216,0,220.28
472,19,22,train,4.3111097105664116e-11,4.170555137539193e-11,0.03260287546909871,3251410655.649476,0,200,221,0,224.33
473,19,23,train,4.170555137539193e-11,4.0466980143071955e-11,0.02969799442696692,3251410655.649476,0,200,219,0,222.52
474,19,24,train,4.0466980143071955e-11,3.924908805603779e-11,0.030095946935706153,3251410655.649476,0,200,221,0,224.94
475,20,0,train,1.0399517992849165e-09,1.8565519725545813e-10,0.8214771132824454,961583027.8745728,1,200,222,0,225.63
476,20,1,train,1.8565519725545813e-10,1.3238473117641897e-10,0.2869322640385875,961583027.8745728,0,200,216,0,219.77
477,20,2,train,1.3238473117641897e-10,1.1231398419191528e-10,0.15160922869388122,961583027.8745728,0,200,213,0,215.91
478,20,3,train,1.1231398419191528e-10,9.95295841542598e-11,0.11382732194603908,961583027.8745728,0,200,210,0,213.59
479,20,4,train,9.95295841542598e-11,9.254495278574406e-11,0.07017643475421675,10047263921.550312,1,200,222,0,224.44
480,20,5,train,9.254495278574406e-11,8.555460693686436e-11,0.07553459846765966,10047263921.550312,0,200,212,0,215.89
481,20,6,train,8.555460693686436e-11,7.919520826764005e-11,0.07433145796482099,10047263921.550312,0,200,214,0,216.56
482,20,7,train,7.919520826764005e-11,7.335523778098812e-11,0.07374146257581336,10047263921.550312,0,200,215,0,218.09
483,20,8,train,7.335523778098812e-11,6.90853657485484e-11,0.05820814111717561,10047263921.550312,0,200,217,0,220.16
484,20,9,train,6.90853657485484e-11,6.589188668396442e-11,0.04622511627436926,10047263921.550312,0,200,221,0,224.34
485,20,10,train,6.589188668396442e-11,6.292179325960453e-11,0.045075252414690604,10047263921.550312,0,200,218,0,224.46
486,20,11,train,6.292179325960453e-11,5.96762374424405e-11,0.051580790200517944,10047263921.550312,0,200,218,0,220.64
487,20,12,train,5.96762374424405e-11,5.7232157911366374e-11,0.04095565732393096,10047263921.550312,0,200,216,0,219.67
488,20,13,train,5.7232157911366374e-11,5.492459331086503e-11,0.04031937086969521,10047263921.550312,0,200,221,0,224.7
489,20,14,train,5.492459331086503e-11,5.311229310334686e-11,0.03299615160117481,10047263921.550312,0,200,218,0,221.14
490,20,15,train,5.311229310334686e-11,5.1514366094453956e-11,0.03008582223673954,10047263921.550312,0,200,219,0,222.08
491,20,16,train,5.1514366094453956e-11,4.9872002851781336e-11,0.03188165490887089,10047263921.550312,0,200,218,0,221.64
492,20,17,train,4.9872002851781336e-11,4.819313567755686e-11,0.03366352017612043,10047263921.550312,0,200,221,0,223.55
493,20,18,train,4.819313567755686e-11,4.67268592683952e-11,0.03042500531552857,10047263921.550312,0,200,218,0,220.39
494,20,19,train,4.67268592683952e-11,4.537775870998172e-11,0.028872057303581188,10047263921.550312,0,200,223,0,225.04
495,20,20,train,4.537775870998172e-11,4.4150411557228774e-11,0.027047328639503057,10047263921.550312,0,200,227,0,229.61
496,20,21,train,4.4150411557228774e-11,4.286137908671848e-11,0.029196386285990195,10047263921.550312,0,200,217,0,219.14
497,20,22,train,4.286137908671848e-11,4.166997043578535e-11,0.02779678760505188,10047263921.550312,0,200,214,0,217.58
498,20,23,train,4.166997043578535e-11,4.069708878749015e-11,0.023347308340293596,10047263921.550312,0,200,223,0,225.01
499,20,24,train,4.069708878749015e-11,3.962774677781826e-11,0.02627563891008821,10047263921.550312,0,200,219,0,220.75
500,21,0,train,2.2839390360920656e-09,2.7429256381381405e-10,0.8799037279545157,437840057.9864208,1,200,223,0,225.59
501,21,1,train,2.7429256381381405e-10,1.9227345185734004e-10,0.2990205451291324,437840057.9864208,0,200,215,0,217.94
502,21,2,train,1.9227345185734004e-10,1.628852834359559e-10,0.1528456900185529,5200926026.656888,1,200,220,0,220.74
503,21,3,train,1.628852834359559e-10,1.3463496889149194e-10,0.1734368750113116,5200926026.656888,0,200,224,0,226.55
504,21,4,train,1.3463496889149194e-10,1.1812931276684603e-10,0.12259560989647884,5200926026.656888,0,200,215,0,216.85
505,21,5,train,1.1812931276684603e-10,1.0559956802481972e-10,0.10606804059511035,5200926026.656888,0,200,213,0,216.06
506,21,6,train,1.0559956802481972e-10,9.604114503003672e-11,0.0905157395391658,5200926026.656888,0,200,210,0,212.61
507,21,7,train,9.604114503003672e-11,8.770343419714337e-11,0.08681394656723156,5200926026.656888,0,200,215,0,219.09
508,21,8,train,8.770343419714337e-11,8.090814501574411e-11,0.07748030899365398,5200926026.656888,0,200,213,0,211.85
509,21,9,train,8.090814501574411e-11,7.517797050885876e-11,0.07082320952693077,5200926026.656888,0,200,213,0,211.11
510,21,10,train,7.517797050885876e-11,7.008118112509246e-11,0.06779631518738201,5200926026.656888,0,200,220,0,218.06
511,21,11,train,7.008118112509246e-11,6.58752148373676e-11,0.06001563073284055,5200926026.656888,0,200,217,0,215.25
512,21,12,train,6.58752148373676e-11,6.228856303884535e-11,0.05444614954770105,5200926026.656888,0,200,219,0,217.1
513,21,13,train,6.228856303884535e-11,5.917003854450132e-11,0.050065763957328896,5200926026.656888,0,200,216,0,214.88
514,21,14,train,5.917003854450132e-11,5.654229056541221e-11,0.044410110990764334,5200926026.656888,0,200,220,0,218.32
515,21,15,train,5.654229056541221e-11,5.41403026824599e-11,0.042481262413193506,5200926026.656888,0,200,215,0,217.62
516,21,16,train,5.41403026824599e-11,5.1878913973412095e-11,0.04176904444570894,5200926026.656888,0,200,221,0,223.68
517,21,17,train,5.1878913973412095e-11,4.983645778030594e-11,0.03936967905983757,5200926026.656888,0,200,216,0,217.58
518,21,18,train,4.983645778030594e-11,4.8031108208589154e-11,0.03622547934035173,5200926026.656888,0,200,220,0,221.1
519,21,19,train,4.8031108208589154e-11,4.633605059254036e-11,0.03529082878303593,5200926026.656888,0,200,210,0,211.87
520,21,20,train,4.633605059254036e-11,4.470144678260322e-11,0.03527715005992106,5200926026.656888,0,200,222,0,224.06
521,21,21,train,4.470144678260322e-11,4.3159136218521215e-11,0.034502475313220475,5200926026.656888,0,200,214,0,216.48
522,21,22,train,4.3159136218521215e-11,4.1738211533683216e-11,0.03292291758675715,5200926026.656888,0,200,214,0,216.52
523,21,23,train,4.1738211533683216e-11,4.0284998851353814e-11,0.03481732036258051,5200926026.656888,0,200,218,0,220.03
524,21,24,train,4.0284998851353814e-11,3.8995286248824265e-11,0.03201471116552377,5200926026.656888,0,200,217,0,219.12
525,22,0,train,5.180139504862768e-10,1.4584621538604893e-10,0.7184511821561209,1930449940.7038498,1,200,223,0,223.79
526,22,1,train,1.4584621538604893e-10,1.0513334494684726e-10,0.27914931032962614,1930449940.7038498,0,200,217,0,219.59
527,22,2,train,1.0513334494684726e-10,8.512819798929356e-11,0.19028355815814477,1930449940.7038498,0,200,214,0,219.51
528,22,3,train,8.512819798929356e-11,7.381595647034936e-11,0.1328847759747824,1930449940.7038498,0,200,214,0,219.89
529,22,4,train,7.381595647034936e-11,6.642578102047621e-11,0.10011623236016272,1930449940.7038498,0,200,214,0,218.79
530,22,5,train,6.642578102047621e-11,6.101113596604699e-11,0.08151420986318725,1930449940.7038498,0,200,214,0,218.44
531,22,6,train,6.101113596604699e-11,5.6669153664191276e-11,0.07116704570575524,1930449940.7038498,0,200,216,0,220.66
532,22,7,train,5.6669153664191276e-11,5.332578009920149e-11,0.058998120649584276,1930449940.7038498,0,200,221,0,227.71
533,22,8,train,5.332578009920149e-11,5.0522916185299605e-11,0.05256114225966765,1930449940.7038498,0,200,218,0,223.47
534,22,9,train,5.0522916185299605e-11,4.878078343448492e-11,0.03448203077639421,19792998415.458942,1,200,224,0,228.48
535,22,10,train,4.878078343448492e-11,4.710397721229726e-11,0.034374319232484137,19792998415.458942,0,200,215,0,219.83
536,22,11,train,4.710397721229726e-11,4.5490585743423145e-11,0.03425170366405734,19792998415.458942,0,200,215,0,220.48
537,22,12,train,4.5490585743423145e-11,4.38754105145942e-11,0.035505703046755405,19792998415.458942,0,200,217,0,221.5
538,22,13,train,4.38754105145942e-11,4.221625822078533e-11,0.03781508308069243,19792998415.458942,0,200,219,0,220.93
539,22,14,train,4.221625822078533e-11,4.048431196513694e-11,0.04102557471082694,19792998415.458942,0,200,219,0,220.95
540,22,15,train,4.048431196513694e-11,3.859658455912433e-11,0.046628615243312764,19792998415.458942,0,200,217,0,219.33
541,22,16,train,3.859658455912433e-11,3.70563999124654e-11,0.03990468753263887,19792998415.458942,0,200,217,0,219.78
542,22,17,train,3.70563999124654e-11,3.5826314028276974e-11,0.03319496462403609,19792998415.458942,0,200,226,0,229.73
543,22,18,train,3.5826314028276974e-11,3.476663514728556e-11,0.02957822789570348,19792998415.458942,0,200,225,0,228.39
544,22,19,train,3.476663514728556e-11,3.377057100690318e-11,0.02865000124868705,19792998415.458942,0,200,219,0,220.96
545,22,20,train,3.377057100690318e-11,3.283599644275816e-11,0.02767423044028434,19792998415.458942,0,200,215,0,217.5
546,22,21,train,3.283599644275816e-11,3.204426715970782e-11,0.024111626532501634,19792998415.458942,0,200,216,0,218.86
547,22,22,train,3.204426715970782e-11,3.12384078348771e-11,0.02514831501105448,19792998415.458942,0,200,214,0,216.09
548,22,23,train,3.12384078348771e-11,3.045236328101452e-11,0.025162759831343834,19792998415.458942,0,200,215,0,218.14
549,22,24,train,3.045236328101452e-11,2.9645690247153356e-11,0.026489669337554544,19792998415.458942,0,200,217,0,219.72
550,24,0,train,2.0056974701000974e-09,2.0593453399569354e-10,0.8973252262289506,498579678.5943463,1,200,223,0,237.98
551,24,1,train,2.0593453399569354e-10,1.5048959897920956e-10,0.26923573205863294,498579678.5943463,0,200,214,0,227.65
552,24,2,train,1.5048959897920956e-10,1.3003131847069608e-10,0.13594481377639817,6644977505.310198,1,200,225,0,239.88
553,24,3,train,1.3003131847069608e-10,1.0865428113645951e-10,0.16439914311146592,6644977505.310198,0,200,212,0,226.34
554,24,4,train,1.0865428113645951e-10,9.642427362545568e-11,0.1125589105471518,6644977505.310198,0,200,211,0,226.18
555,24,5,train,9.642427362545568e-11,8.601139665800642e-11,0.10799020387642615,6644977505.310198,0,200,213,0,235.14
556,24,6,train,8.601139665800642e-11,7.796634337124632e-11,0.09353473608559557,6644977505.310198,0,200,218,0,242.29
557,24,7,train,7.796634337124632e-11,7.15218697166173e-11,0.08265712326590541,6644977505.310198,0,200,222,0,245.75
558,24,8,train,7.15218697166173e-11,6.669501883013664e-11,0.06748776151414283,6644977505.310198,0,200,219,0,243.13
559,24,9,train,6.669501883013664e-11,6.252467371950545e-11,0.06252858434979237,6644977505.310198,0,200,218,0,242.34
560,24,10,train,6.252467371950545e-11,5.913790991228685e-11,0.054166836958031976,6644977505.310198,0,200,220,0,245.61
561,24,11,train,5.913790991228685e-11,5.6032576188048966e-11,0.0525100350831422,6644977505.310198,0,200,218,0,242.65
562,24,12,train,5.6032576188048966e-11,5.3254632131165864e-11,0.0495773038805166,6644977505.310198,0,200,218,0,242.8
563,24,13,train,5.3254632131165864e-11,5.0780522300798597e-11,0.04645811512270986,6644977505.310198,0,200,212,0,234.9
564,24,14,train,5.0780522300798597e-11,4.8491511441269306e-11,0.045076552107328215,6644977505.310198,0,200,217,0,241.7
565,24,15,train,4.8491511441269306e-11,4.6208720853722356e-11,0.0470760865087029,6644977505.310198,0,200,219,0,243.49
566,24,16,train,4.6208720853722356e-11,4.436007513812114e-11,0.04000642479269795,6644977505.310198,0,200,215,0,237.83
567,24,17,train,4.436007513812114e-11,4.2550302461158404e-11,0.040797331188636654,6644977505.310198,0,200,219,0,243.52
568,24,18,train,4.2550302461158404e-11,4.1058981843071455e-11,0.03504841403767425,6644977505.310198,0,200,225,0,250.41
569,24,19,train,4.1058981843071455e-11,3.962455345317459e-11,0.034935800292839485,6644977505.310198,0,200,221,0,244.59
570,24,20,train,3.962455345317459e-11,3.8523300565064465e-11,0.027792184192346883,6644977505.310198,0,200,217,0,240.49
571,24,21,train,3.8523300565064465e-11,3.7308672264679366e-11,0.031529704946585135,6644977505.310198,0,200,216,0,240.06
572,24,22,train,3.7308672264679366e-11,3.602129043505201e-11,0.034506235453630435,6644977505.310198,0,200,221,0,245.21
573,24,23,train,3.602129043505201e-11,3.494094400317721e-11,0.029991885877123533,6644977505.310198,0,200,218,0,242.61
574,24,24,train,3.494094400317721e-11,3.379849919563828e-11,0.032696449398592245,6644977505.310198,0,200,216,0,238.48
575,25,0,train,1.6518679547872168e-09,1.6708275521189837e-10,0.8988522328751023,605375264.4707087,1,200,222,0,244.62
576,25,1,train,1.6708275521189837e-10,1.211972469180098e-10,0.27462743378690074,605375264.4707087,0,200,213,0,237.11
577,25,2,train,1.211972469180098e-10,1.0391744136395446e-10,0.1425758917258671,8251012505.890518,1,200,226,0,251.27
578,25,3,train,1.0391744136395446e-10,8.501301230634097e-11,0.18191776865833048,8251012505.890518,0,200,216,0,241.22
579,25,4,train,8.501301230634097e-11,7.557293023702169e-11,0.11104278995905147,8251012505.890518,0,200,217,0,241.99
580,25,5,train,7.557293023702169e-11,6.702656561722685e-11,0.11308764385594976,8251012505.890518,0,200,218,0,242.22
581,25,6,train,6.702656561722685e-11,6.076709208974284e-11,0.09338794953676133,8251012505.890518,0,200,218,0,242.03
582,25,7,train,6.076709208974284e-11,5.5737501004832355e-11,0.08276833582035853,8251012505.890518,0,200,215,0,238.7
583,25,8,train,5.5737501004832355e-11,5.189015710263994e-11,0.06902612842041227,8251012505.890518,0,200,218,0,242.45
584,25,9,train,5.189015710263994e-11,4.873416563207272e-11,0.06082061891477012,8251012505.890518,0,200,217,0,240.02
585,25,10,train,4.873416563207272e-11,4.624120812526043e-11,0.05115420515523584,8251012505.890518,0,200,216,0,239.29
586,25,11,train,4.624120812526043e-11,4.385387253488323e-11,0.05162788099978418,8251012505.890518,0,200,217,0,240.86
587,25,12,train,4.385387253488323e-11,4.176659612290473e-11,0.047596170904136044,8251012505.890518,0,200,223,0,249.86
588,25,13,train,4.176659612290473e-11,3.992212077895949e-11,0.04416149543327843,8251012505.890518,0,200,216,0,240.76
589,25,14,train,3.992212077895949e-11,3.808572283337557e-11,0.045999508787413296,8251012505.890518,0,200,213,0,236.37
590,25,15,train,3.808572283337557e-11,3.653256603925986e-11,0.040780551833314076,8251012505.890518,0,200,215,0,240.46
591,25,16,train,3.653256603925986e-11,3.5187806280177464e-11,0.03680989059561948,8251012505.890518,0,200,216,0,240.3
592,25,17,train,3.5187806280177464e-11,3.394794335508628e-11,0.03523558460049953,8251012505.890518,0,200,220,0,244.52
593,25,18,train,3.394794335508628e-11,3.2962448667281585e-11,0.029029584428626194,8251012505.890518,0,200,219,0,243.87
594,25,19,train,3.2962448667281585e-11,3.196414286430879e-11,0.030286154194718928,8251012505.890518,0,200,216,0,239.44
595,25,20,train,3.196414286430879e-11,3.1007605824865914e-11,0.029925314859950276,8251012505.890518,0,200,218,0,241.56
596,25,21,train,3.1007605824865914e-11,3.012081523429063e-11,0.028599131309394416,8251012505.890518,0,200,222,0,245.32
597,25,22,train,3.012081523429063e-11,2.9238111026224827e-11,0.029305455420107672,8251012505.890518,0,200,215,0,239.04
598,25,23,train,2.9238111026224827e-11,2.8403405270515e-11,0.02854855277624283,8251012505.890518,0,200,217,0,240.25
599,25,24,train,2.8403405270515e-11,2.7632962627117007e-11,0.0271250096972624,8251012505.890518,0,200,217,0,240.34
600,26,0,train,2.3482468820138016e-09,3.2484637112475577e-10,0.861664302159671,425849601.95600194,1,200,221,0,240.13
601,26,1,train,3.2484637112475577e-10,2.1075706923223348e-10,0.35121002428777887,425849601.95600194,0,200,211,0,232.94
602,26,2,train,2.1075706923223348e-10,1.7478321361121273e-10,0.17068872589692882,4744799325.796748,1,200,224,0,245.31
603,26,3,train,1.7478321361121273e-10,1.4196310182264825e-10,0.18777610910375775,4744799325.796748,0,200,219,0,238.73
604,26,4,train,1.4196310182264825e-10,1.2458655790777605e-10,0.12240183323537392,4744799325.796748,0,200,217,0,235.99
605,26,5,train,1.2458655790777605e-10,1.1181864959386406e-10,0.10248223025282803,4744799325.796748,0,200,214,0,232.38
606,26,6,train,1.1181864959386406e-10,1.0223505856908954e-10,0.08570655306232931,4744799325.796748,0,200,213,0,229.13
607,26,7,train,1.0223505856908954e-10,9.419129409558298e-11,0.07867912031439445,4744799325.796748,0,200,218,0,236.24
608,26,8,train,9.419129409558298e-11,8.745317593056102e-11,0.07153652818682248,4744799325.796748,0,200,218,0,237.46
609,26,9,train,8.745317593056102e-11,8.142274604223839e-11,0.06895609935436625,4744799325.796748,0,200,215,0,234.85
610,26,10,train,8.142274604223839e-11,7.667168355854267e-11,0.058350555767685365,4744799325.796748,0,200,218,0,234.93
611,26,11,train,7.667168355854267e-11,7.209379386845705e-11,0.059707697517691484,4744799325.796748,0,200,215,0,233.79
612,26,12,train,7.209379386845705e-11,6.793320763922438e-11,0.05771074049486292,4744799325.796748,0,200,219,0,237.87
613,26,13,train,6.793320763922438e-11,6.385701654833526e-11,0.06000292393871222,4744799325.796748,0,200,223,0,240.41
614,26,14,train,6.385701654833526e-11,6.016177072651356e-11,0.05786749869569393,4744799325.796748,0,200,218,0,237.96
615,26,15,train,6.016177072651356e-11,5.6850919517663357e-11,0.05503247608686322,4744799325.796748,0,200,221,0,239.1
616,26,16,train,5.6850919517663357e-11,5.3855017160819945e-11,0.05269751803948565,4744799325.796748,0,200,215,0,232.84
617,26,17,train,5.3855017160819945e-11,5.12013558438832e-11,0.049274170854174563,4744799325.796748,0,200,219,0,238.11
618,26,18,train,5.12013558438832e-11,4.879813800179954e-11,0.04693660553465137,4744799325.796748,0,200,224,0,243.29
619,26,19,train,4.879813800179954e-11,4.659064186318557e-11,0.04523730267192909,4744799325.796748,0,200,217,0,236.03
620,26,20,train,4.659064186318557e-11,4.455546532707829e-11,0.04368208839199121,4744799325.796748,0,200,219,0,239.18
621,26,21,train,4.455546532707829e-11,4.2670710118940813e-11,0.042301324748863715,4744799325.796748,0,200,217,0,234.61
622,26,22,train,4.2670710118940813e-11,4.113521223449804e-11,0.035984821442219,4744799325.796748,0,200,223,0,243.35
623,26,23,train,4.113521223449804e-11,3.962663031397706e-11,0.03667373616358325,4744799325.796748,0,200,221,0,242.33
624,26,24,train,3.962663031397706e-11,3.8097859400462034e-11,0.03857938213272195,4744799325.796748,0,200,218,0,237.3
625,27,0,train,1.2172237914233884e-09,2.380673869569897e-10,0.8044177343275553,821541615.4745276,1,200,214,0,230.66
626,27,1,train,2.380673869569897e-10,1.5956202469405742e-10,0.3297610952360956,821541615.4745276,0,200,215,0,234.54
627,27,2,train,1.5956202469405742e-10,1.2915665317245477e-10,0.1905551874257148,821541615.4745276,0,200,208,0,225.61
628,27,3,train,1.2915665317245477e-10,1.0967454095248609e-10,0.15084094966409084,821541615.4745276,0,200,218,0,238.58
629,27,4,train,1.0967454095248609e-10,9.81529829362932e-11,0.10505225657779893,9117886350.973892,1,200,224,0,242.15
630,27,5,train,9.81529829362932e-11,8.729585475000817e-11,0.11061434774052575,9117886350.973892,0,200,215,0,234.2
631,27,6,train,8.729585475000817e-11,7.831351069256284e-11,0.10289542479615262,9117886350.973892,0,200,213,0,231.54
632,27,7,train,7.831351069256284e-11,7.106340834910117e-11,0.09257792530746789,9117886350.973892,0,200,213,0,231.65
633,27,8,train,7.106340834910117e-11,6.613426452446673e-11,0.06936261486952426,9117886350.973892,0,200,216,0,235.85
634,27,9,train,6.613426452446673e-11,6.206223108620776e-11,0.061572219295679964,9117886350.973892,0,200,219,0,237.62
635,27,10,train,6.206223108620776e-11,5.82009687509721e-11,0.06221597689377554,9117886350.973892,0,200,218,0,237.54
636,27,11,train,5.82009687509721e-11,5.500756777776463e-11,0.05486851923154853,9117886350.973892,0,200,215,0,234.64
637,27,12,train,5.500756777776463e-11,5.2198547993867406e-11,0.05106606049636501,9117886350.973892,0,200,219,0,238.25
638,27,13,train,5.2198547993867406e-11,5.0000501595774684e-11,0.04210933986805458,9117886350.973892,0,200,220,0,238.36
639,27,14,train,5.0000501595774684e-11,4.795884037220435e-11,0.04083281484005882,9117886350.973892,0,200,211,0,231.02
640,27,15,train,4.795884037220435e-11,4.590540268671392e-11,0.042816666740769393,9117886350.973892,0,200,219,0,239.67
641,27,16,train,4.590540268671392e-11,4.397961595528225e-11,0.04195120004881333,9117886350.973892,0,200,219,0,238.35
642,27,17,train,4.397961595528225e-11,4.2329073914672254e-11,0.03752970563199645,9117886350.973892,0,200,219,0,238.15
643,27,18,train,4.2329073914672254e-11,4.0837733067062926e-11,0.03523206887577085,9117886350.973892,0,200,219,0,238.99
644,27,19,train,4.0837733067062926e-11,3.938271580170614e-11,0.03562923688656729,9117886350.973892,0,200,219,0,239.2
645,27,20,train,3.938271580170614e-11,3.8017832119857466e-11,0.03465692129311059,9117886350.973892,0,200,216,0,235.3
646,27,21,train,3.8017832119857466e-11,3.672548091542343e-11,0.03399329031596762,9117886350.973892,0,200,219,0,238.56
647,27,22,train,3.672548091542343e-11,3.549452706195199e-11,0.033517705494619805,9117886350.973892,0,200,220,0,239.34
648,27,23,train,3.549452706195199e-11,3.438439073962252e-11,0.0312762674761617,9117886350.973892,0,200,216,0,235.03
649,27,24,train,3.438439073962252e-11,3.3343494013514954e-11,0.03027236207236613,9117886350.973892,0,200,216,0,234.2
650,28,0,train,1.3845339652731147e-09,2.4978464843134567e-10,0.8195893674720556,722264693.4506507,1,200,218,0,235.51
651,28,1,train,2.4978464843134567e-10,1.780013702446864e-10,0.28738066425402925,722264693.4506507,0,200,214,0,232.73
652,28,2,train,1.780013702446864e-10,1.4840899282613484e-10,0.1662480315621892,722264693.4506507,0,200,212,0,233.33
653,28,3,train,1.4840899282613484e-10,1.3039536388960383e-10,0.12137828438492587,722264693.4506507,0,200,212,0,232.12
654,28,4,train,1.3039536388960383e-10,1.193710167640554e-10,0.08454554515359865,7668984311.793681,1,200,226,0,244.25
655,28,5,train,1.193710167640554e-10,1.0658171792414429e-10,0.1071390626184411,7668984311.793681,0,200,214,0,236.06
656,28,6,train,1.0658171792414429e-10,9.559457406312807e-11,0.10308657127140627,7668984311.793681,0,200,212,0,229.23
657,28,7,train,9.559457406312807e-11,8.738874686484108e-11,0.08583988451968078,7668984311.793681,0,200,216,0,236.64
658,28,8,train,8.738874686484108e-11,8.148837323790985e-11,0.06751868906023999,7668984311.793681,0,200,221,0,237.9
659,28,9,train,8.148837323790985e-11,7.645162206698481e-11,0.06180944557845039,7668984311.793681,0,200,214,0,223.55
660,28,10,train,7.645162206698481e-11,7.17485948012059e-11,0.061516383022694375,7668984311.793681,0,200,220,0,230.3
661,28,11,train,7.17485948012059e-11,6.772985130947812e-11,0.05601145921899282,7668984311.793681,0,200,217,0,226.63
662,28,12,train,6.772985130947812e-11,6.393856765342796e-11,0.05597655365765738,7668984311.793681,0,200,216,0,226.4
663,28,13,train,6.393856765342796e-11,6.045481766941403e-11,0.054485893442236796,7668984311.793681,0,200,220,0,231.32
664,28,14,train,6.045481766941403e-11,5.731880997522332e-11,0.05187357790638613,7668984311.793681,0,200,222,0,233.31
665,28,15,train,5.731880997522332e-11,5.463957593513513e-11,0.04674266687054936,7668984311.793681,0,200,215,0,225.5
666,28,16,train,5.463957593513513e-11,5.2063118363546276e-11,0.047153689015585955,7668984311.793681,0,200,216,0,227.12
667,28,17,train,5.2063118363546276e-11,4.998638123377549e-11,0.039888834842149674,7668984311.793681,0,200,217,0,227.51
668,28,18,train,4.998638123377549e-11,4.786416684660888e-11,0.04245585166970724,7668984311.793681,0,200,222,0,256.52
669,28,19,train,4.786416684660888e-11,4.5871441486553275e-11,0.041632926912563324,7668984311.793681,0,200,222,0,263.7
670,28,20,train,4.5871441486553275e-11,4.402840151575989e-11,0.04017837484644235,7668984311.793681,0,200,215,0,257.66
671,28,21,train,4.402840151575989e-11,4.2377968535991533e-11,0.037485643878703796,7668984311.793681,0,200,218,0,230.7
672,28,22,train,4.2377968535991533e-11,4.082658486604019e-11,0.03660825951658717,7668984311.793681,0,200,220,0,232.31
673,28,23,train,4.082658486604019e-11,3.934554826609923e-11,0.036276279409618147,7668984311.793681,0,200,215,0,228.77
674,28,24,train,3.934554826609923e-11,3.8003550766196217e-11,0.034107988299639444,7668984311.793681,0,200,219,0,231.09
675,29,0,train,1.3459430339180893e-09,1.9251344329889013e-10,0.8569676141950254,742973495.0140969,1,200,227,0,238.49
676,29,1,train,1.9251344329889013e-10,1.3977760977077586e-10,0.2739332517482342,742973495.0140969,0,200,220,0,230.25
677,29,2,train,1.3977760977077586e-10,1.180892064107814e-10,0.15516364456053944,742973495.0140969,0,200,219,0,230.23
678,29,3,train,1.180892064107814e-10,1.0681772376241357e-10,0.09544888132416784,8468174445.354738,1,200,227,0,237.84
679,29,4,train,1.0681772376241357e-10,9.393239692817658e-11,0.120629108919198,8468174445.354738,0,200,216,0,226.68
680,29,5,train,9.393239692817658e-11,8.533517033920567e-11,0.09152568091650637,8468174445.354738,0,200,215,0,225.99
681,29,6,train,8.533517033920567e-11,7.927408352265777e-11,0.07102683210750264,8468174445.354738,0,200,216,0,227.08
682,29,7,train,7.927408352265777e-11,7.409024972148069e-11,0.06539128011105239,8468174445.354738,0,200,217,0,226.88
683,29,8,train,7.409024972148069e-11,7.02340269885435e-11,0.052047641186707586,8468174445.354738,0,200,217,0,225.47
684,29,9,train,7.02340269885435e-11,6.646202383790017e-11,0.053706206412720954,8468174445.354738,0,200,216,0,224.54
685,29,10,train,6.646202383790017e-11,6.35522845286846e-11,0.04378048005748942,8468174445.354738,0,200,221,0,231.11
686,29,11,train,6.35522845286846e-11,6.074464576875398e-11,0.04417840807380224,8468174445.354738,0,200,217,0,225.35
687,29,12,train,6.074464576875398e-11,5.844309596348106e-11,0.037888932862240786,8468174445.354738,0,200,215,0,222.48
688,29,13,train,5.844309596348106e-11,5.625818568157581e-11,0.03738525904360918,8468174445.354738,0,200,219,0,228.31
689,29,14,train,5.625818568157581e-11,5.394943692315512e-11,0.04103845032415953,8468174445.354738,0,200,220,0,230.21
690,29,15,train,5.394943692315512e-11,5.2002811475998895e-11,0.03608240527012305,8468174445.354738,0,200,221,0,231.36
691,29,16,train,5.2002811475998895e-11,5.002345684750023e-11,0.03806245416965976,8468174445.354738,0,200,217,0,228.5
692,29,17,train,5.002345684750023e-11,4.842141173188513e-11,0.03202587778967459,8468174445.354738,0,200,217,0,226.86
693,29,18,train,4.842141173188513e-11,4.669994227580608e-11,0.03555182293343741,8468174445.354738,0,200,216,0,226.79
694,29,19,train,4.669994227580608e-11,4.518584367043683e-11,0.03242185175362964,8468174445.354738,0,200,218,0,227.86
695,29,20,train,4.518584367043683e-11,4.369880752735075e-11,0.03290933669252233,8468174445.354738,0,200,218,0,228.94
696,29,21,train,4.369880752735075e-11,4.228230251945101e-11,0.03241518677627886,8468174445.354738,0,200,215,0,226.55
697,29,22,train,4.228230251945101e-11,4.0937159649427264e-11,0.03181337793524716,8468174445.354738,0,200,223,0,233.1
698,29,23,train,4.0937159649427264e-11,3.966996781992386e-11,0.030954561585494252,8468174445.354738,0,200,221,0,229.4
699,29,24,train,3.966996781992386e-11,3.8390350056507303e-11,0.03225658687763994,8468174445.354738,0,200,219,0,227.95
700,30,0,train,1.5124400644191504e-09,2.2090773487893794e-10,0.853939511339395,661183225.3888673,1,200,222,0,228.18
701,30,1,train,2.2090773487893794e-10,1.6893520078400616e-10,0.2352680594159087,661183225.3888673,0,200,215,0,220.04
702,30,2,train,1.6893520078400616e-10,1.4344254101936333e-10,0.15090200056787892,661183225.3888673,0,200,212,0,219.4
703,30,3,train,1.4344254101936333e-10,1.2980216565517428e-10,0.09509295685404603,6971432553.366507,1,200,223,0,232.2
704,30,4,train,1.2980216565517428e-10,1.1599834611707219e-10,0.10634506341575688,6971432553.366507,0,200,217,0,226.41
705,30,5,train,1.1599834611707219e-10,1.0451957810776922e-10,0.09895630751250488,6971432553.366507,0,200,219,0,229.22
706,30,6,train,1.0451957810776922e-10,9.712720441342446e-11,0.07072716737071542,6971432553.366507,0,200,212,0,221.45
707,30,7,train,9.712720441342446e-11,9.025747447381049e-11,0.07072920487212618,6971432553.366507,0,200,216,0,225.83
708,30,8,train,9.025747447381049e-11,8.434036269774155e-11,0.06555813588364778,6971432553.366507,0,200,217,0,226.62
709,30,9,train,8.434036269774155e-11,7.936038785421293e-11,0.05904616347662405,6971432553.366507,0,200,217,0,226.39
710,30,10,train,7.936038785421293e-11,7.476924647415268e-11,0.05785180118441835,6971432553.366507,0,200,215,0,224.45
711,30,11,train,7.476924647415268e-11,7.07422397986963e-11,0.05385913146588276,6971432553.366507,0,200,212,0,221.82
712,30,12,train,7.07422397986963e-11,6.693466018077057e-11,0.05382328335603382,6971432553.366507,0,200,220,0,229.74
713,30,13,train,6.693466018077057e-11,6.348867458240734e-11,0.051482828015510296,6971432553.366507,0,200,216,0,224.82
714,30,14,train,6.348867458240734e-11,6.052456931913077e-11,0.04668714983849915,6971432553.366507,0,200,221,0,230.71
715,30,15,train,6.052456931913077e-11,5.7745029243582965e-11,0.04592416115994145,6971432553.366507,0,200,211,0,220.65
716,30,16,train,5.7745029243582965e-11,5.5030996663503305e-11,0.04700028064114735,6971432553.366507,0,200,227,0,236.05
717,30,17,train,5.5030996663503305e-11,5.2726307510807735e-11,0.0418798366816432,6971432553.366507,0,200,222,0,229.73
718,30,18,train,5.2726307510807735e-11,5.0518756367736276e-11,0.041868115695736126,6971432553.366507,0,200,218,0,225.28
719,30,19,train,5.0518756367736276e-11,4.839808316076605e-11,0.04197793768978429,6971432553.366507,0,200,217,0,225.2
720,30,20,train,4.839808316076605e-11,4.646659069383076e-11,0.039908449690442604,6971432553.366507,0,200,218,0,225.41
721,30,21,train,4.646659069383076e-11,4.453560099728923e-11,0.041556517655122555,6971432553.366507,0,200,217,0,224.85
722,30,22,train,4.453560099728923e-11,4.2849203815164617e-11,0.03786627202420055,6971432553.366507,0,200,221,0,228.47
723,30,23,train,4.2849203815164617e-11,4.138458133651205e-11,0.034180856311132345,6971432553.366507,0,200,220,0,227.93
724,30,24,train,4.138458133651205e-11,3.9861845965620536e-11,0.0367947511298867,6971432553.366507,0,200,223,0,231.22
725,31,0,train,7.497035125711223e-10,1.923869614907954e-10,0.7433826062372301,1333860630.5451086,1,200,220,0,226.32
726,31,1,train,1.923869614907954e-10,1.480517367115278e-10,0.23044817817026955,1333860630.5451086,0,200,214,0,221.7
727,31,2,train,1.480517367115278e-10,1.265554964864731e-10,0.1451941105354216,1333860630.5451086,0,200,214,0,221.59
728,31,3,train,1.265554964864731e-10,1.12598745318892e-10,0.1102816673716962,1333860630.5451086,0,200,220,0,227.16
729,31,4,train,1.12598745318892e-10,1.0157475469631388e-10,0.09790509291517394,1333860630.5451086,0,200,211,0,217.69
730,31,5,train,1.0157475469631388e-10,9.449915495024602e-11,0.06965903848079512,1333860630.5451086,0,200,226,0,233.48
731,31,6,train,9.449915495024602e-11,8.824600350599162e-11,0.06617150648116059,1333860630.5451086,0,200,221,0,229.05
732,31,7,train,8.824600350599162e-11,8.302976785634209e-11,0.05911016298086935,1333860630.5451086,0,200,215,0,222.95
733,31,8,train,8.302976785634209e-11,7.836096058000032e-11,0.05623052306276141,1333860630.5451086,0,200,222,0,229.78
734,31,9,train,7.836096058000032e-11,7.416179208467655e-11,0.05358750663905853,1333860630.5451086,0,200,219,0,226.33
735,31,10,train,7.416179208467655e-11,7.150507833052455e-11,0.03582321407657742,13484032301.406885,1,200,227,0,234.35
736,31,11,train,7.150507833052455e-11,6.887652361357369e-11,0.036760392105308216,13484032301.406885,0,200,216,0,224.61
737,31,12,train,6.887652361357369e-11,6.660609756298013e-11,0.032963714361247586,13484032301.406885,0,200,214,0,223.95
738,31,13,train,6.660609756298013e-11,6.439662652877792e-11,0.03317220367268956,13484032301.406885,0,200,216,0,225.25
739,31,14,train,6.439662652877792e-11,6.194779243456033e-11,0.03802736612488922,13484032301.406885,0,200,212,0,220.81
740,31,15,train,6.194779243456033e-11,5.941253659924277e-11,0.04092568493051175,13484032301.406885,0,200,221,0,229.89
741,31,16,train,5.941253659924277e-11,5.671778155487182e-11,0.04535667383717283,13484032301.406885,0,200,216,0,224.59
742,31,17,train,5.671778155487182e-11,5.413862979369309e-11,0.04547342456762919,13484032301.406885,0,200,212,0,221.43
743,31,18,train,5.413862979369309e-11,5.152343497673538e-11,0.0483055228202758,13484032301.406885,0,200,221,0,230.25
744,31,19,train,5.152343497673538e-11,4.945668725446845e-11,0.04011277049366255,13484032301.406885,0,200,212,0,220.94
745,31,20,train,4.945668725446845e-11,4.768064679676954e-11,0.035911027533257305,13484032301.406885,0,200,220,0,228.9
746,31,21,train,4.768064679676954e-11,4.597273086065787e-11,0.03581989865597597,13484032301.406885,0,200,218,0,227.47
747,31,22,train,4.597273086065787e-11,4.466514123242128e-11,0.028442722539147383,13484032301.406885,0,200,221,0,230.51
748,31,23,train,4.466514123242128e-11,4.343293835611761e-11,0.027587573716418533,13484032301.406885,0,200,220,0,228.82
749,31,24,train,4.343293835611761e-11,4.2207561121455714e-11,0.02821308622075533,13484032301.406885,0,200,216,0,224.87
750,32,0,train,3.067569393071299e-09,3.6758331804268754e-10,0.8801711482475519,325990995.43068016,1,200,219,0,227.04
751,32,1,train,3.6758331804268754e-10,2.675681219722974e-10,0.2720885066355905,325990995.43068016,0,200,213,0,221.67
752,32,2,train,2.675681219722974e-10,2.283479506413917e-10,0.14658013459079533,3737365993.485333,1,200,223,0,230.93
753,32,3,train,2.283479506413917e-10,1.8658311273533464e-10,0.18289999007543759,3737365993.485333,0,200,220,0,228.67
754,32,4,train,1.8658311273533464e-10,1.6294671043976263e-10,0.12668028713348725,3737365993.485333,0,200,211,0,220.05
755,32,5,train,1.6294671043976263e-10,1.4742282851782426e-10,0.09526968589941041,3737365993.485333,0,200,215,0,225.13
756,32,6,train,1.4742282851782426e-10,1.3386807542372402e-10,0.09194473630969163,3737365993.485333,0,200,216,0,225.15
757,32,7,train,1.3386807542372402e-10,1.2182461913847845e-10,0.08996511115234308,3737365993.485333,0,200,216,0,224.76
758,32,8,train,1.2182461913847845e-10,1.1200686435281843e-10,0.08058925080241904,3737365993.485333,0,200,216,0,225.15
759,32,9,train,1.1200686435281843e-10,1.033598739048042e-10,0.07720054032381848,3737365993.485333,0,200,214,0,223.19
760,32,10,train,1.033598739048042e-10,9.515392524480079e-11,0.0793920150053704,3737365993.485333,0,200,224,0,234.12
761,32,11,train,9.515392524480079e-11,8.819640585620148e-11,0.07311857467466344,3737365993.485333,0,200,222,0,230.87
762,32,12,train,8.819640585620148e-11,8.235350055522463e-11,0.06624879148140499,3737365993.485333,0,200,215,0,223.94
763,32,13,train,8.235350055522463e-11,7.705226789123711e-11,0.06437167367806806,3737365993.485333,0,200,220,0,228.47
764,32,14,train,7.705226789123711e-11,7.225982293250701e-11,0.062197325139019384,3737365993.485333,0,200,218,0,227.28
765,32,15,train,7.225982293250701e-11,6.794514387307006e-11,0.059710623197443996,3737365993.485333,0,200,222,0,230.97
766,32,16,train,6.794514387307006e-11,6.369489363481452e-11,0.06255414288614268,3737365993.485333,0,200,224,0,233.47
767,32,17,train,6.369489363481452e-11,6.041934189379314e-11,0.05142565681640475,3737365993.485333,0,200,219,0,227.64
768,32,18,train,6.041934189379314e-11,5.701207470728903e-11,0.05639364944579345,3737365993.485333,0,200,218,0,226.52
769,32,19,train,5.701207470728903e-11,5.4049632116100374e-11,0.051961669635746575,3737365993.485333,0,200,228,0,237.85
770,32,20,train,5.4049632116100374e-11,5.1444024227332615e-11,0.0482076896133322,3737365993.485333,0,200,220,0,229.8
771,32,21,train,5.1444024227332615e-11,4.861116472539377e-11,0.05506683321313195,3737365993.485333,0,200,218,0,226.58
772,32,22,train,4.861116472539377e-11,4.602113513529641e-11,0.053280549946262995,3737365993.485333,0,200,213,0,222.04
773,32,23,train,4.602113513529641e-11,4.4027734600553707e-11,0.0433148927961545,3737365993.485333,0,200,212,0,220.0
774,32,24,train,4.4027734600553707e-11,4.222794869533231e-11,0.04087845812531905,3737365993.485333,0,200,218,0,226.87
775,33,0,train,3.849210963941498e-09,2.0715454167114124e-10,0.9461825959627268,259793502.9718466,1,200,227,0,234.46
776,33,1,train,2.0715454167114124e-10,1.481076242458245e-10,0.285038005679132,4827313907.447438,1,200,229,0,235.33
777,33,2,train,1.481076242458245e-10,1.2412553399502015e-10,0.161923401127545,4827313907.447438,0,200,213,0,219.45
778,33,3,train,1.2412553399502015e-10,1.1082575869978826e-10,0.10714777908440233,4827313907.447438,0,200,214,0,220.5
779,33,4,train,1.1082575869978826e-10,9.904025905961438e-11,0.10634260282484669,4827313907.447438,0,200,215,0,221.0
780,33,5,train,9.904025905961438e-11,9.009889476106503e-11,0.09028009804747535,4827313907.447438,0,200,222,0,228.81
781,33,6,train,9.009889476106503e-11,8.39508446506794e-11,0.06823668732773877,4827313907.447438,0,200,219,0,225.84
782,33,7,train,8.39508446506794e-11,7.802789191161376e-11,0.07055262831137823,4827313907.447438,0,200,217,0,223.9
783,33,8,train,7.802789191161376e-11,7.355843741516513e-11,0.05728021591960239,4827313907.447438,0,200,213,0,220.45
784,33,9,train,7.355843741516513e-11,6.923558532703603e-11,0.05876758996022229,4827313907.447438,0,200,214,0,220.89
785,33,10,train,6.923558532703603e-11,6.537857451992661e-11,0.05570850291639378,4827313907.447438,0,200,217,0,223.64
786,33,11,train,6.537857451992661e-11,6.226224603861418e-11,0.04766589825788591,4827313907.447438,0,200,214,0,220.57
787,33,12,train,6.226224603861418e-11,5.923398082033114e-11,0.048637262722661036,4827313907.447438,0,200,224,0,230.87
788,33,13,train,5.923398082033114e-11,5.655644996273938e-11,0.045202615466842615,4827313907.447438,0,200,213,0,218.6
789,33,14,train,5.655644996273938e-11,5.434411642889256e-11,0.039117263111534635,4827313907.447438,0,200,215,0,221.43
790,33,15,train,5.434411642889256e-11,5.19024625262483e-11,0.044929498593266864,4827313907.447438,0,200,216,0,221.74
791,33,16,train,5.19024625262483e-11,5.000808204511591e-11,0.0364988555249061,4827313907.447438,0,200,211,0,216.69
792,33,17,train,5.000808204511591e-11,4.805537001617502e-11,0.039047928836367034,4827313907.447438,0,200,222,0,226.62
793,33,18,train,4.805537001617502e-11,4.621159890730969e-11,0.03836763941771203,4827313907.447438,0,200,220,0,226.37
794,33,19,train,4.621159890730969e-11,4.464061606770331e-11,0.033995422724009676,4827313907.447438,0,200,211,0,215.94
795,33,20,train,4.464061606770331e-11,4.2933925351756285e-11,0.038231791276325755,4827313907.447438,0,200,216,0,221.97
796,33,21,train,4.2933925351756285e-11,4.1609628497317945e-11,0.030844998298860817,4827313907.447438,0,200,218,0,224.45
797,33,22,train,4.1609628497317945e-11,4.0315304583989816e-11,0.031106355910184555,4827313907.447438,0,200,221,0,227.26
798,33,23,train,4.0315304583989816e-11,3.91158183781788e-11,0.0297526266560159,4827313907.447438,0,200,215,0,220.71
799,33,24,train,3.91158183781788e-11,3.786964109700964e-11,0.03185865291429904,4827313907.447438,0,200,219,0,224.65
800,34,0,train,2.2272287933920234e-09,1.479223256193958e-10,0.933584584548176,448988448.320579,1,200,221,0,225.93
801,34,1,train,1.479223256193958e-10,1.0840295814395141e-10,0.2671629675234267,6760304746.51271,1,200,224,0,228.55
802,34,2,train,1.0840295814395141e-10,8.980609348807987e-11,0.17155311048962543,6760304746.51271,0,200,216,0,221.13
803,34,3,train,8.980609348807987e-11,7.911010887663741e-11,0.11910087830356582,6760304746.51271,0,200,211,0,217.07
804,34,4,train,7.911010887663741e-11,7.304812979107222e-11,0.07662711089196086,6760304746.51271,0,200,208,0,213.98
805,34,5,train,7.304812979107222e-11,6.765044188601078e-11,0.0738922121688752,6760304746.51271,0,200,216,0,222.64
806,34,6,train,6.765044188601078e-11,6.381299157315864e-11,0.05672468953444742,6760304746.51271,0,200,214,0,220.2
807,34,7,train,6.381299157315864e-11,5.991105456537134e-11,0.06114643604059708,6760304746.51271,0,200,210,0,215.43
808,34,8,train,5.991105456537134e-11,5.66552531584868e-11,0.05434391750410607,6760304746.51271,0,200,219,0,225.27
809,34,9,train,5.66552531584868e-11,5.406681377350843e-11,0.04568754423773368,6760304746.51271,0,200,211,0,217.14
810,34,10,train,5.406681377350843e-11,5.1676686338979387e-11,0.044206922282151506,6760304746.51271,0,200,213,0,219.17
811,34,11,train,5.1676686338979387e-11,4.9560702291721644e-11,0.0409465892100297,6760304746.51271,0,200,215,0,220.39
812,34,12,train,4.9560702291721644e-11,4.7801022472672283e-11,0.03550554648502808,6760304746.51271,0,200,220,0,226.02
813,34,13,train,4.7801022472672283e-11,4.602299010519521e-11,0.03719653420580222,6760304746.51271,0,200,222,0,227.95
814,34,14,train,4.602299010519521e-11,4.419011291183714e-11,0.03982525231777956,6760304746.51271,0,200,217,0,222.61
815,34,15,train,4.419011291183714e-11,4.273175232635273e-11,0.033001965584336795,6760304746.51271,0,200,224,0,230.7
816,34,16,train,4.273175232635273e-11,4.12616846723389e-11,0.034402231923150915,6760304746.51271,0,200,217,0,223.37
817,34,17,train,4.12616846723389e-11,4.000125924547304e-11,0.030547115002088794,6760304746.51271,0,200,222,0,227.72
818,34,18,train,4.000125924547304e-11,3.8954705832145054e-11,0.026163011691848804,6760304746.51271,0,200,215,0,221.25
819,34,19,train,3.8954705832145054e-11,3.793697358482284e-11,0.026126041143978755,6760304746.51271,0,200,221,0,227.56
820,34,20,train,3.793697358482284e-11,3.687583156665588e-11,0.02797118267208021,6760304746.51271,0,200,218,0,223.57
821,34,21,train,3.687583156665588e-11,3.5935529121159275e-11,0.025499152305133454,6760304746.51271,0,200,221,0,227.49
822,34,22,train,3.5935529121159275e-11,3.495757924566761e-11,0.02721401074113694,6760304746.51271,0,200,217,0,223.3
823,34,23,train,3.495757924566761e-11,3.4063382218740724e-11,0.025579489376047215,6760304746.51271,0,200,222,0,227.4
824,34,24,train,3.4063382218740724e-11,3.3277625269737684e-11,0.023067496467533352,6760304746.51271,0,200,215,0,220.9
825,35,0,train,7.932952655123488e-10,1.9072480562095127e-10,0.7595790446350743,1260564689.433954,1,200,224,0,228.78
826,35,1,train,1.9072480562095127e-10,1.4879960314442618e-10,0.21982039693278144,1260564689.433954,0,200,216,0,222.66
827,35,2,train,1.4879960314442618e-10,1.2965014084162478e-10,0.1286929662320051,1260564689.433954,0,200,221,0,227.27
828,35,3,train,1.2965014084162478e-10,1.1622683892949553e-10,0.10353480393458726,1260564689.433954,0,200,216,0,222.09
829,35,4,train,1.1622683892949553e-10,1.0662329813501293e-10,0.08262756591279416,1260564689.433954,0,200,214,0,220.35
830,35,5,train,1.0662329813501293e-10,9.92915071453971e-11,0.06876349838974093,1260564689.433954,0,200,220,0,225.69
831,35,6,train,9.92915071453971e-11,9.238092204471891e-11,0.06959895462719393,1260564689.433954,0,200,219,0,224.84
832,35,7,train,9.238092204471891e-11,8.659606275162507e-11,0.06261963146777806,1260564689.433954,0,200,221,0,228.04
833,35,8,train,8.659606275162507e-11,8.158770636187021e-11,0.05783584415517639,1260564689.433954,0,200,221,0,227.52
834,35,9,train,8.158770636187021e-11,7.64321766594163e-11,0.06319003110085382,1260564689.433954,0,200,216,0,222.38
835,35,10,train,7.64321766594163e-11,7.356799250990772e-11,0.03747353895560841,13083494984.78926,1,200,227,0,232.76
836,35,11,train,7.356799250990772e-11,7.106947170030096e-11,0.03396206317944962,13083494984.78926,0,200,214,0,220.23
837,35,12,train,7.106947170030096e-11,6.882785589951272e-11,0.03154119127606729,13083494984.78926,0,200,214,0,219.98
838,35,13,train,6.882785589951272e-11,6.61474906608251e-11,0.03894302973204472,13083494984.78926,0,200,211,0,216.24
839,35,14,train,6.61474906608251e-11,6.34869701186794e-11,0.04022103507731933,13083494984.78926,0,200,220,0,225.66
840,35,15,train,6.34869701186794e-11,6.066177308270126e-11,0.04450042316867325,13083494984.78926,0,200,217,0,223.25
841,35,16,train,6.066177308270126e-11,5.7739980117323105e-11,0.0481653076871792,13083494984.78926,0,200,213,0,217.54
842,35,17,train,5.7739980117323105e-11,5.4980603959484287e-11,0.047789697056216204,13083494984.78926,0,200,211,0,215.64
843,35,18,train,5.4980603959484287e-11,5.256386522118307e-11,0.04395620572087816,13083494984.78926,0,200,219,0,223.92
844,35,19,train,5.256386522118307e-11,5.046319420910845e-11,0.039964165558130496,13083494984.78926,0,200,218,0,222.76
845,35,20,train,5.046319420910845e-11,4.874120008817935e-11,0.034123763822669045,13083494984.78926,0,200,212,0,217.61
846,35,21,train,4.874120008817935e-11,4.7253190764067997e-11,0.030528778967677198,13083494984.78926,0,200,218,0,223.98
847,35,22,train,4.7253190764067997e-11,4.578608591747559e-11,0.03104774138782633,13083494984.78926,0,200,219,0,224.88
848,35,23,train,4.578608591747559e-11,4.4373480675845474e-11,0.030852282157863033,13083494984.78926,0,200,224,0,229.6
849,35,24,train,4.4373480675845474e-11,4.291755640041302e-11,0.03281068451826411,13083494984.78926,0,200,216,0,220.75
850,36,0,train,8.306935730848036e-10,1.7258857457066623e-10,0.7922355725833369,1203813334.3038545,1,200,223,0,226.84
851,36,1,train,1.7258857457066623e-10,1.1984049372910712e-10,0.3056290427844136,1203813334.3038545,0,200,220,0,224.37
852,36,2,train,1.1984049372910712e-10,1.0077367530020795e-10,0.15910163447756376,1203813334.3038545,0,200,216,0,220.62
853,36,3,train,1.0077367530020795e-10,8.809416674043845e-11,0.1258216346877976,1203813334.3038545,0,200,221,0,225.47
854,36,4,train,8.809416674043845e-11,7.921498945904757e-11,0.10079188679487232,1203813334.3038545,0,200,217,0,221.65
855,36,5,train,7.921498945904757e-11,7.350294347869236e-11,0.07210814543260424,12623873421.292044,1,200,227,0,231.41
856,36,6,train,7.350294347869236e-11,6.61910022149923e-11,0.09947821022731843,12623873421.292044,0,200,219,0,223.59
857,36,7,train,6.61910022149923e-11,6.106370169085581e-11,0.07746219807161568,12623873421.292044,0,200,220,0,224.8
858,36,8,train,6.106370169085581e-11,5.6619360122938264e-11,0.07278205291938729,12623873421.292044,0,200,221,0,225.33
859,36,9,train,5.6619360122938264e-11,5.280133069400108e-11,0.06743328466883147,12623873421.292044,0,200,214,0,218.58
860,36,10,train,5.280133069400108e-11,4.988460624009994e-11,0.0552396012669529,12623873421.292044,0,200,217,0,221.27
861,36,11,train,4.988460624009994e-11,4.7189691124401544e-11,0.054022980611042284,12623873421.292044,0,200,220,0,224.84
862,36,12,train,4.7189691124401544e-11,4.490072729197611e-11,0.04850559047719271,12623873421.292044,0,200,215,0,220.04
863,36,13,train,4.490072729197611e-11,4.283566352522719e-11,0.04599176653243095,12623873421.292044,0,200,219,0,223.77
864,36,14,train,4.283566352522719e-11,4.106498001494613e-11,0.041336665865774516,12623873421.292044,0,200,217,0,221.26
865,36,15,train,4.106498001494613e-11,3.941617847983203e-11,0.040151037076214265,12623873421.292044,0,200,218,0,222.49
866,36,16,train,3.941617847983203e-11,3.7983636017845646e-11,0.03634402210552627,12623873421.292044,0,200,216,0,220.31
867,36,17,train,3.7983636017845646e-11,3.663505810535165e-11,0.03550418163917754,12623873421.292044,0,200,210,0,214.48
868,36,18,train,3.663505810535165e-11,3.527444509176705e-11,0.03713964393537681,12623873421.292044,0,200,221,0,225.85
869,36,19,train,3.527444509176705e-11,3.408260545344403e-11,0.03378762260391139,12623873421.292044,0,200,223,0,227.59
870,36,20,train,3.408260545344403e-11,3.303958532527106e-11,0.03060271109841377,12623873421.292044,0,200,221,0,225.26
871,36,21,train,3.303958532527106e-11,3.186461117785379e-11,0.0355626178673182,12623873421.292044,0,200,220,0,224.2
872,36,22,train,3.186461117785379e-11,3.082508102818703e-11,0.03262334330284391,12623873421.292044,0,200,216,0,220.21
873,36,23,train,3.082508102818703e-11,2.9904155842446285e-11,0.029875839901236018,12623873421.292044,0,200,226,0,230.19
874,36,24,train,2.9904155842446285e-11,2.909510869333234e-11,0.02705467271427114,12623873421.292044,0,200,223,0,227.72
875,37,0,train,1.2623018469972542e-09,1.9965085892680733e-10,0.8418358814876695,792203546.5437889,1,200,233,0,236.38
876,37,1,train,1.9965085892680733e-10,1.4701227085497153e-10,0.26365320116721,792203546.5437889,0,200,220,0,224.19
877,37,2,train,1.4701227085497153e-10,1.2392625445184687e-10,0.15703462213640076,792203546.5437889,0,200,216,0,221.23
878,37,3,train,1.2392625445184687e-10,1.1187850841538019e-10,0.09721705936935245,8069315129.576218,1,200,229,0,233.43
879,37,4,train,1.1187850841538019e-10,9.87849802644855e-11,0.11703345295131501,8069315129.576218,0,200,218,0,222.16
880,37,5,train,9.87849802644855e-11,8.831363353693595e-11,0.10600140526944186,8069315129.576218,0,200,216,0,219.9
881,37,6,train,8.831363353693595e-11,8.134945404226119e-11,0.07885735436037844,8069315129.576218,0,200,223,0,228.36
882,37,7,train,8.134945404226119e-11,7.615341465617385e-11,0.06387307016698585,8069315129.576218,0,200,219,0,223.87
883,37,8,train,7.615341465617385e-11,7.203948804471393e-11,0.05402156462758699,8069315129.576218,0,200,210,0,214.46
884,37,9,train,7.203948804471393e-11,6.828737208034294e-11,0.052084156428792196,8069315129.576218,0,200,213,0,217.32
885,37,10,train,6.828737208034294e-11,6.481282763473822e-11,0.050881214780337004,8069315129.576218,0,200,217,0,221.5
886,37,11,train,6.481282763473822e-11,6.191268238400056e-11,0.04474647005191373,8069315129.576218,0,200,220,0,225.02
887,37,12,train,6.191268238400056e-11,5.91384568207503e-11,0.044808679844360655,8069315129.576218,0,200,218,0,222.34
888,37,13,train,5.91384568207503e-11,5.669538255664114e-11,0.04131109256898861,8069315129.576218,0,200,214,0,218.84
889,37,14,train,5.669538255664114e-11,5.453529084845417e-11,0.03809995824666938,8069315129.576218,0,200,220,0,224.72
890,37,15,train,5.453529084845417e-11,5.2406036549234714e-11,0.039043603987303374,8069315129.576218,0,200,220,0,224.7
891,37,16,train,5.2406036549234714e-11,5.0655368177177393e-11,0.03340585335837395,8069315129.576218,0,200,223,0,227.57
892,37,17,train,5.0655368177177393e-11,4.898902626274694e-11,0.03289566287628364,8069315129.576218,0,200,213,0,217.41
893,37,18,train,4.898902626274694e-11,4.745782233898644e-11,0.03125605958256987,8069315129.576218,0,200,215,0,219.64
894,37,19,train,4.745782233898644e-11,4.59242854317575e-11,0.032313680477689045,8069315129.576218,0,200,219,0,223.44
895,37,20,train,4.59242854317575e-11,4.4453837962614575e-11,0.032018951526812056,8069315129.576218,0,200,218,0,222.45
896,37,21,train,4.4453837962614575e-11,4.3098877792192485e-11,0.030480161725554587,8069315129.576218,0,200,216,0,220.39
897,37,22,train,4.3098877792192485e-11,4.1964372688285814e-11,0.026323309608590088,8069315129.576218,0,200,225,0,229.23
898,37,23,train,4.1964372688285814e-11,4.0882121427931965e-11,0.02578976381686637,8069315129.576218,0,200,220,0,224.45
899,37,24,train,4.0882121427931965e-11,3.983232510428646e-11,0.025678616641656316,8069315129.576218,0,200,219,0,224.22
900,38,0,train,1.13228100802895e-09,1.9003885266332196e-10,0.8321628188446458,883172987.0138669,1,200,227,0,230.7
901,38,1,train,1.9003885266332196e-10,1.360614256181604e-10,0.284033639904096,883172987.0138669,0,200,216,0,220.9
902,38,2,train,1.360614256181604e-10,1.1547521087145354e-10,0.15130088967669303,883172987.0138669,0,200,214,0,218.7
903,38,3,train,1.1547521087145354e-10,1.012787249671885e-10,0.1229396837392962,883172987.0138669,0,200,218,0,222.61
904,38,4,train,1.012787249671885e-10,9.355000733468679e-11,0.07631136386250523,9873741995.902617,1,200,226,0,229.75
905,38,5,train,9.355000733468679e-11,8.556222035837941e-11,0.08538520951398831,9873741995.902617,0,200,218,0,222.14
906,38,6,train,8.556222035837941e-11,7.716591050405022e-11,0.09813104217212985,9873741995.902617,0,200,218,0,222.3
907,38,7,train,7.716591050405022e-11,7.143268850648094e-11,0.07429734140528749,9873741995.902617,0,200,215,0,219.55
908,38,8,train,7.143268850648094e-11,6.679815250371725e-11,0.06487976442806297,9873741995.902617,0,200,218,0,222.98
909,38,9,train,6.679815250371725e-11,6.294563167285876e-11,0.05767406262686831,9873741995.902617,0,200,215,0,219.79
910,38,10,train,6.294563167285876e-11,5.94296041677721e-11,0.055858165398357876,9873741995.902617,0,200,218,0,222.39
911,38,11,train,5.94296041677721e-11,5.635267683531139e-11,0.051774319811628396,9873741995.902617,0,200,213,0,217.95
912,38,12,train,5.635267683531139e-11,5.350168702937425e-11,0.050591914458101975,9873741995.902617,0,200,217,0,221.0
913,38,13,train,5.350168702937425e-11,5.097457075445089e-11,0.04723432877052812,9873741995.902617,0,200,218,0,222.1
914,38,14,train,5.097457075445089e-11,4.890795583801097e-11,0.04054207589888276,9873741995.902617,0,200,222,0,226.36
915,38,15,train,4.890795583801097e-11,4.716005904641919e-11,0.035738496153489334,9873741995.902617,0,200,219,0,224.49
916,38,16,train,4.716005904641919e-11,4.5439986004223563e-11,0.03647308924067661,9873741995.902617,0,200,222,0,226.35
917,38,17,train,4.5439986004223563e-11,4.36130682283387e-11,0.040205069070995136,9873741995.902617,0,200,222,0,227.14
918,38,18,train,4.36130682283387e-11,4.18964706546274e-11,0.03935970669900956,9873741995.902617,0,200,225,0,229.92
919,38,19,train,4.18964706546274e-11,4.04215974211164e-11,0.035202803731824606,9873741995.902617,0,200,222,0,227.31
920,38,20,train,4.04215974211164e-11,3.89964092050107e-11,0.035258087434248124,9873741995.902617,0,200,224,0,229.07
921,38,21,train,3.89964092050107e-11,3.767399442050053e-11,0.0339111936578061,9873741995.902617,0,200,221,0,225.71
922,38,22,train,3.767399442050053e-11,3.697104786151573e-11,0.018658668128970386,26543508735.45397,1,200,221,0,180.82
923,38,23,train,3.697104786151573e-11,3.629582503204877e-11,0.018263556715951725,26543508735.45397,0,200,217,0,179.07
924,38,24,train,3.629582503204877e-11,3.571479083162493e-11,0.01600829296236676,26543508735.45397,0,200,216,0,178.59
925,39,0,train,3.888651202419959e-09,1.715941974867736e-10,0.9558730807792717,257158574.5149081,1,200,228,0,186.97
926,39,1,train,1.715941974867736e-10,1.286962034640742e-10,0.2499967635910647,5827702886.498126,1,200,221,0,181.19
927,39,2,train,1.286962034640742e-10,1.0031247056996879e-10,0.22054833110930716,5827702886.498126,0,200,211,0,171.04
928,39,3,train,1.0031247056996879e-10,8.707655037347405e-11,0.13194690671348364,5827702886.498126,0,200,212,0,173.42
929,39,4,train,8.707655037347405e-11,7.764840612217091e-11,0.10827420483316721,5827702886.498126,0,200,214,0,176.34
930,39,5,train,7.764840612217091e-11,7.041466320047405e-11,0.09316022418174813,5827702886.498126,0,200,219,0,180.33
931,39,6,train,7.041466320047405e-11,6.49583094677104e-11,0.07748888491064912,5827702886.498126,0,200,221,0,181.68
932,39,7,train,6.49583094677104e-11,6.080019843640203e-11,0.06401199577669558,5827702886.498126,0,200,213,0,175.01
933,39,8,train,6.080019843640203e-11,5.718057905426774e-11,0.05953301922066044,5827702886.498126,0,200,211,0,173.53
934,39,9,train,5.718057905426774e-11,5.386783272659837e-11,0.057934816024255,5827702886.498126,0,200,214,0,175.61
935,39,10,train,5.386783272659837e-11,5.101764173540108e-11,0.05291081610175764,5827702886.498126,0,200,217,0,178.41
936,39,11,train,5.101764173540108e-11,4.869198536912247e-11,0.04558533650654499,5827702886.498126,0,200,214,0,175.73
937,39,12,train,4.869198536912247e-11,4.6647428146999466e-11,0.04198960479067957,5827702886.498126,0,200,215,0,176.44
938,39,13,train,4.6647428146999466e-11,4.4945375314496935e-11,0.036487602856450585,5827702886.498126,0,200,216,0,176.99
939,39,14,train,4.4945375314496935e-11,4.335921475769404e-11,0.035290851299027544,5827702886.498126,0,200,222,0,182.23
940,39,15,train,4.335921475769404e-11,4.195372473510948e-11,0.032415024820881023,5827702886.498126,0,200,223,0,182.49
941,39,16,train,4.195372473510948e-11,4.055744115291369e-11,0.03328151650447595,5827702886.498126,0,200,218,0,178.48
942,39,17,train,4.055744115291369e-11,3.925590304771377e-11,0.032091228346796626,5827702886.498126,0,200,227,0,185.02
943,39,18,train,3.925590304771377e-11,3.804558294840995e-11,0.030831543929399116,5827702886.498126,0,200,216,0,177.37
944,39,19,train,3.804558294840995e-11,3.702901191426244e-11,0.02671981752851546,5827702886.498126,0,200,217,0,177.74
945,39,20,train,3.702901191426244e-11,3.6066541236512106e-11,0.025992340275750578,5827702886.498126,0,200,217,0,178.46
946,39,21,train,3.6066541236512106e-11,3.523066509830207e-11,0.02317594395117185,5827702886.498126,0,200,216,0,177.1
947,39,22,train,3.523066509830207e-11,3.4475358198385217e-11,0.021438905504888073,5827702886.498126,0,200,214,0,175.43
948,39,23,train,3.4475358198385217e-11,3.36934403543237e-11,0.022680484987626395,5827702886.498126,0,200,219,0,178.98
949,39,24,train,3.36934403543237e-11,3.289038513902388e-11,0.023834170890677967,5827702886.498126,0,200,220,0,180.32
950,40,0,train,7.667966564410999e-10,1.6380956021218732e-10,0.7863715773455905,1304126708.9520926,1,200,231,0,189.1
951,40,1,train,1.6380956021218732e-10,1.1721574628466937e-10,0.2844389171618776,1304126708.9520926,0,200,217,0,177.82
952,40,2,train,1.1721574628466937e-10,9.887123272373919e-11,0.1565021265690603,1304126708.9520926,0,200,217,0,178.39
953,40,3,train,9.887123272373919e-11,8.635468044358437e-11,0.12659447986380334,1304126708.9520926,0,200,222,0,181.8
954,40,4,train,8.635468044358437e-11,7.75784293748457e-11,0.10163028829076846,1304126708.9520926,0,200,219,0,179.74
955,40,5,train,7.75784293748457e-11,7.157809051110192e-11,0.07734545429827117,1304126708.9520926,0,200,219,0,179.67
956,40,6,train,7.157809051110192e-11,6.779666878673578e-11,0.05282931826435965,13970755476.4247,1,200,219,0,178.5
957,40,7,train,6.779666878673578e-11,6.409021448344395e-11,0.05467015370550151,13970755476.4247,0,200,213,0,174.49
958,40,8,train,6.409021448344395e-11,5.995098773610417e-11,0.06458437970135127,13970755476.4247,0,200,214,0,176.0
959,40,9,train,5.995098773610417e-11,5.5804391184620346e-11,0.06916644259034659,13970755476.4247,0,200,216,0,177.77
960,40,10,train,5.5804391184620346e-11,5.276200362573321e-11,0.05451878417276987,13970755476.4247,0,200,216,0,177.17
961,40,11,train,5.276200362573321e-11,5.0443069552101335e-11,0.0439508342041218,13970755476.4247,0,200,216,0,176.6
962,40,12,train,5.0443069552101335e-11,4.8129539161603334e-11,0.04586418731136921,13970755476.4247,0,200,217,0,177.03
963,40,13,train,4.8129539161603334e-11,4.6103354975758896e-11,0.04209855779090614,13970755476.4247,0,200,221,0,180.7
964,40,14,train,4.6103354975758896e-11,4.440864828821364e-11,0.036758858188006685,13970755476.4247,0,200,223,0,182.55
965,40,15,train,4.440864828821364e-11,4.2606590025901543e-11,0.04057899377203916,13970755476.4247,0,200,223,0,181.72
966,40,16,train,4.2606590025901543e-11,4.1035406529003107e-11,0.036876537078965425,13970755476.4247,0,200,219,0,177.25
967,40,17,train,4.1035406529003107e-11,3.9709000563309237e-11,0.03232345132870536,13970755476.4247,0,200,219,0,177.25
968,40,18,train,3.9709000563309237e-11,3.85667210103396e-11,0.028766262982329854,13970755476.4247,0,200,214,0,172.2
969,40,19,train,3.85667210103396e-11,3.731792080422263e-11,0.03238025358137578,13970755476.4247,0,200,216,0,173.22
970,40,20,train,3.731792080422263e-11,3.6248886418295336e-11,0.02864667599075694,13970755476.4247,0,200,218,0,175.04
971,40,21,train,3.6248886418295336e-11,3.520529258679408e-11,0.028789679756190834,13970755476.4247,0,200,222,0,178.11
972,40,22,train,3.520529258679408e-11,3.424216920427957e-11,0.027357346346151043,13970755476.4247,0,200,221,0,177.0
973,40,23,train,3.424216920427957e-11,3.333476839013365e-11,0.02649951318015541,13970755476.4247,0,200,223,0,178.09
974,40,24,train,3.333476839013365e-11,3.247232732668305e-11,0.025872118064748956,13970755476.4247,0,200,216,0,172.64
975,41,0,train,1.4315900259935748e-09,1.3134406176866619e-10,0.9082530198004777,698524006.065189,1,200,219,0,173.45
976,41,1,train,1.3134406176866619e-10,1.0052097111465807e-10,0.23467441343710113,7613591254.405403,1,200,223,0,175.89
977,41,2,train,1.0052097111465807e-10,8.485849571313997e-11,0.15581301322340865,7613591254.405403,0,200,218,0,172.6
978,41,3,train,8.485849571313997e-11,7.571675496043404e-11,0.10772923413124288,7613591254.405403,0,200,215,0,170.35
979,41,4,train,7.571675496043404e-11,6.868837892272127e-11,0.09282458078645164,7613591254.405403,0,200,219,0,173.14
980,41,5,train,6.868837892272127e-11,6.241866139574282e-11,0.09127770410817632,7613591254.405403,0,200,212,0,168.36
981,41,6,train,6.241866139574282e-11,5.781055629274163e-11,0.07382575979617981,7613591254.405403,0,200,217,0,171.87
982,41,7,train,5.781055629274163e-11,5.397951189719253e-11,0.06626894188925325,7613591254.405403,0,200,218,0,172.17
983,41,8,train,5.397951189719253e-11,5.111027934268472e-11,0.053154103356333665,7613591254.405403,0,200,216,0,170.75
984,41,9,train,5.111027934268472e-11,4.8656040111672884e-11,0.048018505525211995,7613591254.405403,0,200,213,0,168.13
985,41,10,train,4.8656040111672884e-11,4.6580387244498026e-11,0.04265971629444,7613591254.405403,0,200,219,0,172.11
986,41,11,train,4.6580387244498026e-11,4.4661835137731514e-11,0.04118798104223847,7613591254.405403,0,200,218,0,171.11
987,41,12,train,4.4661835137731514e-11,4.287988735465541e-11,0.039898669133966384,7613591254.405403,0,200,218,0,171.02
988,41,13,train,4.287988735465541e-11,4.126245739968967e-11,0.037720014084648444,7613591254.405403,0,200,220,0,172.71
989,41,14,train,4.126245739968967e-11,3.98515436276738e-11,0.034193643833400955,7613591254.405403,0,200,216,0,169.04
990,41,15,train,3.98515436276738e-11,3.8530371265627104e-11,0.033152350995238396,7613591254.405403,0,200,220,0,171.94
991,41,16,train,3.8530371265627104e-11,3.7503675539175667e-11,0.026646401078604477,7613591254.405403,0,200,221,0,171.16
992,41,17,train,3.7503675539175667e-11,3.646331070170891e-11,0.027740343379944524,7613591254.405403,0,200,220,0,170.1
993,41,18,train,3.646331070170891e-11,3.544988165845353e-11,0.02779311652597357,7613591254.405403,0,200,220,0,168.49
994,41,19,train,3.544988165845353e-11,3.448967607408065e-11,0.027086284620752972,7613591254.405403,0,200,222,0,169.43
995,41,20,train,3.448967607408065e-11,3.355877276196633e-11,0.026990781534590877,7613591254.405403,0,200,211,0,160.62
996,41,21,train,3.355877276196633e-11,3.2691340369945185e-11,0.025848155955340794,7613591254.405403,0,200,216,0,163.44
997,41,22,train,3.2691340369945185e-11,3.188138904312926e-11,0.02477571484222637,7613591254.405403,0,200,218,0,164.2
998,41,23,train,3.188138904312926e-11,3.0996180153838974e-11,0.02776569390037466,7613591254.405403,0,200,216,0,162.67
999,41,24,train,3.0996180153838974e-11,3.0194191042562757e-11,0.025873804684829485,7613591254.405403,0,200,214,0,161.53
1000,42,0,train,6.409161398828311e-10,2.1222039713210626e-10,0.668879617899928,1560266527.5098467,1,200,223,0,166.78
1001,42,1,train,2.1222039713210626e-10,1.4663180463501042e-10,0.3090588528880531,1560266527.5098467,0,200,214,0,159.64
1002,42,2,train,1.4663180463501042e-10,1.1991789516006644e-10,0.18218359612663224,1560266527.5098467,0,200,210,0,156.33
1003,42,3,train,1.1991789516006644e-10,1.0402122400166479e-10,0.1325629601585549,1560266527.5098467,0,200,215,0,160.44
1004,42,4,train,1.0402122400166479e-10,9.388575290937931e-11,0.0974365682538332,1560266527.5098467,0,200,213,0,158.04
1005,42,5,train,9.388575290937931e-11,8.597270967911582e-11,0.08428374897202284,1560266527.5098467,0,200,216,0,160.89
1006,42,6,train,8.597270967911582e-11,7.90335806246318e-11,0.08071315979667963,1560266527.5098467,0,200,218,0,162.27
1007,42,7,train,7.90335806246318e-11,7.347178285402809e-11,0.07037259006420754,1560266527.5098467,0,200,221,0,164.25
1008,42,8,train,7.347178285402809e-11,6.872679408699181e-11,0.06458246394351841,1560266527.5098467,0,200,216,0,160.24
1009,42,9,train,6.872679408699181e-11,6.483713626394932e-11,0.05659594448882781,1560266527.5098467,0,200,222,0,164.52
1010,42,10,train,6.483713626394932e-11,6.14612913017723e-11,0.05206653403743943,1560266527.5098467,0,200,214,0,157.45
1011,42,11,train,6.14612913017723e-11,5.902734604065868e-11,0.03960127113442936,16270403351.762379,1,200,224,0,164.13
1012,42,12,train,5.902734604065868e-11,5.618146959554067e-11,0.04821284770549795,16270403351.762379,0,200,216,0,178.33
1013,42,13,train,5.618146959554067e-11,5.375429280214301e-11,0.04320244398858365,16270403351.762379,0,200,211,0,175.66
1014,42,14,train,5.375429280214301e-11,5.147328223950574e-11,0.04243401677765791,16270403351.762379,0,200,214,0,176.12
1015,42,15,train,5.147328223950574e-11,4.920056408293884e-11,0.04415335602637339,16270403351.762379,0,200,212,0,176.84
1016,42,16,train,4.920056408293884e-11,4.760542686090362e-11,0.032421116541392625,16270403351.762379,0,200,219,0,180.17
1017,42,17,train,4.760542686090362e-11,4.602431090866064e-11,0.033212935089580835,16270403351.762379,0,200,213,0,177.46
1018,42,18,train,4.602431090866064e-11,4.44188595398776e-11,0.034882681284880174,16270403351.762379,0,200,215,0,178.58
1019,42,19,train,4.44188595398776e-11,4.2827149183080245e-11,0.035834111305095,16270403351.762379,0,200,220,0,180.19
1020,42,20,train,4.2827149183080245e-11,4.14040923995976e-11,0.03322791291568977,16270403351.762379,0,200,218,0,181.87
1021,42,21,train,4.14040923995976e-11,4.023925788210126e-11,0.02813331847138036,16270403351.762379,0,200,217,0,178.32
1022,42,22,train,4.023925788210126e-11,3.907894277947579e-11,0.028835400146422475,16270403351.762379,0,200,214,0,178.7
1023,42,23,train,3.907894277947579e-11,3.795072143966542e-11,0.028870313769156154,16270403351.762379,0,200,215,0,176.98
1024,42,24,train,3.795072143966542e-11,3.6980655876788716e-11,0.025561188986062612,16270403351.762379,0,200,220,0,182.37
1025,43,0,train,8.129531672830959e-10,2.1490996475151185e-10,0.7356428716924189,1230083158.8392944,1,200,226,0,185.08
1026,43,1,train,2.1490996475151185e-10,1.3725967508159457e-10,0.3613154455620515,1230083158.8392944,0,200,215,0,178.68
1027,43,2,train,1.3725967508159457e-10,1.1218693136340267e-10,0.18266649475373817,1230083158.8392944,0,200,219,0,176.65
1028,43,3,train,1.1218693136340267e-10,9.484612026647825e-11,0.15457068738918459,1230083158.8392944,0,200,217,0,177.27
1029,43,4,train,9.484612026647825e-11,8.228163084171262e-11,0.13247236038189675,1230083158.8392944,0,200,217,0,180.78
1030,43,5,train,8.228163084171262e-11,7.469254262533613e-11,0.09223307971345174,1230083158.8392944,0,200,216,0,176.94
1031,43,6,train,7.469254262533613e-11,7.048431991005016e-11,0.056340600645967624,13388217415.7075,1,200,227,0,190.15
1032,43,7,train,7.048431991005016e-11,6.596210240823532e-11,0.06415919891950364,13388217415.7075,0,200,217,0,180.85
1033,43,8,train,6.596210240823532e-11,6.090589786639258e-11,0.07665317443264923,13388217415.7075,0,200,218,0,180.48
1034,43,9,train,6.090589786639258e-11,5.715583806925313e-11,0.06157137368479227,13388217415.7075,0,200,217,0,181.3
1035,43,10,train,5.715583806925313e-11,5.36155413891362e-11,0.06194112097223236,13388217415.7075,0,200,215,0,176.32
1036,43,11,train,5.36155413891362e-11,5.123663055567251e-11,0.044369799722766834,13388217415.7075,0,200,217,0,180.47
1037,43,12,train,5.123663055567251e-11,4.874473246050151e-11,0.048635089156835995,13388217415.7075,0,200,220,0,180.52
1038,43,13,train,4.874473246050151e-11,4.672617734101462e-11,0.04141073337765367,13388217415.7075,0,200,221,0,182.99
1039,43,14,train,4.672617734101462e-11,4.478125834813532e-11,0.041623755752262695,13388217415.7075,0,200,216,0,178.4
1040,43,15,train,4.478125834813532e-11,4.2953565421665167e-11,0.040813791168203224,13388217415.7075,0,200,214,0,177.25
1041,43,16,train,4.2953565421665167e-11,4.133708127950925e-11,0.03763329368091487,13388217415.7075,0,200,212,0,178.41
1042,43,17,train,4.133708127950925e-11,3.994598971569918e-11,0.03365238959189974,13388217415.7075,0,200,219,0,180.65
1043,43,18,train,3.994598971569918e-11,3.8752741591372294e-11,0.029871537363810208,13388217415.7075,0,200,216,0,179.59
1044,43,19,train,3.8752741591372294e-11,3.7508702323359877e-11,0.03210196793636361,13388217415.7075,0,200,219,0,181.33
1045,43,20,train,3.7508702323359877e-11,3.640266372816355e-11,0.02948751960708335,13388217415.7075,0,200,211,0,173.09
1046,43,21,train,3.640266372816355e-11,3.5388886152179335e-11,0.02784899433608997,13388217415.7075,0,200,219,0,181.38
1047,43,22,train,3.5388886152179335e-11,3.436754629198019e-11,0.028860469239048083,13388217415.7075,0,200,221,0,182.06
1048,43,23,train,3.436754629198019e-11,3.340823963953524e-11,0.02791315516955614,13388217415.7075,0,200,226,0,187.93
1049,43,24,train,3.340823963953524e-11,3.248802637436564e-11,0.027544500251986417,13388217415.7075,0,200,217,0,179.42
